{"level":"info","ts":"2026-10-05T08:41:28.679Z","caller":"routed-eni-cni-plugin/cni.go:131","msg":"Constructed new logger instance"}
{"level":"info","ts":"2026-10-05T08:41:28.679Z","caller":"routed-eni-cni-plugin/cni.go:149","msg":"Received CNI add request: ContainerID(bf850d694ea7df996b869ecceba628b3ac9090a56addcfb0c11ffe9ce3f0736c) Netns(/var/run/netns/cni-b21b6482-667c-bd3b-276d-9bb161b621c5) IfName(eth0) Args(K8S_POD_NAMESPACE=default;K8S_POD_NAME=pause-68d5b89fc-n9q4v;K8S_POD_INFRA_CONTAINER_ID=bf850d694ea7df996b869ecceba628b3ac9090a56addcfb0c11ffe9ce3f0736c;K8S_POD_UID=f68fbeb2-acd7-443d-aaf4-9fe8443ea42e;IgnoreUnknown=1) Path(/opt/cni/bin) argsStdinData({\"capabilities\":{\"io.kubernetes.cri.pod-annotations\":true},\"cniVersion\":\"0.4.0\",\"mtu\":\"9001\",\"name\":\"aws-cni\",\"pluginLogFile\":\"/var/log/aws-routed-eni/plugin.log\",\"pluginLogLevel\":\"DEBUG\",\"podSGEnforcingMode\":\"strict\",\"runtimeConfig\":{\"io.kubernetes.cri.pod-annotations\":{\"kubernetes.io/config.seen\":\"2026-10-05T08:41:28.340554105Z\",\"kubernetes.io/config.source\":\"api\"}},\"type\":\"aws-cni\",\"vethPrefix\":\"eni\"})"}
{"level":"debug","ts":"2026-10-05T08:41:28.679Z","caller":"routed-eni-cni-plugin/cni.go:149","msg":"Prev Result: <nil>\n"}
{"level":"debug","ts":"2026-10-05T08:41:28.679Z","caller":"routed-eni-cni-plugin/cni.go:149","msg":"MTU value set is 9001:"}
{"level":"debug","ts":"2026-10-05T08:41:28.679Z","caller":"routed-eni-cni-plugin/cni.go:149","msg":"pod requires multi-nic attachment: false"}
{"level":"debug","ts":"2026-10-05T08:41:28.679Z","caller":"routed-eni-cni-plugin/cni.go:190","msg":"Connected to IPAMD via Unix socket: /var/run/aws-node/ipamd.sock"}
{"level":"error","ts":"2026-10-05T08:41:28.681Z","caller":"routed-eni-cni-plugin/cni.go:149","msg":"Failed to assign an IP address to container bf850d694ea7df996b869ecceba628b3ac9090a56addcfb0c11ffe9ce3f0736c"}
{"level":"info","ts":"2026-10-05T08:41:28.705Z","caller":"routed-eni-cni-plugin/cni.go:131","msg":"Constructed new logger instance"}
{"level":"debug","ts":"2026-10-05T08:41:28.705Z","caller":"routed-eni-cni-plugin/cni.go:370","msg":"Prev Result: <nil>\n"}
{"level":"info","ts":"2026-10-05T08:41:28.705Z","caller":"routed-eni-cni-plugin/cni.go:370","msg":"Received CNI del request: ContainerID(bf850d694ea7df996b869ecceba628b3ac9090a56addcfb0c11ffe9ce3f0736c) Netns(/var/run/netns/cni-b21b6482-667c-bd3b-276d-9bb161b621c5) IfName(eth0) Args(K8S_POD_UID=f68fbeb2-acd7-443d-aaf4-9fe8443ea42e;IgnoreUnknown=1;K8S_POD_NAMESPACE=default;K8S_POD_NAME=pause-68d5b89fc-n9q4v;K8S_POD_INFRA_CONTAINER_ID=bf850d694ea7df996b869ecceba628b3ac9090a56addcfb0c11ffe9ce3f0736c) Path(/opt/cni/bin) argsStdinData({\"capabilities\":{\"io.kubernetes.cri.pod-annotations\":true},\"cniVersion\":\"0.4.0\",\"mtu\":\"9001\",\"name\":\"aws-cni\",\"pluginLogFile\":\"/var/log/aws-routed-eni/plugin.log\",\"pluginLogLevel\":\"DEBUG\",\"podSGEnforcingMode\":\"strict\",\"runtimeConfig\":{\"io.kubernetes.cri.pod-annotations\":{\"kubernetes.io/config.seen\":\"2026-10-05T08:41:28.340554105Z\",\"kubernetes.io/config.source\":\"api\"}},\"type\":\"aws-cni\",\"vethPrefix\":\"eni\"})"}
{"level":"debug","ts":"2026-10-05T08:41:28.705Z","caller":"routed-eni-cni-plugin/cni.go:407","msg":"Connected to IPAMD via Unix socket: /var/run/aws-node/ipamd.sock"}
{"level":"info","ts":"2026-10-05T08:41:28.707Z","caller":"routed-eni-cni-plugin/cni.go:370","msg":"Container bf850d694ea7df996b869ecceba628b3ac9090a56addcfb0c11ffe9ce3f0736c not found"}
{"level":"info","ts":"2026-10-05T08:41:28.754Z","caller":"routed-eni-cni-plugin/cni.go:131","msg":"Constructed new logger instance"}
{"level":"info","ts":"2026-10-05T08:41:28.754Z","caller":"routed-eni-cni-plugin/cni.go:149","msg":"Received CNI add request: ContainerID(206424a9a4469a89001d836c67d8ff594bac86a80382810e17e44f8d8d1f0dd0) Netns(/var/run/netns/cni-bf87a60a-be80-3743-28d3-8d1c2a2295fa) IfName(eth0) Args(K8S_POD_INFRA_CONTAINER_ID=206424a9a4469a89001d836c67d8ff594bac86a80382810e17e44f8d8d1f0dd0;K8S_POD_UID=e903ba0e-e96e-48c7-90d6-ad1a2a6941a3;IgnoreUnknown=1;K8S_POD_NAMESPACE=default;K8S_POD_NAME=pause-68d5b89fc-88226) Path(/opt/cni/bin) argsStdinData({\"capabilities\":{\"io.kubernetes.cri.pod-annotations\":true},\"cniVersion\":\"0.4.0\",\"mtu\":\"9001\",\"name\":\"aws-cni\",\"pluginLogFile\":\"/var/log/aws-routed-eni/plugin.log\",\"pluginLogLevel\":\"DEBUG\",\"podSGEnforcingMode\":\"strict\",\"runtimeConfig\":{\"io.kubernetes.cri.pod-annotations\":{\"kubernetes.io/config.seen\":\"2026-10-05T08:41:28.410235585Z\",\"kubernetes.io/config.source\":\"api\"}},\"type\":\"aws-cni\",\"vethPrefix\":\"eni\"})"}
{"level":"debug","ts":"2026-10-05T08:41:28.754Z","caller":"routed-eni-cni-plugin/cni.go:149","msg":"Prev Result: <nil>\n"}
{"level":"debug","ts":"2026-10-05T08:41:28.755Z","caller":"routed-eni-cni-plugin/cni.go:149","msg":"MTU value set is 9001:"}
{"level":"debug","ts":"2026-10-05T08:41:28.755Z","caller":"routed-eni-cni-plugin/cni.go:149","msg":"pod requires multi-nic attachment: false"}
{"level":"debug","ts":"2026-10-05T08:41:28.755Z","caller":"routed-eni-cni-plugin/cni.go:190","msg":"Connected to IPAMD via Unix socket: /var/run/aws-node/ipamd.sock"}
{"level":"error","ts":"2026-10-05T08:41:28.756Z","caller":"routed-eni-cni-plugin/cni.go:149","msg":"Failed to assign an IP address to container 206424a9a4469a89001d836c67d8ff594bac86a80382810e17e44f8d8d1f0dd0"}
{"level":"info","ts":"2026-10-05T08:41:28.782Z","caller":"routed-eni-cni-plugin/cni.go:131","msg":"Constructed new logger instance"}
{"level":"debug","ts":"2026-10-05T08:41:28.782Z","caller":"routed-eni-cni-plugin/cni.go:370","msg":"Prev Result: <nil>\n"}
{"level":"info","ts":"2026-10-05T08:41:28.782Z","caller":"routed-eni-cni-plugin/cni.go:370","msg":"Received CNI del request: ContainerID(206424a9a4469a89001d836c67d8ff594bac86a80382810e17e44f8d8d1f0dd0) Netns(/var/run/netns/cni-bf87a60a-be80-3743-28d3-8d1c2a2295fa) IfName(eth0) Args(K8S_POD_UID=e903ba0e-e96e-48c7-90d6-ad1a2a6941a3;IgnoreUnknown=1;K8S_POD_NAMESPACE=default;K8S_POD_NAME=pause-68d5b89fc-88226;K8S_POD_INFRA_CONTAINER_ID=206424a9a4469a89001d836c67d8ff594bac86a80382810e17e44f8d8d1f0dd0) Path(/opt/cni/bin) argsStdinData({\"capabilities\":{\"io.kubernetes.cri.pod-annotations\":true},\"cniVersion\":\"0.4.0\",\"mtu\":\"9001\",\"name\":\"aws-cni\",\"pluginLogFile\":\"/var/log/aws-routed-eni/plugin.log\",\"pluginLogLevel\":\"DEBUG\",\"podSGEnforcingMode\":\"strict\",\"runtimeConfig\":{\"io.kubernetes.cri.pod-annotations\":{\"kubernetes.io/config.seen\":\"2026-10-05T08:41:28.410235585Z\",\"kubernetes.io/config.source\":\"api\"}},\"type\":\"aws-cni\",\"vethPrefix\":\"eni\"})"}
{"level":"debug","ts":"2026-10-05T08:41:28.782Z","caller":"routed-eni-cni-plugin/cni.go:407","msg":"Connected to IPAMD via Unix socket: /var/run/aws-node/ipamd.sock"}
{"level":"info","ts":"2026-10-05T08:41:28.783Z","caller":"routed-eni-cni-plugin/cni.go:370","msg":"Container 206424a9a4469a89001d836c67d8ff594bac86a80382810e17e44f8d8d1f0dd0 not found"}
{"level":"info","ts":"2026-10-05T08:41:29.104Z","caller":"routed-eni-cni-plugin/cni.go:131","msg":"Constructed new logger instance"}
{"level":"info","ts":"2026-10-05T08:41:29.104Z","caller":"routed-eni-cni-plugin/cni.go:149","msg":"Received CNI add request: ContainerID(a56036aae188adaff19e0c4a9af2ff3c3f8bcfeb4c10e1c21ccc353abeb71ff5) Netns(/var/run/netns/cni-e36a3963-70d7-d462-fe1a-a71c20c744e2) IfName(eth0) Args(K8S_POD_INFRA_CONTAINER_ID=a56036aae188adaff19e0c4a9af2ff3c3f8bcfeb4c10e1c21ccc353abeb71ff5;K8S_POD_UID=8da26452-5df7-4b5d-bf8b-b8df9d619b63;IgnoreUnknown=1;K8S_POD_NAMESPACE=default;K8S_POD_NAME=pause-68d5b89fc-5gpj2) Path(/opt/cni/bin) argsStdinData({\"capabilities\":{\"io.kubernetes.cri.pod-annotations\":true},\"cniVersion\":\"0.4.0\",\"mtu\":\"9001\",\"name\":\"aws-cni\",\"pluginLogFile\":\"/var/log/aws-routed-eni/plugin.log\",\"pluginLogLevel\":\"DEBUG\",\"podSGEnforcingMode\":\"strict\",\"runtimeConfig\":{\"io.kubernetes.cri.pod-annotations\":{\"kubernetes.io/config.seen\":\"2026-10-05T08:41:28.467978233Z\",\"kubernetes.io/config.source\":\"api\"}},\"type\":\"aws-cni\",\"vethPrefix\":\"eni\"})"}
{"level":"debug","ts":"2026-10-05T08:41:29.104Z","caller":"routed-eni-cni-plugin/cni.go:149","msg":"Prev Result: <nil>\n"}
{"level":"debug","ts":"2026-10-05T08:41:29.104Z","caller":"routed-eni-cni-plugin/cni.go:149","msg":"MTU value set is 9001:"}
{"level":"debug","ts":"2026-10-05T08:41:29.104Z","caller":"routed-eni-cni-plugin/cni.go:149","msg":"pod requires multi-nic attachment: false"}
{"level":"debug","ts":"2026-10-05T08:41:29.105Z","caller":"routed-eni-cni-plugin/cni.go:190","msg":"Connected to IPAMD via Unix socket: /var/run/aws-node/ipamd.sock"}
{"level":"error","ts":"2026-10-05T08:41:29.106Z","caller":"routed-eni-cni-plugin/cni.go:149","msg":"Failed to assign an IP address to container a56036aae188adaff19e0c4a9af2ff3c3f8bcfeb4c10e1c21ccc353abeb71ff5"}
{"level":"info","ts":"2026-10-05T08:41:29.132Z","caller":"routed-eni-cni-plugin/cni.go:131","msg":"Constructed new logger instance"}
{"level":"debug","ts":"2026-10-05T08:41:29.132Z","caller":"routed-eni-cni-plugin/cni.go:370","msg":"Prev Result: <nil>\n"}
{"level":"info","ts":"2026-10-05T08:41:29.132Z","caller":"routed-eni-cni-plugin/cni.go:370","msg":"Received CNI del request: ContainerID(a56036aae188adaff19e0c4a9af2ff3c3f8bcfeb4c10e1c21ccc353abeb71ff5) Netns(/var/run/netns/cni-e36a3963-70d7-d462-fe1a-a71c20c744e2) IfName(eth0) Args(K8S_POD_NAMESPACE=default;K8S_POD_NAME=pause-68d5b89fc-5gpj2;K8S_POD_INFRA_CONTAINER_ID=a56036aae188adaff19e0c4a9af2ff3c3f8bcfeb4c10e1c21ccc353abeb71ff5;K8S_POD_UID=8da26452-5df7-4b5d-bf8b-b8df9d619b63;IgnoreUnknown=1) Path(/opt/cni/bin) argsStdinData({\"capabilities\":{\"io.kubernetes.cri.pod-annotations\":true},\"cniVersion\":\"0.4.0\",\"mtu\":\"9001\",\"name\":\"aws-cni\",\"pluginLogFile\":\"/var/log/aws-routed-eni/plugin.log\",\"pluginLogLevel\":\"DEBUG\",\"podSGEnforcingMode\":\"strict\",\"runtimeConfig\":{\"io.kubernetes.cri.pod-annotations\":{\"kubernetes.io/config.seen\":\"2026-10-05T08:41:28.467978233Z\",\"kubernetes.io/config.source\":\"api\"}},\"type\":\"aws-cni\",\"vethPrefix\":\"eni\"})"}
{"level":"debug","ts":"2026-10-05T08:41:29.133Z","caller":"routed-eni-cni-plugin/cni.go:407","msg":"Connected to IPAMD via Unix socket: /var/run/aws-node/ipamd.sock"}
{"level":"info","ts":"2026-10-05T08:41:29.134Z","caller":"routed-eni-cni-plugin/cni.go:370","msg":"Container a56036aae188adaff19e0c4a9af2ff3c3f8bcfeb4c10e1c21ccc353abeb71ff5 not found"}
{"level":"info","ts":"2026-10-05T08:41:39.785Z","caller":"routed-eni-cni-plugin/cni.go:131","msg":"Constructed new logger instance"}
{"level":"info","ts":"2026-10-05T08:41:39.785Z","caller":"routed-eni-cni-plugin/cni.go:149","msg":"Received CNI add request: ContainerID(9a4f909a0021ce6649e23ad8d9136712f888fcb8938aa4ff5906199539b1583f) Netns(/var/run/netns/cni-92576c04-bdef-71eb-2945-e9accd2f98e0) IfName(eth0) Args(K8S_POD_NAMESPACE=default;K8S_POD_NAME=pause-68d5b89fc-5gpj2;K8S_POD_INFRA_CONTAINER_ID=9a4f909a0021ce6649e23ad8d9136712f888fcb8938aa4ff5906199539b1583f;K8S_POD_UID=8da26452-5df7-4b5d-bf8b-b8df9d619b63;IgnoreUnknown=1) Path(/opt/cni/bin) argsStdinData({\"capabilities\":{\"io.kubernetes.cri.pod-annotations\":true},\"cniVersion\":\"0.4.0\",\"mtu\":\"9001\",\"name\":\"aws-cni\",\"pluginLogFile\":\"/var/log/aws-routed-eni/plugin.log\",\"pluginLogLevel\":\"DEBUG\",\"podSGEnforcingMode\":\"strict\",\"runtimeConfig\":{\"io.kubernetes.cri.pod-annotations\":{\"kubernetes.io/config.seen\":\"2026-10-05T08:41:28.467978233Z\",\"kubernetes.io/config.source\":\"api\"}},\"type\":\"aws-cni\",\"vethPrefix\":\"eni\"})"}
{"level":"debug","ts":"2026-10-05T08:41:39.785Z","caller":"routed-eni-cni-plugin/cni.go:149","msg":"Prev Result: <nil>\n"}
{"level":"debug","ts":"2026-10-05T08:41:39.785Z","caller":"routed-eni-cni-plugin/cni.go:149","msg":"MTU value set is 9001:"}
{"level":"debug","ts":"2026-10-05T08:41:39.785Z","caller":"routed-eni-cni-plugin/cni.go:149","msg":"pod requires multi-nic attachment: false"}
{"level":"debug","ts":"2026-10-05T08:41:39.786Z","caller":"routed-eni-cni-plugin/cni.go:190","msg":"Connected to IPAMD via Unix socket: /var/run/aws-node/ipamd.sock"}
{"level":"error","ts":"2026-10-05T08:41:39.787Z","caller":"routed-eni-cni-plugin/cni.go:149","msg":"Failed to assign an IP address to container 9a4f909a0021ce6649e23ad8d9136712f888fcb8938aa4ff5906199539b1583f"}
{"level":"info","ts":"2026-10-05T08:41:39.789Z","caller":"routed-eni-cni-plugin/cni.go:131","msg":"Constructed new logger instance"}
{"level":"info","ts":"2026-10-05T08:41:39.789Z","caller":"routed-eni-cni-plugin/cni.go:149","msg":"Received CNI add request: ContainerID(0fe845c8f8b8418f0fe9df29c43f8b096c96d3d5766d1fdf3b464efc2944d222) Netns(/var/run/netns/cni-25ee5f75-db33-dfa7-b986-cc95d567e058) IfName(eth0) Args(K8S_POD_NAME=pause-68d5b89fc-88226;K8S_POD_INFRA_CONTAINER_ID=0fe845c8f8b8418f0fe9df29c43f8b096c96d3d5766d1fdf3b464efc2944d222;K8S_POD_UID=e903ba0e-e96e-48c7-90d6-ad1a2a6941a3;IgnoreUnknown=1;K8S_POD_NAMESPACE=default) Path(/opt/cni/bin) argsStdinData({\"capabilities\":{\"io.kubernetes.cri.pod-annotations\":true},\"cniVersion\":\"0.4.0\",\"mtu\":\"9001\",\"name\":\"aws-cni\",\"pluginLogFile\":\"/var/log/aws-routed-eni/plugin.log\",\"pluginLogLevel\":\"DEBUG\",\"podSGEnforcingMode\":\"strict\",\"runtimeConfig\":{\"io.kubernetes.cri.pod-annotations\":{\"kubernetes.io/config.seen\":\"2026-10-05T08:41:28.410235585Z\",\"kubernetes.io/config.source\":\"api\"}},\"type\":\"aws-cni\",\"vethPrefix\":\"eni\"})"}
{"level":"debug","ts":"2026-10-05T08:41:39.789Z","caller":"routed-eni-cni-plugin/cni.go:149","msg":"Prev Result: <nil>\n"}
{"level":"debug","ts":"2026-10-05T08:41:39.789Z","caller":"routed-eni-cni-plugin/cni.go:149","msg":"MTU value set is 9001:"}
{"level":"debug","ts":"2026-10-05T08:41:39.789Z","caller":"routed-eni-cni-plugin/cni.go:149","msg":"pod requires multi-nic attachment: false"}
{"level":"debug","ts":"2026-10-05T08:41:39.791Z","caller":"routed-eni-cni-plugin/cni.go:190","msg":"Connected to IPAMD via Unix socket: /var/run/aws-node/ipamd.sock"}
{"level":"error","ts":"2026-10-05T08:41:39.793Z","caller":"routed-eni-cni-plugin/cni.go:149","msg":"Failed to assign an IP address to container 0fe845c8f8b8418f0fe9df29c43f8b096c96d3d5766d1fdf3b464efc2944d222"}
{"level":"info","ts":"2026-10-05T08:41:39.826Z","caller":"routed-eni-cni-plugin/cni.go:131","msg":"Constructed new logger instance"}
{"level":"debug","ts":"2026-10-05T08:41:39.826Z","caller":"routed-eni-cni-plugin/cni.go:370","msg":"Prev Result: <nil>\n"}
{"level":"info","ts":"2026-10-05T08:41:39.826Z","caller":"routed-eni-cni-plugin/cni.go:370","msg":"Received CNI del request: ContainerID(9a4f909a0021ce6649e23ad8d9136712f888fcb8938aa4ff5906199539b1583f) Netns(/var/run/netns/cni-92576c04-bdef-71eb-2945-e9accd2f98e0) IfName(eth0) Args(K8S_POD_INFRA_CONTAINER_ID=9a4f909a0021ce6649e23ad8d9136712f888fcb8938aa4ff5906199539b1583f;K8S_POD_UID=8da26452-5df7-4b5d-bf8b-b8df9d619b63;IgnoreUnknown=1;K8S_POD_NAMESPACE=default;K8S_POD_NAME=pause-68d5b89fc-5gpj2) Path(/opt/cni/bin) argsStdinData({\"capabilities\":{\"io.kubernetes.cri.pod-annotations\":true},\"cniVersion\":\"0.4.0\",\"mtu\":\"9001\",\"name\":\"aws-cni\",\"pluginLogFile\":\"/var/log/aws-routed-eni/plugin.log\",\"pluginLogLevel\":\"DEBUG\",\"podSGEnforcingMode\":\"strict\",\"runtimeConfig\":{\"io.kubernetes.cri.pod-annotations\":{\"kubernetes.io/config.seen\":\"2026-10-05T08:41:28.467978233Z\",\"kubernetes.io/config.source\":\"api\"}},\"type\":\"aws-cni\",\"vethPrefix\":\"eni\"})"}
{"level":"debug","ts":"2026-10-05T08:41:39.828Z","caller":"routed-eni-cni-plugin/cni.go:407","msg":"Connected to IPAMD via Unix socket: /var/run/aws-node/ipamd.sock"}
{"level":"info","ts":"2026-10-05T08:41:39.828Z","caller":"routed-eni-cni-plugin/cni.go:131","msg":"Constructed new logger instance"}
{"level":"debug","ts":"2026-10-05T08:41:39.828Z","caller":"routed-eni-cni-plugin/cni.go:370","msg":"Prev Result: <nil>\n"}
{"level":"info","ts":"2026-10-05T08:41:39.828Z","caller":"routed-eni-cni-plugin/cni.go:370","msg":"Received CNI del request: ContainerID(0fe845c8f8b8418f0fe9df29c43f8b096c96d3d5766d1fdf3b464efc2944d222) Netns(/var/run/netns/cni-25ee5f75-db33-dfa7-b986-cc95d567e058) IfName(eth0) Args(K8S_POD_NAMESPACE=default;K8S_POD_NAME=pause-68d5b89fc-88226;K8S_POD_INFRA_CONTAINER_ID=0fe845c8f8b8418f0fe9df29c43f8b096c96d3d5766d1fdf3b464efc2944d222;K8S_POD_UID=e903ba0e-e96e-48c7-90d6-ad1a2a6941a3;IgnoreUnknown=1) Path(/opt/cni/bin) argsStdinData({\"capabilities\":{\"io.kubernetes.cri.pod-annotations\":true},\"cniVersion\":\"0.4.0\",\"mtu\":\"9001\",\"name\":\"aws-cni\",\"pluginLogFile\":\"/var/log/aws-routed-eni/plugin.log\",\"pluginLogLevel\":\"DEBUG\",\"podSGEnforcingMode\":\"strict\",\"runtimeConfig\":{\"io.kubernetes.cri.pod-annotations\":{\"kubernetes.io/config.seen\":\"2026-10-05T08:41:28.410235585Z\",\"kubernetes.io/config.source\":\"api\"}},\"type\":\"aws-cni\",\"vethPrefix\":\"eni\"})"}
{"level":"info","ts":"2026-10-05T08:41:39.829Z","caller":"routed-eni-cni-plugin/cni.go:370","msg":"Container 9a4f909a0021ce6649e23ad8d9136712f888fcb8938aa4ff5906199539b1583f not found"}
{"level":"debug","ts":"2026-10-05T08:41:39.829Z","caller":"routed-eni-cni-plugin/cni.go:407","msg":"Connected to IPAMD via Unix socket: /var/run/aws-node/ipamd.sock"}
{"level":"info","ts":"2026-10-05T08:41:39.831Z","caller":"routed-eni-cni-plugin/cni.go:370","msg":"Container 0fe845c8f8b8418f0fe9df29c43f8b096c96d3d5766d1fdf3b464efc2944d222 not found"}
{"level":"info","ts":"2026-10-05T08:41:40.776Z","caller":"routed-eni-cni-plugin/cni.go:131","msg":"Constructed new logger instance"}
{"level":"info","ts":"2026-10-05T08:41:40.776Z","caller":"routed-eni-cni-plugin/cni.go:149","msg":"Received CNI add request: ContainerID(a20685c57fcda69245e235c22a63f7500564a087997cbf028ec42d0c30153b93) Netns(/var/run/netns/cni-d64782e6-83aa-9232-01d6-d23f298ef933) IfName(eth0) Args(K8S_POD_NAMESPACE=default;K8S_POD_NAME=pause-68d5b89fc-n9q4v;K8S_POD_INFRA_CONTAINER_ID=a20685c57fcda69245e235c22a63f7500564a087997cbf028ec42d0c30153b93;K8S_POD_UID=f68fbeb2-acd7-443d-aaf4-9fe8443ea42e;IgnoreUnknown=1) Path(/opt/cni/bin) argsStdinData({\"capabilities\":{\"io.kubernetes.cri.pod-annotations\":true},\"cniVersion\":\"0.4.0\",\"mtu\":\"9001\",\"name\":\"aws-cni\",\"pluginLogFile\":\"/var/log/aws-routed-eni/plugin.log\",\"pluginLogLevel\":\"DEBUG\",\"podSGEnforcingMode\":\"strict\",\"runtimeConfig\":{\"io.kubernetes.cri.pod-annotations\":{\"kubernetes.io/config.seen\":\"2026-10-05T08:41:28.340554105Z\",\"kubernetes.io/config.source\":\"api\"}},\"type\":\"aws-cni\",\"vethPrefix\":\"eni\"})"}
{"level":"debug","ts":"2026-10-05T08:41:40.776Z","caller":"routed-eni-cni-plugin/cni.go:149","msg":"Prev Result: <nil>\n"}
{"level":"debug","ts":"2026-10-05T08:41:40.776Z","caller":"routed-eni-cni-plugin/cni.go:149","msg":"MTU value set is 9001:"}
{"level":"debug","ts":"2026-10-05T08:41:40.776Z","caller":"routed-eni-cni-plugin/cni.go:149","msg":"pod requires multi-nic attachment: false"}
{"level":"debug","ts":"2026-10-05T08:41:40.776Z","caller":"routed-eni-cni-plugin/cni.go:190","msg":"Connected to IPAMD via Unix socket: /var/run/aws-node/ipamd.sock"}
{"level":"error","ts":"2026-10-05T08:41:40.777Z","caller":"routed-eni-cni-plugin/cni.go:149","msg":"Failed to assign an IP address to container a20685c57fcda69245e235c22a63f7500564a087997cbf028ec42d0c30153b93"}
{"level":"info","ts":"2026-10-05T08:41:40.801Z","caller":"routed-eni-cni-plugin/cni.go:131","msg":"Constructed new logger instance"}
{"level":"debug","ts":"2026-10-05T08:41:40.802Z","caller":"routed-eni-cni-plugin/cni.go:370","msg":"Prev Result: <nil>\n"}
{"level":"info","ts":"2026-10-05T08:41:40.802Z","caller":"routed-eni-cni-plugin/cni.go:370","msg":"Received CNI del request: ContainerID(a20685c57fcda69245e235c22a63f7500564a087997cbf028ec42d0c30153b93) Netns(/var/run/netns/cni-d64782e6-83aa-9232-01d6-d23f298ef933) IfName(eth0) Args(IgnoreUnknown=1;K8S_POD_NAMESPACE=default;K8S_POD_NAME=pause-68d5b89fc-n9q4v;K8S_POD_INFRA_CONTAINER_ID=a20685c57fcda69245e235c22a63f7500564a087997cbf028ec42d0c30153b93;K8S_POD_UID=f68fbeb2-acd7-443d-aaf4-9fe8443ea42e) Path(/opt/cni/bin) argsStdinData({\"capabilities\":{\"io.kubernetes.cri.pod-annotations\":true},\"cniVersion\":\"0.4.0\",\"mtu\":\"9001\",\"name\":\"aws-cni\",\"pluginLogFile\":\"/var/log/aws-routed-eni/plugin.log\",\"pluginLogLevel\":\"DEBUG\",\"podSGEnforcingMode\":\"strict\",\"runtimeConfig\":{\"io.kubernetes.cri.pod-annotations\":{\"kubernetes.io/config.seen\":\"2026-10-05T08:41:28.340554105Z\",\"kubernetes.io/config.source\":\"api\"}},\"type\":\"aws-cni\",\"vethPrefix\":\"eni\"})"}
{"level":"debug","ts":"2026-10-05T08:41:40.802Z","caller":"routed-eni-cni-plugin/cni.go:407","msg":"Connected to IPAMD via Unix socket: /var/run/aws-node/ipamd.sock"}
{"level":"info","ts":"2026-10-05T08:41:40.803Z","caller":"routed-eni-cni-plugin/cni.go:370","msg":"Container a20685c57fcda69245e235c22a63f7500564a087997cbf028ec42d0c30153b93 not found"}
{"level":"info","ts":"2026-10-05T08:41:50.773Z","caller":"routed-eni-cni-plugin/cni.go:131","msg":"Constructed new logger instance"}
{"level":"info","ts":"2026-10-05T08:41:50.773Z","caller":"routed-eni-cni-plugin/cni.go:149","msg":"Received CNI add request: ContainerID(f9d783fa0d6529cd9b2044d96fbb972519b8df36e9b8e7e76f86c0f59a742bf5) Netns(/var/run/netns/cni-1a12e726-f9e7-2b68-b1e6-9f6ebe7a1865) IfName(eth0) Args(K8S_POD_NAMESPACE=default;K8S_POD_NAME=pause-68d5b89fc-88226;K8S_POD_INFRA_CONTAINER_ID=f9d783fa0d6529cd9b2044d96fbb972519b8df36e9b8e7e76f86c0f59a742bf5;K8S_POD_UID=e903ba0e-e96e-48c7-90d6-ad1a2a6941a3;IgnoreUnknown=1) Path(/opt/cni/bin) argsStdinData({\"capabilities\":{\"io.kubernetes.cri.pod-annotations\":true},\"cniVersion\":\"0.4.0\",\"mtu\":\"9001\",\"name\":\"aws-cni\",\"pluginLogFile\":\"/var/log/aws-routed-eni/plugin.log\",\"pluginLogLevel\":\"DEBUG\",\"podSGEnforcingMode\":\"strict\",\"runtimeConfig\":{\"io.kubernetes.cri.pod-annotations\":{\"kubernetes.io/config.seen\":\"2026-10-05T08:41:28.410235585Z\",\"kubernetes.io/config.source\":\"api\"}},\"type\":\"aws-cni\",\"vethPrefix\":\"eni\"})"}
{"level":"debug","ts":"2026-10-05T08:41:50.773Z","caller":"routed-eni-cni-plugin/cni.go:149","msg":"Prev Result: <nil>\n"}
{"level":"debug","ts":"2026-10-05T08:41:50.773Z","caller":"routed-eni-cni-plugin/cni.go:149","msg":"MTU value set is 9001:"}
{"level":"debug","ts":"2026-10-05T08:41:50.773Z","caller":"routed-eni-cni-plugin/cni.go:149","msg":"pod requires multi-nic attachment: false"}
{"level":"debug","ts":"2026-10-05T08:41:50.774Z","caller":"routed-eni-cni-plugin/cni.go:190","msg":"Connected to IPAMD via Unix socket: /var/run/aws-node/ipamd.sock"}
{"level":"error","ts":"2026-10-05T08:41:50.775Z","caller":"routed-eni-cni-plugin/cni.go:149","msg":"Failed to assign an IP address to container f9d783fa0d6529cd9b2044d96fbb972519b8df36e9b8e7e76f86c0f59a742bf5"}
{"level":"info","ts":"2026-10-05T08:41:50.797Z","caller":"routed-eni-cni-plugin/cni.go:131","msg":"Constructed new logger instance"}
{"level":"debug","ts":"2026-10-05T08:41:50.797Z","caller":"routed-eni-cni-plugin/cni.go:370","msg":"Prev Result: <nil>\n"}
{"level":"info","ts":"2026-10-05T08:41:50.797Z","caller":"routed-eni-cni-plugin/cni.go:370","msg":"Received CNI del request: ContainerID(f9d783fa0d6529cd9b2044d96fbb972519b8df36e9b8e7e76f86c0f59a742bf5) Netns(/var/run/netns/cni-1a12e726-f9e7-2b68-b1e6-9f6ebe7a1865) IfName(eth0) Args(K8S_POD_NAME=pause-68d5b89fc-88226;K8S_POD_INFRA_CONTAINER_ID=f9d783fa0d6529cd9b2044d96fbb972519b8df36e9b8e7e76f86c0f59a742bf5;K8S_POD_UID=e903ba0e-e96e-48c7-90d6-ad1a2a6941a3;IgnoreUnknown=1;K8S_POD_NAMESPACE=default) Path(/opt/cni/bin) argsStdinData({\"capabilities\":{\"io.kubernetes.cri.pod-annotations\":true},\"cniVersion\":\"0.4.0\",\"mtu\":\"9001\",\"name\":\"aws-cni\",\"pluginLogFile\":\"/var/log/aws-routed-eni/plugin.log\",\"pluginLogLevel\":\"DEBUG\",\"podSGEnforcingMode\":\"strict\",\"runtimeConfig\":{\"io.kubernetes.cri.pod-annotations\":{\"kubernetes.io/config.seen\":\"2026-10-05T08:41:28.410235585Z\",\"kubernetes.io/config.source\":\"api\"}},\"type\":\"aws-cni\",\"vethPrefix\":\"eni\"})"}
{"level":"debug","ts":"2026-10-05T08:41:50.798Z","caller":"routed-eni-cni-plugin/cni.go:407","msg":"Connected to IPAMD via Unix socket: /var/run/aws-node/ipamd.sock"}
{"level":"info","ts":"2026-10-05T08:41:50.799Z","caller":"routed-eni-cni-plugin/cni.go:370","msg":"Container f9d783fa0d6529cd9b2044d96fbb972519b8df36e9b8e7e76f86c0f59a742bf5 not found"}
{"level":"info","ts":"2026-10-05T08:41:52.773Z","caller":"routed-eni-cni-plugin/cni.go:131","msg":"Constructed new logger instance"}
{"level":"info","ts":"2026-10-05T08:41:52.774Z","caller":"routed-eni-cni-plugin/cni.go:149","msg":"Received CNI add request: ContainerID(888a370441aacc750f69687245663b24bb3b5261d22546772611a24ee2ca82bb) Netns(/var/run/netns/cni-5baf3205-8306-17d0-ff4e-5be0255fa1ea) IfName(eth0) Args(IgnoreUnknown=1;K8S_POD_NAMESPACE=default;K8S_POD_NAME=pause-68d5b89fc-n9q4v;K8S_POD_INFRA_CONTAINER_ID=888a370441aacc750f69687245663b24bb3b5261d22546772611a24ee2ca82bb;K8S_POD_UID=f68fbeb2-acd7-443d-aaf4-9fe8443ea42e) Path(/opt/cni/bin) argsStdinData({\"capabilities\":{\"io.kubernetes.cri.pod-annotations\":true},\"cniVersion\":\"0.4.0\",\"mtu\":\"9001\",\"name\":\"aws-cni\",\"pluginLogFile\":\"/var/log/aws-routed-eni/plugin.log\",\"pluginLogLevel\":\"DEBUG\",\"podSGEnforcingMode\":\"strict\",\"runtimeConfig\":{\"io.kubernetes.cri.pod-annotations\":{\"kubernetes.io/config.seen\":\"2026-10-05T08:41:28.340554105Z\",\"kubernetes.io/config.source\":\"api\"}},\"type\":\"aws-cni\",\"vethPrefix\":\"eni\"})"}
{"level":"debug","ts":"2026-10-05T08:41:52.774Z","caller":"routed-eni-cni-plugin/cni.go:149","msg":"Prev Result: <nil>\n"}
{"level":"debug","ts":"2026-10-05T08:41:52.774Z","caller":"routed-eni-cni-plugin/cni.go:149","msg":"MTU value set is 9001:"}
{"level":"debug","ts":"2026-10-05T08:41:52.774Z","caller":"routed-eni-cni-plugin/cni.go:149","msg":"pod requires multi-nic attachment: false"}
{"level":"debug","ts":"2026-10-05T08:41:52.774Z","caller":"routed-eni-cni-plugin/cni.go:190","msg":"Connected to IPAMD via Unix socket: /var/run/aws-node/ipamd.sock"}
{"level":"error","ts":"2026-10-05T08:41:52.775Z","caller":"routed-eni-cni-plugin/cni.go:149","msg":"Failed to assign an IP address to container 888a370441aacc750f69687245663b24bb3b5261d22546772611a24ee2ca82bb"}
{"level":"info","ts":"2026-10-05T08:41:52.798Z","caller":"routed-eni-cni-plugin/cni.go:131","msg":"Constructed new logger instance"}
{"level":"debug","ts":"2026-10-05T08:41:52.798Z","caller":"routed-eni-cni-plugin/cni.go:370","msg":"Prev Result: <nil>\n"}
{"level":"info","ts":"2026-10-05T08:41:52.798Z","caller":"routed-eni-cni-plugin/cni.go:370","msg":"Received CNI del request: ContainerID(888a370441aacc750f69687245663b24bb3b5261d22546772611a24ee2ca82bb) Netns(/var/run/netns/cni-5baf3205-8306-17d0-ff4e-5be0255fa1ea) IfName(eth0) Args(IgnoreUnknown=1;K8S_POD_NAMESPACE=default;K8S_POD_NAME=pause-68d5b89fc-n9q4v;K8S_POD_INFRA_CONTAINER_ID=888a370441aacc750f69687245663b24bb3b5261d22546772611a24ee2ca82bb;K8S_POD_UID=f68fbeb2-acd7-443d-aaf4-9fe8443ea42e) Path(/opt/cni/bin) argsStdinData({\"capabilities\":{\"io.kubernetes.cri.pod-annotations\":true},\"cniVersion\":\"0.4.0\",\"mtu\":\"9001\",\"name\":\"aws-cni\",\"pluginLogFile\":\"/var/log/aws-routed-eni/plugin.log\",\"pluginLogLevel\":\"DEBUG\",\"podSGEnforcingMode\":\"strict\",\"runtimeConfig\":{\"io.kubernetes.cri.pod-annotations\":{\"kubernetes.io/config.seen\":\"2026-10-05T08:41:28.340554105Z\",\"kubernetes.io/config.source\":\"api\"}},\"type\":\"aws-cni\",\"vethPrefix\":\"eni\"})"}
{"level":"debug","ts":"2026-10-05T08:41:52.799Z","caller":"routed-eni-cni-plugin/cni.go:407","msg":"Connected to IPAMD via Unix socket: /var/run/aws-node/ipamd.sock"}
{"level":"info","ts":"2026-10-05T08:41:52.800Z","caller":"routed-eni-cni-plugin/cni.go:370","msg":"Container 888a370441aacc750f69687245663b24bb3b5261d22546772611a24ee2ca82bb not found"}
{"level":"info","ts":"2026-10-05T08:41:53.775Z","caller":"routed-eni-cni-plugin/cni.go:131","msg":"Constructed new logger instance"}
{"level":"info","ts":"2026-10-05T08:41:53.776Z","caller":"routed-eni-cni-plugin/cni.go:149","msg":"Received CNI add request: ContainerID(da5854c9e9e01b75ae7e5e70b769418e54429c016a395accaf95339a76ce67ee) Netns(/var/run/netns/cni-69da4ce8-8662-b1fe-17f8-e25cc04ae80b) IfName(eth0) Args(K8S_POD_NAME=pause-68d5b89fc-5gpj2;K8S_POD_INFRA_CONTAINER_ID=da5854c9e9e01b75ae7e5e70b769418e54429c016a395accaf95339a76ce67ee;K8S_POD_UID=8da26452-5df7-4b5d-bf8b-b8df9d619b63;IgnoreUnknown=1;K8S_POD_NAMESPACE=default) Path(/opt/cni/bin) argsStdinData({\"capabilities\":{\"io.kubernetes.cri.pod-annotations\":true},\"cniVersion\":\"0.4.0\",\"mtu\":\"9001\",\"name\":\"aws-cni\",\"pluginLogFile\":\"/var/log/aws-routed-eni/plugin.log\",\"pluginLogLevel\":\"DEBUG\",\"podSGEnforcingMode\":\"strict\",\"runtimeConfig\":{\"io.kubernetes.cri.pod-annotations\":{\"kubernetes.io/config.seen\":\"2026-10-05T08:41:28.467978233Z\",\"kubernetes.io/config.source\":\"api\"}},\"type\":\"aws-cni\",\"vethPrefix\":\"eni\"})"}
{"level":"debug","ts":"2026-10-05T08:41:53.776Z","caller":"routed-eni-cni-plugin/cni.go:149","msg":"Prev Result: <nil>\n"}
{"level":"debug","ts":"2026-10-05T08:41:53.776Z","caller":"routed-eni-cni-plugin/cni.go:149","msg":"MTU value set is 9001:"}
{"level":"debug","ts":"2026-10-05T08:41:53.776Z","caller":"routed-eni-cni-plugin/cni.go:149","msg":"pod requires multi-nic attachment: false"}
{"level":"debug","ts":"2026-10-05T08:41:53.776Z","caller":"routed-eni-cni-plugin/cni.go:190","msg":"Connected to IPAMD via Unix socket: /var/run/aws-node/ipamd.sock"}
{"level":"error","ts":"2026-10-05T08:41:53.778Z","caller":"routed-eni-cni-plugin/cni.go:149","msg":"Failed to assign an IP address to container da5854c9e9e01b75ae7e5e70b769418e54429c016a395accaf95339a76ce67ee"}
{"level":"info","ts":"2026-10-05T08:41:53.802Z","caller":"routed-eni-cni-plugin/cni.go:131","msg":"Constructed new logger instance"}
{"level":"debug","ts":"2026-10-05T08:41:53.803Z","caller":"routed-eni-cni-plugin/cni.go:370","msg":"Prev Result: <nil>\n"}
{"level":"info","ts":"2026-10-05T08:41:53.803Z","caller":"routed-eni-cni-plugin/cni.go:370","msg":"Received CNI del request: ContainerID(da5854c9e9e01b75ae7e5e70b769418e54429c016a395accaf95339a76ce67ee) Netns(/var/run/netns/cni-69da4ce8-8662-b1fe-17f8-e25cc04ae80b) IfName(eth0) Args(IgnoreUnknown=1;K8S_POD_NAMESPACE=default;K8S_POD_NAME=pause-68d5b89fc-5gpj2;K8S_POD_INFRA_CONTAINER_ID=da5854c9e9e01b75ae7e5e70b769418e54429c016a395accaf95339a76ce67ee;K8S_POD_UID=8da26452-5df7-4b5d-bf8b-b8df9d619b63) Path(/opt/cni/bin) argsStdinData({\"capabilities\":{\"io.kubernetes.cri.pod-annotations\":true},\"cniVersion\":\"0.4.0\",\"mtu\":\"9001\",\"name\":\"aws-cni\",\"pluginLogFile\":\"/var/log/aws-routed-eni/plugin.log\",\"pluginLogLevel\":\"DEBUG\",\"podSGEnforcingMode\":\"strict\",\"runtimeConfig\":{\"io.kubernetes.cri.pod-annotations\":{\"kubernetes.io/config.seen\":\"2026-10-05T08:41:28.467978233Z\",\"kubernetes.io/config.source\":\"api\"}},\"type\":\"aws-cni\",\"vethPrefix\":\"eni\"})"}
{"level":"debug","ts":"2026-10-05T08:41:53.803Z","caller":"routed-eni-cni-plugin/cni.go:407","msg":"Connected to IPAMD via Unix socket: /var/run/aws-node/ipamd.sock"}
{"level":"info","ts":"2026-10-05T08:41:53.805Z","caller":"routed-eni-cni-plugin/cni.go:370","msg":"Container da5854c9e9e01b75ae7e5e70b769418e54429c016a395accaf95339a76ce67ee not found"}
{"level":"info","ts":"2026-10-05T08:42:05.782Z","caller":"routed-eni-cni-plugin/cni.go:131","msg":"Constructed new logger instance"}
{"level":"info","ts":"2026-10-05T08:42:05.783Z","caller":"routed-eni-cni-plugin/cni.go:149","msg":"Received CNI add request: ContainerID(42a077db6f624ff0501f75b921acfd73346160dc41866e241a8037b1ba71b7d3) Netns(/var/run/netns/cni-7f3c68f2-2006-1794-373c-26336c4b66ee) IfName(eth0) Args(K8S_POD_NAME=pause-68d5b89fc-88226;K8S_POD_INFRA_CONTAINER_ID=42a077db6f624ff0501f75b921acfd73346160dc41866e241a8037b1ba71b7d3;K8S_POD_UID=e903ba0e-e96e-48c7-90d6-ad1a2a6941a3;IgnoreUnknown=1;K8S_POD_NAMESPACE=default) Path(/opt/cni/bin) argsStdinData({\"capabilities\":{\"io.kubernetes.cri.pod-annotations\":true},\"cniVersion\":\"0.4.0\",\"mtu\":\"9001\",\"name\":\"aws-cni\",\"pluginLogFile\":\"/var/log/aws-routed-eni/plugin.log\",\"pluginLogLevel\":\"DEBUG\",\"podSGEnforcingMode\":\"strict\",\"runtimeConfig\":{\"io.kubernetes.cri.pod-annotations\":{\"kubernetes.io/config.seen\":\"2026-10-05T08:41:28.410235585Z\",\"kubernetes.io/config.source\":\"api\"}},\"type\":\"aws-cni\",\"vethPrefix\":\"eni\"})"}
{"level":"debug","ts":"2026-10-05T08:42:05.783Z","caller":"routed-eni-cni-plugin/cni.go:149","msg":"Prev Result: <nil>\n"}
{"level":"debug","ts":"2026-10-05T08:42:05.783Z","caller":"routed-eni-cni-plugin/cni.go:149","msg":"MTU value set is 9001:"}
{"level":"debug","ts":"2026-10-05T08:42:05.783Z","caller":"routed-eni-cni-plugin/cni.go:149","msg":"pod requires multi-nic attachment: false"}
{"level":"debug","ts":"2026-10-05T08:42:05.783Z","caller":"routed-eni-cni-plugin/cni.go:190","msg":"Connected to IPAMD via Unix socket: /var/run/aws-node/ipamd.sock"}
{"level":"error","ts":"2026-10-05T08:42:05.785Z","caller":"routed-eni-cni-plugin/cni.go:149","msg":"Failed to assign an IP address to container 42a077db6f624ff0501f75b921acfd73346160dc41866e241a8037b1ba71b7d3"}
{"level":"info","ts":"2026-10-05T08:42:05.790Z","caller":"routed-eni-cni-plugin/cni.go:131","msg":"Constructed new logger instance"}
{"level":"info","ts":"2026-10-05T08:42:05.791Z","caller":"routed-eni-cni-plugin/cni.go:149","msg":"Received CNI add request: ContainerID(82a5e7fce2ddaeebe63ca2810e6d4587ed9891e7f0366e973e517dcb3f73f79d) Netns(/var/run/netns/cni-5ae4022b-1bac-6a3e-5596-c89758c26d80) IfName(eth0) Args(K8S_POD_INFRA_CONTAINER_ID=82a5e7fce2ddaeebe63ca2810e6d4587ed9891e7f0366e973e517dcb3f73f79d;K8S_POD_UID=f68fbeb2-acd7-443d-aaf4-9fe8443ea42e;IgnoreUnknown=1;K8S_POD_NAMESPACE=default;K8S_POD_NAME=pause-68d5b89fc-n9q4v) Path(/opt/cni/bin) argsStdinData({\"capabilities\":{\"io.kubernetes.cri.pod-annotations\":true},\"cniVersion\":\"0.4.0\",\"mtu\":\"9001\",\"name\":\"aws-cni\",\"pluginLogFile\":\"/var/log/aws-routed-eni/plugin.log\",\"pluginLogLevel\":\"DEBUG\",\"podSGEnforcingMode\":\"strict\",\"runtimeConfig\":{\"io.kubernetes.cri.pod-annotations\":{\"kubernetes.io/config.seen\":\"2026-10-05T08:41:28.340554105Z\",\"kubernetes.io/config.source\":\"api\"}},\"type\":\"aws-cni\",\"vethPrefix\":\"eni\"})"}
{"level":"debug","ts":"2026-10-05T08:42:05.791Z","caller":"routed-eni-cni-plugin/cni.go:149","msg":"Prev Result: <nil>\n"}
{"level":"debug","ts":"2026-10-05T08:42:05.791Z","caller":"routed-eni-cni-plugin/cni.go:149","msg":"MTU value set is 9001:"}
{"level":"debug","ts":"2026-10-05T08:42:05.791Z","caller":"routed-eni-cni-plugin/cni.go:149","msg":"pod requires multi-nic attachment: false"}
{"level":"debug","ts":"2026-10-05T08:42:05.792Z","caller":"routed-eni-cni-plugin/cni.go:190","msg":"Connected to IPAMD via Unix socket: /var/run/aws-node/ipamd.sock"}
{"level":"error","ts":"2026-10-05T08:42:05.794Z","caller":"routed-eni-cni-plugin/cni.go:149","msg":"Failed to assign an IP address to container 82a5e7fce2ddaeebe63ca2810e6d4587ed9891e7f0366e973e517dcb3f73f79d"}
{"level":"info","ts":"2026-10-05T08:42:05.825Z","caller":"routed-eni-cni-plugin/cni.go:131","msg":"Constructed new logger instance"}
{"level":"debug","ts":"2026-10-05T08:42:05.825Z","caller":"routed-eni-cni-plugin/cni.go:370","msg":"Prev Result: <nil>\n"}
{"level":"info","ts":"2026-10-05T08:42:05.825Z","caller":"routed-eni-cni-plugin/cni.go:370","msg":"Received CNI del request: ContainerID(42a077db6f624ff0501f75b921acfd73346160dc41866e241a8037b1ba71b7d3) Netns(/var/run/netns/cni-7f3c68f2-2006-1794-373c-26336c4b66ee) IfName(eth0) Args(K8S_POD_NAMESPACE=default;K8S_POD_NAME=pause-68d5b89fc-88226;K8S_POD_INFRA_CONTAINER_ID=42a077db6f624ff0501f75b921acfd73346160dc41866e241a8037b1ba71b7d3;K8S_POD_UID=e903ba0e-e96e-48c7-90d6-ad1a2a6941a3;IgnoreUnknown=1) Path(/opt/cni/bin) argsStdinData({\"capabilities\":{\"io.kubernetes.cri.pod-annotations\":true},\"cniVersion\":\"0.4.0\",\"mtu\":\"9001\",\"name\":\"aws-cni\",\"pluginLogFile\":\"/var/log/aws-routed-eni/plugin.log\",\"pluginLogLevel\":\"DEBUG\",\"podSGEnforcingMode\":\"strict\",\"runtimeConfig\":{\"io.kubernetes.cri.pod-annotations\":{\"kubernetes.io/config.seen\":\"2026-10-05T08:41:28.410235585Z\",\"kubernetes.io/config.source\":\"api\"}},\"type\":\"aws-cni\",\"vethPrefix\":\"eni\"})"}
{"level":"debug","ts":"2026-10-05T08:42:05.826Z","caller":"routed-eni-cni-plugin/cni.go:407","msg":"Connected to IPAMD via Unix socket: /var/run/aws-node/ipamd.sock"}
{"level":"info","ts":"2026-10-05T08:42:05.829Z","caller":"routed-eni-cni-plugin/cni.go:370","msg":"Container 42a077db6f624ff0501f75b921acfd73346160dc41866e241a8037b1ba71b7d3 not found"}
{"level":"info","ts":"2026-10-05T08:42:05.839Z","caller":"routed-eni-cni-plugin/cni.go:131","msg":"Constructed new logger instance"}
{"level":"debug","ts":"2026-10-05T08:42:05.839Z","caller":"routed-eni-cni-plugin/cni.go:370","msg":"Prev Result: <nil>\n"}
{"level":"info","ts":"2026-10-05T08:42:05.839Z","caller":"routed-eni-cni-plugin/cni.go:370","msg":"Received CNI del request: ContainerID(82a5e7fce2ddaeebe63ca2810e6d4587ed9891e7f0366e973e517dcb3f73f79d) Netns(/var/run/netns/cni-5ae4022b-1bac-6a3e-5596-c89758c26d80) IfName(eth0) Args(K8S_POD_NAMESPACE=default;K8S_POD_NAME=pause-68d5b89fc-n9q4v;K8S_POD_INFRA_CONTAINER_ID=82a5e7fce2ddaeebe63ca2810e6d4587ed9891e7f0366e973e517dcb3f73f79d;K8S_POD_UID=f68fbeb2-acd7-443d-aaf4-9fe8443ea42e;IgnoreUnknown=1) Path(/opt/cni/bin) argsStdinData({\"capabilities\":{\"io.kubernetes.cri.pod-annotations\":true},\"cniVersion\":\"0.4.0\",\"mtu\":\"9001\",\"name\":\"aws-cni\",\"pluginLogFile\":\"/var/log/aws-routed-eni/plugin.log\",\"pluginLogLevel\":\"DEBUG\",\"podSGEnforcingMode\":\"strict\",\"runtimeConfig\":{\"io.kubernetes.cri.pod-annotations\":{\"kubernetes.io/config.seen\":\"2026-10-05T08:41:28.340554105Z\",\"kubernetes.io/config.source\":\"api\"}},\"type\":\"aws-cni\",\"vethPrefix\":\"eni\"})"}
{"level":"debug","ts":"2026-10-05T08:42:05.840Z","caller":"routed-eni-cni-plugin/cni.go:407","msg":"Connected to IPAMD via Unix socket: /var/run/aws-node/ipamd.sock"}
{"level":"info","ts":"2026-10-05T08:42:05.841Z","caller":"routed-eni-cni-plugin/cni.go:370","msg":"Container 82a5e7fce2ddaeebe63ca2810e6d4587ed9891e7f0366e973e517dcb3f73f79d not found"}
{"level":"info","ts":"2026-10-05T08:42:08.775Z","caller":"routed-eni-cni-plugin/cni.go:131","msg":"Constructed new logger instance"}
{"level":"info","ts":"2026-10-05T08:42:08.775Z","caller":"routed-eni-cni-plugin/cni.go:149","msg":"Received CNI add request: ContainerID(8dd6f5f920c69f1d2aa08a6ff8eb73d02212c8b93e64a587b52b47552b8e51ac) Netns(/var/run/netns/cni-2ae600f0-e5d3-661c-d2a2-8d9f683e0f87) IfName(eth0) Args(IgnoreUnknown=1;K8S_POD_NAMESPACE=default;K8S_POD_NAME=pause-68d5b89fc-5gpj2;K8S_POD_INFRA_CONTAINER_ID=8dd6f5f920c69f1d2aa08a6ff8eb73d02212c8b93e64a587b52b47552b8e51ac;K8S_POD_UID=8da26452-5df7-4b5d-bf8b-b8df9d619b63) Path(/opt/cni/bin) argsStdinData({\"capabilities\":{\"io.kubernetes.cri.pod-annotations\":true},\"cniVersion\":\"0.4.0\",\"mtu\":\"9001\",\"name\":\"aws-cni\",\"pluginLogFile\":\"/var/log/aws-routed-eni/plugin.log\",\"pluginLogLevel\":\"DEBUG\",\"podSGEnforcingMode\":\"strict\",\"runtimeConfig\":{\"io.kubernetes.cri.pod-annotations\":{\"kubernetes.io/config.seen\":\"2026-10-05T08:41:28.467978233Z\",\"kubernetes.io/config.source\":\"api\"}},\"type\":\"aws-cni\",\"vethPrefix\":\"eni\"})"}
{"level":"debug","ts":"2026-10-05T08:42:08.775Z","caller":"routed-eni-cni-plugin/cni.go:149","msg":"Prev Result: <nil>\n"}
{"level":"debug","ts":"2026-10-05T08:42:08.775Z","caller":"routed-eni-cni-plugin/cni.go:149","msg":"MTU value set is 9001:"}
{"level":"debug","ts":"2026-10-05T08:42:08.775Z","caller":"routed-eni-cni-plugin/cni.go:149","msg":"pod requires multi-nic attachment: false"}
{"level":"debug","ts":"2026-10-05T08:42:08.776Z","caller":"routed-eni-cni-plugin/cni.go:190","msg":"Connected to IPAMD via Unix socket: /var/run/aws-node/ipamd.sock"}
{"level":"error","ts":"2026-10-05T08:42:08.777Z","caller":"routed-eni-cni-plugin/cni.go:149","msg":"Failed to assign an IP address to container 8dd6f5f920c69f1d2aa08a6ff8eb73d02212c8b93e64a587b52b47552b8e51ac"}
{"level":"info","ts":"2026-10-05T08:42:08.801Z","caller":"routed-eni-cni-plugin/cni.go:131","msg":"Constructed new logger instance"}
{"level":"debug","ts":"2026-10-05T08:42:08.801Z","caller":"routed-eni-cni-plugin/cni.go:370","msg":"Prev Result: <nil>\n"}
{"level":"info","ts":"2026-10-05T08:42:08.801Z","caller":"routed-eni-cni-plugin/cni.go:370","msg":"Received CNI del request: ContainerID(8dd6f5f920c69f1d2aa08a6ff8eb73d02212c8b93e64a587b52b47552b8e51ac) Netns(/var/run/netns/cni-2ae600f0-e5d3-661c-d2a2-8d9f683e0f87) IfName(eth0) Args(K8S_POD_UID=8da26452-5df7-4b5d-bf8b-b8df9d619b63;IgnoreUnknown=1;K8S_POD_NAMESPACE=default;K8S_POD_NAME=pause-68d5b89fc-5gpj2;K8S_POD_INFRA_CONTAINER_ID=8dd6f5f920c69f1d2aa08a6ff8eb73d02212c8b93e64a587b52b47552b8e51ac) Path(/opt/cni/bin) argsStdinData({\"capabilities\":{\"io.kubernetes.cri.pod-annotations\":true},\"cniVersion\":\"0.4.0\",\"mtu\":\"9001\",\"name\":\"aws-cni\",\"pluginLogFile\":\"/var/log/aws-routed-eni/plugin.log\",\"pluginLogLevel\":\"DEBUG\",\"podSGEnforcingMode\":\"strict\",\"runtimeConfig\":{\"io.kubernetes.cri.pod-annotations\":{\"kubernetes.io/config.seen\":\"2026-10-05T08:41:28.467978233Z\",\"kubernetes.io/config.source\":\"api\"}},\"type\":\"aws-cni\",\"vethPrefix\":\"eni\"})"}
{"level":"debug","ts":"2026-10-05T08:42:08.802Z","caller":"routed-eni-cni-plugin/cni.go:407","msg":"Connected to IPAMD via Unix socket: /var/run/aws-node/ipamd.sock"}
{"level":"info","ts":"2026-10-05T08:42:08.803Z","caller":"routed-eni-cni-plugin/cni.go:370","msg":"Container 8dd6f5f920c69f1d2aa08a6ff8eb73d02212c8b93e64a587b52b47552b8e51ac not found"}
{"level":"info","ts":"2026-10-05T08:42:19.774Z","caller":"routed-eni-cni-plugin/cni.go:131","msg":"Constructed new logger instance"}
{"level":"info","ts":"2026-10-05T08:42:19.774Z","caller":"routed-eni-cni-plugin/cni.go:149","msg":"Received CNI add request: ContainerID(c1f943db42c6b2507dcb7b2bd80e96330a86d820b116647cf43e841811b5dbb0) Netns(/var/run/netns/cni-dcc9d8b5-efd3-ae6d-302b-d4fc612a67fe) IfName(eth0) Args(IgnoreUnknown=1;K8S_POD_NAMESPACE=default;K8S_POD_NAME=pause-68d5b89fc-n9q4v;K8S_POD_INFRA_CONTAINER_ID=c1f943db42c6b2507dcb7b2bd80e96330a86d820b116647cf43e841811b5dbb0;K8S_POD_UID=f68fbeb2-acd7-443d-aaf4-9fe8443ea42e) Path(/opt/cni/bin) argsStdinData({\"capabilities\":{\"io.kubernetes.cri.pod-annotations\":true},\"cniVersion\":\"0.4.0\",\"mtu\":\"9001\",\"name\":\"aws-cni\",\"pluginLogFile\":\"/var/log/aws-routed-eni/plugin.log\",\"pluginLogLevel\":\"DEBUG\",\"podSGEnforcingMode\":\"strict\",\"runtimeConfig\":{\"io.kubernetes.cri.pod-annotations\":{\"kubernetes.io/config.seen\":\"2026-10-05T08:41:28.340554105Z\",\"kubernetes.io/config.source\":\"api\"}},\"type\":\"aws-cni\",\"vethPrefix\":\"eni\"})"}
{"level":"debug","ts":"2026-10-05T08:42:19.774Z","caller":"routed-eni-cni-plugin/cni.go:149","msg":"Prev Result: <nil>\n"}
{"level":"debug","ts":"2026-10-05T08:42:19.774Z","caller":"routed-eni-cni-plugin/cni.go:149","msg":"MTU value set is 9001:"}
{"level":"debug","ts":"2026-10-05T08:42:19.774Z","caller":"routed-eni-cni-plugin/cni.go:149","msg":"pod requires multi-nic attachment: false"}
{"level":"debug","ts":"2026-10-05T08:42:19.774Z","caller":"routed-eni-cni-plugin/cni.go:190","msg":"Connected to IPAMD via Unix socket: /var/run/aws-node/ipamd.sock"}
{"level":"error","ts":"2026-10-05T08:42:19.776Z","caller":"routed-eni-cni-plugin/cni.go:149","msg":"Failed to assign an IP address to container c1f943db42c6b2507dcb7b2bd80e96330a86d820b116647cf43e841811b5dbb0"}
{"level":"info","ts":"2026-10-05T08:42:19.798Z","caller":"routed-eni-cni-plugin/cni.go:131","msg":"Constructed new logger instance"}
{"level":"debug","ts":"2026-10-05T08:42:19.799Z","caller":"routed-eni-cni-plugin/cni.go:370","msg":"Prev Result: <nil>\n"}
{"level":"info","ts":"2026-10-05T08:42:19.799Z","caller":"routed-eni-cni-plugin/cni.go:370","msg":"Received CNI del request: ContainerID(c1f943db42c6b2507dcb7b2bd80e96330a86d820b116647cf43e841811b5dbb0) Netns(/var/run/netns/cni-dcc9d8b5-efd3-ae6d-302b-d4fc612a67fe) IfName(eth0) Args(IgnoreUnknown=1;K8S_POD_NAMESPACE=default;K8S_POD_NAME=pause-68d5b89fc-n9q4v;K8S_POD_INFRA_CONTAINER_ID=c1f943db42c6b2507dcb7b2bd80e96330a86d820b116647cf43e841811b5dbb0;K8S_POD_UID=f68fbeb2-acd7-443d-aaf4-9fe8443ea42e) Path(/opt/cni/bin) argsStdinData({\"capabilities\":{\"io.kubernetes.cri.pod-annotations\":true},\"cniVersion\":\"0.4.0\",\"mtu\":\"9001\",\"name\":\"aws-cni\",\"pluginLogFile\":\"/var/log/aws-routed-eni/plugin.log\",\"pluginLogLevel\":\"DEBUG\",\"podSGEnforcingMode\":\"strict\",\"runtimeConfig\":{\"io.kubernetes.cri.pod-annotations\":{\"kubernetes.io/config.seen\":\"2026-10-05T08:41:28.340554105Z\",\"kubernetes.io/config.source\":\"api\"}},\"type\":\"aws-cni\",\"vethPrefix\":\"eni\"})"}
{"level":"debug","ts":"2026-10-05T08:42:19.799Z","caller":"routed-eni-cni-plugin/cni.go:407","msg":"Connected to IPAMD via Unix socket: /var/run/aws-node/ipamd.sock"}
{"level":"info","ts":"2026-10-05T08:42:19.800Z","caller":"routed-eni-cni-plugin/cni.go:370","msg":"Container c1f943db42c6b2507dcb7b2bd80e96330a86d820b116647cf43e841811b5dbb0 not found"}
{"level":"info","ts":"2026-10-05T08:42:20.782Z","caller":"routed-eni-cni-plugin/cni.go:131","msg":"Constructed new logger instance"}
{"level":"info","ts":"2026-10-05T08:42:20.782Z","caller":"routed-eni-cni-plugin/cni.go:149","msg":"Received CNI add request: ContainerID(a205dd704ccee808bfd49a5685c65cd665df6217f5b410f53151ac8802ff9437) Netns(/var/run/netns/cni-aa4f1770-6ae7-0eef-73c0-eaef6e3aa222) IfName(eth0) Args(K8S_POD_NAMESPACE=default;K8S_POD_NAME=pause-68d5b89fc-5gpj2;K8S_POD_INFRA_CONTAINER_ID=a205dd704ccee808bfd49a5685c65cd665df6217f5b410f53151ac8802ff9437;K8S_POD_UID=8da26452-5df7-4b5d-bf8b-b8df9d619b63;IgnoreUnknown=1) Path(/opt/cni/bin) argsStdinData({\"capabilities\":{\"io.kubernetes.cri.pod-annotations\":true},\"cniVersion\":\"0.4.0\",\"mtu\":\"9001\",\"name\":\"aws-cni\",\"pluginLogFile\":\"/var/log/aws-routed-eni/plugin.log\",\"pluginLogLevel\":\"DEBUG\",\"podSGEnforcingMode\":\"strict\",\"runtimeConfig\":{\"io.kubernetes.cri.pod-annotations\":{\"kubernetes.io/config.seen\":\"2026-10-05T08:41:28.467978233Z\",\"kubernetes.io/config.source\":\"api\"}},\"type\":\"aws-cni\",\"vethPrefix\":\"eni\"})"}
{"level":"debug","ts":"2026-10-05T08:42:20.782Z","caller":"routed-eni-cni-plugin/cni.go:149","msg":"Prev Result: <nil>\n"}
{"level":"debug","ts":"2026-10-05T08:42:20.782Z","caller":"routed-eni-cni-plugin/cni.go:149","msg":"MTU value set is 9001:"}
{"level":"debug","ts":"2026-10-05T08:42:20.782Z","caller":"routed-eni-cni-plugin/cni.go:149","msg":"pod requires multi-nic attachment: false"}
{"level":"debug","ts":"2026-10-05T08:42:20.784Z","caller":"routed-eni-cni-plugin/cni.go:190","msg":"Connected to IPAMD via Unix socket: /var/run/aws-node/ipamd.sock"}
{"level":"error","ts":"2026-10-05T08:42:20.785Z","caller":"routed-eni-cni-plugin/cni.go:149","msg":"Failed to assign an IP address to container a205dd704ccee808bfd49a5685c65cd665df6217f5b410f53151ac8802ff9437"}
{"level":"info","ts":"2026-10-05T08:42:20.787Z","caller":"routed-eni-cni-plugin/cni.go:131","msg":"Constructed new logger instance"}
{"level":"info","ts":"2026-10-05T08:42:20.787Z","caller":"routed-eni-cni-plugin/cni.go:149","msg":"Received CNI add request: ContainerID(963da6dce2733f4248a039e81ace5e5c7ae39a13fe4039ab229afa7b513e752a) Netns(/var/run/netns/cni-f99a1578-0515-3e13-a0a3-e85a9d8bc5c0) IfName(eth0) Args(IgnoreUnknown=1;K8S_POD_NAMESPACE=default;K8S_POD_NAME=pause-68d5b89fc-88226;K8S_POD_INFRA_CONTAINER_ID=963da6dce2733f4248a039e81ace5e5c7ae39a13fe4039ab229afa7b513e752a;K8S_POD_UID=e903ba0e-e96e-48c7-90d6-ad1a2a6941a3) Path(/opt/cni/bin) argsStdinData({\"capabilities\":{\"io.kubernetes.cri.pod-annotations\":true},\"cniVersion\":\"0.4.0\",\"mtu\":\"9001\",\"name\":\"aws-cni\",\"pluginLogFile\":\"/var/log/aws-routed-eni/plugin.log\",\"pluginLogLevel\":\"DEBUG\",\"podSGEnforcingMode\":\"strict\",\"runtimeConfig\":{\"io.kubernetes.cri.pod-annotations\":{\"kubernetes.io/config.seen\":\"2026-10-05T08:41:28.410235585Z\",\"kubernetes.io/config.source\":\"api\"}},\"type\":\"aws-cni\",\"vethPrefix\":\"eni\"})"}
{"level":"debug","ts":"2026-10-05T08:42:20.787Z","caller":"routed-eni-cni-plugin/cni.go:149","msg":"Prev Result: <nil>\n"}
{"level":"debug","ts":"2026-10-05T08:42:20.787Z","caller":"routed-eni-cni-plugin/cni.go:149","msg":"MTU value set is 9001:"}
{"level":"debug","ts":"2026-10-05T08:42:20.787Z","caller":"routed-eni-cni-plugin/cni.go:149","msg":"pod requires multi-nic attachment: false"}
{"level":"debug","ts":"2026-10-05T08:42:20.789Z","caller":"routed-eni-cni-plugin/cni.go:190","msg":"Connected to IPAMD via Unix socket: /var/run/aws-node/ipamd.sock"}
{"level":"error","ts":"2026-10-05T08:42:20.790Z","caller":"routed-eni-cni-plugin/cni.go:149","msg":"Failed to assign an IP address to container 963da6dce2733f4248a039e81ace5e5c7ae39a13fe4039ab229afa7b513e752a"}
{"level":"info","ts":"2026-10-05T08:42:20.831Z","caller":"routed-eni-cni-plugin/cni.go:131","msg":"Constructed new logger instance"}
{"level":"info","ts":"2026-10-05T08:42:20.831Z","caller":"routed-eni-cni-plugin/cni.go:131","msg":"Constructed new logger instance"}
{"level":"debug","ts":"2026-10-05T08:42:20.831Z","caller":"routed-eni-cni-plugin/cni.go:370","msg":"Prev Result: <nil>\n"}
{"level":"debug","ts":"2026-10-05T08:42:20.831Z","caller":"routed-eni-cni-plugin/cni.go:370","msg":"Prev Result: <nil>\n"}
{"level":"info","ts":"2026-10-05T08:42:20.831Z","caller":"routed-eni-cni-plugin/cni.go:370","msg":"Received CNI del request: ContainerID(963da6dce2733f4248a039e81ace5e5c7ae39a13fe4039ab229afa7b513e752a) Netns(/var/run/netns/cni-f99a1578-0515-3e13-a0a3-e85a9d8bc5c0) IfName(eth0) Args(K8S_POD_NAMESPACE=default;K8S_POD_NAME=pause-68d5b89fc-88226;K8S_POD_INFRA_CONTAINER_ID=963da6dce2733f4248a039e81ace5e5c7ae39a13fe4039ab229afa7b513e752a;K8S_POD_UID=e903ba0e-e96e-48c7-90d6-ad1a2a6941a3;IgnoreUnknown=1) Path(/opt/cni/bin) argsStdinData({\"capabilities\":{\"io.kubernetes.cri.pod-annotations\":true},\"cniVersion\":\"0.4.0\",\"mtu\":\"9001\",\"name\":\"aws-cni\",\"pluginLogFile\":\"/var/log/aws-routed-eni/plugin.log\",\"pluginLogLevel\":\"DEBUG\",\"podSGEnforcingMode\":\"strict\",\"runtimeConfig\":{\"io.kubernetes.cri.pod-annotations\":{\"kubernetes.io/config.seen\":\"2026-10-05T08:41:28.410235585Z\",\"kubernetes.io/config.source\":\"api\"}},\"type\":\"aws-cni\",\"vethPrefix\":\"eni\"})"}
{"level":"info","ts":"2026-10-05T08:42:20.831Z","caller":"routed-eni-cni-plugin/cni.go:370","msg":"Received CNI del request: ContainerID(a205dd704ccee808bfd49a5685c65cd665df6217f5b410f53151ac8802ff9437) Netns(/var/run/netns/cni-aa4f1770-6ae7-0eef-73c0-eaef6e3aa222) IfName(eth0) Args(K8S_POD_NAMESPACE=default;K8S_POD_NAME=pause-68d5b89fc-5gpj2;K8S_POD_INFRA_CONTAINER_ID=a205dd704ccee808bfd49a5685c65cd665df6217f5b410f53151ac8802ff9437;K8S_POD_UID=8da26452-5df7-4b5d-bf8b-b8df9d619b63;IgnoreUnknown=1) Path(/opt/cni/bin) argsStdinData({\"capabilities\":{\"io.kubernetes.cri.pod-annotations\":true},\"cniVersion\":\"0.4.0\",\"mtu\":\"9001\",\"name\":\"aws-cni\",\"pluginLogFile\":\"/var/log/aws-routed-eni/plugin.log\",\"pluginLogLevel\":\"DEBUG\",\"podSGEnforcingMode\":\"strict\",\"runtimeConfig\":{\"io.kubernetes.cri.pod-annotations\":{\"kubernetes.io/config.seen\":\"2026-10-05T08:41:28.467978233Z\",\"kubernetes.io/config.source\":\"api\"}},\"type\":\"aws-cni\",\"vethPrefix\":\"eni\"})"}
{"level":"debug","ts":"2026-10-05T08:42:20.832Z","caller":"routed-eni-cni-plugin/cni.go:407","msg":"Connected to IPAMD via Unix socket: /var/run/aws-node/ipamd.sock"}
{"level":"debug","ts":"2026-10-05T08:42:20.832Z","caller":"routed-eni-cni-plugin/cni.go:407","msg":"Connected to IPAMD via Unix socket: /var/run/aws-node/ipamd.sock"}
{"level":"info","ts":"2026-10-05T08:42:20.833Z","caller":"routed-eni-cni-plugin/cni.go:370","msg":"Container a205dd704ccee808bfd49a5685c65cd665df6217f5b410f53151ac8802ff9437 not found"}
{"level":"info","ts":"2026-10-05T08:42:20.833Z","caller":"routed-eni-cni-plugin/cni.go:370","msg":"Container 963da6dce2733f4248a039e81ace5e5c7ae39a13fe4039ab229afa7b513e752a not found"}
{"level":"info","ts":"2026-10-05T08:42:32.786Z","caller":"routed-eni-cni-plugin/cni.go:131","msg":"Constructed new logger instance"}
{"level":"info","ts":"2026-10-05T08:42:32.786Z","caller":"routed-eni-cni-plugin/cni.go:149","msg":"Received CNI add request: ContainerID(f94da137551823feb95ac625bf03df16605c987cf601ace28dbd4db4dd773aad) Netns(/var/run/netns/cni-881b54ff-3c96-4ead-aedc-48d04ce5ea79) IfName(eth0) Args(IgnoreUnknown=1;K8S_POD_NAMESPACE=default;K8S_POD_NAME=pause-68d5b89fc-n9q4v;K8S_POD_INFRA_CONTAINER_ID=f94da137551823feb95ac625bf03df16605c987cf601ace28dbd4db4dd773aad;K8S_POD_UID=f68fbeb2-acd7-443d-aaf4-9fe8443ea42e) Path(/opt/cni/bin) argsStdinData({\"capabilities\":{\"io.kubernetes.cri.pod-annotations\":true},\"cniVersion\":\"0.4.0\",\"mtu\":\"9001\",\"name\":\"aws-cni\",\"pluginLogFile\":\"/var/log/aws-routed-eni/plugin.log\",\"pluginLogLevel\":\"DEBUG\",\"podSGEnforcingMode\":\"strict\",\"runtimeConfig\":{\"io.kubernetes.cri.pod-annotations\":{\"kubernetes.io/config.seen\":\"2026-10-05T08:41:28.340554105Z\",\"kubernetes.io/config.source\":\"api\"}},\"type\":\"aws-cni\",\"vethPrefix\":\"eni\"})"}
{"level":"debug","ts":"2026-10-05T08:42:32.786Z","caller":"routed-eni-cni-plugin/cni.go:149","msg":"Prev Result: <nil>\n"}
{"level":"debug","ts":"2026-10-05T08:42:32.787Z","caller":"routed-eni-cni-plugin/cni.go:149","msg":"MTU value set is 9001:"}
{"level":"debug","ts":"2026-10-05T08:42:32.787Z","caller":"routed-eni-cni-plugin/cni.go:149","msg":"pod requires multi-nic attachment: false"}
{"level":"debug","ts":"2026-10-05T08:42:32.787Z","caller":"routed-eni-cni-plugin/cni.go:190","msg":"Connected to IPAMD via Unix socket: /var/run/aws-node/ipamd.sock"}
{"level":"info","ts":"2026-10-05T08:42:32.787Z","caller":"routed-eni-cni-plugin/cni.go:131","msg":"Constructed new logger instance"}
{"level":"info","ts":"2026-10-05T08:42:32.789Z","caller":"routed-eni-cni-plugin/cni.go:149","msg":"Received CNI add request: ContainerID(9066b2c94a9ec782074357aa1073e851c7baae8ef46869a45b5cd6fac21559c7) Netns(/var/run/netns/cni-2163beef-41f1-ee85-2426-ae9194c79d3e) IfName(eth0) Args(K8S_POD_NAME=pause-68d5b89fc-88226;K8S_POD_INFRA_CONTAINER_ID=9066b2c94a9ec782074357aa1073e851c7baae8ef46869a45b5cd6fac21559c7;K8S_POD_UID=e903ba0e-e96e-48c7-90d6-ad1a2a6941a3;IgnoreUnknown=1;K8S_POD_NAMESPACE=default) Path(/opt/cni/bin) argsStdinData({\"capabilities\":{\"io.kubernetes.cri.pod-annotations\":true},\"cniVersion\":\"0.4.0\",\"mtu\":\"9001\",\"name\":\"aws-cni\",\"pluginLogFile\":\"/var/log/aws-routed-eni/plugin.log\",\"pluginLogLevel\":\"DEBUG\",\"podSGEnforcingMode\":\"strict\",\"runtimeConfig\":{\"io.kubernetes.cri.pod-annotations\":{\"kubernetes.io/config.seen\":\"2026-10-05T08:41:28.410235585Z\",\"kubernetes.io/config.source\":\"api\"}},\"type\":\"aws-cni\",\"vethPrefix\":\"eni\"})"}
{"level":"debug","ts":"2026-10-05T08:42:32.789Z","caller":"routed-eni-cni-plugin/cni.go:149","msg":"Prev Result: <nil>\n"}
{"level":"debug","ts":"2026-10-05T08:42:32.789Z","caller":"routed-eni-cni-plugin/cni.go:149","msg":"MTU value set is 9001:"}
{"level":"debug","ts":"2026-10-05T08:42:32.789Z","caller":"routed-eni-cni-plugin/cni.go:149","msg":"pod requires multi-nic attachment: false"}
{"level":"debug","ts":"2026-10-05T08:42:32.789Z","caller":"routed-eni-cni-plugin/cni.go:190","msg":"Connected to IPAMD via Unix socket: /var/run/aws-node/ipamd.sock"}
{"level":"error","ts":"2026-10-05T08:42:32.791Z","caller":"routed-eni-cni-plugin/cni.go:149","msg":"Failed to assign an IP address to container 9066b2c94a9ec782074357aa1073e851c7baae8ef46869a45b5cd6fac21559c7"}
{"level":"error","ts":"2026-10-05T08:42:32.792Z","caller":"routed-eni-cni-plugin/cni.go:149","msg":"Failed to assign an IP address to container f94da137551823feb95ac625bf03df16605c987cf601ace28dbd4db4dd773aad"}
{"level":"info","ts":"2026-10-05T08:42:32.826Z","caller":"routed-eni-cni-plugin/cni.go:131","msg":"Constructed new logger instance"}
{"level":"debug","ts":"2026-10-05T08:42:32.826Z","caller":"routed-eni-cni-plugin/cni.go:370","msg":"Prev Result: <nil>\n"}
{"level":"info","ts":"2026-10-05T08:42:32.826Z","caller":"routed-eni-cni-plugin/cni.go:370","msg":"Received CNI del request: ContainerID(f94da137551823feb95ac625bf03df16605c987cf601ace28dbd4db4dd773aad) Netns(/var/run/netns/cni-881b54ff-3c96-4ead-aedc-48d04ce5ea79) IfName(eth0) Args(K8S_POD_NAME=pause-68d5b89fc-n9q4v;K8S_POD_INFRA_CONTAINER_ID=f94da137551823feb95ac625bf03df16605c987cf601ace28dbd4db4dd773aad;K8S_POD_UID=f68fbeb2-acd7-443d-aaf4-9fe8443ea42e;IgnoreUnknown=1;K8S_POD_NAMESPACE=default) Path(/opt/cni/bin) argsStdinData({\"capabilities\":{\"io.kubernetes.cri.pod-annotations\":true},\"cniVersion\":\"0.4.0\",\"mtu\":\"9001\",\"name\":\"aws-cni\",\"pluginLogFile\":\"/var/log/aws-routed-eni/plugin.log\",\"pluginLogLevel\":\"DEBUG\",\"podSGEnforcingMode\":\"strict\",\"runtimeConfig\":{\"io.kubernetes.cri.pod-annotations\":{\"kubernetes.io/config.seen\":\"2026-10-05T08:41:28.340554105Z\",\"kubernetes.io/config.source\":\"api\"}},\"type\":\"aws-cni\",\"vethPrefix\":\"eni\"})"}
{"level":"debug","ts":"2026-10-05T08:42:32.827Z","caller":"routed-eni-cni-plugin/cni.go:407","msg":"Connected to IPAMD via Unix socket: /var/run/aws-node/ipamd.sock"}
{"level":"info","ts":"2026-10-05T08:42:32.828Z","caller":"routed-eni-cni-plugin/cni.go:370","msg":"Container f94da137551823feb95ac625bf03df16605c987cf601ace28dbd4db4dd773aad not found"}
{"level":"info","ts":"2026-10-05T08:42:32.834Z","caller":"routed-eni-cni-plugin/cni.go:131","msg":"Constructed new logger instance"}
{"level":"debug","ts":"2026-10-05T08:42:32.834Z","caller":"routed-eni-cni-plugin/cni.go:370","msg":"Prev Result: <nil>\n"}
{"level":"info","ts":"2026-10-05T08:42:32.834Z","caller":"routed-eni-cni-plugin/cni.go:370","msg":"Received CNI del request: ContainerID(9066b2c94a9ec782074357aa1073e851c7baae8ef46869a45b5cd6fac21559c7) Netns(/var/run/netns/cni-2163beef-41f1-ee85-2426-ae9194c79d3e) IfName(eth0) Args(IgnoreUnknown=1;K8S_POD_NAMESPACE=default;K8S_POD_NAME=pause-68d5b89fc-88226;K8S_POD_INFRA_CONTAINER_ID=9066b2c94a9ec782074357aa1073e851c7baae8ef46869a45b5cd6fac21559c7;K8S_POD_UID=e903ba0e-e96e-48c7-90d6-ad1a2a6941a3) Path(/opt/cni/bin) argsStdinData({\"capabilities\":{\"io.kubernetes.cri.pod-annotations\":true},\"cniVersion\":\"0.4.0\",\"mtu\":\"9001\",\"name\":\"aws-cni\",\"pluginLogFile\":\"/var/log/aws-routed-eni/plugin.log\",\"pluginLogLevel\":\"DEBUG\",\"podSGEnforcingMode\":\"strict\",\"runtimeConfig\":{\"io.kubernetes.cri.pod-annotations\":{\"kubernetes.io/config.seen\":\"2026-10-05T08:41:28.410235585Z\",\"kubernetes.io/config.source\":\"api\"}},\"type\":\"aws-cni\",\"vethPrefix\":\"eni\"})"}
{"level":"debug","ts":"2026-10-05T08:42:32.834Z","caller":"routed-eni-cni-plugin/cni.go:407","msg":"Connected to IPAMD via Unix socket: /var/run/aws-node/ipamd.sock"}
{"level":"info","ts":"2026-10-05T08:42:32.843Z","caller":"routed-eni-cni-plugin/cni.go:370","msg":"Container 9066b2c94a9ec782074357aa1073e851c7baae8ef46869a45b5cd6fac21559c7 not found"}
{"level":"info","ts":"2026-10-05T08:42:35.775Z","caller":"routed-eni-cni-plugin/cni.go:131","msg":"Constructed new logger instance"}
{"level":"info","ts":"2026-10-05T08:42:35.775Z","caller":"routed-eni-cni-plugin/cni.go:149","msg":"Received CNI add request: ContainerID(c2a1c1a0ca032f52550e67468e090abffe4793acc5befffb3baca59a10571025) Netns(/var/run/netns/cni-16b9dc8f-dc2f-77e2-b991-24cf0b91161b) IfName(eth0) Args(IgnoreUnknown=1;K8S_POD_NAMESPACE=default;K8S_POD_NAME=pause-68d5b89fc-5gpj2;K8S_POD_INFRA_CONTAINER_ID=c2a1c1a0ca032f52550e67468e090abffe4793acc5befffb3baca59a10571025;K8S_POD_UID=8da26452-5df7-4b5d-bf8b-b8df9d619b63) Path(/opt/cni/bin) argsStdinData({\"capabilities\":{\"io.kubernetes.cri.pod-annotations\":true},\"cniVersion\":\"0.4.0\",\"mtu\":\"9001\",\"name\":\"aws-cni\",\"pluginLogFile\":\"/var/log/aws-routed-eni/plugin.log\",\"pluginLogLevel\":\"DEBUG\",\"podSGEnforcingMode\":\"strict\",\"runtimeConfig\":{\"io.kubernetes.cri.pod-annotations\":{\"kubernetes.io/config.seen\":\"2026-10-05T08:41:28.467978233Z\",\"kubernetes.io/config.source\":\"api\"}},\"type\":\"aws-cni\",\"vethPrefix\":\"eni\"})"}
{"level":"debug","ts":"2026-10-05T08:42:35.775Z","caller":"routed-eni-cni-plugin/cni.go:149","msg":"Prev Result: <nil>\n"}
{"level":"debug","ts":"2026-10-05T08:42:35.775Z","caller":"routed-eni-cni-plugin/cni.go:149","msg":"MTU value set is 9001:"}
{"level":"debug","ts":"2026-10-05T08:42:35.775Z","caller":"routed-eni-cni-plugin/cni.go:149","msg":"pod requires multi-nic attachment: false"}
{"level":"debug","ts":"2026-10-05T08:42:35.775Z","caller":"routed-eni-cni-plugin/cni.go:190","msg":"Connected to IPAMD via Unix socket: /var/run/aws-node/ipamd.sock"}
{"level":"error","ts":"2026-10-05T08:42:35.777Z","caller":"routed-eni-cni-plugin/cni.go:149","msg":"Failed to assign an IP address to container c2a1c1a0ca032f52550e67468e090abffe4793acc5befffb3baca59a10571025"}
{"level":"info","ts":"2026-10-05T08:42:35.799Z","caller":"routed-eni-cni-plugin/cni.go:131","msg":"Constructed new logger instance"}
{"level":"debug","ts":"2026-10-05T08:42:35.800Z","caller":"routed-eni-cni-plugin/cni.go:370","msg":"Prev Result: <nil>\n"}
{"level":"info","ts":"2026-10-05T08:42:35.800Z","caller":"routed-eni-cni-plugin/cni.go:370","msg":"Received CNI del request: ContainerID(c2a1c1a0ca032f52550e67468e090abffe4793acc5befffb3baca59a10571025) Netns(/var/run/netns/cni-16b9dc8f-dc2f-77e2-b991-24cf0b91161b) IfName(eth0) Args(K8S_POD_INFRA_CONTAINER_ID=c2a1c1a0ca032f52550e67468e090abffe4793acc5befffb3baca59a10571025;K8S_POD_UID=8da26452-5df7-4b5d-bf8b-b8df9d619b63;IgnoreUnknown=1;K8S_POD_NAMESPACE=default;K8S_POD_NAME=pause-68d5b89fc-5gpj2) Path(/opt/cni/bin) argsStdinData({\"capabilities\":{\"io.kubernetes.cri.pod-annotations\":true},\"cniVersion\":\"0.4.0\",\"mtu\":\"9001\",\"name\":\"aws-cni\",\"pluginLogFile\":\"/var/log/aws-routed-eni/plugin.log\",\"pluginLogLevel\":\"DEBUG\",\"podSGEnforcingMode\":\"strict\",\"runtimeConfig\":{\"io.kubernetes.cri.pod-annotations\":{\"kubernetes.io/config.seen\":\"2026-10-05T08:41:28.467978233Z\",\"kubernetes.io/config.source\":\"api\"}},\"type\":\"aws-cni\",\"vethPrefix\":\"eni\"})"}
{"level":"debug","ts":"2026-10-05T08:42:35.800Z","caller":"routed-eni-cni-plugin/cni.go:407","msg":"Connected to IPAMD via Unix socket: /var/run/aws-node/ipamd.sock"}
{"level":"info","ts":"2026-10-05T08:42:35.801Z","caller":"routed-eni-cni-plugin/cni.go:370","msg":"Container c2a1c1a0ca032f52550e67468e090abffe4793acc5befffb3baca59a10571025 not found"}
{"level":"info","ts":"2026-10-05T08:42:44.773Z","caller":"routed-eni-cni-plugin/cni.go:131","msg":"Constructed new logger instance"}
{"level":"info","ts":"2026-10-05T08:42:44.773Z","caller":"routed-eni-cni-plugin/cni.go:149","msg":"Received CNI add request: ContainerID(46ed4d0f980e0e9dee4bd50f0afdc83fe7dedf83c61fe816a0927ec0ff129bbb) Netns(/var/run/netns/cni-351f60c1-efbf-39a2-3aed-4dba901efdbb) IfName(eth0) Args(K8S_POD_NAMESPACE=default;K8S_POD_NAME=pause-68d5b89fc-88226;K8S_POD_INFRA_CONTAINER_ID=46ed4d0f980e0e9dee4bd50f0afdc83fe7dedf83c61fe816a0927ec0ff129bbb;K8S_POD_UID=e903ba0e-e96e-48c7-90d6-ad1a2a6941a3;IgnoreUnknown=1) Path(/opt/cni/bin) argsStdinData({\"capabilities\":{\"io.kubernetes.cri.pod-annotations\":true},\"cniVersion\":\"0.4.0\",\"mtu\":\"9001\",\"name\":\"aws-cni\",\"pluginLogFile\":\"/var/log/aws-routed-eni/plugin.log\",\"pluginLogLevel\":\"DEBUG\",\"podSGEnforcingMode\":\"strict\",\"runtimeConfig\":{\"io.kubernetes.cri.pod-annotations\":{\"kubernetes.io/config.seen\":\"2026-10-05T08:41:28.410235585Z\",\"kubernetes.io/config.source\":\"api\"}},\"type\":\"aws-cni\",\"vethPrefix\":\"eni\"})"}
{"level":"debug","ts":"2026-10-05T08:42:44.773Z","caller":"routed-eni-cni-plugin/cni.go:149","msg":"Prev Result: <nil>\n"}
{"level":"debug","ts":"2026-10-05T08:42:44.773Z","caller":"routed-eni-cni-plugin/cni.go:149","msg":"MTU value set is 9001:"}
{"level":"debug","ts":"2026-10-05T08:42:44.773Z","caller":"routed-eni-cni-plugin/cni.go:149","msg":"pod requires multi-nic attachment: false"}
{"level":"debug","ts":"2026-10-05T08:42:44.774Z","caller":"routed-eni-cni-plugin/cni.go:190","msg":"Connected to IPAMD via Unix socket: /var/run/aws-node/ipamd.sock"}
{"level":"error","ts":"2026-10-05T08:42:44.775Z","caller":"routed-eni-cni-plugin/cni.go:149","msg":"Failed to assign an IP address to container 46ed4d0f980e0e9dee4bd50f0afdc83fe7dedf83c61fe816a0927ec0ff129bbb"}
{"level":"info","ts":"2026-10-05T08:42:44.799Z","caller":"routed-eni-cni-plugin/cni.go:131","msg":"Constructed new logger instance"}
{"level":"debug","ts":"2026-10-05T08:42:44.799Z","caller":"routed-eni-cni-plugin/cni.go:370","msg":"Prev Result: <nil>\n"}
{"level":"info","ts":"2026-10-05T08:42:44.799Z","caller":"routed-eni-cni-plugin/cni.go:370","msg":"Received CNI del request: ContainerID(46ed4d0f980e0e9dee4bd50f0afdc83fe7dedf83c61fe816a0927ec0ff129bbb) Netns(/var/run/netns/cni-351f60c1-efbf-39a2-3aed-4dba901efdbb) IfName(eth0) Args(K8S_POD_INFRA_CONTAINER_ID=46ed4d0f980e0e9dee4bd50f0afdc83fe7dedf83c61fe816a0927ec0ff129bbb;K8S_POD_UID=e903ba0e-e96e-48c7-90d6-ad1a2a6941a3;IgnoreUnknown=1;K8S_POD_NAMESPACE=default;K8S_POD_NAME=pause-68d5b89fc-88226) Path(/opt/cni/bin) argsStdinData({\"capabilities\":{\"io.kubernetes.cri.pod-annotations\":true},\"cniVersion\":\"0.4.0\",\"mtu\":\"9001\",\"name\":\"aws-cni\",\"pluginLogFile\":\"/var/log/aws-routed-eni/plugin.log\",\"pluginLogLevel\":\"DEBUG\",\"podSGEnforcingMode\":\"strict\",\"runtimeConfig\":{\"io.kubernetes.cri.pod-annotations\":{\"kubernetes.io/config.seen\":\"2026-10-05T08:41:28.410235585Z\",\"kubernetes.io/config.source\":\"api\"}},\"type\":\"aws-cni\",\"vethPrefix\":\"eni\"})"}
{"level":"debug","ts":"2026-10-05T08:42:44.799Z","caller":"routed-eni-cni-plugin/cni.go:407","msg":"Connected to IPAMD via Unix socket: /var/run/aws-node/ipamd.sock"}
{"level":"info","ts":"2026-10-05T08:42:44.800Z","caller":"routed-eni-cni-plugin/cni.go:370","msg":"Container 46ed4d0f980e0e9dee4bd50f0afdc83fe7dedf83c61fe816a0927ec0ff129bbb not found"}
{"level":"info","ts":"2026-10-05T08:42:47.786Z","caller":"routed-eni-cni-plugin/cni.go:131","msg":"Constructed new logger instance"}
{"level":"info","ts":"2026-10-05T08:42:47.787Z","caller":"routed-eni-cni-plugin/cni.go:149","msg":"Received CNI add request: ContainerID(1574274cc5493d612d4c1c581977138ad3bd2c8e3cd9fad8e81312f2b690c1b7) Netns(/var/run/netns/cni-8705cf26-e979-02a2-d512-bb58251926c8) IfName(eth0) Args(K8S_POD_NAMESPACE=default;K8S_POD_NAME=pause-68d5b89fc-n9q4v;K8S_POD_INFRA_CONTAINER_ID=1574274cc5493d612d4c1c581977138ad3bd2c8e3cd9fad8e81312f2b690c1b7;K8S_POD_UID=f68fbeb2-acd7-443d-aaf4-9fe8443ea42e;IgnoreUnknown=1) Path(/opt/cni/bin) argsStdinData({\"capabilities\":{\"io.kubernetes.cri.pod-annotations\":true},\"cniVersion\":\"0.4.0\",\"mtu\":\"9001\",\"name\":\"aws-cni\",\"pluginLogFile\":\"/var/log/aws-routed-eni/plugin.log\",\"pluginLogLevel\":\"DEBUG\",\"podSGEnforcingMode\":\"strict\",\"runtimeConfig\":{\"io.kubernetes.cri.pod-annotations\":{\"kubernetes.io/config.seen\":\"2026-10-05T08:41:28.340554105Z\",\"kubernetes.io/config.source\":\"api\"}},\"type\":\"aws-cni\",\"vethPrefix\":\"eni\"})"}
{"level":"debug","ts":"2026-10-05T08:42:47.787Z","caller":"routed-eni-cni-plugin/cni.go:149","msg":"Prev Result: <nil>\n"}
{"level":"debug","ts":"2026-10-05T08:42:47.787Z","caller":"routed-eni-cni-plugin/cni.go:149","msg":"MTU value set is 9001:"}
{"level":"debug","ts":"2026-10-05T08:42:47.787Z","caller":"routed-eni-cni-plugin/cni.go:149","msg":"pod requires multi-nic attachment: false"}
{"level":"debug","ts":"2026-10-05T08:42:47.787Z","caller":"routed-eni-cni-plugin/cni.go:190","msg":"Connected to IPAMD via Unix socket: /var/run/aws-node/ipamd.sock"}
{"level":"error","ts":"2026-10-05T08:42:47.790Z","caller":"routed-eni-cni-plugin/cni.go:149","msg":"Failed to assign an IP address to container 1574274cc5493d612d4c1c581977138ad3bd2c8e3cd9fad8e81312f2b690c1b7"}
{"level":"info","ts":"2026-10-05T08:42:47.794Z","caller":"routed-eni-cni-plugin/cni.go:131","msg":"Constructed new logger instance"}
{"level":"info","ts":"2026-10-05T08:42:47.794Z","caller":"routed-eni-cni-plugin/cni.go:149","msg":"Received CNI add request: ContainerID(5162f0a737756d504e8de9ef903986e408660abd47c48db6f1191063869beb02) Netns(/var/run/netns/cni-7d6971c7-0c42-6a74-de01-728dc35195b4) IfName(eth0) Args(IgnoreUnknown=1;K8S_POD_NAMESPACE=default;K8S_POD_NAME=pause-68d5b89fc-5gpj2;K8S_POD_INFRA_CONTAINER_ID=5162f0a737756d504e8de9ef903986e408660abd47c48db6f1191063869beb02;K8S_POD_UID=8da26452-5df7-4b5d-bf8b-b8df9d619b63) Path(/opt/cni/bin) argsStdinData({\"capabilities\":{\"io.kubernetes.cri.pod-annotations\":true},\"cniVersion\":\"0.4.0\",\"mtu\":\"9001\",\"name\":\"aws-cni\",\"pluginLogFile\":\"/var/log/aws-routed-eni/plugin.log\",\"pluginLogLevel\":\"DEBUG\",\"podSGEnforcingMode\":\"strict\",\"runtimeConfig\":{\"io.kubernetes.cri.pod-annotations\":{\"kubernetes.io/config.seen\":\"2026-10-05T08:41:28.467978233Z\",\"kubernetes.io/config.source\":\"api\"}},\"type\":\"aws-cni\",\"vethPrefix\":\"eni\"})"}
{"level":"debug","ts":"2026-10-05T08:42:47.794Z","caller":"routed-eni-cni-plugin/cni.go:149","msg":"Prev Result: <nil>\n"}
{"level":"debug","ts":"2026-10-05T08:42:47.794Z","caller":"routed-eni-cni-plugin/cni.go:149","msg":"MTU value set is 9001:"}
{"level":"debug","ts":"2026-10-05T08:42:47.794Z","caller":"routed-eni-cni-plugin/cni.go:149","msg":"pod requires multi-nic attachment: false"}
{"level":"debug","ts":"2026-10-05T08:42:47.795Z","caller":"routed-eni-cni-plugin/cni.go:190","msg":"Connected to IPAMD via Unix socket: /var/run/aws-node/ipamd.sock"}
{"level":"error","ts":"2026-10-05T08:42:47.797Z","caller":"routed-eni-cni-plugin/cni.go:149","msg":"Failed to assign an IP address to container 5162f0a737756d504e8de9ef903986e408660abd47c48db6f1191063869beb02"}
{"level":"info","ts":"2026-10-05T08:42:47.827Z","caller":"routed-eni-cni-plugin/cni.go:131","msg":"Constructed new logger instance"}
{"level":"debug","ts":"2026-10-05T08:42:47.827Z","caller":"routed-eni-cni-plugin/cni.go:370","msg":"Prev Result: <nil>\n"}
{"level":"info","ts":"2026-10-05T08:42:47.827Z","caller":"routed-eni-cni-plugin/cni.go:370","msg":"Received CNI del request: ContainerID(1574274cc5493d612d4c1c581977138ad3bd2c8e3cd9fad8e81312f2b690c1b7) Netns(/var/run/netns/cni-8705cf26-e979-02a2-d512-bb58251926c8) IfName(eth0) Args(IgnoreUnknown=1;K8S_POD_NAMESPACE=default;K8S_POD_NAME=pause-68d5b89fc-n9q4v;K8S_POD_INFRA_CONTAINER_ID=1574274cc5493d612d4c1c581977138ad3bd2c8e3cd9fad8e81312f2b690c1b7;K8S_POD_UID=f68fbeb2-acd7-443d-aaf4-9fe8443ea42e) Path(/opt/cni/bin) argsStdinData({\"capabilities\":{\"io.kubernetes.cri.pod-annotations\":true},\"cniVersion\":\"0.4.0\",\"mtu\":\"9001\",\"name\":\"aws-cni\",\"pluginLogFile\":\"/var/log/aws-routed-eni/plugin.log\",\"pluginLogLevel\":\"DEBUG\",\"podSGEnforcingMode\":\"strict\",\"runtimeConfig\":{\"io.kubernetes.cri.pod-annotations\":{\"kubernetes.io/config.seen\":\"2026-10-05T08:41:28.340554105Z\",\"kubernetes.io/config.source\":\"api\"}},\"type\":\"aws-cni\",\"vethPrefix\":\"eni\"})"}
{"level":"debug","ts":"2026-10-05T08:42:47.828Z","caller":"routed-eni-cni-plugin/cni.go:407","msg":"Connected to IPAMD via Unix socket: /var/run/aws-node/ipamd.sock"}
{"level":"info","ts":"2026-10-05T08:42:47.830Z","caller":"routed-eni-cni-plugin/cni.go:370","msg":"Container 1574274cc5493d612d4c1c581977138ad3bd2c8e3cd9fad8e81312f2b690c1b7 not found"}
{"level":"info","ts":"2026-10-05T08:42:47.833Z","caller":"routed-eni-cni-plugin/cni.go:131","msg":"Constructed new logger instance"}
{"level":"debug","ts":"2026-10-05T08:42:47.833Z","caller":"routed-eni-cni-plugin/cni.go:370","msg":"Prev Result: <nil>\n"}
{"level":"info","ts":"2026-10-05T08:42:47.833Z","caller":"routed-eni-cni-plugin/cni.go:370","msg":"Received CNI del request: ContainerID(5162f0a737756d504e8de9ef903986e408660abd47c48db6f1191063869beb02) Netns(/var/run/netns/cni-7d6971c7-0c42-6a74-de01-728dc35195b4) IfName(eth0) Args(K8S_POD_NAMESPACE=default;K8S_POD_NAME=pause-68d5b89fc-5gpj2;K8S_POD_INFRA_CONTAINER_ID=5162f0a737756d504e8de9ef903986e408660abd47c48db6f1191063869beb02;K8S_POD_UID=8da26452-5df7-4b5d-bf8b-b8df9d619b63;IgnoreUnknown=1) Path(/opt/cni/bin) argsStdinData({\"capabilities\":{\"io.kubernetes.cri.pod-annotations\":true},\"cniVersion\":\"0.4.0\",\"mtu\":\"9001\",\"name\":\"aws-cni\",\"pluginLogFile\":\"/var/log/aws-routed-eni/plugin.log\",\"pluginLogLevel\":\"DEBUG\",\"podSGEnforcingMode\":\"strict\",\"runtimeConfig\":{\"io.kubernetes.cri.pod-annotations\":{\"kubernetes.io/config.seen\":\"2026-10-05T08:41:28.467978233Z\",\"kubernetes.io/config.source\":\"api\"}},\"type\":\"aws-cni\",\"vethPrefix\":\"eni\"})"}
{"level":"debug","ts":"2026-10-05T08:42:47.834Z","caller":"routed-eni-cni-plugin/cni.go:407","msg":"Connected to IPAMD via Unix socket: /var/run/aws-node/ipamd.sock"}
{"level":"info","ts":"2026-10-05T08:42:47.836Z","caller":"routed-eni-cni-plugin/cni.go:370","msg":"Container 5162f0a737756d504e8de9ef903986e408660abd47c48db6f1191063869beb02 not found"}
{"level":"info","ts":"2026-10-05T08:42:56.775Z","caller":"routed-eni-cni-plugin/cni.go:131","msg":"Constructed new logger instance"}
{"level":"info","ts":"2026-10-05T08:42:56.775Z","caller":"routed-eni-cni-plugin/cni.go:149","msg":"Received CNI add request: ContainerID(249d1a52556331d937b03918bee15003076eebc72253afd375efe3418a453a68) Netns(/var/run/netns/cni-57ee24d2-a409-39b3-5798-258a19e57586) IfName(eth0) Args(K8S_POD_UID=e903ba0e-e96e-48c7-90d6-ad1a2a6941a3;IgnoreUnknown=1;K8S_POD_NAMESPACE=default;K8S_POD_NAME=pause-68d5b89fc-88226;K8S_POD_INFRA_CONTAINER_ID=249d1a52556331d937b03918bee15003076eebc72253afd375efe3418a453a68) Path(/opt/cni/bin) argsStdinData({\"capabilities\":{\"io.kubernetes.cri.pod-annotations\":true},\"cniVersion\":\"0.4.0\",\"mtu\":\"9001\",\"name\":\"aws-cni\",\"pluginLogFile\":\"/var/log/aws-routed-eni/plugin.log\",\"pluginLogLevel\":\"DEBUG\",\"podSGEnforcingMode\":\"strict\",\"runtimeConfig\":{\"io.kubernetes.cri.pod-annotations\":{\"kubernetes.io/config.seen\":\"2026-10-05T08:41:28.410235585Z\",\"kubernetes.io/config.source\":\"api\"}},\"type\":\"aws-cni\",\"vethPrefix\":\"eni\"})"}
{"level":"debug","ts":"2026-10-05T08:42:56.775Z","caller":"routed-eni-cni-plugin/cni.go:149","msg":"Prev Result: <nil>\n"}
{"level":"debug","ts":"2026-10-05T08:42:56.775Z","caller":"routed-eni-cni-plugin/cni.go:149","msg":"MTU value set is 9001:"}
{"level":"debug","ts":"2026-10-05T08:42:56.775Z","caller":"routed-eni-cni-plugin/cni.go:149","msg":"pod requires multi-nic attachment: false"}
{"level":"debug","ts":"2026-10-05T08:42:56.775Z","caller":"routed-eni-cni-plugin/cni.go:190","msg":"Connected to IPAMD via Unix socket: /var/run/aws-node/ipamd.sock"}
{"level":"error","ts":"2026-10-05T08:42:56.777Z","caller":"routed-eni-cni-plugin/cni.go:149","msg":"Failed to assign an IP address to container 249d1a52556331d937b03918bee15003076eebc72253afd375efe3418a453a68"}
{"level":"info","ts":"2026-10-05T08:42:56.799Z","caller":"routed-eni-cni-plugin/cni.go:131","msg":"Constructed new logger instance"}
{"level":"debug","ts":"2026-10-05T08:42:56.799Z","caller":"routed-eni-cni-plugin/cni.go:370","msg":"Prev Result: <nil>\n"}
{"level":"info","ts":"2026-10-05T08:42:56.800Z","caller":"routed-eni-cni-plugin/cni.go:370","msg":"Received CNI del request: ContainerID(249d1a52556331d937b03918bee15003076eebc72253afd375efe3418a453a68) Netns(/var/run/netns/cni-57ee24d2-a409-39b3-5798-258a19e57586) IfName(eth0) Args(IgnoreUnknown=1;K8S_POD_NAMESPACE=default;K8S_POD_NAME=pause-68d5b89fc-88226;K8S_POD_INFRA_CONTAINER_ID=249d1a52556331d937b03918bee15003076eebc72253afd375efe3418a453a68;K8S_POD_UID=e903ba0e-e96e-48c7-90d6-ad1a2a6941a3) Path(/opt/cni/bin) argsStdinData({\"capabilities\":{\"io.kubernetes.cri.pod-annotations\":true},\"cniVersion\":\"0.4.0\",\"mtu\":\"9001\",\"name\":\"aws-cni\",\"pluginLogFile\":\"/var/log/aws-routed-eni/plugin.log\",\"pluginLogLevel\":\"DEBUG\",\"podSGEnforcingMode\":\"strict\",\"runtimeConfig\":{\"io.kubernetes.cri.pod-annotations\":{\"kubernetes.io/config.seen\":\"2026-10-05T08:41:28.410235585Z\",\"kubernetes.io/config.source\":\"api\"}},\"type\":\"aws-cni\",\"vethPrefix\":\"eni\"})"}
{"level":"debug","ts":"2026-10-05T08:42:56.800Z","caller":"routed-eni-cni-plugin/cni.go:407","msg":"Connected to IPAMD via Unix socket: /var/run/aws-node/ipamd.sock"}
{"level":"info","ts":"2026-10-05T08:42:56.801Z","caller":"routed-eni-cni-plugin/cni.go:370","msg":"Container 249d1a52556331d937b03918bee15003076eebc72253afd375efe3418a453a68 not found"}
{"level":"info","ts":"2026-10-05T08:42:58.773Z","caller":"routed-eni-cni-plugin/cni.go:131","msg":"Constructed new logger instance"}
{"level":"info","ts":"2026-10-05T08:42:58.773Z","caller":"routed-eni-cni-plugin/cni.go:149","msg":"Received CNI add request: ContainerID(8a91e0268b19f0ef45536439b34dcacf19f96bea4c5690a10fa6e0499e3abe8f) Netns(/var/run/netns/cni-bf960e38-05ad-04c8-8f50-93b41bcb55eb) IfName(eth0) Args(K8S_POD_UID=f68fbeb2-acd7-443d-aaf4-9fe8443ea42e;IgnoreUnknown=1;K8S_POD_NAMESPACE=default;K8S_POD_NAME=pause-68d5b89fc-n9q4v;K8S_POD_INFRA_CONTAINER_ID=8a91e0268b19f0ef45536439b34dcacf19f96bea4c5690a10fa6e0499e3abe8f) Path(/opt/cni/bin) argsStdinData({\"capabilities\":{\"io.kubernetes.cri.pod-annotations\":true},\"cniVersion\":\"0.4.0\",\"mtu\":\"9001\",\"name\":\"aws-cni\",\"pluginLogFile\":\"/var/log/aws-routed-eni/plugin.log\",\"pluginLogLevel\":\"DEBUG\",\"podSGEnforcingMode\":\"strict\",\"runtimeConfig\":{\"io.kubernetes.cri.pod-annotations\":{\"kubernetes.io/config.seen\":\"2026-10-05T08:41:28.340554105Z\",\"kubernetes.io/config.source\":\"api\"}},\"type\":\"aws-cni\",\"vethPrefix\":\"eni\"})"}
{"level":"debug","ts":"2026-10-05T08:42:58.773Z","caller":"routed-eni-cni-plugin/cni.go:149","msg":"Prev Result: <nil>\n"}
{"level":"debug","ts":"2026-10-05T08:42:58.773Z","caller":"routed-eni-cni-plugin/cni.go:149","msg":"MTU value set is 9001:"}
{"level":"debug","ts":"2026-10-05T08:42:58.773Z","caller":"routed-eni-cni-plugin/cni.go:149","msg":"pod requires multi-nic attachment: false"}
{"level":"debug","ts":"2026-10-05T08:42:58.774Z","caller":"routed-eni-cni-plugin/cni.go:190","msg":"Connected to IPAMD via Unix socket: /var/run/aws-node/ipamd.sock"}
{"level":"error","ts":"2026-10-05T08:42:58.775Z","caller":"routed-eni-cni-plugin/cni.go:149","msg":"Failed to assign an IP address to container 8a91e0268b19f0ef45536439b34dcacf19f96bea4c5690a10fa6e0499e3abe8f"}
{"level":"info","ts":"2026-10-05T08:42:58.798Z","caller":"routed-eni-cni-plugin/cni.go:131","msg":"Constructed new logger instance"}
{"level":"debug","ts":"2026-10-05T08:42:58.798Z","caller":"routed-eni-cni-plugin/cni.go:370","msg":"Prev Result: <nil>\n"}
{"level":"info","ts":"2026-10-05T08:42:58.798Z","caller":"routed-eni-cni-plugin/cni.go:370","msg":"Received CNI del request: ContainerID(8a91e0268b19f0ef45536439b34dcacf19f96bea4c5690a10fa6e0499e3abe8f) Netns(/var/run/netns/cni-bf960e38-05ad-04c8-8f50-93b41bcb55eb) IfName(eth0) Args(K8S_POD_NAMESPACE=default;K8S_POD_NAME=pause-68d5b89fc-n9q4v;K8S_POD_INFRA_CONTAINER_ID=8a91e0268b19f0ef45536439b34dcacf19f96bea4c5690a10fa6e0499e3abe8f;K8S_POD_UID=f68fbeb2-acd7-443d-aaf4-9fe8443ea42e;IgnoreUnknown=1) Path(/opt/cni/bin) argsStdinData({\"capabilities\":{\"io.kubernetes.cri.pod-annotations\":true},\"cniVersion\":\"0.4.0\",\"mtu\":\"9001\",\"name\":\"aws-cni\",\"pluginLogFile\":\"/var/log/aws-routed-eni/plugin.log\",\"pluginLogLevel\":\"DEBUG\",\"podSGEnforcingMode\":\"strict\",\"runtimeConfig\":{\"io.kubernetes.cri.pod-annotations\":{\"kubernetes.io/config.seen\":\"2026-10-05T08:41:28.340554105Z\",\"kubernetes.io/config.source\":\"api\"}},\"type\":\"aws-cni\",\"vethPrefix\":\"eni\"})"}
{"level":"debug","ts":"2026-10-05T08:42:58.798Z","caller":"routed-eni-cni-plugin/cni.go:407","msg":"Connected to IPAMD via Unix socket: /var/run/aws-node/ipamd.sock"}
{"level":"info","ts":"2026-10-05T08:42:58.799Z","caller":"routed-eni-cni-plugin/cni.go:370","msg":"Container 8a91e0268b19f0ef45536439b34dcacf19f96bea4c5690a10fa6e0499e3abe8f not found"}
{"level":"info","ts":"2026-10-05T08:42:59.773Z","caller":"routed-eni-cni-plugin/cni.go:131","msg":"Constructed new logger instance"}
{"level":"info","ts":"2026-10-05T08:42:59.774Z","caller":"routed-eni-cni-plugin/cni.go:149","msg":"Received CNI add request: ContainerID(e198256938e10dff327cfb926a54c2ccdcf0d5685a683536af30765df0d381f6) Netns(/var/run/netns/cni-64a758b3-9707-74a4-3569-0c14ef2a6fb1) IfName(eth0) Args(IgnoreUnknown=1;K8S_POD_NAMESPACE=default;K8S_POD_NAME=pause-68d5b89fc-5gpj2;K8S_POD_INFRA_CONTAINER_ID=e198256938e10dff327cfb926a54c2ccdcf0d5685a683536af30765df0d381f6;K8S_POD_UID=8da26452-5df7-4b5d-bf8b-b8df9d619b63) Path(/opt/cni/bin) argsStdinData({\"capabilities\":{\"io.kubernetes.cri.pod-annotations\":true},\"cniVersion\":\"0.4.0\",\"mtu\":\"9001\",\"name\":\"aws-cni\",\"pluginLogFile\":\"/var/log/aws-routed-eni/plugin.log\",\"pluginLogLevel\":\"DEBUG\",\"podSGEnforcingMode\":\"strict\",\"runtimeConfig\":{\"io.kubernetes.cri.pod-annotations\":{\"kubernetes.io/config.seen\":\"2026-10-05T08:41:28.467978233Z\",\"kubernetes.io/config.source\":\"api\"}},\"type\":\"aws-cni\",\"vethPrefix\":\"eni\"})"}
{"level":"debug","ts":"2026-10-05T08:42:59.774Z","caller":"routed-eni-cni-plugin/cni.go:149","msg":"Prev Result: <nil>\n"}
{"level":"debug","ts":"2026-10-05T08:42:59.774Z","caller":"routed-eni-cni-plugin/cni.go:149","msg":"MTU value set is 9001:"}
{"level":"debug","ts":"2026-10-05T08:42:59.774Z","caller":"routed-eni-cni-plugin/cni.go:149","msg":"pod requires multi-nic attachment: false"}
{"level":"debug","ts":"2026-10-05T08:42:59.774Z","caller":"routed-eni-cni-plugin/cni.go:190","msg":"Connected to IPAMD via Unix socket: /var/run/aws-node/ipamd.sock"}
{"level":"error","ts":"2026-10-05T08:42:59.775Z","caller":"routed-eni-cni-plugin/cni.go:149","msg":"Failed to assign an IP address to container e198256938e10dff327cfb926a54c2ccdcf0d5685a683536af30765df0d381f6"}
{"level":"info","ts":"2026-10-05T08:42:59.798Z","caller":"routed-eni-cni-plugin/cni.go:131","msg":"Constructed new logger instance"}
{"level":"debug","ts":"2026-10-05T08:42:59.798Z","caller":"routed-eni-cni-plugin/cni.go:370","msg":"Prev Result: <nil>\n"}
{"level":"info","ts":"2026-10-05T08:42:59.798Z","caller":"routed-eni-cni-plugin/cni.go:370","msg":"Received CNI del request: ContainerID(e198256938e10dff327cfb926a54c2ccdcf0d5685a683536af30765df0d381f6) Netns(/var/run/netns/cni-64a758b3-9707-74a4-3569-0c14ef2a6fb1) IfName(eth0) Args(IgnoreUnknown=1;K8S_POD_NAMESPACE=default;K8S_POD_NAME=pause-68d5b89fc-5gpj2;K8S_POD_INFRA_CONTAINER_ID=e198256938e10dff327cfb926a54c2ccdcf0d5685a683536af30765df0d381f6;K8S_POD_UID=8da26452-5df7-4b5d-bf8b-b8df9d619b63) Path(/opt/cni/bin) argsStdinData({\"capabilities\":{\"io.kubernetes.cri.pod-annotations\":true},\"cniVersion\":\"0.4.0\",\"mtu\":\"9001\",\"name\":\"aws-cni\",\"pluginLogFile\":\"/var/log/aws-routed-eni/plugin.log\",\"pluginLogLevel\":\"DEBUG\",\"podSGEnforcingMode\":\"strict\",\"runtimeConfig\":{\"io.kubernetes.cri.pod-annotations\":{\"kubernetes.io/config.seen\":\"2026-10-05T08:41:28.467978233Z\",\"kubernetes.io/config.source\":\"api\"}},\"type\":\"aws-cni\",\"vethPrefix\":\"eni\"})"}
{"level":"debug","ts":"2026-10-05T08:42:59.799Z","caller":"routed-eni-cni-plugin/cni.go:407","msg":"Connected to IPAMD via Unix socket: /var/run/aws-node/ipamd.sock"}
{"level":"info","ts":"2026-10-05T08:42:59.800Z","caller":"routed-eni-cni-plugin/cni.go:370","msg":"Container e198256938e10dff327cfb926a54c2ccdcf0d5685a683536af30765df0d381f6 not found"}
{"level":"info","ts":"2026-10-05T08:43:08.773Z","caller":"routed-eni-cni-plugin/cni.go:131","msg":"Constructed new logger instance"}
{"level":"info","ts":"2026-10-05T08:43:08.774Z","caller":"routed-eni-cni-plugin/cni.go:149","msg":"Received CNI add request: ContainerID(f7405329514c45c1a1b798e7c8f99ec1ad275d7efe70fb3b14814a87832c05dc) Netns(/var/run/netns/cni-f41d860c-6d7c-2874-baab-3603aa9c9ba6) IfName(eth0) Args(K8S_POD_INFRA_CONTAINER_ID=f7405329514c45c1a1b798e7c8f99ec1ad275d7efe70fb3b14814a87832c05dc;K8S_POD_UID=e903ba0e-e96e-48c7-90d6-ad1a2a6941a3;IgnoreUnknown=1;K8S_POD_NAMESPACE=default;K8S_POD_NAME=pause-68d5b89fc-88226) Path(/opt/cni/bin) argsStdinData({\"capabilities\":{\"io.kubernetes.cri.pod-annotations\":true},\"cniVersion\":\"0.4.0\",\"mtu\":\"9001\",\"name\":\"aws-cni\",\"pluginLogFile\":\"/var/log/aws-routed-eni/plugin.log\",\"pluginLogLevel\":\"DEBUG\",\"podSGEnforcingMode\":\"strict\",\"runtimeConfig\":{\"io.kubernetes.cri.pod-annotations\":{\"kubernetes.io/config.seen\":\"2026-10-05T08:41:28.410235585Z\",\"kubernetes.io/config.source\":\"api\"}},\"type\":\"aws-cni\",\"vethPrefix\":\"eni\"})"}
{"level":"debug","ts":"2026-10-05T08:43:08.774Z","caller":"routed-eni-cni-plugin/cni.go:149","msg":"Prev Result: <nil>\n"}
{"level":"debug","ts":"2026-10-05T08:43:08.774Z","caller":"routed-eni-cni-plugin/cni.go:149","msg":"MTU value set is 9001:"}
{"level":"debug","ts":"2026-10-05T08:43:08.774Z","caller":"routed-eni-cni-plugin/cni.go:149","msg":"pod requires multi-nic attachment: false"}
{"level":"debug","ts":"2026-10-05T08:43:08.775Z","caller":"routed-eni-cni-plugin/cni.go:190","msg":"Connected to IPAMD via Unix socket: /var/run/aws-node/ipamd.sock"}
{"level":"error","ts":"2026-10-05T08:43:08.776Z","caller":"routed-eni-cni-plugin/cni.go:149","msg":"Failed to assign an IP address to container f7405329514c45c1a1b798e7c8f99ec1ad275d7efe70fb3b14814a87832c05dc"}
{"level":"info","ts":"2026-10-05T08:43:08.800Z","caller":"routed-eni-cni-plugin/cni.go:131","msg":"Constructed new logger instance"}
{"level":"debug","ts":"2026-10-05T08:43:08.800Z","caller":"routed-eni-cni-plugin/cni.go:370","msg":"Prev Result: <nil>\n"}
{"level":"info","ts":"2026-10-05T08:43:08.800Z","caller":"routed-eni-cni-plugin/cni.go:370","msg":"Received CNI del request: ContainerID(f7405329514c45c1a1b798e7c8f99ec1ad275d7efe70fb3b14814a87832c05dc) Netns(/var/run/netns/cni-f41d860c-6d7c-2874-baab-3603aa9c9ba6) IfName(eth0) Args(IgnoreUnknown=1;K8S_POD_NAMESPACE=default;K8S_POD_NAME=pause-68d5b89fc-88226;K8S_POD_INFRA_CONTAINER_ID=f7405329514c45c1a1b798e7c8f99ec1ad275d7efe70fb3b14814a87832c05dc;K8S_POD_UID=e903ba0e-e96e-48c7-90d6-ad1a2a6941a3) Path(/opt/cni/bin) argsStdinData({\"capabilities\":{\"io.kubernetes.cri.pod-annotations\":true},\"cniVersion\":\"0.4.0\",\"mtu\":\"9001\",\"name\":\"aws-cni\",\"pluginLogFile\":\"/var/log/aws-routed-eni/plugin.log\",\"pluginLogLevel\":\"DEBUG\",\"podSGEnforcingMode\":\"strict\",\"runtimeConfig\":{\"io.kubernetes.cri.pod-annotations\":{\"kubernetes.io/config.seen\":\"2026-10-05T08:41:28.410235585Z\",\"kubernetes.io/config.source\":\"api\"}},\"type\":\"aws-cni\",\"vethPrefix\":\"eni\"})"}
{"level":"debug","ts":"2026-10-05T08:43:08.801Z","caller":"routed-eni-cni-plugin/cni.go:407","msg":"Connected to IPAMD via Unix socket: /var/run/aws-node/ipamd.sock"}
{"level":"info","ts":"2026-10-05T08:43:08.802Z","caller":"routed-eni-cni-plugin/cni.go:370","msg":"Container f7405329514c45c1a1b798e7c8f99ec1ad275d7efe70fb3b14814a87832c05dc not found"}
{"level":"info","ts":"2026-10-05T08:43:11.774Z","caller":"routed-eni-cni-plugin/cni.go:131","msg":"Constructed new logger instance"}
{"level":"info","ts":"2026-10-05T08:43:11.774Z","caller":"routed-eni-cni-plugin/cni.go:149","msg":"Received CNI add request: ContainerID(6eed20d3595f1bb12c89a7fab062a7c89784e7062a127892b4d8224e8e9c988c) Netns(/var/run/netns/cni-833b7bb4-40d9-6247-6172-4b49a6590c08) IfName(eth0) Args(K8S_POD_UID=8da26452-5df7-4b5d-bf8b-b8df9d619b63;IgnoreUnknown=1;K8S_POD_NAMESPACE=default;K8S_POD_NAME=pause-68d5b89fc-5gpj2;K8S_POD_INFRA_CONTAINER_ID=6eed20d3595f1bb12c89a7fab062a7c89784e7062a127892b4d8224e8e9c988c) Path(/opt/cni/bin) argsStdinData({\"capabilities\":{\"io.kubernetes.cri.pod-annotations\":true},\"cniVersion\":\"0.4.0\",\"mtu\":\"9001\",\"name\":\"aws-cni\",\"pluginLogFile\":\"/var/log/aws-routed-eni/plugin.log\",\"pluginLogLevel\":\"DEBUG\",\"podSGEnforcingMode\":\"strict\",\"runtimeConfig\":{\"io.kubernetes.cri.pod-annotations\":{\"kubernetes.io/config.seen\":\"2026-10-05T08:41:28.467978233Z\",\"kubernetes.io/config.source\":\"api\"}},\"type\":\"aws-cni\",\"vethPrefix\":\"eni\"})"}
{"level":"debug","ts":"2026-10-05T08:43:11.774Z","caller":"routed-eni-cni-plugin/cni.go:149","msg":"Prev Result: <nil>\n"}
{"level":"debug","ts":"2026-10-05T08:43:11.774Z","caller":"routed-eni-cni-plugin/cni.go:149","msg":"MTU value set is 9001:"}
{"level":"debug","ts":"2026-10-05T08:43:11.774Z","caller":"routed-eni-cni-plugin/cni.go:149","msg":"pod requires multi-nic attachment: false"}
{"level":"debug","ts":"2026-10-05T08:43:11.775Z","caller":"routed-eni-cni-plugin/cni.go:190","msg":"Connected to IPAMD via Unix socket: /var/run/aws-node/ipamd.sock"}
{"level":"error","ts":"2026-10-05T08:43:11.776Z","caller":"routed-eni-cni-plugin/cni.go:149","msg":"Failed to assign an IP address to container 6eed20d3595f1bb12c89a7fab062a7c89784e7062a127892b4d8224e8e9c988c"}
{"level":"info","ts":"2026-10-05T08:43:11.799Z","caller":"routed-eni-cni-plugin/cni.go:131","msg":"Constructed new logger instance"}
{"level":"debug","ts":"2026-10-05T08:43:11.799Z","caller":"routed-eni-cni-plugin/cni.go:370","msg":"Prev Result: <nil>\n"}
{"level":"info","ts":"2026-10-05T08:43:11.799Z","caller":"routed-eni-cni-plugin/cni.go:370","msg":"Received CNI del request: ContainerID(6eed20d3595f1bb12c89a7fab062a7c89784e7062a127892b4d8224e8e9c988c) Netns(/var/run/netns/cni-833b7bb4-40d9-6247-6172-4b49a6590c08) IfName(eth0) Args(IgnoreUnknown=1;K8S_POD_NAMESPACE=default;K8S_POD_NAME=pause-68d5b89fc-5gpj2;K8S_POD_INFRA_CONTAINER_ID=6eed20d3595f1bb12c89a7fab062a7c89784e7062a127892b4d8224e8e9c988c;K8S_POD_UID=8da26452-5df7-4b5d-bf8b-b8df9d619b63) Path(/opt/cni/bin) argsStdinData({\"capabilities\":{\"io.kubernetes.cri.pod-annotations\":true},\"cniVersion\":\"0.4.0\",\"mtu\":\"9001\",\"name\":\"aws-cni\",\"pluginLogFile\":\"/var/log/aws-routed-eni/plugin.log\",\"pluginLogLevel\":\"DEBUG\",\"podSGEnforcingMode\":\"strict\",\"runtimeConfig\":{\"io.kubernetes.cri.pod-annotations\":{\"kubernetes.io/config.seen\":\"2026-10-05T08:41:28.467978233Z\",\"kubernetes.io/config.source\":\"api\"}},\"type\":\"aws-cni\",\"vethPrefix\":\"eni\"})"}
{"level":"debug","ts":"2026-10-05T08:43:11.799Z","caller":"routed-eni-cni-plugin/cni.go:407","msg":"Connected to IPAMD via Unix socket: /var/run/aws-node/ipamd.sock"}
{"level":"info","ts":"2026-10-05T08:43:11.801Z","caller":"routed-eni-cni-plugin/cni.go:370","msg":"Container 6eed20d3595f1bb12c89a7fab062a7c89784e7062a127892b4d8224e8e9c988c not found"}
{"level":"info","ts":"2026-10-05T08:43:13.777Z","caller":"routed-eni-cni-plugin/cni.go:131","msg":"Constructed new logger instance"}
{"level":"info","ts":"2026-10-05T08:43:13.777Z","caller":"routed-eni-cni-plugin/cni.go:149","msg":"Received CNI add request: ContainerID(cd905d0c0bd3f5430621816971f192ab2c104a0938f8564fa3b8356ecc4b097b) Netns(/var/run/netns/cni-1a0bf5a0-ad23-6208-6fe3-19e49f62f924) IfName(eth0) Args(IgnoreUnknown=1;K8S_POD_NAMESPACE=default;K8S_POD_NAME=pause-68d5b89fc-n9q4v;K8S_POD_INFRA_CONTAINER_ID=cd905d0c0bd3f5430621816971f192ab2c104a0938f8564fa3b8356ecc4b097b;K8S_POD_UID=f68fbeb2-acd7-443d-aaf4-9fe8443ea42e) Path(/opt/cni/bin) argsStdinData({\"capabilities\":{\"io.kubernetes.cri.pod-annotations\":true},\"cniVersion\":\"0.4.0\",\"mtu\":\"9001\",\"name\":\"aws-cni\",\"pluginLogFile\":\"/var/log/aws-routed-eni/plugin.log\",\"pluginLogLevel\":\"DEBUG\",\"podSGEnforcingMode\":\"strict\",\"runtimeConfig\":{\"io.kubernetes.cri.pod-annotations\":{\"kubernetes.io/config.seen\":\"2026-10-05T08:41:28.340554105Z\",\"kubernetes.io/config.source\":\"api\"}},\"type\":\"aws-cni\",\"vethPrefix\":\"eni\"})"}
{"level":"debug","ts":"2026-10-05T08:43:13.777Z","caller":"routed-eni-cni-plugin/cni.go:149","msg":"Prev Result: <nil>\n"}
{"level":"debug","ts":"2026-10-05T08:43:13.777Z","caller":"routed-eni-cni-plugin/cni.go:149","msg":"MTU value set is 9001:"}
{"level":"debug","ts":"2026-10-05T08:43:13.777Z","caller":"routed-eni-cni-plugin/cni.go:149","msg":"pod requires multi-nic attachment: false"}
{"level":"debug","ts":"2026-10-05T08:43:13.777Z","caller":"routed-eni-cni-plugin/cni.go:190","msg":"Connected to IPAMD via Unix socket: /var/run/aws-node/ipamd.sock"}
{"level":"error","ts":"2026-10-05T08:43:13.779Z","caller":"routed-eni-cni-plugin/cni.go:149","msg":"Failed to assign an IP address to container cd905d0c0bd3f5430621816971f192ab2c104a0938f8564fa3b8356ecc4b097b"}
{"level":"info","ts":"2026-10-05T08:43:13.803Z","caller":"routed-eni-cni-plugin/cni.go:131","msg":"Constructed new logger instance"}
{"level":"debug","ts":"2026-10-05T08:43:13.803Z","caller":"routed-eni-cni-plugin/cni.go:370","msg":"Prev Result: <nil>\n"}
{"level":"info","ts":"2026-10-05T08:43:13.803Z","caller":"routed-eni-cni-plugin/cni.go:370","msg":"Received CNI del request: ContainerID(cd905d0c0bd3f5430621816971f192ab2c104a0938f8564fa3b8356ecc4b097b) Netns(/var/run/netns/cni-1a0bf5a0-ad23-6208-6fe3-19e49f62f924) IfName(eth0) Args(K8S_POD_NAMESPACE=default;K8S_POD_NAME=pause-68d5b89fc-n9q4v;K8S_POD_INFRA_CONTAINER_ID=cd905d0c0bd3f5430621816971f192ab2c104a0938f8564fa3b8356ecc4b097b;K8S_POD_UID=f68fbeb2-acd7-443d-aaf4-9fe8443ea42e;IgnoreUnknown=1) Path(/opt/cni/bin) argsStdinData({\"capabilities\":{\"io.kubernetes.cri.pod-annotations\":true},\"cniVersion\":\"0.4.0\",\"mtu\":\"9001\",\"name\":\"aws-cni\",\"pluginLogFile\":\"/var/log/aws-routed-eni/plugin.log\",\"pluginLogLevel\":\"DEBUG\",\"podSGEnforcingMode\":\"strict\",\"runtimeConfig\":{\"io.kubernetes.cri.pod-annotations\":{\"kubernetes.io/config.seen\":\"2026-10-05T08:41:28.340554105Z\",\"kubernetes.io/config.source\":\"api\"}},\"type\":\"aws-cni\",\"vethPrefix\":\"eni\"})"}
{"level":"debug","ts":"2026-10-05T08:43:13.803Z","caller":"routed-eni-cni-plugin/cni.go:407","msg":"Connected to IPAMD via Unix socket: /var/run/aws-node/ipamd.sock"}
{"level":"info","ts":"2026-10-05T08:43:13.805Z","caller":"routed-eni-cni-plugin/cni.go:370","msg":"Container cd905d0c0bd3f5430621816971f192ab2c104a0938f8564fa3b8356ecc4b097b not found"}
{"level":"info","ts":"2026-10-05T08:43:20.773Z","caller":"routed-eni-cni-plugin/cni.go:131","msg":"Constructed new logger instance"}
{"level":"info","ts":"2026-10-05T08:43:20.773Z","caller":"routed-eni-cni-plugin/cni.go:149","msg":"Received CNI add request: ContainerID(fc33b3f137681ae6d15d333c77ee1602f0251c91a59509dd48469653aa9024fb) Netns(/var/run/netns/cni-d47f3e59-ad08-1050-cc57-853ce5b1fa57) IfName(eth0) Args(K8S_POD_INFRA_CONTAINER_ID=fc33b3f137681ae6d15d333c77ee1602f0251c91a59509dd48469653aa9024fb;K8S_POD_UID=e903ba0e-e96e-48c7-90d6-ad1a2a6941a3;IgnoreUnknown=1;K8S_POD_NAMESPACE=default;K8S_POD_NAME=pause-68d5b89fc-88226) Path(/opt/cni/bin) argsStdinData({\"capabilities\":{\"io.kubernetes.cri.pod-annotations\":true},\"cniVersion\":\"0.4.0\",\"mtu\":\"9001\",\"name\":\"aws-cni\",\"pluginLogFile\":\"/var/log/aws-routed-eni/plugin.log\",\"pluginLogLevel\":\"DEBUG\",\"podSGEnforcingMode\":\"strict\",\"runtimeConfig\":{\"io.kubernetes.cri.pod-annotations\":{\"kubernetes.io/config.seen\":\"2026-10-05T08:41:28.410235585Z\",\"kubernetes.io/config.source\":\"api\"}},\"type\":\"aws-cni\",\"vethPrefix\":\"eni\"})"}
{"level":"debug","ts":"2026-10-05T08:43:20.773Z","caller":"routed-eni-cni-plugin/cni.go:149","msg":"Prev Result: <nil>\n"}
{"level":"debug","ts":"2026-10-05T08:43:20.773Z","caller":"routed-eni-cni-plugin/cni.go:149","msg":"MTU value set is 9001:"}
{"level":"debug","ts":"2026-10-05T08:43:20.773Z","caller":"routed-eni-cni-plugin/cni.go:149","msg":"pod requires multi-nic attachment: false"}
{"level":"debug","ts":"2026-10-05T08:43:20.773Z","caller":"routed-eni-cni-plugin/cni.go:190","msg":"Connected to IPAMD via Unix socket: /var/run/aws-node/ipamd.sock"}
{"level":"error","ts":"2026-10-05T08:43:20.775Z","caller":"routed-eni-cni-plugin/cni.go:149","msg":"Failed to assign an IP address to container fc33b3f137681ae6d15d333c77ee1602f0251c91a59509dd48469653aa9024fb"}
{"level":"info","ts":"2026-10-05T08:43:20.798Z","caller":"routed-eni-cni-plugin/cni.go:131","msg":"Constructed new logger instance"}
{"level":"debug","ts":"2026-10-05T08:43:20.798Z","caller":"routed-eni-cni-plugin/cni.go:370","msg":"Prev Result: <nil>\n"}
{"level":"info","ts":"2026-10-05T08:43:20.798Z","caller":"routed-eni-cni-plugin/cni.go:370","msg":"Received CNI del request: ContainerID(fc33b3f137681ae6d15d333c77ee1602f0251c91a59509dd48469653aa9024fb) Netns(/var/run/netns/cni-d47f3e59-ad08-1050-cc57-853ce5b1fa57) IfName(eth0) Args(K8S_POD_NAME=pause-68d5b89fc-88226;K8S_POD_INFRA_CONTAINER_ID=fc33b3f137681ae6d15d333c77ee1602f0251c91a59509dd48469653aa9024fb;K8S_POD_UID=e903ba0e-e96e-48c7-90d6-ad1a2a6941a3;IgnoreUnknown=1;K8S_POD_NAMESPACE=default) Path(/opt/cni/bin) argsStdinData({\"capabilities\":{\"io.kubernetes.cri.pod-annotations\":true},\"cniVersion\":\"0.4.0\",\"mtu\":\"9001\",\"name\":\"aws-cni\",\"pluginLogFile\":\"/var/log/aws-routed-eni/plugin.log\",\"pluginLogLevel\":\"DEBUG\",\"podSGEnforcingMode\":\"strict\",\"runtimeConfig\":{\"io.kubernetes.cri.pod-annotations\":{\"kubernetes.io/config.seen\":\"2026-10-05T08:41:28.410235585Z\",\"kubernetes.io/config.source\":\"api\"}},\"type\":\"aws-cni\",\"vethPrefix\":\"eni\"})"}
{"level":"debug","ts":"2026-10-05T08:43:20.799Z","caller":"routed-eni-cni-plugin/cni.go:407","msg":"Connected to IPAMD via Unix socket: /var/run/aws-node/ipamd.sock"}
{"level":"info","ts":"2026-10-05T08:43:20.800Z","caller":"routed-eni-cni-plugin/cni.go:370","msg":"Container fc33b3f137681ae6d15d333c77ee1602f0251c91a59509dd48469653aa9024fb not found"}
{"level":"info","ts":"2026-10-05T08:43:25.775Z","caller":"routed-eni-cni-plugin/cni.go:131","msg":"Constructed new logger instance"}
{"level":"info","ts":"2026-10-05T08:43:25.775Z","caller":"routed-eni-cni-plugin/cni.go:149","msg":"Received CNI add request: ContainerID(0bb7d9b14c2ba7d1383ff84e23b6f46ca33b71b63729c1597d26f8ea56617c6a) Netns(/var/run/netns/cni-01feb5a3-5f56-8ac8-2170-f8066de5d6b0) IfName(eth0) Args(K8S_POD_UID=8da26452-5df7-4b5d-bf8b-b8df9d619b63;IgnoreUnknown=1;K8S_POD_NAMESPACE=default;K8S_POD_NAME=pause-68d5b89fc-5gpj2;K8S_POD_INFRA_CONTAINER_ID=0bb7d9b14c2ba7d1383ff84e23b6f46ca33b71b63729c1597d26f8ea56617c6a) Path(/opt/cni/bin) argsStdinData({\"capabilities\":{\"io.kubernetes.cri.pod-annotations\":true},\"cniVersion\":\"0.4.0\",\"mtu\":\"9001\",\"name\":\"aws-cni\",\"pluginLogFile\":\"/var/log/aws-routed-eni/plugin.log\",\"pluginLogLevel\":\"DEBUG\",\"podSGEnforcingMode\":\"strict\",\"runtimeConfig\":{\"io.kubernetes.cri.pod-annotations\":{\"kubernetes.io/config.seen\":\"2026-10-05T08:41:28.467978233Z\",\"kubernetes.io/config.source\":\"api\"}},\"type\":\"aws-cni\",\"vethPrefix\":\"eni\"})"}
{"level":"debug","ts":"2026-10-05T08:43:25.775Z","caller":"routed-eni-cni-plugin/cni.go:149","msg":"Prev Result: <nil>\n"}
{"level":"debug","ts":"2026-10-05T08:43:25.775Z","caller":"routed-eni-cni-plugin/cni.go:149","msg":"MTU value set is 9001:"}
{"level":"debug","ts":"2026-10-05T08:43:25.775Z","caller":"routed-eni-cni-plugin/cni.go:149","msg":"pod requires multi-nic attachment: false"}
{"level":"debug","ts":"2026-10-05T08:43:25.775Z","caller":"routed-eni-cni-plugin/cni.go:190","msg":"Connected to IPAMD via Unix socket: /var/run/aws-node/ipamd.sock"}
{"level":"error","ts":"2026-10-05T08:43:25.776Z","caller":"routed-eni-cni-plugin/cni.go:149","msg":"Failed to assign an IP address to container 0bb7d9b14c2ba7d1383ff84e23b6f46ca33b71b63729c1597d26f8ea56617c6a"}
{"level":"info","ts":"2026-10-05T08:43:25.799Z","caller":"routed-eni-cni-plugin/cni.go:131","msg":"Constructed new logger instance"}
{"level":"debug","ts":"2026-10-05T08:43:25.799Z","caller":"routed-eni-cni-plugin/cni.go:370","msg":"Prev Result: <nil>\n"}
{"level":"info","ts":"2026-10-05T08:43:25.799Z","caller":"routed-eni-cni-plugin/cni.go:370","msg":"Received CNI del request: ContainerID(0bb7d9b14c2ba7d1383ff84e23b6f46ca33b71b63729c1597d26f8ea56617c6a) Netns(/var/run/netns/cni-01feb5a3-5f56-8ac8-2170-f8066de5d6b0) IfName(eth0) Args(K8S_POD_NAMESPACE=default;K8S_POD_NAME=pause-68d5b89fc-5gpj2;K8S_POD_INFRA_CONTAINER_ID=0bb7d9b14c2ba7d1383ff84e23b6f46ca33b71b63729c1597d26f8ea56617c6a;K8S_POD_UID=8da26452-5df7-4b5d-bf8b-b8df9d619b63;IgnoreUnknown=1) Path(/opt/cni/bin) argsStdinData({\"capabilities\":{\"io.kubernetes.cri.pod-annotations\":true},\"cniVersion\":\"0.4.0\",\"mtu\":\"9001\",\"name\":\"aws-cni\",\"pluginLogFile\":\"/var/log/aws-routed-eni/plugin.log\",\"pluginLogLevel\":\"DEBUG\",\"podSGEnforcingMode\":\"strict\",\"runtimeConfig\":{\"io.kubernetes.cri.pod-annotations\":{\"kubernetes.io/config.seen\":\"2026-10-05T08:41:28.467978233Z\",\"kubernetes.io/config.source\":\"api\"}},\"type\":\"aws-cni\",\"vethPrefix\":\"eni\"})"}
{"level":"debug","ts":"2026-10-05T08:43:25.799Z","caller":"routed-eni-cni-plugin/cni.go:407","msg":"Connected to IPAMD via Unix socket: /var/run/aws-node/ipamd.sock"}
{"level":"info","ts":"2026-10-05T08:43:25.801Z","caller":"routed-eni-cni-plugin/cni.go:370","msg":"Container 0bb7d9b14c2ba7d1383ff84e23b6f46ca33b71b63729c1597d26f8ea56617c6a not found"}
{"level":"info","ts":"2026-10-05T08:43:28.774Z","caller":"routed-eni-cni-plugin/cni.go:131","msg":"Constructed new logger instance"}
{"level":"info","ts":"2026-10-05T08:43:28.774Z","caller":"routed-eni-cni-plugin/cni.go:149","msg":"Received CNI add request: ContainerID(7a453f30b81015927ea56634a88212e7406267f90a4741b7a7b52ea404cfba5d) Netns(/var/run/netns/cni-24f3d028-bd54-b226-92a4-b12260c3e207) IfName(eth0) Args(IgnoreUnknown=1;K8S_POD_NAMESPACE=default;K8S_POD_NAME=pause-68d5b89fc-n9q4v;K8S_POD_INFRA_CONTAINER_ID=7a453f30b81015927ea56634a88212e7406267f90a4741b7a7b52ea404cfba5d;K8S_POD_UID=f68fbeb2-acd7-443d-aaf4-9fe8443ea42e) Path(/opt/cni/bin) argsStdinData({\"capabilities\":{\"io.kubernetes.cri.pod-annotations\":true},\"cniVersion\":\"0.4.0\",\"mtu\":\"9001\",\"name\":\"aws-cni\",\"pluginLogFile\":\"/var/log/aws-routed-eni/plugin.log\",\"pluginLogLevel\":\"DEBUG\",\"podSGEnforcingMode\":\"strict\",\"runtimeConfig\":{\"io.kubernetes.cri.pod-annotations\":{\"kubernetes.io/config.seen\":\"2026-10-05T08:41:28.340554105Z\",\"kubernetes.io/config.source\":\"api\"}},\"type\":\"aws-cni\",\"vethPrefix\":\"eni\"})"}
{"level":"debug","ts":"2026-10-05T08:43:28.774Z","caller":"routed-eni-cni-plugin/cni.go:149","msg":"Prev Result: <nil>\n"}
{"level":"debug","ts":"2026-10-05T08:43:28.774Z","caller":"routed-eni-cni-plugin/cni.go:149","msg":"MTU value set is 9001:"}
{"level":"debug","ts":"2026-10-05T08:43:28.774Z","caller":"routed-eni-cni-plugin/cni.go:149","msg":"pod requires multi-nic attachment: false"}
{"level":"debug","ts":"2026-10-05T08:43:28.774Z","caller":"routed-eni-cni-plugin/cni.go:190","msg":"Connected to IPAMD via Unix socket: /var/run/aws-node/ipamd.sock"}
{"level":"error","ts":"2026-10-05T08:43:28.776Z","caller":"routed-eni-cni-plugin/cni.go:149","msg":"Failed to assign an IP address to container 7a453f30b81015927ea56634a88212e7406267f90a4741b7a7b52ea404cfba5d"}
{"level":"info","ts":"2026-10-05T08:43:28.802Z","caller":"routed-eni-cni-plugin/cni.go:131","msg":"Constructed new logger instance"}
{"level":"debug","ts":"2026-10-05T08:43:28.802Z","caller":"routed-eni-cni-plugin/cni.go:370","msg":"Prev Result: <nil>\n"}
{"level":"info","ts":"2026-10-05T08:43:28.802Z","caller":"routed-eni-cni-plugin/cni.go:370","msg":"Received CNI del request: ContainerID(7a453f30b81015927ea56634a88212e7406267f90a4741b7a7b52ea404cfba5d) Netns(/var/run/netns/cni-24f3d028-bd54-b226-92a4-b12260c3e207) IfName(eth0) Args(K8S_POD_NAME=pause-68d5b89fc-n9q4v;K8S_POD_INFRA_CONTAINER_ID=7a453f30b81015927ea56634a88212e7406267f90a4741b7a7b52ea404cfba5d;K8S_POD_UID=f68fbeb2-acd7-443d-aaf4-9fe8443ea42e;IgnoreUnknown=1;K8S_POD_NAMESPACE=default) Path(/opt/cni/bin) argsStdinData({\"capabilities\":{\"io.kubernetes.cri.pod-annotations\":true},\"cniVersion\":\"0.4.0\",\"mtu\":\"9001\",\"name\":\"aws-cni\",\"pluginLogFile\":\"/var/log/aws-routed-eni/plugin.log\",\"pluginLogLevel\":\"DEBUG\",\"podSGEnforcingMode\":\"strict\",\"runtimeConfig\":{\"io.kubernetes.cri.pod-annotations\":{\"kubernetes.io/config.seen\":\"2026-10-05T08:41:28.340554105Z\",\"kubernetes.io/config.source\":\"api\"}},\"type\":\"aws-cni\",\"vethPrefix\":\"eni\"})"}
{"level":"debug","ts":"2026-10-05T08:43:28.803Z","caller":"routed-eni-cni-plugin/cni.go:407","msg":"Connected to IPAMD via Unix socket: /var/run/aws-node/ipamd.sock"}
{"level":"info","ts":"2026-10-05T08:43:28.804Z","caller":"routed-eni-cni-plugin/cni.go:370","msg":"Container 7a453f30b81015927ea56634a88212e7406267f90a4741b7a7b52ea404cfba5d not found"}
{"level":"info","ts":"2026-10-05T08:43:34.776Z","caller":"routed-eni-cni-plugin/cni.go:131","msg":"Constructed new logger instance"}
{"level":"info","ts":"2026-10-05T08:43:34.776Z","caller":"routed-eni-cni-plugin/cni.go:149","msg":"Received CNI add request: ContainerID(2ecd81138c8f81f2c0039fab2b15e8d4664574fd00f139b351977e764bba718d) Netns(/var/run/netns/cni-8adea0e8-5592-871d-bde8-9b537a8a0c49) IfName(eth0) Args(K8S_POD_INFRA_CONTAINER_ID=2ecd81138c8f81f2c0039fab2b15e8d4664574fd00f139b351977e764bba718d;K8S_POD_UID=e903ba0e-e96e-48c7-90d6-ad1a2a6941a3;IgnoreUnknown=1;K8S_POD_NAMESPACE=default;K8S_POD_NAME=pause-68d5b89fc-88226) Path(/opt/cni/bin) argsStdinData({\"capabilities\":{\"io.kubernetes.cri.pod-annotations\":true},\"cniVersion\":\"0.4.0\",\"mtu\":\"9001\",\"name\":\"aws-cni\",\"pluginLogFile\":\"/var/log/aws-routed-eni/plugin.log\",\"pluginLogLevel\":\"DEBUG\",\"podSGEnforcingMode\":\"strict\",\"runtimeConfig\":{\"io.kubernetes.cri.pod-annotations\":{\"kubernetes.io/config.seen\":\"2026-10-05T08:41:28.410235585Z\",\"kubernetes.io/config.source\":\"api\"}},\"type\":\"aws-cni\",\"vethPrefix\":\"eni\"})"}
{"level":"debug","ts":"2026-10-05T08:43:34.776Z","caller":"routed-eni-cni-plugin/cni.go:149","msg":"Prev Result: <nil>\n"}
{"level":"debug","ts":"2026-10-05T08:43:34.777Z","caller":"routed-eni-cni-plugin/cni.go:149","msg":"MTU value set is 9001:"}
{"level":"debug","ts":"2026-10-05T08:43:34.777Z","caller":"routed-eni-cni-plugin/cni.go:149","msg":"pod requires multi-nic attachment: false"}
{"level":"debug","ts":"2026-10-05T08:43:34.777Z","caller":"routed-eni-cni-plugin/cni.go:190","msg":"Connected to IPAMD via Unix socket: /var/run/aws-node/ipamd.sock"}
{"level":"error","ts":"2026-10-05T08:43:34.778Z","caller":"routed-eni-cni-plugin/cni.go:149","msg":"Failed to assign an IP address to container 2ecd81138c8f81f2c0039fab2b15e8d4664574fd00f139b351977e764bba718d"}
{"level":"info","ts":"2026-10-05T08:43:34.801Z","caller":"routed-eni-cni-plugin/cni.go:131","msg":"Constructed new logger instance"}
{"level":"debug","ts":"2026-10-05T08:43:34.801Z","caller":"routed-eni-cni-plugin/cni.go:370","msg":"Prev Result: <nil>\n"}
{"level":"info","ts":"2026-10-05T08:43:34.801Z","caller":"routed-eni-cni-plugin/cni.go:370","msg":"Received CNI del request: ContainerID(2ecd81138c8f81f2c0039fab2b15e8d4664574fd00f139b351977e764bba718d) Netns(/var/run/netns/cni-8adea0e8-5592-871d-bde8-9b537a8a0c49) IfName(eth0) Args(K8S_POD_NAMESPACE=default;K8S_POD_NAME=pause-68d5b89fc-88226;K8S_POD_INFRA_CONTAINER_ID=2ecd81138c8f81f2c0039fab2b15e8d4664574fd00f139b351977e764bba718d;K8S_POD_UID=e903ba0e-e96e-48c7-90d6-ad1a2a6941a3;IgnoreUnknown=1) Path(/opt/cni/bin) argsStdinData({\"capabilities\":{\"io.kubernetes.cri.pod-annotations\":true},\"cniVersion\":\"0.4.0\",\"mtu\":\"9001\",\"name\":\"aws-cni\",\"pluginLogFile\":\"/var/log/aws-routed-eni/plugin.log\",\"pluginLogLevel\":\"DEBUG\",\"podSGEnforcingMode\":\"strict\",\"runtimeConfig\":{\"io.kubernetes.cri.pod-annotations\":{\"kubernetes.io/config.seen\":\"2026-10-05T08:41:28.410235585Z\",\"kubernetes.io/config.source\":\"api\"}},\"type\":\"aws-cni\",\"vethPrefix\":\"eni\"})"}
{"level":"debug","ts":"2026-10-05T08:43:34.802Z","caller":"routed-eni-cni-plugin/cni.go:407","msg":"Connected to IPAMD via Unix socket: /var/run/aws-node/ipamd.sock"}
{"level":"info","ts":"2026-10-05T08:43:34.803Z","caller":"routed-eni-cni-plugin/cni.go:370","msg":"Container 2ecd81138c8f81f2c0039fab2b15e8d4664574fd00f139b351977e764bba718d not found"}
{"level":"info","ts":"2026-10-05T08:43:38.775Z","caller":"routed-eni-cni-plugin/cni.go:131","msg":"Constructed new logger instance"}
{"level":"info","ts":"2026-10-05T08:43:38.775Z","caller":"routed-eni-cni-plugin/cni.go:149","msg":"Received CNI add request: ContainerID(756dc9ade6856f0a3e7d9f22cf893f18f94831b7a51b638c5dbb5c94868a57ac) Netns(/var/run/netns/cni-489d7f8c-09c0-ec6d-6033-1d14e9855de5) IfName(eth0) Args(K8S_POD_UID=8da26452-5df7-4b5d-bf8b-b8df9d619b63;IgnoreUnknown=1;K8S_POD_NAMESPACE=default;K8S_POD_NAME=pause-68d5b89fc-5gpj2;K8S_POD_INFRA_CONTAINER_ID=756dc9ade6856f0a3e7d9f22cf893f18f94831b7a51b638c5dbb5c94868a57ac) Path(/opt/cni/bin) argsStdinData({\"capabilities\":{\"io.kubernetes.cri.pod-annotations\":true},\"cniVersion\":\"0.4.0\",\"mtu\":\"9001\",\"name\":\"aws-cni\",\"pluginLogFile\":\"/var/log/aws-routed-eni/plugin.log\",\"pluginLogLevel\":\"DEBUG\",\"podSGEnforcingMode\":\"strict\",\"runtimeConfig\":{\"io.kubernetes.cri.pod-annotations\":{\"kubernetes.io/config.seen\":\"2026-10-05T08:41:28.467978233Z\",\"kubernetes.io/config.source\":\"api\"}},\"type\":\"aws-cni\",\"vethPrefix\":\"eni\"})"}
{"level":"debug","ts":"2026-10-05T08:43:38.775Z","caller":"routed-eni-cni-plugin/cni.go:149","msg":"Prev Result: <nil>\n"}
{"level":"debug","ts":"2026-10-05T08:43:38.775Z","caller":"routed-eni-cni-plugin/cni.go:149","msg":"MTU value set is 9001:"}
{"level":"debug","ts":"2026-10-05T08:43:38.775Z","caller":"routed-eni-cni-plugin/cni.go:149","msg":"pod requires multi-nic attachment: false"}
{"level":"debug","ts":"2026-10-05T08:43:38.775Z","caller":"routed-eni-cni-plugin/cni.go:190","msg":"Connected to IPAMD via Unix socket: /var/run/aws-node/ipamd.sock"}
{"level":"error","ts":"2026-10-05T08:43:38.777Z","caller":"routed-eni-cni-plugin/cni.go:149","msg":"Failed to assign an IP address to container 756dc9ade6856f0a3e7d9f22cf893f18f94831b7a51b638c5dbb5c94868a57ac"}
{"level":"info","ts":"2026-10-05T08:43:38.800Z","caller":"routed-eni-cni-plugin/cni.go:131","msg":"Constructed new logger instance"}
{"level":"debug","ts":"2026-10-05T08:43:38.800Z","caller":"routed-eni-cni-plugin/cni.go:370","msg":"Prev Result: <nil>\n"}
{"level":"info","ts":"2026-10-05T08:43:38.800Z","caller":"routed-eni-cni-plugin/cni.go:370","msg":"Received CNI del request: ContainerID(756dc9ade6856f0a3e7d9f22cf893f18f94831b7a51b638c5dbb5c94868a57ac) Netns(/var/run/netns/cni-489d7f8c-09c0-ec6d-6033-1d14e9855de5) IfName(eth0) Args(IgnoreUnknown=1;K8S_POD_NAMESPACE=default;K8S_POD_NAME=pause-68d5b89fc-5gpj2;K8S_POD_INFRA_CONTAINER_ID=756dc9ade6856f0a3e7d9f22cf893f18f94831b7a51b638c5dbb5c94868a57ac;K8S_POD_UID=8da26452-5df7-4b5d-bf8b-b8df9d619b63) Path(/opt/cni/bin) argsStdinData({\"capabilities\":{\"io.kubernetes.cri.pod-annotations\":true},\"cniVersion\":\"0.4.0\",\"mtu\":\"9001\",\"name\":\"aws-cni\",\"pluginLogFile\":\"/var/log/aws-routed-eni/plugin.log\",\"pluginLogLevel\":\"DEBUG\",\"podSGEnforcingMode\":\"strict\",\"runtimeConfig\":{\"io.kubernetes.cri.pod-annotations\":{\"kubernetes.io/config.seen\":\"2026-10-05T08:41:28.467978233Z\",\"kubernetes.io/config.source\":\"api\"}},\"type\":\"aws-cni\",\"vethPrefix\":\"eni\"})"}
{"level":"debug","ts":"2026-10-05T08:43:38.800Z","caller":"routed-eni-cni-plugin/cni.go:407","msg":"Connected to IPAMD via Unix socket: /var/run/aws-node/ipamd.sock"}
{"level":"info","ts":"2026-10-05T08:43:38.801Z","caller":"routed-eni-cni-plugin/cni.go:370","msg":"Container 756dc9ade6856f0a3e7d9f22cf893f18f94831b7a51b638c5dbb5c94868a57ac not found"}
{"level":"info","ts":"2026-10-05T08:43:40.774Z","caller":"routed-eni-cni-plugin/cni.go:131","msg":"Constructed new logger instance"}
{"level":"info","ts":"2026-10-05T08:43:40.774Z","caller":"routed-eni-cni-plugin/cni.go:149","msg":"Received CNI add request: ContainerID(d7b33455dff4328063eebb1c11dbe212f90a217047c8a2d72f9fae4d65b84866) Netns(/var/run/netns/cni-91b83657-0dfb-36c9-d0c2-60e3708e477f) IfName(eth0) Args(K8S_POD_NAMESPACE=default;K8S_POD_NAME=pause-68d5b89fc-n9q4v;K8S_POD_INFRA_CONTAINER_ID=d7b33455dff4328063eebb1c11dbe212f90a217047c8a2d72f9fae4d65b84866;K8S_POD_UID=f68fbeb2-acd7-443d-aaf4-9fe8443ea42e;IgnoreUnknown=1) Path(/opt/cni/bin) argsStdinData({\"capabilities\":{\"io.kubernetes.cri.pod-annotations\":true},\"cniVersion\":\"0.4.0\",\"mtu\":\"9001\",\"name\":\"aws-cni\",\"pluginLogFile\":\"/var/log/aws-routed-eni/plugin.log\",\"pluginLogLevel\":\"DEBUG\",\"podSGEnforcingMode\":\"strict\",\"runtimeConfig\":{\"io.kubernetes.cri.pod-annotations\":{\"kubernetes.io/config.seen\":\"2026-10-05T08:41:28.340554105Z\",\"kubernetes.io/config.source\":\"api\"}},\"type\":\"aws-cni\",\"vethPrefix\":\"eni\"})"}
{"level":"debug","ts":"2026-10-05T08:43:40.774Z","caller":"routed-eni-cni-plugin/cni.go:149","msg":"Prev Result: <nil>\n"}
{"level":"debug","ts":"2026-10-05T08:43:40.774Z","caller":"routed-eni-cni-plugin/cni.go:149","msg":"MTU value set is 9001:"}
{"level":"debug","ts":"2026-10-05T08:43:40.774Z","caller":"routed-eni-cni-plugin/cni.go:149","msg":"pod requires multi-nic attachment: false"}
{"level":"debug","ts":"2026-10-05T08:43:40.775Z","caller":"routed-eni-cni-plugin/cni.go:190","msg":"Connected to IPAMD via Unix socket: /var/run/aws-node/ipamd.sock"}
{"level":"error","ts":"2026-10-05T08:43:40.777Z","caller":"routed-eni-cni-plugin/cni.go:149","msg":"Failed to assign an IP address to container d7b33455dff4328063eebb1c11dbe212f90a217047c8a2d72f9fae4d65b84866"}
{"level":"info","ts":"2026-10-05T08:43:40.802Z","caller":"routed-eni-cni-plugin/cni.go:131","msg":"Constructed new logger instance"}
{"level":"debug","ts":"2026-10-05T08:43:40.802Z","caller":"routed-eni-cni-plugin/cni.go:370","msg":"Prev Result: <nil>\n"}
{"level":"info","ts":"2026-10-05T08:43:40.802Z","caller":"routed-eni-cni-plugin/cni.go:370","msg":"Received CNI del request: ContainerID(d7b33455dff4328063eebb1c11dbe212f90a217047c8a2d72f9fae4d65b84866) Netns(/var/run/netns/cni-91b83657-0dfb-36c9-d0c2-60e3708e477f) IfName(eth0) Args(K8S_POD_UID=f68fbeb2-acd7-443d-aaf4-9fe8443ea42e;IgnoreUnknown=1;K8S_POD_NAMESPACE=default;K8S_POD_NAME=pause-68d5b89fc-n9q4v;K8S_POD_INFRA_CONTAINER_ID=d7b33455dff4328063eebb1c11dbe212f90a217047c8a2d72f9fae4d65b84866) Path(/opt/cni/bin) argsStdinData({\"capabilities\":{\"io.kubernetes.cri.pod-annotations\":true},\"cniVersion\":\"0.4.0\",\"mtu\":\"9001\",\"name\":\"aws-cni\",\"pluginLogFile\":\"/var/log/aws-routed-eni/plugin.log\",\"pluginLogLevel\":\"DEBUG\",\"podSGEnforcingMode\":\"strict\",\"runtimeConfig\":{\"io.kubernetes.cri.pod-annotations\":{\"kubernetes.io/config.seen\":\"2026-10-05T08:41:28.340554105Z\",\"kubernetes.io/config.source\":\"api\"}},\"type\":\"aws-cni\",\"vethPrefix\":\"eni\"})"}
{"level":"debug","ts":"2026-10-05T08:43:40.802Z","caller":"routed-eni-cni-plugin/cni.go:407","msg":"Connected to IPAMD via Unix socket: /var/run/aws-node/ipamd.sock"}
{"level":"info","ts":"2026-10-05T08:43:40.803Z","caller":"routed-eni-cni-plugin/cni.go:370","msg":"Container d7b33455dff4328063eebb1c11dbe212f90a217047c8a2d72f9fae4d65b84866 not found"}
{"level":"info","ts":"2026-10-05T08:43:49.778Z","caller":"routed-eni-cni-plugin/cni.go:131","msg":"Constructed new logger instance"}
{"level":"info","ts":"2026-10-05T08:43:49.778Z","caller":"routed-eni-cni-plugin/cni.go:149","msg":"Received CNI add request: ContainerID(fca4cfac3bd00427123b25e30bd38aadcebdd04cd461c0b97c1dfe6e903f5a12) Netns(/var/run/netns/cni-24b83010-b015-03ae-c4e1-e61dceea6b2c) IfName(eth0) Args(K8S_POD_INFRA_CONTAINER_ID=fca4cfac3bd00427123b25e30bd38aadcebdd04cd461c0b97c1dfe6e903f5a12;K8S_POD_UID=e903ba0e-e96e-48c7-90d6-ad1a2a6941a3;IgnoreUnknown=1;K8S_POD_NAMESPACE=default;K8S_POD_NAME=pause-68d5b89fc-88226) Path(/opt/cni/bin) argsStdinData({\"capabilities\":{\"io.kubernetes.cri.pod-annotations\":true},\"cniVersion\":\"0.4.0\",\"mtu\":\"9001\",\"name\":\"aws-cni\",\"pluginLogFile\":\"/var/log/aws-routed-eni/plugin.log\",\"pluginLogLevel\":\"DEBUG\",\"podSGEnforcingMode\":\"strict\",\"runtimeConfig\":{\"io.kubernetes.cri.pod-annotations\":{\"kubernetes.io/config.seen\":\"2026-10-05T08:41:28.410235585Z\",\"kubernetes.io/config.source\":\"api\"}},\"type\":\"aws-cni\",\"vethPrefix\":\"eni\"})"}
{"level":"debug","ts":"2026-10-05T08:43:49.778Z","caller":"routed-eni-cni-plugin/cni.go:149","msg":"Prev Result: <nil>\n"}
{"level":"debug","ts":"2026-10-05T08:43:49.778Z","caller":"routed-eni-cni-plugin/cni.go:149","msg":"MTU value set is 9001:"}
{"level":"debug","ts":"2026-10-05T08:43:49.778Z","caller":"routed-eni-cni-plugin/cni.go:149","msg":"pod requires multi-nic attachment: false"}
{"level":"debug","ts":"2026-10-05T08:43:49.778Z","caller":"routed-eni-cni-plugin/cni.go:190","msg":"Connected to IPAMD via Unix socket: /var/run/aws-node/ipamd.sock"}
{"level":"error","ts":"2026-10-05T08:43:49.780Z","caller":"routed-eni-cni-plugin/cni.go:149","msg":"Failed to assign an IP address to container fca4cfac3bd00427123b25e30bd38aadcebdd04cd461c0b97c1dfe6e903f5a12"}
{"level":"info","ts":"2026-10-05T08:43:49.803Z","caller":"routed-eni-cni-plugin/cni.go:131","msg":"Constructed new logger instance"}
{"level":"debug","ts":"2026-10-05T08:43:49.803Z","caller":"routed-eni-cni-plugin/cni.go:370","msg":"Prev Result: <nil>\n"}
{"level":"info","ts":"2026-10-05T08:43:49.803Z","caller":"routed-eni-cni-plugin/cni.go:370","msg":"Received CNI del request: ContainerID(fca4cfac3bd00427123b25e30bd38aadcebdd04cd461c0b97c1dfe6e903f5a12) Netns(/var/run/netns/cni-24b83010-b015-03ae-c4e1-e61dceea6b2c) IfName(eth0) Args(K8S_POD_INFRA_CONTAINER_ID=fca4cfac3bd00427123b25e30bd38aadcebdd04cd461c0b97c1dfe6e903f5a12;K8S_POD_UID=e903ba0e-e96e-48c7-90d6-ad1a2a6941a3;IgnoreUnknown=1;K8S_POD_NAMESPACE=default;K8S_POD_NAME=pause-68d5b89fc-88226) Path(/opt/cni/bin) argsStdinData({\"capabilities\":{\"io.kubernetes.cri.pod-annotations\":true},\"cniVersion\":\"0.4.0\",\"mtu\":\"9001\",\"name\":\"aws-cni\",\"pluginLogFile\":\"/var/log/aws-routed-eni/plugin.log\",\"pluginLogLevel\":\"DEBUG\",\"podSGEnforcingMode\":\"strict\",\"runtimeConfig\":{\"io.kubernetes.cri.pod-annotations\":{\"kubernetes.io/config.seen\":\"2026-10-05T08:41:28.410235585Z\",\"kubernetes.io/config.source\":\"api\"}},\"type\":\"aws-cni\",\"vethPrefix\":\"eni\"})"}
{"level":"debug","ts":"2026-10-05T08:43:49.804Z","caller":"routed-eni-cni-plugin/cni.go:407","msg":"Connected to IPAMD via Unix socket: /var/run/aws-node/ipamd.sock"}
{"level":"info","ts":"2026-10-05T08:43:49.805Z","caller":"routed-eni-cni-plugin/cni.go:370","msg":"Container fca4cfac3bd00427123b25e30bd38aadcebdd04cd461c0b97c1dfe6e903f5a12 not found"}
{"level":"info","ts":"2026-10-05T08:43:52.776Z","caller":"routed-eni-cni-plugin/cni.go:131","msg":"Constructed new logger instance"}
{"level":"info","ts":"2026-10-05T08:43:52.776Z","caller":"routed-eni-cni-plugin/cni.go:149","msg":"Received CNI add request: ContainerID(c7ad0b23b20d2ed0f58e841f990c869d42bcef0fa5fa5e581cc6e6867e5c6a5a) Netns(/var/run/netns/cni-2b17965a-daec-a183-bc62-745673d964a7) IfName(eth0) Args(K8S_POD_INFRA_CONTAINER_ID=c7ad0b23b20d2ed0f58e841f990c869d42bcef0fa5fa5e581cc6e6867e5c6a5a;K8S_POD_UID=8da26452-5df7-4b5d-bf8b-b8df9d619b63;IgnoreUnknown=1;K8S_POD_NAMESPACE=default;K8S_POD_NAME=pause-68d5b89fc-5gpj2) Path(/opt/cni/bin) argsStdinData({\"capabilities\":{\"io.kubernetes.cri.pod-annotations\":true},\"cniVersion\":\"0.4.0\",\"mtu\":\"9001\",\"name\":\"aws-cni\",\"pluginLogFile\":\"/var/log/aws-routed-eni/plugin.log\",\"pluginLogLevel\":\"DEBUG\",\"podSGEnforcingMode\":\"strict\",\"runtimeConfig\":{\"io.kubernetes.cri.pod-annotations\":{\"kubernetes.io/config.seen\":\"2026-10-05T08:41:28.467978233Z\",\"kubernetes.io/config.source\":\"api\"}},\"type\":\"aws-cni\",\"vethPrefix\":\"eni\"})"}
{"level":"debug","ts":"2026-10-05T08:43:52.776Z","caller":"routed-eni-cni-plugin/cni.go:149","msg":"Prev Result: <nil>\n"}
{"level":"debug","ts":"2026-10-05T08:43:52.776Z","caller":"routed-eni-cni-plugin/cni.go:149","msg":"MTU value set is 9001:"}
{"level":"debug","ts":"2026-10-05T08:43:52.776Z","caller":"routed-eni-cni-plugin/cni.go:149","msg":"pod requires multi-nic attachment: false"}
{"level":"debug","ts":"2026-10-05T08:43:52.777Z","caller":"routed-eni-cni-plugin/cni.go:190","msg":"Connected to IPAMD via Unix socket: /var/run/aws-node/ipamd.sock"}
{"level":"error","ts":"2026-10-05T08:43:52.778Z","caller":"routed-eni-cni-plugin/cni.go:149","msg":"Failed to assign an IP address to container c7ad0b23b20d2ed0f58e841f990c869d42bcef0fa5fa5e581cc6e6867e5c6a5a"}
{"level":"info","ts":"2026-10-05T08:43:52.801Z","caller":"routed-eni-cni-plugin/cni.go:131","msg":"Constructed new logger instance"}
{"level":"debug","ts":"2026-10-05T08:43:52.801Z","caller":"routed-eni-cni-plugin/cni.go:370","msg":"Prev Result: <nil>\n"}
{"level":"info","ts":"2026-10-05T08:43:52.801Z","caller":"routed-eni-cni-plugin/cni.go:370","msg":"Received CNI del request: ContainerID(c7ad0b23b20d2ed0f58e841f990c869d42bcef0fa5fa5e581cc6e6867e5c6a5a) Netns(/var/run/netns/cni-2b17965a-daec-a183-bc62-745673d964a7) IfName(eth0) Args(K8S_POD_UID=8da26452-5df7-4b5d-bf8b-b8df9d619b63;IgnoreUnknown=1;K8S_POD_NAMESPACE=default;K8S_POD_NAME=pause-68d5b89fc-5gpj2;K8S_POD_INFRA_CONTAINER_ID=c7ad0b23b20d2ed0f58e841f990c869d42bcef0fa5fa5e581cc6e6867e5c6a5a) Path(/opt/cni/bin) argsStdinData({\"capabilities\":{\"io.kubernetes.cri.pod-annotations\":true},\"cniVersion\":\"0.4.0\",\"mtu\":\"9001\",\"name\":\"aws-cni\",\"pluginLogFile\":\"/var/log/aws-routed-eni/plugin.log\",\"pluginLogLevel\":\"DEBUG\",\"podSGEnforcingMode\":\"strict\",\"runtimeConfig\":{\"io.kubernetes.cri.pod-annotations\":{\"kubernetes.io/config.seen\":\"2026-10-05T08:41:28.467978233Z\",\"kubernetes.io/config.source\":\"api\"}},\"type\":\"aws-cni\",\"vethPrefix\":\"eni\"})"}
{"level":"debug","ts":"2026-10-05T08:43:52.802Z","caller":"routed-eni-cni-plugin/cni.go:407","msg":"Connected to IPAMD via Unix socket: /var/run/aws-node/ipamd.sock"}
{"level":"info","ts":"2026-10-05T08:43:52.803Z","caller":"routed-eni-cni-plugin/cni.go:370","msg":"Container c7ad0b23b20d2ed0f58e841f990c869d42bcef0fa5fa5e581cc6e6867e5c6a5a not found"}
{"level":"info","ts":"2026-10-05T08:43:53.774Z","caller":"routed-eni-cni-plugin/cni.go:131","msg":"Constructed new logger instance"}
{"level":"info","ts":"2026-10-05T08:43:53.774Z","caller":"routed-eni-cni-plugin/cni.go:149","msg":"Received CNI add request: ContainerID(f8c1abe72b63fdfbf598daf3861cebdbc9458ebff2c84d1685d9257e000ec671) Netns(/var/run/netns/cni-e92ca515-24e5-d2d3-e18c-35a87fad9424) IfName(eth0) Args(IgnoreUnknown=1;K8S_POD_NAMESPACE=default;K8S_POD_NAME=pause-68d5b89fc-n9q4v;K8S_POD_INFRA_CONTAINER_ID=f8c1abe72b63fdfbf598daf3861cebdbc9458ebff2c84d1685d9257e000ec671;K8S_POD_UID=f68fbeb2-acd7-443d-aaf4-9fe8443ea42e) Path(/opt/cni/bin) argsStdinData({\"capabilities\":{\"io.kubernetes.cri.pod-annotations\":true},\"cniVersion\":\"0.4.0\",\"mtu\":\"9001\",\"name\":\"aws-cni\",\"pluginLogFile\":\"/var/log/aws-routed-eni/plugin.log\",\"pluginLogLevel\":\"DEBUG\",\"podSGEnforcingMode\":\"strict\",\"runtimeConfig\":{\"io.kubernetes.cri.pod-annotations\":{\"kubernetes.io/config.seen\":\"2026-10-05T08:41:28.340554105Z\",\"kubernetes.io/config.source\":\"api\"}},\"type\":\"aws-cni\",\"vethPrefix\":\"eni\"})"}
{"level":"debug","ts":"2026-10-05T08:43:53.774Z","caller":"routed-eni-cni-plugin/cni.go:149","msg":"Prev Result: <nil>\n"}
{"level":"debug","ts":"2026-10-05T08:43:53.774Z","caller":"routed-eni-cni-plugin/cni.go:149","msg":"MTU value set is 9001:"}
{"level":"debug","ts":"2026-10-05T08:43:53.774Z","caller":"routed-eni-cni-plugin/cni.go:149","msg":"pod requires multi-nic attachment: false"}
{"level":"debug","ts":"2026-10-05T08:43:53.774Z","caller":"routed-eni-cni-plugin/cni.go:190","msg":"Connected to IPAMD via Unix socket: /var/run/aws-node/ipamd.sock"}
{"level":"error","ts":"2026-10-05T08:43:53.775Z","caller":"routed-eni-cni-plugin/cni.go:149","msg":"Failed to assign an IP address to container f8c1abe72b63fdfbf598daf3861cebdbc9458ebff2c84d1685d9257e000ec671"}
{"level":"info","ts":"2026-10-05T08:43:53.798Z","caller":"routed-eni-cni-plugin/cni.go:131","msg":"Constructed new logger instance"}
{"level":"debug","ts":"2026-10-05T08:43:53.798Z","caller":"routed-eni-cni-plugin/cni.go:370","msg":"Prev Result: <nil>\n"}
{"level":"info","ts":"2026-10-05T08:43:53.798Z","caller":"routed-eni-cni-plugin/cni.go:370","msg":"Received CNI del request: ContainerID(f8c1abe72b63fdfbf598daf3861cebdbc9458ebff2c84d1685d9257e000ec671) Netns(/var/run/netns/cni-e92ca515-24e5-d2d3-e18c-35a87fad9424) IfName(eth0) Args(K8S_POD_INFRA_CONTAINER_ID=f8c1abe72b63fdfbf598daf3861cebdbc9458ebff2c84d1685d9257e000ec671;K8S_POD_UID=f68fbeb2-acd7-443d-aaf4-9fe8443ea42e;IgnoreUnknown=1;K8S_POD_NAMESPACE=default;K8S_POD_NAME=pause-68d5b89fc-n9q4v) Path(/opt/cni/bin) argsStdinData({\"capabilities\":{\"io.kubernetes.cri.pod-annotations\":true},\"cniVersion\":\"0.4.0\",\"mtu\":\"9001\",\"name\":\"aws-cni\",\"pluginLogFile\":\"/var/log/aws-routed-eni/plugin.log\",\"pluginLogLevel\":\"DEBUG\",\"podSGEnforcingMode\":\"strict\",\"runtimeConfig\":{\"io.kubernetes.cri.pod-annotations\":{\"kubernetes.io/config.seen\":\"2026-10-05T08:41:28.340554105Z\",\"kubernetes.io/config.source\":\"api\"}},\"type\":\"aws-cni\",\"vethPrefix\":\"eni\"})"}
{"level":"debug","ts":"2026-10-05T08:43:53.799Z","caller":"routed-eni-cni-plugin/cni.go:407","msg":"Connected to IPAMD via Unix socket: /var/run/aws-node/ipamd.sock"}
{"level":"info","ts":"2026-10-05T08:43:53.800Z","caller":"routed-eni-cni-plugin/cni.go:370","msg":"Container f8c1abe72b63fdfbf598daf3861cebdbc9458ebff2c84d1685d9257e000ec671 not found"}
{"level":"info","ts":"2026-10-05T08:44:00.775Z","caller":"routed-eni-cni-plugin/cni.go:131","msg":"Constructed new logger instance"}
{"level":"info","ts":"2026-10-05T08:44:00.775Z","caller":"routed-eni-cni-plugin/cni.go:149","msg":"Received CNI add request: ContainerID(50b4669e124fd5e22634e4d1acefcc5f37620f323df5746ccf75328a0817702c) Netns(/var/run/netns/cni-47b3b31b-bd07-db1f-33aa-16734da65b4f) IfName(eth0) Args(K8S_POD_UID=e903ba0e-e96e-48c7-90d6-ad1a2a6941a3;IgnoreUnknown=1;K8S_POD_NAMESPACE=default;K8S_POD_NAME=pause-68d5b89fc-88226;K8S_POD_INFRA_CONTAINER_ID=50b4669e124fd5e22634e4d1acefcc5f37620f323df5746ccf75328a0817702c) Path(/opt/cni/bin) argsStdinData({\"capabilities\":{\"io.kubernetes.cri.pod-annotations\":true},\"cniVersion\":\"0.4.0\",\"mtu\":\"9001\",\"name\":\"aws-cni\",\"pluginLogFile\":\"/var/log/aws-routed-eni/plugin.log\",\"pluginLogLevel\":\"DEBUG\",\"podSGEnforcingMode\":\"strict\",\"runtimeConfig\":{\"io.kubernetes.cri.pod-annotations\":{\"kubernetes.io/config.seen\":\"2026-10-05T08:41:28.410235585Z\",\"kubernetes.io/config.source\":\"api\"}},\"type\":\"aws-cni\",\"vethPrefix\":\"eni\"})"}
{"level":"debug","ts":"2026-10-05T08:44:00.775Z","caller":"routed-eni-cni-plugin/cni.go:149","msg":"Prev Result: <nil>\n"}
{"level":"debug","ts":"2026-10-05T08:44:00.775Z","caller":"routed-eni-cni-plugin/cni.go:149","msg":"MTU value set is 9001:"}
{"level":"debug","ts":"2026-10-05T08:44:00.775Z","caller":"routed-eni-cni-plugin/cni.go:149","msg":"pod requires multi-nic attachment: false"}
{"level":"debug","ts":"2026-10-05T08:44:00.776Z","caller":"routed-eni-cni-plugin/cni.go:190","msg":"Connected to IPAMD via Unix socket: /var/run/aws-node/ipamd.sock"}
{"level":"error","ts":"2026-10-05T08:44:00.777Z","caller":"routed-eni-cni-plugin/cni.go:149","msg":"Failed to assign an IP address to container 50b4669e124fd5e22634e4d1acefcc5f37620f323df5746ccf75328a0817702c"}
{"level":"info","ts":"2026-10-05T08:44:00.802Z","caller":"routed-eni-cni-plugin/cni.go:131","msg":"Constructed new logger instance"}
{"level":"debug","ts":"2026-10-05T08:44:00.802Z","caller":"routed-eni-cni-plugin/cni.go:370","msg":"Prev Result: <nil>\n"}
{"level":"info","ts":"2026-10-05T08:44:00.802Z","caller":"routed-eni-cni-plugin/cni.go:370","msg":"Received CNI del request: ContainerID(50b4669e124fd5e22634e4d1acefcc5f37620f323df5746ccf75328a0817702c) Netns(/var/run/netns/cni-47b3b31b-bd07-db1f-33aa-16734da65b4f) IfName(eth0) Args(K8S_POD_NAME=pause-68d5b89fc-88226;K8S_POD_INFRA_CONTAINER_ID=50b4669e124fd5e22634e4d1acefcc5f37620f323df5746ccf75328a0817702c;K8S_POD_UID=e903ba0e-e96e-48c7-90d6-ad1a2a6941a3;IgnoreUnknown=1;K8S_POD_NAMESPACE=default) Path(/opt/cni/bin) argsStdinData({\"capabilities\":{\"io.kubernetes.cri.pod-annotations\":true},\"cniVersion\":\"0.4.0\",\"mtu\":\"9001\",\"name\":\"aws-cni\",\"pluginLogFile\":\"/var/log/aws-routed-eni/plugin.log\",\"pluginLogLevel\":\"DEBUG\",\"podSGEnforcingMode\":\"strict\",\"runtimeConfig\":{\"io.kubernetes.cri.pod-annotations\":{\"kubernetes.io/config.seen\":\"2026-10-05T08:41:28.410235585Z\",\"kubernetes.io/config.source\":\"api\"}},\"type\":\"aws-cni\",\"vethPrefix\":\"eni\"})"}
{"level":"debug","ts":"2026-10-05T08:44:00.803Z","caller":"routed-eni-cni-plugin/cni.go:407","msg":"Connected to IPAMD via Unix socket: /var/run/aws-node/ipamd.sock"}
{"level":"info","ts":"2026-10-05T08:44:00.804Z","caller":"routed-eni-cni-plugin/cni.go:370","msg":"Container 50b4669e124fd5e22634e4d1acefcc5f37620f323df5746ccf75328a0817702c not found"}
{"level":"info","ts":"2026-10-05T08:44:03.773Z","caller":"routed-eni-cni-plugin/cni.go:131","msg":"Constructed new logger instance"}
{"level":"info","ts":"2026-10-05T08:44:03.774Z","caller":"routed-eni-cni-plugin/cni.go:149","msg":"Received CNI add request: ContainerID(4ee496892514e198fc94c8cba9c4ef97e657b324a9113de3462adcdf9394a98c) Netns(/var/run/netns/cni-db4bcc02-637a-966e-6d43-274ffc726bc4) IfName(eth0) Args(K8S_POD_INFRA_CONTAINER_ID=4ee496892514e198fc94c8cba9c4ef97e657b324a9113de3462adcdf9394a98c;K8S_POD_UID=8da26452-5df7-4b5d-bf8b-b8df9d619b63;IgnoreUnknown=1;K8S_POD_NAMESPACE=default;K8S_POD_NAME=pause-68d5b89fc-5gpj2) Path(/opt/cni/bin) argsStdinData({\"capabilities\":{\"io.kubernetes.cri.pod-annotations\":true},\"cniVersion\":\"0.4.0\",\"mtu\":\"9001\",\"name\":\"aws-cni\",\"pluginLogFile\":\"/var/log/aws-routed-eni/plugin.log\",\"pluginLogLevel\":\"DEBUG\",\"podSGEnforcingMode\":\"strict\",\"runtimeConfig\":{\"io.kubernetes.cri.pod-annotations\":{\"kubernetes.io/config.seen\":\"2026-10-05T08:41:28.467978233Z\",\"kubernetes.io/config.source\":\"api\"}},\"type\":\"aws-cni\",\"vethPrefix\":\"eni\"})"}
{"level":"debug","ts":"2026-10-05T08:44:03.774Z","caller":"routed-eni-cni-plugin/cni.go:149","msg":"Prev Result: <nil>\n"}
{"level":"debug","ts":"2026-10-05T08:44:03.774Z","caller":"routed-eni-cni-plugin/cni.go:149","msg":"MTU value set is 9001:"}
{"level":"debug","ts":"2026-10-05T08:44:03.774Z","caller":"routed-eni-cni-plugin/cni.go:149","msg":"pod requires multi-nic attachment: false"}
{"level":"debug","ts":"2026-10-05T08:44:03.774Z","caller":"routed-eni-cni-plugin/cni.go:190","msg":"Connected to IPAMD via Unix socket: /var/run/aws-node/ipamd.sock"}
{"level":"error","ts":"2026-10-05T08:44:03.775Z","caller":"routed-eni-cni-plugin/cni.go:149","msg":"Failed to assign an IP address to container 4ee496892514e198fc94c8cba9c4ef97e657b324a9113de3462adcdf9394a98c"}
{"level":"info","ts":"2026-10-05T08:44:03.799Z","caller":"routed-eni-cni-plugin/cni.go:131","msg":"Constructed new logger instance"}
{"level":"debug","ts":"2026-10-05T08:44:03.799Z","caller":"routed-eni-cni-plugin/cni.go:370","msg":"Prev Result: <nil>\n"}
{"level":"info","ts":"2026-10-05T08:44:03.799Z","caller":"routed-eni-cni-plugin/cni.go:370","msg":"Received CNI del request: ContainerID(4ee496892514e198fc94c8cba9c4ef97e657b324a9113de3462adcdf9394a98c) Netns(/var/run/netns/cni-db4bcc02-637a-966e-6d43-274ffc726bc4) IfName(eth0) Args(K8S_POD_NAME=pause-68d5b89fc-5gpj2;K8S_POD_INFRA_CONTAINER_ID=4ee496892514e198fc94c8cba9c4ef97e657b324a9113de3462adcdf9394a98c;K8S_POD_UID=8da26452-5df7-4b5d-bf8b-b8df9d619b63;IgnoreUnknown=1;K8S_POD_NAMESPACE=default) Path(/opt/cni/bin) argsStdinData({\"capabilities\":{\"io.kubernetes.cri.pod-annotations\":true},\"cniVersion\":\"0.4.0\",\"mtu\":\"9001\",\"name\":\"aws-cni\",\"pluginLogFile\":\"/var/log/aws-routed-eni/plugin.log\",\"pluginLogLevel\":\"DEBUG\",\"podSGEnforcingMode\":\"strict\",\"runtimeConfig\":{\"io.kubernetes.cri.pod-annotations\":{\"kubernetes.io/config.seen\":\"2026-10-05T08:41:28.467978233Z\",\"kubernetes.io/config.source\":\"api\"}},\"type\":\"aws-cni\",\"vethPrefix\":\"eni\"})"}
{"level":"debug","ts":"2026-10-05T08:44:03.800Z","caller":"routed-eni-cni-plugin/cni.go:407","msg":"Connected to IPAMD via Unix socket: /var/run/aws-node/ipamd.sock"}
{"level":"info","ts":"2026-10-05T08:44:03.801Z","caller":"routed-eni-cni-plugin/cni.go:370","msg":"Container 4ee496892514e198fc94c8cba9c4ef97e657b324a9113de3462adcdf9394a98c not found"}
{"level":"info","ts":"2026-10-05T08:44:09.780Z","caller":"routed-eni-cni-plugin/cni.go:131","msg":"Constructed new logger instance"}
{"level":"info","ts":"2026-10-05T08:44:09.780Z","caller":"routed-eni-cni-plugin/cni.go:149","msg":"Received CNI add request: ContainerID(c73e4bdc14cc2692eefab939966f27d66e6877245372d3462b51c6a6c619ce38) Netns(/var/run/netns/cni-4b7c2515-12ee-282a-bf45-c88169e9e8a8) IfName(eth0) Args(K8S_POD_NAME=pause-68d5b89fc-n9q4v;K8S_POD_INFRA_CONTAINER_ID=c73e4bdc14cc2692eefab939966f27d66e6877245372d3462b51c6a6c619ce38;K8S_POD_UID=f68fbeb2-acd7-443d-aaf4-9fe8443ea42e;IgnoreUnknown=1;K8S_POD_NAMESPACE=default) Path(/opt/cni/bin) argsStdinData({\"capabilities\":{\"io.kubernetes.cri.pod-annotations\":true},\"cniVersion\":\"0.4.0\",\"mtu\":\"9001\",\"name\":\"aws-cni\",\"pluginLogFile\":\"/var/log/aws-routed-eni/plugin.log\",\"pluginLogLevel\":\"DEBUG\",\"podSGEnforcingMode\":\"strict\",\"runtimeConfig\":{\"io.kubernetes.cri.pod-annotations\":{\"kubernetes.io/config.seen\":\"2026-10-05T08:41:28.340554105Z\",\"kubernetes.io/config.source\":\"api\"}},\"type\":\"aws-cni\",\"vethPrefix\":\"eni\"})"}
{"level":"debug","ts":"2026-10-05T08:44:09.780Z","caller":"routed-eni-cni-plugin/cni.go:149","msg":"Prev Result: <nil>\n"}
{"level":"debug","ts":"2026-10-05T08:44:09.780Z","caller":"routed-eni-cni-plugin/cni.go:149","msg":"MTU value set is 9001:"}
{"level":"debug","ts":"2026-10-05T08:44:09.780Z","caller":"routed-eni-cni-plugin/cni.go:149","msg":"pod requires multi-nic attachment: false"}
{"level":"debug","ts":"2026-10-05T08:44:09.781Z","caller":"routed-eni-cni-plugin/cni.go:190","msg":"Connected to IPAMD via Unix socket: /var/run/aws-node/ipamd.sock"}
{"level":"error","ts":"2026-10-05T08:44:09.782Z","caller":"routed-eni-cni-plugin/cni.go:149","msg":"Failed to assign an IP address to container c73e4bdc14cc2692eefab939966f27d66e6877245372d3462b51c6a6c619ce38"}
{"level":"info","ts":"2026-10-05T08:44:09.805Z","caller":"routed-eni-cni-plugin/cni.go:131","msg":"Constructed new logger instance"}
{"level":"debug","ts":"2026-10-05T08:44:09.805Z","caller":"routed-eni-cni-plugin/cni.go:370","msg":"Prev Result: <nil>\n"}
{"level":"info","ts":"2026-10-05T08:44:09.805Z","caller":"routed-eni-cni-plugin/cni.go:370","msg":"Received CNI del request: ContainerID(c73e4bdc14cc2692eefab939966f27d66e6877245372d3462b51c6a6c619ce38) Netns(/var/run/netns/cni-4b7c2515-12ee-282a-bf45-c88169e9e8a8) IfName(eth0) Args(IgnoreUnknown=1;K8S_POD_NAMESPACE=default;K8S_POD_NAME=pause-68d5b89fc-n9q4v;K8S_POD_INFRA_CONTAINER_ID=c73e4bdc14cc2692eefab939966f27d66e6877245372d3462b51c6a6c619ce38;K8S_POD_UID=f68fbeb2-acd7-443d-aaf4-9fe8443ea42e) Path(/opt/cni/bin) argsStdinData({\"capabilities\":{\"io.kubernetes.cri.pod-annotations\":true},\"cniVersion\":\"0.4.0\",\"mtu\":\"9001\",\"name\":\"aws-cni\",\"pluginLogFile\":\"/var/log/aws-routed-eni/plugin.log\",\"pluginLogLevel\":\"DEBUG\",\"podSGEnforcingMode\":\"strict\",\"runtimeConfig\":{\"io.kubernetes.cri.pod-annotations\":{\"kubernetes.io/config.seen\":\"2026-10-05T08:41:28.340554105Z\",\"kubernetes.io/config.source\":\"api\"}},\"type\":\"aws-cni\",\"vethPrefix\":\"eni\"})"}
{"level":"debug","ts":"2026-10-05T08:44:09.806Z","caller":"routed-eni-cni-plugin/cni.go:407","msg":"Connected to IPAMD via Unix socket: /var/run/aws-node/ipamd.sock"}
{"level":"info","ts":"2026-10-05T08:44:09.807Z","caller":"routed-eni-cni-plugin/cni.go:370","msg":"Container c73e4bdc14cc2692eefab939966f27d66e6877245372d3462b51c6a6c619ce38 not found"}
{"level":"info","ts":"2026-10-05T08:44:11.772Z","caller":"routed-eni-cni-plugin/cni.go:131","msg":"Constructed new logger instance"}
{"level":"info","ts":"2026-10-05T08:44:11.772Z","caller":"routed-eni-cni-plugin/cni.go:149","msg":"Received CNI add request: ContainerID(09d188ed6cb58eada88b40ea4e26ca034b6cd4c618d711ff4e6c376a11572153) Netns(/var/run/netns/cni-54e1acd9-b319-68d8-5e35-cb3795fd80bb) IfName(eth0) Args(IgnoreUnknown=1;K8S_POD_NAMESPACE=default;K8S_POD_NAME=pause-68d5b89fc-88226;K8S_POD_INFRA_CONTAINER_ID=09d188ed6cb58eada88b40ea4e26ca034b6cd4c618d711ff4e6c376a11572153;K8S_POD_UID=e903ba0e-e96e-48c7-90d6-ad1a2a6941a3) Path(/opt/cni/bin) argsStdinData({\"capabilities\":{\"io.kubernetes.cri.pod-annotations\":true},\"cniVersion\":\"0.4.0\",\"mtu\":\"9001\",\"name\":\"aws-cni\",\"pluginLogFile\":\"/var/log/aws-routed-eni/plugin.log\",\"pluginLogLevel\":\"DEBUG\",\"podSGEnforcingMode\":\"strict\",\"runtimeConfig\":{\"io.kubernetes.cri.pod-annotations\":{\"kubernetes.io/config.seen\":\"2026-10-05T08:41:28.410235585Z\",\"kubernetes.io/config.source\":\"api\"}},\"type\":\"aws-cni\",\"vethPrefix\":\"eni\"})"}
{"level":"debug","ts":"2026-10-05T08:44:11.772Z","caller":"routed-eni-cni-plugin/cni.go:149","msg":"Prev Result: <nil>\n"}
{"level":"debug","ts":"2026-10-05T08:44:11.772Z","caller":"routed-eni-cni-plugin/cni.go:149","msg":"MTU value set is 9001:"}
{"level":"debug","ts":"2026-10-05T08:44:11.772Z","caller":"routed-eni-cni-plugin/cni.go:149","msg":"pod requires multi-nic attachment: false"}
{"level":"debug","ts":"2026-10-05T08:44:11.773Z","caller":"routed-eni-cni-plugin/cni.go:190","msg":"Connected to IPAMD via Unix socket: /var/run/aws-node/ipamd.sock"}
{"level":"error","ts":"2026-10-05T08:44:11.774Z","caller":"routed-eni-cni-plugin/cni.go:149","msg":"Failed to assign an IP address to container 09d188ed6cb58eada88b40ea4e26ca034b6cd4c618d711ff4e6c376a11572153"}
{"level":"info","ts":"2026-10-05T08:44:11.797Z","caller":"routed-eni-cni-plugin/cni.go:131","msg":"Constructed new logger instance"}
{"level":"debug","ts":"2026-10-05T08:44:11.797Z","caller":"routed-eni-cni-plugin/cni.go:370","msg":"Prev Result: <nil>\n"}
{"level":"info","ts":"2026-10-05T08:44:11.797Z","caller":"routed-eni-cni-plugin/cni.go:370","msg":"Received CNI del request: ContainerID(09d188ed6cb58eada88b40ea4e26ca034b6cd4c618d711ff4e6c376a11572153) Netns(/var/run/netns/cni-54e1acd9-b319-68d8-5e35-cb3795fd80bb) IfName(eth0) Args(IgnoreUnknown=1;K8S_POD_NAMESPACE=default;K8S_POD_NAME=pause-68d5b89fc-88226;K8S_POD_INFRA_CONTAINER_ID=09d188ed6cb58eada88b40ea4e26ca034b6cd4c618d711ff4e6c376a11572153;K8S_POD_UID=e903ba0e-e96e-48c7-90d6-ad1a2a6941a3) Path(/opt/cni/bin) argsStdinData({\"capabilities\":{\"io.kubernetes.cri.pod-annotations\":true},\"cniVersion\":\"0.4.0\",\"mtu\":\"9001\",\"name\":\"aws-cni\",\"pluginLogFile\":\"/var/log/aws-routed-eni/plugin.log\",\"pluginLogLevel\":\"DEBUG\",\"podSGEnforcingMode\":\"strict\",\"runtimeConfig\":{\"io.kubernetes.cri.pod-annotations\":{\"kubernetes.io/config.seen\":\"2026-10-05T08:41:28.410235585Z\",\"kubernetes.io/config.source\":\"api\"}},\"type\":\"aws-cni\",\"vethPrefix\":\"eni\"})"}
{"level":"debug","ts":"2026-10-05T08:44:11.798Z","caller":"routed-eni-cni-plugin/cni.go:407","msg":"Connected to IPAMD via Unix socket: /var/run/aws-node/ipamd.sock"}
{"level":"info","ts":"2026-10-05T08:44:11.799Z","caller":"routed-eni-cni-plugin/cni.go:370","msg":"Container 09d188ed6cb58eada88b40ea4e26ca034b6cd4c618d711ff4e6c376a11572153 not found"}
