{"level":"info","ts":"2026-10-05T08:38:36.529Z","caller":"routed-eni-cni-plugin/cni.go:131","msg":"Constructed new logger instance"}
{"level":"info","ts":"2026-10-05T08:38:36.529Z","caller":"routed-eni-cni-plugin/cni.go:149","msg":"Received CNI add request: ContainerID(eb2b4544ef2be942eb92ee0181f1e09fbd0bc64a2e4f1ea73091ada7b25b8661) Netns(/var/run/netns/cni-70deee86-3aa8-ece4-ca02-82c7e01a8337) IfName(eth0) Args(K8S_POD_NAMESPACE=kube-system;K8S_POD_NAME=coredns-79f8dffc57-fwslz;K8S_POD_INFRA_CONTAINER_ID=eb2b4544ef2be942eb92ee0181f1e09fbd0bc64a2e4f1ea73091ada7b25b8661;K8S_POD_UID=ad241f1d-d89e-4886-8d30-e22384a0b925;IgnoreUnknown=1) Path(/opt/cni/bin) argsStdinData({\"capabilities\":{\"io.kubernetes.cri.pod-annotations\":true},\"cniVersion\":\"0.4.0\",\"mtu\":\"9001\",\"name\":\"aws-cni\",\"pluginLogFile\":\"/var/log/aws-routed-eni/plugin.log\",\"pluginLogLevel\":\"DEBUG\",\"podSGEnforcingMode\":\"strict\",\"runtimeConfig\":{\"io.kubernetes.cri.pod-annotations\":{\"kubernetes.io/config.seen\":\"2026-10-05T08:38:36.183906822Z\",\"kubernetes.io/config.source\":\"api\"}},\"type\":\"aws-cni\",\"vethPrefix\":\"eni\"})"}
{"level":"debug","ts":"2026-10-05T08:38:36.529Z","caller":"routed-eni-cni-plugin/cni.go:149","msg":"Prev Result: <nil>\n"}
{"level":"debug","ts":"2026-10-05T08:38:36.529Z","caller":"routed-eni-cni-plugin/cni.go:149","msg":"MTU value set is 9001:"}
{"level":"debug","ts":"2026-10-05T08:38:36.530Z","caller":"routed-eni-cni-plugin/cni.go:149","msg":"pod requires multi-nic attachment: false"}
{"level":"debug","ts":"2026-10-05T08:38:36.530Z","caller":"routed-eni-cni-plugin/cni.go:190","msg":"Connected to IPAMD via Unix socket: /var/run/aws-node/ipamd.sock"}
{"level":"error","ts":"2026-10-05T08:38:36.533Z","caller":"routed-eni-cni-plugin/cni.go:149","msg":"Failed to assign an IP address to container eb2b4544ef2be942eb92ee0181f1e09fbd0bc64a2e4f1ea73091ada7b25b8661"}
{"level":"info","ts":"2026-10-05T08:38:36.550Z","caller":"routed-eni-cni-plugin/cni.go:131","msg":"Constructed new logger instance"}
{"level":"info","ts":"2026-10-05T08:38:36.550Z","caller":"routed-eni-cni-plugin/cni.go:149","msg":"Received CNI add request: ContainerID(b6f1090c2f873d23d8cfbdeb70888d2ec2ce53c9fc9f5c2dada670d3b59037c5) Netns(/var/run/netns/cni-6eb105f5-521c-a2d7-3279-9c51d2663cad) IfName(eth0) Args(K8S_POD_NAMESPACE=kube-system;K8S_POD_NAME=coredns-79f8dffc57-cv2lj;K8S_POD_INFRA_CONTAINER_ID=b6f1090c2f873d23d8cfbdeb70888d2ec2ce53c9fc9f5c2dada670d3b59037c5;K8S_POD_UID=080397ba-9aa0-4db1-b449-5fe2b0811692;IgnoreUnknown=1) Path(/opt/cni/bin) argsStdinData({\"capabilities\":{\"io.kubernetes.cri.pod-annotations\":true},\"cniVersion\":\"0.4.0\",\"mtu\":\"9001\",\"name\":\"aws-cni\",\"pluginLogFile\":\"/var/log/aws-routed-eni/plugin.log\",\"pluginLogLevel\":\"DEBUG\",\"podSGEnforcingMode\":\"strict\",\"runtimeConfig\":{\"io.kubernetes.cri.pod-annotations\":{\"kubernetes.io/config.seen\":\"2026-10-05T08:38:36.188493894Z\",\"kubernetes.io/config.source\":\"api\"}},\"type\":\"aws-cni\",\"vethPrefix\":\"eni\"})"}
{"level":"debug","ts":"2026-10-05T08:38:36.550Z","caller":"routed-eni-cni-plugin/cni.go:149","msg":"Prev Result: <nil>\n"}
{"level":"debug","ts":"2026-10-05T08:38:36.550Z","caller":"routed-eni-cni-plugin/cni.go:149","msg":"MTU value set is 9001:"}
{"level":"debug","ts":"2026-10-05T08:38:36.550Z","caller":"routed-eni-cni-plugin/cni.go:149","msg":"pod requires multi-nic attachment: false"}
{"level":"debug","ts":"2026-10-05T08:38:36.550Z","caller":"routed-eni-cni-plugin/cni.go:190","msg":"Connected to IPAMD via Unix socket: /var/run/aws-node/ipamd.sock"}
{"level":"error","ts":"2026-10-05T08:38:36.552Z","caller":"routed-eni-cni-plugin/cni.go:149","msg":"Failed to assign an IP address to container b6f1090c2f873d23d8cfbdeb70888d2ec2ce53c9fc9f5c2dada670d3b59037c5"}
{"level":"info","ts":"2026-10-05T08:38:36.567Z","caller":"routed-eni-cni-plugin/cni.go:131","msg":"Constructed new logger instance"}
{"level":"debug","ts":"2026-10-05T08:38:36.567Z","caller":"routed-eni-cni-plugin/cni.go:370","msg":"Prev Result: <nil>\n"}
{"level":"info","ts":"2026-10-05T08:38:36.567Z","caller":"routed-eni-cni-plugin/cni.go:370","msg":"Received CNI del request: ContainerID(eb2b4544ef2be942eb92ee0181f1e09fbd0bc64a2e4f1ea73091ada7b25b8661) Netns(/var/run/netns/cni-70deee86-3aa8-ece4-ca02-82c7e01a8337) IfName(eth0) Args(K8S_POD_NAMESPACE=kube-system;K8S_POD_NAME=coredns-79f8dffc57-fwslz;K8S_POD_INFRA_CONTAINER_ID=eb2b4544ef2be942eb92ee0181f1e09fbd0bc64a2e4f1ea73091ada7b25b8661;K8S_POD_UID=ad241f1d-d89e-4886-8d30-e22384a0b925;IgnoreUnknown=1) Path(/opt/cni/bin) argsStdinData({\"capabilities\":{\"io.kubernetes.cri.pod-annotations\":true},\"cniVersion\":\"0.4.0\",\"mtu\":\"9001\",\"name\":\"aws-cni\",\"pluginLogFile\":\"/var/log/aws-routed-eni/plugin.log\",\"pluginLogLevel\":\"DEBUG\",\"podSGEnforcingMode\":\"strict\",\"runtimeConfig\":{\"io.kubernetes.cri.pod-annotations\":{\"kubernetes.io/config.seen\":\"2026-10-05T08:38:36.183906822Z\",\"kubernetes.io/config.source\":\"api\"}},\"type\":\"aws-cni\",\"vethPrefix\":\"eni\"})"}
{"level":"debug","ts":"2026-10-05T08:38:36.567Z","caller":"routed-eni-cni-plugin/cni.go:407","msg":"Connected to IPAMD via Unix socket: /var/run/aws-node/ipamd.sock"}
{"level":"info","ts":"2026-10-05T08:38:36.569Z","caller":"routed-eni-cni-plugin/cni.go:370","msg":"Container eb2b4544ef2be942eb92ee0181f1e09fbd0bc64a2e4f1ea73091ada7b25b8661 not found"}
{"level":"info","ts":"2026-10-05T08:38:36.585Z","caller":"routed-eni-cni-plugin/cni.go:131","msg":"Constructed new logger instance"}
{"level":"debug","ts":"2026-10-05T08:38:36.586Z","caller":"routed-eni-cni-plugin/cni.go:370","msg":"Prev Result: <nil>\n"}
{"level":"info","ts":"2026-10-05T08:38:36.586Z","caller":"routed-eni-cni-plugin/cni.go:370","msg":"Received CNI del request: ContainerID(b6f1090c2f873d23d8cfbdeb70888d2ec2ce53c9fc9f5c2dada670d3b59037c5) Netns(/var/run/netns/cni-6eb105f5-521c-a2d7-3279-9c51d2663cad) IfName(eth0) Args(K8S_POD_NAME=coredns-79f8dffc57-cv2lj;K8S_POD_INFRA_CONTAINER_ID=b6f1090c2f873d23d8cfbdeb70888d2ec2ce53c9fc9f5c2dada670d3b59037c5;K8S_POD_UID=080397ba-9aa0-4db1-b449-5fe2b0811692;IgnoreUnknown=1;K8S_POD_NAMESPACE=kube-system) Path(/opt/cni/bin) argsStdinData({\"capabilities\":{\"io.kubernetes.cri.pod-annotations\":true},\"cniVersion\":\"0.4.0\",\"mtu\":\"9001\",\"name\":\"aws-cni\",\"pluginLogFile\":\"/var/log/aws-routed-eni/plugin.log\",\"pluginLogLevel\":\"DEBUG\",\"podSGEnforcingMode\":\"strict\",\"runtimeConfig\":{\"io.kubernetes.cri.pod-annotations\":{\"kubernetes.io/config.seen\":\"2026-10-05T08:38:36.188493894Z\",\"kubernetes.io/config.source\":\"api\"}},\"type\":\"aws-cni\",\"vethPrefix\":\"eni\"})"}
{"level":"debug","ts":"2026-10-05T08:38:36.586Z","caller":"routed-eni-cni-plugin/cni.go:407","msg":"Connected to IPAMD via Unix socket: /var/run/aws-node/ipamd.sock"}
{"level":"info","ts":"2026-10-05T08:38:36.587Z","caller":"routed-eni-cni-plugin/cni.go:370","msg":"Container b6f1090c2f873d23d8cfbdeb70888d2ec2ce53c9fc9f5c2dada670d3b59037c5 not found"}
{"level":"info","ts":"2026-10-05T08:38:46.698Z","caller":"routed-eni-cni-plugin/cni.go:131","msg":"Constructed new logger instance"}
{"level":"info","ts":"2026-10-05T08:38:46.698Z","caller":"routed-eni-cni-plugin/cni.go:149","msg":"Received CNI add request: ContainerID(0777910caee3b1f762d68be5f7c1f2e9e52285ac8c0c9099be0adf2cdef3dfba) Netns(/var/run/netns/cni-a3c3fa73-0d19-2884-5c19-4d82755df254) IfName(eth0) Args(IgnoreUnknown=1;K8S_POD_NAMESPACE=kube-system;K8S_POD_NAME=coredns-79f8dffc57-cv2lj;K8S_POD_INFRA_CONTAINER_ID=0777910caee3b1f762d68be5f7c1f2e9e52285ac8c0c9099be0adf2cdef3dfba;K8S_POD_UID=080397ba-9aa0-4db1-b449-5fe2b0811692) Path(/opt/cni/bin) argsStdinData({\"capabilities\":{\"io.kubernetes.cri.pod-annotations\":true},\"cniVersion\":\"0.4.0\",\"mtu\":\"9001\",\"name\":\"aws-cni\",\"pluginLogFile\":\"/var/log/aws-routed-eni/plugin.log\",\"pluginLogLevel\":\"DEBUG\",\"podSGEnforcingMode\":\"strict\",\"runtimeConfig\":{\"io.kubernetes.cri.pod-annotations\":{\"kubernetes.io/config.seen\":\"2026-10-05T08:38:36.188493894Z\",\"kubernetes.io/config.source\":\"api\"}},\"type\":\"aws-cni\",\"vethPrefix\":\"eni\"})"}
{"level":"debug","ts":"2026-10-05T08:38:46.698Z","caller":"routed-eni-cni-plugin/cni.go:149","msg":"Prev Result: <nil>\n"}
{"level":"debug","ts":"2026-10-05T08:38:46.698Z","caller":"routed-eni-cni-plugin/cni.go:149","msg":"MTU value set is 9001:"}
{"level":"debug","ts":"2026-10-05T08:38:46.698Z","caller":"routed-eni-cni-plugin/cni.go:149","msg":"pod requires multi-nic attachment: false"}
{"level":"debug","ts":"2026-10-05T08:38:46.698Z","caller":"routed-eni-cni-plugin/cni.go:190","msg":"Connected to IPAMD via Unix socket: /var/run/aws-node/ipamd.sock"}
{"level":"error","ts":"2026-10-05T08:38:46.700Z","caller":"routed-eni-cni-plugin/cni.go:149","msg":"Failed to assign an IP address to container 0777910caee3b1f762d68be5f7c1f2e9e52285ac8c0c9099be0adf2cdef3dfba"}
{"level":"info","ts":"2026-10-05T08:38:46.722Z","caller":"routed-eni-cni-plugin/cni.go:131","msg":"Constructed new logger instance"}
{"level":"debug","ts":"2026-10-05T08:38:46.722Z","caller":"routed-eni-cni-plugin/cni.go:370","msg":"Prev Result: <nil>\n"}
{"level":"info","ts":"2026-10-05T08:38:46.722Z","caller":"routed-eni-cni-plugin/cni.go:370","msg":"Received CNI del request: ContainerID(0777910caee3b1f762d68be5f7c1f2e9e52285ac8c0c9099be0adf2cdef3dfba) Netns(/var/run/netns/cni-a3c3fa73-0d19-2884-5c19-4d82755df254) IfName(eth0) Args(IgnoreUnknown=1;K8S_POD_NAMESPACE=kube-system;K8S_POD_NAME=coredns-79f8dffc57-cv2lj;K8S_POD_INFRA_CONTAINER_ID=0777910caee3b1f762d68be5f7c1f2e9e52285ac8c0c9099be0adf2cdef3dfba;K8S_POD_UID=080397ba-9aa0-4db1-b449-5fe2b0811692) Path(/opt/cni/bin) argsStdinData({\"capabilities\":{\"io.kubernetes.cri.pod-annotations\":true},\"cniVersion\":\"0.4.0\",\"mtu\":\"9001\",\"name\":\"aws-cni\",\"pluginLogFile\":\"/var/log/aws-routed-eni/plugin.log\",\"pluginLogLevel\":\"DEBUG\",\"podSGEnforcingMode\":\"strict\",\"runtimeConfig\":{\"io.kubernetes.cri.pod-annotations\":{\"kubernetes.io/config.seen\":\"2026-10-05T08:38:36.188493894Z\",\"kubernetes.io/config.source\":\"api\"}},\"type\":\"aws-cni\",\"vethPrefix\":\"eni\"})"}
{"level":"debug","ts":"2026-10-05T08:38:46.722Z","caller":"routed-eni-cni-plugin/cni.go:407","msg":"Connected to IPAMD via Unix socket: /var/run/aws-node/ipamd.sock"}
{"level":"info","ts":"2026-10-05T08:38:46.724Z","caller":"routed-eni-cni-plugin/cni.go:370","msg":"Container 0777910caee3b1f762d68be5f7c1f2e9e52285ac8c0c9099be0adf2cdef3dfba not found"}
{"level":"info","ts":"2026-10-05T08:38:48.696Z","caller":"routed-eni-cni-plugin/cni.go:131","msg":"Constructed new logger instance"}
{"level":"info","ts":"2026-10-05T08:38:48.696Z","caller":"routed-eni-cni-plugin/cni.go:149","msg":"Received CNI add request: ContainerID(2d3a61520382bbad108d76f5376f58372721710376d9bd19e456faaa5e10dfb1) Netns(/var/run/netns/cni-950ffbf1-f632-30b7-22ea-d1e1976476ce) IfName(eth0) Args(IgnoreUnknown=1;K8S_POD_NAMESPACE=kube-system;K8S_POD_NAME=coredns-79f8dffc57-fwslz;K8S_POD_INFRA_CONTAINER_ID=2d3a61520382bbad108d76f5376f58372721710376d9bd19e456faaa5e10dfb1;K8S_POD_UID=ad241f1d-d89e-4886-8d30-e22384a0b925) Path(/opt/cni/bin) argsStdinData({\"capabilities\":{\"io.kubernetes.cri.pod-annotations\":true},\"cniVersion\":\"0.4.0\",\"mtu\":\"9001\",\"name\":\"aws-cni\",\"pluginLogFile\":\"/var/log/aws-routed-eni/plugin.log\",\"pluginLogLevel\":\"DEBUG\",\"podSGEnforcingMode\":\"strict\",\"runtimeConfig\":{\"io.kubernetes.cri.pod-annotations\":{\"kubernetes.io/config.seen\":\"2026-10-05T08:38:36.183906822Z\",\"kubernetes.io/config.source\":\"api\"}},\"type\":\"aws-cni\",\"vethPrefix\":\"eni\"})"}
{"level":"debug","ts":"2026-10-05T08:38:48.696Z","caller":"routed-eni-cni-plugin/cni.go:149","msg":"Prev Result: <nil>\n"}
{"level":"debug","ts":"2026-10-05T08:38:48.696Z","caller":"routed-eni-cni-plugin/cni.go:149","msg":"MTU value set is 9001:"}
{"level":"debug","ts":"2026-10-05T08:38:48.696Z","caller":"routed-eni-cni-plugin/cni.go:149","msg":"pod requires multi-nic attachment: false"}
{"level":"debug","ts":"2026-10-05T08:38:48.697Z","caller":"routed-eni-cni-plugin/cni.go:190","msg":"Connected to IPAMD via Unix socket: /var/run/aws-node/ipamd.sock"}
{"level":"error","ts":"2026-10-05T08:38:48.698Z","caller":"routed-eni-cni-plugin/cni.go:149","msg":"Failed to assign an IP address to container 2d3a61520382bbad108d76f5376f58372721710376d9bd19e456faaa5e10dfb1"}
{"level":"info","ts":"2026-10-05T08:38:48.721Z","caller":"routed-eni-cni-plugin/cni.go:131","msg":"Constructed new logger instance"}
{"level":"debug","ts":"2026-10-05T08:38:48.721Z","caller":"routed-eni-cni-plugin/cni.go:370","msg":"Prev Result: <nil>\n"}
{"level":"info","ts":"2026-10-05T08:38:48.721Z","caller":"routed-eni-cni-plugin/cni.go:370","msg":"Received CNI del request: ContainerID(2d3a61520382bbad108d76f5376f58372721710376d9bd19e456faaa5e10dfb1) Netns(/var/run/netns/cni-950ffbf1-f632-30b7-22ea-d1e1976476ce) IfName(eth0) Args(K8S_POD_NAME=coredns-79f8dffc57-fwslz;K8S_POD_INFRA_CONTAINER_ID=2d3a61520382bbad108d76f5376f58372721710376d9bd19e456faaa5e10dfb1;K8S_POD_UID=ad241f1d-d89e-4886-8d30-e22384a0b925;IgnoreUnknown=1;K8S_POD_NAMESPACE=kube-system) Path(/opt/cni/bin) argsStdinData({\"capabilities\":{\"io.kubernetes.cri.pod-annotations\":true},\"cniVersion\":\"0.4.0\",\"mtu\":\"9001\",\"name\":\"aws-cni\",\"pluginLogFile\":\"/var/log/aws-routed-eni/plugin.log\",\"pluginLogLevel\":\"DEBUG\",\"podSGEnforcingMode\":\"strict\",\"runtimeConfig\":{\"io.kubernetes.cri.pod-annotations\":{\"kubernetes.io/config.seen\":\"2026-10-05T08:38:36.183906822Z\",\"kubernetes.io/config.source\":\"api\"}},\"type\":\"aws-cni\",\"vethPrefix\":\"eni\"})"}
{"level":"debug","ts":"2026-10-05T08:38:48.721Z","caller":"routed-eni-cni-plugin/cni.go:407","msg":"Connected to IPAMD via Unix socket: /var/run/aws-node/ipamd.sock"}
{"level":"info","ts":"2026-10-05T08:38:48.722Z","caller":"routed-eni-cni-plugin/cni.go:370","msg":"Container 2d3a61520382bbad108d76f5376f58372721710376d9bd19e456faaa5e10dfb1 not found"}
{"level":"info","ts":"2026-10-05T08:38:57.696Z","caller":"routed-eni-cni-plugin/cni.go:131","msg":"Constructed new logger instance"}
{"level":"info","ts":"2026-10-05T08:38:57.696Z","caller":"routed-eni-cni-plugin/cni.go:149","msg":"Received CNI add request: ContainerID(1d792017a322fad7fec320283e3b4eb535f4e7c95c428a4166cd981373724514) Netns(/var/run/netns/cni-bff1b096-d83d-94b3-12f5-ab4a74f1d69a) IfName(eth0) Args(K8S_POD_NAME=coredns-79f8dffc57-cv2lj;K8S_POD_INFRA_CONTAINER_ID=1d792017a322fad7fec320283e3b4eb535f4e7c95c428a4166cd981373724514;K8S_POD_UID=080397ba-9aa0-4db1-b449-5fe2b0811692;IgnoreUnknown=1;K8S_POD_NAMESPACE=kube-system) Path(/opt/cni/bin) argsStdinData({\"capabilities\":{\"io.kubernetes.cri.pod-annotations\":true},\"cniVersion\":\"0.4.0\",\"mtu\":\"9001\",\"name\":\"aws-cni\",\"pluginLogFile\":\"/var/log/aws-routed-eni/plugin.log\",\"pluginLogLevel\":\"DEBUG\",\"podSGEnforcingMode\":\"strict\",\"runtimeConfig\":{\"io.kubernetes.cri.pod-annotations\":{\"kubernetes.io/config.seen\":\"2026-10-05T08:38:36.188493894Z\",\"kubernetes.io/config.source\":\"api\"}},\"type\":\"aws-cni\",\"vethPrefix\":\"eni\"})"}
{"level":"debug","ts":"2026-10-05T08:38:57.696Z","caller":"routed-eni-cni-plugin/cni.go:149","msg":"Prev Result: <nil>\n"}
{"level":"debug","ts":"2026-10-05T08:38:57.696Z","caller":"routed-eni-cni-plugin/cni.go:149","msg":"MTU value set is 9001:"}
{"level":"debug","ts":"2026-10-05T08:38:57.696Z","caller":"routed-eni-cni-plugin/cni.go:149","msg":"pod requires multi-nic attachment: false"}
{"level":"debug","ts":"2026-10-05T08:38:57.696Z","caller":"routed-eni-cni-plugin/cni.go:190","msg":"Connected to IPAMD via Unix socket: /var/run/aws-node/ipamd.sock"}
{"level":"error","ts":"2026-10-05T08:38:57.698Z","caller":"routed-eni-cni-plugin/cni.go:149","msg":"Failed to assign an IP address to container 1d792017a322fad7fec320283e3b4eb535f4e7c95c428a4166cd981373724514"}
{"level":"info","ts":"2026-10-05T08:38:57.721Z","caller":"routed-eni-cni-plugin/cni.go:131","msg":"Constructed new logger instance"}
{"level":"debug","ts":"2026-10-05T08:38:57.721Z","caller":"routed-eni-cni-plugin/cni.go:370","msg":"Prev Result: <nil>\n"}
{"level":"info","ts":"2026-10-05T08:38:57.721Z","caller":"routed-eni-cni-plugin/cni.go:370","msg":"Received CNI del request: ContainerID(1d792017a322fad7fec320283e3b4eb535f4e7c95c428a4166cd981373724514) Netns(/var/run/netns/cni-bff1b096-d83d-94b3-12f5-ab4a74f1d69a) IfName(eth0) Args(K8S_POD_INFRA_CONTAINER_ID=1d792017a322fad7fec320283e3b4eb535f4e7c95c428a4166cd981373724514;K8S_POD_UID=080397ba-9aa0-4db1-b449-5fe2b0811692;IgnoreUnknown=1;K8S_POD_NAMESPACE=kube-system;K8S_POD_NAME=coredns-79f8dffc57-cv2lj) Path(/opt/cni/bin) argsStdinData({\"capabilities\":{\"io.kubernetes.cri.pod-annotations\":true},\"cniVersion\":\"0.4.0\",\"mtu\":\"9001\",\"name\":\"aws-cni\",\"pluginLogFile\":\"/var/log/aws-routed-eni/plugin.log\",\"pluginLogLevel\":\"DEBUG\",\"podSGEnforcingMode\":\"strict\",\"runtimeConfig\":{\"io.kubernetes.cri.pod-annotations\":{\"kubernetes.io/config.seen\":\"2026-10-05T08:38:36.188493894Z\",\"kubernetes.io/config.source\":\"api\"}},\"type\":\"aws-cni\",\"vethPrefix\":\"eni\"})"}
{"level":"debug","ts":"2026-10-05T08:38:57.721Z","caller":"routed-eni-cni-plugin/cni.go:407","msg":"Connected to IPAMD via Unix socket: /var/run/aws-node/ipamd.sock"}
{"level":"info","ts":"2026-10-05T08:38:57.722Z","caller":"routed-eni-cni-plugin/cni.go:370","msg":"Container 1d792017a322fad7fec320283e3b4eb535f4e7c95c428a4166cd981373724514 not found"}
{"level":"info","ts":"2026-10-05T08:38:59.699Z","caller":"routed-eni-cni-plugin/cni.go:131","msg":"Constructed new logger instance"}
{"level":"info","ts":"2026-10-05T08:38:59.699Z","caller":"routed-eni-cni-plugin/cni.go:149","msg":"Received CNI add request: ContainerID(24359d7921ec7ae626260692c526540a0d3caf0dad30a27dea42112ce78f4c8b) Netns(/var/run/netns/cni-61d7f758-54ff-3662-ad77-6900b7609638) IfName(eth0) Args(IgnoreUnknown=1;K8S_POD_NAMESPACE=kube-system;K8S_POD_NAME=coredns-79f8dffc57-fwslz;K8S_POD_INFRA_CONTAINER_ID=24359d7921ec7ae626260692c526540a0d3caf0dad30a27dea42112ce78f4c8b;K8S_POD_UID=ad241f1d-d89e-4886-8d30-e22384a0b925) Path(/opt/cni/bin) argsStdinData({\"capabilities\":{\"io.kubernetes.cri.pod-annotations\":true},\"cniVersion\":\"0.4.0\",\"mtu\":\"9001\",\"name\":\"aws-cni\",\"pluginLogFile\":\"/var/log/aws-routed-eni/plugin.log\",\"pluginLogLevel\":\"DEBUG\",\"podSGEnforcingMode\":\"strict\",\"runtimeConfig\":{\"io.kubernetes.cri.pod-annotations\":{\"kubernetes.io/config.seen\":\"2026-10-05T08:38:36.183906822Z\",\"kubernetes.io/config.source\":\"api\"}},\"type\":\"aws-cni\",\"vethPrefix\":\"eni\"})"}
{"level":"debug","ts":"2026-10-05T08:38:59.699Z","caller":"routed-eni-cni-plugin/cni.go:149","msg":"Prev Result: <nil>\n"}
{"level":"debug","ts":"2026-10-05T08:38:59.699Z","caller":"routed-eni-cni-plugin/cni.go:149","msg":"MTU value set is 9001:"}
{"level":"debug","ts":"2026-10-05T08:38:59.699Z","caller":"routed-eni-cni-plugin/cni.go:149","msg":"pod requires multi-nic attachment: false"}
{"level":"debug","ts":"2026-10-05T08:38:59.699Z","caller":"routed-eni-cni-plugin/cni.go:190","msg":"Connected to IPAMD via Unix socket: /var/run/aws-node/ipamd.sock"}
{"level":"error","ts":"2026-10-05T08:38:59.700Z","caller":"routed-eni-cni-plugin/cni.go:149","msg":"Failed to assign an IP address to container 24359d7921ec7ae626260692c526540a0d3caf0dad30a27dea42112ce78f4c8b"}
{"level":"info","ts":"2026-10-05T08:38:59.724Z","caller":"routed-eni-cni-plugin/cni.go:131","msg":"Constructed new logger instance"}
{"level":"debug","ts":"2026-10-05T08:38:59.724Z","caller":"routed-eni-cni-plugin/cni.go:370","msg":"Prev Result: <nil>\n"}
{"level":"info","ts":"2026-10-05T08:38:59.724Z","caller":"routed-eni-cni-plugin/cni.go:370","msg":"Received CNI del request: ContainerID(24359d7921ec7ae626260692c526540a0d3caf0dad30a27dea42112ce78f4c8b) Netns(/var/run/netns/cni-61d7f758-54ff-3662-ad77-6900b7609638) IfName(eth0) Args(IgnoreUnknown=1;K8S_POD_NAMESPACE=kube-system;K8S_POD_NAME=coredns-79f8dffc57-fwslz;K8S_POD_INFRA_CONTAINER_ID=24359d7921ec7ae626260692c526540a0d3caf0dad30a27dea42112ce78f4c8b;K8S_POD_UID=ad241f1d-d89e-4886-8d30-e22384a0b925) Path(/opt/cni/bin) argsStdinData({\"capabilities\":{\"io.kubernetes.cri.pod-annotations\":true},\"cniVersion\":\"0.4.0\",\"mtu\":\"9001\",\"name\":\"aws-cni\",\"pluginLogFile\":\"/var/log/aws-routed-eni/plugin.log\",\"pluginLogLevel\":\"DEBUG\",\"podSGEnforcingMode\":\"strict\",\"runtimeConfig\":{\"io.kubernetes.cri.pod-annotations\":{\"kubernetes.io/config.seen\":\"2026-10-05T08:38:36.183906822Z\",\"kubernetes.io/config.source\":\"api\"}},\"type\":\"aws-cni\",\"vethPrefix\":\"eni\"})"}
{"level":"debug","ts":"2026-10-05T08:38:59.725Z","caller":"routed-eni-cni-plugin/cni.go:407","msg":"Connected to IPAMD via Unix socket: /var/run/aws-node/ipamd.sock"}
{"level":"info","ts":"2026-10-05T08:38:59.726Z","caller":"routed-eni-cni-plugin/cni.go:370","msg":"Container 24359d7921ec7ae626260692c526540a0d3caf0dad30a27dea42112ce78f4c8b not found"}
{"level":"info","ts":"2026-10-05T08:39:10.705Z","caller":"routed-eni-cni-plugin/cni.go:131","msg":"Constructed new logger instance"}
{"level":"info","ts":"2026-10-05T08:39:10.705Z","caller":"routed-eni-cni-plugin/cni.go:149","msg":"Received CNI add request: ContainerID(c1b9e2bec236a4805764f5380ba73cdc365b13edf1888ed16a14049130824b58) Netns(/var/run/netns/cni-191a0e63-0162-097b-384a-1822b77473a8) IfName(eth0) Args(IgnoreUnknown=1;K8S_POD_NAMESPACE=kube-system;K8S_POD_NAME=coredns-79f8dffc57-cv2lj;K8S_POD_INFRA_CONTAINER_ID=c1b9e2bec236a4805764f5380ba73cdc365b13edf1888ed16a14049130824b58;K8S_POD_UID=080397ba-9aa0-4db1-b449-5fe2b0811692) Path(/opt/cni/bin) argsStdinData({\"capabilities\":{\"io.kubernetes.cri.pod-annotations\":true},\"cniVersion\":\"0.4.0\",\"mtu\":\"9001\",\"name\":\"aws-cni\",\"pluginLogFile\":\"/var/log/aws-routed-eni/plugin.log\",\"pluginLogLevel\":\"DEBUG\",\"podSGEnforcingMode\":\"strict\",\"runtimeConfig\":{\"io.kubernetes.cri.pod-annotations\":{\"kubernetes.io/config.seen\":\"2026-10-05T08:38:36.188493894Z\",\"kubernetes.io/config.source\":\"api\"}},\"type\":\"aws-cni\",\"vethPrefix\":\"eni\"})"}
{"level":"debug","ts":"2026-10-05T08:39:10.705Z","caller":"routed-eni-cni-plugin/cni.go:149","msg":"Prev Result: <nil>\n"}
{"level":"debug","ts":"2026-10-05T08:39:10.705Z","caller":"routed-eni-cni-plugin/cni.go:149","msg":"MTU value set is 9001:"}
{"level":"debug","ts":"2026-10-05T08:39:10.705Z","caller":"routed-eni-cni-plugin/cni.go:149","msg":"pod requires multi-nic attachment: false"}
{"level":"debug","ts":"2026-10-05T08:39:10.708Z","caller":"routed-eni-cni-plugin/cni.go:190","msg":"Connected to IPAMD via Unix socket: /var/run/aws-node/ipamd.sock"}
{"level":"error","ts":"2026-10-05T08:39:10.710Z","caller":"routed-eni-cni-plugin/cni.go:149","msg":"Failed to assign an IP address to container c1b9e2bec236a4805764f5380ba73cdc365b13edf1888ed16a14049130824b58"}
{"level":"info","ts":"2026-10-05T08:39:10.738Z","caller":"routed-eni-cni-plugin/cni.go:131","msg":"Constructed new logger instance"}
{"level":"debug","ts":"2026-10-05T08:39:10.738Z","caller":"routed-eni-cni-plugin/cni.go:370","msg":"Prev Result: <nil>\n"}
{"level":"info","ts":"2026-10-05T08:39:10.738Z","caller":"routed-eni-cni-plugin/cni.go:370","msg":"Received CNI del request: ContainerID(c1b9e2bec236a4805764f5380ba73cdc365b13edf1888ed16a14049130824b58) Netns(/var/run/netns/cni-191a0e63-0162-097b-384a-1822b77473a8) IfName(eth0) Args(K8S_POD_NAMESPACE=kube-system;K8S_POD_NAME=coredns-79f8dffc57-cv2lj;K8S_POD_INFRA_CONTAINER_ID=c1b9e2bec236a4805764f5380ba73cdc365b13edf1888ed16a14049130824b58;K8S_POD_UID=080397ba-9aa0-4db1-b449-5fe2b0811692;IgnoreUnknown=1) Path(/opt/cni/bin) argsStdinData({\"capabilities\":{\"io.kubernetes.cri.pod-annotations\":true},\"cniVersion\":\"0.4.0\",\"mtu\":\"9001\",\"name\":\"aws-cni\",\"pluginLogFile\":\"/var/log/aws-routed-eni/plugin.log\",\"pluginLogLevel\":\"DEBUG\",\"podSGEnforcingMode\":\"strict\",\"runtimeConfig\":{\"io.kubernetes.cri.pod-annotations\":{\"kubernetes.io/config.seen\":\"2026-10-05T08:38:36.188493894Z\",\"kubernetes.io/config.source\":\"api\"}},\"type\":\"aws-cni\",\"vethPrefix\":\"eni\"})"}
{"level":"debug","ts":"2026-10-05T08:39:10.738Z","caller":"routed-eni-cni-plugin/cni.go:407","msg":"Connected to IPAMD via Unix socket: /var/run/aws-node/ipamd.sock"}
{"level":"info","ts":"2026-10-05T08:39:10.739Z","caller":"routed-eni-cni-plugin/cni.go:370","msg":"Container c1b9e2bec236a4805764f5380ba73cdc365b13edf1888ed16a14049130824b58 not found"}
{"level":"info","ts":"2026-10-05T08:39:14.694Z","caller":"routed-eni-cni-plugin/cni.go:131","msg":"Constructed new logger instance"}
{"level":"info","ts":"2026-10-05T08:39:14.694Z","caller":"routed-eni-cni-plugin/cni.go:149","msg":"Received CNI add request: ContainerID(2043d31762f8373a854ec985d111895ee6ebfa44791a86176634ccc35ed9e50c) Netns(/var/run/netns/cni-066f49e8-14f8-a103-cbae-4f6a14e509ca) IfName(eth0) Args(IgnoreUnknown=1;K8S_POD_NAMESPACE=kube-system;K8S_POD_NAME=coredns-79f8dffc57-fwslz;K8S_POD_INFRA_CONTAINER_ID=2043d31762f8373a854ec985d111895ee6ebfa44791a86176634ccc35ed9e50c;K8S_POD_UID=ad241f1d-d89e-4886-8d30-e22384a0b925) Path(/opt/cni/bin) argsStdinData({\"capabilities\":{\"io.kubernetes.cri.pod-annotations\":true},\"cniVersion\":\"0.4.0\",\"mtu\":\"9001\",\"name\":\"aws-cni\",\"pluginLogFile\":\"/var/log/aws-routed-eni/plugin.log\",\"pluginLogLevel\":\"DEBUG\",\"podSGEnforcingMode\":\"strict\",\"runtimeConfig\":{\"io.kubernetes.cri.pod-annotations\":{\"kubernetes.io/config.seen\":\"2026-10-05T08:38:36.183906822Z\",\"kubernetes.io/config.source\":\"api\"}},\"type\":\"aws-cni\",\"vethPrefix\":\"eni\"})"}
{"level":"debug","ts":"2026-10-05T08:39:14.694Z","caller":"routed-eni-cni-plugin/cni.go:149","msg":"Prev Result: <nil>\n"}
{"level":"debug","ts":"2026-10-05T08:39:14.694Z","caller":"routed-eni-cni-plugin/cni.go:149","msg":"MTU value set is 9001:"}
{"level":"debug","ts":"2026-10-05T08:39:14.694Z","caller":"routed-eni-cni-plugin/cni.go:149","msg":"pod requires multi-nic attachment: false"}
{"level":"debug","ts":"2026-10-05T08:39:14.695Z","caller":"routed-eni-cni-plugin/cni.go:190","msg":"Connected to IPAMD via Unix socket: /var/run/aws-node/ipamd.sock"}
{"level":"error","ts":"2026-10-05T08:39:14.696Z","caller":"routed-eni-cni-plugin/cni.go:149","msg":"Failed to assign an IP address to container 2043d31762f8373a854ec985d111895ee6ebfa44791a86176634ccc35ed9e50c"}
{"level":"info","ts":"2026-10-05T08:39:14.718Z","caller":"routed-eni-cni-plugin/cni.go:131","msg":"Constructed new logger instance"}
{"level":"debug","ts":"2026-10-05T08:39:14.718Z","caller":"routed-eni-cni-plugin/cni.go:370","msg":"Prev Result: <nil>\n"}
{"level":"info","ts":"2026-10-05T08:39:14.718Z","caller":"routed-eni-cni-plugin/cni.go:370","msg":"Received CNI del request: ContainerID(2043d31762f8373a854ec985d111895ee6ebfa44791a86176634ccc35ed9e50c) Netns(/var/run/netns/cni-066f49e8-14f8-a103-cbae-4f6a14e509ca) IfName(eth0) Args(K8S_POD_NAMESPACE=kube-system;K8S_POD_NAME=coredns-79f8dffc57-fwslz;K8S_POD_INFRA_CONTAINER_ID=2043d31762f8373a854ec985d111895ee6ebfa44791a86176634ccc35ed9e50c;K8S_POD_UID=ad241f1d-d89e-4886-8d30-e22384a0b925;IgnoreUnknown=1) Path(/opt/cni/bin) argsStdinData({\"capabilities\":{\"io.kubernetes.cri.pod-annotations\":true},\"cniVersion\":\"0.4.0\",\"mtu\":\"9001\",\"name\":\"aws-cni\",\"pluginLogFile\":\"/var/log/aws-routed-eni/plugin.log\",\"pluginLogLevel\":\"DEBUG\",\"podSGEnforcingMode\":\"strict\",\"runtimeConfig\":{\"io.kubernetes.cri.pod-annotations\":{\"kubernetes.io/config.seen\":\"2026-10-05T08:38:36.183906822Z\",\"kubernetes.io/config.source\":\"api\"}},\"type\":\"aws-cni\",\"vethPrefix\":\"eni\"})"}
{"level":"debug","ts":"2026-10-05T08:39:14.718Z","caller":"routed-eni-cni-plugin/cni.go:407","msg":"Connected to IPAMD via Unix socket: /var/run/aws-node/ipamd.sock"}
{"level":"info","ts":"2026-10-05T08:39:14.719Z","caller":"routed-eni-cni-plugin/cni.go:370","msg":"Container 2043d31762f8373a854ec985d111895ee6ebfa44791a86176634ccc35ed9e50c not found"}
{"level":"info","ts":"2026-10-05T08:39:24.695Z","caller":"routed-eni-cni-plugin/cni.go:131","msg":"Constructed new logger instance"}
{"level":"info","ts":"2026-10-05T08:39:24.695Z","caller":"routed-eni-cni-plugin/cni.go:149","msg":"Received CNI add request: ContainerID(69aaa8c676b9302b7ccc9de179c00c7e4ad83addc10f9a28239593776708825a) Netns(/var/run/netns/cni-4db3395c-9a2e-e86f-ff0f-43effbcdbb15) IfName(eth0) Args(K8S_POD_NAMESPACE=kube-system;K8S_POD_NAME=coredns-79f8dffc57-cv2lj;K8S_POD_INFRA_CONTAINER_ID=69aaa8c676b9302b7ccc9de179c00c7e4ad83addc10f9a28239593776708825a;K8S_POD_UID=080397ba-9aa0-4db1-b449-5fe2b0811692;IgnoreUnknown=1) Path(/opt/cni/bin) argsStdinData({\"capabilities\":{\"io.kubernetes.cri.pod-annotations\":true},\"cniVersion\":\"0.4.0\",\"mtu\":\"9001\",\"name\":\"aws-cni\",\"pluginLogFile\":\"/var/log/aws-routed-eni/plugin.log\",\"pluginLogLevel\":\"DEBUG\",\"podSGEnforcingMode\":\"strict\",\"runtimeConfig\":{\"io.kubernetes.cri.pod-annotations\":{\"kubernetes.io/config.seen\":\"2026-10-05T08:38:36.188493894Z\",\"kubernetes.io/config.source\":\"api\"}},\"type\":\"aws-cni\",\"vethPrefix\":\"eni\"})"}
{"level":"debug","ts":"2026-10-05T08:39:24.695Z","caller":"routed-eni-cni-plugin/cni.go:149","msg":"Prev Result: <nil>\n"}
{"level":"debug","ts":"2026-10-05T08:39:24.695Z","caller":"routed-eni-cni-plugin/cni.go:149","msg":"MTU value set is 9001:"}
{"level":"debug","ts":"2026-10-05T08:39:24.695Z","caller":"routed-eni-cni-plugin/cni.go:149","msg":"pod requires multi-nic attachment: false"}
{"level":"debug","ts":"2026-10-05T08:39:24.695Z","caller":"routed-eni-cni-plugin/cni.go:190","msg":"Connected to IPAMD via Unix socket: /var/run/aws-node/ipamd.sock"}
{"level":"error","ts":"2026-10-05T08:39:24.696Z","caller":"routed-eni-cni-plugin/cni.go:149","msg":"Failed to assign an IP address to container 69aaa8c676b9302b7ccc9de179c00c7e4ad83addc10f9a28239593776708825a"}
{"level":"info","ts":"2026-10-05T08:39:24.719Z","caller":"routed-eni-cni-plugin/cni.go:131","msg":"Constructed new logger instance"}
{"level":"debug","ts":"2026-10-05T08:39:24.719Z","caller":"routed-eni-cni-plugin/cni.go:370","msg":"Prev Result: <nil>\n"}
{"level":"info","ts":"2026-10-05T08:39:24.719Z","caller":"routed-eni-cni-plugin/cni.go:370","msg":"Received CNI del request: ContainerID(69aaa8c676b9302b7ccc9de179c00c7e4ad83addc10f9a28239593776708825a) Netns(/var/run/netns/cni-4db3395c-9a2e-e86f-ff0f-43effbcdbb15) IfName(eth0) Args(K8S_POD_UID=080397ba-9aa0-4db1-b449-5fe2b0811692;IgnoreUnknown=1;K8S_POD_NAMESPACE=kube-system;K8S_POD_NAME=coredns-79f8dffc57-cv2lj;K8S_POD_INFRA_CONTAINER_ID=69aaa8c676b9302b7ccc9de179c00c7e4ad83addc10f9a28239593776708825a) Path(/opt/cni/bin) argsStdinData({\"capabilities\":{\"io.kubernetes.cri.pod-annotations\":true},\"cniVersion\":\"0.4.0\",\"mtu\":\"9001\",\"name\":\"aws-cni\",\"pluginLogFile\":\"/var/log/aws-routed-eni/plugin.log\",\"pluginLogLevel\":\"DEBUG\",\"podSGEnforcingMode\":\"strict\",\"runtimeConfig\":{\"io.kubernetes.cri.pod-annotations\":{\"kubernetes.io/config.seen\":\"2026-10-05T08:38:36.188493894Z\",\"kubernetes.io/config.source\":\"api\"}},\"type\":\"aws-cni\",\"vethPrefix\":\"eni\"})"}
{"level":"debug","ts":"2026-10-05T08:39:24.719Z","caller":"routed-eni-cni-plugin/cni.go:407","msg":"Connected to IPAMD via Unix socket: /var/run/aws-node/ipamd.sock"}
{"level":"info","ts":"2026-10-05T08:39:24.720Z","caller":"routed-eni-cni-plugin/cni.go:370","msg":"Container 69aaa8c676b9302b7ccc9de179c00c7e4ad83addc10f9a28239593776708825a not found"}
{"level":"info","ts":"2026-10-05T08:39:27.694Z","caller":"routed-eni-cni-plugin/cni.go:131","msg":"Constructed new logger instance"}
{"level":"info","ts":"2026-10-05T08:39:27.695Z","caller":"routed-eni-cni-plugin/cni.go:149","msg":"Received CNI add request: ContainerID(350774fc95f40a2409ef10eab76d702677e888656bde43e7cf7c2d24bc7774dd) Netns(/var/run/netns/cni-ad1b89aa-c5a4-70ba-df11-bebc9539e45b) IfName(eth0) Args(K8S_POD_NAME=coredns-79f8dffc57-fwslz;K8S_POD_INFRA_CONTAINER_ID=350774fc95f40a2409ef10eab76d702677e888656bde43e7cf7c2d24bc7774dd;K8S_POD_UID=ad241f1d-d89e-4886-8d30-e22384a0b925;IgnoreUnknown=1;K8S_POD_NAMESPACE=kube-system) Path(/opt/cni/bin) argsStdinData({\"capabilities\":{\"io.kubernetes.cri.pod-annotations\":true},\"cniVersion\":\"0.4.0\",\"mtu\":\"9001\",\"name\":\"aws-cni\",\"pluginLogFile\":\"/var/log/aws-routed-eni/plugin.log\",\"pluginLogLevel\":\"DEBUG\",\"podSGEnforcingMode\":\"strict\",\"runtimeConfig\":{\"io.kubernetes.cri.pod-annotations\":{\"kubernetes.io/config.seen\":\"2026-10-05T08:38:36.183906822Z\",\"kubernetes.io/config.source\":\"api\"}},\"type\":\"aws-cni\",\"vethPrefix\":\"eni\"})"}
{"level":"debug","ts":"2026-10-05T08:39:27.695Z","caller":"routed-eni-cni-plugin/cni.go:149","msg":"Prev Result: <nil>\n"}
{"level":"debug","ts":"2026-10-05T08:39:27.695Z","caller":"routed-eni-cni-plugin/cni.go:149","msg":"MTU value set is 9001:"}
{"level":"debug","ts":"2026-10-05T08:39:27.695Z","caller":"routed-eni-cni-plugin/cni.go:149","msg":"pod requires multi-nic attachment: false"}
{"level":"debug","ts":"2026-10-05T08:39:27.695Z","caller":"routed-eni-cni-plugin/cni.go:190","msg":"Connected to IPAMD via Unix socket: /var/run/aws-node/ipamd.sock"}
{"level":"error","ts":"2026-10-05T08:39:27.696Z","caller":"routed-eni-cni-plugin/cni.go:149","msg":"Failed to assign an IP address to container 350774fc95f40a2409ef10eab76d702677e888656bde43e7cf7c2d24bc7774dd"}
{"level":"info","ts":"2026-10-05T08:39:27.718Z","caller":"routed-eni-cni-plugin/cni.go:131","msg":"Constructed new logger instance"}
{"level":"debug","ts":"2026-10-05T08:39:27.718Z","caller":"routed-eni-cni-plugin/cni.go:370","msg":"Prev Result: <nil>\n"}
{"level":"info","ts":"2026-10-05T08:39:27.718Z","caller":"routed-eni-cni-plugin/cni.go:370","msg":"Received CNI del request: ContainerID(350774fc95f40a2409ef10eab76d702677e888656bde43e7cf7c2d24bc7774dd) Netns(/var/run/netns/cni-ad1b89aa-c5a4-70ba-df11-bebc9539e45b) IfName(eth0) Args(IgnoreUnknown=1;K8S_POD_NAMESPACE=kube-system;K8S_POD_NAME=coredns-79f8dffc57-fwslz;K8S_POD_INFRA_CONTAINER_ID=350774fc95f40a2409ef10eab76d702677e888656bde43e7cf7c2d24bc7774dd;K8S_POD_UID=ad241f1d-d89e-4886-8d30-e22384a0b925) Path(/opt/cni/bin) argsStdinData({\"capabilities\":{\"io.kubernetes.cri.pod-annotations\":true},\"cniVersion\":\"0.4.0\",\"mtu\":\"9001\",\"name\":\"aws-cni\",\"pluginLogFile\":\"/var/log/aws-routed-eni/plugin.log\",\"pluginLogLevel\":\"DEBUG\",\"podSGEnforcingMode\":\"strict\",\"runtimeConfig\":{\"io.kubernetes.cri.pod-annotations\":{\"kubernetes.io/config.seen\":\"2026-10-05T08:38:36.183906822Z\",\"kubernetes.io/config.source\":\"api\"}},\"type\":\"aws-cni\",\"vethPrefix\":\"eni\"})"}
{"level":"debug","ts":"2026-10-05T08:39:27.718Z","caller":"routed-eni-cni-plugin/cni.go:407","msg":"Connected to IPAMD via Unix socket: /var/run/aws-node/ipamd.sock"}
{"level":"info","ts":"2026-10-05T08:39:27.719Z","caller":"routed-eni-cni-plugin/cni.go:370","msg":"Container 350774fc95f40a2409ef10eab76d702677e888656bde43e7cf7c2d24bc7774dd not found"}
{"level":"info","ts":"2026-10-05T08:39:37.695Z","caller":"routed-eni-cni-plugin/cni.go:131","msg":"Constructed new logger instance"}
{"level":"info","ts":"2026-10-05T08:39:37.695Z","caller":"routed-eni-cni-plugin/cni.go:149","msg":"Received CNI add request: ContainerID(b8e410c4e19d204bd5684deacbb6a4b998a488b07f8a0ae909c7b7057d65a99a) Netns(/var/run/netns/cni-dcf8fae7-d6a0-4f60-59de-4bebe537adb3) IfName(eth0) Args(IgnoreUnknown=1;K8S_POD_NAMESPACE=kube-system;K8S_POD_NAME=coredns-79f8dffc57-cv2lj;K8S_POD_INFRA_CONTAINER_ID=b8e410c4e19d204bd5684deacbb6a4b998a488b07f8a0ae909c7b7057d65a99a;K8S_POD_UID=080397ba-9aa0-4db1-b449-5fe2b0811692) Path(/opt/cni/bin) argsStdinData({\"capabilities\":{\"io.kubernetes.cri.pod-annotations\":true},\"cniVersion\":\"0.4.0\",\"mtu\":\"9001\",\"name\":\"aws-cni\",\"pluginLogFile\":\"/var/log/aws-routed-eni/plugin.log\",\"pluginLogLevel\":\"DEBUG\",\"podSGEnforcingMode\":\"strict\",\"runtimeConfig\":{\"io.kubernetes.cri.pod-annotations\":{\"kubernetes.io/config.seen\":\"2026-10-05T08:38:36.188493894Z\",\"kubernetes.io/config.source\":\"api\"}},\"type\":\"aws-cni\",\"vethPrefix\":\"eni\"})"}
{"level":"debug","ts":"2026-10-05T08:39:37.695Z","caller":"routed-eni-cni-plugin/cni.go:149","msg":"Prev Result: <nil>\n"}
{"level":"debug","ts":"2026-10-05T08:39:37.696Z","caller":"routed-eni-cni-plugin/cni.go:149","msg":"MTU value set is 9001:"}
{"level":"debug","ts":"2026-10-05T08:39:37.696Z","caller":"routed-eni-cni-plugin/cni.go:149","msg":"pod requires multi-nic attachment: false"}
{"level":"debug","ts":"2026-10-05T08:39:37.696Z","caller":"routed-eni-cni-plugin/cni.go:190","msg":"Connected to IPAMD via Unix socket: /var/run/aws-node/ipamd.sock"}
{"level":"error","ts":"2026-10-05T08:39:37.698Z","caller":"routed-eni-cni-plugin/cni.go:149","msg":"Failed to assign an IP address to container b8e410c4e19d204bd5684deacbb6a4b998a488b07f8a0ae909c7b7057d65a99a"}
{"level":"info","ts":"2026-10-05T08:39:37.719Z","caller":"routed-eni-cni-plugin/cni.go:131","msg":"Constructed new logger instance"}
{"level":"debug","ts":"2026-10-05T08:39:37.720Z","caller":"routed-eni-cni-plugin/cni.go:370","msg":"Prev Result: <nil>\n"}
{"level":"info","ts":"2026-10-05T08:39:37.720Z","caller":"routed-eni-cni-plugin/cni.go:370","msg":"Received CNI del request: ContainerID(b8e410c4e19d204bd5684deacbb6a4b998a488b07f8a0ae909c7b7057d65a99a) Netns(/var/run/netns/cni-dcf8fae7-d6a0-4f60-59de-4bebe537adb3) IfName(eth0) Args(K8S_POD_NAMESPACE=kube-system;K8S_POD_NAME=coredns-79f8dffc57-cv2lj;K8S_POD_INFRA_CONTAINER_ID=b8e410c4e19d204bd5684deacbb6a4b998a488b07f8a0ae909c7b7057d65a99a;K8S_POD_UID=080397ba-9aa0-4db1-b449-5fe2b0811692;IgnoreUnknown=1) Path(/opt/cni/bin) argsStdinData({\"capabilities\":{\"io.kubernetes.cri.pod-annotations\":true},\"cniVersion\":\"0.4.0\",\"mtu\":\"9001\",\"name\":\"aws-cni\",\"pluginLogFile\":\"/var/log/aws-routed-eni/plugin.log\",\"pluginLogLevel\":\"DEBUG\",\"podSGEnforcingMode\":\"strict\",\"runtimeConfig\":{\"io.kubernetes.cri.pod-annotations\":{\"kubernetes.io/config.seen\":\"2026-10-05T08:38:36.188493894Z\",\"kubernetes.io/config.source\":\"api\"}},\"type\":\"aws-cni\",\"vethPrefix\":\"eni\"})"}
{"level":"debug","ts":"2026-10-05T08:39:37.720Z","caller":"routed-eni-cni-plugin/cni.go:407","msg":"Connected to IPAMD via Unix socket: /var/run/aws-node/ipamd.sock"}
{"level":"info","ts":"2026-10-05T08:39:37.721Z","caller":"routed-eni-cni-plugin/cni.go:370","msg":"Container b8e410c4e19d204bd5684deacbb6a4b998a488b07f8a0ae909c7b7057d65a99a not found"}
{"level":"info","ts":"2026-10-05T08:39:42.695Z","caller":"routed-eni-cni-plugin/cni.go:131","msg":"Constructed new logger instance"}
{"level":"info","ts":"2026-10-05T08:39:42.695Z","caller":"routed-eni-cni-plugin/cni.go:149","msg":"Received CNI add request: ContainerID(2a8b876736f5c04375f81d67c8305ce048b81f04edceba75e6fffbae71ec2499) Netns(/var/run/netns/cni-c6f0394a-aa85-a9e6-6dc0-34ceec87313f) IfName(eth0) Args(IgnoreUnknown=1;K8S_POD_NAMESPACE=kube-system;K8S_POD_NAME=coredns-79f8dffc57-fwslz;K8S_POD_INFRA_CONTAINER_ID=2a8b876736f5c04375f81d67c8305ce048b81f04edceba75e6fffbae71ec2499;K8S_POD_UID=ad241f1d-d89e-4886-8d30-e22384a0b925) Path(/opt/cni/bin) argsStdinData({\"capabilities\":{\"io.kubernetes.cri.pod-annotations\":true},\"cniVersion\":\"0.4.0\",\"mtu\":\"9001\",\"name\":\"aws-cni\",\"pluginLogFile\":\"/var/log/aws-routed-eni/plugin.log\",\"pluginLogLevel\":\"DEBUG\",\"podSGEnforcingMode\":\"strict\",\"runtimeConfig\":{\"io.kubernetes.cri.pod-annotations\":{\"kubernetes.io/config.seen\":\"2026-10-05T08:38:36.183906822Z\",\"kubernetes.io/config.source\":\"api\"}},\"type\":\"aws-cni\",\"vethPrefix\":\"eni\"})"}
{"level":"debug","ts":"2026-10-05T08:39:42.695Z","caller":"routed-eni-cni-plugin/cni.go:149","msg":"Prev Result: <nil>\n"}
{"level":"debug","ts":"2026-10-05T08:39:42.695Z","caller":"routed-eni-cni-plugin/cni.go:149","msg":"MTU value set is 9001:"}
{"level":"debug","ts":"2026-10-05T08:39:42.695Z","caller":"routed-eni-cni-plugin/cni.go:149","msg":"pod requires multi-nic attachment: false"}
{"level":"debug","ts":"2026-10-05T08:39:42.696Z","caller":"routed-eni-cni-plugin/cni.go:190","msg":"Connected to IPAMD via Unix socket: /var/run/aws-node/ipamd.sock"}
{"level":"error","ts":"2026-10-05T08:39:42.698Z","caller":"routed-eni-cni-plugin/cni.go:149","msg":"Failed to assign an IP address to container 2a8b876736f5c04375f81d67c8305ce048b81f04edceba75e6fffbae71ec2499"}
{"level":"info","ts":"2026-10-05T08:39:42.720Z","caller":"routed-eni-cni-plugin/cni.go:131","msg":"Constructed new logger instance"}
{"level":"debug","ts":"2026-10-05T08:39:42.720Z","caller":"routed-eni-cni-plugin/cni.go:370","msg":"Prev Result: <nil>\n"}
{"level":"info","ts":"2026-10-05T08:39:42.720Z","caller":"routed-eni-cni-plugin/cni.go:370","msg":"Received CNI del request: ContainerID(2a8b876736f5c04375f81d67c8305ce048b81f04edceba75e6fffbae71ec2499) Netns(/var/run/netns/cni-c6f0394a-aa85-a9e6-6dc0-34ceec87313f) IfName(eth0) Args(K8S_POD_UID=ad241f1d-d89e-4886-8d30-e22384a0b925;IgnoreUnknown=1;K8S_POD_NAMESPACE=kube-system;K8S_POD_NAME=coredns-79f8dffc57-fwslz;K8S_POD_INFRA_CONTAINER_ID=2a8b876736f5c04375f81d67c8305ce048b81f04edceba75e6fffbae71ec2499) Path(/opt/cni/bin) argsStdinData({\"capabilities\":{\"io.kubernetes.cri.pod-annotations\":true},\"cniVersion\":\"0.4.0\",\"mtu\":\"9001\",\"name\":\"aws-cni\",\"pluginLogFile\":\"/var/log/aws-routed-eni/plugin.log\",\"pluginLogLevel\":\"DEBUG\",\"podSGEnforcingMode\":\"strict\",\"runtimeConfig\":{\"io.kubernetes.cri.pod-annotations\":{\"kubernetes.io/config.seen\":\"2026-10-05T08:38:36.183906822Z\",\"kubernetes.io/config.source\":\"api\"}},\"type\":\"aws-cni\",\"vethPrefix\":\"eni\"})"}
{"level":"debug","ts":"2026-10-05T08:39:42.720Z","caller":"routed-eni-cni-plugin/cni.go:407","msg":"Connected to IPAMD via Unix socket: /var/run/aws-node/ipamd.sock"}
{"level":"info","ts":"2026-10-05T08:39:42.722Z","caller":"routed-eni-cni-plugin/cni.go:370","msg":"Container 2a8b876736f5c04375f81d67c8305ce048b81f04edceba75e6fffbae71ec2499 not found"}
{"level":"info","ts":"2026-10-05T08:39:52.697Z","caller":"routed-eni-cni-plugin/cni.go:131","msg":"Constructed new logger instance"}
{"level":"info","ts":"2026-10-05T08:39:52.697Z","caller":"routed-eni-cni-plugin/cni.go:149","msg":"Received CNI add request: ContainerID(233b21721b33ccbe0b75577485a2830df104466db4b702fa90f25c87a5061fea) Netns(/var/run/netns/cni-da56ea34-c8b4-22dc-b155-46b125b69974) IfName(eth0) Args(K8S_POD_NAME=coredns-79f8dffc57-cv2lj;K8S_POD_INFRA_CONTAINER_ID=233b21721b33ccbe0b75577485a2830df104466db4b702fa90f25c87a5061fea;K8S_POD_UID=080397ba-9aa0-4db1-b449-5fe2b0811692;IgnoreUnknown=1;K8S_POD_NAMESPACE=kube-system) Path(/opt/cni/bin) argsStdinData({\"capabilities\":{\"io.kubernetes.cri.pod-annotations\":true},\"cniVersion\":\"0.4.0\",\"mtu\":\"9001\",\"name\":\"aws-cni\",\"pluginLogFile\":\"/var/log/aws-routed-eni/plugin.log\",\"pluginLogLevel\":\"DEBUG\",\"podSGEnforcingMode\":\"strict\",\"runtimeConfig\":{\"io.kubernetes.cri.pod-annotations\":{\"kubernetes.io/config.seen\":\"2026-10-05T08:38:36.188493894Z\",\"kubernetes.io/config.source\":\"api\"}},\"type\":\"aws-cni\",\"vethPrefix\":\"eni\"})"}
{"level":"debug","ts":"2026-10-05T08:39:52.697Z","caller":"routed-eni-cni-plugin/cni.go:149","msg":"Prev Result: <nil>\n"}
{"level":"debug","ts":"2026-10-05T08:39:52.697Z","caller":"routed-eni-cni-plugin/cni.go:149","msg":"MTU value set is 9001:"}
{"level":"debug","ts":"2026-10-05T08:39:52.697Z","caller":"routed-eni-cni-plugin/cni.go:149","msg":"pod requires multi-nic attachment: false"}
{"level":"debug","ts":"2026-10-05T08:39:52.698Z","caller":"routed-eni-cni-plugin/cni.go:190","msg":"Connected to IPAMD via Unix socket: /var/run/aws-node/ipamd.sock"}
{"level":"error","ts":"2026-10-05T08:39:52.704Z","caller":"routed-eni-cni-plugin/cni.go:149","msg":"Failed to assign an IP address to container 233b21721b33ccbe0b75577485a2830df104466db4b702fa90f25c87a5061fea"}
{"level":"info","ts":"2026-10-05T08:39:52.727Z","caller":"routed-eni-cni-plugin/cni.go:131","msg":"Constructed new logger instance"}
{"level":"debug","ts":"2026-10-05T08:39:52.727Z","caller":"routed-eni-cni-plugin/cni.go:370","msg":"Prev Result: <nil>\n"}
{"level":"info","ts":"2026-10-05T08:39:52.727Z","caller":"routed-eni-cni-plugin/cni.go:370","msg":"Received CNI del request: ContainerID(233b21721b33ccbe0b75577485a2830df104466db4b702fa90f25c87a5061fea) Netns(/var/run/netns/cni-da56ea34-c8b4-22dc-b155-46b125b69974) IfName(eth0) Args(IgnoreUnknown=1;K8S_POD_NAMESPACE=kube-system;K8S_POD_NAME=coredns-79f8dffc57-cv2lj;K8S_POD_INFRA_CONTAINER_ID=233b21721b33ccbe0b75577485a2830df104466db4b702fa90f25c87a5061fea;K8S_POD_UID=080397ba-9aa0-4db1-b449-5fe2b0811692) Path(/opt/cni/bin) argsStdinData({\"capabilities\":{\"io.kubernetes.cri.pod-annotations\":true},\"cniVersion\":\"0.4.0\",\"mtu\":\"9001\",\"name\":\"aws-cni\",\"pluginLogFile\":\"/var/log/aws-routed-eni/plugin.log\",\"pluginLogLevel\":\"DEBUG\",\"podSGEnforcingMode\":\"strict\",\"runtimeConfig\":{\"io.kubernetes.cri.pod-annotations\":{\"kubernetes.io/config.seen\":\"2026-10-05T08:38:36.188493894Z\",\"kubernetes.io/config.source\":\"api\"}},\"type\":\"aws-cni\",\"vethPrefix\":\"eni\"})"}
{"level":"debug","ts":"2026-10-05T08:39:52.728Z","caller":"routed-eni-cni-plugin/cni.go:407","msg":"Connected to IPAMD via Unix socket: /var/run/aws-node/ipamd.sock"}
{"level":"info","ts":"2026-10-05T08:39:52.729Z","caller":"routed-eni-cni-plugin/cni.go:370","msg":"Container 233b21721b33ccbe0b75577485a2830df104466db4b702fa90f25c87a5061fea not found"}
{"level":"info","ts":"2026-10-05T08:39:53.694Z","caller":"routed-eni-cni-plugin/cni.go:131","msg":"Constructed new logger instance"}
{"level":"info","ts":"2026-10-05T08:39:53.695Z","caller":"routed-eni-cni-plugin/cni.go:149","msg":"Received CNI add request: ContainerID(380938c42c6af26e27f59b09aeb7039ec877e2587153456599cadfd9166b55ce) Netns(/var/run/netns/cni-1094073b-94a6-e494-b45f-ac53abaabe64) IfName(eth0) Args(IgnoreUnknown=1;K8S_POD_NAMESPACE=kube-system;K8S_POD_NAME=coredns-79f8dffc57-fwslz;K8S_POD_INFRA_CONTAINER_ID=380938c42c6af26e27f59b09aeb7039ec877e2587153456599cadfd9166b55ce;K8S_POD_UID=ad241f1d-d89e-4886-8d30-e22384a0b925) Path(/opt/cni/bin) argsStdinData({\"capabilities\":{\"io.kubernetes.cri.pod-annotations\":true},\"cniVersion\":\"0.4.0\",\"mtu\":\"9001\",\"name\":\"aws-cni\",\"pluginLogFile\":\"/var/log/aws-routed-eni/plugin.log\",\"pluginLogLevel\":\"DEBUG\",\"podSGEnforcingMode\":\"strict\",\"runtimeConfig\":{\"io.kubernetes.cri.pod-annotations\":{\"kubernetes.io/config.seen\":\"2026-10-05T08:38:36.183906822Z\",\"kubernetes.io/config.source\":\"api\"}},\"type\":\"aws-cni\",\"vethPrefix\":\"eni\"})"}
{"level":"debug","ts":"2026-10-05T08:39:53.695Z","caller":"routed-eni-cni-plugin/cni.go:149","msg":"Prev Result: <nil>\n"}
{"level":"debug","ts":"2026-10-05T08:39:53.695Z","caller":"routed-eni-cni-plugin/cni.go:149","msg":"MTU value set is 9001:"}
{"level":"debug","ts":"2026-10-05T08:39:53.695Z","caller":"routed-eni-cni-plugin/cni.go:149","msg":"pod requires multi-nic attachment: false"}
{"level":"debug","ts":"2026-10-05T08:39:53.695Z","caller":"routed-eni-cni-plugin/cni.go:190","msg":"Connected to IPAMD via Unix socket: /var/run/aws-node/ipamd.sock"}
{"level":"error","ts":"2026-10-05T08:39:53.697Z","caller":"routed-eni-cni-plugin/cni.go:149","msg":"Failed to assign an IP address to container 380938c42c6af26e27f59b09aeb7039ec877e2587153456599cadfd9166b55ce"}
{"level":"info","ts":"2026-10-05T08:39:53.718Z","caller":"routed-eni-cni-plugin/cni.go:131","msg":"Constructed new logger instance"}
{"level":"debug","ts":"2026-10-05T08:39:53.719Z","caller":"routed-eni-cni-plugin/cni.go:370","msg":"Prev Result: <nil>\n"}
{"level":"info","ts":"2026-10-05T08:39:53.719Z","caller":"routed-eni-cni-plugin/cni.go:370","msg":"Received CNI del request: ContainerID(380938c42c6af26e27f59b09aeb7039ec877e2587153456599cadfd9166b55ce) Netns(/var/run/netns/cni-1094073b-94a6-e494-b45f-ac53abaabe64) IfName(eth0) Args(K8S_POD_NAMESPACE=kube-system;K8S_POD_NAME=coredns-79f8dffc57-fwslz;K8S_POD_INFRA_CONTAINER_ID=380938c42c6af26e27f59b09aeb7039ec877e2587153456599cadfd9166b55ce;K8S_POD_UID=ad241f1d-d89e-4886-8d30-e22384a0b925;IgnoreUnknown=1) Path(/opt/cni/bin) argsStdinData({\"capabilities\":{\"io.kubernetes.cri.pod-annotations\":true},\"cniVersion\":\"0.4.0\",\"mtu\":\"9001\",\"name\":\"aws-cni\",\"pluginLogFile\":\"/var/log/aws-routed-eni/plugin.log\",\"pluginLogLevel\":\"DEBUG\",\"podSGEnforcingMode\":\"strict\",\"runtimeConfig\":{\"io.kubernetes.cri.pod-annotations\":{\"kubernetes.io/config.seen\":\"2026-10-05T08:38:36.183906822Z\",\"kubernetes.io/config.source\":\"api\"}},\"type\":\"aws-cni\",\"vethPrefix\":\"eni\"})"}
{"level":"debug","ts":"2026-10-05T08:39:53.719Z","caller":"routed-eni-cni-plugin/cni.go:407","msg":"Connected to IPAMD via Unix socket: /var/run/aws-node/ipamd.sock"}
{"level":"info","ts":"2026-10-05T08:39:53.720Z","caller":"routed-eni-cni-plugin/cni.go:370","msg":"Container 380938c42c6af26e27f59b09aeb7039ec877e2587153456599cadfd9166b55ce not found"}
{"level":"info","ts":"2026-10-05T08:40:06.705Z","caller":"routed-eni-cni-plugin/cni.go:131","msg":"Constructed new logger instance"}
{"level":"info","ts":"2026-10-05T08:40:06.705Z","caller":"routed-eni-cni-plugin/cni.go:149","msg":"Received CNI add request: ContainerID(454bcf947996e009f96465b07d4d7b9a4cf89056fddb99abb4086ff2950a1686) Netns(/var/run/netns/cni-a48c0df9-cbe0-90a4-c79d-eec40589ec88) IfName(eth0) Args(IgnoreUnknown=1;K8S_POD_NAMESPACE=kube-system;K8S_POD_NAME=coredns-79f8dffc57-cv2lj;K8S_POD_INFRA_CONTAINER_ID=454bcf947996e009f96465b07d4d7b9a4cf89056fddb99abb4086ff2950a1686;K8S_POD_UID=080397ba-9aa0-4db1-b449-5fe2b0811692) Path(/opt/cni/bin) argsStdinData({\"capabilities\":{\"io.kubernetes.cri.pod-annotations\":true},\"cniVersion\":\"0.4.0\",\"mtu\":\"9001\",\"name\":\"aws-cni\",\"pluginLogFile\":\"/var/log/aws-routed-eni/plugin.log\",\"pluginLogLevel\":\"DEBUG\",\"podSGEnforcingMode\":\"strict\",\"runtimeConfig\":{\"io.kubernetes.cri.pod-annotations\":{\"kubernetes.io/config.seen\":\"2026-10-05T08:38:36.188493894Z\",\"kubernetes.io/config.source\":\"api\"}},\"type\":\"aws-cni\",\"vethPrefix\":\"eni\"})"}
{"level":"debug","ts":"2026-10-05T08:40:06.705Z","caller":"routed-eni-cni-plugin/cni.go:149","msg":"Prev Result: <nil>\n"}
{"level":"debug","ts":"2026-10-05T08:40:06.705Z","caller":"routed-eni-cni-plugin/cni.go:149","msg":"MTU value set is 9001:"}
{"level":"debug","ts":"2026-10-05T08:40:06.705Z","caller":"routed-eni-cni-plugin/cni.go:149","msg":"pod requires multi-nic attachment: false"}
{"level":"debug","ts":"2026-10-05T08:40:06.705Z","caller":"routed-eni-cni-plugin/cni.go:190","msg":"Connected to IPAMD via Unix socket: /var/run/aws-node/ipamd.sock"}
{"level":"error","ts":"2026-10-05T08:40:06.707Z","caller":"routed-eni-cni-plugin/cni.go:149","msg":"Failed to assign an IP address to container 454bcf947996e009f96465b07d4d7b9a4cf89056fddb99abb4086ff2950a1686"}
{"level":"info","ts":"2026-10-05T08:40:06.708Z","caller":"routed-eni-cni-plugin/cni.go:131","msg":"Constructed new logger instance"}
{"level":"info","ts":"2026-10-05T08:40:06.708Z","caller":"routed-eni-cni-plugin/cni.go:149","msg":"Received CNI add request: ContainerID(a67c533ca1490c40e13404ed8e51d3a96989a10657ecb29542465a90a6ab19c8) Netns(/var/run/netns/cni-049b3b14-23f5-5b92-e734-7b292382c677) IfName(eth0) Args(IgnoreUnknown=1;K8S_POD_NAMESPACE=kube-system;K8S_POD_NAME=coredns-79f8dffc57-fwslz;K8S_POD_INFRA_CONTAINER_ID=a67c533ca1490c40e13404ed8e51d3a96989a10657ecb29542465a90a6ab19c8;K8S_POD_UID=ad241f1d-d89e-4886-8d30-e22384a0b925) Path(/opt/cni/bin) argsStdinData({\"capabilities\":{\"io.kubernetes.cri.pod-annotations\":true},\"cniVersion\":\"0.4.0\",\"mtu\":\"9001\",\"name\":\"aws-cni\",\"pluginLogFile\":\"/var/log/aws-routed-eni/plugin.log\",\"pluginLogLevel\":\"DEBUG\",\"podSGEnforcingMode\":\"strict\",\"runtimeConfig\":{\"io.kubernetes.cri.pod-annotations\":{\"kubernetes.io/config.seen\":\"2026-10-05T08:38:36.183906822Z\",\"kubernetes.io/config.source\":\"api\"}},\"type\":\"aws-cni\",\"vethPrefix\":\"eni\"})"}
{"level":"debug","ts":"2026-10-05T08:40:06.708Z","caller":"routed-eni-cni-plugin/cni.go:149","msg":"Prev Result: <nil>\n"}
{"level":"debug","ts":"2026-10-05T08:40:06.708Z","caller":"routed-eni-cni-plugin/cni.go:149","msg":"MTU value set is 9001:"}
{"level":"debug","ts":"2026-10-05T08:40:06.708Z","caller":"routed-eni-cni-plugin/cni.go:149","msg":"pod requires multi-nic attachment: false"}
{"level":"debug","ts":"2026-10-05T08:40:06.711Z","caller":"routed-eni-cni-plugin/cni.go:190","msg":"Connected to IPAMD via Unix socket: /var/run/aws-node/ipamd.sock"}
{"level":"error","ts":"2026-10-05T08:40:06.712Z","caller":"routed-eni-cni-plugin/cni.go:149","msg":"Failed to assign an IP address to container a67c533ca1490c40e13404ed8e51d3a96989a10657ecb29542465a90a6ab19c8"}
{"level":"info","ts":"2026-10-05T08:40:06.746Z","caller":"routed-eni-cni-plugin/cni.go:131","msg":"Constructed new logger instance"}
{"level":"info","ts":"2026-10-05T08:40:06.746Z","caller":"routed-eni-cni-plugin/cni.go:131","msg":"Constructed new logger instance"}
{"level":"debug","ts":"2026-10-05T08:40:06.746Z","caller":"routed-eni-cni-plugin/cni.go:370","msg":"Prev Result: <nil>\n"}
{"level":"debug","ts":"2026-10-05T08:40:06.746Z","caller":"routed-eni-cni-plugin/cni.go:370","msg":"Prev Result: <nil>\n"}
{"level":"info","ts":"2026-10-05T08:40:06.746Z","caller":"routed-eni-cni-plugin/cni.go:370","msg":"Received CNI del request: ContainerID(a67c533ca1490c40e13404ed8e51d3a96989a10657ecb29542465a90a6ab19c8) Netns(/var/run/netns/cni-049b3b14-23f5-5b92-e734-7b292382c677) IfName(eth0) Args(K8S_POD_NAME=coredns-79f8dffc57-fwslz;K8S_POD_INFRA_CONTAINER_ID=a67c533ca1490c40e13404ed8e51d3a96989a10657ecb29542465a90a6ab19c8;K8S_POD_UID=ad241f1d-d89e-4886-8d30-e22384a0b925;IgnoreUnknown=1;K8S_POD_NAMESPACE=kube-system) Path(/opt/cni/bin) argsStdinData({\"capabilities\":{\"io.kubernetes.cri.pod-annotations\":true},\"cniVersion\":\"0.4.0\",\"mtu\":\"9001\",\"name\":\"aws-cni\",\"pluginLogFile\":\"/var/log/aws-routed-eni/plugin.log\",\"pluginLogLevel\":\"DEBUG\",\"podSGEnforcingMode\":\"strict\",\"runtimeConfig\":{\"io.kubernetes.cri.pod-annotations\":{\"kubernetes.io/config.seen\":\"2026-10-05T08:38:36.183906822Z\",\"kubernetes.io/config.source\":\"api\"}},\"type\":\"aws-cni\",\"vethPrefix\":\"eni\"})"}
{"level":"info","ts":"2026-10-05T08:40:06.746Z","caller":"routed-eni-cni-plugin/cni.go:370","msg":"Received CNI del request: ContainerID(454bcf947996e009f96465b07d4d7b9a4cf89056fddb99abb4086ff2950a1686) Netns(/var/run/netns/cni-a48c0df9-cbe0-90a4-c79d-eec40589ec88) IfName(eth0) Args(IgnoreUnknown=1;K8S_POD_NAMESPACE=kube-system;K8S_POD_NAME=coredns-79f8dffc57-cv2lj;K8S_POD_INFRA_CONTAINER_ID=454bcf947996e009f96465b07d4d7b9a4cf89056fddb99abb4086ff2950a1686;K8S_POD_UID=080397ba-9aa0-4db1-b449-5fe2b0811692) Path(/opt/cni/bin) argsStdinData({\"capabilities\":{\"io.kubernetes.cri.pod-annotations\":true},\"cniVersion\":\"0.4.0\",\"mtu\":\"9001\",\"name\":\"aws-cni\",\"pluginLogFile\":\"/var/log/aws-routed-eni/plugin.log\",\"pluginLogLevel\":\"DEBUG\",\"podSGEnforcingMode\":\"strict\",\"runtimeConfig\":{\"io.kubernetes.cri.pod-annotations\":{\"kubernetes.io/config.seen\":\"2026-10-05T08:38:36.188493894Z\",\"kubernetes.io/config.source\":\"api\"}},\"type\":\"aws-cni\",\"vethPrefix\":\"eni\"})"}
{"level":"debug","ts":"2026-10-05T08:40:06.747Z","caller":"routed-eni-cni-plugin/cni.go:407","msg":"Connected to IPAMD via Unix socket: /var/run/aws-node/ipamd.sock"}
{"level":"debug","ts":"2026-10-05T08:40:06.747Z","caller":"routed-eni-cni-plugin/cni.go:407","msg":"Connected to IPAMD via Unix socket: /var/run/aws-node/ipamd.sock"}
{"level":"info","ts":"2026-10-05T08:40:06.748Z","caller":"routed-eni-cni-plugin/cni.go:370","msg":"Container 454bcf947996e009f96465b07d4d7b9a4cf89056fddb99abb4086ff2950a1686 not found"}
{"level":"info","ts":"2026-10-05T08:40:06.748Z","caller":"routed-eni-cni-plugin/cni.go:370","msg":"Container a67c533ca1490c40e13404ed8e51d3a96989a10657ecb29542465a90a6ab19c8 not found"}
{"level":"info","ts":"2026-10-05T08:40:18.707Z","caller":"routed-eni-cni-plugin/cni.go:131","msg":"Constructed new logger instance"}
{"level":"info","ts":"2026-10-05T08:40:18.707Z","caller":"routed-eni-cni-plugin/cni.go:149","msg":"Received CNI add request: ContainerID(1abaa3caa14bd71480be556997d9d96635ff86f9ba7eeb0e4428c5b6a7a1f1f5) Netns(/var/run/netns/cni-38dcfa91-497f-ec37-34f5-5c631ecb582f) IfName(eth0) Args(K8S_POD_NAME=coredns-79f8dffc57-cv2lj;K8S_POD_INFRA_CONTAINER_ID=1abaa3caa14bd71480be556997d9d96635ff86f9ba7eeb0e4428c5b6a7a1f1f5;K8S_POD_UID=080397ba-9aa0-4db1-b449-5fe2b0811692;IgnoreUnknown=1;K8S_POD_NAMESPACE=kube-system) Path(/opt/cni/bin) argsStdinData({\"capabilities\":{\"io.kubernetes.cri.pod-annotations\":true},\"cniVersion\":\"0.4.0\",\"mtu\":\"9001\",\"name\":\"aws-cni\",\"pluginLogFile\":\"/var/log/aws-routed-eni/plugin.log\",\"pluginLogLevel\":\"DEBUG\",\"podSGEnforcingMode\":\"strict\",\"runtimeConfig\":{\"io.kubernetes.cri.pod-annotations\":{\"kubernetes.io/config.seen\":\"2026-10-05T08:38:36.188493894Z\",\"kubernetes.io/config.source\":\"api\"}},\"type\":\"aws-cni\",\"vethPrefix\":\"eni\"})"}
{"level":"debug","ts":"2026-10-05T08:40:18.707Z","caller":"routed-eni-cni-plugin/cni.go:149","msg":"Prev Result: <nil>\n"}
{"level":"debug","ts":"2026-10-05T08:40:18.707Z","caller":"routed-eni-cni-plugin/cni.go:149","msg":"MTU value set is 9001:"}
{"level":"debug","ts":"2026-10-05T08:40:18.707Z","caller":"routed-eni-cni-plugin/cni.go:149","msg":"pod requires multi-nic attachment: false"}
{"level":"debug","ts":"2026-10-05T08:40:18.708Z","caller":"routed-eni-cni-plugin/cni.go:190","msg":"Connected to IPAMD via Unix socket: /var/run/aws-node/ipamd.sock"}
{"level":"info","ts":"2026-10-05T08:40:18.709Z","caller":"routed-eni-cni-plugin/cni.go:131","msg":"Constructed new logger instance"}
{"level":"info","ts":"2026-10-05T08:40:18.709Z","caller":"routed-eni-cni-plugin/cni.go:149","msg":"Received CNI add request: ContainerID(e89b64c8d71ac1fa7049400cd110170ff4edd62ccdf763f176a14a5ada678c66) Netns(/var/run/netns/cni-36a87c33-36f7-6b79-5e62-27e4db276dcc) IfName(eth0) Args(IgnoreUnknown=1;K8S_POD_NAMESPACE=kube-system;K8S_POD_NAME=coredns-79f8dffc57-fwslz;K8S_POD_INFRA_CONTAINER_ID=e89b64c8d71ac1fa7049400cd110170ff4edd62ccdf763f176a14a5ada678c66;K8S_POD_UID=ad241f1d-d89e-4886-8d30-e22384a0b925) Path(/opt/cni/bin) argsStdinData({\"capabilities\":{\"io.kubernetes.cri.pod-annotations\":true},\"cniVersion\":\"0.4.0\",\"mtu\":\"9001\",\"name\":\"aws-cni\",\"pluginLogFile\":\"/var/log/aws-routed-eni/plugin.log\",\"pluginLogLevel\":\"DEBUG\",\"podSGEnforcingMode\":\"strict\",\"runtimeConfig\":{\"io.kubernetes.cri.pod-annotations\":{\"kubernetes.io/config.seen\":\"2026-10-05T08:38:36.183906822Z\",\"kubernetes.io/config.source\":\"api\"}},\"type\":\"aws-cni\",\"vethPrefix\":\"eni\"})"}
{"level":"debug","ts":"2026-10-05T08:40:18.709Z","caller":"routed-eni-cni-plugin/cni.go:149","msg":"Prev Result: <nil>\n"}
{"level":"debug","ts":"2026-10-05T08:40:18.709Z","caller":"routed-eni-cni-plugin/cni.go:149","msg":"MTU value set is 9001:"}
{"level":"debug","ts":"2026-10-05T08:40:18.709Z","caller":"routed-eni-cni-plugin/cni.go:149","msg":"pod requires multi-nic attachment: false"}
{"level":"debug","ts":"2026-10-05T08:40:18.710Z","caller":"routed-eni-cni-plugin/cni.go:190","msg":"Connected to IPAMD via Unix socket: /var/run/aws-node/ipamd.sock"}
{"level":"error","ts":"2026-10-05T08:40:18.710Z","caller":"routed-eni-cni-plugin/cni.go:149","msg":"Failed to assign an IP address to container 1abaa3caa14bd71480be556997d9d96635ff86f9ba7eeb0e4428c5b6a7a1f1f5"}
{"level":"error","ts":"2026-10-05T08:40:18.711Z","caller":"routed-eni-cni-plugin/cni.go:149","msg":"Failed to assign an IP address to container e89b64c8d71ac1fa7049400cd110170ff4edd62ccdf763f176a14a5ada678c66"}
{"level":"info","ts":"2026-10-05T08:40:18.742Z","caller":"routed-eni-cni-plugin/cni.go:131","msg":"Constructed new logger instance"}
{"level":"debug","ts":"2026-10-05T08:40:18.742Z","caller":"routed-eni-cni-plugin/cni.go:370","msg":"Prev Result: <nil>\n"}
{"level":"info","ts":"2026-10-05T08:40:18.742Z","caller":"routed-eni-cni-plugin/cni.go:370","msg":"Received CNI del request: ContainerID(1abaa3caa14bd71480be556997d9d96635ff86f9ba7eeb0e4428c5b6a7a1f1f5) Netns(/var/run/netns/cni-38dcfa91-497f-ec37-34f5-5c631ecb582f) IfName(eth0) Args(K8S_POD_NAMESPACE=kube-system;K8S_POD_NAME=coredns-79f8dffc57-cv2lj;K8S_POD_INFRA_CONTAINER_ID=1abaa3caa14bd71480be556997d9d96635ff86f9ba7eeb0e4428c5b6a7a1f1f5;K8S_POD_UID=080397ba-9aa0-4db1-b449-5fe2b0811692;IgnoreUnknown=1) Path(/opt/cni/bin) argsStdinData({\"capabilities\":{\"io.kubernetes.cri.pod-annotations\":true},\"cniVersion\":\"0.4.0\",\"mtu\":\"9001\",\"name\":\"aws-cni\",\"pluginLogFile\":\"/var/log/aws-routed-eni/plugin.log\",\"pluginLogLevel\":\"DEBUG\",\"podSGEnforcingMode\":\"strict\",\"runtimeConfig\":{\"io.kubernetes.cri.pod-annotations\":{\"kubernetes.io/config.seen\":\"2026-10-05T08:38:36.188493894Z\",\"kubernetes.io/config.source\":\"api\"}},\"type\":\"aws-cni\",\"vethPrefix\":\"eni\"})"}
{"level":"info","ts":"2026-10-05T08:40:18.743Z","caller":"routed-eni-cni-plugin/cni.go:131","msg":"Constructed new logger instance"}
{"level":"debug","ts":"2026-10-05T08:40:18.743Z","caller":"routed-eni-cni-plugin/cni.go:407","msg":"Connected to IPAMD via Unix socket: /var/run/aws-node/ipamd.sock"}
{"level":"debug","ts":"2026-10-05T08:40:18.743Z","caller":"routed-eni-cni-plugin/cni.go:370","msg":"Prev Result: <nil>\n"}
{"level":"info","ts":"2026-10-05T08:40:18.743Z","caller":"routed-eni-cni-plugin/cni.go:370","msg":"Received CNI del request: ContainerID(e89b64c8d71ac1fa7049400cd110170ff4edd62ccdf763f176a14a5ada678c66) Netns(/var/run/netns/cni-36a87c33-36f7-6b79-5e62-27e4db276dcc) IfName(eth0) Args(K8S_POD_INFRA_CONTAINER_ID=e89b64c8d71ac1fa7049400cd110170ff4edd62ccdf763f176a14a5ada678c66;K8S_POD_UID=ad241f1d-d89e-4886-8d30-e22384a0b925;IgnoreUnknown=1;K8S_POD_NAMESPACE=kube-system;K8S_POD_NAME=coredns-79f8dffc57-fwslz) Path(/opt/cni/bin) argsStdinData({\"capabilities\":{\"io.kubernetes.cri.pod-annotations\":true},\"cniVersion\":\"0.4.0\",\"mtu\":\"9001\",\"name\":\"aws-cni\",\"pluginLogFile\":\"/var/log/aws-routed-eni/plugin.log\",\"pluginLogLevel\":\"DEBUG\",\"podSGEnforcingMode\":\"strict\",\"runtimeConfig\":{\"io.kubernetes.cri.pod-annotations\":{\"kubernetes.io/config.seen\":\"2026-10-05T08:38:36.183906822Z\",\"kubernetes.io/config.source\":\"api\"}},\"type\":\"aws-cni\",\"vethPrefix\":\"eni\"})"}
{"level":"debug","ts":"2026-10-05T08:40:18.744Z","caller":"routed-eni-cni-plugin/cni.go:407","msg":"Connected to IPAMD via Unix socket: /var/run/aws-node/ipamd.sock"}
{"level":"info","ts":"2026-10-05T08:40:18.744Z","caller":"routed-eni-cni-plugin/cni.go:370","msg":"Container 1abaa3caa14bd71480be556997d9d96635ff86f9ba7eeb0e4428c5b6a7a1f1f5 not found"}
{"level":"info","ts":"2026-10-05T08:40:18.746Z","caller":"routed-eni-cni-plugin/cni.go:370","msg":"Container e89b64c8d71ac1fa7049400cd110170ff4edd62ccdf763f176a14a5ada678c66 not found"}
{"level":"info","ts":"2026-10-05T08:40:32.694Z","caller":"routed-eni-cni-plugin/cni.go:131","msg":"Constructed new logger instance"}
{"level":"info","ts":"2026-10-05T08:40:32.695Z","caller":"routed-eni-cni-plugin/cni.go:149","msg":"Received CNI add request: ContainerID(3b4001063908f884c6080c8f84a43936d26a6550da1cf8aad150195995776d19) Netns(/var/run/netns/cni-a0a13eb8-cc3a-8d75-f88b-a521413781ab) IfName(eth0) Args(K8S_POD_INFRA_CONTAINER_ID=3b4001063908f884c6080c8f84a43936d26a6550da1cf8aad150195995776d19;K8S_POD_UID=ad241f1d-d89e-4886-8d30-e22384a0b925;IgnoreUnknown=1;K8S_POD_NAMESPACE=kube-system;K8S_POD_NAME=coredns-79f8dffc57-fwslz) Path(/opt/cni/bin) argsStdinData({\"capabilities\":{\"io.kubernetes.cri.pod-annotations\":true},\"cniVersion\":\"0.4.0\",\"mtu\":\"9001\",\"name\":\"aws-cni\",\"pluginLogFile\":\"/var/log/aws-routed-eni/plugin.log\",\"pluginLogLevel\":\"DEBUG\",\"podSGEnforcingMode\":\"strict\",\"runtimeConfig\":{\"io.kubernetes.cri.pod-annotations\":{\"kubernetes.io/config.seen\":\"2026-10-05T08:38:36.183906822Z\",\"kubernetes.io/config.source\":\"api\"}},\"type\":\"aws-cni\",\"vethPrefix\":\"eni\"})"}
{"level":"debug","ts":"2026-10-05T08:40:32.695Z","caller":"routed-eni-cni-plugin/cni.go:149","msg":"Prev Result: <nil>\n"}
{"level":"debug","ts":"2026-10-05T08:40:32.695Z","caller":"routed-eni-cni-plugin/cni.go:149","msg":"MTU value set is 9001:"}
{"level":"debug","ts":"2026-10-05T08:40:32.695Z","caller":"routed-eni-cni-plugin/cni.go:149","msg":"pod requires multi-nic attachment: false"}
{"level":"debug","ts":"2026-10-05T08:40:32.695Z","caller":"routed-eni-cni-plugin/cni.go:190","msg":"Connected to IPAMD via Unix socket: /var/run/aws-node/ipamd.sock"}
{"level":"error","ts":"2026-10-05T08:40:32.696Z","caller":"routed-eni-cni-plugin/cni.go:149","msg":"Failed to assign an IP address to container 3b4001063908f884c6080c8f84a43936d26a6550da1cf8aad150195995776d19"}
{"level":"info","ts":"2026-10-05T08:40:32.718Z","caller":"routed-eni-cni-plugin/cni.go:131","msg":"Constructed new logger instance"}
{"level":"debug","ts":"2026-10-05T08:40:32.718Z","caller":"routed-eni-cni-plugin/cni.go:370","msg":"Prev Result: <nil>\n"}
{"level":"info","ts":"2026-10-05T08:40:32.718Z","caller":"routed-eni-cni-plugin/cni.go:370","msg":"Received CNI del request: ContainerID(3b4001063908f884c6080c8f84a43936d26a6550da1cf8aad150195995776d19) Netns(/var/run/netns/cni-a0a13eb8-cc3a-8d75-f88b-a521413781ab) IfName(eth0) Args(K8S_POD_UID=ad241f1d-d89e-4886-8d30-e22384a0b925;IgnoreUnknown=1;K8S_POD_NAMESPACE=kube-system;K8S_POD_NAME=coredns-79f8dffc57-fwslz;K8S_POD_INFRA_CONTAINER_ID=3b4001063908f884c6080c8f84a43936d26a6550da1cf8aad150195995776d19) Path(/opt/cni/bin) argsStdinData({\"capabilities\":{\"io.kubernetes.cri.pod-annotations\":true},\"cniVersion\":\"0.4.0\",\"mtu\":\"9001\",\"name\":\"aws-cni\",\"pluginLogFile\":\"/var/log/aws-routed-eni/plugin.log\",\"pluginLogLevel\":\"DEBUG\",\"podSGEnforcingMode\":\"strict\",\"runtimeConfig\":{\"io.kubernetes.cri.pod-annotations\":{\"kubernetes.io/config.seen\":\"2026-10-05T08:38:36.183906822Z\",\"kubernetes.io/config.source\":\"api\"}},\"type\":\"aws-cni\",\"vethPrefix\":\"eni\"})"}
{"level":"debug","ts":"2026-10-05T08:40:32.719Z","caller":"routed-eni-cni-plugin/cni.go:407","msg":"Connected to IPAMD via Unix socket: /var/run/aws-node/ipamd.sock"}
{"level":"info","ts":"2026-10-05T08:40:32.720Z","caller":"routed-eni-cni-plugin/cni.go:370","msg":"Container 3b4001063908f884c6080c8f84a43936d26a6550da1cf8aad150195995776d19 not found"}
{"level":"info","ts":"2026-10-05T08:40:33.694Z","caller":"routed-eni-cni-plugin/cni.go:131","msg":"Constructed new logger instance"}
{"level":"info","ts":"2026-10-05T08:40:33.694Z","caller":"routed-eni-cni-plugin/cni.go:149","msg":"Received CNI add request: ContainerID(cfc7ba1491407f0aa097e36718f39885f96494324dbd301cbfea85749fbd082a) Netns(/var/run/netns/cni-a0fee7b2-61d9-44dd-da05-e404f09b2359) IfName(eth0) Args(IgnoreUnknown=1;K8S_POD_NAMESPACE=kube-system;K8S_POD_NAME=coredns-79f8dffc57-cv2lj;K8S_POD_INFRA_CONTAINER_ID=cfc7ba1491407f0aa097e36718f39885f96494324dbd301cbfea85749fbd082a;K8S_POD_UID=080397ba-9aa0-4db1-b449-5fe2b0811692) Path(/opt/cni/bin) argsStdinData({\"capabilities\":{\"io.kubernetes.cri.pod-annotations\":true},\"cniVersion\":\"0.4.0\",\"mtu\":\"9001\",\"name\":\"aws-cni\",\"pluginLogFile\":\"/var/log/aws-routed-eni/plugin.log\",\"pluginLogLevel\":\"DEBUG\",\"podSGEnforcingMode\":\"strict\",\"runtimeConfig\":{\"io.kubernetes.cri.pod-annotations\":{\"kubernetes.io/config.seen\":\"2026-10-05T08:38:36.188493894Z\",\"kubernetes.io/config.source\":\"api\"}},\"type\":\"aws-cni\",\"vethPrefix\":\"eni\"})"}
{"level":"debug","ts":"2026-10-05T08:40:33.694Z","caller":"routed-eni-cni-plugin/cni.go:149","msg":"Prev Result: <nil>\n"}
{"level":"debug","ts":"2026-10-05T08:40:33.694Z","caller":"routed-eni-cni-plugin/cni.go:149","msg":"MTU value set is 9001:"}
{"level":"debug","ts":"2026-10-05T08:40:33.694Z","caller":"routed-eni-cni-plugin/cni.go:149","msg":"pod requires multi-nic attachment: false"}
{"level":"debug","ts":"2026-10-05T08:40:33.695Z","caller":"routed-eni-cni-plugin/cni.go:190","msg":"Connected to IPAMD via Unix socket: /var/run/aws-node/ipamd.sock"}
{"level":"error","ts":"2026-10-05T08:40:33.696Z","caller":"routed-eni-cni-plugin/cni.go:149","msg":"Failed to assign an IP address to container cfc7ba1491407f0aa097e36718f39885f96494324dbd301cbfea85749fbd082a"}
{"level":"info","ts":"2026-10-05T08:40:33.718Z","caller":"routed-eni-cni-plugin/cni.go:131","msg":"Constructed new logger instance"}
{"level":"debug","ts":"2026-10-05T08:40:33.718Z","caller":"routed-eni-cni-plugin/cni.go:370","msg":"Prev Result: <nil>\n"}
{"level":"info","ts":"2026-10-05T08:40:33.718Z","caller":"routed-eni-cni-plugin/cni.go:370","msg":"Received CNI del request: ContainerID(cfc7ba1491407f0aa097e36718f39885f96494324dbd301cbfea85749fbd082a) Netns(/var/run/netns/cni-a0fee7b2-61d9-44dd-da05-e404f09b2359) IfName(eth0) Args(K8S_POD_NAME=coredns-79f8dffc57-cv2lj;K8S_POD_INFRA_CONTAINER_ID=cfc7ba1491407f0aa097e36718f39885f96494324dbd301cbfea85749fbd082a;K8S_POD_UID=080397ba-9aa0-4db1-b449-5fe2b0811692;IgnoreUnknown=1;K8S_POD_NAMESPACE=kube-system) Path(/opt/cni/bin) argsStdinData({\"capabilities\":{\"io.kubernetes.cri.pod-annotations\":true},\"cniVersion\":\"0.4.0\",\"mtu\":\"9001\",\"name\":\"aws-cni\",\"pluginLogFile\":\"/var/log/aws-routed-eni/plugin.log\",\"pluginLogLevel\":\"DEBUG\",\"podSGEnforcingMode\":\"strict\",\"runtimeConfig\":{\"io.kubernetes.cri.pod-annotations\":{\"kubernetes.io/config.seen\":\"2026-10-05T08:38:36.188493894Z\",\"kubernetes.io/config.source\":\"api\"}},\"type\":\"aws-cni\",\"vethPrefix\":\"eni\"})"}
{"level":"debug","ts":"2026-10-05T08:40:33.719Z","caller":"routed-eni-cni-plugin/cni.go:407","msg":"Connected to IPAMD via Unix socket: /var/run/aws-node/ipamd.sock"}
{"level":"info","ts":"2026-10-05T08:40:33.720Z","caller":"routed-eni-cni-plugin/cni.go:370","msg":"Container cfc7ba1491407f0aa097e36718f39885f96494324dbd301cbfea85749fbd082a not found"}
{"level":"info","ts":"2026-10-05T08:40:43.695Z","caller":"routed-eni-cni-plugin/cni.go:131","msg":"Constructed new logger instance"}
{"level":"info","ts":"2026-10-05T08:40:43.695Z","caller":"routed-eni-cni-plugin/cni.go:149","msg":"Received CNI add request: ContainerID(644557cc16c5a3b86dfaae0a09d0649129a925d327d237891cf1e619993c8f45) Netns(/var/run/netns/cni-2c394797-e77c-0df1-1ed3-a6cb981e630d) IfName(eth0) Args(K8S_POD_NAME=coredns-79f8dffc57-fwslz;K8S_POD_INFRA_CONTAINER_ID=644557cc16c5a3b86dfaae0a09d0649129a925d327d237891cf1e619993c8f45;K8S_POD_UID=ad241f1d-d89e-4886-8d30-e22384a0b925;IgnoreUnknown=1;K8S_POD_NAMESPACE=kube-system) Path(/opt/cni/bin) argsStdinData({\"capabilities\":{\"io.kubernetes.cri.pod-annotations\":true},\"cniVersion\":\"0.4.0\",\"mtu\":\"9001\",\"name\":\"aws-cni\",\"pluginLogFile\":\"/var/log/aws-routed-eni/plugin.log\",\"pluginLogLevel\":\"DEBUG\",\"podSGEnforcingMode\":\"strict\",\"runtimeConfig\":{\"io.kubernetes.cri.pod-annotations\":{\"kubernetes.io/config.seen\":\"2026-10-05T08:38:36.183906822Z\",\"kubernetes.io/config.source\":\"api\"}},\"type\":\"aws-cni\",\"vethPrefix\":\"eni\"})"}
{"level":"debug","ts":"2026-10-05T08:40:43.695Z","caller":"routed-eni-cni-plugin/cni.go:149","msg":"Prev Result: <nil>\n"}
{"level":"debug","ts":"2026-10-05T08:40:43.695Z","caller":"routed-eni-cni-plugin/cni.go:149","msg":"MTU value set is 9001:"}
{"level":"debug","ts":"2026-10-05T08:40:43.695Z","caller":"routed-eni-cni-plugin/cni.go:149","msg":"pod requires multi-nic attachment: false"}
{"level":"debug","ts":"2026-10-05T08:40:43.695Z","caller":"routed-eni-cni-plugin/cni.go:190","msg":"Connected to IPAMD via Unix socket: /var/run/aws-node/ipamd.sock"}
{"level":"error","ts":"2026-10-05T08:40:43.697Z","caller":"routed-eni-cni-plugin/cni.go:149","msg":"Failed to assign an IP address to container 644557cc16c5a3b86dfaae0a09d0649129a925d327d237891cf1e619993c8f45"}
{"level":"info","ts":"2026-10-05T08:40:43.719Z","caller":"routed-eni-cni-plugin/cni.go:131","msg":"Constructed new logger instance"}
{"level":"debug","ts":"2026-10-05T08:40:43.719Z","caller":"routed-eni-cni-plugin/cni.go:370","msg":"Prev Result: <nil>\n"}
{"level":"info","ts":"2026-10-05T08:40:43.719Z","caller":"routed-eni-cni-plugin/cni.go:370","msg":"Received CNI del request: ContainerID(644557cc16c5a3b86dfaae0a09d0649129a925d327d237891cf1e619993c8f45) Netns(/var/run/netns/cni-2c394797-e77c-0df1-1ed3-a6cb981e630d) IfName(eth0) Args(IgnoreUnknown=1;K8S_POD_NAMESPACE=kube-system;K8S_POD_NAME=coredns-79f8dffc57-fwslz;K8S_POD_INFRA_CONTAINER_ID=644557cc16c5a3b86dfaae0a09d0649129a925d327d237891cf1e619993c8f45;K8S_POD_UID=ad241f1d-d89e-4886-8d30-e22384a0b925) Path(/opt/cni/bin) argsStdinData({\"capabilities\":{\"io.kubernetes.cri.pod-annotations\":true},\"cniVersion\":\"0.4.0\",\"mtu\":\"9001\",\"name\":\"aws-cni\",\"pluginLogFile\":\"/var/log/aws-routed-eni/plugin.log\",\"pluginLogLevel\":\"DEBUG\",\"podSGEnforcingMode\":\"strict\",\"runtimeConfig\":{\"io.kubernetes.cri.pod-annotations\":{\"kubernetes.io/config.seen\":\"2026-10-05T08:38:36.183906822Z\",\"kubernetes.io/config.source\":\"api\"}},\"type\":\"aws-cni\",\"vethPrefix\":\"eni\"})"}
{"level":"debug","ts":"2026-10-05T08:40:43.720Z","caller":"routed-eni-cni-plugin/cni.go:407","msg":"Connected to IPAMD via Unix socket: /var/run/aws-node/ipamd.sock"}
{"level":"info","ts":"2026-10-05T08:40:43.721Z","caller":"routed-eni-cni-plugin/cni.go:370","msg":"Container 644557cc16c5a3b86dfaae0a09d0649129a925d327d237891cf1e619993c8f45 not found"}
{"level":"info","ts":"2026-10-05T08:40:48.696Z","caller":"routed-eni-cni-plugin/cni.go:131","msg":"Constructed new logger instance"}
{"level":"info","ts":"2026-10-05T08:40:48.696Z","caller":"routed-eni-cni-plugin/cni.go:149","msg":"Received CNI add request: ContainerID(e995457a78bd816dc429db7fed3127fcb4b41ddcd2c26da302a6427398f7b240) Netns(/var/run/netns/cni-8dc2a3d7-78b7-ea89-c3c2-470ae4f4b217) IfName(eth0) Args(IgnoreUnknown=1;K8S_POD_NAMESPACE=kube-system;K8S_POD_NAME=coredns-79f8dffc57-cv2lj;K8S_POD_INFRA_CONTAINER_ID=e995457a78bd816dc429db7fed3127fcb4b41ddcd2c26da302a6427398f7b240;K8S_POD_UID=080397ba-9aa0-4db1-b449-5fe2b0811692) Path(/opt/cni/bin) argsStdinData({\"capabilities\":{\"io.kubernetes.cri.pod-annotations\":true},\"cniVersion\":\"0.4.0\",\"mtu\":\"9001\",\"name\":\"aws-cni\",\"pluginLogFile\":\"/var/log/aws-routed-eni/plugin.log\",\"pluginLogLevel\":\"DEBUG\",\"podSGEnforcingMode\":\"strict\",\"runtimeConfig\":{\"io.kubernetes.cri.pod-annotations\":{\"kubernetes.io/config.seen\":\"2026-10-05T08:38:36.188493894Z\",\"kubernetes.io/config.source\":\"api\"}},\"type\":\"aws-cni\",\"vethPrefix\":\"eni\"})"}
{"level":"debug","ts":"2026-10-05T08:40:48.696Z","caller":"routed-eni-cni-plugin/cni.go:149","msg":"Prev Result: <nil>\n"}
{"level":"debug","ts":"2026-10-05T08:40:48.696Z","caller":"routed-eni-cni-plugin/cni.go:149","msg":"MTU value set is 9001:"}
{"level":"debug","ts":"2026-10-05T08:40:48.696Z","caller":"routed-eni-cni-plugin/cni.go:149","msg":"pod requires multi-nic attachment: false"}
{"level":"debug","ts":"2026-10-05T08:40:48.696Z","caller":"routed-eni-cni-plugin/cni.go:190","msg":"Connected to IPAMD via Unix socket: /var/run/aws-node/ipamd.sock"}
{"level":"error","ts":"2026-10-05T08:40:48.698Z","caller":"routed-eni-cni-plugin/cni.go:149","msg":"Failed to assign an IP address to container e995457a78bd816dc429db7fed3127fcb4b41ddcd2c26da302a6427398f7b240"}
{"level":"info","ts":"2026-10-05T08:40:48.721Z","caller":"routed-eni-cni-plugin/cni.go:131","msg":"Constructed new logger instance"}
{"level":"debug","ts":"2026-10-05T08:40:48.721Z","caller":"routed-eni-cni-plugin/cni.go:370","msg":"Prev Result: <nil>\n"}
{"level":"info","ts":"2026-10-05T08:40:48.721Z","caller":"routed-eni-cni-plugin/cni.go:370","msg":"Received CNI del request: ContainerID(e995457a78bd816dc429db7fed3127fcb4b41ddcd2c26da302a6427398f7b240) Netns(/var/run/netns/cni-8dc2a3d7-78b7-ea89-c3c2-470ae4f4b217) IfName(eth0) Args(K8S_POD_UID=080397ba-9aa0-4db1-b449-5fe2b0811692;IgnoreUnknown=1;K8S_POD_NAMESPACE=kube-system;K8S_POD_NAME=coredns-79f8dffc57-cv2lj;K8S_POD_INFRA_CONTAINER_ID=e995457a78bd816dc429db7fed3127fcb4b41ddcd2c26da302a6427398f7b240) Path(/opt/cni/bin) argsStdinData({\"capabilities\":{\"io.kubernetes.cri.pod-annotations\":true},\"cniVersion\":\"0.4.0\",\"mtu\":\"9001\",\"name\":\"aws-cni\",\"pluginLogFile\":\"/var/log/aws-routed-eni/plugin.log\",\"pluginLogLevel\":\"DEBUG\",\"podSGEnforcingMode\":\"strict\",\"runtimeConfig\":{\"io.kubernetes.cri.pod-annotations\":{\"kubernetes.io/config.seen\":\"2026-10-05T08:38:36.188493894Z\",\"kubernetes.io/config.source\":\"api\"}},\"type\":\"aws-cni\",\"vethPrefix\":\"eni\"})"}
{"level":"debug","ts":"2026-10-05T08:40:48.721Z","caller":"routed-eni-cni-plugin/cni.go:407","msg":"Connected to IPAMD via Unix socket: /var/run/aws-node/ipamd.sock"}
{"level":"info","ts":"2026-10-05T08:40:48.722Z","caller":"routed-eni-cni-plugin/cni.go:370","msg":"Container e995457a78bd816dc429db7fed3127fcb4b41ddcd2c26da302a6427398f7b240 not found"}
{"level":"info","ts":"2026-10-05T08:40:56.700Z","caller":"routed-eni-cni-plugin/cni.go:131","msg":"Constructed new logger instance"}
{"level":"info","ts":"2026-10-05T08:40:56.700Z","caller":"routed-eni-cni-plugin/cni.go:149","msg":"Received CNI add request: ContainerID(32ae18ec4bc27d24f1077d7367f8c0c2fbc2fc669e0751b6c3ea2afe0cbd3d69) Netns(/var/run/netns/cni-c1a7772b-2184-428c-176a-648bc0b57f41) IfName(eth0) Args(IgnoreUnknown=1;K8S_POD_NAMESPACE=kube-system;K8S_POD_NAME=coredns-79f8dffc57-fwslz;K8S_POD_INFRA_CONTAINER_ID=32ae18ec4bc27d24f1077d7367f8c0c2fbc2fc669e0751b6c3ea2afe0cbd3d69;K8S_POD_UID=ad241f1d-d89e-4886-8d30-e22384a0b925) Path(/opt/cni/bin) argsStdinData({\"capabilities\":{\"io.kubernetes.cri.pod-annotations\":true},\"cniVersion\":\"0.4.0\",\"mtu\":\"9001\",\"name\":\"aws-cni\",\"pluginLogFile\":\"/var/log/aws-routed-eni/plugin.log\",\"pluginLogLevel\":\"DEBUG\",\"podSGEnforcingMode\":\"strict\",\"runtimeConfig\":{\"io.kubernetes.cri.pod-annotations\":{\"kubernetes.io/config.seen\":\"2026-10-05T08:38:36.183906822Z\",\"kubernetes.io/config.source\":\"api\"}},\"type\":\"aws-cni\",\"vethPrefix\":\"eni\"})"}
{"level":"debug","ts":"2026-10-05T08:40:56.700Z","caller":"routed-eni-cni-plugin/cni.go:149","msg":"Prev Result: <nil>\n"}
{"level":"debug","ts":"2026-10-05T08:40:56.700Z","caller":"routed-eni-cni-plugin/cni.go:149","msg":"MTU value set is 9001:"}
{"level":"debug","ts":"2026-10-05T08:40:56.700Z","caller":"routed-eni-cni-plugin/cni.go:149","msg":"pod requires multi-nic attachment: false"}
{"level":"debug","ts":"2026-10-05T08:40:56.701Z","caller":"routed-eni-cni-plugin/cni.go:190","msg":"Connected to IPAMD via Unix socket: /var/run/aws-node/ipamd.sock"}
{"level":"error","ts":"2026-10-05T08:40:56.702Z","caller":"routed-eni-cni-plugin/cni.go:149","msg":"Failed to assign an IP address to container 32ae18ec4bc27d24f1077d7367f8c0c2fbc2fc669e0751b6c3ea2afe0cbd3d69"}
{"level":"info","ts":"2026-10-05T08:40:56.724Z","caller":"routed-eni-cni-plugin/cni.go:131","msg":"Constructed new logger instance"}
{"level":"debug","ts":"2026-10-05T08:40:56.724Z","caller":"routed-eni-cni-plugin/cni.go:370","msg":"Prev Result: <nil>\n"}
{"level":"info","ts":"2026-10-05T08:40:56.724Z","caller":"routed-eni-cni-plugin/cni.go:370","msg":"Received CNI del request: ContainerID(32ae18ec4bc27d24f1077d7367f8c0c2fbc2fc669e0751b6c3ea2afe0cbd3d69) Netns(/var/run/netns/cni-c1a7772b-2184-428c-176a-648bc0b57f41) IfName(eth0) Args(K8S_POD_NAMESPACE=kube-system;K8S_POD_NAME=coredns-79f8dffc57-fwslz;K8S_POD_INFRA_CONTAINER_ID=32ae18ec4bc27d24f1077d7367f8c0c2fbc2fc669e0751b6c3ea2afe0cbd3d69;K8S_POD_UID=ad241f1d-d89e-4886-8d30-e22384a0b925;IgnoreUnknown=1) Path(/opt/cni/bin) argsStdinData({\"capabilities\":{\"io.kubernetes.cri.pod-annotations\":true},\"cniVersion\":\"0.4.0\",\"mtu\":\"9001\",\"name\":\"aws-cni\",\"pluginLogFile\":\"/var/log/aws-routed-eni/plugin.log\",\"pluginLogLevel\":\"DEBUG\",\"podSGEnforcingMode\":\"strict\",\"runtimeConfig\":{\"io.kubernetes.cri.pod-annotations\":{\"kubernetes.io/config.seen\":\"2026-10-05T08:38:36.183906822Z\",\"kubernetes.io/config.source\":\"api\"}},\"type\":\"aws-cni\",\"vethPrefix\":\"eni\"})"}
{"level":"debug","ts":"2026-10-05T08:40:56.724Z","caller":"routed-eni-cni-plugin/cni.go:407","msg":"Connected to IPAMD via Unix socket: /var/run/aws-node/ipamd.sock"}
{"level":"info","ts":"2026-10-05T08:40:56.726Z","caller":"routed-eni-cni-plugin/cni.go:370","msg":"Container 32ae18ec4bc27d24f1077d7367f8c0c2fbc2fc669e0751b6c3ea2afe0cbd3d69 not found"}
{"level":"info","ts":"2026-10-05T08:41:00.695Z","caller":"routed-eni-cni-plugin/cni.go:131","msg":"Constructed new logger instance"}
{"level":"info","ts":"2026-10-05T08:41:00.695Z","caller":"routed-eni-cni-plugin/cni.go:149","msg":"Received CNI add request: ContainerID(1c8f7979525d47943f0d548bef7a02c42cbca2add4d243d14b1d10dd7ece7f5a) Netns(/var/run/netns/cni-c14f8739-f0ba-8e28-44c0-e6a5a9f9cc06) IfName(eth0) Args(K8S_POD_UID=080397ba-9aa0-4db1-b449-5fe2b0811692;IgnoreUnknown=1;K8S_POD_NAMESPACE=kube-system;K8S_POD_NAME=coredns-79f8dffc57-cv2lj;K8S_POD_INFRA_CONTAINER_ID=1c8f7979525d47943f0d548bef7a02c42cbca2add4d243d14b1d10dd7ece7f5a) Path(/opt/cni/bin) argsStdinData({\"capabilities\":{\"io.kubernetes.cri.pod-annotations\":true},\"cniVersion\":\"0.4.0\",\"mtu\":\"9001\",\"name\":\"aws-cni\",\"pluginLogFile\":\"/var/log/aws-routed-eni/plugin.log\",\"pluginLogLevel\":\"DEBUG\",\"podSGEnforcingMode\":\"strict\",\"runtimeConfig\":{\"io.kubernetes.cri.pod-annotations\":{\"kubernetes.io/config.seen\":\"2026-10-05T08:38:36.188493894Z\",\"kubernetes.io/config.source\":\"api\"}},\"type\":\"aws-cni\",\"vethPrefix\":\"eni\"})"}
{"level":"debug","ts":"2026-10-05T08:41:00.695Z","caller":"routed-eni-cni-plugin/cni.go:149","msg":"Prev Result: <nil>\n"}
{"level":"debug","ts":"2026-10-05T08:41:00.695Z","caller":"routed-eni-cni-plugin/cni.go:149","msg":"MTU value set is 9001:"}
{"level":"debug","ts":"2026-10-05T08:41:00.695Z","caller":"routed-eni-cni-plugin/cni.go:149","msg":"pod requires multi-nic attachment: false"}
{"level":"debug","ts":"2026-10-05T08:41:00.696Z","caller":"routed-eni-cni-plugin/cni.go:190","msg":"Connected to IPAMD via Unix socket: /var/run/aws-node/ipamd.sock"}
{"level":"error","ts":"2026-10-05T08:41:00.698Z","caller":"routed-eni-cni-plugin/cni.go:149","msg":"Failed to assign an IP address to container 1c8f7979525d47943f0d548bef7a02c42cbca2add4d243d14b1d10dd7ece7f5a"}
{"level":"info","ts":"2026-10-05T08:41:00.722Z","caller":"routed-eni-cni-plugin/cni.go:131","msg":"Constructed new logger instance"}
{"level":"debug","ts":"2026-10-05T08:41:00.722Z","caller":"routed-eni-cni-plugin/cni.go:370","msg":"Prev Result: <nil>\n"}
{"level":"info","ts":"2026-10-05T08:41:00.722Z","caller":"routed-eni-cni-plugin/cni.go:370","msg":"Received CNI del request: ContainerID(1c8f7979525d47943f0d548bef7a02c42cbca2add4d243d14b1d10dd7ece7f5a) Netns(/var/run/netns/cni-c14f8739-f0ba-8e28-44c0-e6a5a9f9cc06) IfName(eth0) Args(K8S_POD_NAME=coredns-79f8dffc57-cv2lj;K8S_POD_INFRA_CONTAINER_ID=1c8f7979525d47943f0d548bef7a02c42cbca2add4d243d14b1d10dd7ece7f5a;K8S_POD_UID=080397ba-9aa0-4db1-b449-5fe2b0811692;IgnoreUnknown=1;K8S_POD_NAMESPACE=kube-system) Path(/opt/cni/bin) argsStdinData({\"capabilities\":{\"io.kubernetes.cri.pod-annotations\":true},\"cniVersion\":\"0.4.0\",\"mtu\":\"9001\",\"name\":\"aws-cni\",\"pluginLogFile\":\"/var/log/aws-routed-eni/plugin.log\",\"pluginLogLevel\":\"DEBUG\",\"podSGEnforcingMode\":\"strict\",\"runtimeConfig\":{\"io.kubernetes.cri.pod-annotations\":{\"kubernetes.io/config.seen\":\"2026-10-05T08:38:36.188493894Z\",\"kubernetes.io/config.source\":\"api\"}},\"type\":\"aws-cni\",\"vethPrefix\":\"eni\"})"}
{"level":"debug","ts":"2026-10-05T08:41:00.723Z","caller":"routed-eni-cni-plugin/cni.go:407","msg":"Connected to IPAMD via Unix socket: /var/run/aws-node/ipamd.sock"}
{"level":"info","ts":"2026-10-05T08:41:00.724Z","caller":"routed-eni-cni-plugin/cni.go:370","msg":"Container 1c8f7979525d47943f0d548bef7a02c42cbca2add4d243d14b1d10dd7ece7f5a not found"}
{"level":"info","ts":"2026-10-05T08:41:11.695Z","caller":"routed-eni-cni-plugin/cni.go:131","msg":"Constructed new logger instance"}
{"level":"info","ts":"2026-10-05T08:41:11.695Z","caller":"routed-eni-cni-plugin/cni.go:149","msg":"Received CNI add request: ContainerID(ee013f3b5a0b547e8246e521408f8e1883dae482b1964f3e9b754fca81168326) Netns(/var/run/netns/cni-85ef6fc6-66bc-7d0b-9d2c-9e303b94db66) IfName(eth0) Args(K8S_POD_NAME=coredns-79f8dffc57-fwslz;K8S_POD_INFRA_CONTAINER_ID=ee013f3b5a0b547e8246e521408f8e1883dae482b1964f3e9b754fca81168326;K8S_POD_UID=ad241f1d-d89e-4886-8d30-e22384a0b925;IgnoreUnknown=1;K8S_POD_NAMESPACE=kube-system) Path(/opt/cni/bin) argsStdinData({\"capabilities\":{\"io.kubernetes.cri.pod-annotations\":true},\"cniVersion\":\"0.4.0\",\"mtu\":\"9001\",\"name\":\"aws-cni\",\"pluginLogFile\":\"/var/log/aws-routed-eni/plugin.log\",\"pluginLogLevel\":\"DEBUG\",\"podSGEnforcingMode\":\"strict\",\"runtimeConfig\":{\"io.kubernetes.cri.pod-annotations\":{\"kubernetes.io/config.seen\":\"2026-10-05T08:38:36.183906822Z\",\"kubernetes.io/config.source\":\"api\"}},\"type\":\"aws-cni\",\"vethPrefix\":\"eni\"})"}
{"level":"debug","ts":"2026-10-05T08:41:11.695Z","caller":"routed-eni-cni-plugin/cni.go:149","msg":"Prev Result: <nil>\n"}
{"level":"debug","ts":"2026-10-05T08:41:11.695Z","caller":"routed-eni-cni-plugin/cni.go:149","msg":"MTU value set is 9001:"}
{"level":"debug","ts":"2026-10-05T08:41:11.695Z","caller":"routed-eni-cni-plugin/cni.go:149","msg":"pod requires multi-nic attachment: false"}
{"level":"debug","ts":"2026-10-05T08:41:11.696Z","caller":"routed-eni-cni-plugin/cni.go:190","msg":"Connected to IPAMD via Unix socket: /var/run/aws-node/ipamd.sock"}
{"level":"error","ts":"2026-10-05T08:41:11.698Z","caller":"routed-eni-cni-plugin/cni.go:149","msg":"Failed to assign an IP address to container ee013f3b5a0b547e8246e521408f8e1883dae482b1964f3e9b754fca81168326"}
{"level":"info","ts":"2026-10-05T08:41:11.720Z","caller":"routed-eni-cni-plugin/cni.go:131","msg":"Constructed new logger instance"}
{"level":"debug","ts":"2026-10-05T08:41:11.720Z","caller":"routed-eni-cni-plugin/cni.go:370","msg":"Prev Result: <nil>\n"}
{"level":"info","ts":"2026-10-05T08:41:11.720Z","caller":"routed-eni-cni-plugin/cni.go:370","msg":"Received CNI del request: ContainerID(ee013f3b5a0b547e8246e521408f8e1883dae482b1964f3e9b754fca81168326) Netns(/var/run/netns/cni-85ef6fc6-66bc-7d0b-9d2c-9e303b94db66) IfName(eth0) Args(K8S_POD_NAME=coredns-79f8dffc57-fwslz;K8S_POD_INFRA_CONTAINER_ID=ee013f3b5a0b547e8246e521408f8e1883dae482b1964f3e9b754fca81168326;K8S_POD_UID=ad241f1d-d89e-4886-8d30-e22384a0b925;IgnoreUnknown=1;K8S_POD_NAMESPACE=kube-system) Path(/opt/cni/bin) argsStdinData({\"capabilities\":{\"io.kubernetes.cri.pod-annotations\":true},\"cniVersion\":\"0.4.0\",\"mtu\":\"9001\",\"name\":\"aws-cni\",\"pluginLogFile\":\"/var/log/aws-routed-eni/plugin.log\",\"pluginLogLevel\":\"DEBUG\",\"podSGEnforcingMode\":\"strict\",\"runtimeConfig\":{\"io.kubernetes.cri.pod-annotations\":{\"kubernetes.io/config.seen\":\"2026-10-05T08:38:36.183906822Z\",\"kubernetes.io/config.source\":\"api\"}},\"type\":\"aws-cni\",\"vethPrefix\":\"eni\"})"}
{"level":"debug","ts":"2026-10-05T08:41:11.720Z","caller":"routed-eni-cni-plugin/cni.go:407","msg":"Connected to IPAMD via Unix socket: /var/run/aws-node/ipamd.sock"}
{"level":"info","ts":"2026-10-05T08:41:11.721Z","caller":"routed-eni-cni-plugin/cni.go:370","msg":"Container ee013f3b5a0b547e8246e521408f8e1883dae482b1964f3e9b754fca81168326 not found"}
{"level":"info","ts":"2026-10-05T08:41:13.694Z","caller":"routed-eni-cni-plugin/cni.go:131","msg":"Constructed new logger instance"}
{"level":"info","ts":"2026-10-05T08:41:13.694Z","caller":"routed-eni-cni-plugin/cni.go:149","msg":"Received CNI add request: ContainerID(1dfdfa2f16ced3b18eb3d1830f97ac48e2872a3da1b6b179f9cfd20f515f9595) Netns(/var/run/netns/cni-e5e73053-950c-5811-9cad-09c858d29dca) IfName(eth0) Args(K8S_POD_NAMESPACE=kube-system;K8S_POD_NAME=coredns-79f8dffc57-cv2lj;K8S_POD_INFRA_CONTAINER_ID=1dfdfa2f16ced3b18eb3d1830f97ac48e2872a3da1b6b179f9cfd20f515f9595;K8S_POD_UID=080397ba-9aa0-4db1-b449-5fe2b0811692;IgnoreUnknown=1) Path(/opt/cni/bin) argsStdinData({\"capabilities\":{\"io.kubernetes.cri.pod-annotations\":true},\"cniVersion\":\"0.4.0\",\"mtu\":\"9001\",\"name\":\"aws-cni\",\"pluginLogFile\":\"/var/log/aws-routed-eni/plugin.log\",\"pluginLogLevel\":\"DEBUG\",\"podSGEnforcingMode\":\"strict\",\"runtimeConfig\":{\"io.kubernetes.cri.pod-annotations\":{\"kubernetes.io/config.seen\":\"2026-10-05T08:38:36.188493894Z\",\"kubernetes.io/config.source\":\"api\"}},\"type\":\"aws-cni\",\"vethPrefix\":\"eni\"})"}
{"level":"debug","ts":"2026-10-05T08:41:13.694Z","caller":"routed-eni-cni-plugin/cni.go:149","msg":"Prev Result: <nil>\n"}
{"level":"debug","ts":"2026-10-05T08:41:13.694Z","caller":"routed-eni-cni-plugin/cni.go:149","msg":"MTU value set is 9001:"}
{"level":"debug","ts":"2026-10-05T08:41:13.694Z","caller":"routed-eni-cni-plugin/cni.go:149","msg":"pod requires multi-nic attachment: false"}
{"level":"debug","ts":"2026-10-05T08:41:13.695Z","caller":"routed-eni-cni-plugin/cni.go:190","msg":"Connected to IPAMD via Unix socket: /var/run/aws-node/ipamd.sock"}
{"level":"error","ts":"2026-10-05T08:41:13.697Z","caller":"routed-eni-cni-plugin/cni.go:149","msg":"Failed to assign an IP address to container 1dfdfa2f16ced3b18eb3d1830f97ac48e2872a3da1b6b179f9cfd20f515f9595"}
{"level":"info","ts":"2026-10-05T08:41:13.719Z","caller":"routed-eni-cni-plugin/cni.go:131","msg":"Constructed new logger instance"}
{"level":"debug","ts":"2026-10-05T08:41:13.719Z","caller":"routed-eni-cni-plugin/cni.go:370","msg":"Prev Result: <nil>\n"}
{"level":"info","ts":"2026-10-05T08:41:13.719Z","caller":"routed-eni-cni-plugin/cni.go:370","msg":"Received CNI del request: ContainerID(1dfdfa2f16ced3b18eb3d1830f97ac48e2872a3da1b6b179f9cfd20f515f9595) Netns(/var/run/netns/cni-e5e73053-950c-5811-9cad-09c858d29dca) IfName(eth0) Args(K8S_POD_INFRA_CONTAINER_ID=1dfdfa2f16ced3b18eb3d1830f97ac48e2872a3da1b6b179f9cfd20f515f9595;K8S_POD_UID=080397ba-9aa0-4db1-b449-5fe2b0811692;IgnoreUnknown=1;K8S_POD_NAMESPACE=kube-system;K8S_POD_NAME=coredns-79f8dffc57-cv2lj) Path(/opt/cni/bin) argsStdinData({\"capabilities\":{\"io.kubernetes.cri.pod-annotations\":true},\"cniVersion\":\"0.4.0\",\"mtu\":\"9001\",\"name\":\"aws-cni\",\"pluginLogFile\":\"/var/log/aws-routed-eni/plugin.log\",\"pluginLogLevel\":\"DEBUG\",\"podSGEnforcingMode\":\"strict\",\"runtimeConfig\":{\"io.kubernetes.cri.pod-annotations\":{\"kubernetes.io/config.seen\":\"2026-10-05T08:38:36.188493894Z\",\"kubernetes.io/config.source\":\"api\"}},\"type\":\"aws-cni\",\"vethPrefix\":\"eni\"})"}
{"level":"debug","ts":"2026-10-05T08:41:13.719Z","caller":"routed-eni-cni-plugin/cni.go:407","msg":"Connected to IPAMD via Unix socket: /var/run/aws-node/ipamd.sock"}
{"level":"info","ts":"2026-10-05T08:41:13.721Z","caller":"routed-eni-cni-plugin/cni.go:370","msg":"Container 1dfdfa2f16ced3b18eb3d1830f97ac48e2872a3da1b6b179f9cfd20f515f9595 not found"}
{"level":"info","ts":"2026-10-05T08:41:23.695Z","caller":"routed-eni-cni-plugin/cni.go:131","msg":"Constructed new logger instance"}
{"level":"info","ts":"2026-10-05T08:41:23.695Z","caller":"routed-eni-cni-plugin/cni.go:149","msg":"Received CNI add request: ContainerID(2952e2cbab8dc772614bbaea2f30271ca3b0ee07769bda03b34f1f506ed3d1ca) Netns(/var/run/netns/cni-03198cbd-3929-0766-295c-ed6aa2f373ff) IfName(eth0) Args(K8S_POD_NAMESPACE=kube-system;K8S_POD_NAME=coredns-79f8dffc57-fwslz;K8S_POD_INFRA_CONTAINER_ID=2952e2cbab8dc772614bbaea2f30271ca3b0ee07769bda03b34f1f506ed3d1ca;K8S_POD_UID=ad241f1d-d89e-4886-8d30-e22384a0b925;IgnoreUnknown=1) Path(/opt/cni/bin) argsStdinData({\"capabilities\":{\"io.kubernetes.cri.pod-annotations\":true},\"cniVersion\":\"0.4.0\",\"mtu\":\"9001\",\"name\":\"aws-cni\",\"pluginLogFile\":\"/var/log/aws-routed-eni/plugin.log\",\"pluginLogLevel\":\"DEBUG\",\"podSGEnforcingMode\":\"strict\",\"runtimeConfig\":{\"io.kubernetes.cri.pod-annotations\":{\"kubernetes.io/config.seen\":\"2026-10-05T08:38:36.183906822Z\",\"kubernetes.io/config.source\":\"api\"}},\"type\":\"aws-cni\",\"vethPrefix\":\"eni\"})"}
{"level":"debug","ts":"2026-10-05T08:41:23.695Z","caller":"routed-eni-cni-plugin/cni.go:149","msg":"Prev Result: <nil>\n"}
{"level":"debug","ts":"2026-10-05T08:41:23.695Z","caller":"routed-eni-cni-plugin/cni.go:149","msg":"MTU value set is 9001:"}
{"level":"debug","ts":"2026-10-05T08:41:23.695Z","caller":"routed-eni-cni-plugin/cni.go:149","msg":"pod requires multi-nic attachment: false"}
{"level":"debug","ts":"2026-10-05T08:41:23.696Z","caller":"routed-eni-cni-plugin/cni.go:190","msg":"Connected to IPAMD via Unix socket: /var/run/aws-node/ipamd.sock"}
{"level":"error","ts":"2026-10-05T08:41:23.697Z","caller":"routed-eni-cni-plugin/cni.go:149","msg":"Failed to assign an IP address to container 2952e2cbab8dc772614bbaea2f30271ca3b0ee07769bda03b34f1f506ed3d1ca"}
{"level":"info","ts":"2026-10-05T08:41:23.720Z","caller":"routed-eni-cni-plugin/cni.go:131","msg":"Constructed new logger instance"}
{"level":"debug","ts":"2026-10-05T08:41:23.720Z","caller":"routed-eni-cni-plugin/cni.go:370","msg":"Prev Result: <nil>\n"}
{"level":"info","ts":"2026-10-05T08:41:23.720Z","caller":"routed-eni-cni-plugin/cni.go:370","msg":"Received CNI del request: ContainerID(2952e2cbab8dc772614bbaea2f30271ca3b0ee07769bda03b34f1f506ed3d1ca) Netns(/var/run/netns/cni-03198cbd-3929-0766-295c-ed6aa2f373ff) IfName(eth0) Args(IgnoreUnknown=1;K8S_POD_NAMESPACE=kube-system;K8S_POD_NAME=coredns-79f8dffc57-fwslz;K8S_POD_INFRA_CONTAINER_ID=2952e2cbab8dc772614bbaea2f30271ca3b0ee07769bda03b34f1f506ed3d1ca;K8S_POD_UID=ad241f1d-d89e-4886-8d30-e22384a0b925) Path(/opt/cni/bin) argsStdinData({\"capabilities\":{\"io.kubernetes.cri.pod-annotations\":true},\"cniVersion\":\"0.4.0\",\"mtu\":\"9001\",\"name\":\"aws-cni\",\"pluginLogFile\":\"/var/log/aws-routed-eni/plugin.log\",\"pluginLogLevel\":\"DEBUG\",\"podSGEnforcingMode\":\"strict\",\"runtimeConfig\":{\"io.kubernetes.cri.pod-annotations\":{\"kubernetes.io/config.seen\":\"2026-10-05T08:38:36.183906822Z\",\"kubernetes.io/config.source\":\"api\"}},\"type\":\"aws-cni\",\"vethPrefix\":\"eni\"})"}
{"level":"debug","ts":"2026-10-05T08:41:23.721Z","caller":"routed-eni-cni-plugin/cni.go:407","msg":"Connected to IPAMD via Unix socket: /var/run/aws-node/ipamd.sock"}
{"level":"info","ts":"2026-10-05T08:41:23.722Z","caller":"routed-eni-cni-plugin/cni.go:370","msg":"Container 2952e2cbab8dc772614bbaea2f30271ca3b0ee07769bda03b34f1f506ed3d1ca not found"}
{"level":"info","ts":"2026-10-05T08:41:28.694Z","caller":"routed-eni-cni-plugin/cni.go:131","msg":"Constructed new logger instance"}
{"level":"info","ts":"2026-10-05T08:41:28.694Z","caller":"routed-eni-cni-plugin/cni.go:149","msg":"Received CNI add request: ContainerID(a96384b0aceedef0137d1fef8a3fa7de3b9216db5395e7609a7b69fc4f3bfa8d) Netns(/var/run/netns/cni-373f73ab-9b55-b1c0-d33e-92bf5cedc78a) IfName(eth0) Args(IgnoreUnknown=1;K8S_POD_NAMESPACE=kube-system;K8S_POD_NAME=coredns-79f8dffc57-cv2lj;K8S_POD_INFRA_CONTAINER_ID=a96384b0aceedef0137d1fef8a3fa7de3b9216db5395e7609a7b69fc4f3bfa8d;K8S_POD_UID=080397ba-9aa0-4db1-b449-5fe2b0811692) Path(/opt/cni/bin) argsStdinData({\"capabilities\":{\"io.kubernetes.cri.pod-annotations\":true},\"cniVersion\":\"0.4.0\",\"mtu\":\"9001\",\"name\":\"aws-cni\",\"pluginLogFile\":\"/var/log/aws-routed-eni/plugin.log\",\"pluginLogLevel\":\"DEBUG\",\"podSGEnforcingMode\":\"strict\",\"runtimeConfig\":{\"io.kubernetes.cri.pod-annotations\":{\"kubernetes.io/config.seen\":\"2026-10-05T08:38:36.188493894Z\",\"kubernetes.io/config.source\":\"api\"}},\"type\":\"aws-cni\",\"vethPrefix\":\"eni\"})"}
{"level":"debug","ts":"2026-10-05T08:41:28.694Z","caller":"routed-eni-cni-plugin/cni.go:149","msg":"Prev Result: <nil>\n"}
{"level":"debug","ts":"2026-10-05T08:41:28.694Z","caller":"routed-eni-cni-plugin/cni.go:149","msg":"MTU value set is 9001:"}
{"level":"debug","ts":"2026-10-05T08:41:28.694Z","caller":"routed-eni-cni-plugin/cni.go:149","msg":"pod requires multi-nic attachment: false"}
{"level":"debug","ts":"2026-10-05T08:41:28.695Z","caller":"routed-eni-cni-plugin/cni.go:190","msg":"Connected to IPAMD via Unix socket: /var/run/aws-node/ipamd.sock"}
{"level":"error","ts":"2026-10-05T08:41:28.696Z","caller":"routed-eni-cni-plugin/cni.go:149","msg":"Failed to assign an IP address to container a96384b0aceedef0137d1fef8a3fa7de3b9216db5395e7609a7b69fc4f3bfa8d"}
{"level":"info","ts":"2026-10-05T08:41:28.725Z","caller":"routed-eni-cni-plugin/cni.go:131","msg":"Constructed new logger instance"}
{"level":"debug","ts":"2026-10-05T08:41:28.725Z","caller":"routed-eni-cni-plugin/cni.go:370","msg":"Prev Result: <nil>\n"}
{"level":"info","ts":"2026-10-05T08:41:28.725Z","caller":"routed-eni-cni-plugin/cni.go:370","msg":"Received CNI del request: ContainerID(a96384b0aceedef0137d1fef8a3fa7de3b9216db5395e7609a7b69fc4f3bfa8d) Netns(/var/run/netns/cni-373f73ab-9b55-b1c0-d33e-92bf5cedc78a) IfName(eth0) Args(K8S_POD_NAMESPACE=kube-system;K8S_POD_NAME=coredns-79f8dffc57-cv2lj;K8S_POD_INFRA_CONTAINER_ID=a96384b0aceedef0137d1fef8a3fa7de3b9216db5395e7609a7b69fc4f3bfa8d;K8S_POD_UID=080397ba-9aa0-4db1-b449-5fe2b0811692;IgnoreUnknown=1) Path(/opt/cni/bin) argsStdinData({\"capabilities\":{\"io.kubernetes.cri.pod-annotations\":true},\"cniVersion\":\"0.4.0\",\"mtu\":\"9001\",\"name\":\"aws-cni\",\"pluginLogFile\":\"/var/log/aws-routed-eni/plugin.log\",\"pluginLogLevel\":\"DEBUG\",\"podSGEnforcingMode\":\"strict\",\"runtimeConfig\":{\"io.kubernetes.cri.pod-annotations\":{\"kubernetes.io/config.seen\":\"2026-10-05T08:38:36.188493894Z\",\"kubernetes.io/config.source\":\"api\"}},\"type\":\"aws-cni\",\"vethPrefix\":\"eni\"})"}
{"level":"debug","ts":"2026-10-05T08:41:28.725Z","caller":"routed-eni-cni-plugin/cni.go:407","msg":"Connected to IPAMD via Unix socket: /var/run/aws-node/ipamd.sock"}
{"level":"info","ts":"2026-10-05T08:41:28.727Z","caller":"routed-eni-cni-plugin/cni.go:370","msg":"Container a96384b0aceedef0137d1fef8a3fa7de3b9216db5395e7609a7b69fc4f3bfa8d not found"}
{"level":"info","ts":"2026-10-05T08:41:28.747Z","caller":"routed-eni-cni-plugin/cni.go:131","msg":"Constructed new logger instance"}
{"level":"info","ts":"2026-10-05T08:41:28.747Z","caller":"routed-eni-cni-plugin/cni.go:149","msg":"Received CNI add request: ContainerID(24a8967e2cf0fa98d50e5ca71cc195f7d694819ae955bcb66c9eb17b577cc721) Netns(/var/run/netns/cni-8154189b-eeae-52d2-b007-43e7e9d0a024) IfName(eth0) Args(IgnoreUnknown=1;K8S_POD_NAMESPACE=default;K8S_POD_NAME=pause-68d5b89fc-kwqf6;K8S_POD_INFRA_CONTAINER_ID=24a8967e2cf0fa98d50e5ca71cc195f7d694819ae955bcb66c9eb17b577cc721;K8S_POD_UID=f1c84b49-6e57-471b-b275-0a0535a8e3e2) Path(/opt/cni/bin) argsStdinData({\"capabilities\":{\"io.kubernetes.cri.pod-annotations\":true},\"cniVersion\":\"0.4.0\",\"mtu\":\"9001\",\"name\":\"aws-cni\",\"pluginLogFile\":\"/var/log/aws-routed-eni/plugin.log\",\"pluginLogLevel\":\"DEBUG\",\"podSGEnforcingMode\":\"strict\",\"runtimeConfig\":{\"io.kubernetes.cri.pod-annotations\":{\"kubernetes.io/config.seen\":\"2026-10-05T08:41:28.410101495Z\",\"kubernetes.io/config.source\":\"api\"}},\"type\":\"aws-cni\",\"vethPrefix\":\"eni\"})"}
{"level":"debug","ts":"2026-10-05T08:41:28.747Z","caller":"routed-eni-cni-plugin/cni.go:149","msg":"Prev Result: <nil>\n"}
{"level":"debug","ts":"2026-10-05T08:41:28.747Z","caller":"routed-eni-cni-plugin/cni.go:149","msg":"MTU value set is 9001:"}
{"level":"debug","ts":"2026-10-05T08:41:28.747Z","caller":"routed-eni-cni-plugin/cni.go:149","msg":"pod requires multi-nic attachment: false"}
{"level":"debug","ts":"2026-10-05T08:41:28.748Z","caller":"routed-eni-cni-plugin/cni.go:190","msg":"Connected to IPAMD via Unix socket: /var/run/aws-node/ipamd.sock"}
{"level":"error","ts":"2026-10-05T08:41:28.750Z","caller":"routed-eni-cni-plugin/cni.go:149","msg":"Failed to assign an IP address to container 24a8967e2cf0fa98d50e5ca71cc195f7d694819ae955bcb66c9eb17b577cc721"}
{"level":"info","ts":"2026-10-05T08:41:28.772Z","caller":"routed-eni-cni-plugin/cni.go:131","msg":"Constructed new logger instance"}
{"level":"debug","ts":"2026-10-05T08:41:28.772Z","caller":"routed-eni-cni-plugin/cni.go:370","msg":"Prev Result: <nil>\n"}
{"level":"info","ts":"2026-10-05T08:41:28.772Z","caller":"routed-eni-cni-plugin/cni.go:370","msg":"Received CNI del request: ContainerID(24a8967e2cf0fa98d50e5ca71cc195f7d694819ae955bcb66c9eb17b577cc721) Netns(/var/run/netns/cni-8154189b-eeae-52d2-b007-43e7e9d0a024) IfName(eth0) Args(K8S_POD_NAME=pause-68d5b89fc-kwqf6;K8S_POD_INFRA_CONTAINER_ID=24a8967e2cf0fa98d50e5ca71cc195f7d694819ae955bcb66c9eb17b577cc721;K8S_POD_UID=f1c84b49-6e57-471b-b275-0a0535a8e3e2;IgnoreUnknown=1;K8S_POD_NAMESPACE=default) Path(/opt/cni/bin) argsStdinData({\"capabilities\":{\"io.kubernetes.cri.pod-annotations\":true},\"cniVersion\":\"0.4.0\",\"mtu\":\"9001\",\"name\":\"aws-cni\",\"pluginLogFile\":\"/var/log/aws-routed-eni/plugin.log\",\"pluginLogLevel\":\"DEBUG\",\"podSGEnforcingMode\":\"strict\",\"runtimeConfig\":{\"io.kubernetes.cri.pod-annotations\":{\"kubernetes.io/config.seen\":\"2026-10-05T08:41:28.410101495Z\",\"kubernetes.io/config.source\":\"api\"}},\"type\":\"aws-cni\",\"vethPrefix\":\"eni\"})"}
{"level":"debug","ts":"2026-10-05T08:41:28.773Z","caller":"routed-eni-cni-plugin/cni.go:407","msg":"Connected to IPAMD via Unix socket: /var/run/aws-node/ipamd.sock"}
{"level":"info","ts":"2026-10-05T08:41:28.774Z","caller":"routed-eni-cni-plugin/cni.go:370","msg":"Container 24a8967e2cf0fa98d50e5ca71cc195f7d694819ae955bcb66c9eb17b577cc721 not found"}
{"level":"info","ts":"2026-10-05T08:41:28.797Z","caller":"routed-eni-cni-plugin/cni.go:131","msg":"Constructed new logger instance"}
{"level":"info","ts":"2026-10-05T08:41:28.797Z","caller":"routed-eni-cni-plugin/cni.go:149","msg":"Received CNI add request: ContainerID(f1742fa0edbf02ce8cb5aa5ad92e885b3af68b74760fcd85b71b8b77ef5cf8cd) Netns(/var/run/netns/cni-5339b7d1-28a4-1378-7dec-7ebb4648cae5) IfName(eth0) Args(K8S_POD_NAMESPACE=default;K8S_POD_NAME=pause-68d5b89fc-xv2r9;K8S_POD_INFRA_CONTAINER_ID=f1742fa0edbf02ce8cb5aa5ad92e885b3af68b74760fcd85b71b8b77ef5cf8cd;K8S_POD_UID=cd4aecc7-3371-4cf3-bd27-460a41c60184;IgnoreUnknown=1) Path(/opt/cni/bin) argsStdinData({\"capabilities\":{\"io.kubernetes.cri.pod-annotations\":true},\"cniVersion\":\"0.4.0\",\"mtu\":\"9001\",\"name\":\"aws-cni\",\"pluginLogFile\":\"/var/log/aws-routed-eni/plugin.log\",\"pluginLogLevel\":\"DEBUG\",\"podSGEnforcingMode\":\"strict\",\"runtimeConfig\":{\"io.kubernetes.cri.pod-annotations\":{\"kubernetes.io/config.seen\":\"2026-10-05T08:41:28.462307198Z\",\"kubernetes.io/config.source\":\"api\"}},\"type\":\"aws-cni\",\"vethPrefix\":\"eni\"})"}
{"level":"debug","ts":"2026-10-05T08:41:28.797Z","caller":"routed-eni-cni-plugin/cni.go:149","msg":"Prev Result: <nil>\n"}
{"level":"debug","ts":"2026-10-05T08:41:28.797Z","caller":"routed-eni-cni-plugin/cni.go:149","msg":"MTU value set is 9001:"}
{"level":"debug","ts":"2026-10-05T08:41:28.797Z","caller":"routed-eni-cni-plugin/cni.go:149","msg":"pod requires multi-nic attachment: false"}
{"level":"debug","ts":"2026-10-05T08:41:28.798Z","caller":"routed-eni-cni-plugin/cni.go:190","msg":"Connected to IPAMD via Unix socket: /var/run/aws-node/ipamd.sock"}
{"level":"error","ts":"2026-10-05T08:41:28.800Z","caller":"routed-eni-cni-plugin/cni.go:149","msg":"Failed to assign an IP address to container f1742fa0edbf02ce8cb5aa5ad92e885b3af68b74760fcd85b71b8b77ef5cf8cd"}
{"level":"info","ts":"2026-10-05T08:41:28.823Z","caller":"routed-eni-cni-plugin/cni.go:131","msg":"Constructed new logger instance"}
{"level":"debug","ts":"2026-10-05T08:41:28.823Z","caller":"routed-eni-cni-plugin/cni.go:370","msg":"Prev Result: <nil>\n"}
{"level":"info","ts":"2026-10-05T08:41:28.823Z","caller":"routed-eni-cni-plugin/cni.go:370","msg":"Received CNI del request: ContainerID(f1742fa0edbf02ce8cb5aa5ad92e885b3af68b74760fcd85b71b8b77ef5cf8cd) Netns(/var/run/netns/cni-5339b7d1-28a4-1378-7dec-7ebb4648cae5) IfName(eth0) Args(K8S_POD_INFRA_CONTAINER_ID=f1742fa0edbf02ce8cb5aa5ad92e885b3af68b74760fcd85b71b8b77ef5cf8cd;K8S_POD_UID=cd4aecc7-3371-4cf3-bd27-460a41c60184;IgnoreUnknown=1;K8S_POD_NAMESPACE=default;K8S_POD_NAME=pause-68d5b89fc-xv2r9) Path(/opt/cni/bin) argsStdinData({\"capabilities\":{\"io.kubernetes.cri.pod-annotations\":true},\"cniVersion\":\"0.4.0\",\"mtu\":\"9001\",\"name\":\"aws-cni\",\"pluginLogFile\":\"/var/log/aws-routed-eni/plugin.log\",\"pluginLogLevel\":\"DEBUG\",\"podSGEnforcingMode\":\"strict\",\"runtimeConfig\":{\"io.kubernetes.cri.pod-annotations\":{\"kubernetes.io/config.seen\":\"2026-10-05T08:41:28.462307198Z\",\"kubernetes.io/config.source\":\"api\"}},\"type\":\"aws-cni\",\"vethPrefix\":\"eni\"})"}
{"level":"debug","ts":"2026-10-05T08:41:28.824Z","caller":"routed-eni-cni-plugin/cni.go:407","msg":"Connected to IPAMD via Unix socket: /var/run/aws-node/ipamd.sock"}
{"level":"info","ts":"2026-10-05T08:41:28.825Z","caller":"routed-eni-cni-plugin/cni.go:370","msg":"Container f1742fa0edbf02ce8cb5aa5ad92e885b3af68b74760fcd85b71b8b77ef5cf8cd not found"}
{"level":"info","ts":"2026-10-05T08:41:38.694Z","caller":"routed-eni-cni-plugin/cni.go:131","msg":"Constructed new logger instance"}
{"level":"info","ts":"2026-10-05T08:41:38.695Z","caller":"routed-eni-cni-plugin/cni.go:149","msg":"Received CNI add request: ContainerID(bfff64dbd32b94ebc6c1b1d1ec46cbde783ad0ed413807073a84f4bf6a7a15e5) Netns(/var/run/netns/cni-6369f8ef-e783-3f38-97eb-ffd673256a95) IfName(eth0) Args(K8S_POD_UID=ad241f1d-d89e-4886-8d30-e22384a0b925;IgnoreUnknown=1;K8S_POD_NAMESPACE=kube-system;K8S_POD_NAME=coredns-79f8dffc57-fwslz;K8S_POD_INFRA_CONTAINER_ID=bfff64dbd32b94ebc6c1b1d1ec46cbde783ad0ed413807073a84f4bf6a7a15e5) Path(/opt/cni/bin) argsStdinData({\"capabilities\":{\"io.kubernetes.cri.pod-annotations\":true},\"cniVersion\":\"0.4.0\",\"mtu\":\"9001\",\"name\":\"aws-cni\",\"pluginLogFile\":\"/var/log/aws-routed-eni/plugin.log\",\"pluginLogLevel\":\"DEBUG\",\"podSGEnforcingMode\":\"strict\",\"runtimeConfig\":{\"io.kubernetes.cri.pod-annotations\":{\"kubernetes.io/config.seen\":\"2026-10-05T08:38:36.183906822Z\",\"kubernetes.io/config.source\":\"api\"}},\"type\":\"aws-cni\",\"vethPrefix\":\"eni\"})"}
{"level":"debug","ts":"2026-10-05T08:41:38.695Z","caller":"routed-eni-cni-plugin/cni.go:149","msg":"Prev Result: <nil>\n"}
{"level":"debug","ts":"2026-10-05T08:41:38.695Z","caller":"routed-eni-cni-plugin/cni.go:149","msg":"MTU value set is 9001:"}
{"level":"debug","ts":"2026-10-05T08:41:38.695Z","caller":"routed-eni-cni-plugin/cni.go:149","msg":"pod requires multi-nic attachment: false"}
{"level":"debug","ts":"2026-10-05T08:41:38.696Z","caller":"routed-eni-cni-plugin/cni.go:190","msg":"Connected to IPAMD via Unix socket: /var/run/aws-node/ipamd.sock"}
{"level":"error","ts":"2026-10-05T08:41:38.697Z","caller":"routed-eni-cni-plugin/cni.go:149","msg":"Failed to assign an IP address to container bfff64dbd32b94ebc6c1b1d1ec46cbde783ad0ed413807073a84f4bf6a7a15e5"}
{"level":"info","ts":"2026-10-05T08:41:38.721Z","caller":"routed-eni-cni-plugin/cni.go:131","msg":"Constructed new logger instance"}
{"level":"debug","ts":"2026-10-05T08:41:38.721Z","caller":"routed-eni-cni-plugin/cni.go:370","msg":"Prev Result: <nil>\n"}
{"level":"info","ts":"2026-10-05T08:41:38.721Z","caller":"routed-eni-cni-plugin/cni.go:370","msg":"Received CNI del request: ContainerID(bfff64dbd32b94ebc6c1b1d1ec46cbde783ad0ed413807073a84f4bf6a7a15e5) Netns(/var/run/netns/cni-6369f8ef-e783-3f38-97eb-ffd673256a95) IfName(eth0) Args(K8S_POD_NAME=coredns-79f8dffc57-fwslz;K8S_POD_INFRA_CONTAINER_ID=bfff64dbd32b94ebc6c1b1d1ec46cbde783ad0ed413807073a84f4bf6a7a15e5;K8S_POD_UID=ad241f1d-d89e-4886-8d30-e22384a0b925;IgnoreUnknown=1;K8S_POD_NAMESPACE=kube-system) Path(/opt/cni/bin) argsStdinData({\"capabilities\":{\"io.kubernetes.cri.pod-annotations\":true},\"cniVersion\":\"0.4.0\",\"mtu\":\"9001\",\"name\":\"aws-cni\",\"pluginLogFile\":\"/var/log/aws-routed-eni/plugin.log\",\"pluginLogLevel\":\"DEBUG\",\"podSGEnforcingMode\":\"strict\",\"runtimeConfig\":{\"io.kubernetes.cri.pod-annotations\":{\"kubernetes.io/config.seen\":\"2026-10-05T08:38:36.183906822Z\",\"kubernetes.io/config.source\":\"api\"}},\"type\":\"aws-cni\",\"vethPrefix\":\"eni\"})"}
{"level":"debug","ts":"2026-10-05T08:41:38.721Z","caller":"routed-eni-cni-plugin/cni.go:407","msg":"Connected to IPAMD via Unix socket: /var/run/aws-node/ipamd.sock"}
{"level":"info","ts":"2026-10-05T08:41:38.722Z","caller":"routed-eni-cni-plugin/cni.go:370","msg":"Container bfff64dbd32b94ebc6c1b1d1ec46cbde783ad0ed413807073a84f4bf6a7a15e5 not found"}
{"level":"info","ts":"2026-10-05T08:41:41.695Z","caller":"routed-eni-cni-plugin/cni.go:131","msg":"Constructed new logger instance"}
{"level":"info","ts":"2026-10-05T08:41:41.695Z","caller":"routed-eni-cni-plugin/cni.go:149","msg":"Received CNI add request: ContainerID(768c8bf455cbb55554afe66a35a79aa4122d3f6ea214aa2468d1c2a9f825319f) Netns(/var/run/netns/cni-0d891d45-1534-0430-dfbe-6e48ef772514) IfName(eth0) Args(K8S_POD_INFRA_CONTAINER_ID=768c8bf455cbb55554afe66a35a79aa4122d3f6ea214aa2468d1c2a9f825319f;K8S_POD_UID=f1c84b49-6e57-471b-b275-0a0535a8e3e2;IgnoreUnknown=1;K8S_POD_NAMESPACE=default;K8S_POD_NAME=pause-68d5b89fc-kwqf6) Path(/opt/cni/bin) argsStdinData({\"capabilities\":{\"io.kubernetes.cri.pod-annotations\":true},\"cniVersion\":\"0.4.0\",\"mtu\":\"9001\",\"name\":\"aws-cni\",\"pluginLogFile\":\"/var/log/aws-routed-eni/plugin.log\",\"pluginLogLevel\":\"DEBUG\",\"podSGEnforcingMode\":\"strict\",\"runtimeConfig\":{\"io.kubernetes.cri.pod-annotations\":{\"kubernetes.io/config.seen\":\"2026-10-05T08:41:28.410101495Z\",\"kubernetes.io/config.source\":\"api\"}},\"type\":\"aws-cni\",\"vethPrefix\":\"eni\"})"}
{"level":"debug","ts":"2026-10-05T08:41:41.695Z","caller":"routed-eni-cni-plugin/cni.go:149","msg":"Prev Result: <nil>\n"}
{"level":"debug","ts":"2026-10-05T08:41:41.695Z","caller":"routed-eni-cni-plugin/cni.go:149","msg":"MTU value set is 9001:"}
{"level":"debug","ts":"2026-10-05T08:41:41.695Z","caller":"routed-eni-cni-plugin/cni.go:149","msg":"pod requires multi-nic attachment: false"}
{"level":"debug","ts":"2026-10-05T08:41:41.696Z","caller":"routed-eni-cni-plugin/cni.go:190","msg":"Connected to IPAMD via Unix socket: /var/run/aws-node/ipamd.sock"}
{"level":"error","ts":"2026-10-05T08:41:41.697Z","caller":"routed-eni-cni-plugin/cni.go:149","msg":"Failed to assign an IP address to container 768c8bf455cbb55554afe66a35a79aa4122d3f6ea214aa2468d1c2a9f825319f"}
{"level":"info","ts":"2026-10-05T08:41:41.719Z","caller":"routed-eni-cni-plugin/cni.go:131","msg":"Constructed new logger instance"}
{"level":"debug","ts":"2026-10-05T08:41:41.719Z","caller":"routed-eni-cni-plugin/cni.go:370","msg":"Prev Result: <nil>\n"}
{"level":"info","ts":"2026-10-05T08:41:41.719Z","caller":"routed-eni-cni-plugin/cni.go:370","msg":"Received CNI del request: ContainerID(768c8bf455cbb55554afe66a35a79aa4122d3f6ea214aa2468d1c2a9f825319f) Netns(/var/run/netns/cni-0d891d45-1534-0430-dfbe-6e48ef772514) IfName(eth0) Args(IgnoreUnknown=1;K8S_POD_NAMESPACE=default;K8S_POD_NAME=pause-68d5b89fc-kwqf6;K8S_POD_INFRA_CONTAINER_ID=768c8bf455cbb55554afe66a35a79aa4122d3f6ea214aa2468d1c2a9f825319f;K8S_POD_UID=f1c84b49-6e57-471b-b275-0a0535a8e3e2) Path(/opt/cni/bin) argsStdinData({\"capabilities\":{\"io.kubernetes.cri.pod-annotations\":true},\"cniVersion\":\"0.4.0\",\"mtu\":\"9001\",\"name\":\"aws-cni\",\"pluginLogFile\":\"/var/log/aws-routed-eni/plugin.log\",\"pluginLogLevel\":\"DEBUG\",\"podSGEnforcingMode\":\"strict\",\"runtimeConfig\":{\"io.kubernetes.cri.pod-annotations\":{\"kubernetes.io/config.seen\":\"2026-10-05T08:41:28.410101495Z\",\"kubernetes.io/config.source\":\"api\"}},\"type\":\"aws-cni\",\"vethPrefix\":\"eni\"})"}
{"level":"debug","ts":"2026-10-05T08:41:41.720Z","caller":"routed-eni-cni-plugin/cni.go:407","msg":"Connected to IPAMD via Unix socket: /var/run/aws-node/ipamd.sock"}
{"level":"info","ts":"2026-10-05T08:41:41.721Z","caller":"routed-eni-cni-plugin/cni.go:370","msg":"Container 768c8bf455cbb55554afe66a35a79aa4122d3f6ea214aa2468d1c2a9f825319f not found"}
{"level":"info","ts":"2026-10-05T08:41:43.699Z","caller":"routed-eni-cni-plugin/cni.go:131","msg":"Constructed new logger instance"}
{"level":"info","ts":"2026-10-05T08:41:43.699Z","caller":"routed-eni-cni-plugin/cni.go:149","msg":"Received CNI add request: ContainerID(97cea8af9da88ba7fba3df22888f2757ab2978a3bd70422b6c25b17856a8f816) Netns(/var/run/netns/cni-84bb3282-6b90-6ab4-64aa-55884f909405) IfName(eth0) Args(K8S_POD_NAME=pause-68d5b89fc-xv2r9;K8S_POD_INFRA_CONTAINER_ID=97cea8af9da88ba7fba3df22888f2757ab2978a3bd70422b6c25b17856a8f816;K8S_POD_UID=cd4aecc7-3371-4cf3-bd27-460a41c60184;IgnoreUnknown=1;K8S_POD_NAMESPACE=default) Path(/opt/cni/bin) argsStdinData({\"capabilities\":{\"io.kubernetes.cri.pod-annotations\":true},\"cniVersion\":\"0.4.0\",\"mtu\":\"9001\",\"name\":\"aws-cni\",\"pluginLogFile\":\"/var/log/aws-routed-eni/plugin.log\",\"pluginLogLevel\":\"DEBUG\",\"podSGEnforcingMode\":\"strict\",\"runtimeConfig\":{\"io.kubernetes.cri.pod-annotations\":{\"kubernetes.io/config.seen\":\"2026-10-05T08:41:28.462307198Z\",\"kubernetes.io/config.source\":\"api\"}},\"type\":\"aws-cni\",\"vethPrefix\":\"eni\"})"}
{"level":"debug","ts":"2026-10-05T08:41:43.699Z","caller":"routed-eni-cni-plugin/cni.go:149","msg":"Prev Result: <nil>\n"}
{"level":"debug","ts":"2026-10-05T08:41:43.699Z","caller":"routed-eni-cni-plugin/cni.go:149","msg":"MTU value set is 9001:"}
{"level":"debug","ts":"2026-10-05T08:41:43.699Z","caller":"routed-eni-cni-plugin/cni.go:149","msg":"pod requires multi-nic attachment: false"}
{"level":"debug","ts":"2026-10-05T08:41:43.700Z","caller":"routed-eni-cni-plugin/cni.go:190","msg":"Connected to IPAMD via Unix socket: /var/run/aws-node/ipamd.sock"}
{"level":"error","ts":"2026-10-05T08:41:43.703Z","caller":"routed-eni-cni-plugin/cni.go:149","msg":"Failed to assign an IP address to container 97cea8af9da88ba7fba3df22888f2757ab2978a3bd70422b6c25b17856a8f816"}
{"level":"info","ts":"2026-10-05T08:41:43.712Z","caller":"routed-eni-cni-plugin/cni.go:131","msg":"Constructed new logger instance"}
{"level":"info","ts":"2026-10-05T08:41:43.712Z","caller":"routed-eni-cni-plugin/cni.go:149","msg":"Received CNI add request: ContainerID(df9c9d7c54d0dcfa3bfbc8fbd79abde773d4d6af4e7ab203fc0c4c6772d7cdf9) Netns(/var/run/netns/cni-bc406833-259f-ae8b-330e-f55d48876f47) IfName(eth0) Args(K8S_POD_NAMESPACE=kube-system;K8S_POD_NAME=coredns-79f8dffc57-cv2lj;K8S_POD_INFRA_CONTAINER_ID=df9c9d7c54d0dcfa3bfbc8fbd79abde773d4d6af4e7ab203fc0c4c6772d7cdf9;K8S_POD_UID=080397ba-9aa0-4db1-b449-5fe2b0811692;IgnoreUnknown=1) Path(/opt/cni/bin) argsStdinData({\"capabilities\":{\"io.kubernetes.cri.pod-annotations\":true},\"cniVersion\":\"0.4.0\",\"mtu\":\"9001\",\"name\":\"aws-cni\",\"pluginLogFile\":\"/var/log/aws-routed-eni/plugin.log\",\"pluginLogLevel\":\"DEBUG\",\"podSGEnforcingMode\":\"strict\",\"runtimeConfig\":{\"io.kubernetes.cri.pod-annotations\":{\"kubernetes.io/config.seen\":\"2026-10-05T08:38:36.188493894Z\",\"kubernetes.io/config.source\":\"api\"}},\"type\":\"aws-cni\",\"vethPrefix\":\"eni\"})"}
{"level":"debug","ts":"2026-10-05T08:41:43.712Z","caller":"routed-eni-cni-plugin/cni.go:149","msg":"Prev Result: <nil>\n"}
{"level":"debug","ts":"2026-10-05T08:41:43.712Z","caller":"routed-eni-cni-plugin/cni.go:149","msg":"MTU value set is 9001:"}
{"level":"debug","ts":"2026-10-05T08:41:43.712Z","caller":"routed-eni-cni-plugin/cni.go:149","msg":"pod requires multi-nic attachment: false"}
{"level":"debug","ts":"2026-10-05T08:41:43.713Z","caller":"routed-eni-cni-plugin/cni.go:190","msg":"Connected to IPAMD via Unix socket: /var/run/aws-node/ipamd.sock"}
{"level":"error","ts":"2026-10-05T08:41:43.717Z","caller":"routed-eni-cni-plugin/cni.go:149","msg":"Failed to assign an IP address to container df9c9d7c54d0dcfa3bfbc8fbd79abde773d4d6af4e7ab203fc0c4c6772d7cdf9"}
{"level":"info","ts":"2026-10-05T08:41:43.745Z","caller":"routed-eni-cni-plugin/cni.go:131","msg":"Constructed new logger instance"}
{"level":"debug","ts":"2026-10-05T08:41:43.745Z","caller":"routed-eni-cni-plugin/cni.go:370","msg":"Prev Result: <nil>\n"}
{"level":"info","ts":"2026-10-05T08:41:43.745Z","caller":"routed-eni-cni-plugin/cni.go:370","msg":"Received CNI del request: ContainerID(97cea8af9da88ba7fba3df22888f2757ab2978a3bd70422b6c25b17856a8f816) Netns(/var/run/netns/cni-84bb3282-6b90-6ab4-64aa-55884f909405) IfName(eth0) Args(K8S_POD_INFRA_CONTAINER_ID=97cea8af9da88ba7fba3df22888f2757ab2978a3bd70422b6c25b17856a8f816;K8S_POD_UID=cd4aecc7-3371-4cf3-bd27-460a41c60184;IgnoreUnknown=1;K8S_POD_NAMESPACE=default;K8S_POD_NAME=pause-68d5b89fc-xv2r9) Path(/opt/cni/bin) argsStdinData({\"capabilities\":{\"io.kubernetes.cri.pod-annotations\":true},\"cniVersion\":\"0.4.0\",\"mtu\":\"9001\",\"name\":\"aws-cni\",\"pluginLogFile\":\"/var/log/aws-routed-eni/plugin.log\",\"pluginLogLevel\":\"DEBUG\",\"podSGEnforcingMode\":\"strict\",\"runtimeConfig\":{\"io.kubernetes.cri.pod-annotations\":{\"kubernetes.io/config.seen\":\"2026-10-05T08:41:28.462307198Z\",\"kubernetes.io/config.source\":\"api\"}},\"type\":\"aws-cni\",\"vethPrefix\":\"eni\"})"}
{"level":"debug","ts":"2026-10-05T08:41:43.745Z","caller":"routed-eni-cni-plugin/cni.go:407","msg":"Connected to IPAMD via Unix socket: /var/run/aws-node/ipamd.sock"}
{"level":"info","ts":"2026-10-05T08:41:43.747Z","caller":"routed-eni-cni-plugin/cni.go:370","msg":"Container 97cea8af9da88ba7fba3df22888f2757ab2978a3bd70422b6c25b17856a8f816 not found"}
{"level":"info","ts":"2026-10-05T08:41:43.762Z","caller":"routed-eni-cni-plugin/cni.go:131","msg":"Constructed new logger instance"}
{"level":"debug","ts":"2026-10-05T08:41:43.762Z","caller":"routed-eni-cni-plugin/cni.go:370","msg":"Prev Result: <nil>\n"}
{"level":"info","ts":"2026-10-05T08:41:43.762Z","caller":"routed-eni-cni-plugin/cni.go:370","msg":"Received CNI del request: ContainerID(df9c9d7c54d0dcfa3bfbc8fbd79abde773d4d6af4e7ab203fc0c4c6772d7cdf9) Netns(/var/run/netns/cni-bc406833-259f-ae8b-330e-f55d48876f47) IfName(eth0) Args(K8S_POD_INFRA_CONTAINER_ID=df9c9d7c54d0dcfa3bfbc8fbd79abde773d4d6af4e7ab203fc0c4c6772d7cdf9;K8S_POD_UID=080397ba-9aa0-4db1-b449-5fe2b0811692;IgnoreUnknown=1;K8S_POD_NAMESPACE=kube-system;K8S_POD_NAME=coredns-79f8dffc57-cv2lj) Path(/opt/cni/bin) argsStdinData({\"capabilities\":{\"io.kubernetes.cri.pod-annotations\":true},\"cniVersion\":\"0.4.0\",\"mtu\":\"9001\",\"name\":\"aws-cni\",\"pluginLogFile\":\"/var/log/aws-routed-eni/plugin.log\",\"pluginLogLevel\":\"DEBUG\",\"podSGEnforcingMode\":\"strict\",\"runtimeConfig\":{\"io.kubernetes.cri.pod-annotations\":{\"kubernetes.io/config.seen\":\"2026-10-05T08:38:36.188493894Z\",\"kubernetes.io/config.source\":\"api\"}},\"type\":\"aws-cni\",\"vethPrefix\":\"eni\"})"}
{"level":"debug","ts":"2026-10-05T08:41:43.763Z","caller":"routed-eni-cni-plugin/cni.go:407","msg":"Connected to IPAMD via Unix socket: /var/run/aws-node/ipamd.sock"}
{"level":"info","ts":"2026-10-05T08:41:43.764Z","caller":"routed-eni-cni-plugin/cni.go:370","msg":"Container df9c9d7c54d0dcfa3bfbc8fbd79abde773d4d6af4e7ab203fc0c4c6772d7cdf9 not found"}
{"level":"info","ts":"2026-10-05T08:41:50.692Z","caller":"routed-eni-cni-plugin/cni.go:131","msg":"Constructed new logger instance"}
{"level":"info","ts":"2026-10-05T08:41:50.692Z","caller":"routed-eni-cni-plugin/cni.go:149","msg":"Received CNI add request: ContainerID(89af5860ab2a846d0c308cb23dff0ed03159328fbd6386325bba57eea0508a8b) Netns(/var/run/netns/cni-f5cf041f-6564-0685-ab64-670b44de3178) IfName(eth0) Args(K8S_POD_NAME=coredns-79f8dffc57-fwslz;K8S_POD_INFRA_CONTAINER_ID=89af5860ab2a846d0c308cb23dff0ed03159328fbd6386325bba57eea0508a8b;K8S_POD_UID=ad241f1d-d89e-4886-8d30-e22384a0b925;IgnoreUnknown=1;K8S_POD_NAMESPACE=kube-system) Path(/opt/cni/bin) argsStdinData({\"capabilities\":{\"io.kubernetes.cri.pod-annotations\":true},\"cniVersion\":\"0.4.0\",\"mtu\":\"9001\",\"name\":\"aws-cni\",\"pluginLogFile\":\"/var/log/aws-routed-eni/plugin.log\",\"pluginLogLevel\":\"DEBUG\",\"podSGEnforcingMode\":\"strict\",\"runtimeConfig\":{\"io.kubernetes.cri.pod-annotations\":{\"kubernetes.io/config.seen\":\"2026-10-05T08:38:36.183906822Z\",\"kubernetes.io/config.source\":\"api\"}},\"type\":\"aws-cni\",\"vethPrefix\":\"eni\"})"}
{"level":"debug","ts":"2026-10-05T08:41:50.692Z","caller":"routed-eni-cni-plugin/cni.go:149","msg":"Prev Result: <nil>\n"}
{"level":"debug","ts":"2026-10-05T08:41:50.692Z","caller":"routed-eni-cni-plugin/cni.go:149","msg":"MTU value set is 9001:"}
{"level":"debug","ts":"2026-10-05T08:41:50.692Z","caller":"routed-eni-cni-plugin/cni.go:149","msg":"pod requires multi-nic attachment: false"}
{"level":"debug","ts":"2026-10-05T08:41:50.693Z","caller":"routed-eni-cni-plugin/cni.go:190","msg":"Connected to IPAMD via Unix socket: /var/run/aws-node/ipamd.sock"}
{"level":"error","ts":"2026-10-05T08:41:50.694Z","caller":"routed-eni-cni-plugin/cni.go:149","msg":"Failed to assign an IP address to container 89af5860ab2a846d0c308cb23dff0ed03159328fbd6386325bba57eea0508a8b"}
{"level":"info","ts":"2026-10-05T08:41:50.717Z","caller":"routed-eni-cni-plugin/cni.go:131","msg":"Constructed new logger instance"}
{"level":"debug","ts":"2026-10-05T08:41:50.717Z","caller":"routed-eni-cni-plugin/cni.go:370","msg":"Prev Result: <nil>\n"}
{"level":"info","ts":"2026-10-05T08:41:50.717Z","caller":"routed-eni-cni-plugin/cni.go:370","msg":"Received CNI del request: ContainerID(89af5860ab2a846d0c308cb23dff0ed03159328fbd6386325bba57eea0508a8b) Netns(/var/run/netns/cni-f5cf041f-6564-0685-ab64-670b44de3178) IfName(eth0) Args(K8S_POD_UID=ad241f1d-d89e-4886-8d30-e22384a0b925;IgnoreUnknown=1;K8S_POD_NAMESPACE=kube-system;K8S_POD_NAME=coredns-79f8dffc57-fwslz;K8S_POD_INFRA_CONTAINER_ID=89af5860ab2a846d0c308cb23dff0ed03159328fbd6386325bba57eea0508a8b) Path(/opt/cni/bin) argsStdinData({\"capabilities\":{\"io.kubernetes.cri.pod-annotations\":true},\"cniVersion\":\"0.4.0\",\"mtu\":\"9001\",\"name\":\"aws-cni\",\"pluginLogFile\":\"/var/log/aws-routed-eni/plugin.log\",\"pluginLogLevel\":\"DEBUG\",\"podSGEnforcingMode\":\"strict\",\"runtimeConfig\":{\"io.kubernetes.cri.pod-annotations\":{\"kubernetes.io/config.seen\":\"2026-10-05T08:38:36.183906822Z\",\"kubernetes.io/config.source\":\"api\"}},\"type\":\"aws-cni\",\"vethPrefix\":\"eni\"})"}
{"level":"debug","ts":"2026-10-05T08:41:50.718Z","caller":"routed-eni-cni-plugin/cni.go:407","msg":"Connected to IPAMD via Unix socket: /var/run/aws-node/ipamd.sock"}
{"level":"info","ts":"2026-10-05T08:41:50.719Z","caller":"routed-eni-cni-plugin/cni.go:370","msg":"Container 89af5860ab2a846d0c308cb23dff0ed03159328fbd6386325bba57eea0508a8b not found"}
{"level":"info","ts":"2026-10-05T08:41:55.707Z","caller":"routed-eni-cni-plugin/cni.go:131","msg":"Constructed new logger instance"}
{"level":"info","ts":"2026-10-05T08:41:55.707Z","caller":"routed-eni-cni-plugin/cni.go:149","msg":"Received CNI add request: ContainerID(25bcb6dc63314df0182abd3395a94d5e0f2f36020aee7166e643e6385f304b11) Netns(/var/run/netns/cni-88739a3d-8550-ce04-5929-a4be87fda8e9) IfName(eth0) Args(IgnoreUnknown=1;K8S_POD_NAMESPACE=default;K8S_POD_NAME=pause-68d5b89fc-xv2r9;K8S_POD_INFRA_CONTAINER_ID=25bcb6dc63314df0182abd3395a94d5e0f2f36020aee7166e643e6385f304b11;K8S_POD_UID=cd4aecc7-3371-4cf3-bd27-460a41c60184) Path(/opt/cni/bin) argsStdinData({\"capabilities\":{\"io.kubernetes.cri.pod-annotations\":true},\"cniVersion\":\"0.4.0\",\"mtu\":\"9001\",\"name\":\"aws-cni\",\"pluginLogFile\":\"/var/log/aws-routed-eni/plugin.log\",\"pluginLogLevel\":\"DEBUG\",\"podSGEnforcingMode\":\"strict\",\"runtimeConfig\":{\"io.kubernetes.cri.pod-annotations\":{\"kubernetes.io/config.seen\":\"2026-10-05T08:41:28.462307198Z\",\"kubernetes.io/config.source\":\"api\"}},\"type\":\"aws-cni\",\"vethPrefix\":\"eni\"})"}
{"level":"debug","ts":"2026-10-05T08:41:55.707Z","caller":"routed-eni-cni-plugin/cni.go:149","msg":"Prev Result: <nil>\n"}
{"level":"debug","ts":"2026-10-05T08:41:55.708Z","caller":"routed-eni-cni-plugin/cni.go:149","msg":"MTU value set is 9001:"}
{"level":"debug","ts":"2026-10-05T08:41:55.708Z","caller":"routed-eni-cni-plugin/cni.go:149","msg":"pod requires multi-nic attachment: false"}
{"level":"debug","ts":"2026-10-05T08:41:55.708Z","caller":"routed-eni-cni-plugin/cni.go:190","msg":"Connected to IPAMD via Unix socket: /var/run/aws-node/ipamd.sock"}
{"level":"error","ts":"2026-10-05T08:41:55.710Z","caller":"routed-eni-cni-plugin/cni.go:149","msg":"Failed to assign an IP address to container 25bcb6dc63314df0182abd3395a94d5e0f2f36020aee7166e643e6385f304b11"}
{"level":"info","ts":"2026-10-05T08:41:55.716Z","caller":"routed-eni-cni-plugin/cni.go:131","msg":"Constructed new logger instance"}
{"level":"info","ts":"2026-10-05T08:41:55.716Z","caller":"routed-eni-cni-plugin/cni.go:149","msg":"Received CNI add request: ContainerID(b30a7fe2b9bc98c10d132b552870394d1fc2f3199640593db757478e09e40a6f) Netns(/var/run/netns/cni-63944e62-1923-5053-2fd4-5775e3fb58b0) IfName(eth0) Args(K8S_POD_INFRA_CONTAINER_ID=b30a7fe2b9bc98c10d132b552870394d1fc2f3199640593db757478e09e40a6f;K8S_POD_UID=f1c84b49-6e57-471b-b275-0a0535a8e3e2;IgnoreUnknown=1;K8S_POD_NAMESPACE=default;K8S_POD_NAME=pause-68d5b89fc-kwqf6) Path(/opt/cni/bin) argsStdinData({\"capabilities\":{\"io.kubernetes.cri.pod-annotations\":true},\"cniVersion\":\"0.4.0\",\"mtu\":\"9001\",\"name\":\"aws-cni\",\"pluginLogFile\":\"/var/log/aws-routed-eni/plugin.log\",\"pluginLogLevel\":\"DEBUG\",\"podSGEnforcingMode\":\"strict\",\"runtimeConfig\":{\"io.kubernetes.cri.pod-annotations\":{\"kubernetes.io/config.seen\":\"2026-10-05T08:41:28.410101495Z\",\"kubernetes.io/config.source\":\"api\"}},\"type\":\"aws-cni\",\"vethPrefix\":\"eni\"})"}
{"level":"debug","ts":"2026-10-05T08:41:55.716Z","caller":"routed-eni-cni-plugin/cni.go:149","msg":"Prev Result: <nil>\n"}
{"level":"debug","ts":"2026-10-05T08:41:55.716Z","caller":"routed-eni-cni-plugin/cni.go:149","msg":"MTU value set is 9001:"}
{"level":"debug","ts":"2026-10-05T08:41:55.716Z","caller":"routed-eni-cni-plugin/cni.go:149","msg":"pod requires multi-nic attachment: false"}
{"level":"debug","ts":"2026-10-05T08:41:55.717Z","caller":"routed-eni-cni-plugin/cni.go:190","msg":"Connected to IPAMD via Unix socket: /var/run/aws-node/ipamd.sock"}
{"level":"error","ts":"2026-10-05T08:41:55.719Z","caller":"routed-eni-cni-plugin/cni.go:149","msg":"Failed to assign an IP address to container b30a7fe2b9bc98c10d132b552870394d1fc2f3199640593db757478e09e40a6f"}
{"level":"info","ts":"2026-10-05T08:41:55.747Z","caller":"routed-eni-cni-plugin/cni.go:131","msg":"Constructed new logger instance"}
{"level":"debug","ts":"2026-10-05T08:41:55.747Z","caller":"routed-eni-cni-plugin/cni.go:370","msg":"Prev Result: <nil>\n"}
{"level":"info","ts":"2026-10-05T08:41:55.747Z","caller":"routed-eni-cni-plugin/cni.go:370","msg":"Received CNI del request: ContainerID(25bcb6dc63314df0182abd3395a94d5e0f2f36020aee7166e643e6385f304b11) Netns(/var/run/netns/cni-88739a3d-8550-ce04-5929-a4be87fda8e9) IfName(eth0) Args(K8S_POD_INFRA_CONTAINER_ID=25bcb6dc63314df0182abd3395a94d5e0f2f36020aee7166e643e6385f304b11;K8S_POD_UID=cd4aecc7-3371-4cf3-bd27-460a41c60184;IgnoreUnknown=1;K8S_POD_NAMESPACE=default;K8S_POD_NAME=pause-68d5b89fc-xv2r9) Path(/opt/cni/bin) argsStdinData({\"capabilities\":{\"io.kubernetes.cri.pod-annotations\":true},\"cniVersion\":\"0.4.0\",\"mtu\":\"9001\",\"name\":\"aws-cni\",\"pluginLogFile\":\"/var/log/aws-routed-eni/plugin.log\",\"pluginLogLevel\":\"DEBUG\",\"podSGEnforcingMode\":\"strict\",\"runtimeConfig\":{\"io.kubernetes.cri.pod-annotations\":{\"kubernetes.io/config.seen\":\"2026-10-05T08:41:28.462307198Z\",\"kubernetes.io/config.source\":\"api\"}},\"type\":\"aws-cni\",\"vethPrefix\":\"eni\"})"}
{"level":"debug","ts":"2026-10-05T08:41:55.747Z","caller":"routed-eni-cni-plugin/cni.go:407","msg":"Connected to IPAMD via Unix socket: /var/run/aws-node/ipamd.sock"}
{"level":"info","ts":"2026-10-05T08:41:55.750Z","caller":"routed-eni-cni-plugin/cni.go:370","msg":"Container 25bcb6dc63314df0182abd3395a94d5e0f2f36020aee7166e643e6385f304b11 not found"}
{"level":"info","ts":"2026-10-05T08:41:55.758Z","caller":"routed-eni-cni-plugin/cni.go:131","msg":"Constructed new logger instance"}
{"level":"debug","ts":"2026-10-05T08:41:55.758Z","caller":"routed-eni-cni-plugin/cni.go:370","msg":"Prev Result: <nil>\n"}
{"level":"info","ts":"2026-10-05T08:41:55.758Z","caller":"routed-eni-cni-plugin/cni.go:370","msg":"Received CNI del request: ContainerID(b30a7fe2b9bc98c10d132b552870394d1fc2f3199640593db757478e09e40a6f) Netns(/var/run/netns/cni-63944e62-1923-5053-2fd4-5775e3fb58b0) IfName(eth0) Args(K8S_POD_NAMESPACE=default;K8S_POD_NAME=pause-68d5b89fc-kwqf6;K8S_POD_INFRA_CONTAINER_ID=b30a7fe2b9bc98c10d132b552870394d1fc2f3199640593db757478e09e40a6f;K8S_POD_UID=f1c84b49-6e57-471b-b275-0a0535a8e3e2;IgnoreUnknown=1) Path(/opt/cni/bin) argsStdinData({\"capabilities\":{\"io.kubernetes.cri.pod-annotations\":true},\"cniVersion\":\"0.4.0\",\"mtu\":\"9001\",\"name\":\"aws-cni\",\"pluginLogFile\":\"/var/log/aws-routed-eni/plugin.log\",\"pluginLogLevel\":\"DEBUG\",\"podSGEnforcingMode\":\"strict\",\"runtimeConfig\":{\"io.kubernetes.cri.pod-annotations\":{\"kubernetes.io/config.seen\":\"2026-10-05T08:41:28.410101495Z\",\"kubernetes.io/config.source\":\"api\"}},\"type\":\"aws-cni\",\"vethPrefix\":\"eni\"})"}
{"level":"debug","ts":"2026-10-05T08:41:55.758Z","caller":"routed-eni-cni-plugin/cni.go:407","msg":"Connected to IPAMD via Unix socket: /var/run/aws-node/ipamd.sock"}
{"level":"info","ts":"2026-10-05T08:41:55.760Z","caller":"routed-eni-cni-plugin/cni.go:370","msg":"Container b30a7fe2b9bc98c10d132b552870394d1fc2f3199640593db757478e09e40a6f not found"}
{"level":"info","ts":"2026-10-05T08:41:56.698Z","caller":"routed-eni-cni-plugin/cni.go:131","msg":"Constructed new logger instance"}
{"level":"info","ts":"2026-10-05T08:41:56.698Z","caller":"routed-eni-cni-plugin/cni.go:149","msg":"Received CNI add request: ContainerID(e473ae5844133bd79f17ab4e88f60319d12b919980dc0095302e3a579b51723c) Netns(/var/run/netns/cni-9221efe8-a693-5002-27f1-bc6751326602) IfName(eth0) Args(K8S_POD_NAMESPACE=kube-system;K8S_POD_NAME=coredns-79f8dffc57-cv2lj;K8S_POD_INFRA_CONTAINER_ID=e473ae5844133bd79f17ab4e88f60319d12b919980dc0095302e3a579b51723c;K8S_POD_UID=080397ba-9aa0-4db1-b449-5fe2b0811692;IgnoreUnknown=1) Path(/opt/cni/bin) argsStdinData({\"capabilities\":{\"io.kubernetes.cri.pod-annotations\":true},\"cniVersion\":\"0.4.0\",\"mtu\":\"9001\",\"name\":\"aws-cni\",\"pluginLogFile\":\"/var/log/aws-routed-eni/plugin.log\",\"pluginLogLevel\":\"DEBUG\",\"podSGEnforcingMode\":\"strict\",\"runtimeConfig\":{\"io.kubernetes.cri.pod-annotations\":{\"kubernetes.io/config.seen\":\"2026-10-05T08:38:36.188493894Z\",\"kubernetes.io/config.source\":\"api\"}},\"type\":\"aws-cni\",\"vethPrefix\":\"eni\"})"}
{"level":"debug","ts":"2026-10-05T08:41:56.698Z","caller":"routed-eni-cni-plugin/cni.go:149","msg":"Prev Result: <nil>\n"}
{"level":"debug","ts":"2026-10-05T08:41:56.698Z","caller":"routed-eni-cni-plugin/cni.go:149","msg":"MTU value set is 9001:"}
{"level":"debug","ts":"2026-10-05T08:41:56.698Z","caller":"routed-eni-cni-plugin/cni.go:149","msg":"pod requires multi-nic attachment: false"}
{"level":"debug","ts":"2026-10-05T08:41:56.699Z","caller":"routed-eni-cni-plugin/cni.go:190","msg":"Connected to IPAMD via Unix socket: /var/run/aws-node/ipamd.sock"}
{"level":"error","ts":"2026-10-05T08:41:56.700Z","caller":"routed-eni-cni-plugin/cni.go:149","msg":"Failed to assign an IP address to container e473ae5844133bd79f17ab4e88f60319d12b919980dc0095302e3a579b51723c"}
{"level":"info","ts":"2026-10-05T08:41:56.724Z","caller":"routed-eni-cni-plugin/cni.go:131","msg":"Constructed new logger instance"}
{"level":"debug","ts":"2026-10-05T08:41:56.724Z","caller":"routed-eni-cni-plugin/cni.go:370","msg":"Prev Result: <nil>\n"}
{"level":"info","ts":"2026-10-05T08:41:56.724Z","caller":"routed-eni-cni-plugin/cni.go:370","msg":"Received CNI del request: ContainerID(e473ae5844133bd79f17ab4e88f60319d12b919980dc0095302e3a579b51723c) Netns(/var/run/netns/cni-9221efe8-a693-5002-27f1-bc6751326602) IfName(eth0) Args(K8S_POD_NAME=coredns-79f8dffc57-cv2lj;K8S_POD_INFRA_CONTAINER_ID=e473ae5844133bd79f17ab4e88f60319d12b919980dc0095302e3a579b51723c;K8S_POD_UID=080397ba-9aa0-4db1-b449-5fe2b0811692;IgnoreUnknown=1;K8S_POD_NAMESPACE=kube-system) Path(/opt/cni/bin) argsStdinData({\"capabilities\":{\"io.kubernetes.cri.pod-annotations\":true},\"cniVersion\":\"0.4.0\",\"mtu\":\"9001\",\"name\":\"aws-cni\",\"pluginLogFile\":\"/var/log/aws-routed-eni/plugin.log\",\"pluginLogLevel\":\"DEBUG\",\"podSGEnforcingMode\":\"strict\",\"runtimeConfig\":{\"io.kubernetes.cri.pod-annotations\":{\"kubernetes.io/config.seen\":\"2026-10-05T08:38:36.188493894Z\",\"kubernetes.io/config.source\":\"api\"}},\"type\":\"aws-cni\",\"vethPrefix\":\"eni\"})"}
{"level":"debug","ts":"2026-10-05T08:41:56.725Z","caller":"routed-eni-cni-plugin/cni.go:407","msg":"Connected to IPAMD via Unix socket: /var/run/aws-node/ipamd.sock"}
{"level":"info","ts":"2026-10-05T08:41:56.726Z","caller":"routed-eni-cni-plugin/cni.go:370","msg":"Container e473ae5844133bd79f17ab4e88f60319d12b919980dc0095302e3a579b51723c not found"}
{"level":"info","ts":"2026-10-05T08:42:01.713Z","caller":"routed-eni-cni-plugin/cni.go:131","msg":"Constructed new logger instance"}
{"level":"info","ts":"2026-10-05T08:42:01.713Z","caller":"routed-eni-cni-plugin/cni.go:149","msg":"Received CNI add request: ContainerID(5f0b212f3772a124303f004f79e9b453c7f3e1e93929230e265ad2ffd8f28f9b) Netns(/var/run/netns/cni-5e398e0e-25c3-dae7-3b3c-d0f3feebaf4f) IfName(eth0) Args(K8S_POD_UID=ad241f1d-d89e-4886-8d30-e22384a0b925;IgnoreUnknown=1;K8S_POD_NAMESPACE=kube-system;K8S_POD_NAME=coredns-79f8dffc57-fwslz;K8S_POD_INFRA_CONTAINER_ID=5f0b212f3772a124303f004f79e9b453c7f3e1e93929230e265ad2ffd8f28f9b) Path(/opt/cni/bin) argsStdinData({\"capabilities\":{\"io.kubernetes.cri.pod-annotations\":true},\"cniVersion\":\"0.4.0\",\"mtu\":\"9001\",\"name\":\"aws-cni\",\"pluginLogFile\":\"/var/log/aws-routed-eni/plugin.log\",\"pluginLogLevel\":\"DEBUG\",\"podSGEnforcingMode\":\"strict\",\"runtimeConfig\":{\"io.kubernetes.cri.pod-annotations\":{\"kubernetes.io/config.seen\":\"2026-10-05T08:38:36.183906822Z\",\"kubernetes.io/config.source\":\"api\"}},\"type\":\"aws-cni\",\"vethPrefix\":\"eni\"})"}
{"level":"debug","ts":"2026-10-05T08:42:01.713Z","caller":"routed-eni-cni-plugin/cni.go:149","msg":"Prev Result: <nil>\n"}
{"level":"debug","ts":"2026-10-05T08:42:01.713Z","caller":"routed-eni-cni-plugin/cni.go:149","msg":"MTU value set is 9001:"}
{"level":"debug","ts":"2026-10-05T08:42:01.713Z","caller":"routed-eni-cni-plugin/cni.go:149","msg":"pod requires multi-nic attachment: false"}
{"level":"debug","ts":"2026-10-05T08:42:01.714Z","caller":"routed-eni-cni-plugin/cni.go:190","msg":"Connected to IPAMD via Unix socket: /var/run/aws-node/ipamd.sock"}
{"level":"error","ts":"2026-10-05T08:42:01.715Z","caller":"routed-eni-cni-plugin/cni.go:149","msg":"Failed to assign an IP address to container 5f0b212f3772a124303f004f79e9b453c7f3e1e93929230e265ad2ffd8f28f9b"}
{"level":"info","ts":"2026-10-05T08:42:01.744Z","caller":"routed-eni-cni-plugin/cni.go:131","msg":"Constructed new logger instance"}
{"level":"debug","ts":"2026-10-05T08:42:01.744Z","caller":"routed-eni-cni-plugin/cni.go:370","msg":"Prev Result: <nil>\n"}
{"level":"info","ts":"2026-10-05T08:42:01.744Z","caller":"routed-eni-cni-plugin/cni.go:370","msg":"Received CNI del request: ContainerID(5f0b212f3772a124303f004f79e9b453c7f3e1e93929230e265ad2ffd8f28f9b) Netns(/var/run/netns/cni-5e398e0e-25c3-dae7-3b3c-d0f3feebaf4f) IfName(eth0) Args(IgnoreUnknown=1;K8S_POD_NAMESPACE=kube-system;K8S_POD_NAME=coredns-79f8dffc57-fwslz;K8S_POD_INFRA_CONTAINER_ID=5f0b212f3772a124303f004f79e9b453c7f3e1e93929230e265ad2ffd8f28f9b;K8S_POD_UID=ad241f1d-d89e-4886-8d30-e22384a0b925) Path(/opt/cni/bin) argsStdinData({\"capabilities\":{\"io.kubernetes.cri.pod-annotations\":true},\"cniVersion\":\"0.4.0\",\"mtu\":\"9001\",\"name\":\"aws-cni\",\"pluginLogFile\":\"/var/log/aws-routed-eni/plugin.log\",\"pluginLogLevel\":\"DEBUG\",\"podSGEnforcingMode\":\"strict\",\"runtimeConfig\":{\"io.kubernetes.cri.pod-annotations\":{\"kubernetes.io/config.seen\":\"2026-10-05T08:38:36.183906822Z\",\"kubernetes.io/config.source\":\"api\"}},\"type\":\"aws-cni\",\"vethPrefix\":\"eni\"})"}
{"level":"debug","ts":"2026-10-05T08:42:01.745Z","caller":"routed-eni-cni-plugin/cni.go:407","msg":"Connected to IPAMD via Unix socket: /var/run/aws-node/ipamd.sock"}
{"level":"info","ts":"2026-10-05T08:42:01.746Z","caller":"routed-eni-cni-plugin/cni.go:370","msg":"Container 5f0b212f3772a124303f004f79e9b453c7f3e1e93929230e265ad2ffd8f28f9b not found"}
{"level":"info","ts":"2026-10-05T08:42:06.694Z","caller":"routed-eni-cni-plugin/cni.go:131","msg":"Constructed new logger instance"}
{"level":"info","ts":"2026-10-05T08:42:06.694Z","caller":"routed-eni-cni-plugin/cni.go:149","msg":"Received CNI add request: ContainerID(eeee5030ca30963924b449d51b89f2e43bab5e3f4e99ef6df5d2be070c380c75) Netns(/var/run/netns/cni-e428acdf-41c9-aeb9-9d09-5a6523d3fbac) IfName(eth0) Args(K8S_POD_NAMESPACE=default;K8S_POD_NAME=pause-68d5b89fc-kwqf6;K8S_POD_INFRA_CONTAINER_ID=eeee5030ca30963924b449d51b89f2e43bab5e3f4e99ef6df5d2be070c380c75;K8S_POD_UID=f1c84b49-6e57-471b-b275-0a0535a8e3e2;IgnoreUnknown=1) Path(/opt/cni/bin) argsStdinData({\"capabilities\":{\"io.kubernetes.cri.pod-annotations\":true},\"cniVersion\":\"0.4.0\",\"mtu\":\"9001\",\"name\":\"aws-cni\",\"pluginLogFile\":\"/var/log/aws-routed-eni/plugin.log\",\"pluginLogLevel\":\"DEBUG\",\"podSGEnforcingMode\":\"strict\",\"runtimeConfig\":{\"io.kubernetes.cri.pod-annotations\":{\"kubernetes.io/config.seen\":\"2026-10-05T08:41:28.410101495Z\",\"kubernetes.io/config.source\":\"api\"}},\"type\":\"aws-cni\",\"vethPrefix\":\"eni\"})"}
{"level":"debug","ts":"2026-10-05T08:42:06.695Z","caller":"routed-eni-cni-plugin/cni.go:149","msg":"Prev Result: <nil>\n"}
{"level":"debug","ts":"2026-10-05T08:42:06.695Z","caller":"routed-eni-cni-plugin/cni.go:149","msg":"MTU value set is 9001:"}
{"level":"debug","ts":"2026-10-05T08:42:06.695Z","caller":"routed-eni-cni-plugin/cni.go:149","msg":"pod requires multi-nic attachment: false"}
{"level":"debug","ts":"2026-10-05T08:42:06.695Z","caller":"routed-eni-cni-plugin/cni.go:190","msg":"Connected to IPAMD via Unix socket: /var/run/aws-node/ipamd.sock"}
{"level":"error","ts":"2026-10-05T08:42:06.696Z","caller":"routed-eni-cni-plugin/cni.go:149","msg":"Failed to assign an IP address to container eeee5030ca30963924b449d51b89f2e43bab5e3f4e99ef6df5d2be070c380c75"}
{"level":"info","ts":"2026-10-05T08:42:06.718Z","caller":"routed-eni-cni-plugin/cni.go:131","msg":"Constructed new logger instance"}
{"level":"debug","ts":"2026-10-05T08:42:06.718Z","caller":"routed-eni-cni-plugin/cni.go:370","msg":"Prev Result: <nil>\n"}
{"level":"info","ts":"2026-10-05T08:42:06.718Z","caller":"routed-eni-cni-plugin/cni.go:370","msg":"Received CNI del request: ContainerID(eeee5030ca30963924b449d51b89f2e43bab5e3f4e99ef6df5d2be070c380c75) Netns(/var/run/netns/cni-e428acdf-41c9-aeb9-9d09-5a6523d3fbac) IfName(eth0) Args(IgnoreUnknown=1;K8S_POD_NAMESPACE=default;K8S_POD_NAME=pause-68d5b89fc-kwqf6;K8S_POD_INFRA_CONTAINER_ID=eeee5030ca30963924b449d51b89f2e43bab5e3f4e99ef6df5d2be070c380c75;K8S_POD_UID=f1c84b49-6e57-471b-b275-0a0535a8e3e2) Path(/opt/cni/bin) argsStdinData({\"capabilities\":{\"io.kubernetes.cri.pod-annotations\":true},\"cniVersion\":\"0.4.0\",\"mtu\":\"9001\",\"name\":\"aws-cni\",\"pluginLogFile\":\"/var/log/aws-routed-eni/plugin.log\",\"pluginLogLevel\":\"DEBUG\",\"podSGEnforcingMode\":\"strict\",\"runtimeConfig\":{\"io.kubernetes.cri.pod-annotations\":{\"kubernetes.io/config.seen\":\"2026-10-05T08:41:28.410101495Z\",\"kubernetes.io/config.source\":\"api\"}},\"type\":\"aws-cni\",\"vethPrefix\":\"eni\"})"}
{"level":"debug","ts":"2026-10-05T08:42:06.718Z","caller":"routed-eni-cni-plugin/cni.go:407","msg":"Connected to IPAMD via Unix socket: /var/run/aws-node/ipamd.sock"}
{"level":"info","ts":"2026-10-05T08:42:06.720Z","caller":"routed-eni-cni-plugin/cni.go:370","msg":"Container eeee5030ca30963924b449d51b89f2e43bab5e3f4e99ef6df5d2be070c380c75 not found"}
{"level":"info","ts":"2026-10-05T08:42:07.694Z","caller":"routed-eni-cni-plugin/cni.go:131","msg":"Constructed new logger instance"}
{"level":"info","ts":"2026-10-05T08:42:07.694Z","caller":"routed-eni-cni-plugin/cni.go:149","msg":"Received CNI add request: ContainerID(ba817eb3ed509fbbec90cad54090d74dffd6f0f9d6c0fff95f7d5a2eeaa912f2) Netns(/var/run/netns/cni-fcd5ca9f-6f62-432d-9fb4-6d6b27fa83c2) IfName(eth0) Args(K8S_POD_NAME=coredns-79f8dffc57-cv2lj;K8S_POD_INFRA_CONTAINER_ID=ba817eb3ed509fbbec90cad54090d74dffd6f0f9d6c0fff95f7d5a2eeaa912f2;K8S_POD_UID=080397ba-9aa0-4db1-b449-5fe2b0811692;IgnoreUnknown=1;K8S_POD_NAMESPACE=kube-system) Path(/opt/cni/bin) argsStdinData({\"capabilities\":{\"io.kubernetes.cri.pod-annotations\":true},\"cniVersion\":\"0.4.0\",\"mtu\":\"9001\",\"name\":\"aws-cni\",\"pluginLogFile\":\"/var/log/aws-routed-eni/plugin.log\",\"pluginLogLevel\":\"DEBUG\",\"podSGEnforcingMode\":\"strict\",\"runtimeConfig\":{\"io.kubernetes.cri.pod-annotations\":{\"kubernetes.io/config.seen\":\"2026-10-05T08:38:36.188493894Z\",\"kubernetes.io/config.source\":\"api\"}},\"type\":\"aws-cni\",\"vethPrefix\":\"eni\"})"}
{"level":"debug","ts":"2026-10-05T08:42:07.694Z","caller":"routed-eni-cni-plugin/cni.go:149","msg":"Prev Result: <nil>\n"}
{"level":"debug","ts":"2026-10-05T08:42:07.694Z","caller":"routed-eni-cni-plugin/cni.go:149","msg":"MTU value set is 9001:"}
{"level":"debug","ts":"2026-10-05T08:42:07.694Z","caller":"routed-eni-cni-plugin/cni.go:149","msg":"pod requires multi-nic attachment: false"}
{"level":"debug","ts":"2026-10-05T08:42:07.695Z","caller":"routed-eni-cni-plugin/cni.go:190","msg":"Connected to IPAMD via Unix socket: /var/run/aws-node/ipamd.sock"}
{"level":"error","ts":"2026-10-05T08:42:07.696Z","caller":"routed-eni-cni-plugin/cni.go:149","msg":"Failed to assign an IP address to container ba817eb3ed509fbbec90cad54090d74dffd6f0f9d6c0fff95f7d5a2eeaa912f2"}
{"level":"info","ts":"2026-10-05T08:42:07.719Z","caller":"routed-eni-cni-plugin/cni.go:131","msg":"Constructed new logger instance"}
{"level":"debug","ts":"2026-10-05T08:42:07.719Z","caller":"routed-eni-cni-plugin/cni.go:370","msg":"Prev Result: <nil>\n"}
{"level":"info","ts":"2026-10-05T08:42:07.719Z","caller":"routed-eni-cni-plugin/cni.go:370","msg":"Received CNI del request: ContainerID(ba817eb3ed509fbbec90cad54090d74dffd6f0f9d6c0fff95f7d5a2eeaa912f2) Netns(/var/run/netns/cni-fcd5ca9f-6f62-432d-9fb4-6d6b27fa83c2) IfName(eth0) Args(IgnoreUnknown=1;K8S_POD_NAMESPACE=kube-system;K8S_POD_NAME=coredns-79f8dffc57-cv2lj;K8S_POD_INFRA_CONTAINER_ID=ba817eb3ed509fbbec90cad54090d74dffd6f0f9d6c0fff95f7d5a2eeaa912f2;K8S_POD_UID=080397ba-9aa0-4db1-b449-5fe2b0811692) Path(/opt/cni/bin) argsStdinData({\"capabilities\":{\"io.kubernetes.cri.pod-annotations\":true},\"cniVersion\":\"0.4.0\",\"mtu\":\"9001\",\"name\":\"aws-cni\",\"pluginLogFile\":\"/var/log/aws-routed-eni/plugin.log\",\"pluginLogLevel\":\"DEBUG\",\"podSGEnforcingMode\":\"strict\",\"runtimeConfig\":{\"io.kubernetes.cri.pod-annotations\":{\"kubernetes.io/config.seen\":\"2026-10-05T08:38:36.188493894Z\",\"kubernetes.io/config.source\":\"api\"}},\"type\":\"aws-cni\",\"vethPrefix\":\"eni\"})"}
{"level":"debug","ts":"2026-10-05T08:42:07.719Z","caller":"routed-eni-cni-plugin/cni.go:407","msg":"Connected to IPAMD via Unix socket: /var/run/aws-node/ipamd.sock"}
{"level":"info","ts":"2026-10-05T08:42:07.720Z","caller":"routed-eni-cni-plugin/cni.go:370","msg":"Container ba817eb3ed509fbbec90cad54090d74dffd6f0f9d6c0fff95f7d5a2eeaa912f2 not found"}
{"level":"info","ts":"2026-10-05T08:42:10.695Z","caller":"routed-eni-cni-plugin/cni.go:131","msg":"Constructed new logger instance"}
{"level":"info","ts":"2026-10-05T08:42:10.695Z","caller":"routed-eni-cni-plugin/cni.go:149","msg":"Received CNI add request: ContainerID(a9a00af1751ef6476e6dc013d1425eb739082dfee796420197ee6149646c2b12) Netns(/var/run/netns/cni-d267357e-0f7b-dd4a-1d10-ac8f7ed655e7) IfName(eth0) Args(K8S_POD_NAMESPACE=default;K8S_POD_NAME=pause-68d5b89fc-xv2r9;K8S_POD_INFRA_CONTAINER_ID=a9a00af1751ef6476e6dc013d1425eb739082dfee796420197ee6149646c2b12;K8S_POD_UID=cd4aecc7-3371-4cf3-bd27-460a41c60184;IgnoreUnknown=1) Path(/opt/cni/bin) argsStdinData({\"capabilities\":{\"io.kubernetes.cri.pod-annotations\":true},\"cniVersion\":\"0.4.0\",\"mtu\":\"9001\",\"name\":\"aws-cni\",\"pluginLogFile\":\"/var/log/aws-routed-eni/plugin.log\",\"pluginLogLevel\":\"DEBUG\",\"podSGEnforcingMode\":\"strict\",\"runtimeConfig\":{\"io.kubernetes.cri.pod-annotations\":{\"kubernetes.io/config.seen\":\"2026-10-05T08:41:28.462307198Z\",\"kubernetes.io/config.source\":\"api\"}},\"type\":\"aws-cni\",\"vethPrefix\":\"eni\"})"}
{"level":"debug","ts":"2026-10-05T08:42:10.695Z","caller":"routed-eni-cni-plugin/cni.go:149","msg":"Prev Result: <nil>\n"}
{"level":"debug","ts":"2026-10-05T08:42:10.695Z","caller":"routed-eni-cni-plugin/cni.go:149","msg":"MTU value set is 9001:"}
{"level":"debug","ts":"2026-10-05T08:42:10.695Z","caller":"routed-eni-cni-plugin/cni.go:149","msg":"pod requires multi-nic attachment: false"}
{"level":"debug","ts":"2026-10-05T08:42:10.695Z","caller":"routed-eni-cni-plugin/cni.go:190","msg":"Connected to IPAMD via Unix socket: /var/run/aws-node/ipamd.sock"}
{"level":"error","ts":"2026-10-05T08:42:10.696Z","caller":"routed-eni-cni-plugin/cni.go:149","msg":"Failed to assign an IP address to container a9a00af1751ef6476e6dc013d1425eb739082dfee796420197ee6149646c2b12"}
{"level":"info","ts":"2026-10-05T08:42:10.718Z","caller":"routed-eni-cni-plugin/cni.go:131","msg":"Constructed new logger instance"}
{"level":"debug","ts":"2026-10-05T08:42:10.718Z","caller":"routed-eni-cni-plugin/cni.go:370","msg":"Prev Result: <nil>\n"}
{"level":"info","ts":"2026-10-05T08:42:10.718Z","caller":"routed-eni-cni-plugin/cni.go:370","msg":"Received CNI del request: ContainerID(a9a00af1751ef6476e6dc013d1425eb739082dfee796420197ee6149646c2b12) Netns(/var/run/netns/cni-d267357e-0f7b-dd4a-1d10-ac8f7ed655e7) IfName(eth0) Args(K8S_POD_INFRA_CONTAINER_ID=a9a00af1751ef6476e6dc013d1425eb739082dfee796420197ee6149646c2b12;K8S_POD_UID=cd4aecc7-3371-4cf3-bd27-460a41c60184;IgnoreUnknown=1;K8S_POD_NAMESPACE=default;K8S_POD_NAME=pause-68d5b89fc-xv2r9) Path(/opt/cni/bin) argsStdinData({\"capabilities\":{\"io.kubernetes.cri.pod-annotations\":true},\"cniVersion\":\"0.4.0\",\"mtu\":\"9001\",\"name\":\"aws-cni\",\"pluginLogFile\":\"/var/log/aws-routed-eni/plugin.log\",\"pluginLogLevel\":\"DEBUG\",\"podSGEnforcingMode\":\"strict\",\"runtimeConfig\":{\"io.kubernetes.cri.pod-annotations\":{\"kubernetes.io/config.seen\":\"2026-10-05T08:41:28.462307198Z\",\"kubernetes.io/config.source\":\"api\"}},\"type\":\"aws-cni\",\"vethPrefix\":\"eni\"})"}
{"level":"debug","ts":"2026-10-05T08:42:10.719Z","caller":"routed-eni-cni-plugin/cni.go:407","msg":"Connected to IPAMD via Unix socket: /var/run/aws-node/ipamd.sock"}
{"level":"info","ts":"2026-10-05T08:42:10.720Z","caller":"routed-eni-cni-plugin/cni.go:370","msg":"Container a9a00af1751ef6476e6dc013d1425eb739082dfee796420197ee6149646c2b12 not found"}
{"level":"info","ts":"2026-10-05T08:42:16.695Z","caller":"routed-eni-cni-plugin/cni.go:131","msg":"Constructed new logger instance"}
{"level":"info","ts":"2026-10-05T08:42:16.695Z","caller":"routed-eni-cni-plugin/cni.go:149","msg":"Received CNI add request: ContainerID(54cc6ff59878cf8eb90c646035290ad21398abdca52833c928ceb63d0971770a) Netns(/var/run/netns/cni-a2c245da-d5e8-c7b3-ef5c-8b743a692879) IfName(eth0) Args(IgnoreUnknown=1;K8S_POD_NAMESPACE=kube-system;K8S_POD_NAME=coredns-79f8dffc57-fwslz;K8S_POD_INFRA_CONTAINER_ID=54cc6ff59878cf8eb90c646035290ad21398abdca52833c928ceb63d0971770a;K8S_POD_UID=ad241f1d-d89e-4886-8d30-e22384a0b925) Path(/opt/cni/bin) argsStdinData({\"capabilities\":{\"io.kubernetes.cri.pod-annotations\":true},\"cniVersion\":\"0.4.0\",\"mtu\":\"9001\",\"name\":\"aws-cni\",\"pluginLogFile\":\"/var/log/aws-routed-eni/plugin.log\",\"pluginLogLevel\":\"DEBUG\",\"podSGEnforcingMode\":\"strict\",\"runtimeConfig\":{\"io.kubernetes.cri.pod-annotations\":{\"kubernetes.io/config.seen\":\"2026-10-05T08:38:36.183906822Z\",\"kubernetes.io/config.source\":\"api\"}},\"type\":\"aws-cni\",\"vethPrefix\":\"eni\"})"}
{"level":"debug","ts":"2026-10-05T08:42:16.695Z","caller":"routed-eni-cni-plugin/cni.go:149","msg":"Prev Result: <nil>\n"}
{"level":"debug","ts":"2026-10-05T08:42:16.695Z","caller":"routed-eni-cni-plugin/cni.go:149","msg":"MTU value set is 9001:"}
{"level":"debug","ts":"2026-10-05T08:42:16.695Z","caller":"routed-eni-cni-plugin/cni.go:149","msg":"pod requires multi-nic attachment: false"}
{"level":"debug","ts":"2026-10-05T08:42:16.696Z","caller":"routed-eni-cni-plugin/cni.go:190","msg":"Connected to IPAMD via Unix socket: /var/run/aws-node/ipamd.sock"}
{"level":"error","ts":"2026-10-05T08:42:16.698Z","caller":"routed-eni-cni-plugin/cni.go:149","msg":"Failed to assign an IP address to container 54cc6ff59878cf8eb90c646035290ad21398abdca52833c928ceb63d0971770a"}
{"level":"info","ts":"2026-10-05T08:42:16.721Z","caller":"routed-eni-cni-plugin/cni.go:131","msg":"Constructed new logger instance"}
{"level":"debug","ts":"2026-10-05T08:42:16.721Z","caller":"routed-eni-cni-plugin/cni.go:370","msg":"Prev Result: <nil>\n"}
{"level":"info","ts":"2026-10-05T08:42:16.721Z","caller":"routed-eni-cni-plugin/cni.go:370","msg":"Received CNI del request: ContainerID(54cc6ff59878cf8eb90c646035290ad21398abdca52833c928ceb63d0971770a) Netns(/var/run/netns/cni-a2c245da-d5e8-c7b3-ef5c-8b743a692879) IfName(eth0) Args(K8S_POD_NAME=coredns-79f8dffc57-fwslz;K8S_POD_INFRA_CONTAINER_ID=54cc6ff59878cf8eb90c646035290ad21398abdca52833c928ceb63d0971770a;K8S_POD_UID=ad241f1d-d89e-4886-8d30-e22384a0b925;IgnoreUnknown=1;K8S_POD_NAMESPACE=kube-system) Path(/opt/cni/bin) argsStdinData({\"capabilities\":{\"io.kubernetes.cri.pod-annotations\":true},\"cniVersion\":\"0.4.0\",\"mtu\":\"9001\",\"name\":\"aws-cni\",\"pluginLogFile\":\"/var/log/aws-routed-eni/plugin.log\",\"pluginLogLevel\":\"DEBUG\",\"podSGEnforcingMode\":\"strict\",\"runtimeConfig\":{\"io.kubernetes.cri.pod-annotations\":{\"kubernetes.io/config.seen\":\"2026-10-05T08:38:36.183906822Z\",\"kubernetes.io/config.source\":\"api\"}},\"type\":\"aws-cni\",\"vethPrefix\":\"eni\"})"}
{"level":"debug","ts":"2026-10-05T08:42:16.721Z","caller":"routed-eni-cni-plugin/cni.go:407","msg":"Connected to IPAMD via Unix socket: /var/run/aws-node/ipamd.sock"}
{"level":"info","ts":"2026-10-05T08:42:16.722Z","caller":"routed-eni-cni-plugin/cni.go:370","msg":"Container 54cc6ff59878cf8eb90c646035290ad21398abdca52833c928ceb63d0971770a not found"}
{"level":"info","ts":"2026-10-05T08:42:18.695Z","caller":"routed-eni-cni-plugin/cni.go:131","msg":"Constructed new logger instance"}
{"level":"info","ts":"2026-10-05T08:42:18.695Z","caller":"routed-eni-cni-plugin/cni.go:149","msg":"Received CNI add request: ContainerID(f35b9a36b7f7ce142a5e38e983b512fc573d90fcfe47ca46351b2044212bfcf6) Netns(/var/run/netns/cni-aed81d8d-844e-05cd-3528-0b35ec3a445c) IfName(eth0) Args(K8S_POD_NAME=coredns-79f8dffc57-cv2lj;K8S_POD_INFRA_CONTAINER_ID=f35b9a36b7f7ce142a5e38e983b512fc573d90fcfe47ca46351b2044212bfcf6;K8S_POD_UID=080397ba-9aa0-4db1-b449-5fe2b0811692;IgnoreUnknown=1;K8S_POD_NAMESPACE=kube-system) Path(/opt/cni/bin) argsStdinData({\"capabilities\":{\"io.kubernetes.cri.pod-annotations\":true},\"cniVersion\":\"0.4.0\",\"mtu\":\"9001\",\"name\":\"aws-cni\",\"pluginLogFile\":\"/var/log/aws-routed-eni/plugin.log\",\"pluginLogLevel\":\"DEBUG\",\"podSGEnforcingMode\":\"strict\",\"runtimeConfig\":{\"io.kubernetes.cri.pod-annotations\":{\"kubernetes.io/config.seen\":\"2026-10-05T08:38:36.188493894Z\",\"kubernetes.io/config.source\":\"api\"}},\"type\":\"aws-cni\",\"vethPrefix\":\"eni\"})"}
{"level":"debug","ts":"2026-10-05T08:42:18.695Z","caller":"routed-eni-cni-plugin/cni.go:149","msg":"Prev Result: <nil>\n"}
{"level":"debug","ts":"2026-10-05T08:42:18.695Z","caller":"routed-eni-cni-plugin/cni.go:149","msg":"MTU value set is 9001:"}
{"level":"debug","ts":"2026-10-05T08:42:18.695Z","caller":"routed-eni-cni-plugin/cni.go:149","msg":"pod requires multi-nic attachment: false"}
{"level":"debug","ts":"2026-10-05T08:42:18.696Z","caller":"routed-eni-cni-plugin/cni.go:190","msg":"Connected to IPAMD via Unix socket: /var/run/aws-node/ipamd.sock"}
{"level":"error","ts":"2026-10-05T08:42:18.697Z","caller":"routed-eni-cni-plugin/cni.go:149","msg":"Failed to assign an IP address to container f35b9a36b7f7ce142a5e38e983b512fc573d90fcfe47ca46351b2044212bfcf6"}
{"level":"info","ts":"2026-10-05T08:42:18.720Z","caller":"routed-eni-cni-plugin/cni.go:131","msg":"Constructed new logger instance"}
{"level":"debug","ts":"2026-10-05T08:42:18.720Z","caller":"routed-eni-cni-plugin/cni.go:370","msg":"Prev Result: <nil>\n"}
{"level":"info","ts":"2026-10-05T08:42:18.720Z","caller":"routed-eni-cni-plugin/cni.go:370","msg":"Received CNI del request: ContainerID(f35b9a36b7f7ce142a5e38e983b512fc573d90fcfe47ca46351b2044212bfcf6) Netns(/var/run/netns/cni-aed81d8d-844e-05cd-3528-0b35ec3a445c) IfName(eth0) Args(K8S_POD_NAMESPACE=kube-system;K8S_POD_NAME=coredns-79f8dffc57-cv2lj;K8S_POD_INFRA_CONTAINER_ID=f35b9a36b7f7ce142a5e38e983b512fc573d90fcfe47ca46351b2044212bfcf6;K8S_POD_UID=080397ba-9aa0-4db1-b449-5fe2b0811692;IgnoreUnknown=1) Path(/opt/cni/bin) argsStdinData({\"capabilities\":{\"io.kubernetes.cri.pod-annotations\":true},\"cniVersion\":\"0.4.0\",\"mtu\":\"9001\",\"name\":\"aws-cni\",\"pluginLogFile\":\"/var/log/aws-routed-eni/plugin.log\",\"pluginLogLevel\":\"DEBUG\",\"podSGEnforcingMode\":\"strict\",\"runtimeConfig\":{\"io.kubernetes.cri.pod-annotations\":{\"kubernetes.io/config.seen\":\"2026-10-05T08:38:36.188493894Z\",\"kubernetes.io/config.source\":\"api\"}},\"type\":\"aws-cni\",\"vethPrefix\":\"eni\"})"}
{"level":"debug","ts":"2026-10-05T08:42:18.721Z","caller":"routed-eni-cni-plugin/cni.go:407","msg":"Connected to IPAMD via Unix socket: /var/run/aws-node/ipamd.sock"}
{"level":"info","ts":"2026-10-05T08:42:18.722Z","caller":"routed-eni-cni-plugin/cni.go:370","msg":"Container f35b9a36b7f7ce142a5e38e983b512fc573d90fcfe47ca46351b2044212bfcf6 not found"}
{"level":"info","ts":"2026-10-05T08:42:19.696Z","caller":"routed-eni-cni-plugin/cni.go:131","msg":"Constructed new logger instance"}
{"level":"info","ts":"2026-10-05T08:42:19.696Z","caller":"routed-eni-cni-plugin/cni.go:149","msg":"Received CNI add request: ContainerID(538944a3d89c68351e5a4261d5a9a2fcd954ab7b87b93847e1bf66eee9eaf7a3) Netns(/var/run/netns/cni-19ec3163-c840-1be0-310a-278b028bbe43) IfName(eth0) Args(K8S_POD_NAMESPACE=default;K8S_POD_NAME=pause-68d5b89fc-kwqf6;K8S_POD_INFRA_CONTAINER_ID=538944a3d89c68351e5a4261d5a9a2fcd954ab7b87b93847e1bf66eee9eaf7a3;K8S_POD_UID=f1c84b49-6e57-471b-b275-0a0535a8e3e2;IgnoreUnknown=1) Path(/opt/cni/bin) argsStdinData({\"capabilities\":{\"io.kubernetes.cri.pod-annotations\":true},\"cniVersion\":\"0.4.0\",\"mtu\":\"9001\",\"name\":\"aws-cni\",\"pluginLogFile\":\"/var/log/aws-routed-eni/plugin.log\",\"pluginLogLevel\":\"DEBUG\",\"podSGEnforcingMode\":\"strict\",\"runtimeConfig\":{\"io.kubernetes.cri.pod-annotations\":{\"kubernetes.io/config.seen\":\"2026-10-05T08:41:28.410101495Z\",\"kubernetes.io/config.source\":\"api\"}},\"type\":\"aws-cni\",\"vethPrefix\":\"eni\"})"}
{"level":"debug","ts":"2026-10-05T08:42:19.696Z","caller":"routed-eni-cni-plugin/cni.go:149","msg":"Prev Result: <nil>\n"}
{"level":"debug","ts":"2026-10-05T08:42:19.696Z","caller":"routed-eni-cni-plugin/cni.go:149","msg":"MTU value set is 9001:"}
{"level":"debug","ts":"2026-10-05T08:42:19.696Z","caller":"routed-eni-cni-plugin/cni.go:149","msg":"pod requires multi-nic attachment: false"}
{"level":"debug","ts":"2026-10-05T08:42:19.696Z","caller":"routed-eni-cni-plugin/cni.go:190","msg":"Connected to IPAMD via Unix socket: /var/run/aws-node/ipamd.sock"}
{"level":"error","ts":"2026-10-05T08:42:19.698Z","caller":"routed-eni-cni-plugin/cni.go:149","msg":"Failed to assign an IP address to container 538944a3d89c68351e5a4261d5a9a2fcd954ab7b87b93847e1bf66eee9eaf7a3"}
{"level":"info","ts":"2026-10-05T08:42:19.721Z","caller":"routed-eni-cni-plugin/cni.go:131","msg":"Constructed new logger instance"}
{"level":"debug","ts":"2026-10-05T08:42:19.721Z","caller":"routed-eni-cni-plugin/cni.go:370","msg":"Prev Result: <nil>\n"}
{"level":"info","ts":"2026-10-05T08:42:19.721Z","caller":"routed-eni-cni-plugin/cni.go:370","msg":"Received CNI del request: ContainerID(538944a3d89c68351e5a4261d5a9a2fcd954ab7b87b93847e1bf66eee9eaf7a3) Netns(/var/run/netns/cni-19ec3163-c840-1be0-310a-278b028bbe43) IfName(eth0) Args(IgnoreUnknown=1;K8S_POD_NAMESPACE=default;K8S_POD_NAME=pause-68d5b89fc-kwqf6;K8S_POD_INFRA_CONTAINER_ID=538944a3d89c68351e5a4261d5a9a2fcd954ab7b87b93847e1bf66eee9eaf7a3;K8S_POD_UID=f1c84b49-6e57-471b-b275-0a0535a8e3e2) Path(/opt/cni/bin) argsStdinData({\"capabilities\":{\"io.kubernetes.cri.pod-annotations\":true},\"cniVersion\":\"0.4.0\",\"mtu\":\"9001\",\"name\":\"aws-cni\",\"pluginLogFile\":\"/var/log/aws-routed-eni/plugin.log\",\"pluginLogLevel\":\"DEBUG\",\"podSGEnforcingMode\":\"strict\",\"runtimeConfig\":{\"io.kubernetes.cri.pod-annotations\":{\"kubernetes.io/config.seen\":\"2026-10-05T08:41:28.410101495Z\",\"kubernetes.io/config.source\":\"api\"}},\"type\":\"aws-cni\",\"vethPrefix\":\"eni\"})"}
{"level":"debug","ts":"2026-10-05T08:42:19.721Z","caller":"routed-eni-cni-plugin/cni.go:407","msg":"Connected to IPAMD via Unix socket: /var/run/aws-node/ipamd.sock"}
{"level":"info","ts":"2026-10-05T08:42:19.723Z","caller":"routed-eni-cni-plugin/cni.go:370","msg":"Container 538944a3d89c68351e5a4261d5a9a2fcd954ab7b87b93847e1bf66eee9eaf7a3 not found"}
{"level":"info","ts":"2026-10-05T08:42:22.694Z","caller":"routed-eni-cni-plugin/cni.go:131","msg":"Constructed new logger instance"}
{"level":"info","ts":"2026-10-05T08:42:22.695Z","caller":"routed-eni-cni-plugin/cni.go:149","msg":"Received CNI add request: ContainerID(77bc3c59e2b7da04bdcc07b98f5f74ef52f84455d70869300dc52c264f7f8ee5) Netns(/var/run/netns/cni-5aacdd00-390d-81d1-c59b-4d686fd8e1bb) IfName(eth0) Args(IgnoreUnknown=1;K8S_POD_NAMESPACE=default;K8S_POD_NAME=pause-68d5b89fc-xv2r9;K8S_POD_INFRA_CONTAINER_ID=77bc3c59e2b7da04bdcc07b98f5f74ef52f84455d70869300dc52c264f7f8ee5;K8S_POD_UID=cd4aecc7-3371-4cf3-bd27-460a41c60184) Path(/opt/cni/bin) argsStdinData({\"capabilities\":{\"io.kubernetes.cri.pod-annotations\":true},\"cniVersion\":\"0.4.0\",\"mtu\":\"9001\",\"name\":\"aws-cni\",\"pluginLogFile\":\"/var/log/aws-routed-eni/plugin.log\",\"pluginLogLevel\":\"DEBUG\",\"podSGEnforcingMode\":\"strict\",\"runtimeConfig\":{\"io.kubernetes.cri.pod-annotations\":{\"kubernetes.io/config.seen\":\"2026-10-05T08:41:28.462307198Z\",\"kubernetes.io/config.source\":\"api\"}},\"type\":\"aws-cni\",\"vethPrefix\":\"eni\"})"}
{"level":"debug","ts":"2026-10-05T08:42:22.695Z","caller":"routed-eni-cni-plugin/cni.go:149","msg":"Prev Result: <nil>\n"}
{"level":"debug","ts":"2026-10-05T08:42:22.695Z","caller":"routed-eni-cni-plugin/cni.go:149","msg":"MTU value set is 9001:"}
{"level":"debug","ts":"2026-10-05T08:42:22.695Z","caller":"routed-eni-cni-plugin/cni.go:149","msg":"pod requires multi-nic attachment: false"}
{"level":"debug","ts":"2026-10-05T08:42:22.696Z","caller":"routed-eni-cni-plugin/cni.go:190","msg":"Connected to IPAMD via Unix socket: /var/run/aws-node/ipamd.sock"}
{"level":"error","ts":"2026-10-05T08:42:22.697Z","caller":"routed-eni-cni-plugin/cni.go:149","msg":"Failed to assign an IP address to container 77bc3c59e2b7da04bdcc07b98f5f74ef52f84455d70869300dc52c264f7f8ee5"}
{"level":"info","ts":"2026-10-05T08:42:22.719Z","caller":"routed-eni-cni-plugin/cni.go:131","msg":"Constructed new logger instance"}
{"level":"debug","ts":"2026-10-05T08:42:22.720Z","caller":"routed-eni-cni-plugin/cni.go:370","msg":"Prev Result: <nil>\n"}
{"level":"info","ts":"2026-10-05T08:42:22.720Z","caller":"routed-eni-cni-plugin/cni.go:370","msg":"Received CNI del request: ContainerID(77bc3c59e2b7da04bdcc07b98f5f74ef52f84455d70869300dc52c264f7f8ee5) Netns(/var/run/netns/cni-5aacdd00-390d-81d1-c59b-4d686fd8e1bb) IfName(eth0) Args(K8S_POD_NAMESPACE=default;K8S_POD_NAME=pause-68d5b89fc-xv2r9;K8S_POD_INFRA_CONTAINER_ID=77bc3c59e2b7da04bdcc07b98f5f74ef52f84455d70869300dc52c264f7f8ee5;K8S_POD_UID=cd4aecc7-3371-4cf3-bd27-460a41c60184;IgnoreUnknown=1) Path(/opt/cni/bin) argsStdinData({\"capabilities\":{\"io.kubernetes.cri.pod-annotations\":true},\"cniVersion\":\"0.4.0\",\"mtu\":\"9001\",\"name\":\"aws-cni\",\"pluginLogFile\":\"/var/log/aws-routed-eni/plugin.log\",\"pluginLogLevel\":\"DEBUG\",\"podSGEnforcingMode\":\"strict\",\"runtimeConfig\":{\"io.kubernetes.cri.pod-annotations\":{\"kubernetes.io/config.seen\":\"2026-10-05T08:41:28.462307198Z\",\"kubernetes.io/config.source\":\"api\"}},\"type\":\"aws-cni\",\"vethPrefix\":\"eni\"})"}
{"level":"debug","ts":"2026-10-05T08:42:22.720Z","caller":"routed-eni-cni-plugin/cni.go:407","msg":"Connected to IPAMD via Unix socket: /var/run/aws-node/ipamd.sock"}
{"level":"info","ts":"2026-10-05T08:42:22.721Z","caller":"routed-eni-cni-plugin/cni.go:370","msg":"Container 77bc3c59e2b7da04bdcc07b98f5f74ef52f84455d70869300dc52c264f7f8ee5 not found"}
{"level":"info","ts":"2026-10-05T08:42:30.697Z","caller":"routed-eni-cni-plugin/cni.go:131","msg":"Constructed new logger instance"}
{"level":"info","ts":"2026-10-05T08:42:30.697Z","caller":"routed-eni-cni-plugin/cni.go:149","msg":"Received CNI add request: ContainerID(eb8c55402d4c3366a267302c1c385a524cda45fd6bf7017df35da0204f6e9d3a) Netns(/var/run/netns/cni-29b0b90a-c5ba-8677-72c3-f252b6b47eb4) IfName(eth0) Args(IgnoreUnknown=1;K8S_POD_NAMESPACE=kube-system;K8S_POD_NAME=coredns-79f8dffc57-fwslz;K8S_POD_INFRA_CONTAINER_ID=eb8c55402d4c3366a267302c1c385a524cda45fd6bf7017df35da0204f6e9d3a;K8S_POD_UID=ad241f1d-d89e-4886-8d30-e22384a0b925) Path(/opt/cni/bin) argsStdinData({\"capabilities\":{\"io.kubernetes.cri.pod-annotations\":true},\"cniVersion\":\"0.4.0\",\"mtu\":\"9001\",\"name\":\"aws-cni\",\"pluginLogFile\":\"/var/log/aws-routed-eni/plugin.log\",\"pluginLogLevel\":\"DEBUG\",\"podSGEnforcingMode\":\"strict\",\"runtimeConfig\":{\"io.kubernetes.cri.pod-annotations\":{\"kubernetes.io/config.seen\":\"2026-10-05T08:38:36.183906822Z\",\"kubernetes.io/config.source\":\"api\"}},\"type\":\"aws-cni\",\"vethPrefix\":\"eni\"})"}
{"level":"debug","ts":"2026-10-05T08:42:30.697Z","caller":"routed-eni-cni-plugin/cni.go:149","msg":"Prev Result: <nil>\n"}
{"level":"debug","ts":"2026-10-05T08:42:30.697Z","caller":"routed-eni-cni-plugin/cni.go:149","msg":"MTU value set is 9001:"}
{"level":"debug","ts":"2026-10-05T08:42:30.697Z","caller":"routed-eni-cni-plugin/cni.go:149","msg":"pod requires multi-nic attachment: false"}
{"level":"debug","ts":"2026-10-05T08:42:30.698Z","caller":"routed-eni-cni-plugin/cni.go:190","msg":"Connected to IPAMD via Unix socket: /var/run/aws-node/ipamd.sock"}
{"level":"error","ts":"2026-10-05T08:42:30.699Z","caller":"routed-eni-cni-plugin/cni.go:149","msg":"Failed to assign an IP address to container eb8c55402d4c3366a267302c1c385a524cda45fd6bf7017df35da0204f6e9d3a"}
{"level":"info","ts":"2026-10-05T08:42:30.722Z","caller":"routed-eni-cni-plugin/cni.go:131","msg":"Constructed new logger instance"}
{"level":"debug","ts":"2026-10-05T08:42:30.722Z","caller":"routed-eni-cni-plugin/cni.go:370","msg":"Prev Result: <nil>\n"}
{"level":"info","ts":"2026-10-05T08:42:30.722Z","caller":"routed-eni-cni-plugin/cni.go:370","msg":"Received CNI del request: ContainerID(eb8c55402d4c3366a267302c1c385a524cda45fd6bf7017df35da0204f6e9d3a) Netns(/var/run/netns/cni-29b0b90a-c5ba-8677-72c3-f252b6b47eb4) IfName(eth0) Args(IgnoreUnknown=1;K8S_POD_NAMESPACE=kube-system;K8S_POD_NAME=coredns-79f8dffc57-fwslz;K8S_POD_INFRA_CONTAINER_ID=eb8c55402d4c3366a267302c1c385a524cda45fd6bf7017df35da0204f6e9d3a;K8S_POD_UID=ad241f1d-d89e-4886-8d30-e22384a0b925) Path(/opt/cni/bin) argsStdinData({\"capabilities\":{\"io.kubernetes.cri.pod-annotations\":true},\"cniVersion\":\"0.4.0\",\"mtu\":\"9001\",\"name\":\"aws-cni\",\"pluginLogFile\":\"/var/log/aws-routed-eni/plugin.log\",\"pluginLogLevel\":\"DEBUG\",\"podSGEnforcingMode\":\"strict\",\"runtimeConfig\":{\"io.kubernetes.cri.pod-annotations\":{\"kubernetes.io/config.seen\":\"2026-10-05T08:38:36.183906822Z\",\"kubernetes.io/config.source\":\"api\"}},\"type\":\"aws-cni\",\"vethPrefix\":\"eni\"})"}
{"level":"debug","ts":"2026-10-05T08:42:30.722Z","caller":"routed-eni-cni-plugin/cni.go:407","msg":"Connected to IPAMD via Unix socket: /var/run/aws-node/ipamd.sock"}
{"level":"info","ts":"2026-10-05T08:42:30.723Z","caller":"routed-eni-cni-plugin/cni.go:370","msg":"Container eb8c55402d4c3366a267302c1c385a524cda45fd6bf7017df35da0204f6e9d3a not found"}
{"level":"info","ts":"2026-10-05T08:42:31.695Z","caller":"routed-eni-cni-plugin/cni.go:131","msg":"Constructed new logger instance"}
{"level":"info","ts":"2026-10-05T08:42:31.695Z","caller":"routed-eni-cni-plugin/cni.go:149","msg":"Received CNI add request: ContainerID(93997f95f1b8c42064f8b8cfe9e3c993607580f9a158eadcea920788bfc067b0) Netns(/var/run/netns/cni-6f571fb4-63df-bbf2-a9bc-075beadfe7e0) IfName(eth0) Args(IgnoreUnknown=1;K8S_POD_NAMESPACE=default;K8S_POD_NAME=pause-68d5b89fc-kwqf6;K8S_POD_INFRA_CONTAINER_ID=93997f95f1b8c42064f8b8cfe9e3c993607580f9a158eadcea920788bfc067b0;K8S_POD_UID=f1c84b49-6e57-471b-b275-0a0535a8e3e2) Path(/opt/cni/bin) argsStdinData({\"capabilities\":{\"io.kubernetes.cri.pod-annotations\":true},\"cniVersion\":\"0.4.0\",\"mtu\":\"9001\",\"name\":\"aws-cni\",\"pluginLogFile\":\"/var/log/aws-routed-eni/plugin.log\",\"pluginLogLevel\":\"DEBUG\",\"podSGEnforcingMode\":\"strict\",\"runtimeConfig\":{\"io.kubernetes.cri.pod-annotations\":{\"kubernetes.io/config.seen\":\"2026-10-05T08:41:28.410101495Z\",\"kubernetes.io/config.source\":\"api\"}},\"type\":\"aws-cni\",\"vethPrefix\":\"eni\"})"}
{"level":"debug","ts":"2026-10-05T08:42:31.695Z","caller":"routed-eni-cni-plugin/cni.go:149","msg":"Prev Result: <nil>\n"}
{"level":"debug","ts":"2026-10-05T08:42:31.695Z","caller":"routed-eni-cni-plugin/cni.go:149","msg":"MTU value set is 9001:"}
{"level":"debug","ts":"2026-10-05T08:42:31.695Z","caller":"routed-eni-cni-plugin/cni.go:149","msg":"pod requires multi-nic attachment: false"}
{"level":"debug","ts":"2026-10-05T08:42:31.696Z","caller":"routed-eni-cni-plugin/cni.go:190","msg":"Connected to IPAMD via Unix socket: /var/run/aws-node/ipamd.sock"}
{"level":"error","ts":"2026-10-05T08:42:31.697Z","caller":"routed-eni-cni-plugin/cni.go:149","msg":"Failed to assign an IP address to container 93997f95f1b8c42064f8b8cfe9e3c993607580f9a158eadcea920788bfc067b0"}
{"level":"info","ts":"2026-10-05T08:42:31.719Z","caller":"routed-eni-cni-plugin/cni.go:131","msg":"Constructed new logger instance"}
{"level":"debug","ts":"2026-10-05T08:42:31.719Z","caller":"routed-eni-cni-plugin/cni.go:370","msg":"Prev Result: <nil>\n"}
{"level":"info","ts":"2026-10-05T08:42:31.719Z","caller":"routed-eni-cni-plugin/cni.go:370","msg":"Received CNI del request: ContainerID(93997f95f1b8c42064f8b8cfe9e3c993607580f9a158eadcea920788bfc067b0) Netns(/var/run/netns/cni-6f571fb4-63df-bbf2-a9bc-075beadfe7e0) IfName(eth0) Args(IgnoreUnknown=1;K8S_POD_NAMESPACE=default;K8S_POD_NAME=pause-68d5b89fc-kwqf6;K8S_POD_INFRA_CONTAINER_ID=93997f95f1b8c42064f8b8cfe9e3c993607580f9a158eadcea920788bfc067b0;K8S_POD_UID=f1c84b49-6e57-471b-b275-0a0535a8e3e2) Path(/opt/cni/bin) argsStdinData({\"capabilities\":{\"io.kubernetes.cri.pod-annotations\":true},\"cniVersion\":\"0.4.0\",\"mtu\":\"9001\",\"name\":\"aws-cni\",\"pluginLogFile\":\"/var/log/aws-routed-eni/plugin.log\",\"pluginLogLevel\":\"DEBUG\",\"podSGEnforcingMode\":\"strict\",\"runtimeConfig\":{\"io.kubernetes.cri.pod-annotations\":{\"kubernetes.io/config.seen\":\"2026-10-05T08:41:28.410101495Z\",\"kubernetes.io/config.source\":\"api\"}},\"type\":\"aws-cni\",\"vethPrefix\":\"eni\"})"}
{"level":"debug","ts":"2026-10-05T08:42:31.720Z","caller":"routed-eni-cni-plugin/cni.go:407","msg":"Connected to IPAMD via Unix socket: /var/run/aws-node/ipamd.sock"}
{"level":"info","ts":"2026-10-05T08:42:31.721Z","caller":"routed-eni-cni-plugin/cni.go:370","msg":"Container 93997f95f1b8c42064f8b8cfe9e3c993607580f9a158eadcea920788bfc067b0 not found"}
{"level":"info","ts":"2026-10-05T08:42:33.694Z","caller":"routed-eni-cni-plugin/cni.go:131","msg":"Constructed new logger instance"}
{"level":"info","ts":"2026-10-05T08:42:33.694Z","caller":"routed-eni-cni-plugin/cni.go:149","msg":"Received CNI add request: ContainerID(77e2dd7c2ab89777fa387cf5d781ee5f593483339bedcc1250666dfdb81f354c) Netns(/var/run/netns/cni-3c5ef162-d82a-114a-d7bc-31179909f70a) IfName(eth0) Args(K8S_POD_NAMESPACE=kube-system;K8S_POD_NAME=coredns-79f8dffc57-cv2lj;K8S_POD_INFRA_CONTAINER_ID=77e2dd7c2ab89777fa387cf5d781ee5f593483339bedcc1250666dfdb81f354c;K8S_POD_UID=080397ba-9aa0-4db1-b449-5fe2b0811692;IgnoreUnknown=1) Path(/opt/cni/bin) argsStdinData({\"capabilities\":{\"io.kubernetes.cri.pod-annotations\":true},\"cniVersion\":\"0.4.0\",\"mtu\":\"9001\",\"name\":\"aws-cni\",\"pluginLogFile\":\"/var/log/aws-routed-eni/plugin.log\",\"pluginLogLevel\":\"DEBUG\",\"podSGEnforcingMode\":\"strict\",\"runtimeConfig\":{\"io.kubernetes.cri.pod-annotations\":{\"kubernetes.io/config.seen\":\"2026-10-05T08:38:36.188493894Z\",\"kubernetes.io/config.source\":\"api\"}},\"type\":\"aws-cni\",\"vethPrefix\":\"eni\"})"}
{"level":"debug","ts":"2026-10-05T08:42:33.694Z","caller":"routed-eni-cni-plugin/cni.go:149","msg":"Prev Result: <nil>\n"}
{"level":"debug","ts":"2026-10-05T08:42:33.694Z","caller":"routed-eni-cni-plugin/cni.go:149","msg":"MTU value set is 9001:"}
{"level":"debug","ts":"2026-10-05T08:42:33.694Z","caller":"routed-eni-cni-plugin/cni.go:149","msg":"pod requires multi-nic attachment: false"}
{"level":"debug","ts":"2026-10-05T08:42:33.695Z","caller":"routed-eni-cni-plugin/cni.go:190","msg":"Connected to IPAMD via Unix socket: /var/run/aws-node/ipamd.sock"}
{"level":"error","ts":"2026-10-05T08:42:33.697Z","caller":"routed-eni-cni-plugin/cni.go:149","msg":"Failed to assign an IP address to container 77e2dd7c2ab89777fa387cf5d781ee5f593483339bedcc1250666dfdb81f354c"}
{"level":"info","ts":"2026-10-05T08:42:33.719Z","caller":"routed-eni-cni-plugin/cni.go:131","msg":"Constructed new logger instance"}
{"level":"debug","ts":"2026-10-05T08:42:33.719Z","caller":"routed-eni-cni-plugin/cni.go:370","msg":"Prev Result: <nil>\n"}
{"level":"info","ts":"2026-10-05T08:42:33.719Z","caller":"routed-eni-cni-plugin/cni.go:370","msg":"Received CNI del request: ContainerID(77e2dd7c2ab89777fa387cf5d781ee5f593483339bedcc1250666dfdb81f354c) Netns(/var/run/netns/cni-3c5ef162-d82a-114a-d7bc-31179909f70a) IfName(eth0) Args(K8S_POD_UID=080397ba-9aa0-4db1-b449-5fe2b0811692;IgnoreUnknown=1;K8S_POD_NAMESPACE=kube-system;K8S_POD_NAME=coredns-79f8dffc57-cv2lj;K8S_POD_INFRA_CONTAINER_ID=77e2dd7c2ab89777fa387cf5d781ee5f593483339bedcc1250666dfdb81f354c) Path(/opt/cni/bin) argsStdinData({\"capabilities\":{\"io.kubernetes.cri.pod-annotations\":true},\"cniVersion\":\"0.4.0\",\"mtu\":\"9001\",\"name\":\"aws-cni\",\"pluginLogFile\":\"/var/log/aws-routed-eni/plugin.log\",\"pluginLogLevel\":\"DEBUG\",\"podSGEnforcingMode\":\"strict\",\"runtimeConfig\":{\"io.kubernetes.cri.pod-annotations\":{\"kubernetes.io/config.seen\":\"2026-10-05T08:38:36.188493894Z\",\"kubernetes.io/config.source\":\"api\"}},\"type\":\"aws-cni\",\"vethPrefix\":\"eni\"})"}
{"level":"debug","ts":"2026-10-05T08:42:33.720Z","caller":"routed-eni-cni-plugin/cni.go:407","msg":"Connected to IPAMD via Unix socket: /var/run/aws-node/ipamd.sock"}
{"level":"info","ts":"2026-10-05T08:42:33.721Z","caller":"routed-eni-cni-plugin/cni.go:370","msg":"Container 77e2dd7c2ab89777fa387cf5d781ee5f593483339bedcc1250666dfdb81f354c not found"}
{"level":"info","ts":"2026-10-05T08:42:36.695Z","caller":"routed-eni-cni-plugin/cni.go:131","msg":"Constructed new logger instance"}
{"level":"info","ts":"2026-10-05T08:42:36.695Z","caller":"routed-eni-cni-plugin/cni.go:149","msg":"Received CNI add request: ContainerID(1709551c5cdddaf00c35766cc471600a402f75c52293c7542d59b4934fcfc254) Netns(/var/run/netns/cni-2de38b6c-47ef-f200-92d6-12b6eff72039) IfName(eth0) Args(K8S_POD_NAME=pause-68d5b89fc-xv2r9;K8S_POD_INFRA_CONTAINER_ID=1709551c5cdddaf00c35766cc471600a402f75c52293c7542d59b4934fcfc254;K8S_POD_UID=cd4aecc7-3371-4cf3-bd27-460a41c60184;IgnoreUnknown=1;K8S_POD_NAMESPACE=default) Path(/opt/cni/bin) argsStdinData({\"capabilities\":{\"io.kubernetes.cri.pod-annotations\":true},\"cniVersion\":\"0.4.0\",\"mtu\":\"9001\",\"name\":\"aws-cni\",\"pluginLogFile\":\"/var/log/aws-routed-eni/plugin.log\",\"pluginLogLevel\":\"DEBUG\",\"podSGEnforcingMode\":\"strict\",\"runtimeConfig\":{\"io.kubernetes.cri.pod-annotations\":{\"kubernetes.io/config.seen\":\"2026-10-05T08:41:28.462307198Z\",\"kubernetes.io/config.source\":\"api\"}},\"type\":\"aws-cni\",\"vethPrefix\":\"eni\"})"}
{"level":"debug","ts":"2026-10-05T08:42:36.695Z","caller":"routed-eni-cni-plugin/cni.go:149","msg":"Prev Result: <nil>\n"}
{"level":"debug","ts":"2026-10-05T08:42:36.695Z","caller":"routed-eni-cni-plugin/cni.go:149","msg":"MTU value set is 9001:"}
{"level":"debug","ts":"2026-10-05T08:42:36.695Z","caller":"routed-eni-cni-plugin/cni.go:149","msg":"pod requires multi-nic attachment: false"}
{"level":"debug","ts":"2026-10-05T08:42:36.695Z","caller":"routed-eni-cni-plugin/cni.go:190","msg":"Connected to IPAMD via Unix socket: /var/run/aws-node/ipamd.sock"}
{"level":"error","ts":"2026-10-05T08:42:36.698Z","caller":"routed-eni-cni-plugin/cni.go:149","msg":"Failed to assign an IP address to container 1709551c5cdddaf00c35766cc471600a402f75c52293c7542d59b4934fcfc254"}
{"level":"info","ts":"2026-10-05T08:42:36.719Z","caller":"routed-eni-cni-plugin/cni.go:131","msg":"Constructed new logger instance"}
{"level":"debug","ts":"2026-10-05T08:42:36.719Z","caller":"routed-eni-cni-plugin/cni.go:370","msg":"Prev Result: <nil>\n"}
{"level":"info","ts":"2026-10-05T08:42:36.719Z","caller":"routed-eni-cni-plugin/cni.go:370","msg":"Received CNI del request: ContainerID(1709551c5cdddaf00c35766cc471600a402f75c52293c7542d59b4934fcfc254) Netns(/var/run/netns/cni-2de38b6c-47ef-f200-92d6-12b6eff72039) IfName(eth0) Args(K8S_POD_NAME=pause-68d5b89fc-xv2r9;K8S_POD_INFRA_CONTAINER_ID=1709551c5cdddaf00c35766cc471600a402f75c52293c7542d59b4934fcfc254;K8S_POD_UID=cd4aecc7-3371-4cf3-bd27-460a41c60184;IgnoreUnknown=1;K8S_POD_NAMESPACE=default) Path(/opt/cni/bin) argsStdinData({\"capabilities\":{\"io.kubernetes.cri.pod-annotations\":true},\"cniVersion\":\"0.4.0\",\"mtu\":\"9001\",\"name\":\"aws-cni\",\"pluginLogFile\":\"/var/log/aws-routed-eni/plugin.log\",\"pluginLogLevel\":\"DEBUG\",\"podSGEnforcingMode\":\"strict\",\"runtimeConfig\":{\"io.kubernetes.cri.pod-annotations\":{\"kubernetes.io/config.seen\":\"2026-10-05T08:41:28.462307198Z\",\"kubernetes.io/config.source\":\"api\"}},\"type\":\"aws-cni\",\"vethPrefix\":\"eni\"})"}
{"level":"debug","ts":"2026-10-05T08:42:36.720Z","caller":"routed-eni-cni-plugin/cni.go:407","msg":"Connected to IPAMD via Unix socket: /var/run/aws-node/ipamd.sock"}
{"level":"info","ts":"2026-10-05T08:42:36.721Z","caller":"routed-eni-cni-plugin/cni.go:370","msg":"Container 1709551c5cdddaf00c35766cc471600a402f75c52293c7542d59b4934fcfc254 not found"}
{"level":"info","ts":"2026-10-05T08:42:41.694Z","caller":"routed-eni-cni-plugin/cni.go:131","msg":"Constructed new logger instance"}
{"level":"info","ts":"2026-10-05T08:42:41.694Z","caller":"routed-eni-cni-plugin/cni.go:149","msg":"Received CNI add request: ContainerID(b7f5e8d87c535e1ad8dd2a304802c484dbfa39f62f77c39b9be986eadedbb258) Netns(/var/run/netns/cni-5a5d5be9-2e2c-6276-082e-753b263338a1) IfName(eth0) Args(K8S_POD_UID=ad241f1d-d89e-4886-8d30-e22384a0b925;IgnoreUnknown=1;K8S_POD_NAMESPACE=kube-system;K8S_POD_NAME=coredns-79f8dffc57-fwslz;K8S_POD_INFRA_CONTAINER_ID=b7f5e8d87c535e1ad8dd2a304802c484dbfa39f62f77c39b9be986eadedbb258) Path(/opt/cni/bin) argsStdinData({\"capabilities\":{\"io.kubernetes.cri.pod-annotations\":true},\"cniVersion\":\"0.4.0\",\"mtu\":\"9001\",\"name\":\"aws-cni\",\"pluginLogFile\":\"/var/log/aws-routed-eni/plugin.log\",\"pluginLogLevel\":\"DEBUG\",\"podSGEnforcingMode\":\"strict\",\"runtimeConfig\":{\"io.kubernetes.cri.pod-annotations\":{\"kubernetes.io/config.seen\":\"2026-10-05T08:38:36.183906822Z\",\"kubernetes.io/config.source\":\"api\"}},\"type\":\"aws-cni\",\"vethPrefix\":\"eni\"})"}
{"level":"debug","ts":"2026-10-05T08:42:41.694Z","caller":"routed-eni-cni-plugin/cni.go:149","msg":"Prev Result: <nil>\n"}
{"level":"debug","ts":"2026-10-05T08:42:41.694Z","caller":"routed-eni-cni-plugin/cni.go:149","msg":"MTU value set is 9001:"}
{"level":"debug","ts":"2026-10-05T08:42:41.694Z","caller":"routed-eni-cni-plugin/cni.go:149","msg":"pod requires multi-nic attachment: false"}
{"level":"debug","ts":"2026-10-05T08:42:41.695Z","caller":"routed-eni-cni-plugin/cni.go:190","msg":"Connected to IPAMD via Unix socket: /var/run/aws-node/ipamd.sock"}
{"level":"error","ts":"2026-10-05T08:42:41.697Z","caller":"routed-eni-cni-plugin/cni.go:149","msg":"Failed to assign an IP address to container b7f5e8d87c535e1ad8dd2a304802c484dbfa39f62f77c39b9be986eadedbb258"}
{"level":"info","ts":"2026-10-05T08:42:41.718Z","caller":"routed-eni-cni-plugin/cni.go:131","msg":"Constructed new logger instance"}
{"level":"debug","ts":"2026-10-05T08:42:41.718Z","caller":"routed-eni-cni-plugin/cni.go:370","msg":"Prev Result: <nil>\n"}
{"level":"info","ts":"2026-10-05T08:42:41.718Z","caller":"routed-eni-cni-plugin/cni.go:370","msg":"Received CNI del request: ContainerID(b7f5e8d87c535e1ad8dd2a304802c484dbfa39f62f77c39b9be986eadedbb258) Netns(/var/run/netns/cni-5a5d5be9-2e2c-6276-082e-753b263338a1) IfName(eth0) Args(K8S_POD_NAMESPACE=kube-system;K8S_POD_NAME=coredns-79f8dffc57-fwslz;K8S_POD_INFRA_CONTAINER_ID=b7f5e8d87c535e1ad8dd2a304802c484dbfa39f62f77c39b9be986eadedbb258;K8S_POD_UID=ad241f1d-d89e-4886-8d30-e22384a0b925;IgnoreUnknown=1) Path(/opt/cni/bin) argsStdinData({\"capabilities\":{\"io.kubernetes.cri.pod-annotations\":true},\"cniVersion\":\"0.4.0\",\"mtu\":\"9001\",\"name\":\"aws-cni\",\"pluginLogFile\":\"/var/log/aws-routed-eni/plugin.log\",\"pluginLogLevel\":\"DEBUG\",\"podSGEnforcingMode\":\"strict\",\"runtimeConfig\":{\"io.kubernetes.cri.pod-annotations\":{\"kubernetes.io/config.seen\":\"2026-10-05T08:38:36.183906822Z\",\"kubernetes.io/config.source\":\"api\"}},\"type\":\"aws-cni\",\"vethPrefix\":\"eni\"})"}
{"level":"debug","ts":"2026-10-05T08:42:41.719Z","caller":"routed-eni-cni-plugin/cni.go:407","msg":"Connected to IPAMD via Unix socket: /var/run/aws-node/ipamd.sock"}
{"level":"info","ts":"2026-10-05T08:42:41.720Z","caller":"routed-eni-cni-plugin/cni.go:370","msg":"Container b7f5e8d87c535e1ad8dd2a304802c484dbfa39f62f77c39b9be986eadedbb258 not found"}
{"level":"info","ts":"2026-10-05T08:42:42.702Z","caller":"routed-eni-cni-plugin/cni.go:131","msg":"Constructed new logger instance"}
{"level":"info","ts":"2026-10-05T08:42:42.702Z","caller":"routed-eni-cni-plugin/cni.go:149","msg":"Received CNI add request: ContainerID(72b829d7e74a95d9834c6fa235df28d04380deacae69532e1acefe825cf76e17) Netns(/var/run/netns/cni-b006aaa0-dfef-b9b1-7c97-deffa3985ef9) IfName(eth0) Args(K8S_POD_NAME=pause-68d5b89fc-kwqf6;K8S_POD_INFRA_CONTAINER_ID=72b829d7e74a95d9834c6fa235df28d04380deacae69532e1acefe825cf76e17;K8S_POD_UID=f1c84b49-6e57-471b-b275-0a0535a8e3e2;IgnoreUnknown=1;K8S_POD_NAMESPACE=default) Path(/opt/cni/bin) argsStdinData({\"capabilities\":{\"io.kubernetes.cri.pod-annotations\":true},\"cniVersion\":\"0.4.0\",\"mtu\":\"9001\",\"name\":\"aws-cni\",\"pluginLogFile\":\"/var/log/aws-routed-eni/plugin.log\",\"pluginLogLevel\":\"DEBUG\",\"podSGEnforcingMode\":\"strict\",\"runtimeConfig\":{\"io.kubernetes.cri.pod-annotations\":{\"kubernetes.io/config.seen\":\"2026-10-05T08:41:28.410101495Z\",\"kubernetes.io/config.source\":\"api\"}},\"type\":\"aws-cni\",\"vethPrefix\":\"eni\"})"}
{"level":"debug","ts":"2026-10-05T08:42:42.702Z","caller":"routed-eni-cni-plugin/cni.go:149","msg":"Prev Result: <nil>\n"}
{"level":"debug","ts":"2026-10-05T08:42:42.702Z","caller":"routed-eni-cni-plugin/cni.go:149","msg":"MTU value set is 9001:"}
{"level":"debug","ts":"2026-10-05T08:42:42.702Z","caller":"routed-eni-cni-plugin/cni.go:149","msg":"pod requires multi-nic attachment: false"}
{"level":"debug","ts":"2026-10-05T08:42:42.703Z","caller":"routed-eni-cni-plugin/cni.go:190","msg":"Connected to IPAMD via Unix socket: /var/run/aws-node/ipamd.sock"}
{"level":"error","ts":"2026-10-05T08:42:42.704Z","caller":"routed-eni-cni-plugin/cni.go:149","msg":"Failed to assign an IP address to container 72b829d7e74a95d9834c6fa235df28d04380deacae69532e1acefe825cf76e17"}
{"level":"info","ts":"2026-10-05T08:42:42.727Z","caller":"routed-eni-cni-plugin/cni.go:131","msg":"Constructed new logger instance"}
{"level":"debug","ts":"2026-10-05T08:42:42.727Z","caller":"routed-eni-cni-plugin/cni.go:370","msg":"Prev Result: <nil>\n"}
{"level":"info","ts":"2026-10-05T08:42:42.727Z","caller":"routed-eni-cni-plugin/cni.go:370","msg":"Received CNI del request: ContainerID(72b829d7e74a95d9834c6fa235df28d04380deacae69532e1acefe825cf76e17) Netns(/var/run/netns/cni-b006aaa0-dfef-b9b1-7c97-deffa3985ef9) IfName(eth0) Args(K8S_POD_INFRA_CONTAINER_ID=72b829d7e74a95d9834c6fa235df28d04380deacae69532e1acefe825cf76e17;K8S_POD_UID=f1c84b49-6e57-471b-b275-0a0535a8e3e2;IgnoreUnknown=1;K8S_POD_NAMESPACE=default;K8S_POD_NAME=pause-68d5b89fc-kwqf6) Path(/opt/cni/bin) argsStdinData({\"capabilities\":{\"io.kubernetes.cri.pod-annotations\":true},\"cniVersion\":\"0.4.0\",\"mtu\":\"9001\",\"name\":\"aws-cni\",\"pluginLogFile\":\"/var/log/aws-routed-eni/plugin.log\",\"pluginLogLevel\":\"DEBUG\",\"podSGEnforcingMode\":\"strict\",\"runtimeConfig\":{\"io.kubernetes.cri.pod-annotations\":{\"kubernetes.io/config.seen\":\"2026-10-05T08:41:28.410101495Z\",\"kubernetes.io/config.source\":\"api\"}},\"type\":\"aws-cni\",\"vethPrefix\":\"eni\"})"}
{"level":"debug","ts":"2026-10-05T08:42:42.728Z","caller":"routed-eni-cni-plugin/cni.go:407","msg":"Connected to IPAMD via Unix socket: /var/run/aws-node/ipamd.sock"}
{"level":"info","ts":"2026-10-05T08:42:42.729Z","caller":"routed-eni-cni-plugin/cni.go:370","msg":"Container 72b829d7e74a95d9834c6fa235df28d04380deacae69532e1acefe825cf76e17 not found"}
{"level":"info","ts":"2026-10-05T08:42:48.704Z","caller":"routed-eni-cni-plugin/cni.go:131","msg":"Constructed new logger instance"}
{"level":"info","ts":"2026-10-05T08:42:48.704Z","caller":"routed-eni-cni-plugin/cni.go:149","msg":"Received CNI add request: ContainerID(d91033b5561293f9a05ef0c18216101b0a1939ce5a98f2a532817eec924f0173) Netns(/var/run/netns/cni-64337b13-18ca-7472-2a02-21627e07cc09) IfName(eth0) Args(K8S_POD_NAMESPACE=kube-system;K8S_POD_NAME=coredns-79f8dffc57-cv2lj;K8S_POD_INFRA_CONTAINER_ID=d91033b5561293f9a05ef0c18216101b0a1939ce5a98f2a532817eec924f0173;K8S_POD_UID=080397ba-9aa0-4db1-b449-5fe2b0811692;IgnoreUnknown=1) Path(/opt/cni/bin) argsStdinData({\"capabilities\":{\"io.kubernetes.cri.pod-annotations\":true},\"cniVersion\":\"0.4.0\",\"mtu\":\"9001\",\"name\":\"aws-cni\",\"pluginLogFile\":\"/var/log/aws-routed-eni/plugin.log\",\"pluginLogLevel\":\"DEBUG\",\"podSGEnforcingMode\":\"strict\",\"runtimeConfig\":{\"io.kubernetes.cri.pod-annotations\":{\"kubernetes.io/config.seen\":\"2026-10-05T08:38:36.188493894Z\",\"kubernetes.io/config.source\":\"api\"}},\"type\":\"aws-cni\",\"vethPrefix\":\"eni\"})"}
{"level":"debug","ts":"2026-10-05T08:42:48.704Z","caller":"routed-eni-cni-plugin/cni.go:149","msg":"Prev Result: <nil>\n"}
{"level":"debug","ts":"2026-10-05T08:42:48.704Z","caller":"routed-eni-cni-plugin/cni.go:149","msg":"MTU value set is 9001:"}
{"level":"debug","ts":"2026-10-05T08:42:48.704Z","caller":"routed-eni-cni-plugin/cni.go:149","msg":"pod requires multi-nic attachment: false"}
{"level":"debug","ts":"2026-10-05T08:42:48.705Z","caller":"routed-eni-cni-plugin/cni.go:190","msg":"Connected to IPAMD via Unix socket: /var/run/aws-node/ipamd.sock"}
{"level":"error","ts":"2026-10-05T08:42:48.707Z","caller":"routed-eni-cni-plugin/cni.go:149","msg":"Failed to assign an IP address to container d91033b5561293f9a05ef0c18216101b0a1939ce5a98f2a532817eec924f0173"}
{"level":"info","ts":"2026-10-05T08:42:48.711Z","caller":"routed-eni-cni-plugin/cni.go:131","msg":"Constructed new logger instance"}
{"level":"info","ts":"2026-10-05T08:42:48.711Z","caller":"routed-eni-cni-plugin/cni.go:149","msg":"Received CNI add request: ContainerID(773469368a0139eba178da703237a1705b69ea37a9846472684b5a7a17d813ce) Netns(/var/run/netns/cni-83fbee5c-721a-5de8-b9a5-2eccfe5069a3) IfName(eth0) Args(K8S_POD_NAMESPACE=default;K8S_POD_NAME=pause-68d5b89fc-xv2r9;K8S_POD_INFRA_CONTAINER_ID=773469368a0139eba178da703237a1705b69ea37a9846472684b5a7a17d813ce;K8S_POD_UID=cd4aecc7-3371-4cf3-bd27-460a41c60184;IgnoreUnknown=1) Path(/opt/cni/bin) argsStdinData({\"capabilities\":{\"io.kubernetes.cri.pod-annotations\":true},\"cniVersion\":\"0.4.0\",\"mtu\":\"9001\",\"name\":\"aws-cni\",\"pluginLogFile\":\"/var/log/aws-routed-eni/plugin.log\",\"pluginLogLevel\":\"DEBUG\",\"podSGEnforcingMode\":\"strict\",\"runtimeConfig\":{\"io.kubernetes.cri.pod-annotations\":{\"kubernetes.io/config.seen\":\"2026-10-05T08:41:28.462307198Z\",\"kubernetes.io/config.source\":\"api\"}},\"type\":\"aws-cni\",\"vethPrefix\":\"eni\"})"}
{"level":"debug","ts":"2026-10-05T08:42:48.711Z","caller":"routed-eni-cni-plugin/cni.go:149","msg":"Prev Result: <nil>\n"}
{"level":"debug","ts":"2026-10-05T08:42:48.711Z","caller":"routed-eni-cni-plugin/cni.go:149","msg":"MTU value set is 9001:"}
{"level":"debug","ts":"2026-10-05T08:42:48.711Z","caller":"routed-eni-cni-plugin/cni.go:149","msg":"pod requires multi-nic attachment: false"}
{"level":"debug","ts":"2026-10-05T08:42:48.712Z","caller":"routed-eni-cni-plugin/cni.go:190","msg":"Connected to IPAMD via Unix socket: /var/run/aws-node/ipamd.sock"}
{"level":"error","ts":"2026-10-05T08:42:48.714Z","caller":"routed-eni-cni-plugin/cni.go:149","msg":"Failed to assign an IP address to container 773469368a0139eba178da703237a1705b69ea37a9846472684b5a7a17d813ce"}
{"level":"info","ts":"2026-10-05T08:42:48.745Z","caller":"routed-eni-cni-plugin/cni.go:131","msg":"Constructed new logger instance"}
{"level":"debug","ts":"2026-10-05T08:42:48.745Z","caller":"routed-eni-cni-plugin/cni.go:370","msg":"Prev Result: <nil>\n"}
{"level":"info","ts":"2026-10-05T08:42:48.745Z","caller":"routed-eni-cni-plugin/cni.go:370","msg":"Received CNI del request: ContainerID(773469368a0139eba178da703237a1705b69ea37a9846472684b5a7a17d813ce) Netns(/var/run/netns/cni-83fbee5c-721a-5de8-b9a5-2eccfe5069a3) IfName(eth0) Args(IgnoreUnknown=1;K8S_POD_NAMESPACE=default;K8S_POD_NAME=pause-68d5b89fc-xv2r9;K8S_POD_INFRA_CONTAINER_ID=773469368a0139eba178da703237a1705b69ea37a9846472684b5a7a17d813ce;K8S_POD_UID=cd4aecc7-3371-4cf3-bd27-460a41c60184) Path(/opt/cni/bin) argsStdinData({\"capabilities\":{\"io.kubernetes.cri.pod-annotations\":true},\"cniVersion\":\"0.4.0\",\"mtu\":\"9001\",\"name\":\"aws-cni\",\"pluginLogFile\":\"/var/log/aws-routed-eni/plugin.log\",\"pluginLogLevel\":\"DEBUG\",\"podSGEnforcingMode\":\"strict\",\"runtimeConfig\":{\"io.kubernetes.cri.pod-annotations\":{\"kubernetes.io/config.seen\":\"2026-10-05T08:41:28.462307198Z\",\"kubernetes.io/config.source\":\"api\"}},\"type\":\"aws-cni\",\"vethPrefix\":\"eni\"})"}
{"level":"info","ts":"2026-10-05T08:42:48.748Z","caller":"routed-eni-cni-plugin/cni.go:131","msg":"Constructed new logger instance"}
{"level":"debug","ts":"2026-10-05T08:42:48.748Z","caller":"routed-eni-cni-plugin/cni.go:370","msg":"Prev Result: <nil>\n"}
{"level":"info","ts":"2026-10-05T08:42:48.748Z","caller":"routed-eni-cni-plugin/cni.go:370","msg":"Received CNI del request: ContainerID(d91033b5561293f9a05ef0c18216101b0a1939ce5a98f2a532817eec924f0173) Netns(/var/run/netns/cni-64337b13-18ca-7472-2a02-21627e07cc09) IfName(eth0) Args(K8S_POD_NAME=coredns-79f8dffc57-cv2lj;K8S_POD_INFRA_CONTAINER_ID=d91033b5561293f9a05ef0c18216101b0a1939ce5a98f2a532817eec924f0173;K8S_POD_UID=080397ba-9aa0-4db1-b449-5fe2b0811692;IgnoreUnknown=1;K8S_POD_NAMESPACE=kube-system) Path(/opt/cni/bin) argsStdinData({\"capabilities\":{\"io.kubernetes.cri.pod-annotations\":true},\"cniVersion\":\"0.4.0\",\"mtu\":\"9001\",\"name\":\"aws-cni\",\"pluginLogFile\":\"/var/log/aws-routed-eni/plugin.log\",\"pluginLogLevel\":\"DEBUG\",\"podSGEnforcingMode\":\"strict\",\"runtimeConfig\":{\"io.kubernetes.cri.pod-annotations\":{\"kubernetes.io/config.seen\":\"2026-10-05T08:38:36.188493894Z\",\"kubernetes.io/config.source\":\"api\"}},\"type\":\"aws-cni\",\"vethPrefix\":\"eni\"})"}
{"level":"debug","ts":"2026-10-05T08:42:48.748Z","caller":"routed-eni-cni-plugin/cni.go:407","msg":"Connected to IPAMD via Unix socket: /var/run/aws-node/ipamd.sock"}
{"level":"debug","ts":"2026-10-05T08:42:48.748Z","caller":"routed-eni-cni-plugin/cni.go:407","msg":"Connected to IPAMD via Unix socket: /var/run/aws-node/ipamd.sock"}
{"level":"info","ts":"2026-10-05T08:42:48.749Z","caller":"routed-eni-cni-plugin/cni.go:370","msg":"Container 773469368a0139eba178da703237a1705b69ea37a9846472684b5a7a17d813ce not found"}
{"level":"info","ts":"2026-10-05T08:42:48.752Z","caller":"routed-eni-cni-plugin/cni.go:370","msg":"Container d91033b5561293f9a05ef0c18216101b0a1939ce5a98f2a532817eec924f0173 not found"}
{"level":"info","ts":"2026-10-05T08:42:55.700Z","caller":"routed-eni-cni-plugin/cni.go:131","msg":"Constructed new logger instance"}
{"level":"info","ts":"2026-10-05T08:42:55.700Z","caller":"routed-eni-cni-plugin/cni.go:149","msg":"Received CNI add request: ContainerID(1bb3c869b8f656b861f168ff9a5d32047ef968e26ecd94a3549c4917a0e5eb87) Netns(/var/run/netns/cni-aaabbdf6-4076-96a8-8c92-8ccf85ca3a90) IfName(eth0) Args(K8S_POD_UID=f1c84b49-6e57-471b-b275-0a0535a8e3e2;IgnoreUnknown=1;K8S_POD_NAMESPACE=default;K8S_POD_NAME=pause-68d5b89fc-kwqf6;K8S_POD_INFRA_CONTAINER_ID=1bb3c869b8f656b861f168ff9a5d32047ef968e26ecd94a3549c4917a0e5eb87) Path(/opt/cni/bin) argsStdinData({\"capabilities\":{\"io.kubernetes.cri.pod-annotations\":true},\"cniVersion\":\"0.4.0\",\"mtu\":\"9001\",\"name\":\"aws-cni\",\"pluginLogFile\":\"/var/log/aws-routed-eni/plugin.log\",\"pluginLogLevel\":\"DEBUG\",\"podSGEnforcingMode\":\"strict\",\"runtimeConfig\":{\"io.kubernetes.cri.pod-annotations\":{\"kubernetes.io/config.seen\":\"2026-10-05T08:41:28.410101495Z\",\"kubernetes.io/config.source\":\"api\"}},\"type\":\"aws-cni\",\"vethPrefix\":\"eni\"})"}
{"level":"debug","ts":"2026-10-05T08:42:55.700Z","caller":"routed-eni-cni-plugin/cni.go:149","msg":"Prev Result: <nil>\n"}
{"level":"debug","ts":"2026-10-05T08:42:55.700Z","caller":"routed-eni-cni-plugin/cni.go:149","msg":"MTU value set is 9001:"}
{"level":"debug","ts":"2026-10-05T08:42:55.700Z","caller":"routed-eni-cni-plugin/cni.go:149","msg":"pod requires multi-nic attachment: false"}
{"level":"debug","ts":"2026-10-05T08:42:55.701Z","caller":"routed-eni-cni-plugin/cni.go:190","msg":"Connected to IPAMD via Unix socket: /var/run/aws-node/ipamd.sock"}
{"level":"error","ts":"2026-10-05T08:42:55.703Z","caller":"routed-eni-cni-plugin/cni.go:149","msg":"Failed to assign an IP address to container 1bb3c869b8f656b861f168ff9a5d32047ef968e26ecd94a3549c4917a0e5eb87"}
{"level":"info","ts":"2026-10-05T08:42:55.708Z","caller":"routed-eni-cni-plugin/cni.go:131","msg":"Constructed new logger instance"}
{"level":"info","ts":"2026-10-05T08:42:55.709Z","caller":"routed-eni-cni-plugin/cni.go:149","msg":"Received CNI add request: ContainerID(03e393c5ee277dc447eab20ad6df184cdda6167dd9461d78668935fa5efd7e55) Netns(/var/run/netns/cni-5f541217-1ff5-1139-19f9-8d1e6daa5ace) IfName(eth0) Args(IgnoreUnknown=1;K8S_POD_NAMESPACE=kube-system;K8S_POD_NAME=coredns-79f8dffc57-fwslz;K8S_POD_INFRA_CONTAINER_ID=03e393c5ee277dc447eab20ad6df184cdda6167dd9461d78668935fa5efd7e55;K8S_POD_UID=ad241f1d-d89e-4886-8d30-e22384a0b925) Path(/opt/cni/bin) argsStdinData({\"capabilities\":{\"io.kubernetes.cri.pod-annotations\":true},\"cniVersion\":\"0.4.0\",\"mtu\":\"9001\",\"name\":\"aws-cni\",\"pluginLogFile\":\"/var/log/aws-routed-eni/plugin.log\",\"pluginLogLevel\":\"DEBUG\",\"podSGEnforcingMode\":\"strict\",\"runtimeConfig\":{\"io.kubernetes.cri.pod-annotations\":{\"kubernetes.io/config.seen\":\"2026-10-05T08:38:36.183906822Z\",\"kubernetes.io/config.source\":\"api\"}},\"type\":\"aws-cni\",\"vethPrefix\":\"eni\"})"}
{"level":"debug","ts":"2026-10-05T08:42:55.709Z","caller":"routed-eni-cni-plugin/cni.go:149","msg":"Prev Result: <nil>\n"}
{"level":"debug","ts":"2026-10-05T08:42:55.709Z","caller":"routed-eni-cni-plugin/cni.go:149","msg":"MTU value set is 9001:"}
{"level":"debug","ts":"2026-10-05T08:42:55.709Z","caller":"routed-eni-cni-plugin/cni.go:149","msg":"pod requires multi-nic attachment: false"}
{"level":"debug","ts":"2026-10-05T08:42:55.709Z","caller":"routed-eni-cni-plugin/cni.go:190","msg":"Connected to IPAMD via Unix socket: /var/run/aws-node/ipamd.sock"}
{"level":"error","ts":"2026-10-05T08:42:55.711Z","caller":"routed-eni-cni-plugin/cni.go:149","msg":"Failed to assign an IP address to container 03e393c5ee277dc447eab20ad6df184cdda6167dd9461d78668935fa5efd7e55"}
{"level":"info","ts":"2026-10-05T08:42:55.742Z","caller":"routed-eni-cni-plugin/cni.go:131","msg":"Constructed new logger instance"}
{"level":"debug","ts":"2026-10-05T08:42:55.742Z","caller":"routed-eni-cni-plugin/cni.go:370","msg":"Prev Result: <nil>\n"}
{"level":"info","ts":"2026-10-05T08:42:55.742Z","caller":"routed-eni-cni-plugin/cni.go:370","msg":"Received CNI del request: ContainerID(1bb3c869b8f656b861f168ff9a5d32047ef968e26ecd94a3549c4917a0e5eb87) Netns(/var/run/netns/cni-aaabbdf6-4076-96a8-8c92-8ccf85ca3a90) IfName(eth0) Args(K8S_POD_UID=f1c84b49-6e57-471b-b275-0a0535a8e3e2;IgnoreUnknown=1;K8S_POD_NAMESPACE=default;K8S_POD_NAME=pause-68d5b89fc-kwqf6;K8S_POD_INFRA_CONTAINER_ID=1bb3c869b8f656b861f168ff9a5d32047ef968e26ecd94a3549c4917a0e5eb87) Path(/opt/cni/bin) argsStdinData({\"capabilities\":{\"io.kubernetes.cri.pod-annotations\":true},\"cniVersion\":\"0.4.0\",\"mtu\":\"9001\",\"name\":\"aws-cni\",\"pluginLogFile\":\"/var/log/aws-routed-eni/plugin.log\",\"pluginLogLevel\":\"DEBUG\",\"podSGEnforcingMode\":\"strict\",\"runtimeConfig\":{\"io.kubernetes.cri.pod-annotations\":{\"kubernetes.io/config.seen\":\"2026-10-05T08:41:28.410101495Z\",\"kubernetes.io/config.source\":\"api\"}},\"type\":\"aws-cni\",\"vethPrefix\":\"eni\"})"}
{"level":"info","ts":"2026-10-05T08:42:55.742Z","caller":"routed-eni-cni-plugin/cni.go:131","msg":"Constructed new logger instance"}
{"level":"debug","ts":"2026-10-05T08:42:55.742Z","caller":"routed-eni-cni-plugin/cni.go:370","msg":"Prev Result: <nil>\n"}
{"level":"info","ts":"2026-10-05T08:42:55.742Z","caller":"routed-eni-cni-plugin/cni.go:370","msg":"Received CNI del request: ContainerID(03e393c5ee277dc447eab20ad6df184cdda6167dd9461d78668935fa5efd7e55) Netns(/var/run/netns/cni-5f541217-1ff5-1139-19f9-8d1e6daa5ace) IfName(eth0) Args(K8S_POD_INFRA_CONTAINER_ID=03e393c5ee277dc447eab20ad6df184cdda6167dd9461d78668935fa5efd7e55;K8S_POD_UID=ad241f1d-d89e-4886-8d30-e22384a0b925;IgnoreUnknown=1;K8S_POD_NAMESPACE=kube-system;K8S_POD_NAME=coredns-79f8dffc57-fwslz) Path(/opt/cni/bin) argsStdinData({\"capabilities\":{\"io.kubernetes.cri.pod-annotations\":true},\"cniVersion\":\"0.4.0\",\"mtu\":\"9001\",\"name\":\"aws-cni\",\"pluginLogFile\":\"/var/log/aws-routed-eni/plugin.log\",\"pluginLogLevel\":\"DEBUG\",\"podSGEnforcingMode\":\"strict\",\"runtimeConfig\":{\"io.kubernetes.cri.pod-annotations\":{\"kubernetes.io/config.seen\":\"2026-10-05T08:38:36.183906822Z\",\"kubernetes.io/config.source\":\"api\"}},\"type\":\"aws-cni\",\"vethPrefix\":\"eni\"})"}
{"level":"debug","ts":"2026-10-05T08:42:55.743Z","caller":"routed-eni-cni-plugin/cni.go:407","msg":"Connected to IPAMD via Unix socket: /var/run/aws-node/ipamd.sock"}
{"level":"debug","ts":"2026-10-05T08:42:55.743Z","caller":"routed-eni-cni-plugin/cni.go:407","msg":"Connected to IPAMD via Unix socket: /var/run/aws-node/ipamd.sock"}
{"level":"info","ts":"2026-10-05T08:42:55.744Z","caller":"routed-eni-cni-plugin/cni.go:370","msg":"Container 03e393c5ee277dc447eab20ad6df184cdda6167dd9461d78668935fa5efd7e55 not found"}
{"level":"info","ts":"2026-10-05T08:42:55.745Z","caller":"routed-eni-cni-plugin/cni.go:370","msg":"Container 1bb3c869b8f656b861f168ff9a5d32047ef968e26ecd94a3549c4917a0e5eb87 not found"}
{"level":"info","ts":"2026-10-05T08:43:00.707Z","caller":"routed-eni-cni-plugin/cni.go:131","msg":"Constructed new logger instance"}
{"level":"info","ts":"2026-10-05T08:43:00.707Z","caller":"routed-eni-cni-plugin/cni.go:149","msg":"Received CNI add request: ContainerID(ef19d536c6e5f4923a5ac210594448705740f0926f703e07839a731065eaad71) Netns(/var/run/netns/cni-b8b53cda-b716-c642-e9ba-1d670d4d4e4b) IfName(eth0) Args(K8S_POD_NAME=pause-68d5b89fc-xv2r9;K8S_POD_INFRA_CONTAINER_ID=ef19d536c6e5f4923a5ac210594448705740f0926f703e07839a731065eaad71;K8S_POD_UID=cd4aecc7-3371-4cf3-bd27-460a41c60184;IgnoreUnknown=1;K8S_POD_NAMESPACE=default) Path(/opt/cni/bin) argsStdinData({\"capabilities\":{\"io.kubernetes.cri.pod-annotations\":true},\"cniVersion\":\"0.4.0\",\"mtu\":\"9001\",\"name\":\"aws-cni\",\"pluginLogFile\":\"/var/log/aws-routed-eni/plugin.log\",\"pluginLogLevel\":\"DEBUG\",\"podSGEnforcingMode\":\"strict\",\"runtimeConfig\":{\"io.kubernetes.cri.pod-annotations\":{\"kubernetes.io/config.seen\":\"2026-10-05T08:41:28.462307198Z\",\"kubernetes.io/config.source\":\"api\"}},\"type\":\"aws-cni\",\"vethPrefix\":\"eni\"})"}
{"level":"debug","ts":"2026-10-05T08:43:00.707Z","caller":"routed-eni-cni-plugin/cni.go:149","msg":"Prev Result: <nil>\n"}
{"level":"debug","ts":"2026-10-05T08:43:00.707Z","caller":"routed-eni-cni-plugin/cni.go:149","msg":"MTU value set is 9001:"}
{"level":"debug","ts":"2026-10-05T08:43:00.707Z","caller":"routed-eni-cni-plugin/cni.go:149","msg":"pod requires multi-nic attachment: false"}
{"level":"debug","ts":"2026-10-05T08:43:00.707Z","caller":"routed-eni-cni-plugin/cni.go:190","msg":"Connected to IPAMD via Unix socket: /var/run/aws-node/ipamd.sock"}
{"level":"error","ts":"2026-10-05T08:43:00.709Z","caller":"routed-eni-cni-plugin/cni.go:149","msg":"Failed to assign an IP address to container ef19d536c6e5f4923a5ac210594448705740f0926f703e07839a731065eaad71"}
{"level":"info","ts":"2026-10-05T08:43:00.735Z","caller":"routed-eni-cni-plugin/cni.go:131","msg":"Constructed new logger instance"}
{"level":"debug","ts":"2026-10-05T08:43:00.735Z","caller":"routed-eni-cni-plugin/cni.go:370","msg":"Prev Result: <nil>\n"}
{"level":"info","ts":"2026-10-05T08:43:00.735Z","caller":"routed-eni-cni-plugin/cni.go:370","msg":"Received CNI del request: ContainerID(ef19d536c6e5f4923a5ac210594448705740f0926f703e07839a731065eaad71) Netns(/var/run/netns/cni-b8b53cda-b716-c642-e9ba-1d670d4d4e4b) IfName(eth0) Args(IgnoreUnknown=1;K8S_POD_NAMESPACE=default;K8S_POD_NAME=pause-68d5b89fc-xv2r9;K8S_POD_INFRA_CONTAINER_ID=ef19d536c6e5f4923a5ac210594448705740f0926f703e07839a731065eaad71;K8S_POD_UID=cd4aecc7-3371-4cf3-bd27-460a41c60184) Path(/opt/cni/bin) argsStdinData({\"capabilities\":{\"io.kubernetes.cri.pod-annotations\":true},\"cniVersion\":\"0.4.0\",\"mtu\":\"9001\",\"name\":\"aws-cni\",\"pluginLogFile\":\"/var/log/aws-routed-eni/plugin.log\",\"pluginLogLevel\":\"DEBUG\",\"podSGEnforcingMode\":\"strict\",\"runtimeConfig\":{\"io.kubernetes.cri.pod-annotations\":{\"kubernetes.io/config.seen\":\"2026-10-05T08:41:28.462307198Z\",\"kubernetes.io/config.source\":\"api\"}},\"type\":\"aws-cni\",\"vethPrefix\":\"eni\"})"}
{"level":"debug","ts":"2026-10-05T08:43:00.735Z","caller":"routed-eni-cni-plugin/cni.go:407","msg":"Connected to IPAMD via Unix socket: /var/run/aws-node/ipamd.sock"}
{"level":"info","ts":"2026-10-05T08:43:00.737Z","caller":"routed-eni-cni-plugin/cni.go:370","msg":"Container ef19d536c6e5f4923a5ac210594448705740f0926f703e07839a731065eaad71 not found"}
{"level":"info","ts":"2026-10-05T08:43:02.698Z","caller":"routed-eni-cni-plugin/cni.go:131","msg":"Constructed new logger instance"}
{"level":"info","ts":"2026-10-05T08:43:02.698Z","caller":"routed-eni-cni-plugin/cni.go:149","msg":"Received CNI add request: ContainerID(723086f1faf57ad200ceff1e527ae6ca4f81ff2015abb55176d9626707975f65) Netns(/var/run/netns/cni-f8930184-bfdf-13bd-cbd3-1369190156c6) IfName(eth0) Args(K8S_POD_NAMESPACE=kube-system;K8S_POD_NAME=coredns-79f8dffc57-cv2lj;K8S_POD_INFRA_CONTAINER_ID=723086f1faf57ad200ceff1e527ae6ca4f81ff2015abb55176d9626707975f65;K8S_POD_UID=080397ba-9aa0-4db1-b449-5fe2b0811692;IgnoreUnknown=1) Path(/opt/cni/bin) argsStdinData({\"capabilities\":{\"io.kubernetes.cri.pod-annotations\":true},\"cniVersion\":\"0.4.0\",\"mtu\":\"9001\",\"name\":\"aws-cni\",\"pluginLogFile\":\"/var/log/aws-routed-eni/plugin.log\",\"pluginLogLevel\":\"DEBUG\",\"podSGEnforcingMode\":\"strict\",\"runtimeConfig\":{\"io.kubernetes.cri.pod-annotations\":{\"kubernetes.io/config.seen\":\"2026-10-05T08:38:36.188493894Z\",\"kubernetes.io/config.source\":\"api\"}},\"type\":\"aws-cni\",\"vethPrefix\":\"eni\"})"}
{"level":"debug","ts":"2026-10-05T08:43:02.698Z","caller":"routed-eni-cni-plugin/cni.go:149","msg":"Prev Result: <nil>\n"}
{"level":"debug","ts":"2026-10-05T08:43:02.698Z","caller":"routed-eni-cni-plugin/cni.go:149","msg":"MTU value set is 9001:"}
{"level":"debug","ts":"2026-10-05T08:43:02.698Z","caller":"routed-eni-cni-plugin/cni.go:149","msg":"pod requires multi-nic attachment: false"}
{"level":"debug","ts":"2026-10-05T08:43:02.699Z","caller":"routed-eni-cni-plugin/cni.go:190","msg":"Connected to IPAMD via Unix socket: /var/run/aws-node/ipamd.sock"}
{"level":"error","ts":"2026-10-05T08:43:02.700Z","caller":"routed-eni-cni-plugin/cni.go:149","msg":"Failed to assign an IP address to container 723086f1faf57ad200ceff1e527ae6ca4f81ff2015abb55176d9626707975f65"}
{"level":"info","ts":"2026-10-05T08:43:02.723Z","caller":"routed-eni-cni-plugin/cni.go:131","msg":"Constructed new logger instance"}
{"level":"debug","ts":"2026-10-05T08:43:02.723Z","caller":"routed-eni-cni-plugin/cni.go:370","msg":"Prev Result: <nil>\n"}
{"level":"info","ts":"2026-10-05T08:43:02.723Z","caller":"routed-eni-cni-plugin/cni.go:370","msg":"Received CNI del request: ContainerID(723086f1faf57ad200ceff1e527ae6ca4f81ff2015abb55176d9626707975f65) Netns(/var/run/netns/cni-f8930184-bfdf-13bd-cbd3-1369190156c6) IfName(eth0) Args(IgnoreUnknown=1;K8S_POD_NAMESPACE=kube-system;K8S_POD_NAME=coredns-79f8dffc57-cv2lj;K8S_POD_INFRA_CONTAINER_ID=723086f1faf57ad200ceff1e527ae6ca4f81ff2015abb55176d9626707975f65;K8S_POD_UID=080397ba-9aa0-4db1-b449-5fe2b0811692) Path(/opt/cni/bin) argsStdinData({\"capabilities\":{\"io.kubernetes.cri.pod-annotations\":true},\"cniVersion\":\"0.4.0\",\"mtu\":\"9001\",\"name\":\"aws-cni\",\"pluginLogFile\":\"/var/log/aws-routed-eni/plugin.log\",\"pluginLogLevel\":\"DEBUG\",\"podSGEnforcingMode\":\"strict\",\"runtimeConfig\":{\"io.kubernetes.cri.pod-annotations\":{\"kubernetes.io/config.seen\":\"2026-10-05T08:38:36.188493894Z\",\"kubernetes.io/config.source\":\"api\"}},\"type\":\"aws-cni\",\"vethPrefix\":\"eni\"})"}
{"level":"debug","ts":"2026-10-05T08:43:02.724Z","caller":"routed-eni-cni-plugin/cni.go:407","msg":"Connected to IPAMD via Unix socket: /var/run/aws-node/ipamd.sock"}
{"level":"info","ts":"2026-10-05T08:43:02.725Z","caller":"routed-eni-cni-plugin/cni.go:370","msg":"Container 723086f1faf57ad200ceff1e527ae6ca4f81ff2015abb55176d9626707975f65 not found"}
{"level":"info","ts":"2026-10-05T08:43:06.695Z","caller":"routed-eni-cni-plugin/cni.go:131","msg":"Constructed new logger instance"}
{"level":"info","ts":"2026-10-05T08:43:06.696Z","caller":"routed-eni-cni-plugin/cni.go:149","msg":"Received CNI add request: ContainerID(ba245dc22a070dcdd367d53b59a8b7e0c3679cedb63257e9e5ee4780572a4263) Netns(/var/run/netns/cni-26b814b8-f8d5-48d4-55da-90951d81913b) IfName(eth0) Args(IgnoreUnknown=1;K8S_POD_NAMESPACE=default;K8S_POD_NAME=pause-68d5b89fc-kwqf6;K8S_POD_INFRA_CONTAINER_ID=ba245dc22a070dcdd367d53b59a8b7e0c3679cedb63257e9e5ee4780572a4263;K8S_POD_UID=f1c84b49-6e57-471b-b275-0a0535a8e3e2) Path(/opt/cni/bin) argsStdinData({\"capabilities\":{\"io.kubernetes.cri.pod-annotations\":true},\"cniVersion\":\"0.4.0\",\"mtu\":\"9001\",\"name\":\"aws-cni\",\"pluginLogFile\":\"/var/log/aws-routed-eni/plugin.log\",\"pluginLogLevel\":\"DEBUG\",\"podSGEnforcingMode\":\"strict\",\"runtimeConfig\":{\"io.kubernetes.cri.pod-annotations\":{\"kubernetes.io/config.seen\":\"2026-10-05T08:41:28.410101495Z\",\"kubernetes.io/config.source\":\"api\"}},\"type\":\"aws-cni\",\"vethPrefix\":\"eni\"})"}
{"level":"debug","ts":"2026-10-05T08:43:06.696Z","caller":"routed-eni-cni-plugin/cni.go:149","msg":"Prev Result: <nil>\n"}
{"level":"debug","ts":"2026-10-05T08:43:06.696Z","caller":"routed-eni-cni-plugin/cni.go:149","msg":"MTU value set is 9001:"}
{"level":"debug","ts":"2026-10-05T08:43:06.696Z","caller":"routed-eni-cni-plugin/cni.go:149","msg":"pod requires multi-nic attachment: false"}
{"level":"debug","ts":"2026-10-05T08:43:06.696Z","caller":"routed-eni-cni-plugin/cni.go:190","msg":"Connected to IPAMD via Unix socket: /var/run/aws-node/ipamd.sock"}
{"level":"error","ts":"2026-10-05T08:43:06.698Z","caller":"routed-eni-cni-plugin/cni.go:149","msg":"Failed to assign an IP address to container ba245dc22a070dcdd367d53b59a8b7e0c3679cedb63257e9e5ee4780572a4263"}
{"level":"info","ts":"2026-10-05T08:43:06.720Z","caller":"routed-eni-cni-plugin/cni.go:131","msg":"Constructed new logger instance"}
{"level":"debug","ts":"2026-10-05T08:43:06.720Z","caller":"routed-eni-cni-plugin/cni.go:370","msg":"Prev Result: <nil>\n"}
{"level":"info","ts":"2026-10-05T08:43:06.720Z","caller":"routed-eni-cni-plugin/cni.go:370","msg":"Received CNI del request: ContainerID(ba245dc22a070dcdd367d53b59a8b7e0c3679cedb63257e9e5ee4780572a4263) Netns(/var/run/netns/cni-26b814b8-f8d5-48d4-55da-90951d81913b) IfName(eth0) Args(K8S_POD_NAME=pause-68d5b89fc-kwqf6;K8S_POD_INFRA_CONTAINER_ID=ba245dc22a070dcdd367d53b59a8b7e0c3679cedb63257e9e5ee4780572a4263;K8S_POD_UID=f1c84b49-6e57-471b-b275-0a0535a8e3e2;IgnoreUnknown=1;K8S_POD_NAMESPACE=default) Path(/opt/cni/bin) argsStdinData({\"capabilities\":{\"io.kubernetes.cri.pod-annotations\":true},\"cniVersion\":\"0.4.0\",\"mtu\":\"9001\",\"name\":\"aws-cni\",\"pluginLogFile\":\"/var/log/aws-routed-eni/plugin.log\",\"pluginLogLevel\":\"DEBUG\",\"podSGEnforcingMode\":\"strict\",\"runtimeConfig\":{\"io.kubernetes.cri.pod-annotations\":{\"kubernetes.io/config.seen\":\"2026-10-05T08:41:28.410101495Z\",\"kubernetes.io/config.source\":\"api\"}},\"type\":\"aws-cni\",\"vethPrefix\":\"eni\"})"}
{"level":"debug","ts":"2026-10-05T08:43:06.721Z","caller":"routed-eni-cni-plugin/cni.go:407","msg":"Connected to IPAMD via Unix socket: /var/run/aws-node/ipamd.sock"}
{"level":"info","ts":"2026-10-05T08:43:06.722Z","caller":"routed-eni-cni-plugin/cni.go:370","msg":"Container ba245dc22a070dcdd367d53b59a8b7e0c3679cedb63257e9e5ee4780572a4263 not found"}
{"level":"info","ts":"2026-10-05T08:43:07.698Z","caller":"routed-eni-cni-plugin/cni.go:131","msg":"Constructed new logger instance"}
{"level":"info","ts":"2026-10-05T08:43:07.698Z","caller":"routed-eni-cni-plugin/cni.go:149","msg":"Received CNI add request: ContainerID(88f7eff7cec6eaab6f9be1c4657524a5f92940654b93f49fa4286f7ed61900dc) Netns(/var/run/netns/cni-15c01ce5-8bb6-f947-f22d-0d6bf1a13e4b) IfName(eth0) Args(K8S_POD_NAME=coredns-79f8dffc57-fwslz;K8S_POD_INFRA_CONTAINER_ID=88f7eff7cec6eaab6f9be1c4657524a5f92940654b93f49fa4286f7ed61900dc;K8S_POD_UID=ad241f1d-d89e-4886-8d30-e22384a0b925;IgnoreUnknown=1;K8S_POD_NAMESPACE=kube-system) Path(/opt/cni/bin) argsStdinData({\"capabilities\":{\"io.kubernetes.cri.pod-annotations\":true},\"cniVersion\":\"0.4.0\",\"mtu\":\"9001\",\"name\":\"aws-cni\",\"pluginLogFile\":\"/var/log/aws-routed-eni/plugin.log\",\"pluginLogLevel\":\"DEBUG\",\"podSGEnforcingMode\":\"strict\",\"runtimeConfig\":{\"io.kubernetes.cri.pod-annotations\":{\"kubernetes.io/config.seen\":\"2026-10-05T08:38:36.183906822Z\",\"kubernetes.io/config.source\":\"api\"}},\"type\":\"aws-cni\",\"vethPrefix\":\"eni\"})"}
{"level":"debug","ts":"2026-10-05T08:43:07.698Z","caller":"routed-eni-cni-plugin/cni.go:149","msg":"Prev Result: <nil>\n"}
{"level":"debug","ts":"2026-10-05T08:43:07.698Z","caller":"routed-eni-cni-plugin/cni.go:149","msg":"MTU value set is 9001:"}
{"level":"debug","ts":"2026-10-05T08:43:07.698Z","caller":"routed-eni-cni-plugin/cni.go:149","msg":"pod requires multi-nic attachment: false"}
{"level":"debug","ts":"2026-10-05T08:43:07.699Z","caller":"routed-eni-cni-plugin/cni.go:190","msg":"Connected to IPAMD via Unix socket: /var/run/aws-node/ipamd.sock"}
{"level":"error","ts":"2026-10-05T08:43:07.700Z","caller":"routed-eni-cni-plugin/cni.go:149","msg":"Failed to assign an IP address to container 88f7eff7cec6eaab6f9be1c4657524a5f92940654b93f49fa4286f7ed61900dc"}
{"level":"info","ts":"2026-10-05T08:43:07.728Z","caller":"routed-eni-cni-plugin/cni.go:131","msg":"Constructed new logger instance"}
{"level":"debug","ts":"2026-10-05T08:43:07.728Z","caller":"routed-eni-cni-plugin/cni.go:370","msg":"Prev Result: <nil>\n"}
{"level":"info","ts":"2026-10-05T08:43:07.728Z","caller":"routed-eni-cni-plugin/cni.go:370","msg":"Received CNI del request: ContainerID(88f7eff7cec6eaab6f9be1c4657524a5f92940654b93f49fa4286f7ed61900dc) Netns(/var/run/netns/cni-15c01ce5-8bb6-f947-f22d-0d6bf1a13e4b) IfName(eth0) Args(K8S_POD_INFRA_CONTAINER_ID=88f7eff7cec6eaab6f9be1c4657524a5f92940654b93f49fa4286f7ed61900dc;K8S_POD_UID=ad241f1d-d89e-4886-8d30-e22384a0b925;IgnoreUnknown=1;K8S_POD_NAMESPACE=kube-system;K8S_POD_NAME=coredns-79f8dffc57-fwslz) Path(/opt/cni/bin) argsStdinData({\"capabilities\":{\"io.kubernetes.cri.pod-annotations\":true},\"cniVersion\":\"0.4.0\",\"mtu\":\"9001\",\"name\":\"aws-cni\",\"pluginLogFile\":\"/var/log/aws-routed-eni/plugin.log\",\"pluginLogLevel\":\"DEBUG\",\"podSGEnforcingMode\":\"strict\",\"runtimeConfig\":{\"io.kubernetes.cri.pod-annotations\":{\"kubernetes.io/config.seen\":\"2026-10-05T08:38:36.183906822Z\",\"kubernetes.io/config.source\":\"api\"}},\"type\":\"aws-cni\",\"vethPrefix\":\"eni\"})"}
{"level":"debug","ts":"2026-10-05T08:43:07.728Z","caller":"routed-eni-cni-plugin/cni.go:407","msg":"Connected to IPAMD via Unix socket: /var/run/aws-node/ipamd.sock"}
{"level":"info","ts":"2026-10-05T08:43:07.730Z","caller":"routed-eni-cni-plugin/cni.go:370","msg":"Container 88f7eff7cec6eaab6f9be1c4657524a5f92940654b93f49fa4286f7ed61900dc not found"}
{"level":"info","ts":"2026-10-05T08:43:13.696Z","caller":"routed-eni-cni-plugin/cni.go:131","msg":"Constructed new logger instance"}
{"level":"info","ts":"2026-10-05T08:43:13.696Z","caller":"routed-eni-cni-plugin/cni.go:149","msg":"Received CNI add request: ContainerID(58d712f9b67caec85cb4616b3a8a4a3d8bb4750a6383a73f1547196d22898b57) Netns(/var/run/netns/cni-85322336-85e3-99e4-d5fb-cc59e876c05d) IfName(eth0) Args(IgnoreUnknown=1;K8S_POD_NAMESPACE=default;K8S_POD_NAME=pause-68d5b89fc-xv2r9;K8S_POD_INFRA_CONTAINER_ID=58d712f9b67caec85cb4616b3a8a4a3d8bb4750a6383a73f1547196d22898b57;K8S_POD_UID=cd4aecc7-3371-4cf3-bd27-460a41c60184) Path(/opt/cni/bin) argsStdinData({\"capabilities\":{\"io.kubernetes.cri.pod-annotations\":true},\"cniVersion\":\"0.4.0\",\"mtu\":\"9001\",\"name\":\"aws-cni\",\"pluginLogFile\":\"/var/log/aws-routed-eni/plugin.log\",\"pluginLogLevel\":\"DEBUG\",\"podSGEnforcingMode\":\"strict\",\"runtimeConfig\":{\"io.kubernetes.cri.pod-annotations\":{\"kubernetes.io/config.seen\":\"2026-10-05T08:41:28.462307198Z\",\"kubernetes.io/config.source\":\"api\"}},\"type\":\"aws-cni\",\"vethPrefix\":\"eni\"})"}
{"level":"debug","ts":"2026-10-05T08:43:13.696Z","caller":"routed-eni-cni-plugin/cni.go:149","msg":"Prev Result: <nil>\n"}
{"level":"debug","ts":"2026-10-05T08:43:13.696Z","caller":"routed-eni-cni-plugin/cni.go:149","msg":"MTU value set is 9001:"}
{"level":"debug","ts":"2026-10-05T08:43:13.696Z","caller":"routed-eni-cni-plugin/cni.go:149","msg":"pod requires multi-nic attachment: false"}
{"level":"debug","ts":"2026-10-05T08:43:13.697Z","caller":"routed-eni-cni-plugin/cni.go:190","msg":"Connected to IPAMD via Unix socket: /var/run/aws-node/ipamd.sock"}
{"level":"error","ts":"2026-10-05T08:43:13.698Z","caller":"routed-eni-cni-plugin/cni.go:149","msg":"Failed to assign an IP address to container 58d712f9b67caec85cb4616b3a8a4a3d8bb4750a6383a73f1547196d22898b57"}
{"level":"info","ts":"2026-10-05T08:43:13.721Z","caller":"routed-eni-cni-plugin/cni.go:131","msg":"Constructed new logger instance"}
{"level":"debug","ts":"2026-10-05T08:43:13.721Z","caller":"routed-eni-cni-plugin/cni.go:370","msg":"Prev Result: <nil>\n"}
{"level":"info","ts":"2026-10-05T08:43:13.721Z","caller":"routed-eni-cni-plugin/cni.go:370","msg":"Received CNI del request: ContainerID(58d712f9b67caec85cb4616b3a8a4a3d8bb4750a6383a73f1547196d22898b57) Netns(/var/run/netns/cni-85322336-85e3-99e4-d5fb-cc59e876c05d) IfName(eth0) Args(IgnoreUnknown=1;K8S_POD_NAMESPACE=default;K8S_POD_NAME=pause-68d5b89fc-xv2r9;K8S_POD_INFRA_CONTAINER_ID=58d712f9b67caec85cb4616b3a8a4a3d8bb4750a6383a73f1547196d22898b57;K8S_POD_UID=cd4aecc7-3371-4cf3-bd27-460a41c60184) Path(/opt/cni/bin) argsStdinData({\"capabilities\":{\"io.kubernetes.cri.pod-annotations\":true},\"cniVersion\":\"0.4.0\",\"mtu\":\"9001\",\"name\":\"aws-cni\",\"pluginLogFile\":\"/var/log/aws-routed-eni/plugin.log\",\"pluginLogLevel\":\"DEBUG\",\"podSGEnforcingMode\":\"strict\",\"runtimeConfig\":{\"io.kubernetes.cri.pod-annotations\":{\"kubernetes.io/config.seen\":\"2026-10-05T08:41:28.462307198Z\",\"kubernetes.io/config.source\":\"api\"}},\"type\":\"aws-cni\",\"vethPrefix\":\"eni\"})"}
{"level":"debug","ts":"2026-10-05T08:43:13.722Z","caller":"routed-eni-cni-plugin/cni.go:407","msg":"Connected to IPAMD via Unix socket: /var/run/aws-node/ipamd.sock"}
{"level":"info","ts":"2026-10-05T08:43:13.723Z","caller":"routed-eni-cni-plugin/cni.go:370","msg":"Container 58d712f9b67caec85cb4616b3a8a4a3d8bb4750a6383a73f1547196d22898b57 not found"}
{"level":"info","ts":"2026-10-05T08:43:17.696Z","caller":"routed-eni-cni-plugin/cni.go:131","msg":"Constructed new logger instance"}
{"level":"info","ts":"2026-10-05T08:43:17.696Z","caller":"routed-eni-cni-plugin/cni.go:149","msg":"Received CNI add request: ContainerID(2a6e3d2bce569ec30fe0bf1eaf9e240bb3944ce9cb651532b6059a0d59d45ec6) Netns(/var/run/netns/cni-130e360b-8a2e-e439-c07c-0531dc0c74a7) IfName(eth0) Args(K8S_POD_INFRA_CONTAINER_ID=2a6e3d2bce569ec30fe0bf1eaf9e240bb3944ce9cb651532b6059a0d59d45ec6;K8S_POD_UID=080397ba-9aa0-4db1-b449-5fe2b0811692;IgnoreUnknown=1;K8S_POD_NAMESPACE=kube-system;K8S_POD_NAME=coredns-79f8dffc57-cv2lj) Path(/opt/cni/bin) argsStdinData({\"capabilities\":{\"io.kubernetes.cri.pod-annotations\":true},\"cniVersion\":\"0.4.0\",\"mtu\":\"9001\",\"name\":\"aws-cni\",\"pluginLogFile\":\"/var/log/aws-routed-eni/plugin.log\",\"pluginLogLevel\":\"DEBUG\",\"podSGEnforcingMode\":\"strict\",\"runtimeConfig\":{\"io.kubernetes.cri.pod-annotations\":{\"kubernetes.io/config.seen\":\"2026-10-05T08:38:36.188493894Z\",\"kubernetes.io/config.source\":\"api\"}},\"type\":\"aws-cni\",\"vethPrefix\":\"eni\"})"}
{"level":"debug","ts":"2026-10-05T08:43:17.696Z","caller":"routed-eni-cni-plugin/cni.go:149","msg":"Prev Result: <nil>\n"}
{"level":"debug","ts":"2026-10-05T08:43:17.696Z","caller":"routed-eni-cni-plugin/cni.go:149","msg":"MTU value set is 9001:"}
{"level":"debug","ts":"2026-10-05T08:43:17.696Z","caller":"routed-eni-cni-plugin/cni.go:149","msg":"pod requires multi-nic attachment: false"}
{"level":"debug","ts":"2026-10-05T08:43:17.696Z","caller":"routed-eni-cni-plugin/cni.go:190","msg":"Connected to IPAMD via Unix socket: /var/run/aws-node/ipamd.sock"}
{"level":"error","ts":"2026-10-05T08:43:17.698Z","caller":"routed-eni-cni-plugin/cni.go:149","msg":"Failed to assign an IP address to container 2a6e3d2bce569ec30fe0bf1eaf9e240bb3944ce9cb651532b6059a0d59d45ec6"}
{"level":"info","ts":"2026-10-05T08:43:17.725Z","caller":"routed-eni-cni-plugin/cni.go:131","msg":"Constructed new logger instance"}
{"level":"debug","ts":"2026-10-05T08:43:17.725Z","caller":"routed-eni-cni-plugin/cni.go:370","msg":"Prev Result: <nil>\n"}
{"level":"info","ts":"2026-10-05T08:43:17.725Z","caller":"routed-eni-cni-plugin/cni.go:370","msg":"Received CNI del request: ContainerID(2a6e3d2bce569ec30fe0bf1eaf9e240bb3944ce9cb651532b6059a0d59d45ec6) Netns(/var/run/netns/cni-130e360b-8a2e-e439-c07c-0531dc0c74a7) IfName(eth0) Args(IgnoreUnknown=1;K8S_POD_NAMESPACE=kube-system;K8S_POD_NAME=coredns-79f8dffc57-cv2lj;K8S_POD_INFRA_CONTAINER_ID=2a6e3d2bce569ec30fe0bf1eaf9e240bb3944ce9cb651532b6059a0d59d45ec6;K8S_POD_UID=080397ba-9aa0-4db1-b449-5fe2b0811692) Path(/opt/cni/bin) argsStdinData({\"capabilities\":{\"io.kubernetes.cri.pod-annotations\":true},\"cniVersion\":\"0.4.0\",\"mtu\":\"9001\",\"name\":\"aws-cni\",\"pluginLogFile\":\"/var/log/aws-routed-eni/plugin.log\",\"pluginLogLevel\":\"DEBUG\",\"podSGEnforcingMode\":\"strict\",\"runtimeConfig\":{\"io.kubernetes.cri.pod-annotations\":{\"kubernetes.io/config.seen\":\"2026-10-05T08:38:36.188493894Z\",\"kubernetes.io/config.source\":\"api\"}},\"type\":\"aws-cni\",\"vethPrefix\":\"eni\"})"}
{"level":"debug","ts":"2026-10-05T08:43:17.726Z","caller":"routed-eni-cni-plugin/cni.go:407","msg":"Connected to IPAMD via Unix socket: /var/run/aws-node/ipamd.sock"}
{"level":"info","ts":"2026-10-05T08:43:17.727Z","caller":"routed-eni-cni-plugin/cni.go:370","msg":"Container 2a6e3d2bce569ec30fe0bf1eaf9e240bb3944ce9cb651532b6059a0d59d45ec6 not found"}
{"level":"info","ts":"2026-10-05T08:43:19.694Z","caller":"routed-eni-cni-plugin/cni.go:131","msg":"Constructed new logger instance"}
{"level":"info","ts":"2026-10-05T08:43:19.694Z","caller":"routed-eni-cni-plugin/cni.go:149","msg":"Received CNI add request: ContainerID(e53f2491daed83912da8e3dd5abdfef5d8f8cbefaffc7311671d0b6bef041ab9) Netns(/var/run/netns/cni-617aa9bd-b98e-b630-5f0c-111122223333) IfName(eth0) Args(K8S_POD_NAMESPACE=default;K8S_POD_NAME=pause-68d5b89fc-kwqf6;K8S_POD_INFRA_CONTAINER_ID=e53f2491daed83912da8e3dd5abdfef5d8f8cbefaffc7311671d0b6bef041ab9;K8S_POD_UID=f1c84b49-6e57-471b-b275-0a0535a8e3e2;IgnoreUnknown=1) Path(/opt/cni/bin) argsStdinData({\"capabilities\":{\"io.kubernetes.cri.pod-annotations\":true},\"cniVersion\":\"0.4.0\",\"mtu\":\"9001\",\"name\":\"aws-cni\",\"pluginLogFile\":\"/var/log/aws-routed-eni/plugin.log\",\"pluginLogLevel\":\"DEBUG\",\"podSGEnforcingMode\":\"strict\",\"runtimeConfig\":{\"io.kubernetes.cri.pod-annotations\":{\"kubernetes.io/config.seen\":\"2026-10-05T08:41:28.410101495Z\",\"kubernetes.io/config.source\":\"api\"}},\"type\":\"aws-cni\",\"vethPrefix\":\"eni\"})"}
{"level":"debug","ts":"2026-10-05T08:43:19.694Z","caller":"routed-eni-cni-plugin/cni.go:149","msg":"Prev Result: <nil>\n"}
{"level":"debug","ts":"2026-10-05T08:43:19.694Z","caller":"routed-eni-cni-plugin/cni.go:149","msg":"MTU value set is 9001:"}
{"level":"debug","ts":"2026-10-05T08:43:19.694Z","caller":"routed-eni-cni-plugin/cni.go:149","msg":"pod requires multi-nic attachment: false"}
{"level":"debug","ts":"2026-10-05T08:43:19.695Z","caller":"routed-eni-cni-plugin/cni.go:190","msg":"Connected to IPAMD via Unix socket: /var/run/aws-node/ipamd.sock"}
{"level":"error","ts":"2026-10-05T08:43:19.698Z","caller":"routed-eni-cni-plugin/cni.go:149","msg":"Failed to assign an IP address to container e53f2491daed83912da8e3dd5abdfef5d8f8cbefaffc7311671d0b6bef041ab9"}
{"level":"info","ts":"2026-10-05T08:43:19.720Z","caller":"routed-eni-cni-plugin/cni.go:131","msg":"Constructed new logger instance"}
{"level":"debug","ts":"2026-10-05T08:43:19.721Z","caller":"routed-eni-cni-plugin/cni.go:370","msg":"Prev Result: <nil>\n"}
{"level":"info","ts":"2026-10-05T08:43:19.721Z","caller":"routed-eni-cni-plugin/cni.go:370","msg":"Received CNI del request: ContainerID(e53f2491daed83912da8e3dd5abdfef5d8f8cbefaffc7311671d0b6bef041ab9) Netns(/var/run/netns/cni-617aa9bd-b98e-b630-5f0c-111122223333) IfName(eth0) Args(K8S_POD_INFRA_CONTAINER_ID=e53f2491daed83912da8e3dd5abdfef5d8f8cbefaffc7311671d0b6bef041ab9;K8S_POD_UID=f1c84b49-6e57-471b-b275-0a0535a8e3e2;IgnoreUnknown=1;K8S_POD_NAMESPACE=default;K8S_POD_NAME=pause-68d5b89fc-kwqf6) Path(/opt/cni/bin) argsStdinData({\"capabilities\":{\"io.kubernetes.cri.pod-annotations\":true},\"cniVersion\":\"0.4.0\",\"mtu\":\"9001\",\"name\":\"aws-cni\",\"pluginLogFile\":\"/var/log/aws-routed-eni/plugin.log\",\"pluginLogLevel\":\"DEBUG\",\"podSGEnforcingMode\":\"strict\",\"runtimeConfig\":{\"io.kubernetes.cri.pod-annotations\":{\"kubernetes.io/config.seen\":\"2026-10-05T08:41:28.410101495Z\",\"kubernetes.io/config.source\":\"api\"}},\"type\":\"aws-cni\",\"vethPrefix\":\"eni\"})"}
{"level":"debug","ts":"2026-10-05T08:43:19.721Z","caller":"routed-eni-cni-plugin/cni.go:407","msg":"Connected to IPAMD via Unix socket: /var/run/aws-node/ipamd.sock"}
{"level":"info","ts":"2026-10-05T08:43:19.722Z","caller":"routed-eni-cni-plugin/cni.go:370","msg":"Container e53f2491daed83912da8e3dd5abdfef5d8f8cbefaffc7311671d0b6bef041ab9 not found"}
{"level":"info","ts":"2026-10-05T08:43:21.695Z","caller":"routed-eni-cni-plugin/cni.go:131","msg":"Constructed new logger instance"}
{"level":"info","ts":"2026-10-05T08:43:21.695Z","caller":"routed-eni-cni-plugin/cni.go:149","msg":"Received CNI add request: ContainerID(011af39e4aa9d47a840d097429f6922a40c19328f85d2373b5e11270d2909a0c) Netns(/var/run/netns/cni-5729bcae-95a8-72be-a35d-04f1fc6fd420) IfName(eth0) Args(K8S_POD_INFRA_CONTAINER_ID=011af39e4aa9d47a840d097429f6922a40c19328f85d2373b5e11270d2909a0c;K8S_POD_UID=ad241f1d-d89e-4886-8d30-e22384a0b925;IgnoreUnknown=1;K8S_POD_NAMESPACE=kube-system;K8S_POD_NAME=coredns-79f8dffc57-fwslz) Path(/opt/cni/bin) argsStdinData({\"capabilities\":{\"io.kubernetes.cri.pod-annotations\":true},\"cniVersion\":\"0.4.0\",\"mtu\":\"9001\",\"name\":\"aws-cni\",\"pluginLogFile\":\"/var/log/aws-routed-eni/plugin.log\",\"pluginLogLevel\":\"DEBUG\",\"podSGEnforcingMode\":\"strict\",\"runtimeConfig\":{\"io.kubernetes.cri.pod-annotations\":{\"kubernetes.io/config.seen\":\"2026-10-05T08:38:36.183906822Z\",\"kubernetes.io/config.source\":\"api\"}},\"type\":\"aws-cni\",\"vethPrefix\":\"eni\"})"}
{"level":"debug","ts":"2026-10-05T08:43:21.695Z","caller":"routed-eni-cni-plugin/cni.go:149","msg":"Prev Result: <nil>\n"}
{"level":"debug","ts":"2026-10-05T08:43:21.695Z","caller":"routed-eni-cni-plugin/cni.go:149","msg":"MTU value set is 9001:"}
{"level":"debug","ts":"2026-10-05T08:43:21.695Z","caller":"routed-eni-cni-plugin/cni.go:149","msg":"pod requires multi-nic attachment: false"}
{"level":"debug","ts":"2026-10-05T08:43:21.695Z","caller":"routed-eni-cni-plugin/cni.go:190","msg":"Connected to IPAMD via Unix socket: /var/run/aws-node/ipamd.sock"}
{"level":"error","ts":"2026-10-05T08:43:21.696Z","caller":"routed-eni-cni-plugin/cni.go:149","msg":"Failed to assign an IP address to container 011af39e4aa9d47a840d097429f6922a40c19328f85d2373b5e11270d2909a0c"}
{"level":"info","ts":"2026-10-05T08:43:21.719Z","caller":"routed-eni-cni-plugin/cni.go:131","msg":"Constructed new logger instance"}
{"level":"debug","ts":"2026-10-05T08:43:21.720Z","caller":"routed-eni-cni-plugin/cni.go:370","msg":"Prev Result: <nil>\n"}
{"level":"info","ts":"2026-10-05T08:43:21.720Z","caller":"routed-eni-cni-plugin/cni.go:370","msg":"Received CNI del request: ContainerID(011af39e4aa9d47a840d097429f6922a40c19328f85d2373b5e11270d2909a0c) Netns(/var/run/netns/cni-5729bcae-95a8-72be-a35d-04f1fc6fd420) IfName(eth0) Args(IgnoreUnknown=1;K8S_POD_NAMESPACE=kube-system;K8S_POD_NAME=coredns-79f8dffc57-fwslz;K8S_POD_INFRA_CONTAINER_ID=011af39e4aa9d47a840d097429f6922a40c19328f85d2373b5e11270d2909a0c;K8S_POD_UID=ad241f1d-d89e-4886-8d30-e22384a0b925) Path(/opt/cni/bin) argsStdinData({\"capabilities\":{\"io.kubernetes.cri.pod-annotations\":true},\"cniVersion\":\"0.4.0\",\"mtu\":\"9001\",\"name\":\"aws-cni\",\"pluginLogFile\":\"/var/log/aws-routed-eni/plugin.log\",\"pluginLogLevel\":\"DEBUG\",\"podSGEnforcingMode\":\"strict\",\"runtimeConfig\":{\"io.kubernetes.cri.pod-annotations\":{\"kubernetes.io/config.seen\":\"2026-10-05T08:38:36.183906822Z\",\"kubernetes.io/config.source\":\"api\"}},\"type\":\"aws-cni\",\"vethPrefix\":\"eni\"})"}
{"level":"debug","ts":"2026-10-05T08:43:21.720Z","caller":"routed-eni-cni-plugin/cni.go:407","msg":"Connected to IPAMD via Unix socket: /var/run/aws-node/ipamd.sock"}
{"level":"info","ts":"2026-10-05T08:43:21.721Z","caller":"routed-eni-cni-plugin/cni.go:370","msg":"Container 011af39e4aa9d47a840d097429f6922a40c19328f85d2373b5e11270d2909a0c not found"}
{"level":"info","ts":"2026-10-05T08:43:26.694Z","caller":"routed-eni-cni-plugin/cni.go:131","msg":"Constructed new logger instance"}
{"level":"info","ts":"2026-10-05T08:43:26.695Z","caller":"routed-eni-cni-plugin/cni.go:149","msg":"Received CNI add request: ContainerID(b2edcd61821cb2374011b31238003ca251346e9d9d5bf772341015c23105c766) Netns(/var/run/netns/cni-0f59a9ef-afdd-218f-93d7-cd4e6b282724) IfName(eth0) Args(K8S_POD_UID=cd4aecc7-3371-4cf3-bd27-460a41c60184;IgnoreUnknown=1;K8S_POD_NAMESPACE=default;K8S_POD_NAME=pause-68d5b89fc-xv2r9;K8S_POD_INFRA_CONTAINER_ID=b2edcd61821cb2374011b31238003ca251346e9d9d5bf772341015c23105c766) Path(/opt/cni/bin) argsStdinData({\"capabilities\":{\"io.kubernetes.cri.pod-annotations\":true},\"cniVersion\":\"0.4.0\",\"mtu\":\"9001\",\"name\":\"aws-cni\",\"pluginLogFile\":\"/var/log/aws-routed-eni/plugin.log\",\"pluginLogLevel\":\"DEBUG\",\"podSGEnforcingMode\":\"strict\",\"runtimeConfig\":{\"io.kubernetes.cri.pod-annotations\":{\"kubernetes.io/config.seen\":\"2026-10-05T08:41:28.462307198Z\",\"kubernetes.io/config.source\":\"api\"}},\"type\":\"aws-cni\",\"vethPrefix\":\"eni\"})"}
{"level":"debug","ts":"2026-10-05T08:43:26.695Z","caller":"routed-eni-cni-plugin/cni.go:149","msg":"Prev Result: <nil>\n"}
{"level":"debug","ts":"2026-10-05T08:43:26.695Z","caller":"routed-eni-cni-plugin/cni.go:149","msg":"MTU value set is 9001:"}
{"level":"debug","ts":"2026-10-05T08:43:26.695Z","caller":"routed-eni-cni-plugin/cni.go:149","msg":"pod requires multi-nic attachment: false"}
{"level":"debug","ts":"2026-10-05T08:43:26.695Z","caller":"routed-eni-cni-plugin/cni.go:190","msg":"Connected to IPAMD via Unix socket: /var/run/aws-node/ipamd.sock"}
{"level":"error","ts":"2026-10-05T08:43:26.696Z","caller":"routed-eni-cni-plugin/cni.go:149","msg":"Failed to assign an IP address to container b2edcd61821cb2374011b31238003ca251346e9d9d5bf772341015c23105c766"}
{"level":"info","ts":"2026-10-05T08:43:26.719Z","caller":"routed-eni-cni-plugin/cni.go:131","msg":"Constructed new logger instance"}
{"level":"debug","ts":"2026-10-05T08:43:26.719Z","caller":"routed-eni-cni-plugin/cni.go:370","msg":"Prev Result: <nil>\n"}
{"level":"info","ts":"2026-10-05T08:43:26.719Z","caller":"routed-eni-cni-plugin/cni.go:370","msg":"Received CNI del request: ContainerID(b2edcd61821cb2374011b31238003ca251346e9d9d5bf772341015c23105c766) Netns(/var/run/netns/cni-0f59a9ef-afdd-218f-93d7-cd4e6b282724) IfName(eth0) Args(K8S_POD_INFRA_CONTAINER_ID=b2edcd61821cb2374011b31238003ca251346e9d9d5bf772341015c23105c766;K8S_POD_UID=cd4aecc7-3371-4cf3-bd27-460a41c60184;IgnoreUnknown=1;K8S_POD_NAMESPACE=default;K8S_POD_NAME=pause-68d5b89fc-xv2r9) Path(/opt/cni/bin) argsStdinData({\"capabilities\":{\"io.kubernetes.cri.pod-annotations\":true},\"cniVersion\":\"0.4.0\",\"mtu\":\"9001\",\"name\":\"aws-cni\",\"pluginLogFile\":\"/var/log/aws-routed-eni/plugin.log\",\"pluginLogLevel\":\"DEBUG\",\"podSGEnforcingMode\":\"strict\",\"runtimeConfig\":{\"io.kubernetes.cri.pod-annotations\":{\"kubernetes.io/config.seen\":\"2026-10-05T08:41:28.462307198Z\",\"kubernetes.io/config.source\":\"api\"}},\"type\":\"aws-cni\",\"vethPrefix\":\"eni\"})"}
{"level":"debug","ts":"2026-10-05T08:43:26.720Z","caller":"routed-eni-cni-plugin/cni.go:407","msg":"Connected to IPAMD via Unix socket: /var/run/aws-node/ipamd.sock"}
{"level":"info","ts":"2026-10-05T08:43:26.721Z","caller":"routed-eni-cni-plugin/cni.go:370","msg":"Container b2edcd61821cb2374011b31238003ca251346e9d9d5bf772341015c23105c766 not found"}
{"level":"info","ts":"2026-10-05T08:43:30.694Z","caller":"routed-eni-cni-plugin/cni.go:131","msg":"Constructed new logger instance"}
{"level":"info","ts":"2026-10-05T08:43:30.694Z","caller":"routed-eni-cni-plugin/cni.go:149","msg":"Received CNI add request: ContainerID(e2db6c9be434cff3e497dba256c3d3642061ccf52ad260a7d73f9dbdea22af95) Netns(/var/run/netns/cni-d7beaf0b-1753-25b8-0cb0-55c4b8c6ff0c) IfName(eth0) Args(IgnoreUnknown=1;K8S_POD_NAMESPACE=kube-system;K8S_POD_NAME=coredns-79f8dffc57-cv2lj;K8S_POD_INFRA_CONTAINER_ID=e2db6c9be434cff3e497dba256c3d3642061ccf52ad260a7d73f9dbdea22af95;K8S_POD_UID=080397ba-9aa0-4db1-b449-5fe2b0811692) Path(/opt/cni/bin) argsStdinData({\"capabilities\":{\"io.kubernetes.cri.pod-annotations\":true},\"cniVersion\":\"0.4.0\",\"mtu\":\"9001\",\"name\":\"aws-cni\",\"pluginLogFile\":\"/var/log/aws-routed-eni/plugin.log\",\"pluginLogLevel\":\"DEBUG\",\"podSGEnforcingMode\":\"strict\",\"runtimeConfig\":{\"io.kubernetes.cri.pod-annotations\":{\"kubernetes.io/config.seen\":\"2026-10-05T08:38:36.188493894Z\",\"kubernetes.io/config.source\":\"api\"}},\"type\":\"aws-cni\",\"vethPrefix\":\"eni\"})"}
{"level":"debug","ts":"2026-10-05T08:43:30.694Z","caller":"routed-eni-cni-plugin/cni.go:149","msg":"Prev Result: <nil>\n"}
{"level":"debug","ts":"2026-10-05T08:43:30.694Z","caller":"routed-eni-cni-plugin/cni.go:149","msg":"MTU value set is 9001:"}
{"level":"debug","ts":"2026-10-05T08:43:30.694Z","caller":"routed-eni-cni-plugin/cni.go:149","msg":"pod requires multi-nic attachment: false"}
{"level":"debug","ts":"2026-10-05T08:43:30.695Z","caller":"routed-eni-cni-plugin/cni.go:190","msg":"Connected to IPAMD via Unix socket: /var/run/aws-node/ipamd.sock"}
{"level":"error","ts":"2026-10-05T08:43:30.697Z","caller":"routed-eni-cni-plugin/cni.go:149","msg":"Failed to assign an IP address to container e2db6c9be434cff3e497dba256c3d3642061ccf52ad260a7d73f9dbdea22af95"}
{"level":"info","ts":"2026-10-05T08:43:30.720Z","caller":"routed-eni-cni-plugin/cni.go:131","msg":"Constructed new logger instance"}
{"level":"debug","ts":"2026-10-05T08:43:30.720Z","caller":"routed-eni-cni-plugin/cni.go:370","msg":"Prev Result: <nil>\n"}
{"level":"info","ts":"2026-10-05T08:43:30.720Z","caller":"routed-eni-cni-plugin/cni.go:370","msg":"Received CNI del request: ContainerID(e2db6c9be434cff3e497dba256c3d3642061ccf52ad260a7d73f9dbdea22af95) Netns(/var/run/netns/cni-d7beaf0b-1753-25b8-0cb0-55c4b8c6ff0c) IfName(eth0) Args(IgnoreUnknown=1;K8S_POD_NAMESPACE=kube-system;K8S_POD_NAME=coredns-79f8dffc57-cv2lj;K8S_POD_INFRA_CONTAINER_ID=e2db6c9be434cff3e497dba256c3d3642061ccf52ad260a7d73f9dbdea22af95;K8S_POD_UID=080397ba-9aa0-4db1-b449-5fe2b0811692) Path(/opt/cni/bin) argsStdinData({\"capabilities\":{\"io.kubernetes.cri.pod-annotations\":true},\"cniVersion\":\"0.4.0\",\"mtu\":\"9001\",\"name\":\"aws-cni\",\"pluginLogFile\":\"/var/log/aws-routed-eni/plugin.log\",\"pluginLogLevel\":\"DEBUG\",\"podSGEnforcingMode\":\"strict\",\"runtimeConfig\":{\"io.kubernetes.cri.pod-annotations\":{\"kubernetes.io/config.seen\":\"2026-10-05T08:38:36.188493894Z\",\"kubernetes.io/config.source\":\"api\"}},\"type\":\"aws-cni\",\"vethPrefix\":\"eni\"})"}
{"level":"debug","ts":"2026-10-05T08:43:30.721Z","caller":"routed-eni-cni-plugin/cni.go:407","msg":"Connected to IPAMD via Unix socket: /var/run/aws-node/ipamd.sock"}
{"level":"info","ts":"2026-10-05T08:43:30.722Z","caller":"routed-eni-cni-plugin/cni.go:370","msg":"Container e2db6c9be434cff3e497dba256c3d3642061ccf52ad260a7d73f9dbdea22af95 not found"}
{"level":"info","ts":"2026-10-05T08:43:31.695Z","caller":"routed-eni-cni-plugin/cni.go:131","msg":"Constructed new logger instance"}
{"level":"info","ts":"2026-10-05T08:43:31.696Z","caller":"routed-eni-cni-plugin/cni.go:149","msg":"Received CNI add request: ContainerID(19a5f404f00e7741e4a97b556a58270a1e66514f0749ad17b94a8b2ff7062ccf) Netns(/var/run/netns/cni-69f9c9a4-7acc-167b-8eed-cb9fe5ba7668) IfName(eth0) Args(K8S_POD_NAMESPACE=default;K8S_POD_NAME=pause-68d5b89fc-kwqf6;K8S_POD_INFRA_CONTAINER_ID=19a5f404f00e7741e4a97b556a58270a1e66514f0749ad17b94a8b2ff7062ccf;K8S_POD_UID=f1c84b49-6e57-471b-b275-0a0535a8e3e2;IgnoreUnknown=1) Path(/opt/cni/bin) argsStdinData({\"capabilities\":{\"io.kubernetes.cri.pod-annotations\":true},\"cniVersion\":\"0.4.0\",\"mtu\":\"9001\",\"name\":\"aws-cni\",\"pluginLogFile\":\"/var/log/aws-routed-eni/plugin.log\",\"pluginLogLevel\":\"DEBUG\",\"podSGEnforcingMode\":\"strict\",\"runtimeConfig\":{\"io.kubernetes.cri.pod-annotations\":{\"kubernetes.io/config.seen\":\"2026-10-05T08:41:28.410101495Z\",\"kubernetes.io/config.source\":\"api\"}},\"type\":\"aws-cni\",\"vethPrefix\":\"eni\"})"}
{"level":"debug","ts":"2026-10-05T08:43:31.696Z","caller":"routed-eni-cni-plugin/cni.go:149","msg":"Prev Result: <nil>\n"}
{"level":"debug","ts":"2026-10-05T08:43:31.696Z","caller":"routed-eni-cni-plugin/cni.go:149","msg":"MTU value set is 9001:"}
{"level":"debug","ts":"2026-10-05T08:43:31.696Z","caller":"routed-eni-cni-plugin/cni.go:149","msg":"pod requires multi-nic attachment: false"}
{"level":"debug","ts":"2026-10-05T08:43:31.697Z","caller":"routed-eni-cni-plugin/cni.go:190","msg":"Connected to IPAMD via Unix socket: /var/run/aws-node/ipamd.sock"}
{"level":"error","ts":"2026-10-05T08:43:31.699Z","caller":"routed-eni-cni-plugin/cni.go:149","msg":"Failed to assign an IP address to container 19a5f404f00e7741e4a97b556a58270a1e66514f0749ad17b94a8b2ff7062ccf"}
{"level":"info","ts":"2026-10-05T08:43:31.721Z","caller":"routed-eni-cni-plugin/cni.go:131","msg":"Constructed new logger instance"}
{"level":"debug","ts":"2026-10-05T08:43:31.722Z","caller":"routed-eni-cni-plugin/cni.go:370","msg":"Prev Result: <nil>\n"}
{"level":"info","ts":"2026-10-05T08:43:31.722Z","caller":"routed-eni-cni-plugin/cni.go:370","msg":"Received CNI del request: ContainerID(19a5f404f00e7741e4a97b556a58270a1e66514f0749ad17b94a8b2ff7062ccf) Netns(/var/run/netns/cni-69f9c9a4-7acc-167b-8eed-cb9fe5ba7668) IfName(eth0) Args(IgnoreUnknown=1;K8S_POD_NAMESPACE=default;K8S_POD_NAME=pause-68d5b89fc-kwqf6;K8S_POD_INFRA_CONTAINER_ID=19a5f404f00e7741e4a97b556a58270a1e66514f0749ad17b94a8b2ff7062ccf;K8S_POD_UID=f1c84b49-6e57-471b-b275-0a0535a8e3e2) Path(/opt/cni/bin) argsStdinData({\"capabilities\":{\"io.kubernetes.cri.pod-annotations\":true},\"cniVersion\":\"0.4.0\",\"mtu\":\"9001\",\"name\":\"aws-cni\",\"pluginLogFile\":\"/var/log/aws-routed-eni/plugin.log\",\"pluginLogLevel\":\"DEBUG\",\"podSGEnforcingMode\":\"strict\",\"runtimeConfig\":{\"io.kubernetes.cri.pod-annotations\":{\"kubernetes.io/config.seen\":\"2026-10-05T08:41:28.410101495Z\",\"kubernetes.io/config.source\":\"api\"}},\"type\":\"aws-cni\",\"vethPrefix\":\"eni\"})"}
{"level":"debug","ts":"2026-10-05T08:43:31.722Z","caller":"routed-eni-cni-plugin/cni.go:407","msg":"Connected to IPAMD via Unix socket: /var/run/aws-node/ipamd.sock"}
{"level":"info","ts":"2026-10-05T08:43:31.723Z","caller":"routed-eni-cni-plugin/cni.go:370","msg":"Container 19a5f404f00e7741e4a97b556a58270a1e66514f0749ad17b94a8b2ff7062ccf not found"}
{"level":"info","ts":"2026-10-05T08:43:34.696Z","caller":"routed-eni-cni-plugin/cni.go:131","msg":"Constructed new logger instance"}
{"level":"info","ts":"2026-10-05T08:43:34.696Z","caller":"routed-eni-cni-plugin/cni.go:149","msg":"Received CNI add request: ContainerID(e40710ad536361252aa14ae7f287df519beb3b4450fd4fca98f550adafbf19cf) Netns(/var/run/netns/cni-3aa51d97-6078-f13b-f538-d88d69859a77) IfName(eth0) Args(K8S_POD_INFRA_CONTAINER_ID=e40710ad536361252aa14ae7f287df519beb3b4450fd4fca98f550adafbf19cf;K8S_POD_UID=ad241f1d-d89e-4886-8d30-e22384a0b925;IgnoreUnknown=1;K8S_POD_NAMESPACE=kube-system;K8S_POD_NAME=coredns-79f8dffc57-fwslz) Path(/opt/cni/bin) argsStdinData({\"capabilities\":{\"io.kubernetes.cri.pod-annotations\":true},\"cniVersion\":\"0.4.0\",\"mtu\":\"9001\",\"name\":\"aws-cni\",\"pluginLogFile\":\"/var/log/aws-routed-eni/plugin.log\",\"pluginLogLevel\":\"DEBUG\",\"podSGEnforcingMode\":\"strict\",\"runtimeConfig\":{\"io.kubernetes.cri.pod-annotations\":{\"kubernetes.io/config.seen\":\"2026-10-05T08:38:36.183906822Z\",\"kubernetes.io/config.source\":\"api\"}},\"type\":\"aws-cni\",\"vethPrefix\":\"eni\"})"}
{"level":"debug","ts":"2026-10-05T08:43:34.696Z","caller":"routed-eni-cni-plugin/cni.go:149","msg":"Prev Result: <nil>\n"}
{"level":"debug","ts":"2026-10-05T08:43:34.696Z","caller":"routed-eni-cni-plugin/cni.go:149","msg":"MTU value set is 9001:"}
{"level":"debug","ts":"2026-10-05T08:43:34.696Z","caller":"routed-eni-cni-plugin/cni.go:149","msg":"pod requires multi-nic attachment: false"}
{"level":"debug","ts":"2026-10-05T08:43:34.697Z","caller":"routed-eni-cni-plugin/cni.go:190","msg":"Connected to IPAMD via Unix socket: /var/run/aws-node/ipamd.sock"}
{"level":"error","ts":"2026-10-05T08:43:34.699Z","caller":"routed-eni-cni-plugin/cni.go:149","msg":"Failed to assign an IP address to container e40710ad536361252aa14ae7f287df519beb3b4450fd4fca98f550adafbf19cf"}
{"level":"info","ts":"2026-10-05T08:43:34.733Z","caller":"routed-eni-cni-plugin/cni.go:131","msg":"Constructed new logger instance"}
{"level":"debug","ts":"2026-10-05T08:43:34.733Z","caller":"routed-eni-cni-plugin/cni.go:370","msg":"Prev Result: <nil>\n"}
{"level":"info","ts":"2026-10-05T08:43:34.733Z","caller":"routed-eni-cni-plugin/cni.go:370","msg":"Received CNI del request: ContainerID(e40710ad536361252aa14ae7f287df519beb3b4450fd4fca98f550adafbf19cf) Netns(/var/run/netns/cni-3aa51d97-6078-f13b-f538-d88d69859a77) IfName(eth0) Args(K8S_POD_NAMESPACE=kube-system;K8S_POD_NAME=coredns-79f8dffc57-fwslz;K8S_POD_INFRA_CONTAINER_ID=e40710ad536361252aa14ae7f287df519beb3b4450fd4fca98f550adafbf19cf;K8S_POD_UID=ad241f1d-d89e-4886-8d30-e22384a0b925;IgnoreUnknown=1) Path(/opt/cni/bin) argsStdinData({\"capabilities\":{\"io.kubernetes.cri.pod-annotations\":true},\"cniVersion\":\"0.4.0\",\"mtu\":\"9001\",\"name\":\"aws-cni\",\"pluginLogFile\":\"/var/log/aws-routed-eni/plugin.log\",\"pluginLogLevel\":\"DEBUG\",\"podSGEnforcingMode\":\"strict\",\"runtimeConfig\":{\"io.kubernetes.cri.pod-annotations\":{\"kubernetes.io/config.seen\":\"2026-10-05T08:38:36.183906822Z\",\"kubernetes.io/config.source\":\"api\"}},\"type\":\"aws-cni\",\"vethPrefix\":\"eni\"})"}
{"level":"debug","ts":"2026-10-05T08:43:34.734Z","caller":"routed-eni-cni-plugin/cni.go:407","msg":"Connected to IPAMD via Unix socket: /var/run/aws-node/ipamd.sock"}
{"level":"info","ts":"2026-10-05T08:43:34.735Z","caller":"routed-eni-cni-plugin/cni.go:370","msg":"Container e40710ad536361252aa14ae7f287df519beb3b4450fd4fca98f550adafbf19cf not found"}
{"level":"info","ts":"2026-10-05T08:43:41.698Z","caller":"routed-eni-cni-plugin/cni.go:131","msg":"Constructed new logger instance"}
{"level":"info","ts":"2026-10-05T08:43:41.698Z","caller":"routed-eni-cni-plugin/cni.go:149","msg":"Received CNI add request: ContainerID(a40e84ee879d9038944c54429202d54fec9d291734eee3e32cc95417fc4b4444) Netns(/var/run/netns/cni-9e25779d-cbce-23e6-fc99-22f22a6f62f3) IfName(eth0) Args(K8S_POD_NAME=pause-68d5b89fc-xv2r9;K8S_POD_INFRA_CONTAINER_ID=a40e84ee879d9038944c54429202d54fec9d291734eee3e32cc95417fc4b4444;K8S_POD_UID=cd4aecc7-3371-4cf3-bd27-460a41c60184;IgnoreUnknown=1;K8S_POD_NAMESPACE=default) Path(/opt/cni/bin) argsStdinData({\"capabilities\":{\"io.kubernetes.cri.pod-annotations\":true},\"cniVersion\":\"0.4.0\",\"mtu\":\"9001\",\"name\":\"aws-cni\",\"pluginLogFile\":\"/var/log/aws-routed-eni/plugin.log\",\"pluginLogLevel\":\"DEBUG\",\"podSGEnforcingMode\":\"strict\",\"runtimeConfig\":{\"io.kubernetes.cri.pod-annotations\":{\"kubernetes.io/config.seen\":\"2026-10-05T08:41:28.462307198Z\",\"kubernetes.io/config.source\":\"api\"}},\"type\":\"aws-cni\",\"vethPrefix\":\"eni\"})"}
{"level":"debug","ts":"2026-10-05T08:43:41.698Z","caller":"routed-eni-cni-plugin/cni.go:149","msg":"Prev Result: <nil>\n"}
{"level":"debug","ts":"2026-10-05T08:43:41.698Z","caller":"routed-eni-cni-plugin/cni.go:149","msg":"MTU value set is 9001:"}
{"level":"debug","ts":"2026-10-05T08:43:41.698Z","caller":"routed-eni-cni-plugin/cni.go:149","msg":"pod requires multi-nic attachment: false"}
{"level":"debug","ts":"2026-10-05T08:43:41.699Z","caller":"routed-eni-cni-plugin/cni.go:190","msg":"Connected to IPAMD via Unix socket: /var/run/aws-node/ipamd.sock"}
{"level":"error","ts":"2026-10-05T08:43:41.700Z","caller":"routed-eni-cni-plugin/cni.go:149","msg":"Failed to assign an IP address to container a40e84ee879d9038944c54429202d54fec9d291734eee3e32cc95417fc4b4444"}
{"level":"info","ts":"2026-10-05T08:43:41.723Z","caller":"routed-eni-cni-plugin/cni.go:131","msg":"Constructed new logger instance"}
{"level":"debug","ts":"2026-10-05T08:43:41.723Z","caller":"routed-eni-cni-plugin/cni.go:370","msg":"Prev Result: <nil>\n"}
{"level":"info","ts":"2026-10-05T08:43:41.723Z","caller":"routed-eni-cni-plugin/cni.go:370","msg":"Received CNI del request: ContainerID(a40e84ee879d9038944c54429202d54fec9d291734eee3e32cc95417fc4b4444) Netns(/var/run/netns/cni-9e25779d-cbce-23e6-fc99-22f22a6f62f3) IfName(eth0) Args(K8S_POD_NAME=pause-68d5b89fc-xv2r9;K8S_POD_INFRA_CONTAINER_ID=a40e84ee879d9038944c54429202d54fec9d291734eee3e32cc95417fc4b4444;K8S_POD_UID=cd4aecc7-3371-4cf3-bd27-460a41c60184;IgnoreUnknown=1;K8S_POD_NAMESPACE=default) Path(/opt/cni/bin) argsStdinData({\"capabilities\":{\"io.kubernetes.cri.pod-annotations\":true},\"cniVersion\":\"0.4.0\",\"mtu\":\"9001\",\"name\":\"aws-cni\",\"pluginLogFile\":\"/var/log/aws-routed-eni/plugin.log\",\"pluginLogLevel\":\"DEBUG\",\"podSGEnforcingMode\":\"strict\",\"runtimeConfig\":{\"io.kubernetes.cri.pod-annotations\":{\"kubernetes.io/config.seen\":\"2026-10-05T08:41:28.462307198Z\",\"kubernetes.io/config.source\":\"api\"}},\"type\":\"aws-cni\",\"vethPrefix\":\"eni\"})"}
{"level":"debug","ts":"2026-10-05T08:43:41.724Z","caller":"routed-eni-cni-plugin/cni.go:407","msg":"Connected to IPAMD via Unix socket: /var/run/aws-node/ipamd.sock"}
{"level":"info","ts":"2026-10-05T08:43:41.725Z","caller":"routed-eni-cni-plugin/cni.go:370","msg":"Container a40e84ee879d9038944c54429202d54fec9d291734eee3e32cc95417fc4b4444 not found"}
{"level":"info","ts":"2026-10-05T08:43:44.708Z","caller":"routed-eni-cni-plugin/cni.go:131","msg":"Constructed new logger instance"}
{"level":"info","ts":"2026-10-05T08:43:44.708Z","caller":"routed-eni-cni-plugin/cni.go:149","msg":"Received CNI add request: ContainerID(15733e9a6352000f53ef81f82400850668b5fa24ff2a07c1bd519ec06f4dcb4d) Netns(/var/run/netns/cni-39ada832-8571-e5c6-22b9-d0c9d9597351) IfName(eth0) Args(K8S_POD_NAMESPACE=default;K8S_POD_NAME=pause-68d5b89fc-kwqf6;K8S_POD_INFRA_CONTAINER_ID=15733e9a6352000f53ef81f82400850668b5fa24ff2a07c1bd519ec06f4dcb4d;K8S_POD_UID=f1c84b49-6e57-471b-b275-0a0535a8e3e2;IgnoreUnknown=1) Path(/opt/cni/bin) argsStdinData({\"capabilities\":{\"io.kubernetes.cri.pod-annotations\":true},\"cniVersion\":\"0.4.0\",\"mtu\":\"9001\",\"name\":\"aws-cni\",\"pluginLogFile\":\"/var/log/aws-routed-eni/plugin.log\",\"pluginLogLevel\":\"DEBUG\",\"podSGEnforcingMode\":\"strict\",\"runtimeConfig\":{\"io.kubernetes.cri.pod-annotations\":{\"kubernetes.io/config.seen\":\"2026-10-05T08:41:28.410101495Z\",\"kubernetes.io/config.source\":\"api\"}},\"type\":\"aws-cni\",\"vethPrefix\":\"eni\"})"}
{"level":"debug","ts":"2026-10-05T08:43:44.708Z","caller":"routed-eni-cni-plugin/cni.go:149","msg":"Prev Result: <nil>\n"}
{"level":"debug","ts":"2026-10-05T08:43:44.708Z","caller":"routed-eni-cni-plugin/cni.go:149","msg":"MTU value set is 9001:"}
{"level":"debug","ts":"2026-10-05T08:43:44.708Z","caller":"routed-eni-cni-plugin/cni.go:149","msg":"pod requires multi-nic attachment: false"}
{"level":"debug","ts":"2026-10-05T08:43:44.710Z","caller":"routed-eni-cni-plugin/cni.go:190","msg":"Connected to IPAMD via Unix socket: /var/run/aws-node/ipamd.sock"}
{"level":"info","ts":"2026-10-05T08:43:44.711Z","caller":"routed-eni-cni-plugin/cni.go:131","msg":"Constructed new logger instance"}
{"level":"info","ts":"2026-10-05T08:43:44.711Z","caller":"routed-eni-cni-plugin/cni.go:149","msg":"Received CNI add request: ContainerID(0e4f64b45d92f0a749213c54f8109610289afc5f520ee76e4cc607c048fe09cd) Netns(/var/run/netns/cni-5e6baa6d-d03b-b302-d54b-eef083e0bc13) IfName(eth0) Args(K8S_POD_INFRA_CONTAINER_ID=0e4f64b45d92f0a749213c54f8109610289afc5f520ee76e4cc607c048fe09cd;K8S_POD_UID=080397ba-9aa0-4db1-b449-5fe2b0811692;IgnoreUnknown=1;K8S_POD_NAMESPACE=kube-system;K8S_POD_NAME=coredns-79f8dffc57-cv2lj) Path(/opt/cni/bin) argsStdinData({\"capabilities\":{\"io.kubernetes.cri.pod-annotations\":true},\"cniVersion\":\"0.4.0\",\"mtu\":\"9001\",\"name\":\"aws-cni\",\"pluginLogFile\":\"/var/log/aws-routed-eni/plugin.log\",\"pluginLogLevel\":\"DEBUG\",\"podSGEnforcingMode\":\"strict\",\"runtimeConfig\":{\"io.kubernetes.cri.pod-annotations\":{\"kubernetes.io/config.seen\":\"2026-10-05T08:38:36.188493894Z\",\"kubernetes.io/config.source\":\"api\"}},\"type\":\"aws-cni\",\"vethPrefix\":\"eni\"})"}
{"level":"debug","ts":"2026-10-05T08:43:44.711Z","caller":"routed-eni-cni-plugin/cni.go:149","msg":"Prev Result: <nil>\n"}
{"level":"debug","ts":"2026-10-05T08:43:44.711Z","caller":"routed-eni-cni-plugin/cni.go:149","msg":"MTU value set is 9001:"}
{"level":"debug","ts":"2026-10-05T08:43:44.711Z","caller":"routed-eni-cni-plugin/cni.go:149","msg":"pod requires multi-nic attachment: false"}
{"level":"error","ts":"2026-10-05T08:43:44.713Z","caller":"routed-eni-cni-plugin/cni.go:149","msg":"Failed to assign an IP address to container 15733e9a6352000f53ef81f82400850668b5fa24ff2a07c1bd519ec06f4dcb4d"}
{"level":"debug","ts":"2026-10-05T08:43:44.713Z","caller":"routed-eni-cni-plugin/cni.go:190","msg":"Connected to IPAMD via Unix socket: /var/run/aws-node/ipamd.sock"}
{"level":"error","ts":"2026-10-05T08:43:44.716Z","caller":"routed-eni-cni-plugin/cni.go:149","msg":"Failed to assign an IP address to container 0e4f64b45d92f0a749213c54f8109610289afc5f520ee76e4cc607c048fe09cd"}
{"level":"info","ts":"2026-10-05T08:43:44.770Z","caller":"routed-eni-cni-plugin/cni.go:131","msg":"Constructed new logger instance"}
{"level":"debug","ts":"2026-10-05T08:43:44.770Z","caller":"routed-eni-cni-plugin/cni.go:370","msg":"Prev Result: <nil>\n"}
{"level":"info","ts":"2026-10-05T08:43:44.770Z","caller":"routed-eni-cni-plugin/cni.go:370","msg":"Received CNI del request: ContainerID(0e4f64b45d92f0a749213c54f8109610289afc5f520ee76e4cc607c048fe09cd) Netns(/var/run/netns/cni-5e6baa6d-d03b-b302-d54b-eef083e0bc13) IfName(eth0) Args(K8S_POD_INFRA_CONTAINER_ID=0e4f64b45d92f0a749213c54f8109610289afc5f520ee76e4cc607c048fe09cd;K8S_POD_UID=080397ba-9aa0-4db1-b449-5fe2b0811692;IgnoreUnknown=1;K8S_POD_NAMESPACE=kube-system;K8S_POD_NAME=coredns-79f8dffc57-cv2lj) Path(/opt/cni/bin) argsStdinData({\"capabilities\":{\"io.kubernetes.cri.pod-annotations\":true},\"cniVersion\":\"0.4.0\",\"mtu\":\"9001\",\"name\":\"aws-cni\",\"pluginLogFile\":\"/var/log/aws-routed-eni/plugin.log\",\"pluginLogLevel\":\"DEBUG\",\"podSGEnforcingMode\":\"strict\",\"runtimeConfig\":{\"io.kubernetes.cri.pod-annotations\":{\"kubernetes.io/config.seen\":\"2026-10-05T08:38:36.188493894Z\",\"kubernetes.io/config.source\":\"api\"}},\"type\":\"aws-cni\",\"vethPrefix\":\"eni\"})"}
{"level":"debug","ts":"2026-10-05T08:43:44.771Z","caller":"routed-eni-cni-plugin/cni.go:407","msg":"Connected to IPAMD via Unix socket: /var/run/aws-node/ipamd.sock"}
{"level":"info","ts":"2026-10-05T08:43:44.772Z","caller":"routed-eni-cni-plugin/cni.go:370","msg":"Container 0e4f64b45d92f0a749213c54f8109610289afc5f520ee76e4cc607c048fe09cd not found"}
{"level":"info","ts":"2026-10-05T08:43:44.772Z","caller":"routed-eni-cni-plugin/cni.go:131","msg":"Constructed new logger instance"}
{"level":"debug","ts":"2026-10-05T08:43:44.772Z","caller":"routed-eni-cni-plugin/cni.go:370","msg":"Prev Result: <nil>\n"}
{"level":"info","ts":"2026-10-05T08:43:44.773Z","caller":"routed-eni-cni-plugin/cni.go:370","msg":"Received CNI del request: ContainerID(15733e9a6352000f53ef81f82400850668b5fa24ff2a07c1bd519ec06f4dcb4d) Netns(/var/run/netns/cni-39ada832-8571-e5c6-22b9-d0c9d9597351) IfName(eth0) Args(IgnoreUnknown=1;K8S_POD_NAMESPACE=default;K8S_POD_NAME=pause-68d5b89fc-kwqf6;K8S_POD_INFRA_CONTAINER_ID=15733e9a6352000f53ef81f82400850668b5fa24ff2a07c1bd519ec06f4dcb4d;K8S_POD_UID=f1c84b49-6e57-471b-b275-0a0535a8e3e2) Path(/opt/cni/bin) argsStdinData({\"capabilities\":{\"io.kubernetes.cri.pod-annotations\":true},\"cniVersion\":\"0.4.0\",\"mtu\":\"9001\",\"name\":\"aws-cni\",\"pluginLogFile\":\"/var/log/aws-routed-eni/plugin.log\",\"pluginLogLevel\":\"DEBUG\",\"podSGEnforcingMode\":\"strict\",\"runtimeConfig\":{\"io.kubernetes.cri.pod-annotations\":{\"kubernetes.io/config.seen\":\"2026-10-05T08:41:28.410101495Z\",\"kubernetes.io/config.source\":\"api\"}},\"type\":\"aws-cni\",\"vethPrefix\":\"eni\"})"}
{"level":"debug","ts":"2026-10-05T08:43:44.773Z","caller":"routed-eni-cni-plugin/cni.go:407","msg":"Connected to IPAMD via Unix socket: /var/run/aws-node/ipamd.sock"}
{"level":"info","ts":"2026-10-05T08:43:44.775Z","caller":"routed-eni-cni-plugin/cni.go:370","msg":"Container 15733e9a6352000f53ef81f82400850668b5fa24ff2a07c1bd519ec06f4dcb4d not found"}
{"level":"info","ts":"2026-10-05T08:43:45.696Z","caller":"routed-eni-cni-plugin/cni.go:131","msg":"Constructed new logger instance"}
{"level":"info","ts":"2026-10-05T08:43:45.696Z","caller":"routed-eni-cni-plugin/cni.go:149","msg":"Received CNI add request: ContainerID(464305fce82de3979626a8c60133f2db3ebb7d1fd503f29531ed4f8b52c120c7) Netns(/var/run/netns/cni-42a77db6-7860-9fdb-475b-03f5e6ed5f93) IfName(eth0) Args(K8S_POD_INFRA_CONTAINER_ID=464305fce82de3979626a8c60133f2db3ebb7d1fd503f29531ed4f8b52c120c7;K8S_POD_UID=ad241f1d-d89e-4886-8d30-e22384a0b925;IgnoreUnknown=1;K8S_POD_NAMESPACE=kube-system;K8S_POD_NAME=coredns-79f8dffc57-fwslz) Path(/opt/cni/bin) argsStdinData({\"capabilities\":{\"io.kubernetes.cri.pod-annotations\":true},\"cniVersion\":\"0.4.0\",\"mtu\":\"9001\",\"name\":\"aws-cni\",\"pluginLogFile\":\"/var/log/aws-routed-eni/plugin.log\",\"pluginLogLevel\":\"DEBUG\",\"podSGEnforcingMode\":\"strict\",\"runtimeConfig\":{\"io.kubernetes.cri.pod-annotations\":{\"kubernetes.io/config.seen\":\"2026-10-05T08:38:36.183906822Z\",\"kubernetes.io/config.source\":\"api\"}},\"type\":\"aws-cni\",\"vethPrefix\":\"eni\"})"}
{"level":"debug","ts":"2026-10-05T08:43:45.696Z","caller":"routed-eni-cni-plugin/cni.go:149","msg":"Prev Result: <nil>\n"}
{"level":"debug","ts":"2026-10-05T08:43:45.696Z","caller":"routed-eni-cni-plugin/cni.go:149","msg":"MTU value set is 9001:"}
{"level":"debug","ts":"2026-10-05T08:43:45.696Z","caller":"routed-eni-cni-plugin/cni.go:149","msg":"pod requires multi-nic attachment: false"}
{"level":"debug","ts":"2026-10-05T08:43:45.697Z","caller":"routed-eni-cni-plugin/cni.go:190","msg":"Connected to IPAMD via Unix socket: /var/run/aws-node/ipamd.sock"}
{"level":"error","ts":"2026-10-05T08:43:45.698Z","caller":"routed-eni-cni-plugin/cni.go:149","msg":"Failed to assign an IP address to container 464305fce82de3979626a8c60133f2db3ebb7d1fd503f29531ed4f8b52c120c7"}
{"level":"info","ts":"2026-10-05T08:43:45.720Z","caller":"routed-eni-cni-plugin/cni.go:131","msg":"Constructed new logger instance"}
{"level":"debug","ts":"2026-10-05T08:43:45.720Z","caller":"routed-eni-cni-plugin/cni.go:370","msg":"Prev Result: <nil>\n"}
{"level":"info","ts":"2026-10-05T08:43:45.720Z","caller":"routed-eni-cni-plugin/cni.go:370","msg":"Received CNI del request: ContainerID(464305fce82de3979626a8c60133f2db3ebb7d1fd503f29531ed4f8b52c120c7) Netns(/var/run/netns/cni-42a77db6-7860-9fdb-475b-03f5e6ed5f93) IfName(eth0) Args(K8S_POD_NAME=coredns-79f8dffc57-fwslz;K8S_POD_INFRA_CONTAINER_ID=464305fce82de3979626a8c60133f2db3ebb7d1fd503f29531ed4f8b52c120c7;K8S_POD_UID=ad241f1d-d89e-4886-8d30-e22384a0b925;IgnoreUnknown=1;K8S_POD_NAMESPACE=kube-system) Path(/opt/cni/bin) argsStdinData({\"capabilities\":{\"io.kubernetes.cri.pod-annotations\":true},\"cniVersion\":\"0.4.0\",\"mtu\":\"9001\",\"name\":\"aws-cni\",\"pluginLogFile\":\"/var/log/aws-routed-eni/plugin.log\",\"pluginLogLevel\":\"DEBUG\",\"podSGEnforcingMode\":\"strict\",\"runtimeConfig\":{\"io.kubernetes.cri.pod-annotations\":{\"kubernetes.io/config.seen\":\"2026-10-05T08:38:36.183906822Z\",\"kubernetes.io/config.source\":\"api\"}},\"type\":\"aws-cni\",\"vethPrefix\":\"eni\"})"}
{"level":"debug","ts":"2026-10-05T08:43:45.721Z","caller":"routed-eni-cni-plugin/cni.go:407","msg":"Connected to IPAMD via Unix socket: /var/run/aws-node/ipamd.sock"}
{"level":"info","ts":"2026-10-05T08:43:45.722Z","caller":"routed-eni-cni-plugin/cni.go:370","msg":"Container 464305fce82de3979626a8c60133f2db3ebb7d1fd503f29531ed4f8b52c120c7 not found"}
