{"level":"info","ts":"2026-10-05T08:41:28.704Z","caller":"routed-eni-cni-plugin/cni.go:131","msg":"Constructed new logger instance"}
{"level":"info","ts":"2026-10-05T08:41:28.704Z","caller":"routed-eni-cni-plugin/cni.go:149","msg":"Received CNI add request: ContainerID(762b7d77eac267155f5f0d5e6a46dc36f96c8c302a9fb522c4ab27e987699e03) Netns(/var/run/netns/cni-acdfb26c-a980-d9fa-15b5-3c337962116f) IfName(eth0) Args(IgnoreUnknown=1;K8S_POD_NAMESPACE=default;K8S_POD_NAME=pause-68d5b89fc-9585w;K8S_POD_INFRA_CONTAINER_ID=762b7d77eac267155f5f0d5e6a46dc36f96c8c302a9fb522c4ab27e987699e03;K8S_POD_UID=ab397e7f-fc6b-4c16-8bae-79a096357a31) Path(/opt/cni/bin) argsStdinData({\"capabilities\":{\"io.kubernetes.cri.pod-annotations\":true},\"cniVersion\":\"0.4.0\",\"mtu\":\"9001\",\"name\":\"aws-cni\",\"pluginLogFile\":\"/var/log/aws-routed-eni/plugin.log\",\"pluginLogLevel\":\"DEBUG\",\"podSGEnforcingMode\":\"strict\",\"runtimeConfig\":{\"io.kubernetes.cri.pod-annotations\":{\"kubernetes.io/config.seen\":\"2026-10-05T08:41:28.368078900Z\",\"kubernetes.io/config.source\":\"api\"}},\"type\":\"aws-cni\",\"vethPrefix\":\"eni\"})"}
{"level":"debug","ts":"2026-10-05T08:41:28.704Z","caller":"routed-eni-cni-plugin/cni.go:149","msg":"Prev Result: <nil>\n"}
{"level":"debug","ts":"2026-10-05T08:41:28.704Z","caller":"routed-eni-cni-plugin/cni.go:149","msg":"MTU value set is 9001:"}
{"level":"debug","ts":"2026-10-05T08:41:28.704Z","caller":"routed-eni-cni-plugin/cni.go:149","msg":"pod requires multi-nic attachment: false"}
{"level":"debug","ts":"2026-10-05T08:41:28.704Z","caller":"routed-eni-cni-plugin/cni.go:190","msg":"Connected to IPAMD via Unix socket: /var/run/aws-node/ipamd.sock"}
{"level":"error","ts":"2026-10-05T08:41:28.706Z","caller":"routed-eni-cni-plugin/cni.go:149","msg":"Failed to assign an IP address to container 762b7d77eac267155f5f0d5e6a46dc36f96c8c302a9fb522c4ab27e987699e03"}
{"level":"info","ts":"2026-10-05T08:41:28.729Z","caller":"routed-eni-cni-plugin/cni.go:131","msg":"Constructed new logger instance"}
{"level":"debug","ts":"2026-10-05T08:41:28.729Z","caller":"routed-eni-cni-plugin/cni.go:370","msg":"Prev Result: <nil>\n"}
{"level":"info","ts":"2026-10-05T08:41:28.729Z","caller":"routed-eni-cni-plugin/cni.go:370","msg":"Received CNI del request: ContainerID(762b7d77eac267155f5f0d5e6a46dc36f96c8c302a9fb522c4ab27e987699e03) Netns(/var/run/netns/cni-acdfb26c-a980-d9fa-15b5-3c337962116f) IfName(eth0) Args(K8S_POD_NAMESPACE=default;K8S_POD_NAME=pause-68d5b89fc-9585w;K8S_POD_INFRA_CONTAINER_ID=762b7d77eac267155f5f0d5e6a46dc36f96c8c302a9fb522c4ab27e987699e03;K8S_POD_UID=ab397e7f-fc6b-4c16-8bae-79a096357a31;IgnoreUnknown=1) Path(/opt/cni/bin) argsStdinData({\"capabilities\":{\"io.kubernetes.cri.pod-annotations\":true},\"cniVersion\":\"0.4.0\",\"mtu\":\"9001\",\"name\":\"aws-cni\",\"pluginLogFile\":\"/var/log/aws-routed-eni/plugin.log\",\"pluginLogLevel\":\"DEBUG\",\"podSGEnforcingMode\":\"strict\",\"runtimeConfig\":{\"io.kubernetes.cri.pod-annotations\":{\"kubernetes.io/config.seen\":\"2026-10-05T08:41:28.368078900Z\",\"kubernetes.io/config.source\":\"api\"}},\"type\":\"aws-cni\",\"vethPrefix\":\"eni\"})"}
{"level":"debug","ts":"2026-10-05T08:41:28.730Z","caller":"routed-eni-cni-plugin/cni.go:407","msg":"Connected to IPAMD via Unix socket: /var/run/aws-node/ipamd.sock"}
{"level":"info","ts":"2026-10-05T08:41:28.731Z","caller":"routed-eni-cni-plugin/cni.go:370","msg":"Container 762b7d77eac267155f5f0d5e6a46dc36f96c8c302a9fb522c4ab27e987699e03 not found"}
{"level":"info","ts":"2026-10-05T08:41:28.769Z","caller":"routed-eni-cni-plugin/cni.go:131","msg":"Constructed new logger instance"}
{"level":"info","ts":"2026-10-05T08:41:28.769Z","caller":"routed-eni-cni-plugin/cni.go:149","msg":"Received CNI add request: ContainerID(2e5db5264ae82a2acacad1eee0b603bed14ce9cde38c4c0a733b308d6ac39ef8) Netns(/var/run/netns/cni-2801c8f1-7823-82ec-2f01-5bfd519dcefa) IfName(eth0) Args(K8S_POD_NAME=pause-68d5b89fc-trsbt;K8S_POD_INFRA_CONTAINER_ID=2e5db5264ae82a2acacad1eee0b603bed14ce9cde38c4c0a733b308d6ac39ef8;K8S_POD_UID=c20f32d4-15fe-4764-9034-71a97ec5e097;IgnoreUnknown=1;K8S_POD_NAMESPACE=default) Path(/opt/cni/bin) argsStdinData({\"capabilities\":{\"io.kubernetes.cri.pod-annotations\":true},\"cniVersion\":\"0.4.0\",\"mtu\":\"9001\",\"name\":\"aws-cni\",\"pluginLogFile\":\"/var/log/aws-routed-eni/plugin.log\",\"pluginLogLevel\":\"DEBUG\",\"podSGEnforcingMode\":\"strict\",\"runtimeConfig\":{\"io.kubernetes.cri.pod-annotations\":{\"kubernetes.io/config.seen\":\"2026-10-05T08:41:28.431283594Z\",\"kubernetes.io/config.source\":\"api\"}},\"type\":\"aws-cni\",\"vethPrefix\":\"eni\"})"}
{"level":"debug","ts":"2026-10-05T08:41:28.769Z","caller":"routed-eni-cni-plugin/cni.go:149","msg":"Prev Result: <nil>\n"}
{"level":"debug","ts":"2026-10-05T08:41:28.769Z","caller":"routed-eni-cni-plugin/cni.go:149","msg":"MTU value set is 9001:"}
{"level":"debug","ts":"2026-10-05T08:41:28.769Z","caller":"routed-eni-cni-plugin/cni.go:149","msg":"pod requires multi-nic attachment: false"}
{"level":"debug","ts":"2026-10-05T08:41:28.769Z","caller":"routed-eni-cni-plugin/cni.go:190","msg":"Connected to IPAMD via Unix socket: /var/run/aws-node/ipamd.sock"}
{"level":"error","ts":"2026-10-05T08:41:28.771Z","caller":"routed-eni-cni-plugin/cni.go:149","msg":"Failed to assign an IP address to container 2e5db5264ae82a2acacad1eee0b603bed14ce9cde38c4c0a733b308d6ac39ef8"}
{"level":"info","ts":"2026-10-05T08:41:28.794Z","caller":"routed-eni-cni-plugin/cni.go:131","msg":"Constructed new logger instance"}
{"level":"debug","ts":"2026-10-05T08:41:28.794Z","caller":"routed-eni-cni-plugin/cni.go:370","msg":"Prev Result: <nil>\n"}
{"level":"info","ts":"2026-10-05T08:41:28.794Z","caller":"routed-eni-cni-plugin/cni.go:370","msg":"Received CNI del request: ContainerID(2e5db5264ae82a2acacad1eee0b603bed14ce9cde38c4c0a733b308d6ac39ef8) Netns(/var/run/netns/cni-2801c8f1-7823-82ec-2f01-5bfd519dcefa) IfName(eth0) Args(K8S_POD_UID=c20f32d4-15fe-4764-9034-71a97ec5e097;IgnoreUnknown=1;K8S_POD_NAMESPACE=default;K8S_POD_NAME=pause-68d5b89fc-trsbt;K8S_POD_INFRA_CONTAINER_ID=2e5db5264ae82a2acacad1eee0b603bed14ce9cde38c4c0a733b308d6ac39ef8) Path(/opt/cni/bin) argsStdinData({\"capabilities\":{\"io.kubernetes.cri.pod-annotations\":true},\"cniVersion\":\"0.4.0\",\"mtu\":\"9001\",\"name\":\"aws-cni\",\"pluginLogFile\":\"/var/log/aws-routed-eni/plugin.log\",\"pluginLogLevel\":\"DEBUG\",\"podSGEnforcingMode\":\"strict\",\"runtimeConfig\":{\"io.kubernetes.cri.pod-annotations\":{\"kubernetes.io/config.seen\":\"2026-10-05T08:41:28.431283594Z\",\"kubernetes.io/config.source\":\"api\"}},\"type\":\"aws-cni\",\"vethPrefix\":\"eni\"})"}
{"level":"debug","ts":"2026-10-05T08:41:28.794Z","caller":"routed-eni-cni-plugin/cni.go:407","msg":"Connected to IPAMD via Unix socket: /var/run/aws-node/ipamd.sock"}
{"level":"info","ts":"2026-10-05T08:41:28.796Z","caller":"routed-eni-cni-plugin/cni.go:370","msg":"Container 2e5db5264ae82a2acacad1eee0b603bed14ce9cde38c4c0a733b308d6ac39ef8 not found"}
{"level":"info","ts":"2026-10-05T08:41:29.107Z","caller":"routed-eni-cni-plugin/cni.go:131","msg":"Constructed new logger instance"}
{"level":"info","ts":"2026-10-05T08:41:29.108Z","caller":"routed-eni-cni-plugin/cni.go:149","msg":"Received CNI add request: ContainerID(cb2e7544bfb7831ba21be871772f23e3376e9a3293e943649f559a4f0f21314e) Netns(/var/run/netns/cni-97cbd2eb-4e46-0547-5e1a-e386adce1b61) IfName(eth0) Args(K8S_POD_INFRA_CONTAINER_ID=cb2e7544bfb7831ba21be871772f23e3376e9a3293e943649f559a4f0f21314e;K8S_POD_UID=aaffac51-12cc-4f37-ba8c-ada8f6944478;IgnoreUnknown=1;K8S_POD_NAMESPACE=default;K8S_POD_NAME=pause-68d5b89fc-s4xj4) Path(/opt/cni/bin) argsStdinData({\"capabilities\":{\"io.kubernetes.cri.pod-annotations\":true},\"cniVersion\":\"0.4.0\",\"mtu\":\"9001\",\"name\":\"aws-cni\",\"pluginLogFile\":\"/var/log/aws-routed-eni/plugin.log\",\"pluginLogLevel\":\"DEBUG\",\"podSGEnforcingMode\":\"strict\",\"runtimeConfig\":{\"io.kubernetes.cri.pod-annotations\":{\"kubernetes.io/config.seen\":\"2026-10-05T08:41:28.473261213Z\",\"kubernetes.io/config.source\":\"api\"}},\"type\":\"aws-cni\",\"vethPrefix\":\"eni\"})"}
{"level":"debug","ts":"2026-10-05T08:41:29.108Z","caller":"routed-eni-cni-plugin/cni.go:149","msg":"Prev Result: <nil>\n"}
{"level":"debug","ts":"2026-10-05T08:41:29.108Z","caller":"routed-eni-cni-plugin/cni.go:149","msg":"MTU value set is 9001:"}
{"level":"debug","ts":"2026-10-05T08:41:29.108Z","caller":"routed-eni-cni-plugin/cni.go:149","msg":"pod requires multi-nic attachment: false"}
{"level":"debug","ts":"2026-10-05T08:41:29.108Z","caller":"routed-eni-cni-plugin/cni.go:190","msg":"Connected to IPAMD via Unix socket: /var/run/aws-node/ipamd.sock"}
{"level":"error","ts":"2026-10-05T08:41:29.110Z","caller":"routed-eni-cni-plugin/cni.go:149","msg":"Failed to assign an IP address to container cb2e7544bfb7831ba21be871772f23e3376e9a3293e943649f559a4f0f21314e"}
{"level":"info","ts":"2026-10-05T08:41:29.133Z","caller":"routed-eni-cni-plugin/cni.go:131","msg":"Constructed new logger instance"}
{"level":"debug","ts":"2026-10-05T08:41:29.133Z","caller":"routed-eni-cni-plugin/cni.go:370","msg":"Prev Result: <nil>\n"}
{"level":"info","ts":"2026-10-05T08:41:29.133Z","caller":"routed-eni-cni-plugin/cni.go:370","msg":"Received CNI del request: ContainerID(cb2e7544bfb7831ba21be871772f23e3376e9a3293e943649f559a4f0f21314e) Netns(/var/run/netns/cni-97cbd2eb-4e46-0547-5e1a-e386adce1b61) IfName(eth0) Args(K8S_POD_INFRA_CONTAINER_ID=cb2e7544bfb7831ba21be871772f23e3376e9a3293e943649f559a4f0f21314e;K8S_POD_UID=aaffac51-12cc-4f37-ba8c-ada8f6944478;IgnoreUnknown=1;K8S_POD_NAMESPACE=default;K8S_POD_NAME=pause-68d5b89fc-s4xj4) Path(/opt/cni/bin) argsStdinData({\"capabilities\":{\"io.kubernetes.cri.pod-annotations\":true},\"cniVersion\":\"0.4.0\",\"mtu\":\"9001\",\"name\":\"aws-cni\",\"pluginLogFile\":\"/var/log/aws-routed-eni/plugin.log\",\"pluginLogLevel\":\"DEBUG\",\"podSGEnforcingMode\":\"strict\",\"runtimeConfig\":{\"io.kubernetes.cri.pod-annotations\":{\"kubernetes.io/config.seen\":\"2026-10-05T08:41:28.473261213Z\",\"kubernetes.io/config.source\":\"api\"}},\"type\":\"aws-cni\",\"vethPrefix\":\"eni\"})"}
{"level":"debug","ts":"2026-10-05T08:41:29.134Z","caller":"routed-eni-cni-plugin/cni.go:407","msg":"Connected to IPAMD via Unix socket: /var/run/aws-node/ipamd.sock"}
{"level":"info","ts":"2026-10-05T08:41:29.135Z","caller":"routed-eni-cni-plugin/cni.go:370","msg":"Container cb2e7544bfb7831ba21be871772f23e3376e9a3293e943649f559a4f0f21314e not found"}
{"level":"info","ts":"2026-10-05T08:41:40.929Z","caller":"routed-eni-cni-plugin/cni.go:131","msg":"Constructed new logger instance"}
{"level":"info","ts":"2026-10-05T08:41:40.929Z","caller":"routed-eni-cni-plugin/cni.go:149","msg":"Received CNI add request: ContainerID(18c80e9837809474ee566b67aeedd565e7514745cb45b88a66b2161a235c34f8) Netns(/var/run/netns/cni-c2ae5a8e-75fa-9abb-71c9-a4d4d42ee85c) IfName(eth0) Args(IgnoreUnknown=1;K8S_POD_NAMESPACE=default;K8S_POD_NAME=pause-68d5b89fc-trsbt;K8S_POD_INFRA_CONTAINER_ID=18c80e9837809474ee566b67aeedd565e7514745cb45b88a66b2161a235c34f8;K8S_POD_UID=c20f32d4-15fe-4764-9034-71a97ec5e097) Path(/opt/cni/bin) argsStdinData({\"capabilities\":{\"io.kubernetes.cri.pod-annotations\":true},\"cniVersion\":\"0.4.0\",\"mtu\":\"9001\",\"name\":\"aws-cni\",\"pluginLogFile\":\"/var/log/aws-routed-eni/plugin.log\",\"pluginLogLevel\":\"DEBUG\",\"podSGEnforcingMode\":\"strict\",\"runtimeConfig\":{\"io.kubernetes.cri.pod-annotations\":{\"kubernetes.io/config.seen\":\"2026-10-05T08:41:28.431283594Z\",\"kubernetes.io/config.source\":\"api\"}},\"type\":\"aws-cni\",\"vethPrefix\":\"eni\"})"}
{"level":"debug","ts":"2026-10-05T08:41:40.929Z","caller":"routed-eni-cni-plugin/cni.go:149","msg":"Prev Result: <nil>\n"}
{"level":"debug","ts":"2026-10-05T08:41:40.929Z","caller":"routed-eni-cni-plugin/cni.go:149","msg":"MTU value set is 9001:"}
{"level":"debug","ts":"2026-10-05T08:41:40.929Z","caller":"routed-eni-cni-plugin/cni.go:149","msg":"pod requires multi-nic attachment: false"}
{"level":"debug","ts":"2026-10-05T08:41:40.930Z","caller":"routed-eni-cni-plugin/cni.go:190","msg":"Connected to IPAMD via Unix socket: /var/run/aws-node/ipamd.sock"}
{"level":"error","ts":"2026-10-05T08:41:40.931Z","caller":"routed-eni-cni-plugin/cni.go:149","msg":"Failed to assign an IP address to container 18c80e9837809474ee566b67aeedd565e7514745cb45b88a66b2161a235c34f8"}
{"level":"info","ts":"2026-10-05T08:41:40.954Z","caller":"routed-eni-cni-plugin/cni.go:131","msg":"Constructed new logger instance"}
{"level":"debug","ts":"2026-10-05T08:41:40.954Z","caller":"routed-eni-cni-plugin/cni.go:370","msg":"Prev Result: <nil>\n"}
{"level":"info","ts":"2026-10-05T08:41:40.954Z","caller":"routed-eni-cni-plugin/cni.go:370","msg":"Received CNI del request: ContainerID(18c80e9837809474ee566b67aeedd565e7514745cb45b88a66b2161a235c34f8) Netns(/var/run/netns/cni-c2ae5a8e-75fa-9abb-71c9-a4d4d42ee85c) IfName(eth0) Args(IgnoreUnknown=1;K8S_POD_NAMESPACE=default;K8S_POD_NAME=pause-68d5b89fc-trsbt;K8S_POD_INFRA_CONTAINER_ID=18c80e9837809474ee566b67aeedd565e7514745cb45b88a66b2161a235c34f8;K8S_POD_UID=c20f32d4-15fe-4764-9034-71a97ec5e097) Path(/opt/cni/bin) argsStdinData({\"capabilities\":{\"io.kubernetes.cri.pod-annotations\":true},\"cniVersion\":\"0.4.0\",\"mtu\":\"9001\",\"name\":\"aws-cni\",\"pluginLogFile\":\"/var/log/aws-routed-eni/plugin.log\",\"pluginLogLevel\":\"DEBUG\",\"podSGEnforcingMode\":\"strict\",\"runtimeConfig\":{\"io.kubernetes.cri.pod-annotations\":{\"kubernetes.io/config.seen\":\"2026-10-05T08:41:28.431283594Z\",\"kubernetes.io/config.source\":\"api\"}},\"type\":\"aws-cni\",\"vethPrefix\":\"eni\"})"}
{"level":"debug","ts":"2026-10-05T08:41:40.955Z","caller":"routed-eni-cni-plugin/cni.go:407","msg":"Connected to IPAMD via Unix socket: /var/run/aws-node/ipamd.sock"}
{"level":"info","ts":"2026-10-05T08:41:40.956Z","caller":"routed-eni-cni-plugin/cni.go:370","msg":"Container 18c80e9837809474ee566b67aeedd565e7514745cb45b88a66b2161a235c34f8 not found"}
{"level":"info","ts":"2026-10-05T08:41:43.940Z","caller":"routed-eni-cni-plugin/cni.go:131","msg":"Constructed new logger instance"}
{"level":"info","ts":"2026-10-05T08:41:43.940Z","caller":"routed-eni-cni-plugin/cni.go:149","msg":"Received CNI add request: ContainerID(30340223d832c82683d18863637870ce0f38a0571ae2b6d8cc0cc6871cf6c1ca) Netns(/var/run/netns/cni-d685252d-049f-81ec-b5db-f3bb598dd1d2) IfName(eth0) Args(K8S_POD_NAME=pause-68d5b89fc-9585w;K8S_POD_INFRA_CONTAINER_ID=30340223d832c82683d18863637870ce0f38a0571ae2b6d8cc0cc6871cf6c1ca;K8S_POD_UID=ab397e7f-fc6b-4c16-8bae-79a096357a31;IgnoreUnknown=1;K8S_POD_NAMESPACE=default) Path(/opt/cni/bin) argsStdinData({\"capabilities\":{\"io.kubernetes.cri.pod-annotations\":true},\"cniVersion\":\"0.4.0\",\"mtu\":\"9001\",\"name\":\"aws-cni\",\"pluginLogFile\":\"/var/log/aws-routed-eni/plugin.log\",\"pluginLogLevel\":\"DEBUG\",\"podSGEnforcingMode\":\"strict\",\"runtimeConfig\":{\"io.kubernetes.cri.pod-annotations\":{\"kubernetes.io/config.seen\":\"2026-10-05T08:41:28.368078900Z\",\"kubernetes.io/config.source\":\"api\"}},\"type\":\"aws-cni\",\"vethPrefix\":\"eni\"})"}
{"level":"debug","ts":"2026-10-05T08:41:43.940Z","caller":"routed-eni-cni-plugin/cni.go:149","msg":"Prev Result: <nil>\n"}
{"level":"debug","ts":"2026-10-05T08:41:43.940Z","caller":"routed-eni-cni-plugin/cni.go:149","msg":"MTU value set is 9001:"}
{"level":"debug","ts":"2026-10-05T08:41:43.940Z","caller":"routed-eni-cni-plugin/cni.go:149","msg":"pod requires multi-nic attachment: false"}
{"level":"info","ts":"2026-10-05T08:41:43.940Z","caller":"routed-eni-cni-plugin/cni.go:131","msg":"Constructed new logger instance"}
{"level":"info","ts":"2026-10-05T08:41:43.940Z","caller":"routed-eni-cni-plugin/cni.go:149","msg":"Received CNI add request: ContainerID(70bf4307ae55912ccde79b7d60b53b54099056ead3661755c9b7ab5819534a0c) Netns(/var/run/netns/cni-44697cf0-557a-a4b8-0c79-91d37d91f0b2) IfName(eth0) Args(IgnoreUnknown=1;K8S_POD_NAMESPACE=default;K8S_POD_NAME=pause-68d5b89fc-s4xj4;K8S_POD_INFRA_CONTAINER_ID=70bf4307ae55912ccde79b7d60b53b54099056ead3661755c9b7ab5819534a0c;K8S_POD_UID=aaffac51-12cc-4f37-ba8c-ada8f6944478) Path(/opt/cni/bin) argsStdinData({\"capabilities\":{\"io.kubernetes.cri.pod-annotations\":true},\"cniVersion\":\"0.4.0\",\"mtu\":\"9001\",\"name\":\"aws-cni\",\"pluginLogFile\":\"/var/log/aws-routed-eni/plugin.log\",\"pluginLogLevel\":\"DEBUG\",\"podSGEnforcingMode\":\"strict\",\"runtimeConfig\":{\"io.kubernetes.cri.pod-annotations\":{\"kubernetes.io/config.seen\":\"2026-10-05T08:41:28.473261213Z\",\"kubernetes.io/config.source\":\"api\"}},\"type\":\"aws-cni\",\"vethPrefix\":\"eni\"})"}
{"level":"debug","ts":"2026-10-05T08:41:43.940Z","caller":"routed-eni-cni-plugin/cni.go:149","msg":"Prev Result: <nil>\n"}
{"level":"debug","ts":"2026-10-05T08:41:43.940Z","caller":"routed-eni-cni-plugin/cni.go:149","msg":"MTU value set is 9001:"}
{"level":"debug","ts":"2026-10-05T08:41:43.940Z","caller":"routed-eni-cni-plugin/cni.go:149","msg":"pod requires multi-nic attachment: false"}
{"level":"debug","ts":"2026-10-05T08:41:43.940Z","caller":"routed-eni-cni-plugin/cni.go:190","msg":"Connected to IPAMD via Unix socket: /var/run/aws-node/ipamd.sock"}
{"level":"debug","ts":"2026-10-05T08:41:43.942Z","caller":"routed-eni-cni-plugin/cni.go:190","msg":"Connected to IPAMD via Unix socket: /var/run/aws-node/ipamd.sock"}
{"level":"error","ts":"2026-10-05T08:41:43.942Z","caller":"routed-eni-cni-plugin/cni.go:149","msg":"Failed to assign an IP address to container 30340223d832c82683d18863637870ce0f38a0571ae2b6d8cc0cc6871cf6c1ca"}
{"level":"error","ts":"2026-10-05T08:41:43.943Z","caller":"routed-eni-cni-plugin/cni.go:149","msg":"Failed to assign an IP address to container 70bf4307ae55912ccde79b7d60b53b54099056ead3661755c9b7ab5819534a0c"}
{"level":"info","ts":"2026-10-05T08:41:43.975Z","caller":"routed-eni-cni-plugin/cni.go:131","msg":"Constructed new logger instance"}
{"level":"debug","ts":"2026-10-05T08:41:43.975Z","caller":"routed-eni-cni-plugin/cni.go:370","msg":"Prev Result: <nil>\n"}
{"level":"info","ts":"2026-10-05T08:41:43.975Z","caller":"routed-eni-cni-plugin/cni.go:370","msg":"Received CNI del request: ContainerID(70bf4307ae55912ccde79b7d60b53b54099056ead3661755c9b7ab5819534a0c) Netns(/var/run/netns/cni-44697cf0-557a-a4b8-0c79-91d37d91f0b2) IfName(eth0) Args(K8S_POD_UID=aaffac51-12cc-4f37-ba8c-ada8f6944478;IgnoreUnknown=1;K8S_POD_NAMESPACE=default;K8S_POD_NAME=pause-68d5b89fc-s4xj4;K8S_POD_INFRA_CONTAINER_ID=70bf4307ae55912ccde79b7d60b53b54099056ead3661755c9b7ab5819534a0c) Path(/opt/cni/bin) argsStdinData({\"capabilities\":{\"io.kubernetes.cri.pod-annotations\":true},\"cniVersion\":\"0.4.0\",\"mtu\":\"9001\",\"name\":\"aws-cni\",\"pluginLogFile\":\"/var/log/aws-routed-eni/plugin.log\",\"pluginLogLevel\":\"DEBUG\",\"podSGEnforcingMode\":\"strict\",\"runtimeConfig\":{\"io.kubernetes.cri.pod-annotations\":{\"kubernetes.io/config.seen\":\"2026-10-05T08:41:28.473261213Z\",\"kubernetes.io/config.source\":\"api\"}},\"type\":\"aws-cni\",\"vethPrefix\":\"eni\"})"}
{"level":"debug","ts":"2026-10-05T08:41:43.978Z","caller":"routed-eni-cni-plugin/cni.go:407","msg":"Connected to IPAMD via Unix socket: /var/run/aws-node/ipamd.sock"}
{"level":"info","ts":"2026-10-05T08:41:43.979Z","caller":"routed-eni-cni-plugin/cni.go:370","msg":"Container 70bf4307ae55912ccde79b7d60b53b54099056ead3661755c9b7ab5819534a0c not found"}
{"level":"info","ts":"2026-10-05T08:41:43.984Z","caller":"routed-eni-cni-plugin/cni.go:131","msg":"Constructed new logger instance"}
{"level":"debug","ts":"2026-10-05T08:41:43.984Z","caller":"routed-eni-cni-plugin/cni.go:370","msg":"Prev Result: <nil>\n"}
{"level":"info","ts":"2026-10-05T08:41:43.984Z","caller":"routed-eni-cni-plugin/cni.go:370","msg":"Received CNI del request: ContainerID(30340223d832c82683d18863637870ce0f38a0571ae2b6d8cc0cc6871cf6c1ca) Netns(/var/run/netns/cni-d685252d-049f-81ec-b5db-f3bb598dd1d2) IfName(eth0) Args(IgnoreUnknown=1;K8S_POD_NAMESPACE=default;K8S_POD_NAME=pause-68d5b89fc-9585w;K8S_POD_INFRA_CONTAINER_ID=30340223d832c82683d18863637870ce0f38a0571ae2b6d8cc0cc6871cf6c1ca;K8S_POD_UID=ab397e7f-fc6b-4c16-8bae-79a096357a31) Path(/opt/cni/bin) argsStdinData({\"capabilities\":{\"io.kubernetes.cri.pod-annotations\":true},\"cniVersion\":\"0.4.0\",\"mtu\":\"9001\",\"name\":\"aws-cni\",\"pluginLogFile\":\"/var/log/aws-routed-eni/plugin.log\",\"pluginLogLevel\":\"DEBUG\",\"podSGEnforcingMode\":\"strict\",\"runtimeConfig\":{\"io.kubernetes.cri.pod-annotations\":{\"kubernetes.io/config.seen\":\"2026-10-05T08:41:28.368078900Z\",\"kubernetes.io/config.source\":\"api\"}},\"type\":\"aws-cni\",\"vethPrefix\":\"eni\"})"}
{"level":"debug","ts":"2026-10-05T08:41:43.984Z","caller":"routed-eni-cni-plugin/cni.go:407","msg":"Connected to IPAMD via Unix socket: /var/run/aws-node/ipamd.sock"}
{"level":"info","ts":"2026-10-05T08:41:43.985Z","caller":"routed-eni-cni-plugin/cni.go:370","msg":"Container 30340223d832c82683d18863637870ce0f38a0571ae2b6d8cc0cc6871cf6c1ca not found"}
{"level":"info","ts":"2026-10-05T08:41:53.929Z","caller":"routed-eni-cni-plugin/cni.go:131","msg":"Constructed new logger instance"}
{"level":"info","ts":"2026-10-05T08:41:53.929Z","caller":"routed-eni-cni-plugin/cni.go:149","msg":"Received CNI add request: ContainerID(4634773e6802de7378b2941b75ce9a6b119ec57b6bf47b5b2c91644da84bea50) Netns(/var/run/netns/cni-b0cb988a-70ad-435c-1c14-842cf0c273fa) IfName(eth0) Args(IgnoreUnknown=1;K8S_POD_NAMESPACE=default;K8S_POD_NAME=pause-68d5b89fc-trsbt;K8S_POD_INFRA_CONTAINER_ID=4634773e6802de7378b2941b75ce9a6b119ec57b6bf47b5b2c91644da84bea50;K8S_POD_UID=c20f32d4-15fe-4764-9034-71a97ec5e097) Path(/opt/cni/bin) argsStdinData({\"capabilities\":{\"io.kubernetes.cri.pod-annotations\":true},\"cniVersion\":\"0.4.0\",\"mtu\":\"9001\",\"name\":\"aws-cni\",\"pluginLogFile\":\"/var/log/aws-routed-eni/plugin.log\",\"pluginLogLevel\":\"DEBUG\",\"podSGEnforcingMode\":\"strict\",\"runtimeConfig\":{\"io.kubernetes.cri.pod-annotations\":{\"kubernetes.io/config.seen\":\"2026-10-05T08:41:28.431283594Z\",\"kubernetes.io/config.source\":\"api\"}},\"type\":\"aws-cni\",\"vethPrefix\":\"eni\"})"}
{"level":"debug","ts":"2026-10-05T08:41:53.929Z","caller":"routed-eni-cni-plugin/cni.go:149","msg":"Prev Result: <nil>\n"}
{"level":"debug","ts":"2026-10-05T08:41:53.929Z","caller":"routed-eni-cni-plugin/cni.go:149","msg":"MTU value set is 9001:"}
{"level":"debug","ts":"2026-10-05T08:41:53.929Z","caller":"routed-eni-cni-plugin/cni.go:149","msg":"pod requires multi-nic attachment: false"}
{"level":"debug","ts":"2026-10-05T08:41:53.930Z","caller":"routed-eni-cni-plugin/cni.go:190","msg":"Connected to IPAMD via Unix socket: /var/run/aws-node/ipamd.sock"}
{"level":"error","ts":"2026-10-05T08:41:53.931Z","caller":"routed-eni-cni-plugin/cni.go:149","msg":"Failed to assign an IP address to container 4634773e6802de7378b2941b75ce9a6b119ec57b6bf47b5b2c91644da84bea50"}
{"level":"info","ts":"2026-10-05T08:41:53.955Z","caller":"routed-eni-cni-plugin/cni.go:131","msg":"Constructed new logger instance"}
{"level":"debug","ts":"2026-10-05T08:41:53.955Z","caller":"routed-eni-cni-plugin/cni.go:370","msg":"Prev Result: <nil>\n"}
{"level":"info","ts":"2026-10-05T08:41:53.955Z","caller":"routed-eni-cni-plugin/cni.go:370","msg":"Received CNI del request: ContainerID(4634773e6802de7378b2941b75ce9a6b119ec57b6bf47b5b2c91644da84bea50) Netns(/var/run/netns/cni-b0cb988a-70ad-435c-1c14-842cf0c273fa) IfName(eth0) Args(K8S_POD_NAMESPACE=default;K8S_POD_NAME=pause-68d5b89fc-trsbt;K8S_POD_INFRA_CONTAINER_ID=4634773e6802de7378b2941b75ce9a6b119ec57b6bf47b5b2c91644da84bea50;K8S_POD_UID=c20f32d4-15fe-4764-9034-71a97ec5e097;IgnoreUnknown=1) Path(/opt/cni/bin) argsStdinData({\"capabilities\":{\"io.kubernetes.cri.pod-annotations\":true},\"cniVersion\":\"0.4.0\",\"mtu\":\"9001\",\"name\":\"aws-cni\",\"pluginLogFile\":\"/var/log/aws-routed-eni/plugin.log\",\"pluginLogLevel\":\"DEBUG\",\"podSGEnforcingMode\":\"strict\",\"runtimeConfig\":{\"io.kubernetes.cri.pod-annotations\":{\"kubernetes.io/config.seen\":\"2026-10-05T08:41:28.431283594Z\",\"kubernetes.io/config.source\":\"api\"}},\"type\":\"aws-cni\",\"vethPrefix\":\"eni\"})"}
{"level":"debug","ts":"2026-10-05T08:41:53.955Z","caller":"routed-eni-cni-plugin/cni.go:407","msg":"Connected to IPAMD via Unix socket: /var/run/aws-node/ipamd.sock"}
{"level":"info","ts":"2026-10-05T08:41:53.957Z","caller":"routed-eni-cni-plugin/cni.go:370","msg":"Container 4634773e6802de7378b2941b75ce9a6b119ec57b6bf47b5b2c91644da84bea50 not found"}
{"level":"info","ts":"2026-10-05T08:41:58.938Z","caller":"routed-eni-cni-plugin/cni.go:131","msg":"Constructed new logger instance"}
{"level":"info","ts":"2026-10-05T08:41:58.938Z","caller":"routed-eni-cni-plugin/cni.go:149","msg":"Received CNI add request: ContainerID(cbbe327a5b411dfbc9140241da84239f8c1a68d8a1ff59b2e9773db66aba2110) Netns(/var/run/netns/cni-91e042fe-9a68-55b1-20f5-f615d0301c24) IfName(eth0) Args(K8S_POD_INFRA_CONTAINER_ID=cbbe327a5b411dfbc9140241da84239f8c1a68d8a1ff59b2e9773db66aba2110;K8S_POD_UID=aaffac51-12cc-4f37-ba8c-ada8f6944478;IgnoreUnknown=1;K8S_POD_NAMESPACE=default;K8S_POD_NAME=pause-68d5b89fc-s4xj4) Path(/opt/cni/bin) argsStdinData({\"capabilities\":{\"io.kubernetes.cri.pod-annotations\":true},\"cniVersion\":\"0.4.0\",\"mtu\":\"9001\",\"name\":\"aws-cni\",\"pluginLogFile\":\"/var/log/aws-routed-eni/plugin.log\",\"pluginLogLevel\":\"DEBUG\",\"podSGEnforcingMode\":\"strict\",\"runtimeConfig\":{\"io.kubernetes.cri.pod-annotations\":{\"kubernetes.io/config.seen\":\"2026-10-05T08:41:28.473261213Z\",\"kubernetes.io/config.source\":\"api\"}},\"type\":\"aws-cni\",\"vethPrefix\":\"eni\"})"}
{"level":"debug","ts":"2026-10-05T08:41:58.938Z","caller":"routed-eni-cni-plugin/cni.go:149","msg":"Prev Result: <nil>\n"}
{"level":"debug","ts":"2026-10-05T08:41:58.938Z","caller":"routed-eni-cni-plugin/cni.go:149","msg":"MTU value set is 9001:"}
{"level":"debug","ts":"2026-10-05T08:41:58.938Z","caller":"routed-eni-cni-plugin/cni.go:149","msg":"pod requires multi-nic attachment: false"}
{"level":"debug","ts":"2026-10-05T08:41:58.939Z","caller":"routed-eni-cni-plugin/cni.go:190","msg":"Connected to IPAMD via Unix socket: /var/run/aws-node/ipamd.sock"}
{"level":"error","ts":"2026-10-05T08:41:58.941Z","caller":"routed-eni-cni-plugin/cni.go:149","msg":"Failed to assign an IP address to container cbbe327a5b411dfbc9140241da84239f8c1a68d8a1ff59b2e9773db66aba2110"}
{"level":"info","ts":"2026-10-05T08:41:58.951Z","caller":"routed-eni-cni-plugin/cni.go:131","msg":"Constructed new logger instance"}
{"level":"info","ts":"2026-10-05T08:41:58.951Z","caller":"routed-eni-cni-plugin/cni.go:149","msg":"Received CNI add request: ContainerID(c8cfb453208538f279939bdeb175b9861686fce526bfa93b1da0807c8a49b38c) Netns(/var/run/netns/cni-5952d6c9-8951-bcd4-4166-6398f6c5375f) IfName(eth0) Args(IgnoreUnknown=1;K8S_POD_NAMESPACE=default;K8S_POD_NAME=pause-68d5b89fc-9585w;K8S_POD_INFRA_CONTAINER_ID=c8cfb453208538f279939bdeb175b9861686fce526bfa93b1da0807c8a49b38c;K8S_POD_UID=ab397e7f-fc6b-4c16-8bae-79a096357a31) Path(/opt/cni/bin) argsStdinData({\"capabilities\":{\"io.kubernetes.cri.pod-annotations\":true},\"cniVersion\":\"0.4.0\",\"mtu\":\"9001\",\"name\":\"aws-cni\",\"pluginLogFile\":\"/var/log/aws-routed-eni/plugin.log\",\"pluginLogLevel\":\"DEBUG\",\"podSGEnforcingMode\":\"strict\",\"runtimeConfig\":{\"io.kubernetes.cri.pod-annotations\":{\"kubernetes.io/config.seen\":\"2026-10-05T08:41:28.368078900Z\",\"kubernetes.io/config.source\":\"api\"}},\"type\":\"aws-cni\",\"vethPrefix\":\"eni\"})"}
{"level":"debug","ts":"2026-10-05T08:41:58.951Z","caller":"routed-eni-cni-plugin/cni.go:149","msg":"Prev Result: <nil>\n"}
{"level":"debug","ts":"2026-10-05T08:41:58.951Z","caller":"routed-eni-cni-plugin/cni.go:149","msg":"MTU value set is 9001:"}
{"level":"debug","ts":"2026-10-05T08:41:58.952Z","caller":"routed-eni-cni-plugin/cni.go:149","msg":"pod requires multi-nic attachment: false"}
{"level":"debug","ts":"2026-10-05T08:41:58.952Z","caller":"routed-eni-cni-plugin/cni.go:190","msg":"Connected to IPAMD via Unix socket: /var/run/aws-node/ipamd.sock"}
{"level":"error","ts":"2026-10-05T08:41:58.955Z","caller":"routed-eni-cni-plugin/cni.go:149","msg":"Failed to assign an IP address to container c8cfb453208538f279939bdeb175b9861686fce526bfa93b1da0807c8a49b38c"}
{"level":"info","ts":"2026-10-05T08:41:58.977Z","caller":"routed-eni-cni-plugin/cni.go:131","msg":"Constructed new logger instance"}
{"level":"debug","ts":"2026-10-05T08:41:58.977Z","caller":"routed-eni-cni-plugin/cni.go:370","msg":"Prev Result: <nil>\n"}
{"level":"info","ts":"2026-10-05T08:41:58.977Z","caller":"routed-eni-cni-plugin/cni.go:370","msg":"Received CNI del request: ContainerID(cbbe327a5b411dfbc9140241da84239f8c1a68d8a1ff59b2e9773db66aba2110) Netns(/var/run/netns/cni-91e042fe-9a68-55b1-20f5-f615d0301c24) IfName(eth0) Args(K8S_POD_UID=aaffac51-12cc-4f37-ba8c-ada8f6944478;IgnoreUnknown=1;K8S_POD_NAMESPACE=default;K8S_POD_NAME=pause-68d5b89fc-s4xj4;K8S_POD_INFRA_CONTAINER_ID=cbbe327a5b411dfbc9140241da84239f8c1a68d8a1ff59b2e9773db66aba2110) Path(/opt/cni/bin) argsStdinData({\"capabilities\":{\"io.kubernetes.cri.pod-annotations\":true},\"cniVersion\":\"0.4.0\",\"mtu\":\"9001\",\"name\":\"aws-cni\",\"pluginLogFile\":\"/var/log/aws-routed-eni/plugin.log\",\"pluginLogLevel\":\"DEBUG\",\"podSGEnforcingMode\":\"strict\",\"runtimeConfig\":{\"io.kubernetes.cri.pod-annotations\":{\"kubernetes.io/config.seen\":\"2026-10-05T08:41:28.473261213Z\",\"kubernetes.io/config.source\":\"api\"}},\"type\":\"aws-cni\",\"vethPrefix\":\"eni\"})"}
{"level":"debug","ts":"2026-10-05T08:41:58.977Z","caller":"routed-eni-cni-plugin/cni.go:407","msg":"Connected to IPAMD via Unix socket: /var/run/aws-node/ipamd.sock"}
{"level":"info","ts":"2026-10-05T08:41:58.979Z","caller":"routed-eni-cni-plugin/cni.go:370","msg":"Container cbbe327a5b411dfbc9140241da84239f8c1a68d8a1ff59b2e9773db66aba2110 not found"}
{"level":"info","ts":"2026-10-05T08:41:58.991Z","caller":"routed-eni-cni-plugin/cni.go:131","msg":"Constructed new logger instance"}
{"level":"debug","ts":"2026-10-05T08:41:58.991Z","caller":"routed-eni-cni-plugin/cni.go:370","msg":"Prev Result: <nil>\n"}
{"level":"info","ts":"2026-10-05T08:41:58.991Z","caller":"routed-eni-cni-plugin/cni.go:370","msg":"Received CNI del request: ContainerID(c8cfb453208538f279939bdeb175b9861686fce526bfa93b1da0807c8a49b38c) Netns(/var/run/netns/cni-5952d6c9-8951-bcd4-4166-6398f6c5375f) IfName(eth0) Args(IgnoreUnknown=1;K8S_POD_NAMESPACE=default;K8S_POD_NAME=pause-68d5b89fc-9585w;K8S_POD_INFRA_CONTAINER_ID=c8cfb453208538f279939bdeb175b9861686fce526bfa93b1da0807c8a49b38c;K8S_POD_UID=ab397e7f-fc6b-4c16-8bae-79a096357a31) Path(/opt/cni/bin) argsStdinData({\"capabilities\":{\"io.kubernetes.cri.pod-annotations\":true},\"cniVersion\":\"0.4.0\",\"mtu\":\"9001\",\"name\":\"aws-cni\",\"pluginLogFile\":\"/var/log/aws-routed-eni/plugin.log\",\"pluginLogLevel\":\"DEBUG\",\"podSGEnforcingMode\":\"strict\",\"runtimeConfig\":{\"io.kubernetes.cri.pod-annotations\":{\"kubernetes.io/config.seen\":\"2026-10-05T08:41:28.368078900Z\",\"kubernetes.io/config.source\":\"api\"}},\"type\":\"aws-cni\",\"vethPrefix\":\"eni\"})"}
{"level":"debug","ts":"2026-10-05T08:41:58.992Z","caller":"routed-eni-cni-plugin/cni.go:407","msg":"Connected to IPAMD via Unix socket: /var/run/aws-node/ipamd.sock"}
{"level":"info","ts":"2026-10-05T08:41:58.994Z","caller":"routed-eni-cni-plugin/cni.go:370","msg":"Container c8cfb453208538f279939bdeb175b9861686fce526bfa93b1da0807c8a49b38c not found"}
{"level":"info","ts":"2026-10-05T08:42:08.932Z","caller":"routed-eni-cni-plugin/cni.go:131","msg":"Constructed new logger instance"}
{"level":"info","ts":"2026-10-05T08:42:08.932Z","caller":"routed-eni-cni-plugin/cni.go:149","msg":"Received CNI add request: ContainerID(f130495941d177dfd43481b95e8a67bd06aef875dc12149539c67859156a6cbf) Netns(/var/run/netns/cni-56a05b3b-2897-883b-d56a-96198cb8764d) IfName(eth0) Args(K8S_POD_UID=c20f32d4-15fe-4764-9034-71a97ec5e097;IgnoreUnknown=1;K8S_POD_NAMESPACE=default;K8S_POD_NAME=pause-68d5b89fc-trsbt;K8S_POD_INFRA_CONTAINER_ID=f130495941d177dfd43481b95e8a67bd06aef875dc12149539c67859156a6cbf) Path(/opt/cni/bin) argsStdinData({\"capabilities\":{\"io.kubernetes.cri.pod-annotations\":true},\"cniVersion\":\"0.4.0\",\"mtu\":\"9001\",\"name\":\"aws-cni\",\"pluginLogFile\":\"/var/log/aws-routed-eni/plugin.log\",\"pluginLogLevel\":\"DEBUG\",\"podSGEnforcingMode\":\"strict\",\"runtimeConfig\":{\"io.kubernetes.cri.pod-annotations\":{\"kubernetes.io/config.seen\":\"2026-10-05T08:41:28.431283594Z\",\"kubernetes.io/config.source\":\"api\"}},\"type\":\"aws-cni\",\"vethPrefix\":\"eni\"})"}
{"level":"debug","ts":"2026-10-05T08:42:08.932Z","caller":"routed-eni-cni-plugin/cni.go:149","msg":"Prev Result: <nil>\n"}
{"level":"debug","ts":"2026-10-05T08:42:08.932Z","caller":"routed-eni-cni-plugin/cni.go:149","msg":"MTU value set is 9001:"}
{"level":"debug","ts":"2026-10-05T08:42:08.932Z","caller":"routed-eni-cni-plugin/cni.go:149","msg":"pod requires multi-nic attachment: false"}
{"level":"debug","ts":"2026-10-05T08:42:08.933Z","caller":"routed-eni-cni-plugin/cni.go:190","msg":"Connected to IPAMD via Unix socket: /var/run/aws-node/ipamd.sock"}
{"level":"error","ts":"2026-10-05T08:42:08.934Z","caller":"routed-eni-cni-plugin/cni.go:149","msg":"Failed to assign an IP address to container f130495941d177dfd43481b95e8a67bd06aef875dc12149539c67859156a6cbf"}
{"level":"info","ts":"2026-10-05T08:42:08.957Z","caller":"routed-eni-cni-plugin/cni.go:131","msg":"Constructed new logger instance"}
{"level":"debug","ts":"2026-10-05T08:42:08.957Z","caller":"routed-eni-cni-plugin/cni.go:370","msg":"Prev Result: <nil>\n"}
{"level":"info","ts":"2026-10-05T08:42:08.957Z","caller":"routed-eni-cni-plugin/cni.go:370","msg":"Received CNI del request: ContainerID(f130495941d177dfd43481b95e8a67bd06aef875dc12149539c67859156a6cbf) Netns(/var/run/netns/cni-56a05b3b-2897-883b-d56a-96198cb8764d) IfName(eth0) Args(IgnoreUnknown=1;K8S_POD_NAMESPACE=default;K8S_POD_NAME=pause-68d5b89fc-trsbt;K8S_POD_INFRA_CONTAINER_ID=f130495941d177dfd43481b95e8a67bd06aef875dc12149539c67859156a6cbf;K8S_POD_UID=c20f32d4-15fe-4764-9034-71a97ec5e097) Path(/opt/cni/bin) argsStdinData({\"capabilities\":{\"io.kubernetes.cri.pod-annotations\":true},\"cniVersion\":\"0.4.0\",\"mtu\":\"9001\",\"name\":\"aws-cni\",\"pluginLogFile\":\"/var/log/aws-routed-eni/plugin.log\",\"pluginLogLevel\":\"DEBUG\",\"podSGEnforcingMode\":\"strict\",\"runtimeConfig\":{\"io.kubernetes.cri.pod-annotations\":{\"kubernetes.io/config.seen\":\"2026-10-05T08:41:28.431283594Z\",\"kubernetes.io/config.source\":\"api\"}},\"type\":\"aws-cni\",\"vethPrefix\":\"eni\"})"}
{"level":"debug","ts":"2026-10-05T08:42:08.958Z","caller":"routed-eni-cni-plugin/cni.go:407","msg":"Connected to IPAMD via Unix socket: /var/run/aws-node/ipamd.sock"}
{"level":"info","ts":"2026-10-05T08:42:08.959Z","caller":"routed-eni-cni-plugin/cni.go:370","msg":"Container f130495941d177dfd43481b95e8a67bd06aef875dc12149539c67859156a6cbf not found"}
{"level":"info","ts":"2026-10-05T08:42:09.930Z","caller":"routed-eni-cni-plugin/cni.go:131","msg":"Constructed new logger instance"}
{"level":"info","ts":"2026-10-05T08:42:09.930Z","caller":"routed-eni-cni-plugin/cni.go:149","msg":"Received CNI add request: ContainerID(048c5b48180097d95c7fe9b394e6695bba94597a505dcab30f2101db0ffca25d) Netns(/var/run/netns/cni-115f6203-914f-6efe-9904-358be549ecfd) IfName(eth0) Args(K8S_POD_NAME=pause-68d5b89fc-9585w;K8S_POD_INFRA_CONTAINER_ID=048c5b48180097d95c7fe9b394e6695bba94597a505dcab30f2101db0ffca25d;K8S_POD_UID=ab397e7f-fc6b-4c16-8bae-79a096357a31;IgnoreUnknown=1;K8S_POD_NAMESPACE=default) Path(/opt/cni/bin) argsStdinData({\"capabilities\":{\"io.kubernetes.cri.pod-annotations\":true},\"cniVersion\":\"0.4.0\",\"mtu\":\"9001\",\"name\":\"aws-cni\",\"pluginLogFile\":\"/var/log/aws-routed-eni/plugin.log\",\"pluginLogLevel\":\"DEBUG\",\"podSGEnforcingMode\":\"strict\",\"runtimeConfig\":{\"io.kubernetes.cri.pod-annotations\":{\"kubernetes.io/config.seen\":\"2026-10-05T08:41:28.368078900Z\",\"kubernetes.io/config.source\":\"api\"}},\"type\":\"aws-cni\",\"vethPrefix\":\"eni\"})"}
{"level":"debug","ts":"2026-10-05T08:42:09.930Z","caller":"routed-eni-cni-plugin/cni.go:149","msg":"Prev Result: <nil>\n"}
{"level":"debug","ts":"2026-10-05T08:42:09.930Z","caller":"routed-eni-cni-plugin/cni.go:149","msg":"MTU value set is 9001:"}
{"level":"debug","ts":"2026-10-05T08:42:09.930Z","caller":"routed-eni-cni-plugin/cni.go:149","msg":"pod requires multi-nic attachment: false"}
{"level":"debug","ts":"2026-10-05T08:42:09.931Z","caller":"routed-eni-cni-plugin/cni.go:190","msg":"Connected to IPAMD via Unix socket: /var/run/aws-node/ipamd.sock"}
{"level":"error","ts":"2026-10-05T08:42:09.932Z","caller":"routed-eni-cni-plugin/cni.go:149","msg":"Failed to assign an IP address to container 048c5b48180097d95c7fe9b394e6695bba94597a505dcab30f2101db0ffca25d"}
{"level":"info","ts":"2026-10-05T08:42:09.958Z","caller":"routed-eni-cni-plugin/cni.go:131","msg":"Constructed new logger instance"}
{"level":"debug","ts":"2026-10-05T08:42:09.958Z","caller":"routed-eni-cni-plugin/cni.go:370","msg":"Prev Result: <nil>\n"}
{"level":"info","ts":"2026-10-05T08:42:09.958Z","caller":"routed-eni-cni-plugin/cni.go:370","msg":"Received CNI del request: ContainerID(048c5b48180097d95c7fe9b394e6695bba94597a505dcab30f2101db0ffca25d) Netns(/var/run/netns/cni-115f6203-914f-6efe-9904-358be549ecfd) IfName(eth0) Args(K8S_POD_NAMESPACE=default;K8S_POD_NAME=pause-68d5b89fc-9585w;K8S_POD_INFRA_CONTAINER_ID=048c5b48180097d95c7fe9b394e6695bba94597a505dcab30f2101db0ffca25d;K8S_POD_UID=ab397e7f-fc6b-4c16-8bae-79a096357a31;IgnoreUnknown=1) Path(/opt/cni/bin) argsStdinData({\"capabilities\":{\"io.kubernetes.cri.pod-annotations\":true},\"cniVersion\":\"0.4.0\",\"mtu\":\"9001\",\"name\":\"aws-cni\",\"pluginLogFile\":\"/var/log/aws-routed-eni/plugin.log\",\"pluginLogLevel\":\"DEBUG\",\"podSGEnforcingMode\":\"strict\",\"runtimeConfig\":{\"io.kubernetes.cri.pod-annotations\":{\"kubernetes.io/config.seen\":\"2026-10-05T08:41:28.368078900Z\",\"kubernetes.io/config.source\":\"api\"}},\"type\":\"aws-cni\",\"vethPrefix\":\"eni\"})"}
{"level":"debug","ts":"2026-10-05T08:42:09.958Z","caller":"routed-eni-cni-plugin/cni.go:407","msg":"Connected to IPAMD via Unix socket: /var/run/aws-node/ipamd.sock"}
{"level":"info","ts":"2026-10-05T08:42:09.960Z","caller":"routed-eni-cni-plugin/cni.go:370","msg":"Container 048c5b48180097d95c7fe9b394e6695bba94597a505dcab30f2101db0ffca25d not found"}
{"level":"info","ts":"2026-10-05T08:42:11.929Z","caller":"routed-eni-cni-plugin/cni.go:131","msg":"Constructed new logger instance"}
{"level":"info","ts":"2026-10-05T08:42:11.929Z","caller":"routed-eni-cni-plugin/cni.go:149","msg":"Received CNI add request: ContainerID(6562c04f95d30bd1a474ec244601c06bbb5824547af0527195e4ccf7ce634efe) Netns(/var/run/netns/cni-ccfb90ae-194b-a2aa-4531-c50edc407128) IfName(eth0) Args(K8S_POD_UID=aaffac51-12cc-4f37-ba8c-ada8f6944478;IgnoreUnknown=1;K8S_POD_NAMESPACE=default;K8S_POD_NAME=pause-68d5b89fc-s4xj4;K8S_POD_INFRA_CONTAINER_ID=6562c04f95d30bd1a474ec244601c06bbb5824547af0527195e4ccf7ce634efe) Path(/opt/cni/bin) argsStdinData({\"capabilities\":{\"io.kubernetes.cri.pod-annotations\":true},\"cniVersion\":\"0.4.0\",\"mtu\":\"9001\",\"name\":\"aws-cni\",\"pluginLogFile\":\"/var/log/aws-routed-eni/plugin.log\",\"pluginLogLevel\":\"DEBUG\",\"podSGEnforcingMode\":\"strict\",\"runtimeConfig\":{\"io.kubernetes.cri.pod-annotations\":{\"kubernetes.io/config.seen\":\"2026-10-05T08:41:28.473261213Z\",\"kubernetes.io/config.source\":\"api\"}},\"type\":\"aws-cni\",\"vethPrefix\":\"eni\"})"}
{"level":"debug","ts":"2026-10-05T08:42:11.929Z","caller":"routed-eni-cni-plugin/cni.go:149","msg":"Prev Result: <nil>\n"}
{"level":"debug","ts":"2026-10-05T08:42:11.929Z","caller":"routed-eni-cni-plugin/cni.go:149","msg":"MTU value set is 9001:"}
{"level":"debug","ts":"2026-10-05T08:42:11.929Z","caller":"routed-eni-cni-plugin/cni.go:149","msg":"pod requires multi-nic attachment: false"}
{"level":"debug","ts":"2026-10-05T08:42:11.929Z","caller":"routed-eni-cni-plugin/cni.go:190","msg":"Connected to IPAMD via Unix socket: /var/run/aws-node/ipamd.sock"}
{"level":"error","ts":"2026-10-05T08:42:11.931Z","caller":"routed-eni-cni-plugin/cni.go:149","msg":"Failed to assign an IP address to container 6562c04f95d30bd1a474ec244601c06bbb5824547af0527195e4ccf7ce634efe"}
{"level":"info","ts":"2026-10-05T08:42:11.957Z","caller":"routed-eni-cni-plugin/cni.go:131","msg":"Constructed new logger instance"}
{"level":"debug","ts":"2026-10-05T08:42:11.957Z","caller":"routed-eni-cni-plugin/cni.go:370","msg":"Prev Result: <nil>\n"}
{"level":"info","ts":"2026-10-05T08:42:11.957Z","caller":"routed-eni-cni-plugin/cni.go:370","msg":"Received CNI del request: ContainerID(6562c04f95d30bd1a474ec244601c06bbb5824547af0527195e4ccf7ce634efe) Netns(/var/run/netns/cni-ccfb90ae-194b-a2aa-4531-c50edc407128) IfName(eth0) Args(IgnoreUnknown=1;K8S_POD_NAMESPACE=default;K8S_POD_NAME=pause-68d5b89fc-s4xj4;K8S_POD_INFRA_CONTAINER_ID=6562c04f95d30bd1a474ec244601c06bbb5824547af0527195e4ccf7ce634efe;K8S_POD_UID=aaffac51-12cc-4f37-ba8c-ada8f6944478) Path(/opt/cni/bin) argsStdinData({\"capabilities\":{\"io.kubernetes.cri.pod-annotations\":true},\"cniVersion\":\"0.4.0\",\"mtu\":\"9001\",\"name\":\"aws-cni\",\"pluginLogFile\":\"/var/log/aws-routed-eni/plugin.log\",\"pluginLogLevel\":\"DEBUG\",\"podSGEnforcingMode\":\"strict\",\"runtimeConfig\":{\"io.kubernetes.cri.pod-annotations\":{\"kubernetes.io/config.seen\":\"2026-10-05T08:41:28.473261213Z\",\"kubernetes.io/config.source\":\"api\"}},\"type\":\"aws-cni\",\"vethPrefix\":\"eni\"})"}
{"level":"debug","ts":"2026-10-05T08:42:11.957Z","caller":"routed-eni-cni-plugin/cni.go:407","msg":"Connected to IPAMD via Unix socket: /var/run/aws-node/ipamd.sock"}
{"level":"info","ts":"2026-10-05T08:42:11.959Z","caller":"routed-eni-cni-plugin/cni.go:370","msg":"Container 6562c04f95d30bd1a474ec244601c06bbb5824547af0527195e4ccf7ce634efe not found"}
{"level":"info","ts":"2026-10-05T08:42:20.938Z","caller":"routed-eni-cni-plugin/cni.go:131","msg":"Constructed new logger instance"}
{"level":"info","ts":"2026-10-05T08:42:20.938Z","caller":"routed-eni-cni-plugin/cni.go:149","msg":"Received CNI add request: ContainerID(40e222f0a7818ebbeaa52c453ced785198b79fce49b83af7cb4adcfba554fa19) Netns(/var/run/netns/cni-9781edee-437a-c3aa-f08b-675938706c81) IfName(eth0) Args(K8S_POD_UID=c20f32d4-15fe-4764-9034-71a97ec5e097;IgnoreUnknown=1;K8S_POD_NAMESPACE=default;K8S_POD_NAME=pause-68d5b89fc-trsbt;K8S_POD_INFRA_CONTAINER_ID=40e222f0a7818ebbeaa52c453ced785198b79fce49b83af7cb4adcfba554fa19) Path(/opt/cni/bin) argsStdinData({\"capabilities\":{\"io.kubernetes.cri.pod-annotations\":true},\"cniVersion\":\"0.4.0\",\"mtu\":\"9001\",\"name\":\"aws-cni\",\"pluginLogFile\":\"/var/log/aws-routed-eni/plugin.log\",\"pluginLogLevel\":\"DEBUG\",\"podSGEnforcingMode\":\"strict\",\"runtimeConfig\":{\"io.kubernetes.cri.pod-annotations\":{\"kubernetes.io/config.seen\":\"2026-10-05T08:41:28.431283594Z\",\"kubernetes.io/config.source\":\"api\"}},\"type\":\"aws-cni\",\"vethPrefix\":\"eni\"})"}
{"level":"debug","ts":"2026-10-05T08:42:20.939Z","caller":"routed-eni-cni-plugin/cni.go:149","msg":"Prev Result: <nil>\n"}
{"level":"debug","ts":"2026-10-05T08:42:20.939Z","caller":"routed-eni-cni-plugin/cni.go:149","msg":"MTU value set is 9001:"}
{"level":"debug","ts":"2026-10-05T08:42:20.939Z","caller":"routed-eni-cni-plugin/cni.go:149","msg":"pod requires multi-nic attachment: false"}
{"level":"debug","ts":"2026-10-05T08:42:20.939Z","caller":"routed-eni-cni-plugin/cni.go:190","msg":"Connected to IPAMD via Unix socket: /var/run/aws-node/ipamd.sock"}
{"level":"error","ts":"2026-10-05T08:42:20.943Z","caller":"routed-eni-cni-plugin/cni.go:149","msg":"Failed to assign an IP address to container 40e222f0a7818ebbeaa52c453ced785198b79fce49b83af7cb4adcfba554fa19"}
{"level":"info","ts":"2026-10-05T08:42:20.950Z","caller":"routed-eni-cni-plugin/cni.go:131","msg":"Constructed new logger instance"}
{"level":"info","ts":"2026-10-05T08:42:20.951Z","caller":"routed-eni-cni-plugin/cni.go:149","msg":"Received CNI add request: ContainerID(c8a8193a65c6706215f30aabb1fc73961cd78487d7c3829d31abda4a5c33675b) Netns(/var/run/netns/cni-6b25af04-a161-a51f-cde6-9247201adb5b) IfName(eth0) Args(IgnoreUnknown=1;K8S_POD_NAMESPACE=default;K8S_POD_NAME=pause-68d5b89fc-9585w;K8S_POD_INFRA_CONTAINER_ID=c8a8193a65c6706215f30aabb1fc73961cd78487d7c3829d31abda4a5c33675b;K8S_POD_UID=ab397e7f-fc6b-4c16-8bae-79a096357a31) Path(/opt/cni/bin) argsStdinData({\"capabilities\":{\"io.kubernetes.cri.pod-annotations\":true},\"cniVersion\":\"0.4.0\",\"mtu\":\"9001\",\"name\":\"aws-cni\",\"pluginLogFile\":\"/var/log/aws-routed-eni/plugin.log\",\"pluginLogLevel\":\"DEBUG\",\"podSGEnforcingMode\":\"strict\",\"runtimeConfig\":{\"io.kubernetes.cri.pod-annotations\":{\"kubernetes.io/config.seen\":\"2026-10-05T08:41:28.368078900Z\",\"kubernetes.io/config.source\":\"api\"}},\"type\":\"aws-cni\",\"vethPrefix\":\"eni\"})"}
{"level":"debug","ts":"2026-10-05T08:42:20.951Z","caller":"routed-eni-cni-plugin/cni.go:149","msg":"Prev Result: <nil>\n"}
{"level":"debug","ts":"2026-10-05T08:42:20.951Z","caller":"routed-eni-cni-plugin/cni.go:149","msg":"MTU value set is 9001:"}
{"level":"debug","ts":"2026-10-05T08:42:20.951Z","caller":"routed-eni-cni-plugin/cni.go:149","msg":"pod requires multi-nic attachment: false"}
{"level":"debug","ts":"2026-10-05T08:42:20.952Z","caller":"routed-eni-cni-plugin/cni.go:190","msg":"Connected to IPAMD via Unix socket: /var/run/aws-node/ipamd.sock"}
{"level":"error","ts":"2026-10-05T08:42:20.953Z","caller":"routed-eni-cni-plugin/cni.go:149","msg":"Failed to assign an IP address to container c8a8193a65c6706215f30aabb1fc73961cd78487d7c3829d31abda4a5c33675b"}
{"level":"info","ts":"2026-10-05T08:42:20.985Z","caller":"routed-eni-cni-plugin/cni.go:131","msg":"Constructed new logger instance"}
{"level":"debug","ts":"2026-10-05T08:42:20.985Z","caller":"routed-eni-cni-plugin/cni.go:370","msg":"Prev Result: <nil>\n"}
{"level":"info","ts":"2026-10-05T08:42:20.985Z","caller":"routed-eni-cni-plugin/cni.go:370","msg":"Received CNI del request: ContainerID(40e222f0a7818ebbeaa52c453ced785198b79fce49b83af7cb4adcfba554fa19) Netns(/var/run/netns/cni-9781edee-437a-c3aa-f08b-675938706c81) IfName(eth0) Args(IgnoreUnknown=1;K8S_POD_NAMESPACE=default;K8S_POD_NAME=pause-68d5b89fc-trsbt;K8S_POD_INFRA_CONTAINER_ID=40e222f0a7818ebbeaa52c453ced785198b79fce49b83af7cb4adcfba554fa19;K8S_POD_UID=c20f32d4-15fe-4764-9034-71a97ec5e097) Path(/opt/cni/bin) argsStdinData({\"capabilities\":{\"io.kubernetes.cri.pod-annotations\":true},\"cniVersion\":\"0.4.0\",\"mtu\":\"9001\",\"name\":\"aws-cni\",\"pluginLogFile\":\"/var/log/aws-routed-eni/plugin.log\",\"pluginLogLevel\":\"DEBUG\",\"podSGEnforcingMode\":\"strict\",\"runtimeConfig\":{\"io.kubernetes.cri.pod-annotations\":{\"kubernetes.io/config.seen\":\"2026-10-05T08:41:28.431283594Z\",\"kubernetes.io/config.source\":\"api\"}},\"type\":\"aws-cni\",\"vethPrefix\":\"eni\"})"}
{"level":"debug","ts":"2026-10-05T08:42:20.985Z","caller":"routed-eni-cni-plugin/cni.go:407","msg":"Connected to IPAMD via Unix socket: /var/run/aws-node/ipamd.sock"}
{"level":"info","ts":"2026-10-05T08:42:20.989Z","caller":"routed-eni-cni-plugin/cni.go:370","msg":"Container 40e222f0a7818ebbeaa52c453ced785198b79fce49b83af7cb4adcfba554fa19 not found"}
{"level":"info","ts":"2026-10-05T08:42:20.993Z","caller":"routed-eni-cni-plugin/cni.go:131","msg":"Constructed new logger instance"}
{"level":"debug","ts":"2026-10-05T08:42:20.994Z","caller":"routed-eni-cni-plugin/cni.go:370","msg":"Prev Result: <nil>\n"}
{"level":"info","ts":"2026-10-05T08:42:20.994Z","caller":"routed-eni-cni-plugin/cni.go:370","msg":"Received CNI del request: ContainerID(c8a8193a65c6706215f30aabb1fc73961cd78487d7c3829d31abda4a5c33675b) Netns(/var/run/netns/cni-6b25af04-a161-a51f-cde6-9247201adb5b) IfName(eth0) Args(K8S_POD_NAMESPACE=default;K8S_POD_NAME=pause-68d5b89fc-9585w;K8S_POD_INFRA_CONTAINER_ID=c8a8193a65c6706215f30aabb1fc73961cd78487d7c3829d31abda4a5c33675b;K8S_POD_UID=ab397e7f-fc6b-4c16-8bae-79a096357a31;IgnoreUnknown=1) Path(/opt/cni/bin) argsStdinData({\"capabilities\":{\"io.kubernetes.cri.pod-annotations\":true},\"cniVersion\":\"0.4.0\",\"mtu\":\"9001\",\"name\":\"aws-cni\",\"pluginLogFile\":\"/var/log/aws-routed-eni/plugin.log\",\"pluginLogLevel\":\"DEBUG\",\"podSGEnforcingMode\":\"strict\",\"runtimeConfig\":{\"io.kubernetes.cri.pod-annotations\":{\"kubernetes.io/config.seen\":\"2026-10-05T08:41:28.368078900Z\",\"kubernetes.io/config.source\":\"api\"}},\"type\":\"aws-cni\",\"vethPrefix\":\"eni\"})"}
{"level":"debug","ts":"2026-10-05T08:42:20.994Z","caller":"routed-eni-cni-plugin/cni.go:407","msg":"Connected to IPAMD via Unix socket: /var/run/aws-node/ipamd.sock"}
{"level":"info","ts":"2026-10-05T08:42:20.996Z","caller":"routed-eni-cni-plugin/cni.go:370","msg":"Container c8a8193a65c6706215f30aabb1fc73961cd78487d7c3829d31abda4a5c33675b not found"}
{"level":"info","ts":"2026-10-05T08:42:25.937Z","caller":"routed-eni-cni-plugin/cni.go:131","msg":"Constructed new logger instance"}
{"level":"info","ts":"2026-10-05T08:42:25.937Z","caller":"routed-eni-cni-plugin/cni.go:149","msg":"Received CNI add request: ContainerID(2822c6dc49b43b8d5ba0470fd20c0fb5713538b82370551905d8e57e2be48add) Netns(/var/run/netns/cni-551f49c7-7603-84cd-2d1e-05e531c39cc9) IfName(eth0) Args(K8S_POD_INFRA_CONTAINER_ID=2822c6dc49b43b8d5ba0470fd20c0fb5713538b82370551905d8e57e2be48add;K8S_POD_UID=aaffac51-12cc-4f37-ba8c-ada8f6944478;IgnoreUnknown=1;K8S_POD_NAMESPACE=default;K8S_POD_NAME=pause-68d5b89fc-s4xj4) Path(/opt/cni/bin) argsStdinData({\"capabilities\":{\"io.kubernetes.cri.pod-annotations\":true},\"cniVersion\":\"0.4.0\",\"mtu\":\"9001\",\"name\":\"aws-cni\",\"pluginLogFile\":\"/var/log/aws-routed-eni/plugin.log\",\"pluginLogLevel\":\"DEBUG\",\"podSGEnforcingMode\":\"strict\",\"runtimeConfig\":{\"io.kubernetes.cri.pod-annotations\":{\"kubernetes.io/config.seen\":\"2026-10-05T08:41:28.473261213Z\",\"kubernetes.io/config.source\":\"api\"}},\"type\":\"aws-cni\",\"vethPrefix\":\"eni\"})"}
{"level":"debug","ts":"2026-10-05T08:42:25.937Z","caller":"routed-eni-cni-plugin/cni.go:149","msg":"Prev Result: <nil>\n"}
{"level":"debug","ts":"2026-10-05T08:42:25.937Z","caller":"routed-eni-cni-plugin/cni.go:149","msg":"MTU value set is 9001:"}
{"level":"debug","ts":"2026-10-05T08:42:25.937Z","caller":"routed-eni-cni-plugin/cni.go:149","msg":"pod requires multi-nic attachment: false"}
{"level":"debug","ts":"2026-10-05T08:42:25.938Z","caller":"routed-eni-cni-plugin/cni.go:190","msg":"Connected to IPAMD via Unix socket: /var/run/aws-node/ipamd.sock"}
{"level":"error","ts":"2026-10-05T08:42:25.939Z","caller":"routed-eni-cni-plugin/cni.go:149","msg":"Failed to assign an IP address to container 2822c6dc49b43b8d5ba0470fd20c0fb5713538b82370551905d8e57e2be48add"}
{"level":"info","ts":"2026-10-05T08:42:25.970Z","caller":"routed-eni-cni-plugin/cni.go:131","msg":"Constructed new logger instance"}
{"level":"debug","ts":"2026-10-05T08:42:25.970Z","caller":"routed-eni-cni-plugin/cni.go:370","msg":"Prev Result: <nil>\n"}
{"level":"info","ts":"2026-10-05T08:42:25.970Z","caller":"routed-eni-cni-plugin/cni.go:370","msg":"Received CNI del request: ContainerID(2822c6dc49b43b8d5ba0470fd20c0fb5713538b82370551905d8e57e2be48add) Netns(/var/run/netns/cni-551f49c7-7603-84cd-2d1e-05e531c39cc9) IfName(eth0) Args(K8S_POD_INFRA_CONTAINER_ID=2822c6dc49b43b8d5ba0470fd20c0fb5713538b82370551905d8e57e2be48add;K8S_POD_UID=aaffac51-12cc-4f37-ba8c-ada8f6944478;IgnoreUnknown=1;K8S_POD_NAMESPACE=default;K8S_POD_NAME=pause-68d5b89fc-s4xj4) Path(/opt/cni/bin) argsStdinData({\"capabilities\":{\"io.kubernetes.cri.pod-annotations\":true},\"cniVersion\":\"0.4.0\",\"mtu\":\"9001\",\"name\":\"aws-cni\",\"pluginLogFile\":\"/var/log/aws-routed-eni/plugin.log\",\"pluginLogLevel\":\"DEBUG\",\"podSGEnforcingMode\":\"strict\",\"runtimeConfig\":{\"io.kubernetes.cri.pod-annotations\":{\"kubernetes.io/config.seen\":\"2026-10-05T08:41:28.473261213Z\",\"kubernetes.io/config.source\":\"api\"}},\"type\":\"aws-cni\",\"vethPrefix\":\"eni\"})"}
{"level":"debug","ts":"2026-10-05T08:42:25.970Z","caller":"routed-eni-cni-plugin/cni.go:407","msg":"Connected to IPAMD via Unix socket: /var/run/aws-node/ipamd.sock"}
{"level":"info","ts":"2026-10-05T08:42:25.972Z","caller":"routed-eni-cni-plugin/cni.go:370","msg":"Container 2822c6dc49b43b8d5ba0470fd20c0fb5713538b82370551905d8e57e2be48add not found"}
{"level":"info","ts":"2026-10-05T08:42:32.930Z","caller":"routed-eni-cni-plugin/cni.go:131","msg":"Constructed new logger instance"}
{"level":"info","ts":"2026-10-05T08:42:32.930Z","caller":"routed-eni-cni-plugin/cni.go:149","msg":"Received CNI add request: ContainerID(5a501d7566258fae7a5e49a69073464c62819b123caed1c512e95f200d549f0b) Netns(/var/run/netns/cni-9ba492ff-f2fb-3e06-a3c2-9c2f01c0f531) IfName(eth0) Args(IgnoreUnknown=1;K8S_POD_NAMESPACE=default;K8S_POD_NAME=pause-68d5b89fc-trsbt;K8S_POD_INFRA_CONTAINER_ID=5a501d7566258fae7a5e49a69073464c62819b123caed1c512e95f200d549f0b;K8S_POD_UID=c20f32d4-15fe-4764-9034-71a97ec5e097) Path(/opt/cni/bin) argsStdinData({\"capabilities\":{\"io.kubernetes.cri.pod-annotations\":true},\"cniVersion\":\"0.4.0\",\"mtu\":\"9001\",\"name\":\"aws-cni\",\"pluginLogFile\":\"/var/log/aws-routed-eni/plugin.log\",\"pluginLogLevel\":\"DEBUG\",\"podSGEnforcingMode\":\"strict\",\"runtimeConfig\":{\"io.kubernetes.cri.pod-annotations\":{\"kubernetes.io/config.seen\":\"2026-10-05T08:41:28.431283594Z\",\"kubernetes.io/config.source\":\"api\"}},\"type\":\"aws-cni\",\"vethPrefix\":\"eni\"})"}
{"level":"debug","ts":"2026-10-05T08:42:32.930Z","caller":"routed-eni-cni-plugin/cni.go:149","msg":"Prev Result: <nil>\n"}
{"level":"debug","ts":"2026-10-05T08:42:32.930Z","caller":"routed-eni-cni-plugin/cni.go:149","msg":"MTU value set is 9001:"}
{"level":"debug","ts":"2026-10-05T08:42:32.930Z","caller":"routed-eni-cni-plugin/cni.go:149","msg":"pod requires multi-nic attachment: false"}
{"level":"debug","ts":"2026-10-05T08:42:32.931Z","caller":"routed-eni-cni-plugin/cni.go:190","msg":"Connected to IPAMD via Unix socket: /var/run/aws-node/ipamd.sock"}
{"level":"error","ts":"2026-10-05T08:42:32.933Z","caller":"routed-eni-cni-plugin/cni.go:149","msg":"Failed to assign an IP address to container 5a501d7566258fae7a5e49a69073464c62819b123caed1c512e95f200d549f0b"}
{"level":"info","ts":"2026-10-05T08:42:32.956Z","caller":"routed-eni-cni-plugin/cni.go:131","msg":"Constructed new logger instance"}
{"level":"debug","ts":"2026-10-05T08:42:32.956Z","caller":"routed-eni-cni-plugin/cni.go:370","msg":"Prev Result: <nil>\n"}
{"level":"info","ts":"2026-10-05T08:42:32.956Z","caller":"routed-eni-cni-plugin/cni.go:370","msg":"Received CNI del request: ContainerID(5a501d7566258fae7a5e49a69073464c62819b123caed1c512e95f200d549f0b) Netns(/var/run/netns/cni-9ba492ff-f2fb-3e06-a3c2-9c2f01c0f531) IfName(eth0) Args(IgnoreUnknown=1;K8S_POD_NAMESPACE=default;K8S_POD_NAME=pause-68d5b89fc-trsbt;K8S_POD_INFRA_CONTAINER_ID=5a501d7566258fae7a5e49a69073464c62819b123caed1c512e95f200d549f0b;K8S_POD_UID=c20f32d4-15fe-4764-9034-71a97ec5e097) Path(/opt/cni/bin) argsStdinData({\"capabilities\":{\"io.kubernetes.cri.pod-annotations\":true},\"cniVersion\":\"0.4.0\",\"mtu\":\"9001\",\"name\":\"aws-cni\",\"pluginLogFile\":\"/var/log/aws-routed-eni/plugin.log\",\"pluginLogLevel\":\"DEBUG\",\"podSGEnforcingMode\":\"strict\",\"runtimeConfig\":{\"io.kubernetes.cri.pod-annotations\":{\"kubernetes.io/config.seen\":\"2026-10-05T08:41:28.431283594Z\",\"kubernetes.io/config.source\":\"api\"}},\"type\":\"aws-cni\",\"vethPrefix\":\"eni\"})"}
{"level":"debug","ts":"2026-10-05T08:42:32.957Z","caller":"routed-eni-cni-plugin/cni.go:407","msg":"Connected to IPAMD via Unix socket: /var/run/aws-node/ipamd.sock"}
{"level":"info","ts":"2026-10-05T08:42:32.958Z","caller":"routed-eni-cni-plugin/cni.go:370","msg":"Container 5a501d7566258fae7a5e49a69073464c62819b123caed1c512e95f200d549f0b not found"}
{"level":"info","ts":"2026-10-05T08:42:34.929Z","caller":"routed-eni-cni-plugin/cni.go:131","msg":"Constructed new logger instance"}
{"level":"info","ts":"2026-10-05T08:42:34.929Z","caller":"routed-eni-cni-plugin/cni.go:149","msg":"Received CNI add request: ContainerID(8388bd1b8583ce11f1ff9d9e059d924c29316976ffb2688c141555f10e652f19) Netns(/var/run/netns/cni-23757fae-59e7-7ec2-4525-c801785e76ce) IfName(eth0) Args(K8S_POD_UID=ab397e7f-fc6b-4c16-8bae-79a096357a31;IgnoreUnknown=1;K8S_POD_NAMESPACE=default;K8S_POD_NAME=pause-68d5b89fc-9585w;K8S_POD_INFRA_CONTAINER_ID=8388bd1b8583ce11f1ff9d9e059d924c29316976ffb2688c141555f10e652f19) Path(/opt/cni/bin) argsStdinData({\"capabilities\":{\"io.kubernetes.cri.pod-annotations\":true},\"cniVersion\":\"0.4.0\",\"mtu\":\"9001\",\"name\":\"aws-cni\",\"pluginLogFile\":\"/var/log/aws-routed-eni/plugin.log\",\"pluginLogLevel\":\"DEBUG\",\"podSGEnforcingMode\":\"strict\",\"runtimeConfig\":{\"io.kubernetes.cri.pod-annotations\":{\"kubernetes.io/config.seen\":\"2026-10-05T08:41:28.368078900Z\",\"kubernetes.io/config.source\":\"api\"}},\"type\":\"aws-cni\",\"vethPrefix\":\"eni\"})"}
{"level":"debug","ts":"2026-10-05T08:42:34.929Z","caller":"routed-eni-cni-plugin/cni.go:149","msg":"Prev Result: <nil>\n"}
{"level":"debug","ts":"2026-10-05T08:42:34.929Z","caller":"routed-eni-cni-plugin/cni.go:149","msg":"MTU value set is 9001:"}
{"level":"debug","ts":"2026-10-05T08:42:34.929Z","caller":"routed-eni-cni-plugin/cni.go:149","msg":"pod requires multi-nic attachment: false"}
{"level":"debug","ts":"2026-10-05T08:42:34.930Z","caller":"routed-eni-cni-plugin/cni.go:190","msg":"Connected to IPAMD via Unix socket: /var/run/aws-node/ipamd.sock"}
{"level":"error","ts":"2026-10-05T08:42:34.933Z","caller":"routed-eni-cni-plugin/cni.go:149","msg":"Failed to assign an IP address to container 8388bd1b8583ce11f1ff9d9e059d924c29316976ffb2688c141555f10e652f19"}
{"level":"info","ts":"2026-10-05T08:42:34.959Z","caller":"routed-eni-cni-plugin/cni.go:131","msg":"Constructed new logger instance"}
{"level":"debug","ts":"2026-10-05T08:42:34.959Z","caller":"routed-eni-cni-plugin/cni.go:370","msg":"Prev Result: <nil>\n"}
{"level":"info","ts":"2026-10-05T08:42:34.959Z","caller":"routed-eni-cni-plugin/cni.go:370","msg":"Received CNI del request: ContainerID(8388bd1b8583ce11f1ff9d9e059d924c29316976ffb2688c141555f10e652f19) Netns(/var/run/netns/cni-23757fae-59e7-7ec2-4525-c801785e76ce) IfName(eth0) Args(IgnoreUnknown=1;K8S_POD_NAMESPACE=default;K8S_POD_NAME=pause-68d5b89fc-9585w;K8S_POD_INFRA_CONTAINER_ID=8388bd1b8583ce11f1ff9d9e059d924c29316976ffb2688c141555f10e652f19;K8S_POD_UID=ab397e7f-fc6b-4c16-8bae-79a096357a31) Path(/opt/cni/bin) argsStdinData({\"capabilities\":{\"io.kubernetes.cri.pod-annotations\":true},\"cniVersion\":\"0.4.0\",\"mtu\":\"9001\",\"name\":\"aws-cni\",\"pluginLogFile\":\"/var/log/aws-routed-eni/plugin.log\",\"pluginLogLevel\":\"DEBUG\",\"podSGEnforcingMode\":\"strict\",\"runtimeConfig\":{\"io.kubernetes.cri.pod-annotations\":{\"kubernetes.io/config.seen\":\"2026-10-05T08:41:28.368078900Z\",\"kubernetes.io/config.source\":\"api\"}},\"type\":\"aws-cni\",\"vethPrefix\":\"eni\"})"}
{"level":"debug","ts":"2026-10-05T08:42:34.959Z","caller":"routed-eni-cni-plugin/cni.go:407","msg":"Connected to IPAMD via Unix socket: /var/run/aws-node/ipamd.sock"}
{"level":"info","ts":"2026-10-05T08:42:34.960Z","caller":"routed-eni-cni-plugin/cni.go:370","msg":"Container 8388bd1b8583ce11f1ff9d9e059d924c29316976ffb2688c141555f10e652f19 not found"}
{"level":"info","ts":"2026-10-05T08:42:36.930Z","caller":"routed-eni-cni-plugin/cni.go:131","msg":"Constructed new logger instance"}
{"level":"info","ts":"2026-10-05T08:42:36.930Z","caller":"routed-eni-cni-plugin/cni.go:149","msg":"Received CNI add request: ContainerID(a12ed44068968eeab9639143a3667b0f64fdb38f060daeca27b3349566e2911b) Netns(/var/run/netns/cni-f79d6816-4699-50c3-158d-56d3e5a49e43) IfName(eth0) Args(K8S_POD_INFRA_CONTAINER_ID=a12ed44068968eeab9639143a3667b0f64fdb38f060daeca27b3349566e2911b;K8S_POD_UID=aaffac51-12cc-4f37-ba8c-ada8f6944478;IgnoreUnknown=1;K8S_POD_NAMESPACE=default;K8S_POD_NAME=pause-68d5b89fc-s4xj4) Path(/opt/cni/bin) argsStdinData({\"capabilities\":{\"io.kubernetes.cri.pod-annotations\":true},\"cniVersion\":\"0.4.0\",\"mtu\":\"9001\",\"name\":\"aws-cni\",\"pluginLogFile\":\"/var/log/aws-routed-eni/plugin.log\",\"pluginLogLevel\":\"DEBUG\",\"podSGEnforcingMode\":\"strict\",\"runtimeConfig\":{\"io.kubernetes.cri.pod-annotations\":{\"kubernetes.io/config.seen\":\"2026-10-05T08:41:28.473261213Z\",\"kubernetes.io/config.source\":\"api\"}},\"type\":\"aws-cni\",\"vethPrefix\":\"eni\"})"}
{"level":"debug","ts":"2026-10-05T08:42:36.930Z","caller":"routed-eni-cni-plugin/cni.go:149","msg":"Prev Result: <nil>\n"}
{"level":"debug","ts":"2026-10-05T08:42:36.930Z","caller":"routed-eni-cni-plugin/cni.go:149","msg":"MTU value set is 9001:"}
{"level":"debug","ts":"2026-10-05T08:42:36.930Z","caller":"routed-eni-cni-plugin/cni.go:149","msg":"pod requires multi-nic attachment: false"}
{"level":"debug","ts":"2026-10-05T08:42:36.931Z","caller":"routed-eni-cni-plugin/cni.go:190","msg":"Connected to IPAMD via Unix socket: /var/run/aws-node/ipamd.sock"}
{"level":"error","ts":"2026-10-05T08:42:36.932Z","caller":"routed-eni-cni-plugin/cni.go:149","msg":"Failed to assign an IP address to container a12ed44068968eeab9639143a3667b0f64fdb38f060daeca27b3349566e2911b"}
{"level":"info","ts":"2026-10-05T08:42:36.956Z","caller":"routed-eni-cni-plugin/cni.go:131","msg":"Constructed new logger instance"}
{"level":"debug","ts":"2026-10-05T08:42:36.956Z","caller":"routed-eni-cni-plugin/cni.go:370","msg":"Prev Result: <nil>\n"}
{"level":"info","ts":"2026-10-05T08:42:36.956Z","caller":"routed-eni-cni-plugin/cni.go:370","msg":"Received CNI del request: ContainerID(a12ed44068968eeab9639143a3667b0f64fdb38f060daeca27b3349566e2911b) Netns(/var/run/netns/cni-f79d6816-4699-50c3-158d-56d3e5a49e43) IfName(eth0) Args(K8S_POD_INFRA_CONTAINER_ID=a12ed44068968eeab9639143a3667b0f64fdb38f060daeca27b3349566e2911b;K8S_POD_UID=aaffac51-12cc-4f37-ba8c-ada8f6944478;IgnoreUnknown=1;K8S_POD_NAMESPACE=default;K8S_POD_NAME=pause-68d5b89fc-s4xj4) Path(/opt/cni/bin) argsStdinData({\"capabilities\":{\"io.kubernetes.cri.pod-annotations\":true},\"cniVersion\":\"0.4.0\",\"mtu\":\"9001\",\"name\":\"aws-cni\",\"pluginLogFile\":\"/var/log/aws-routed-eni/plugin.log\",\"pluginLogLevel\":\"DEBUG\",\"podSGEnforcingMode\":\"strict\",\"runtimeConfig\":{\"io.kubernetes.cri.pod-annotations\":{\"kubernetes.io/config.seen\":\"2026-10-05T08:41:28.473261213Z\",\"kubernetes.io/config.source\":\"api\"}},\"type\":\"aws-cni\",\"vethPrefix\":\"eni\"})"}
{"level":"debug","ts":"2026-10-05T08:42:36.957Z","caller":"routed-eni-cni-plugin/cni.go:407","msg":"Connected to IPAMD via Unix socket: /var/run/aws-node/ipamd.sock"}
{"level":"info","ts":"2026-10-05T08:42:36.958Z","caller":"routed-eni-cni-plugin/cni.go:370","msg":"Container a12ed44068968eeab9639143a3667b0f64fdb38f060daeca27b3349566e2911b not found"}
{"level":"info","ts":"2026-10-05T08:42:45.930Z","caller":"routed-eni-cni-plugin/cni.go:131","msg":"Constructed new logger instance"}
{"level":"info","ts":"2026-10-05T08:42:45.930Z","caller":"routed-eni-cni-plugin/cni.go:149","msg":"Received CNI add request: ContainerID(0b2ab1ca1bdf36e5185fc4d4429fa23535020c1d4f84f69d8c990f45408f9ef2) Netns(/var/run/netns/cni-19494f73-f5f9-6307-722d-348c9ee2aacf) IfName(eth0) Args(IgnoreUnknown=1;K8S_POD_NAMESPACE=default;K8S_POD_NAME=pause-68d5b89fc-9585w;K8S_POD_INFRA_CONTAINER_ID=0b2ab1ca1bdf36e5185fc4d4429fa23535020c1d4f84f69d8c990f45408f9ef2;K8S_POD_UID=ab397e7f-fc6b-4c16-8bae-79a096357a31) Path(/opt/cni/bin) argsStdinData({\"capabilities\":{\"io.kubernetes.cri.pod-annotations\":true},\"cniVersion\":\"0.4.0\",\"mtu\":\"9001\",\"name\":\"aws-cni\",\"pluginLogFile\":\"/var/log/aws-routed-eni/plugin.log\",\"pluginLogLevel\":\"DEBUG\",\"podSGEnforcingMode\":\"strict\",\"runtimeConfig\":{\"io.kubernetes.cri.pod-annotations\":{\"kubernetes.io/config.seen\":\"2026-10-05T08:41:28.368078900Z\",\"kubernetes.io/config.source\":\"api\"}},\"type\":\"aws-cni\",\"vethPrefix\":\"eni\"})"}
{"level":"debug","ts":"2026-10-05T08:42:45.930Z","caller":"routed-eni-cni-plugin/cni.go:149","msg":"Prev Result: <nil>\n"}
{"level":"debug","ts":"2026-10-05T08:42:45.930Z","caller":"routed-eni-cni-plugin/cni.go:149","msg":"MTU value set is 9001:"}
{"level":"debug","ts":"2026-10-05T08:42:45.930Z","caller":"routed-eni-cni-plugin/cni.go:149","msg":"pod requires multi-nic attachment: false"}
{"level":"debug","ts":"2026-10-05T08:42:45.931Z","caller":"routed-eni-cni-plugin/cni.go:190","msg":"Connected to IPAMD via Unix socket: /var/run/aws-node/ipamd.sock"}
{"level":"error","ts":"2026-10-05T08:42:45.932Z","caller":"routed-eni-cni-plugin/cni.go:149","msg":"Failed to assign an IP address to container 0b2ab1ca1bdf36e5185fc4d4429fa23535020c1d4f84f69d8c990f45408f9ef2"}
{"level":"info","ts":"2026-10-05T08:42:45.956Z","caller":"routed-eni-cni-plugin/cni.go:131","msg":"Constructed new logger instance"}
{"level":"debug","ts":"2026-10-05T08:42:45.956Z","caller":"routed-eni-cni-plugin/cni.go:370","msg":"Prev Result: <nil>\n"}
{"level":"info","ts":"2026-10-05T08:42:45.956Z","caller":"routed-eni-cni-plugin/cni.go:370","msg":"Received CNI del request: ContainerID(0b2ab1ca1bdf36e5185fc4d4429fa23535020c1d4f84f69d8c990f45408f9ef2) Netns(/var/run/netns/cni-19494f73-f5f9-6307-722d-348c9ee2aacf) IfName(eth0) Args(IgnoreUnknown=1;K8S_POD_NAMESPACE=default;K8S_POD_NAME=pause-68d5b89fc-9585w;K8S_POD_INFRA_CONTAINER_ID=0b2ab1ca1bdf36e5185fc4d4429fa23535020c1d4f84f69d8c990f45408f9ef2;K8S_POD_UID=ab397e7f-fc6b-4c16-8bae-79a096357a31) Path(/opt/cni/bin) argsStdinData({\"capabilities\":{\"io.kubernetes.cri.pod-annotations\":true},\"cniVersion\":\"0.4.0\",\"mtu\":\"9001\",\"name\":\"aws-cni\",\"pluginLogFile\":\"/var/log/aws-routed-eni/plugin.log\",\"pluginLogLevel\":\"DEBUG\",\"podSGEnforcingMode\":\"strict\",\"runtimeConfig\":{\"io.kubernetes.cri.pod-annotations\":{\"kubernetes.io/config.seen\":\"2026-10-05T08:41:28.368078900Z\",\"kubernetes.io/config.source\":\"api\"}},\"type\":\"aws-cni\",\"vethPrefix\":\"eni\"})"}
{"level":"debug","ts":"2026-10-05T08:42:45.957Z","caller":"routed-eni-cni-plugin/cni.go:407","msg":"Connected to IPAMD via Unix socket: /var/run/aws-node/ipamd.sock"}
{"level":"info","ts":"2026-10-05T08:42:45.958Z","caller":"routed-eni-cni-plugin/cni.go:370","msg":"Container 0b2ab1ca1bdf36e5185fc4d4429fa23535020c1d4f84f69d8c990f45408f9ef2 not found"}
{"level":"info","ts":"2026-10-05T08:42:46.929Z","caller":"routed-eni-cni-plugin/cni.go:131","msg":"Constructed new logger instance"}
{"level":"info","ts":"2026-10-05T08:42:46.929Z","caller":"routed-eni-cni-plugin/cni.go:149","msg":"Received CNI add request: ContainerID(3d2957980b670254174e211b3d342394ef033a5beaf4717d081b53bbc10d98b4) Netns(/var/run/netns/cni-9930b403-983e-2de2-d75f-53c29530096e) IfName(eth0) Args(K8S_POD_INFRA_CONTAINER_ID=3d2957980b670254174e211b3d342394ef033a5beaf4717d081b53bbc10d98b4;K8S_POD_UID=c20f32d4-15fe-4764-9034-71a97ec5e097;IgnoreUnknown=1;K8S_POD_NAMESPACE=default;K8S_POD_NAME=pause-68d5b89fc-trsbt) Path(/opt/cni/bin) argsStdinData({\"capabilities\":{\"io.kubernetes.cri.pod-annotations\":true},\"cniVersion\":\"0.4.0\",\"mtu\":\"9001\",\"name\":\"aws-cni\",\"pluginLogFile\":\"/var/log/aws-routed-eni/plugin.log\",\"pluginLogLevel\":\"DEBUG\",\"podSGEnforcingMode\":\"strict\",\"runtimeConfig\":{\"io.kubernetes.cri.pod-annotations\":{\"kubernetes.io/config.seen\":\"2026-10-05T08:41:28.431283594Z\",\"kubernetes.io/config.source\":\"api\"}},\"type\":\"aws-cni\",\"vethPrefix\":\"eni\"})"}
{"level":"debug","ts":"2026-10-05T08:42:46.929Z","caller":"routed-eni-cni-plugin/cni.go:149","msg":"Prev Result: <nil>\n"}
{"level":"debug","ts":"2026-10-05T08:42:46.929Z","caller":"routed-eni-cni-plugin/cni.go:149","msg":"MTU value set is 9001:"}
{"level":"debug","ts":"2026-10-05T08:42:46.929Z","caller":"routed-eni-cni-plugin/cni.go:149","msg":"pod requires multi-nic attachment: false"}
{"level":"debug","ts":"2026-10-05T08:42:46.930Z","caller":"routed-eni-cni-plugin/cni.go:190","msg":"Connected to IPAMD via Unix socket: /var/run/aws-node/ipamd.sock"}
{"level":"error","ts":"2026-10-05T08:42:46.931Z","caller":"routed-eni-cni-plugin/cni.go:149","msg":"Failed to assign an IP address to container 3d2957980b670254174e211b3d342394ef033a5beaf4717d081b53bbc10d98b4"}
{"level":"info","ts":"2026-10-05T08:42:46.954Z","caller":"routed-eni-cni-plugin/cni.go:131","msg":"Constructed new logger instance"}
{"level":"debug","ts":"2026-10-05T08:42:46.954Z","caller":"routed-eni-cni-plugin/cni.go:370","msg":"Prev Result: <nil>\n"}
{"level":"info","ts":"2026-10-05T08:42:46.954Z","caller":"routed-eni-cni-plugin/cni.go:370","msg":"Received CNI del request: ContainerID(3d2957980b670254174e211b3d342394ef033a5beaf4717d081b53bbc10d98b4) Netns(/var/run/netns/cni-9930b403-983e-2de2-d75f-53c29530096e) IfName(eth0) Args(IgnoreUnknown=1;K8S_POD_NAMESPACE=default;K8S_POD_NAME=pause-68d5b89fc-trsbt;K8S_POD_INFRA_CONTAINER_ID=3d2957980b670254174e211b3d342394ef033a5beaf4717d081b53bbc10d98b4;K8S_POD_UID=c20f32d4-15fe-4764-9034-71a97ec5e097) Path(/opt/cni/bin) argsStdinData({\"capabilities\":{\"io.kubernetes.cri.pod-annotations\":true},\"cniVersion\":\"0.4.0\",\"mtu\":\"9001\",\"name\":\"aws-cni\",\"pluginLogFile\":\"/var/log/aws-routed-eni/plugin.log\",\"pluginLogLevel\":\"DEBUG\",\"podSGEnforcingMode\":\"strict\",\"runtimeConfig\":{\"io.kubernetes.cri.pod-annotations\":{\"kubernetes.io/config.seen\":\"2026-10-05T08:41:28.431283594Z\",\"kubernetes.io/config.source\":\"api\"}},\"type\":\"aws-cni\",\"vethPrefix\":\"eni\"})"}
{"level":"debug","ts":"2026-10-05T08:42:46.955Z","caller":"routed-eni-cni-plugin/cni.go:407","msg":"Connected to IPAMD via Unix socket: /var/run/aws-node/ipamd.sock"}
{"level":"info","ts":"2026-10-05T08:42:46.956Z","caller":"routed-eni-cni-plugin/cni.go:370","msg":"Container 3d2957980b670254174e211b3d342394ef033a5beaf4717d081b53bbc10d98b4 not found"}
{"level":"info","ts":"2026-10-05T08:42:50.928Z","caller":"routed-eni-cni-plugin/cni.go:131","msg":"Constructed new logger instance"}
{"level":"info","ts":"2026-10-05T08:42:50.928Z","caller":"routed-eni-cni-plugin/cni.go:149","msg":"Received CNI add request: ContainerID(414f1defc4b599794ff607f81c0e70417484c18908729b6299b2dfca050748a9) Netns(/var/run/netns/cni-ec3a344c-5085-a451-83c1-a7e164f8884d) IfName(eth0) Args(IgnoreUnknown=1;K8S_POD_NAMESPACE=default;K8S_POD_NAME=pause-68d5b89fc-s4xj4;K8S_POD_INFRA_CONTAINER_ID=414f1defc4b599794ff607f81c0e70417484c18908729b6299b2dfca050748a9;K8S_POD_UID=aaffac51-12cc-4f37-ba8c-ada8f6944478) Path(/opt/cni/bin) argsStdinData({\"capabilities\":{\"io.kubernetes.cri.pod-annotations\":true},\"cniVersion\":\"0.4.0\",\"mtu\":\"9001\",\"name\":\"aws-cni\",\"pluginLogFile\":\"/var/log/aws-routed-eni/plugin.log\",\"pluginLogLevel\":\"DEBUG\",\"podSGEnforcingMode\":\"strict\",\"runtimeConfig\":{\"io.kubernetes.cri.pod-annotations\":{\"kubernetes.io/config.seen\":\"2026-10-05T08:41:28.473261213Z\",\"kubernetes.io/config.source\":\"api\"}},\"type\":\"aws-cni\",\"vethPrefix\":\"eni\"})"}
{"level":"debug","ts":"2026-10-05T08:42:50.928Z","caller":"routed-eni-cni-plugin/cni.go:149","msg":"Prev Result: <nil>\n"}
{"level":"debug","ts":"2026-10-05T08:42:50.928Z","caller":"routed-eni-cni-plugin/cni.go:149","msg":"MTU value set is 9001:"}
{"level":"debug","ts":"2026-10-05T08:42:50.928Z","caller":"routed-eni-cni-plugin/cni.go:149","msg":"pod requires multi-nic attachment: false"}
{"level":"debug","ts":"2026-10-05T08:42:50.929Z","caller":"routed-eni-cni-plugin/cni.go:190","msg":"Connected to IPAMD via Unix socket: /var/run/aws-node/ipamd.sock"}
{"level":"error","ts":"2026-10-05T08:42:50.931Z","caller":"routed-eni-cni-plugin/cni.go:149","msg":"Failed to assign an IP address to container 414f1defc4b599794ff607f81c0e70417484c18908729b6299b2dfca050748a9"}
{"level":"info","ts":"2026-10-05T08:42:50.954Z","caller":"routed-eni-cni-plugin/cni.go:131","msg":"Constructed new logger instance"}
{"level":"debug","ts":"2026-10-05T08:42:50.954Z","caller":"routed-eni-cni-plugin/cni.go:370","msg":"Prev Result: <nil>\n"}
{"level":"info","ts":"2026-10-05T08:42:50.954Z","caller":"routed-eni-cni-plugin/cni.go:370","msg":"Received CNI del request: ContainerID(414f1defc4b599794ff607f81c0e70417484c18908729b6299b2dfca050748a9) Netns(/var/run/netns/cni-ec3a344c-5085-a451-83c1-a7e164f8884d) IfName(eth0) Args(K8S_POD_NAME=pause-68d5b89fc-s4xj4;K8S_POD_INFRA_CONTAINER_ID=414f1defc4b599794ff607f81c0e70417484c18908729b6299b2dfca050748a9;K8S_POD_UID=aaffac51-12cc-4f37-ba8c-ada8f6944478;IgnoreUnknown=1;K8S_POD_NAMESPACE=default) Path(/opt/cni/bin) argsStdinData({\"capabilities\":{\"io.kubernetes.cri.pod-annotations\":true},\"cniVersion\":\"0.4.0\",\"mtu\":\"9001\",\"name\":\"aws-cni\",\"pluginLogFile\":\"/var/log/aws-routed-eni/plugin.log\",\"pluginLogLevel\":\"DEBUG\",\"podSGEnforcingMode\":\"strict\",\"runtimeConfig\":{\"io.kubernetes.cri.pod-annotations\":{\"kubernetes.io/config.seen\":\"2026-10-05T08:41:28.473261213Z\",\"kubernetes.io/config.source\":\"api\"}},\"type\":\"aws-cni\",\"vethPrefix\":\"eni\"})"}
{"level":"debug","ts":"2026-10-05T08:42:50.955Z","caller":"routed-eni-cni-plugin/cni.go:407","msg":"Connected to IPAMD via Unix socket: /var/run/aws-node/ipamd.sock"}
{"level":"info","ts":"2026-10-05T08:42:50.956Z","caller":"routed-eni-cni-plugin/cni.go:370","msg":"Container 414f1defc4b599794ff607f81c0e70417484c18908729b6299b2dfca050748a9 not found"}
{"level":"info","ts":"2026-10-05T08:42:57.941Z","caller":"routed-eni-cni-plugin/cni.go:131","msg":"Constructed new logger instance"}
{"level":"info","ts":"2026-10-05T08:42:57.941Z","caller":"routed-eni-cni-plugin/cni.go:149","msg":"Received CNI add request: ContainerID(e46dde0d7228b9b790fbfeaa1960c1b4deee56fc07adc4a5522e3a489c555760) Netns(/var/run/netns/cni-9466db22-e077-aa5c-e29c-8368870c9d67) IfName(eth0) Args(K8S_POD_INFRA_CONTAINER_ID=e46dde0d7228b9b790fbfeaa1960c1b4deee56fc07adc4a5522e3a489c555760;K8S_POD_UID=c20f32d4-15fe-4764-9034-71a97ec5e097;IgnoreUnknown=1;K8S_POD_NAMESPACE=default;K8S_POD_NAME=pause-68d5b89fc-trsbt) Path(/opt/cni/bin) argsStdinData({\"capabilities\":{\"io.kubernetes.cri.pod-annotations\":true},\"cniVersion\":\"0.4.0\",\"mtu\":\"9001\",\"name\":\"aws-cni\",\"pluginLogFile\":\"/var/log/aws-routed-eni/plugin.log\",\"pluginLogLevel\":\"DEBUG\",\"podSGEnforcingMode\":\"strict\",\"runtimeConfig\":{\"io.kubernetes.cri.pod-annotations\":{\"kubernetes.io/config.seen\":\"2026-10-05T08:41:28.431283594Z\",\"kubernetes.io/config.source\":\"api\"}},\"type\":\"aws-cni\",\"vethPrefix\":\"eni\"})"}
{"level":"debug","ts":"2026-10-05T08:42:57.941Z","caller":"routed-eni-cni-plugin/cni.go:149","msg":"Prev Result: <nil>\n"}
{"level":"debug","ts":"2026-10-05T08:42:57.941Z","caller":"routed-eni-cni-plugin/cni.go:149","msg":"MTU value set is 9001:"}
{"level":"debug","ts":"2026-10-05T08:42:57.941Z","caller":"routed-eni-cni-plugin/cni.go:149","msg":"pod requires multi-nic attachment: false"}
{"level":"info","ts":"2026-10-05T08:42:57.941Z","caller":"routed-eni-cni-plugin/cni.go:131","msg":"Constructed new logger instance"}
{"level":"debug","ts":"2026-10-05T08:42:57.942Z","caller":"routed-eni-cni-plugin/cni.go:190","msg":"Connected to IPAMD via Unix socket: /var/run/aws-node/ipamd.sock"}
{"level":"info","ts":"2026-10-05T08:42:57.942Z","caller":"routed-eni-cni-plugin/cni.go:149","msg":"Received CNI add request: ContainerID(047bff650dca8a1b79407330a2832d852189fec7f6e4aad398f103ed4ee6f7e9) Netns(/var/run/netns/cni-cecd55d5-7822-8e47-eb13-84d65181db7b) IfName(eth0) Args(K8S_POD_UID=ab397e7f-fc6b-4c16-8bae-79a096357a31;IgnoreUnknown=1;K8S_POD_NAMESPACE=default;K8S_POD_NAME=pause-68d5b89fc-9585w;K8S_POD_INFRA_CONTAINER_ID=047bff650dca8a1b79407330a2832d852189fec7f6e4aad398f103ed4ee6f7e9) Path(/opt/cni/bin) argsStdinData({\"capabilities\":{\"io.kubernetes.cri.pod-annotations\":true},\"cniVersion\":\"0.4.0\",\"mtu\":\"9001\",\"name\":\"aws-cni\",\"pluginLogFile\":\"/var/log/aws-routed-eni/plugin.log\",\"pluginLogLevel\":\"DEBUG\",\"podSGEnforcingMode\":\"strict\",\"runtimeConfig\":{\"io.kubernetes.cri.pod-annotations\":{\"kubernetes.io/config.seen\":\"2026-10-05T08:41:28.368078900Z\",\"kubernetes.io/config.source\":\"api\"}},\"type\":\"aws-cni\",\"vethPrefix\":\"eni\"})"}
{"level":"debug","ts":"2026-10-05T08:42:57.942Z","caller":"routed-eni-cni-plugin/cni.go:149","msg":"Prev Result: <nil>\n"}
{"level":"debug","ts":"2026-10-05T08:42:57.942Z","caller":"routed-eni-cni-plugin/cni.go:149","msg":"MTU value set is 9001:"}
{"level":"debug","ts":"2026-10-05T08:42:57.942Z","caller":"routed-eni-cni-plugin/cni.go:149","msg":"pod requires multi-nic attachment: false"}
{"level":"debug","ts":"2026-10-05T08:42:57.943Z","caller":"routed-eni-cni-plugin/cni.go:190","msg":"Connected to IPAMD via Unix socket: /var/run/aws-node/ipamd.sock"}
{"level":"error","ts":"2026-10-05T08:42:57.945Z","caller":"routed-eni-cni-plugin/cni.go:149","msg":"Failed to assign an IP address to container 047bff650dca8a1b79407330a2832d852189fec7f6e4aad398f103ed4ee6f7e9"}
{"level":"error","ts":"2026-10-05T08:42:57.945Z","caller":"routed-eni-cni-plugin/cni.go:149","msg":"Failed to assign an IP address to container e46dde0d7228b9b790fbfeaa1960c1b4deee56fc07adc4a5522e3a489c555760"}
{"level":"info","ts":"2026-10-05T08:42:57.975Z","caller":"routed-eni-cni-plugin/cni.go:131","msg":"Constructed new logger instance"}
{"level":"debug","ts":"2026-10-05T08:42:57.975Z","caller":"routed-eni-cni-plugin/cni.go:370","msg":"Prev Result: <nil>\n"}
{"level":"info","ts":"2026-10-05T08:42:57.975Z","caller":"routed-eni-cni-plugin/cni.go:370","msg":"Received CNI del request: ContainerID(047bff650dca8a1b79407330a2832d852189fec7f6e4aad398f103ed4ee6f7e9) Netns(/var/run/netns/cni-cecd55d5-7822-8e47-eb13-84d65181db7b) IfName(eth0) Args(K8S_POD_NAMESPACE=default;K8S_POD_NAME=pause-68d5b89fc-9585w;K8S_POD_INFRA_CONTAINER_ID=047bff650dca8a1b79407330a2832d852189fec7f6e4aad398f103ed4ee6f7e9;K8S_POD_UID=ab397e7f-fc6b-4c16-8bae-79a096357a31;IgnoreUnknown=1) Path(/opt/cni/bin) argsStdinData({\"capabilities\":{\"io.kubernetes.cri.pod-annotations\":true},\"cniVersion\":\"0.4.0\",\"mtu\":\"9001\",\"name\":\"aws-cni\",\"pluginLogFile\":\"/var/log/aws-routed-eni/plugin.log\",\"pluginLogLevel\":\"DEBUG\",\"podSGEnforcingMode\":\"strict\",\"runtimeConfig\":{\"io.kubernetes.cri.pod-annotations\":{\"kubernetes.io/config.seen\":\"2026-10-05T08:41:28.368078900Z\",\"kubernetes.io/config.source\":\"api\"}},\"type\":\"aws-cni\",\"vethPrefix\":\"eni\"})"}
{"level":"debug","ts":"2026-10-05T08:42:57.975Z","caller":"routed-eni-cni-plugin/cni.go:407","msg":"Connected to IPAMD via Unix socket: /var/run/aws-node/ipamd.sock"}
{"level":"info","ts":"2026-10-05T08:42:57.978Z","caller":"routed-eni-cni-plugin/cni.go:370","msg":"Container 047bff650dca8a1b79407330a2832d852189fec7f6e4aad398f103ed4ee6f7e9 not found"}
{"level":"info","ts":"2026-10-05T08:42:57.979Z","caller":"routed-eni-cni-plugin/cni.go:131","msg":"Constructed new logger instance"}
{"level":"debug","ts":"2026-10-05T08:42:57.979Z","caller":"routed-eni-cni-plugin/cni.go:370","msg":"Prev Result: <nil>\n"}
{"level":"info","ts":"2026-10-05T08:42:57.979Z","caller":"routed-eni-cni-plugin/cni.go:370","msg":"Received CNI del request: ContainerID(e46dde0d7228b9b790fbfeaa1960c1b4deee56fc07adc4a5522e3a489c555760) Netns(/var/run/netns/cni-9466db22-e077-aa5c-e29c-8368870c9d67) IfName(eth0) Args(IgnoreUnknown=1;K8S_POD_NAMESPACE=default;K8S_POD_NAME=pause-68d5b89fc-trsbt;K8S_POD_INFRA_CONTAINER_ID=e46dde0d7228b9b790fbfeaa1960c1b4deee56fc07adc4a5522e3a489c555760;K8S_POD_UID=c20f32d4-15fe-4764-9034-71a97ec5e097) Path(/opt/cni/bin) argsStdinData({\"capabilities\":{\"io.kubernetes.cri.pod-annotations\":true},\"cniVersion\":\"0.4.0\",\"mtu\":\"9001\",\"name\":\"aws-cni\",\"pluginLogFile\":\"/var/log/aws-routed-eni/plugin.log\",\"pluginLogLevel\":\"DEBUG\",\"podSGEnforcingMode\":\"strict\",\"runtimeConfig\":{\"io.kubernetes.cri.pod-annotations\":{\"kubernetes.io/config.seen\":\"2026-10-05T08:41:28.431283594Z\",\"kubernetes.io/config.source\":\"api\"}},\"type\":\"aws-cni\",\"vethPrefix\":\"eni\"})"}
{"level":"debug","ts":"2026-10-05T08:42:57.980Z","caller":"routed-eni-cni-plugin/cni.go:407","msg":"Connected to IPAMD via Unix socket: /var/run/aws-node/ipamd.sock"}
{"level":"info","ts":"2026-10-05T08:42:57.983Z","caller":"routed-eni-cni-plugin/cni.go:370","msg":"Container e46dde0d7228b9b790fbfeaa1960c1b4deee56fc07adc4a5522e3a489c555760 not found"}
{"level":"info","ts":"2026-10-05T08:43:04.931Z","caller":"routed-eni-cni-plugin/cni.go:131","msg":"Constructed new logger instance"}
{"level":"info","ts":"2026-10-05T08:43:04.931Z","caller":"routed-eni-cni-plugin/cni.go:149","msg":"Received CNI add request: ContainerID(61fa23a4b859167965c8b2b9224cd7c94709fbbacf72a2ae5ae3df94407694da) Netns(/var/run/netns/cni-f93743e7-c204-62ec-52c9-12fec7f1d81c) IfName(eth0) Args(K8S_POD_NAMESPACE=default;K8S_POD_NAME=pause-68d5b89fc-s4xj4;K8S_POD_INFRA_CONTAINER_ID=61fa23a4b859167965c8b2b9224cd7c94709fbbacf72a2ae5ae3df94407694da;K8S_POD_UID=aaffac51-12cc-4f37-ba8c-ada8f6944478;IgnoreUnknown=1) Path(/opt/cni/bin) argsStdinData({\"capabilities\":{\"io.kubernetes.cri.pod-annotations\":true},\"cniVersion\":\"0.4.0\",\"mtu\":\"9001\",\"name\":\"aws-cni\",\"pluginLogFile\":\"/var/log/aws-routed-eni/plugin.log\",\"pluginLogLevel\":\"DEBUG\",\"podSGEnforcingMode\":\"strict\",\"runtimeConfig\":{\"io.kubernetes.cri.pod-annotations\":{\"kubernetes.io/config.seen\":\"2026-10-05T08:41:28.473261213Z\",\"kubernetes.io/config.source\":\"api\"}},\"type\":\"aws-cni\",\"vethPrefix\":\"eni\"})"}
{"level":"debug","ts":"2026-10-05T08:43:04.931Z","caller":"routed-eni-cni-plugin/cni.go:149","msg":"Prev Result: <nil>\n"}
{"level":"debug","ts":"2026-10-05T08:43:04.931Z","caller":"routed-eni-cni-plugin/cni.go:149","msg":"MTU value set is 9001:"}
{"level":"debug","ts":"2026-10-05T08:43:04.931Z","caller":"routed-eni-cni-plugin/cni.go:149","msg":"pod requires multi-nic attachment: false"}
{"level":"debug","ts":"2026-10-05T08:43:04.931Z","caller":"routed-eni-cni-plugin/cni.go:190","msg":"Connected to IPAMD via Unix socket: /var/run/aws-node/ipamd.sock"}
{"level":"error","ts":"2026-10-05T08:43:04.933Z","caller":"routed-eni-cni-plugin/cni.go:149","msg":"Failed to assign an IP address to container 61fa23a4b859167965c8b2b9224cd7c94709fbbacf72a2ae5ae3df94407694da"}
{"level":"info","ts":"2026-10-05T08:43:04.963Z","caller":"routed-eni-cni-plugin/cni.go:131","msg":"Constructed new logger instance"}
{"level":"debug","ts":"2026-10-05T08:43:04.964Z","caller":"routed-eni-cni-plugin/cni.go:370","msg":"Prev Result: <nil>\n"}
{"level":"info","ts":"2026-10-05T08:43:04.964Z","caller":"routed-eni-cni-plugin/cni.go:370","msg":"Received CNI del request: ContainerID(61fa23a4b859167965c8b2b9224cd7c94709fbbacf72a2ae5ae3df94407694da) Netns(/var/run/netns/cni-f93743e7-c204-62ec-52c9-12fec7f1d81c) IfName(eth0) Args(K8S_POD_NAME=pause-68d5b89fc-s4xj4;K8S_POD_INFRA_CONTAINER_ID=61fa23a4b859167965c8b2b9224cd7c94709fbbacf72a2ae5ae3df94407694da;K8S_POD_UID=aaffac51-12cc-4f37-ba8c-ada8f6944478;IgnoreUnknown=1;K8S_POD_NAMESPACE=default) Path(/opt/cni/bin) argsStdinData({\"capabilities\":{\"io.kubernetes.cri.pod-annotations\":true},\"cniVersion\":\"0.4.0\",\"mtu\":\"9001\",\"name\":\"aws-cni\",\"pluginLogFile\":\"/var/log/aws-routed-eni/plugin.log\",\"pluginLogLevel\":\"DEBUG\",\"podSGEnforcingMode\":\"strict\",\"runtimeConfig\":{\"io.kubernetes.cri.pod-annotations\":{\"kubernetes.io/config.seen\":\"2026-10-05T08:41:28.473261213Z\",\"kubernetes.io/config.source\":\"api\"}},\"type\":\"aws-cni\",\"vethPrefix\":\"eni\"})"}
{"level":"debug","ts":"2026-10-05T08:43:04.964Z","caller":"routed-eni-cni-plugin/cni.go:407","msg":"Connected to IPAMD via Unix socket: /var/run/aws-node/ipamd.sock"}
{"level":"info","ts":"2026-10-05T08:43:04.965Z","caller":"routed-eni-cni-plugin/cni.go:370","msg":"Container 61fa23a4b859167965c8b2b9224cd7c94709fbbacf72a2ae5ae3df94407694da not found"}
{"level":"info","ts":"2026-10-05T08:43:08.929Z","caller":"routed-eni-cni-plugin/cni.go:131","msg":"Constructed new logger instance"}
{"level":"info","ts":"2026-10-05T08:43:08.929Z","caller":"routed-eni-cni-plugin/cni.go:149","msg":"Received CNI add request: ContainerID(e62453e999738567823fc04d5665465844250575e7dd7a659eff2ffdd128066a) Netns(/var/run/netns/cni-6adf6a97-bf62-6aea-93b1-fd263e936315) IfName(eth0) Args(K8S_POD_UID=c20f32d4-15fe-4764-9034-71a97ec5e097;IgnoreUnknown=1;K8S_POD_NAMESPACE=default;K8S_POD_NAME=pause-68d5b89fc-trsbt;K8S_POD_INFRA_CONTAINER_ID=e62453e999738567823fc04d5665465844250575e7dd7a659eff2ffdd128066a) Path(/opt/cni/bin) argsStdinData({\"capabilities\":{\"io.kubernetes.cri.pod-annotations\":true},\"cniVersion\":\"0.4.0\",\"mtu\":\"9001\",\"name\":\"aws-cni\",\"pluginLogFile\":\"/var/log/aws-routed-eni/plugin.log\",\"pluginLogLevel\":\"DEBUG\",\"podSGEnforcingMode\":\"strict\",\"runtimeConfig\":{\"io.kubernetes.cri.pod-annotations\":{\"kubernetes.io/config.seen\":\"2026-10-05T08:41:28.431283594Z\",\"kubernetes.io/config.source\":\"api\"}},\"type\":\"aws-cni\",\"vethPrefix\":\"eni\"})"}
{"level":"debug","ts":"2026-10-05T08:43:08.929Z","caller":"routed-eni-cni-plugin/cni.go:149","msg":"Prev Result: <nil>\n"}
{"level":"debug","ts":"2026-10-05T08:43:08.929Z","caller":"routed-eni-cni-plugin/cni.go:149","msg":"MTU value set is 9001:"}
{"level":"debug","ts":"2026-10-05T08:43:08.929Z","caller":"routed-eni-cni-plugin/cni.go:149","msg":"pod requires multi-nic attachment: false"}
{"level":"debug","ts":"2026-10-05T08:43:08.930Z","caller":"routed-eni-cni-plugin/cni.go:190","msg":"Connected to IPAMD via Unix socket: /var/run/aws-node/ipamd.sock"}
{"level":"error","ts":"2026-10-05T08:43:08.931Z","caller":"routed-eni-cni-plugin/cni.go:149","msg":"Failed to assign an IP address to container e62453e999738567823fc04d5665465844250575e7dd7a659eff2ffdd128066a"}
{"level":"info","ts":"2026-10-05T08:43:08.954Z","caller":"routed-eni-cni-plugin/cni.go:131","msg":"Constructed new logger instance"}
{"level":"debug","ts":"2026-10-05T08:43:08.955Z","caller":"routed-eni-cni-plugin/cni.go:370","msg":"Prev Result: <nil>\n"}
{"level":"info","ts":"2026-10-05T08:43:08.955Z","caller":"routed-eni-cni-plugin/cni.go:370","msg":"Received CNI del request: ContainerID(e62453e999738567823fc04d5665465844250575e7dd7a659eff2ffdd128066a) Netns(/var/run/netns/cni-6adf6a97-bf62-6aea-93b1-fd263e936315) IfName(eth0) Args(K8S_POD_NAMESPACE=default;K8S_POD_NAME=pause-68d5b89fc-trsbt;K8S_POD_INFRA_CONTAINER_ID=e62453e999738567823fc04d5665465844250575e7dd7a659eff2ffdd128066a;K8S_POD_UID=c20f32d4-15fe-4764-9034-71a97ec5e097;IgnoreUnknown=1) Path(/opt/cni/bin) argsStdinData({\"capabilities\":{\"io.kubernetes.cri.pod-annotations\":true},\"cniVersion\":\"0.4.0\",\"mtu\":\"9001\",\"name\":\"aws-cni\",\"pluginLogFile\":\"/var/log/aws-routed-eni/plugin.log\",\"pluginLogLevel\":\"DEBUG\",\"podSGEnforcingMode\":\"strict\",\"runtimeConfig\":{\"io.kubernetes.cri.pod-annotations\":{\"kubernetes.io/config.seen\":\"2026-10-05T08:41:28.431283594Z\",\"kubernetes.io/config.source\":\"api\"}},\"type\":\"aws-cni\",\"vethPrefix\":\"eni\"})"}
{"level":"debug","ts":"2026-10-05T08:43:08.955Z","caller":"routed-eni-cni-plugin/cni.go:407","msg":"Connected to IPAMD via Unix socket: /var/run/aws-node/ipamd.sock"}
{"level":"info","ts":"2026-10-05T08:43:08.956Z","caller":"routed-eni-cni-plugin/cni.go:370","msg":"Container e62453e999738567823fc04d5665465844250575e7dd7a659eff2ffdd128066a not found"}
{"level":"info","ts":"2026-10-05T08:43:11.929Z","caller":"routed-eni-cni-plugin/cni.go:131","msg":"Constructed new logger instance"}
{"level":"info","ts":"2026-10-05T08:43:11.929Z","caller":"routed-eni-cni-plugin/cni.go:149","msg":"Received CNI add request: ContainerID(d731a353784c48aef8107cc97c34ff73990fc10406fa495285775f6ae2b31ee6) Netns(/var/run/netns/cni-653206be-6eab-2065-3cd6-2f095d30a88b) IfName(eth0) Args(IgnoreUnknown=1;K8S_POD_NAMESPACE=default;K8S_POD_NAME=pause-68d5b89fc-9585w;K8S_POD_INFRA_CONTAINER_ID=d731a353784c48aef8107cc97c34ff73990fc10406fa495285775f6ae2b31ee6;K8S_POD_UID=ab397e7f-fc6b-4c16-8bae-79a096357a31) Path(/opt/cni/bin) argsStdinData({\"capabilities\":{\"io.kubernetes.cri.pod-annotations\":true},\"cniVersion\":\"0.4.0\",\"mtu\":\"9001\",\"name\":\"aws-cni\",\"pluginLogFile\":\"/var/log/aws-routed-eni/plugin.log\",\"pluginLogLevel\":\"DEBUG\",\"podSGEnforcingMode\":\"strict\",\"runtimeConfig\":{\"io.kubernetes.cri.pod-annotations\":{\"kubernetes.io/config.seen\":\"2026-10-05T08:41:28.368078900Z\",\"kubernetes.io/config.source\":\"api\"}},\"type\":\"aws-cni\",\"vethPrefix\":\"eni\"})"}
{"level":"debug","ts":"2026-10-05T08:43:11.929Z","caller":"routed-eni-cni-plugin/cni.go:149","msg":"Prev Result: <nil>\n"}
{"level":"debug","ts":"2026-10-05T08:43:11.929Z","caller":"routed-eni-cni-plugin/cni.go:149","msg":"MTU value set is 9001:"}
{"level":"debug","ts":"2026-10-05T08:43:11.929Z","caller":"routed-eni-cni-plugin/cni.go:149","msg":"pod requires multi-nic attachment: false"}
{"level":"debug","ts":"2026-10-05T08:43:11.930Z","caller":"routed-eni-cni-plugin/cni.go:190","msg":"Connected to IPAMD via Unix socket: /var/run/aws-node/ipamd.sock"}
{"level":"error","ts":"2026-10-05T08:43:11.931Z","caller":"routed-eni-cni-plugin/cni.go:149","msg":"Failed to assign an IP address to container d731a353784c48aef8107cc97c34ff73990fc10406fa495285775f6ae2b31ee6"}
{"level":"info","ts":"2026-10-05T08:43:11.954Z","caller":"routed-eni-cni-plugin/cni.go:131","msg":"Constructed new logger instance"}
{"level":"debug","ts":"2026-10-05T08:43:11.954Z","caller":"routed-eni-cni-plugin/cni.go:370","msg":"Prev Result: <nil>\n"}
{"level":"info","ts":"2026-10-05T08:43:11.954Z","caller":"routed-eni-cni-plugin/cni.go:370","msg":"Received CNI del request: ContainerID(d731a353784c48aef8107cc97c34ff73990fc10406fa495285775f6ae2b31ee6) Netns(/var/run/netns/cni-653206be-6eab-2065-3cd6-2f095d30a88b) IfName(eth0) Args(IgnoreUnknown=1;K8S_POD_NAMESPACE=default;K8S_POD_NAME=pause-68d5b89fc-9585w;K8S_POD_INFRA_CONTAINER_ID=d731a353784c48aef8107cc97c34ff73990fc10406fa495285775f6ae2b31ee6;K8S_POD_UID=ab397e7f-fc6b-4c16-8bae-79a096357a31) Path(/opt/cni/bin) argsStdinData({\"capabilities\":{\"io.kubernetes.cri.pod-annotations\":true},\"cniVersion\":\"0.4.0\",\"mtu\":\"9001\",\"name\":\"aws-cni\",\"pluginLogFile\":\"/var/log/aws-routed-eni/plugin.log\",\"pluginLogLevel\":\"DEBUG\",\"podSGEnforcingMode\":\"strict\",\"runtimeConfig\":{\"io.kubernetes.cri.pod-annotations\":{\"kubernetes.io/config.seen\":\"2026-10-05T08:41:28.368078900Z\",\"kubernetes.io/config.source\":\"api\"}},\"type\":\"aws-cni\",\"vethPrefix\":\"eni\"})"}
{"level":"debug","ts":"2026-10-05T08:43:11.955Z","caller":"routed-eni-cni-plugin/cni.go:407","msg":"Connected to IPAMD via Unix socket: /var/run/aws-node/ipamd.sock"}
{"level":"info","ts":"2026-10-05T08:43:11.956Z","caller":"routed-eni-cni-plugin/cni.go:370","msg":"Container d731a353784c48aef8107cc97c34ff73990fc10406fa495285775f6ae2b31ee6 not found"}
{"level":"info","ts":"2026-10-05T08:43:19.935Z","caller":"routed-eni-cni-plugin/cni.go:131","msg":"Constructed new logger instance"}
{"level":"info","ts":"2026-10-05T08:43:19.935Z","caller":"routed-eni-cni-plugin/cni.go:149","msg":"Received CNI add request: ContainerID(2fc41901238bceb592a127cde6413e7cfb178f6724f97e09fc3a888940b7c214) Netns(/var/run/netns/cni-77153ece-9bcc-4ca8-7ddd-a6c44cebaae8) IfName(eth0) Args(K8S_POD_UID=c20f32d4-15fe-4764-9034-71a97ec5e097;IgnoreUnknown=1;K8S_POD_NAMESPACE=default;K8S_POD_NAME=pause-68d5b89fc-trsbt;K8S_POD_INFRA_CONTAINER_ID=2fc41901238bceb592a127cde6413e7cfb178f6724f97e09fc3a888940b7c214) Path(/opt/cni/bin) argsStdinData({\"capabilities\":{\"io.kubernetes.cri.pod-annotations\":true},\"cniVersion\":\"0.4.0\",\"mtu\":\"9001\",\"name\":\"aws-cni\",\"pluginLogFile\":\"/var/log/aws-routed-eni/plugin.log\",\"pluginLogLevel\":\"DEBUG\",\"podSGEnforcingMode\":\"strict\",\"runtimeConfig\":{\"io.kubernetes.cri.pod-annotations\":{\"kubernetes.io/config.seen\":\"2026-10-05T08:41:28.431283594Z\",\"kubernetes.io/config.source\":\"api\"}},\"type\":\"aws-cni\",\"vethPrefix\":\"eni\"})"}
{"level":"debug","ts":"2026-10-05T08:43:19.935Z","caller":"routed-eni-cni-plugin/cni.go:149","msg":"Prev Result: <nil>\n"}
{"level":"debug","ts":"2026-10-05T08:43:19.935Z","caller":"routed-eni-cni-plugin/cni.go:149","msg":"MTU value set is 9001:"}
{"level":"debug","ts":"2026-10-05T08:43:19.935Z","caller":"routed-eni-cni-plugin/cni.go:149","msg":"pod requires multi-nic attachment: false"}
{"level":"debug","ts":"2026-10-05T08:43:19.935Z","caller":"routed-eni-cni-plugin/cni.go:190","msg":"Connected to IPAMD via Unix socket: /var/run/aws-node/ipamd.sock"}
{"level":"error","ts":"2026-10-05T08:43:19.938Z","caller":"routed-eni-cni-plugin/cni.go:149","msg":"Failed to assign an IP address to container 2fc41901238bceb592a127cde6413e7cfb178f6724f97e09fc3a888940b7c214"}
{"level":"info","ts":"2026-10-05T08:43:19.948Z","caller":"routed-eni-cni-plugin/cni.go:131","msg":"Constructed new logger instance"}
{"level":"info","ts":"2026-10-05T08:43:19.948Z","caller":"routed-eni-cni-plugin/cni.go:149","msg":"Received CNI add request: ContainerID(51e33ac44423e5dd07f8e96e082e4f750db4a9487b130eb1c141ece7dfe41f4d) Netns(/var/run/netns/cni-d3ede963-dc58-bfd4-8a0c-cdebc8a0ae75) IfName(eth0) Args(K8S_POD_NAMESPACE=default;K8S_POD_NAME=pause-68d5b89fc-s4xj4;K8S_POD_INFRA_CONTAINER_ID=51e33ac44423e5dd07f8e96e082e4f750db4a9487b130eb1c141ece7dfe41f4d;K8S_POD_UID=aaffac51-12cc-4f37-ba8c-ada8f6944478;IgnoreUnknown=1) Path(/opt/cni/bin) argsStdinData({\"capabilities\":{\"io.kubernetes.cri.pod-annotations\":true},\"cniVersion\":\"0.4.0\",\"mtu\":\"9001\",\"name\":\"aws-cni\",\"pluginLogFile\":\"/var/log/aws-routed-eni/plugin.log\",\"pluginLogLevel\":\"DEBUG\",\"podSGEnforcingMode\":\"strict\",\"runtimeConfig\":{\"io.kubernetes.cri.pod-annotations\":{\"kubernetes.io/config.seen\":\"2026-10-05T08:41:28.473261213Z\",\"kubernetes.io/config.source\":\"api\"}},\"type\":\"aws-cni\",\"vethPrefix\":\"eni\"})"}
{"level":"debug","ts":"2026-10-05T08:43:19.948Z","caller":"routed-eni-cni-plugin/cni.go:149","msg":"Prev Result: <nil>\n"}
{"level":"debug","ts":"2026-10-05T08:43:19.948Z","caller":"routed-eni-cni-plugin/cni.go:149","msg":"MTU value set is 9001:"}
{"level":"debug","ts":"2026-10-05T08:43:19.948Z","caller":"routed-eni-cni-plugin/cni.go:149","msg":"pod requires multi-nic attachment: false"}
{"level":"debug","ts":"2026-10-05T08:43:19.949Z","caller":"routed-eni-cni-plugin/cni.go:190","msg":"Connected to IPAMD via Unix socket: /var/run/aws-node/ipamd.sock"}
{"level":"error","ts":"2026-10-05T08:43:19.953Z","caller":"routed-eni-cni-plugin/cni.go:149","msg":"Failed to assign an IP address to container 51e33ac44423e5dd07f8e96e082e4f750db4a9487b130eb1c141ece7dfe41f4d"}
{"level":"info","ts":"2026-10-05T08:43:19.974Z","caller":"routed-eni-cni-plugin/cni.go:131","msg":"Constructed new logger instance"}
{"level":"debug","ts":"2026-10-05T08:43:19.975Z","caller":"routed-eni-cni-plugin/cni.go:370","msg":"Prev Result: <nil>\n"}
{"level":"info","ts":"2026-10-05T08:43:19.975Z","caller":"routed-eni-cni-plugin/cni.go:370","msg":"Received CNI del request: ContainerID(2fc41901238bceb592a127cde6413e7cfb178f6724f97e09fc3a888940b7c214) Netns(/var/run/netns/cni-77153ece-9bcc-4ca8-7ddd-a6c44cebaae8) IfName(eth0) Args(K8S_POD_INFRA_CONTAINER_ID=2fc41901238bceb592a127cde6413e7cfb178f6724f97e09fc3a888940b7c214;K8S_POD_UID=c20f32d4-15fe-4764-9034-71a97ec5e097;IgnoreUnknown=1;K8S_POD_NAMESPACE=default;K8S_POD_NAME=pause-68d5b89fc-trsbt) Path(/opt/cni/bin) argsStdinData({\"capabilities\":{\"io.kubernetes.cri.pod-annotations\":true},\"cniVersion\":\"0.4.0\",\"mtu\":\"9001\",\"name\":\"aws-cni\",\"pluginLogFile\":\"/var/log/aws-routed-eni/plugin.log\",\"pluginLogLevel\":\"DEBUG\",\"podSGEnforcingMode\":\"strict\",\"runtimeConfig\":{\"io.kubernetes.cri.pod-annotations\":{\"kubernetes.io/config.seen\":\"2026-10-05T08:41:28.431283594Z\",\"kubernetes.io/config.source\":\"api\"}},\"type\":\"aws-cni\",\"vethPrefix\":\"eni\"})"}
{"level":"debug","ts":"2026-10-05T08:43:19.976Z","caller":"routed-eni-cni-plugin/cni.go:407","msg":"Connected to IPAMD via Unix socket: /var/run/aws-node/ipamd.sock"}
{"level":"info","ts":"2026-10-05T08:43:19.977Z","caller":"routed-eni-cni-plugin/cni.go:370","msg":"Container 2fc41901238bceb592a127cde6413e7cfb178f6724f97e09fc3a888940b7c214 not found"}
{"level":"info","ts":"2026-10-05T08:43:19.989Z","caller":"routed-eni-cni-plugin/cni.go:131","msg":"Constructed new logger instance"}
{"level":"debug","ts":"2026-10-05T08:43:19.989Z","caller":"routed-eni-cni-plugin/cni.go:370","msg":"Prev Result: <nil>\n"}
{"level":"info","ts":"2026-10-05T08:43:19.989Z","caller":"routed-eni-cni-plugin/cni.go:370","msg":"Received CNI del request: ContainerID(51e33ac44423e5dd07f8e96e082e4f750db4a9487b130eb1c141ece7dfe41f4d) Netns(/var/run/netns/cni-d3ede963-dc58-bfd4-8a0c-cdebc8a0ae75) IfName(eth0) Args(K8S_POD_UID=aaffac51-12cc-4f37-ba8c-ada8f6944478;IgnoreUnknown=1;K8S_POD_NAMESPACE=default;K8S_POD_NAME=pause-68d5b89fc-s4xj4;K8S_POD_INFRA_CONTAINER_ID=51e33ac44423e5dd07f8e96e082e4f750db4a9487b130eb1c141ece7dfe41f4d) Path(/opt/cni/bin) argsStdinData({\"capabilities\":{\"io.kubernetes.cri.pod-annotations\":true},\"cniVersion\":\"0.4.0\",\"mtu\":\"9001\",\"name\":\"aws-cni\",\"pluginLogFile\":\"/var/log/aws-routed-eni/plugin.log\",\"pluginLogLevel\":\"DEBUG\",\"podSGEnforcingMode\":\"strict\",\"runtimeConfig\":{\"io.kubernetes.cri.pod-annotations\":{\"kubernetes.io/config.seen\":\"2026-10-05T08:41:28.473261213Z\",\"kubernetes.io/config.source\":\"api\"}},\"type\":\"aws-cni\",\"vethPrefix\":\"eni\"})"}
{"level":"debug","ts":"2026-10-05T08:43:19.990Z","caller":"routed-eni-cni-plugin/cni.go:407","msg":"Connected to IPAMD via Unix socket: /var/run/aws-node/ipamd.sock"}
{"level":"info","ts":"2026-10-05T08:43:19.991Z","caller":"routed-eni-cni-plugin/cni.go:370","msg":"Container 51e33ac44423e5dd07f8e96e082e4f750db4a9487b130eb1c141ece7dfe41f4d not found"}
{"level":"info","ts":"2026-10-05T08:43:26.928Z","caller":"routed-eni-cni-plugin/cni.go:131","msg":"Constructed new logger instance"}
{"level":"info","ts":"2026-10-05T08:43:26.928Z","caller":"routed-eni-cni-plugin/cni.go:149","msg":"Received CNI add request: ContainerID(a518c34678624550061180368d60678889ef6c8d7980ff160952b291afe6c8f2) Netns(/var/run/netns/cni-2bd1de89-f3aa-7c07-b8b2-68536e687b64) IfName(eth0) Args(K8S_POD_INFRA_CONTAINER_ID=a518c34678624550061180368d60678889ef6c8d7980ff160952b291afe6c8f2;K8S_POD_UID=ab397e7f-fc6b-4c16-8bae-79a096357a31;IgnoreUnknown=1;K8S_POD_NAMESPACE=default;K8S_POD_NAME=pause-68d5b89fc-9585w) Path(/opt/cni/bin) argsStdinData({\"capabilities\":{\"io.kubernetes.cri.pod-annotations\":true},\"cniVersion\":\"0.4.0\",\"mtu\":\"9001\",\"name\":\"aws-cni\",\"pluginLogFile\":\"/var/log/aws-routed-eni/plugin.log\",\"pluginLogLevel\":\"DEBUG\",\"podSGEnforcingMode\":\"strict\",\"runtimeConfig\":{\"io.kubernetes.cri.pod-annotations\":{\"kubernetes.io/config.seen\":\"2026-10-05T08:41:28.368078900Z\",\"kubernetes.io/config.source\":\"api\"}},\"type\":\"aws-cni\",\"vethPrefix\":\"eni\"})"}
{"level":"debug","ts":"2026-10-05T08:43:26.928Z","caller":"routed-eni-cni-plugin/cni.go:149","msg":"Prev Result: <nil>\n"}
{"level":"debug","ts":"2026-10-05T08:43:26.928Z","caller":"routed-eni-cni-plugin/cni.go:149","msg":"MTU value set is 9001:"}
{"level":"debug","ts":"2026-10-05T08:43:26.928Z","caller":"routed-eni-cni-plugin/cni.go:149","msg":"pod requires multi-nic attachment: false"}
{"level":"debug","ts":"2026-10-05T08:43:26.929Z","caller":"routed-eni-cni-plugin/cni.go:190","msg":"Connected to IPAMD via Unix socket: /var/run/aws-node/ipamd.sock"}
{"level":"error","ts":"2026-10-05T08:43:26.930Z","caller":"routed-eni-cni-plugin/cni.go:149","msg":"Failed to assign an IP address to container a518c34678624550061180368d60678889ef6c8d7980ff160952b291afe6c8f2"}
{"level":"info","ts":"2026-10-05T08:43:26.954Z","caller":"routed-eni-cni-plugin/cni.go:131","msg":"Constructed new logger instance"}
{"level":"debug","ts":"2026-10-05T08:43:26.954Z","caller":"routed-eni-cni-plugin/cni.go:370","msg":"Prev Result: <nil>\n"}
{"level":"info","ts":"2026-10-05T08:43:26.954Z","caller":"routed-eni-cni-plugin/cni.go:370","msg":"Received CNI del request: ContainerID(a518c34678624550061180368d60678889ef6c8d7980ff160952b291afe6c8f2) Netns(/var/run/netns/cni-2bd1de89-f3aa-7c07-b8b2-68536e687b64) IfName(eth0) Args(K8S_POD_NAMESPACE=default;K8S_POD_NAME=pause-68d5b89fc-9585w;K8S_POD_INFRA_CONTAINER_ID=a518c34678624550061180368d60678889ef6c8d7980ff160952b291afe6c8f2;K8S_POD_UID=ab397e7f-fc6b-4c16-8bae-79a096357a31;IgnoreUnknown=1) Path(/opt/cni/bin) argsStdinData({\"capabilities\":{\"io.kubernetes.cri.pod-annotations\":true},\"cniVersion\":\"0.4.0\",\"mtu\":\"9001\",\"name\":\"aws-cni\",\"pluginLogFile\":\"/var/log/aws-routed-eni/plugin.log\",\"pluginLogLevel\":\"DEBUG\",\"podSGEnforcingMode\":\"strict\",\"runtimeConfig\":{\"io.kubernetes.cri.pod-annotations\":{\"kubernetes.io/config.seen\":\"2026-10-05T08:41:28.368078900Z\",\"kubernetes.io/config.source\":\"api\"}},\"type\":\"aws-cni\",\"vethPrefix\":\"eni\"})"}
{"level":"debug","ts":"2026-10-05T08:43:26.955Z","caller":"routed-eni-cni-plugin/cni.go:407","msg":"Connected to IPAMD via Unix socket: /var/run/aws-node/ipamd.sock"}
{"level":"info","ts":"2026-10-05T08:43:26.956Z","caller":"routed-eni-cni-plugin/cni.go:370","msg":"Container a518c34678624550061180368d60678889ef6c8d7980ff160952b291afe6c8f2 not found"}
{"level":"info","ts":"2026-10-05T08:43:31.929Z","caller":"routed-eni-cni-plugin/cni.go:131","msg":"Constructed new logger instance"}
{"level":"info","ts":"2026-10-05T08:43:31.929Z","caller":"routed-eni-cni-plugin/cni.go:149","msg":"Received CNI add request: ContainerID(a43435689762d4a52f394eb733ecc0ebf1aad8f8d6058028e17cdd3fe6a81963) Netns(/var/run/netns/cni-fab97c6e-fbcf-20fa-8c83-a6272f73aa48) IfName(eth0) Args(K8S_POD_NAME=pause-68d5b89fc-s4xj4;K8S_POD_INFRA_CONTAINER_ID=a43435689762d4a52f394eb733ecc0ebf1aad8f8d6058028e17cdd3fe6a81963;K8S_POD_UID=aaffac51-12cc-4f37-ba8c-ada8f6944478;IgnoreUnknown=1;K8S_POD_NAMESPACE=default) Path(/opt/cni/bin) argsStdinData({\"capabilities\":{\"io.kubernetes.cri.pod-annotations\":true},\"cniVersion\":\"0.4.0\",\"mtu\":\"9001\",\"name\":\"aws-cni\",\"pluginLogFile\":\"/var/log/aws-routed-eni/plugin.log\",\"pluginLogLevel\":\"DEBUG\",\"podSGEnforcingMode\":\"strict\",\"runtimeConfig\":{\"io.kubernetes.cri.pod-annotations\":{\"kubernetes.io/config.seen\":\"2026-10-05T08:41:28.473261213Z\",\"kubernetes.io/config.source\":\"api\"}},\"type\":\"aws-cni\",\"vethPrefix\":\"eni\"})"}
{"level":"debug","ts":"2026-10-05T08:43:31.929Z","caller":"routed-eni-cni-plugin/cni.go:149","msg":"Prev Result: <nil>\n"}
{"level":"debug","ts":"2026-10-05T08:43:31.929Z","caller":"routed-eni-cni-plugin/cni.go:149","msg":"MTU value set is 9001:"}
{"level":"debug","ts":"2026-10-05T08:43:31.929Z","caller":"routed-eni-cni-plugin/cni.go:149","msg":"pod requires multi-nic attachment: false"}
{"level":"debug","ts":"2026-10-05T08:43:31.929Z","caller":"routed-eni-cni-plugin/cni.go:190","msg":"Connected to IPAMD via Unix socket: /var/run/aws-node/ipamd.sock"}
{"level":"error","ts":"2026-10-05T08:43:31.931Z","caller":"routed-eni-cni-plugin/cni.go:149","msg":"Failed to assign an IP address to container a43435689762d4a52f394eb733ecc0ebf1aad8f8d6058028e17cdd3fe6a81963"}
{"level":"info","ts":"2026-10-05T08:43:31.955Z","caller":"routed-eni-cni-plugin/cni.go:131","msg":"Constructed new logger instance"}
{"level":"debug","ts":"2026-10-05T08:43:31.955Z","caller":"routed-eni-cni-plugin/cni.go:370","msg":"Prev Result: <nil>\n"}
{"level":"info","ts":"2026-10-05T08:43:31.955Z","caller":"routed-eni-cni-plugin/cni.go:370","msg":"Received CNI del request: ContainerID(a43435689762d4a52f394eb733ecc0ebf1aad8f8d6058028e17cdd3fe6a81963) Netns(/var/run/netns/cni-fab97c6e-fbcf-20fa-8c83-a6272f73aa48) IfName(eth0) Args(K8S_POD_NAME=pause-68d5b89fc-s4xj4;K8S_POD_INFRA_CONTAINER_ID=a43435689762d4a52f394eb733ecc0ebf1aad8f8d6058028e17cdd3fe6a81963;K8S_POD_UID=aaffac51-12cc-4f37-ba8c-ada8f6944478;IgnoreUnknown=1;K8S_POD_NAMESPACE=default) Path(/opt/cni/bin) argsStdinData({\"capabilities\":{\"io.kubernetes.cri.pod-annotations\":true},\"cniVersion\":\"0.4.0\",\"mtu\":\"9001\",\"name\":\"aws-cni\",\"pluginLogFile\":\"/var/log/aws-routed-eni/plugin.log\",\"pluginLogLevel\":\"DEBUG\",\"podSGEnforcingMode\":\"strict\",\"runtimeConfig\":{\"io.kubernetes.cri.pod-annotations\":{\"kubernetes.io/config.seen\":\"2026-10-05T08:41:28.473261213Z\",\"kubernetes.io/config.source\":\"api\"}},\"type\":\"aws-cni\",\"vethPrefix\":\"eni\"})"}
{"level":"debug","ts":"2026-10-05T08:43:31.955Z","caller":"routed-eni-cni-plugin/cni.go:407","msg":"Connected to IPAMD via Unix socket: /var/run/aws-node/ipamd.sock"}
{"level":"info","ts":"2026-10-05T08:43:31.956Z","caller":"routed-eni-cni-plugin/cni.go:370","msg":"Container a43435689762d4a52f394eb733ecc0ebf1aad8f8d6058028e17cdd3fe6a81963 not found"}
{"level":"info","ts":"2026-10-05T08:43:32.929Z","caller":"routed-eni-cni-plugin/cni.go:131","msg":"Constructed new logger instance"}
{"level":"info","ts":"2026-10-05T08:43:32.929Z","caller":"routed-eni-cni-plugin/cni.go:149","msg":"Received CNI add request: ContainerID(7ca6fdddc829cf2e5977bfcc8fd046704f92cd59f78c6a256e7fc1adebf5d364) Netns(/var/run/netns/cni-6609a30f-ab28-7a11-4ef0-b66dd593dc27) IfName(eth0) Args(IgnoreUnknown=1;K8S_POD_NAMESPACE=default;K8S_POD_NAME=pause-68d5b89fc-trsbt;K8S_POD_INFRA_CONTAINER_ID=7ca6fdddc829cf2e5977bfcc8fd046704f92cd59f78c6a256e7fc1adebf5d364;K8S_POD_UID=c20f32d4-15fe-4764-9034-71a97ec5e097) Path(/opt/cni/bin) argsStdinData({\"capabilities\":{\"io.kubernetes.cri.pod-annotations\":true},\"cniVersion\":\"0.4.0\",\"mtu\":\"9001\",\"name\":\"aws-cni\",\"pluginLogFile\":\"/var/log/aws-routed-eni/plugin.log\",\"pluginLogLevel\":\"DEBUG\",\"podSGEnforcingMode\":\"strict\",\"runtimeConfig\":{\"io.kubernetes.cri.pod-annotations\":{\"kubernetes.io/config.seen\":\"2026-10-05T08:41:28.431283594Z\",\"kubernetes.io/config.source\":\"api\"}},\"type\":\"aws-cni\",\"vethPrefix\":\"eni\"})"}
{"level":"debug","ts":"2026-10-05T08:43:32.929Z","caller":"routed-eni-cni-plugin/cni.go:149","msg":"Prev Result: <nil>\n"}
{"level":"debug","ts":"2026-10-05T08:43:32.929Z","caller":"routed-eni-cni-plugin/cni.go:149","msg":"MTU value set is 9001:"}
{"level":"debug","ts":"2026-10-05T08:43:32.929Z","caller":"routed-eni-cni-plugin/cni.go:149","msg":"pod requires multi-nic attachment: false"}
{"level":"debug","ts":"2026-10-05T08:43:32.930Z","caller":"routed-eni-cni-plugin/cni.go:190","msg":"Connected to IPAMD via Unix socket: /var/run/aws-node/ipamd.sock"}
{"level":"error","ts":"2026-10-05T08:43:32.931Z","caller":"routed-eni-cni-plugin/cni.go:149","msg":"Failed to assign an IP address to container 7ca6fdddc829cf2e5977bfcc8fd046704f92cd59f78c6a256e7fc1adebf5d364"}
{"level":"info","ts":"2026-10-05T08:43:32.954Z","caller":"routed-eni-cni-plugin/cni.go:131","msg":"Constructed new logger instance"}
{"level":"debug","ts":"2026-10-05T08:43:32.954Z","caller":"routed-eni-cni-plugin/cni.go:370","msg":"Prev Result: <nil>\n"}
{"level":"info","ts":"2026-10-05T08:43:32.954Z","caller":"routed-eni-cni-plugin/cni.go:370","msg":"Received CNI del request: ContainerID(7ca6fdddc829cf2e5977bfcc8fd046704f92cd59f78c6a256e7fc1adebf5d364) Netns(/var/run/netns/cni-6609a30f-ab28-7a11-4ef0-b66dd593dc27) IfName(eth0) Args(K8S_POD_NAMESPACE=default;K8S_POD_NAME=pause-68d5b89fc-trsbt;K8S_POD_INFRA_CONTAINER_ID=7ca6fdddc829cf2e5977bfcc8fd046704f92cd59f78c6a256e7fc1adebf5d364;K8S_POD_UID=c20f32d4-15fe-4764-9034-71a97ec5e097;IgnoreUnknown=1) Path(/opt/cni/bin) argsStdinData({\"capabilities\":{\"io.kubernetes.cri.pod-annotations\":true},\"cniVersion\":\"0.4.0\",\"mtu\":\"9001\",\"name\":\"aws-cni\",\"pluginLogFile\":\"/var/log/aws-routed-eni/plugin.log\",\"pluginLogLevel\":\"DEBUG\",\"podSGEnforcingMode\":\"strict\",\"runtimeConfig\":{\"io.kubernetes.cri.pod-annotations\":{\"kubernetes.io/config.seen\":\"2026-10-05T08:41:28.431283594Z\",\"kubernetes.io/config.source\":\"api\"}},\"type\":\"aws-cni\",\"vethPrefix\":\"eni\"})"}
{"level":"debug","ts":"2026-10-05T08:43:32.954Z","caller":"routed-eni-cni-plugin/cni.go:407","msg":"Connected to IPAMD via Unix socket: /var/run/aws-node/ipamd.sock"}
{"level":"info","ts":"2026-10-05T08:43:32.956Z","caller":"routed-eni-cni-plugin/cni.go:370","msg":"Container 7ca6fdddc829cf2e5977bfcc8fd046704f92cd59f78c6a256e7fc1adebf5d364 not found"}
