{"level":"info","ts":"2026-10-05T08:38:37.069Z","caller":"logger/logger.go:52","msg":"Constructed new logger instance"}
{"level":"info","ts":"2026-10-05T08:38:37.071Z","caller":"netlinkwrapper/netlink.go:27","msg":"Initialized new logger as an existing instance was not found"}
{"level":"info","ts":"2026-10-05T08:38:37.128Z","caller":"logger/logger.go:52","msg":"Constructed new logger instance"}
{"level":"info","ts":"2026-10-05T08:38:37.128Z","caller":"netlinkwrapper/netlink.go:27","msg":"Initialized new logger as an existing instance was not found"}
{"level":"info","ts":"2026-10-05T08:38:37.151Z","caller":"aws-k8s-agent/main.go:52","msg":"Starting L-IPAMD   ..."}
{"level":"info","ts":"2026-10-05T08:38:37.151Z","caller":"aws-k8s-agent/main.go:52","msg":"Waiting to connect API server for upto 30s..."}
{"level":"info","ts":"2026-10-05T08:38:37.152Z","caller":"aws-k8s-agent/main.go:127","msg":"Testing communication with server ..."}
{"level":"info","ts":"2026-10-05T08:38:37.159Z","caller":"wait/loop.go:53","msg":"Successful communication with the Cluster! Cluster Version is: v1.36.4-eks-cfb47f5"}
{"level":"info","ts":"2026-10-05T08:38:37.159Z","caller":"aws-k8s-agent/main.go:52","msg":"API server connectivity established."}
{"level":"info","ts":"2026-10-05T08:38:37.166Z","caller":"aws-k8s-agent/main.go:136","msg":"Cache-based Kubernetes client successfully created."}
{"level":"info","ts":"2026-10-05T08:38:37.168Z","caller":"aws-k8s-agent/main.go:136","msg":"k8sClient created successfully"}
{"level":"debug","ts":"2026-10-05T08:38:37.269Z","caller":"eventrecorder/eventrecorder.go:68","msg":"Pod found aws-node-dbpq4 - labels - 5"}
{"level":"debug","ts":"2026-10-05T08:38:37.278Z","caller":"awssession/session.go:44","msg":"HTTP_TIMEOUT env is not set or set to less than 10 seconds, defaulting to httpTimeout to 10s"}
{"level":"debug","ts":"2026-10-05T08:38:37.281Z","caller":"ipamd/ipamd.go:414","msg":"Discovered region: us-east-1"}
{"level":"info","ts":"2026-10-05T08:38:37.281Z","caller":"ipamd/ipamd.go:414","msg":"Custom networking enabled false"}
{"level":"info","ts":"2026-10-05T08:38:37.281Z","caller":"ipamd/ipamd.go:414","msg":"Subnet discovery enabled true"}
{"level":"debug","ts":"2026-10-05T08:38:37.281Z","caller":"awsutils/awsutils.go:471","msg":"Found availability zone: us-east-1b "}
{"level":"debug","ts":"2026-10-05T08:38:37.282Z","caller":"awsutils/awsutils.go:471","msg":"Discovered the instance primary IPv4 address: 10.20.0.61"}
{"level":"debug","ts":"2026-10-05T08:38:37.284Z","caller":"awsutils/awsutils.go:471","msg":"Found instance-id: i-EXAMPLE12 "}
{"level":"debug","ts":"2026-10-05T08:38:37.284Z","caller":"awsutils/awsutils.go:471","msg":"Found instance-type: t3.medium "}
{"level":"debug","ts":"2026-10-05T08:38:37.285Z","caller":"awsutils/awsutils.go:471","msg":"Found primary interface's MAC address: 0a:ff:ec:23:fa:99"}
{"level":"debug","ts":"2026-10-05T08:38:37.286Z","caller":"awsutils/awsutils.go:471","msg":"eni-EXAMPLE22 is the primary ENI of this instance"}
{"level":"debug","ts":"2026-10-05T08:38:37.287Z","caller":"awsutils/awsutils.go:471","msg":"Found subnet-id: subnet-EXAMPLE1 "}
{"level":"debug","ts":"2026-10-05T08:38:37.287Z","caller":"awsutils/awsutils.go:471","msg":"Found vpc-id: vpc-EXAMPLE1 "}
{"level":"debug","ts":"2026-10-05T08:38:37.287Z","caller":"ipamd/ipamd.go:423","msg":"Using WARM_ENI_TARGET 1"}
{"level":"debug","ts":"2026-10-05T08:38:37.287Z","caller":"ipamd/ipamd.go:424","msg":"Using WARM_IP_TARGET 0"}
{"level":"debug","ts":"2026-10-05T08:38:37.287Z","caller":"ipamd/ipamd.go:425","msg":"Using MINIMUM_IP_TARGET 0"}
{"level":"debug","ts":"2026-10-05T08:38:37.287Z","caller":"ipamd/ipamd.go:426","msg":"Using WARM_PREFIX_TARGET 1"}
{"level":"debug","ts":"2026-10-05T08:38:37.287Z","caller":"ipamd/ipamd.go:2809","msg":"Check if instance supports Prefix Delegation"}
{"level":"debug","ts":"2026-10-05T08:38:37.287Z","caller":"awsutils/awsutils.go:2120","msg":"Instance hypervisor family nitro"}
{"level":"debug","ts":"2026-10-05T08:38:37.287Z","caller":"ipamd/ipamd.go:2809","msg":"Instance supports Prefix Delegation"}
{"level":"info","ts":"2026-10-05T08:38:37.287Z","caller":"ipamd/ipamd.go:449","msg":"Prefix Delegation enabled true"}
{"level":"info","ts":"2026-10-05T08:38:37.288Z","caller":"awsutils/awsutils.go:2417","msg":"Will attempt to clean up AWS CNI leaked ENIs after waiting 3m59s."}
{"level":"debug","ts":"2026-10-05T08:38:37.288Z","caller":"ipamd/ipamd.go:453","msg":"Start node init"}
{"level":"debug","ts":"2026-10-05T08:38:37.288Z","caller":"ipamd/ipamd.go:2779","msg":"max prefix 5 max ips 80"}
{"level":"debug","ts":"2026-10-05T08:38:37.288Z","caller":"ipamd/ipamd.go:464","msg":"Max ip per ENI 80 and max prefixes per ENI 5"}
{"level":"info","ts":"2026-10-05T08:38:37.292Z","caller":"ipamd/ipamd.go:476","msg":"Setting up host network... "}
{"level":"debug","ts":"2026-10-05T08:38:37.292Z","caller":"netlinkwrapper/netlink.go:138","msg":"netlink operation succeeded on attempt 1 of 5"}
{"level":"debug","ts":"2026-10-05T08:38:37.292Z","caller":"networkutils/network.go:309","msg":"Found the Link that uses mac address 0a:ff:ec:23:fa:99 and its index is 2 (attempt 1/5)"}
{"level":"debug","ts":"2026-10-05T08:38:37.292Z","caller":"networkutils/network.go:467","msg":"Trying to find primary interface that has mac : 0a:ff:ec:23:fa:99"}
{"level":"debug","ts":"2026-10-05T08:38:37.292Z","caller":"networkutils/network.go:467","msg":"Discovered interface: lo, mac: "}
{"level":"debug","ts":"2026-10-05T08:38:37.292Z","caller":"networkutils/network.go:467","msg":"Discovered interface: ens5, mac: 0a:ff:ec:23:fa:99"}
{"level":"info","ts":"2026-10-05T08:38:37.292Z","caller":"networkutils/network.go:467","msg":"Discovered primary interface: ens5"}
{"level":"debug","ts":"2026-10-05T08:38:37.294Z","caller":"networkutils/network.go:478","msg":"Adding 10.20.0.0/24 CIDR to NAT chain"}
{"level":"debug","ts":"2026-10-05T08:38:37.295Z","caller":"networkutils/network.go:478","msg":"Total CIDRs to program - 1"}
{"level":"debug","ts":"2026-10-05T08:38:37.295Z","caller":"networkutils/network.go:478","msg":"Setup Host Network: iptables -N AWS-SNAT-CHAIN-0 -t nat"}
{"level":"debug","ts":"2026-10-05T08:38:37.297Z","caller":"networkutils/network.go:478","msg":"Setup Host Network: iptables -A POSTROUTING -m comment --comment \"AWS SNAT CHAIN\" -j AWS-SNAT-CHAIN-0"}
{"level":"debug","ts":"2026-10-05T08:38:37.297Z","caller":"networkutils/network.go:478","msg":"Setup Host Network: iptables -A AWS-SNAT-CHAIN-0 -d 10.20.0.0/24 -m comment --comment AWS SNAT CHAIN -t nat -j RETURN"}
{"level":"debug","ts":"2026-10-05T08:38:37.297Z","caller":"networkutils/network.go:691","msg":"Setup Host Network: loading existing iptables nat rules with chain prefix AWS-SNAT-CHAIN"}
{"level":"debug","ts":"2026-10-05T08:38:37.303Z","caller":"networkutils/network.go:691","msg":"host network setup: found potentially stale rule for chain AWS-SNAT-CHAIN-0: [-N AWS-SNAT-CHAIN-0]"}
{"level":"debug","ts":"2026-10-05T08:38:37.303Z","caller":"networkutils/network.go:564","msg":"Setup Host Network: computing stale iptables rules for nat table with chain prefix AWS-SNAT-CHAIN"}
{"level":"debug","ts":"2026-10-05T08:38:37.303Z","caller":"networkutils/network.go:564","msg":"Setup Host Network: active chain found: AWS-SNAT-CHAIN-0"}
{"level":"debug","ts":"2026-10-05T08:38:37.303Z","caller":"networkutils/network.go:478","msg":"iptableRules: [nat/POSTROUTING rule first SNAT rules for non-VPC outbound traffic shouldExist true rule [-m comment --comment AWS SNAT CHAIN -j AWS-SNAT-CHAIN-0] nat/AWS-SNAT-CHAIN-0 rule AWS-SNAT-CHAIN-0 shouldExist true rule [-d 10.20.0.0/24 -m comment --comment AWS SNAT CHAIN -j RETURN] nat/AWS-SNAT-CHAIN-0 rule last SNAT rule for non-VPC outbound traffic shouldExist true rule [! -o vlan+ -m comment --comment AWS, SNAT -m addrtype ! --dst-type LOCAL -j SNAT --to-source 10.20.0.61 --random-fully] mangle/PREROUTING rule connmark for primary ENI shouldExist true rule [-m comment --comment AWS, primary ENI -i ens5 -m addrtype --dst-type LOCAL --limit-iface-in -j CONNMARK --set-mark 0x80/0x80] mangle/PREROUTING rule connmark restore for primary ENI shouldExist true rule [-m comment --comment AWS, primary ENI -i eni+ -j CONNMARK --restore-mark --mask 0x80] mangle/PREROUTING rule connmark restore for primary ENI from vlan shouldExist true rule [-m comment --comment AWS, primary ENI -i vlan+ -j CONNMARK --restore-mark --mask 0x80]]"}
{"level":"debug","ts":"2026-10-05T08:38:37.303Z","caller":"networkutils/network.go:482","msg":"execute iptable rule : first SNAT rules for non-VPC outbound traffic"}
{"level":"debug","ts":"2026-10-05T08:38:37.306Z","caller":"networkutils/network.go:482","msg":"rule nat/POSTROUTING rule first SNAT rules for non-VPC outbound traffic shouldExist true rule [-m comment --comment AWS SNAT CHAIN -j AWS-SNAT-CHAIN-0] exists false, err <nil>"}
{"level":"debug","ts":"2026-10-05T08:38:37.308Z","caller":"networkutils/network.go:482","msg":"execute iptable rule : AWS-SNAT-CHAIN-0"}
{"level":"debug","ts":"2026-10-05T08:38:37.310Z","caller":"networkutils/network.go:482","msg":"rule nat/AWS-SNAT-CHAIN-0 rule AWS-SNAT-CHAIN-0 shouldExist true rule [-d 10.20.0.0/24 -m comment --comment AWS SNAT CHAIN -j RETURN] exists false, err <nil>"}
{"level":"debug","ts":"2026-10-05T08:38:37.312Z","caller":"networkutils/network.go:482","msg":"execute iptable rule : last SNAT rule for non-VPC outbound traffic"}
{"level":"debug","ts":"2026-10-05T08:38:37.314Z","caller":"networkutils/network.go:482","msg":"rule nat/AWS-SNAT-CHAIN-0 rule last SNAT rule for non-VPC outbound traffic shouldExist true rule [! -o vlan+ -m comment --comment AWS, SNAT -m addrtype ! --dst-type LOCAL -j SNAT --to-source 10.20.0.61 --random-fully] exists false, err <nil>"}
{"level":"debug","ts":"2026-10-05T08:38:37.316Z","caller":"networkutils/network.go:482","msg":"execute iptable rule : connmark for primary ENI"}
{"level":"debug","ts":"2026-10-05T08:38:37.338Z","caller":"networkutils/network.go:482","msg":"rule mangle/PREROUTING rule connmark for primary ENI shouldExist true rule [-m comment --comment AWS, primary ENI -i ens5 -m addrtype --dst-type LOCAL --limit-iface-in -j CONNMARK --set-mark 0x80/0x80] exists false, err <nil>"}
{"level":"debug","ts":"2026-10-05T08:38:37.344Z","caller":"networkutils/network.go:482","msg":"execute iptable rule : connmark restore for primary ENI"}
{"level":"debug","ts":"2026-10-05T08:38:37.346Z","caller":"networkutils/network.go:482","msg":"rule mangle/PREROUTING rule connmark restore for primary ENI shouldExist true rule [-m comment --comment AWS, primary ENI -i eni+ -j CONNMARK --restore-mark --mask 0x80] exists false, err <nil>"}
{"level":"debug","ts":"2026-10-05T08:38:37.348Z","caller":"networkutils/network.go:482","msg":"execute iptable rule : connmark restore for primary ENI from vlan"}
{"level":"debug","ts":"2026-10-05T08:38:37.350Z","caller":"networkutils/network.go:482","msg":"rule mangle/PREROUTING rule connmark restore for primary ENI from vlan shouldExist true rule [-m comment --comment AWS, primary ENI -i vlan+ -j CONNMARK --restore-mark --mask 0x80] exists false, err <nil>"}
{"level":"info","ts":"2026-10-05T08:38:37.353Z","caller":"networkutils/nftables_connmark.go:135","msg":"chain does not exists nat-prerouting: conn.Execute failed: netlink receive: no such file or directory"}
{"level":"info","ts":"2026-10-05T08:38:37.353Z","caller":"networkutils/nftables_connmark.go:139","msg":"chain does not exists snat-mark: conn.Execute failed: netlink receive: no such file or directory"}
{"level":"debug","ts":"2026-10-05T08:38:37.353Z","caller":"networkutils/nftables_connmark.go:147","msg":"base chain nat-prerouting: rules missing or out of order (fib=false jump=false restore=false ordered=false stale=0); flushing and reinstalling all 3 rules"}
{"level":"debug","ts":"2026-10-05T08:38:37.507Z","caller":"awsutils/awsutils.go:1743","msg":"Total number of interfaces found: 1 "}
{"level":"debug","ts":"2026-10-05T08:38:37.507Z","caller":"awsutils/awsutils.go:787","msg":"Found ENI MAC address: 0a:ff:ec:23:fa:99"}
{"level":"debug","ts":"2026-10-05T08:38:37.511Z","caller":"awsutils/awsutils.go:787","msg":"Found ENI: eni-EXAMPLE22, MAC 0a:ff:ec:23:fa:99, device 0"}
{"level":"debug","ts":"2026-10-05T08:38:37.514Z","caller":"awsutils/awsutils.go:787","msg":"Found IPv4 addresses associated with interface. This is not efa-only interface"}
{"level":"info","ts":"2026-10-05T08:38:37.704Z","caller":"ipamd/ipamd.go:489","msg":"Got network card index 0 for ENI eni-EXAMPLE22"}
{"level":"info","ts":"2026-10-05T08:38:37.704Z","caller":"ipamd/ipamd.go:489","msg":"eni-EXAMPLE22 is of type: interface"}
{"level":"debug","ts":"2026-10-05T08:38:37.704Z","caller":"ipamd/ipamd.go:453","msg":"DescribeAllENIs success: ENIs: 1, tagged: 1"}
{"level":"info","ts":"2026-10-05T08:38:37.704Z","caller":"ipamd/ipamd.go:501","msg":"initialized datastore for network cards index 0"}
{"level":"debug","ts":"2026-10-05T08:38:37.704Z","caller":"ipamd/ipamd.go:453","msg":"Discovered ENI eni-EXAMPLE22, trying to set it up"}
{"level":"debug","ts":"2026-10-05T08:38:37.704Z","caller":"ipamd/ipamd.go:532","msg":"Tagging ENI eni-EXAMPLE22 with missing tags: map[cluster.k8s.amazonaws.com/name:eks-ipv4-lab eks:eni:owner:amazon-vpc-cni node.k8s.amazonaws.com/instance_id:i-EXAMPLE12]"}
{"level":"debug","ts":"2026-10-05T08:38:37.908Z","caller":"retry/retry.go:70","msg":"Successfully tagged ENI: eni-EXAMPLE22"}
{"level":"debug","ts":"2026-10-05T08:38:37.908Z","caller":"ipamd/ipamd.go:1313","msg":"DataStore add an ENI eni-EXAMPLE22"}
{"level":"debug","ts":"2026-10-05T08:38:37.960Z","caller":"ipamd/ipamd.go:2913","msg":"IsSubnetExcluded: subnet subnet-EXAMPLE1 has no kubernetes.io/role/cni tag, not excluded"}
{"level":"info","ts":"2026-10-05T08:38:37.960Z","caller":"ipamd/ipamd.go:541","msg":"Found ENIs having 1 secondary IPs and 0 Prefixes"}
{"level":"debug","ts":"2026-10-05T08:38:37.960Z","caller":"ipamd/ipamd.go:1394","msg":"Prefix pool stats for network card 0: Total IPs/Prefixes = 0/0, AssignedIPs/CooldownIPs: 0/0, c.maxIPsPerENI = 80"}
{"level":"debug","ts":"2026-10-05T08:38:37.960Z","caller":"ipamd/ipamd.go:1415","msg":"Prefix pool stats for network card 0: Total IPs/Prefixes = 0/0, AssignedIPs/CooldownIPs: 0/0, c.maxIPsPerENI = 80"}
{"level":"info","ts":"2026-10-05T08:38:37.960Z","caller":"ipamd/ipamd.go:453","msg":"ENI eni-EXAMPLE22 set up."}
{"level":"info","ts":"2026-10-05T08:38:37.960Z","caller":"datastore/data_store.go:1767","msg":"Begin ipam state recovery from backing store"}
{"level":"debug","ts":"2026-10-05T08:38:37.960Z","caller":"datastore/data_store.go:1767","msg":"backing store doesn't exists, assuming bootstrap on a new node"}
{"level":"debug","ts":"2026-10-05T08:38:37.960Z","caller":"ipamd/ipamd.go:569","msg":"checkAndHandleAllENIExclusion: completed ENI exclusion check"}
{"level":"debug","ts":"2026-10-05T08:38:37.960Z","caller":"ipamd/ipamd.go:575","msg":"tryUnassignIPsFromENIs"}
{"level":"debug","ts":"2026-10-05T08:38:37.960Z","caller":"ipamd/ipamd.go:2445","msg":"No freeable IPs"}
{"level":"debug","ts":"2026-10-05T08:38:37.960Z","caller":"netlinkwrapper/netlink.go:204","msg":"netlink operation succeeded on attempt 1 of 5"}
{"level":"debug","ts":"2026-10-05T08:38:37.960Z","caller":"ipamd/ipamd.go:730","msg":"Update Rule List with set []"}
{"level":"info","ts":"2026-10-05T08:38:37.963Z","caller":"awsutils/awsutils.go:749","msg":"Found primary SG sg-EXAMPLE1, added to ipamd cache"}
{"level":"debug","ts":"2026-10-05T08:38:37.963Z","caller":"awsutils/awsutils.go:767","msg":"Update ENI eni-EXAMPLE22 with security groups [sg-EXAMPLE1]"}
{"level":"info","ts":"2026-10-05T08:38:38.356Z","caller":"ipamd/ipamd.go:609","msg":"Get Node Info for: ip-10-20-0-61.ec2.internal"}
{"level":"debug","ts":"2026-10-05T08:38:38.457Z","caller":"ipamd/ipamd.go:681","msg":"IP pool is too low for Network Card 0: available (0) < ENI target (1) * addrsPerENI (16)"}
{"level":"debug","ts":"2026-10-05T08:38:38.457Z","caller":"ipamd/ipamd.go:2689","msg":"Prefix pool stats for network card 0: Total IPs/Prefixes = 0/0, AssignedIPs/CooldownIPs: 0/0, c.maxIPsPerENI = 80"}
{"level":"debug","ts":"2026-10-05T08:38:38.457Z","caller":"ipamd/ipamd.go:669","msg":"is datastore pool low for networkCard 0, decision true"}
{"level":"debug","ts":"2026-10-05T08:38:38.457Z","caller":"ipamd/ipamd.go:684","msg":"Starting to increase pool size for network card 0"}
{"level":"debug","ts":"2026-10-05T08:38:38.457Z","caller":"ipamd/ipamd.go:966","msg":"Node found \"ip-10-20-0-61.ec2.internal\" - no of taints - 1"}
{"level":"debug","ts":"2026-10-05T08:38:38.457Z","caller":"ipamd/ipamd.go:2758","msg":"Prefix target is 1, short of 1 prefixes, free 0 prefixes"}
{"level":"debug","ts":"2026-10-05T08:38:38.457Z","caller":"ipamd/ipamd.go:1248","msg":"ToAllocate: 1, Network Card 0"}
{"level":"debug","ts":"2026-10-05T08:38:38.457Z","caller":"ipamd/ipamd.go:1251","msg":"Found ENI eni-EXAMPLE22 that has less than the maximum number of IP/Prefixes addresses allocated: cur=0, max=5"}
{"level":"info","ts":"2026-10-05T08:38:38.457Z","caller":"ipamd/ipamd.go:1255","msg":"Trying to allocate 1 IP addresses on ENI eni-EXAMPLE22"}
{"level":"debug","ts":"2026-10-05T08:38:38.457Z","caller":"ipamd/ipamd.go:1255","msg":"PD enabled - true"}
{"level":"debug","ts":"2026-10-05T08:38:38.904Z","caller":"awsutils/awsutils.go:2174","msg":"checkAPIErrorAndBroadcastEvent resulted in operation error EC2: AssignPrivateIpAddresses, https response error StatusCode: 400, RequestID: f50ec52c-ce99-4e1c-8fe5-dd8a0f3de44d, api error InsufficientCidrBlocks: The specified subnet does not have enough free cidr blocks to satisfy the request."}
{"level":"error","ts":"2026-10-05T08:38:38.904Z","caller":"ipamd/ipamd.go:1255","msg":"Failed to allocate a private IP/Prefix addresses on ENI eni-EXAMPLE22: operation error EC2: AssignPrivateIpAddresses, https response error StatusCode: 400, RequestID: f50ec52c-ce99-4e1c-8fe5-dd8a0f3de44d, api error InsufficientCidrBlocks: The specified subnet does not have enough free cidr blocks to satisfy the request."}
{"level":"debug","ts":"2026-10-05T08:38:38.904Z","caller":"ipamd/ipamd.go:1256","msg":"containsPrivateIPAddressLimitExceededError encountered operation error EC2: AssignPrivateIpAddresses, https response error StatusCode: 400, RequestID: f50ec52c-ce99-4e1c-8fe5-dd8a0f3de44d, api error InsufficientCidrBlocks: The specified subnet does not have enough free cidr blocks to satisfy the request."}
{"level":"warn","ts":"2026-10-05T08:38:38.904Z","caller":"ipamd/ipamd.go:1113","msg":"failed to allocate all available IPv4 Prefixes on ENI eni-EXAMPLE22, err: operation error EC2: AssignPrivateIpAddresses, https response error StatusCode: 400, RequestID: f50ec52c-ce99-4e1c-8fe5-dd8a0f3de44d, api error InsufficientCidrBlocks: The specified subnet does not have enough free cidr blocks to satisfy the request."}
{"level":"info","ts":"2026-10-05T08:38:38.904Z","caller":"ipamd/ipamd.go:1259","msg":"Trying to allocate 1 IP addresses on ENI eni-EXAMPLE22"}
{"level":"debug","ts":"2026-10-05T08:38:38.904Z","caller":"ipamd/ipamd.go:1259","msg":"PD enabled - true"}
{"level":"debug","ts":"2026-10-05T08:38:39.495Z","caller":"awsutils/awsutils.go:2174","msg":"checkAPIErrorAndBroadcastEvent resulted in operation error EC2: AssignPrivateIpAddresses, https response error StatusCode: 400, RequestID: 6c4a7325-b304-4152-a6d1-080de77b1e55, api error InsufficientCidrBlocks: The specified subnet does not have enough free cidr blocks to satisfy the request."}
{"level":"error","ts":"2026-10-05T08:38:39.495Z","caller":"ipamd/ipamd.go:1259","msg":"Failed to allocate a private IP/Prefix addresses on ENI eni-EXAMPLE22: operation error EC2: AssignPrivateIpAddresses, https response error StatusCode: 400, RequestID: 6c4a7325-b304-4152-a6d1-080de77b1e55, api error InsufficientCidrBlocks: The specified subnet does not have enough free cidr blocks to satisfy the request."}
{"level":"debug","ts":"2026-10-05T08:38:39.495Z","caller":"ipamd/ipamd.go:1260","msg":"containsPrivateIPAddressLimitExceededError encountered operation error EC2: AssignPrivateIpAddresses, https response error StatusCode: 400, RequestID: 6c4a7325-b304-4152-a6d1-080de77b1e55, api error InsufficientCidrBlocks: The specified subnet does not have enough free cidr blocks to satisfy the request."}
{"level":"debug","ts":"2026-10-05T08:38:39.495Z","caller":"ipamd/ipamd.go:1262","msg":"containsInsufficientCIDRsOrSubnetIPs encountered operation error EC2: AssignPrivateIpAddresses, https response error StatusCode: 400, RequestID: 6c4a7325-b304-4152-a6d1-080de77b1e55, api error InsufficientCidrBlocks: The specified subnet does not have enough free cidr blocks to satisfy the request."}
{"level":"debug","ts":"2026-10-05T08:38:39.495Z","caller":"ipamd/ipamd.go:1262","msg":"Insufficient IP Addresses due to: InsufficientCidrBlocks\n"}
{"level":"debug","ts":"2026-10-05T08:38:39.495Z","caller":"ipamd/ipamd.go:1003","msg":"hasRoomForEni: networkCard=0, currentENIs=1, currentUsableENIs=1, maxENI=3, unmanagedENI=0, trunkEni=0, excludedENI=0, hasRoom=true"}
{"level":"debug","ts":"2026-10-05T08:38:39.495Z","caller":"ipamd/ipamd.go:2758","msg":"Prefix target is 1, short of 1 prefixes, free 0 prefixes"}
{"level":"debug","ts":"2026-10-05T08:38:39.495Z","caller":"ipamd/ipamd.go:2595","msg":"ToAllocate: 1, Network Card 0"}
{"level":"info","ts":"2026-10-05T08:38:39.495Z","caller":"awsutils/awsutils.go:1044","msg":"Trying to allocate 1 IP addresses on new ENI"}
{"level":"debug","ts":"2026-10-05T08:38:39.495Z","caller":"awsutils/awsutils.go:1044","msg":"PD enabled - true"}
{"level":"debug","ts":"2026-10-05T08:38:39.575Z","caller":"awsutils/awsutils.go:1272","msg":"Primary subnet subnet-EXAMPLE1 has no kubernetes.io/role/cni tag, including it for ENI creation (backwards compatibility)"}
{"level":"info","ts":"2026-10-05T08:38:39.576Z","caller":"awsutils/awsutils.go:1044","msg":"Creating ENI with security groups: [sg-EXAMPLE1] in subnet: subnet-EXAMPLE1"}
{"level":"debug","ts":"2026-10-05T08:38:39.814Z","caller":"awsutils/awsutils.go:1449","msg":"checkAPIErrorAndBroadcastEvent resulted in operation error EC2: CreateNetworkInterface, https response error StatusCode: 400, RequestID: 283f8972-fc2e-40f1-9e6c-f1cfbf9a9fa9, api error InvalidParameterValue: There aren't sufficient free Ipv4 addresses or prefixes"}
{"level":"error","ts":"2026-10-05T08:38:39.814Z","caller":"awsutils/awsutils.go:1285","msg":"Failed to CreateNetworkInterface operation error EC2: CreateNetworkInterface, https response error StatusCode: 400, RequestID: 283f8972-fc2e-40f1-9e6c-f1cfbf9a9fa9, api error InvalidParameterValue: There aren't sufficient free Ipv4 addresses or prefixes for subnet subnet-EXAMPLE1"}
{"level":"debug","ts":"2026-10-05T08:38:39.814Z","caller":"awsutils/awsutils.go:1272","msg":"Subnet subnet-EXAMPLE2 has no kubernetes.io/role/cni tag, excluding it from ENI creation"}
{"level":"error","ts":"2026-10-05T08:38:39.814Z","caller":"ipamd/ipamd.go:1004","msg":"Failed to increase pool size due to not able to allocate ENI AllocENI: failed to create ENI: failed to create network interface: operation error EC2: CreateNetworkInterface, https response error StatusCode: 400, RequestID: 283f8972-fc2e-40f1-9e6c-f1cfbf9a9fa9, api error InvalidParameterValue: There aren't sufficient free Ipv4 addresses or prefixes"}
{"level":"warn","ts":"2026-10-05T08:38:39.814Z","caller":"ipamd/ipamd.go:1004","msg":"Failed to allocate 1 IP addresses on an ENI: AllocENI: failed to create ENI: failed to create network interface: operation error EC2: CreateNetworkInterface, https response error StatusCode: 400, RequestID: 283f8972-fc2e-40f1-9e6c-f1cfbf9a9fa9, api error InvalidParameterValue: There aren't sufficient free Ipv4 addresses or prefixes"}
{"level":"debug","ts":"2026-10-05T08:38:39.814Z","caller":"ipamd/ipamd.go:1082","msg":"containsInsufficientCIDRsOrSubnetIPs encountered AllocENI: failed to create ENI: failed to create network interface: operation error EC2: CreateNetworkInterface, https response error StatusCode: 400, RequestID: 283f8972-fc2e-40f1-9e6c-f1cfbf9a9fa9, api error InvalidParameterValue: There aren't sufficient free Ipv4 addresses or prefixes"}
{"level":"debug","ts":"2026-10-05T08:38:39.814Z","caller":"ipamd/ipamd.go:1082","msg":"Insufficient IP Addresses due to: InvalidParameterValue\n"}
{"level":"debug","ts":"2026-10-05T08:38:39.814Z","caller":"ipamd/ipamd.go:684","msg":"Error trying to allocate ENI: AllocENI: failed to create ENI: failed to create network interface: operation error EC2: CreateNetworkInterface, https response error StatusCode: 400, RequestID: 283f8972-fc2e-40f1-9e6c-f1cfbf9a9fa9, api error InvalidParameterValue: There aren't sufficient free Ipv4 addresses or prefixes"}
{"level":"debug","ts":"2026-10-05T08:38:39.814Z","caller":"ipamd/ipamd.go:453","msg":"node init completed successfully"}
{"level":"info","ts":"2026-10-05T08:38:39.815Z","caller":"ipamd/rpc_handler.go:492","msg":"Serving RPC Handler version  on unix:/var/run/aws-node/ipamd.sock"}
{"level":"info","ts":"2026-10-05T08:38:39.815Z","caller":"runtime/asm_amd64.s:1771","msg":"IP pool manager - max pods: 110, warm IP target: 0, warm prefix target: 1, warm ENI target: 1, minimum IP target: 0"}
{"level":"info","ts":"2026-10-05T08:38:39.815Z","caller":"runtime/asm_amd64.s:1771","msg":"Serving metrics on port 61678"}
{"level":"info","ts":"2026-10-05T08:38:39.815Z","caller":"runtime/asm_amd64.s:1771","msg":"Setting up shutdown hook."}
{"level":"info","ts":"2026-10-05T08:38:39.815Z","caller":"ipamd/introspect.go:55","msg":"Serving introspection endpoints on 127.0.0.1:61679"}
{"level":"debug","ts":"2026-10-05T08:38:42.315Z","caller":"ipamd/ipamd.go:809","msg":"IP pool is too low for Network Card 0: available (0) < ENI target (1) * addrsPerENI (16)"}
{"level":"debug","ts":"2026-10-05T08:38:42.315Z","caller":"ipamd/ipamd.go:2689","msg":"Prefix pool stats for network card 0: Total IPs/Prefixes = 0/0, AssignedIPs/CooldownIPs: 0/0, c.maxIPsPerENI = 80"}
{"level":"debug","ts":"2026-10-05T08:38:42.315Z","caller":"ipamd/ipamd.go:795","msg":"IP stats for Network Card 0 - total IPs: 0, assigned IPs: 0, cooldown IPs: 0"}
{"level":"debug","ts":"2026-10-05T08:38:42.315Z","caller":"ipamd/ipamd.go:813","msg":"Starting to increase pool size for network card 0"}
{"level":"debug","ts":"2026-10-05T08:38:42.315Z","caller":"ipamd/ipamd.go:966","msg":"Node found \"ip-10-20-0-61.ec2.internal\" - no of taints - 0"}
{"level":"debug","ts":"2026-10-05T08:38:42.315Z","caller":"ipamd/ipamd.go:2758","msg":"Prefix target is 1, short of 1 prefixes, free 0 prefixes"}
{"level":"debug","ts":"2026-10-05T08:38:42.315Z","caller":"ipamd/ipamd.go:1248","msg":"ToAllocate: 1, Network Card 0"}
{"level":"debug","ts":"2026-10-05T08:38:42.315Z","caller":"ipamd/ipamd.go:1251","msg":"Found ENI eni-EXAMPLE22 that has less than the maximum number of IP/Prefixes addresses allocated: cur=0, max=5"}
{"level":"info","ts":"2026-10-05T08:38:42.315Z","caller":"ipamd/ipamd.go:1255","msg":"Trying to allocate 1 IP addresses on ENI eni-EXAMPLE22"}
{"level":"debug","ts":"2026-10-05T08:38:42.315Z","caller":"ipamd/ipamd.go:1255","msg":"PD enabled - true"}
{"level":"debug","ts":"2026-10-05T08:38:42.787Z","caller":"awsutils/awsutils.go:2174","msg":"checkAPIErrorAndBroadcastEvent resulted in operation error EC2: AssignPrivateIpAddresses, https response error StatusCode: 400, RequestID: 8fdf7890-c241-420e-8762-1b5e29cd6d7c, api error InsufficientCidrBlocks: The specified subnet does not have enough free cidr blocks to satisfy the request."}
{"level":"error","ts":"2026-10-05T08:38:42.787Z","caller":"ipamd/ipamd.go:1255","msg":"Failed to allocate a private IP/Prefix addresses on ENI eni-EXAMPLE22: operation error EC2: AssignPrivateIpAddresses, https response error StatusCode: 400, RequestID: 8fdf7890-c241-420e-8762-1b5e29cd6d7c, api error InsufficientCidrBlocks: The specified subnet does not have enough free cidr blocks to satisfy the request."}
{"level":"debug","ts":"2026-10-05T08:38:42.787Z","caller":"ipamd/ipamd.go:1256","msg":"containsPrivateIPAddressLimitExceededError encountered operation error EC2: AssignPrivateIpAddresses, https response error StatusCode: 400, RequestID: 8fdf7890-c241-420e-8762-1b5e29cd6d7c, api error InsufficientCidrBlocks: The specified subnet does not have enough free cidr blocks to satisfy the request."}
{"level":"warn","ts":"2026-10-05T08:38:42.787Z","caller":"ipamd/ipamd.go:1113","msg":"failed to allocate all available IPv4 Prefixes on ENI eni-EXAMPLE22, err: operation error EC2: AssignPrivateIpAddresses, https response error StatusCode: 400, RequestID: 8fdf7890-c241-420e-8762-1b5e29cd6d7c, api error InsufficientCidrBlocks: The specified subnet does not have enough free cidr blocks to satisfy the request."}
{"level":"info","ts":"2026-10-05T08:38:42.787Z","caller":"ipamd/ipamd.go:1259","msg":"Trying to allocate 1 IP addresses on ENI eni-EXAMPLE22"}
{"level":"debug","ts":"2026-10-05T08:38:42.787Z","caller":"ipamd/ipamd.go:1259","msg":"PD enabled - true"}
{"level":"debug","ts":"2026-10-05T08:38:43.203Z","caller":"awsutils/awsutils.go:2174","msg":"checkAPIErrorAndBroadcastEvent resulted in operation error EC2: AssignPrivateIpAddresses, https response error StatusCode: 400, RequestID: c178aad7-adc2-477f-9a8c-14083e7dc6c8, api error InsufficientCidrBlocks: The specified subnet does not have enough free cidr blocks to satisfy the request."}
{"level":"error","ts":"2026-10-05T08:38:43.203Z","caller":"ipamd/ipamd.go:1259","msg":"Failed to allocate a private IP/Prefix addresses on ENI eni-EXAMPLE22: operation error EC2: AssignPrivateIpAddresses, https response error StatusCode: 400, RequestID: c178aad7-adc2-477f-9a8c-14083e7dc6c8, api error InsufficientCidrBlocks: The specified subnet does not have enough free cidr blocks to satisfy the request."}
{"level":"debug","ts":"2026-10-05T08:38:43.203Z","caller":"ipamd/ipamd.go:1260","msg":"containsPrivateIPAddressLimitExceededError encountered operation error EC2: AssignPrivateIpAddresses, https response error StatusCode: 400, RequestID: c178aad7-adc2-477f-9a8c-14083e7dc6c8, api error InsufficientCidrBlocks: The specified subnet does not have enough free cidr blocks to satisfy the request."}
{"level":"debug","ts":"2026-10-05T08:38:43.203Z","caller":"ipamd/ipamd.go:1262","msg":"containsInsufficientCIDRsOrSubnetIPs encountered operation error EC2: AssignPrivateIpAddresses, https response error StatusCode: 400, RequestID: c178aad7-adc2-477f-9a8c-14083e7dc6c8, api error InsufficientCidrBlocks: The specified subnet does not have enough free cidr blocks to satisfy the request."}
{"level":"debug","ts":"2026-10-05T08:38:43.203Z","caller":"ipamd/ipamd.go:1262","msg":"Insufficient IP Addresses due to: InsufficientCidrBlocks\n"}
{"level":"debug","ts":"2026-10-05T08:38:43.203Z","caller":"ipamd/ipamd.go:1003","msg":"hasRoomForEni: networkCard=0, currentENIs=1, currentUsableENIs=1, maxENI=3, unmanagedENI=0, trunkEni=0, excludedENI=0, hasRoom=true"}
{"level":"debug","ts":"2026-10-05T08:38:43.203Z","caller":"ipamd/ipamd.go:2758","msg":"Prefix target is 1, short of 1 prefixes, free 0 prefixes"}
{"level":"debug","ts":"2026-10-05T08:38:43.203Z","caller":"ipamd/ipamd.go:2595","msg":"ToAllocate: 1, Network Card 0"}
{"level":"info","ts":"2026-10-05T08:38:43.203Z","caller":"awsutils/awsutils.go:1044","msg":"Trying to allocate 1 IP addresses on new ENI"}
{"level":"debug","ts":"2026-10-05T08:38:43.203Z","caller":"awsutils/awsutils.go:1044","msg":"PD enabled - true"}
{"level":"debug","ts":"2026-10-05T08:38:43.434Z","caller":"awsutils/awsutils.go:1272","msg":"Primary subnet subnet-EXAMPLE1 has no kubernetes.io/role/cni tag, including it for ENI creation (backwards compatibility)"}
{"level":"info","ts":"2026-10-05T08:38:43.434Z","caller":"awsutils/awsutils.go:1044","msg":"Creating ENI with security groups: [sg-EXAMPLE1] in subnet: subnet-EXAMPLE1"}
{"level":"debug","ts":"2026-10-05T08:38:43.677Z","caller":"awsutils/awsutils.go:1449","msg":"checkAPIErrorAndBroadcastEvent resulted in operation error EC2: CreateNetworkInterface, https response error StatusCode: 400, RequestID: 7c327f89-49a6-4cd9-85f0-bab4d88cd0fe, api error InvalidParameterValue: There aren't sufficient free Ipv4 addresses or prefixes"}
{"level":"error","ts":"2026-10-05T08:38:43.677Z","caller":"awsutils/awsutils.go:1285","msg":"Failed to CreateNetworkInterface operation error EC2: CreateNetworkInterface, https response error StatusCode: 400, RequestID: 7c327f89-49a6-4cd9-85f0-bab4d88cd0fe, api error InvalidParameterValue: There aren't sufficient free Ipv4 addresses or prefixes for subnet subnet-EXAMPLE1"}
{"level":"debug","ts":"2026-10-05T08:38:43.677Z","caller":"awsutils/awsutils.go:1272","msg":"Subnet subnet-EXAMPLE2 has no kubernetes.io/role/cni tag, excluding it from ENI creation"}
{"level":"error","ts":"2026-10-05T08:38:43.677Z","caller":"ipamd/ipamd.go:1004","msg":"Failed to increase pool size due to not able to allocate ENI AllocENI: failed to create ENI: failed to create network interface: operation error EC2: CreateNetworkInterface, https response error StatusCode: 400, RequestID: 7c327f89-49a6-4cd9-85f0-bab4d88cd0fe, api error InvalidParameterValue: There aren't sufficient free Ipv4 addresses or prefixes"}
{"level":"warn","ts":"2026-10-05T08:38:43.677Z","caller":"ipamd/ipamd.go:1004","msg":"Failed to allocate 1 IP addresses on an ENI: AllocENI: failed to create ENI: failed to create network interface: operation error EC2: CreateNetworkInterface, https response error StatusCode: 400, RequestID: 7c327f89-49a6-4cd9-85f0-bab4d88cd0fe, api error InvalidParameterValue: There aren't sufficient free Ipv4 addresses or prefixes"}
{"level":"debug","ts":"2026-10-05T08:38:43.677Z","caller":"ipamd/ipamd.go:1082","msg":"containsInsufficientCIDRsOrSubnetIPs encountered AllocENI: failed to create ENI: failed to create network interface: operation error EC2: CreateNetworkInterface, https response error StatusCode: 400, RequestID: 7c327f89-49a6-4cd9-85f0-bab4d88cd0fe, api error InvalidParameterValue: There aren't sufficient free Ipv4 addresses or prefixes"}
{"level":"debug","ts":"2026-10-05T08:38:43.677Z","caller":"ipamd/ipamd.go:1082","msg":"Insufficient IP Addresses due to: InvalidParameterValue\n"}
{"level":"debug","ts":"2026-10-05T08:38:43.677Z","caller":"ipamd/ipamd.go:813","msg":"Error trying to allocate ENI: AllocENI: failed to create ENI: failed to create network interface: operation error EC2: CreateNetworkInterface, https response error StatusCode: 400, RequestID: 7c327f89-49a6-4cd9-85f0-bab4d88cd0fe, api error InvalidParameterValue: There aren't sufficient free Ipv4 addresses or prefixes"}
{"level":"debug","ts":"2026-10-05T08:38:43.677Z","caller":"ipamd/ipamd.go:1548","msg":"ENI eni-EXAMPLE22 cannot be deleted because it is primary"}
{"level":"debug","ts":"2026-10-05T08:38:46.178Z","caller":"ipamd/ipamd.go:798","msg":"Reconciling ENI/IP pool info because time since last 2562047h47m16.854775807s > 1m0s"}
{"level":"debug","ts":"2026-10-05T08:38:46.179Z","caller":"ipamd/ipamd.go:1621","msg":"Total number of interfaces found: 1 "}
{"level":"debug","ts":"2026-10-05T08:38:46.179Z","caller":"awsutils/awsutils.go:787","msg":"Found ENI MAC address: 0a:ff:ec:23:fa:99"}
{"level":"debug","ts":"2026-10-05T08:38:46.183Z","caller":"awsutils/awsutils.go:787","msg":"Found ENI: eni-EXAMPLE22, MAC 0a:ff:ec:23:fa:99, device 0"}
{"level":"debug","ts":"2026-10-05T08:38:46.186Z","caller":"awsutils/awsutils.go:787","msg":"Found IPv4 addresses associated with interface. This is not efa-only interface"}
{"level":"debug","ts":"2026-10-05T08:38:46.190Z","caller":"ipamd/ipamd.go:798","msg":"Reconcile existing ENI eni-EXAMPLE22 IP pool"}
{"level":"info","ts":"2026-10-05T08:38:46.190Z","caller":"ipamd/ipamd.go:1766","msg":"Reconcile and skip primary IP 10.20.0.61 on ENI eni-EXAMPLE22"}
{"level":"debug","ts":"2026-10-05T08:38:46.190Z","caller":"ipamd/ipamd.go:798","msg":"Reconcile existing ENI eni-EXAMPLE22 IP prefixes"}
{"level":"debug","ts":"2026-10-05T08:38:46.190Z","caller":"ipamd/ipamd.go:1693","msg":"Found prefix pool count 0 for eni eni-EXAMPLE22\n"}
{"level":"debug","ts":"2026-10-05T08:38:46.190Z","caller":"ipamd/ipamd.go:798","msg":"Successfully Reconciled ENI/IP pool"}
{"level":"debug","ts":"2026-10-05T08:38:46.190Z","caller":"ipamd/ipamd.go:1738","msg":"Prefix pool stats for network card 0: Total IPs/Prefixes = 0/0, AssignedIPs/CooldownIPs: 0/0, c.maxIPsPerENI = 80"}
{"level":"debug","ts":"2026-10-05T08:38:46.190Z","caller":"ipamd/ipamd.go:798","msg":"Primary IP for ENI eni-EXAMPLE22 is 10.20.0.61"}
{"level":"debug","ts":"2026-10-05T08:38:48.690Z","caller":"ipamd/ipamd.go:809","msg":"IP pool is too low for Network Card 0: available (0) < ENI target (1) * addrsPerENI (16)"}
{"level":"debug","ts":"2026-10-05T08:38:48.691Z","caller":"ipamd/ipamd.go:2689","msg":"Prefix pool stats for network card 0: Total IPs/Prefixes = 0/0, AssignedIPs/CooldownIPs: 0/0, c.maxIPsPerENI = 80"}
{"level":"debug","ts":"2026-10-05T08:38:48.691Z","caller":"ipamd/ipamd.go:795","msg":"IP stats for Network Card 0 - total IPs: 0, assigned IPs: 0, cooldown IPs: 0"}
{"level":"debug","ts":"2026-10-05T08:38:48.691Z","caller":"ipamd/ipamd.go:813","msg":"Starting to increase pool size for network card 0"}
{"level":"debug","ts":"2026-10-05T08:38:48.691Z","caller":"ipamd/ipamd.go:966","msg":"Node found \"ip-10-20-0-61.ec2.internal\" - no of taints - 0"}
{"level":"debug","ts":"2026-10-05T08:38:48.691Z","caller":"ipamd/ipamd.go:2758","msg":"Prefix target is 1, short of 1 prefixes, free 0 prefixes"}
{"level":"debug","ts":"2026-10-05T08:38:48.691Z","caller":"ipamd/ipamd.go:1248","msg":"ToAllocate: 1, Network Card 0"}
{"level":"debug","ts":"2026-10-05T08:38:48.691Z","caller":"ipamd/ipamd.go:1251","msg":"Found ENI eni-EXAMPLE22 that has less than the maximum number of IP/Prefixes addresses allocated: cur=0, max=5"}
{"level":"info","ts":"2026-10-05T08:38:48.691Z","caller":"ipamd/ipamd.go:1255","msg":"Trying to allocate 1 IP addresses on ENI eni-EXAMPLE22"}
{"level":"debug","ts":"2026-10-05T08:38:48.691Z","caller":"ipamd/ipamd.go:1255","msg":"PD enabled - true"}
{"level":"debug","ts":"2026-10-05T08:38:49.100Z","caller":"awsutils/awsutils.go:2174","msg":"checkAPIErrorAndBroadcastEvent resulted in operation error EC2: AssignPrivateIpAddresses, https response error StatusCode: 400, RequestID: a2990b43-f9a1-44b1-b74a-b7ef75877554, api error InsufficientCidrBlocks: The specified subnet does not have enough free cidr blocks to satisfy the request."}
{"level":"error","ts":"2026-10-05T08:38:49.100Z","caller":"ipamd/ipamd.go:1255","msg":"Failed to allocate a private IP/Prefix addresses on ENI eni-EXAMPLE22: operation error EC2: AssignPrivateIpAddresses, https response error StatusCode: 400, RequestID: a2990b43-f9a1-44b1-b74a-b7ef75877554, api error InsufficientCidrBlocks: The specified subnet does not have enough free cidr blocks to satisfy the request."}
{"level":"debug","ts":"2026-10-05T08:38:49.100Z","caller":"ipamd/ipamd.go:1256","msg":"containsPrivateIPAddressLimitExceededError encountered operation error EC2: AssignPrivateIpAddresses, https response error StatusCode: 400, RequestID: a2990b43-f9a1-44b1-b74a-b7ef75877554, api error InsufficientCidrBlocks: The specified subnet does not have enough free cidr blocks to satisfy the request."}
{"level":"warn","ts":"2026-10-05T08:38:49.100Z","caller":"ipamd/ipamd.go:1113","msg":"failed to allocate all available IPv4 Prefixes on ENI eni-EXAMPLE22, err: operation error EC2: AssignPrivateIpAddresses, https response error StatusCode: 400, RequestID: a2990b43-f9a1-44b1-b74a-b7ef75877554, api error InsufficientCidrBlocks: The specified subnet does not have enough free cidr blocks to satisfy the request."}
{"level":"info","ts":"2026-10-05T08:38:49.100Z","caller":"ipamd/ipamd.go:1259","msg":"Trying to allocate 1 IP addresses on ENI eni-EXAMPLE22"}
{"level":"debug","ts":"2026-10-05T08:38:49.100Z","caller":"ipamd/ipamd.go:1259","msg":"PD enabled - true"}
{"level":"debug","ts":"2026-10-05T08:38:49.516Z","caller":"awsutils/awsutils.go:2174","msg":"checkAPIErrorAndBroadcastEvent resulted in operation error EC2: AssignPrivateIpAddresses, https response error StatusCode: 400, RequestID: 6b30fef4-cb82-49c8-bbd7-99681bf1d93a, api error InsufficientCidrBlocks: The specified subnet does not have enough free cidr blocks to satisfy the request."}
{"level":"error","ts":"2026-10-05T08:38:49.516Z","caller":"ipamd/ipamd.go:1259","msg":"Failed to allocate a private IP/Prefix addresses on ENI eni-EXAMPLE22: operation error EC2: AssignPrivateIpAddresses, https response error StatusCode: 400, RequestID: 6b30fef4-cb82-49c8-bbd7-99681bf1d93a, api error InsufficientCidrBlocks: The specified subnet does not have enough free cidr blocks to satisfy the request."}
{"level":"debug","ts":"2026-10-05T08:38:49.516Z","caller":"ipamd/ipamd.go:1260","msg":"containsPrivateIPAddressLimitExceededError encountered operation error EC2: AssignPrivateIpAddresses, https response error StatusCode: 400, RequestID: 6b30fef4-cb82-49c8-bbd7-99681bf1d93a, api error InsufficientCidrBlocks: The specified subnet does not have enough free cidr blocks to satisfy the request."}
{"level":"debug","ts":"2026-10-05T08:38:49.516Z","caller":"ipamd/ipamd.go:1262","msg":"containsInsufficientCIDRsOrSubnetIPs encountered operation error EC2: AssignPrivateIpAddresses, https response error StatusCode: 400, RequestID: 6b30fef4-cb82-49c8-bbd7-99681bf1d93a, api error InsufficientCidrBlocks: The specified subnet does not have enough free cidr blocks to satisfy the request."}
{"level":"debug","ts":"2026-10-05T08:38:49.516Z","caller":"ipamd/ipamd.go:1262","msg":"Insufficient IP Addresses due to: InsufficientCidrBlocks\n"}
{"level":"debug","ts":"2026-10-05T08:38:49.516Z","caller":"ipamd/ipamd.go:1003","msg":"hasRoomForEni: networkCard=0, currentENIs=1, currentUsableENIs=1, maxENI=3, unmanagedENI=0, trunkEni=0, excludedENI=0, hasRoom=true"}
{"level":"debug","ts":"2026-10-05T08:38:49.516Z","caller":"ipamd/ipamd.go:2758","msg":"Prefix target is 1, short of 1 prefixes, free 0 prefixes"}
{"level":"debug","ts":"2026-10-05T08:38:49.516Z","caller":"ipamd/ipamd.go:2595","msg":"ToAllocate: 1, Network Card 0"}
{"level":"info","ts":"2026-10-05T08:38:49.516Z","caller":"awsutils/awsutils.go:1044","msg":"Trying to allocate 1 IP addresses on new ENI"}
{"level":"debug","ts":"2026-10-05T08:38:49.516Z","caller":"awsutils/awsutils.go:1044","msg":"PD enabled - true"}
{"level":"debug","ts":"2026-10-05T08:38:49.776Z","caller":"awsutils/awsutils.go:1272","msg":"Primary subnet subnet-EXAMPLE1 has no kubernetes.io/role/cni tag, including it for ENI creation (backwards compatibility)"}
{"level":"info","ts":"2026-10-05T08:38:49.776Z","caller":"awsutils/awsutils.go:1044","msg":"Creating ENI with security groups: [sg-EXAMPLE1] in subnet: subnet-EXAMPLE1"}
{"level":"debug","ts":"2026-10-05T08:38:50.006Z","caller":"awsutils/awsutils.go:1449","msg":"checkAPIErrorAndBroadcastEvent resulted in operation error EC2: CreateNetworkInterface, https response error StatusCode: 400, RequestID: 1e2b5616-0e1b-48e8-aca8-cf10efc71b46, api error InvalidParameterValue: There aren't sufficient free Ipv4 addresses or prefixes"}
{"level":"error","ts":"2026-10-05T08:38:50.006Z","caller":"awsutils/awsutils.go:1285","msg":"Failed to CreateNetworkInterface operation error EC2: CreateNetworkInterface, https response error StatusCode: 400, RequestID: 1e2b5616-0e1b-48e8-aca8-cf10efc71b46, api error InvalidParameterValue: There aren't sufficient free Ipv4 addresses or prefixes for subnet subnet-EXAMPLE1"}
{"level":"debug","ts":"2026-10-05T08:38:50.006Z","caller":"awsutils/awsutils.go:1272","msg":"Subnet subnet-EXAMPLE2 has no kubernetes.io/role/cni tag, excluding it from ENI creation"}
{"level":"error","ts":"2026-10-05T08:38:50.006Z","caller":"ipamd/ipamd.go:1004","msg":"Failed to increase pool size due to not able to allocate ENI AllocENI: failed to create ENI: failed to create network interface: operation error EC2: CreateNetworkInterface, https response error StatusCode: 400, RequestID: 1e2b5616-0e1b-48e8-aca8-cf10efc71b46, api error InvalidParameterValue: There aren't sufficient free Ipv4 addresses or prefixes"}
{"level":"warn","ts":"2026-10-05T08:38:50.006Z","caller":"ipamd/ipamd.go:1004","msg":"Failed to allocate 1 IP addresses on an ENI: AllocENI: failed to create ENI: failed to create network interface: operation error EC2: CreateNetworkInterface, https response error StatusCode: 400, RequestID: 1e2b5616-0e1b-48e8-aca8-cf10efc71b46, api error InvalidParameterValue: There aren't sufficient free Ipv4 addresses or prefixes"}
{"level":"debug","ts":"2026-10-05T08:38:50.006Z","caller":"ipamd/ipamd.go:1082","msg":"containsInsufficientCIDRsOrSubnetIPs encountered AllocENI: failed to create ENI: failed to create network interface: operation error EC2: CreateNetworkInterface, https response error StatusCode: 400, RequestID: 1e2b5616-0e1b-48e8-aca8-cf10efc71b46, api error InvalidParameterValue: There aren't sufficient free Ipv4 addresses or prefixes"}
{"level":"debug","ts":"2026-10-05T08:38:50.006Z","caller":"ipamd/ipamd.go:1082","msg":"Insufficient IP Addresses due to: InvalidParameterValue\n"}
{"level":"debug","ts":"2026-10-05T08:38:50.006Z","caller":"ipamd/ipamd.go:813","msg":"Error trying to allocate ENI: AllocENI: failed to create ENI: failed to create network interface: operation error EC2: CreateNetworkInterface, https response error StatusCode: 400, RequestID: 1e2b5616-0e1b-48e8-aca8-cf10efc71b46, api error InvalidParameterValue: There aren't sufficient free Ipv4 addresses or prefixes"}
{"level":"debug","ts":"2026-10-05T08:38:50.006Z","caller":"ipamd/ipamd.go:1548","msg":"ENI eni-EXAMPLE22 cannot be deleted because it is primary"}
{"level":"debug","ts":"2026-10-05T08:38:55.008Z","caller":"ipamd/ipamd.go:809","msg":"IP pool is too low for Network Card 0: available (0) < ENI target (1) * addrsPerENI (16)"}
{"level":"debug","ts":"2026-10-05T08:38:55.008Z","caller":"ipamd/ipamd.go:2689","msg":"Prefix pool stats for network card 0: Total IPs/Prefixes = 0/0, AssignedIPs/CooldownIPs: 0/0, c.maxIPsPerENI = 80"}
{"level":"debug","ts":"2026-10-05T08:38:55.008Z","caller":"ipamd/ipamd.go:795","msg":"IP stats for Network Card 0 - total IPs: 0, assigned IPs: 0, cooldown IPs: 0"}
{"level":"debug","ts":"2026-10-05T08:38:55.008Z","caller":"ipamd/ipamd.go:813","msg":"Starting to increase pool size for network card 0"}
{"level":"debug","ts":"2026-10-05T08:38:55.008Z","caller":"ipamd/ipamd.go:966","msg":"Node found \"ip-10-20-0-61.ec2.internal\" - no of taints - 0"}
{"level":"debug","ts":"2026-10-05T08:38:55.008Z","caller":"ipamd/ipamd.go:2758","msg":"Prefix target is 1, short of 1 prefixes, free 0 prefixes"}
{"level":"debug","ts":"2026-10-05T08:38:55.008Z","caller":"ipamd/ipamd.go:1248","msg":"ToAllocate: 1, Network Card 0"}
{"level":"debug","ts":"2026-10-05T08:38:55.008Z","caller":"ipamd/ipamd.go:1251","msg":"Found ENI eni-EXAMPLE22 that has less than the maximum number of IP/Prefixes addresses allocated: cur=0, max=5"}
{"level":"info","ts":"2026-10-05T08:38:55.008Z","caller":"ipamd/ipamd.go:1255","msg":"Trying to allocate 1 IP addresses on ENI eni-EXAMPLE22"}
{"level":"debug","ts":"2026-10-05T08:38:55.008Z","caller":"ipamd/ipamd.go:1255","msg":"PD enabled - true"}
{"level":"debug","ts":"2026-10-05T08:38:55.420Z","caller":"awsutils/awsutils.go:2174","msg":"checkAPIErrorAndBroadcastEvent resulted in operation error EC2: AssignPrivateIpAddresses, https response error StatusCode: 400, RequestID: a755d5fb-1412-423f-ad8b-9fbdd19fe6de, api error InsufficientCidrBlocks: The specified subnet does not have enough free cidr blocks to satisfy the request."}
{"level":"error","ts":"2026-10-05T08:38:55.421Z","caller":"ipamd/ipamd.go:1255","msg":"Failed to allocate a private IP/Prefix addresses on ENI eni-EXAMPLE22: operation error EC2: AssignPrivateIpAddresses, https response error StatusCode: 400, RequestID: a755d5fb-1412-423f-ad8b-9fbdd19fe6de, api error InsufficientCidrBlocks: The specified subnet does not have enough free cidr blocks to satisfy the request."}
{"level":"debug","ts":"2026-10-05T08:38:55.421Z","caller":"ipamd/ipamd.go:1256","msg":"containsPrivateIPAddressLimitExceededError encountered operation error EC2: AssignPrivateIpAddresses, https response error StatusCode: 400, RequestID: a755d5fb-1412-423f-ad8b-9fbdd19fe6de, api error InsufficientCidrBlocks: The specified subnet does not have enough free cidr blocks to satisfy the request."}
{"level":"warn","ts":"2026-10-05T08:38:55.421Z","caller":"ipamd/ipamd.go:1113","msg":"failed to allocate all available IPv4 Prefixes on ENI eni-EXAMPLE22, err: operation error EC2: AssignPrivateIpAddresses, https response error StatusCode: 400, RequestID: a755d5fb-1412-423f-ad8b-9fbdd19fe6de, api error InsufficientCidrBlocks: The specified subnet does not have enough free cidr blocks to satisfy the request."}
{"level":"info","ts":"2026-10-05T08:38:55.421Z","caller":"ipamd/ipamd.go:1259","msg":"Trying to allocate 1 IP addresses on ENI eni-EXAMPLE22"}
{"level":"debug","ts":"2026-10-05T08:38:55.421Z","caller":"ipamd/ipamd.go:1259","msg":"PD enabled - true"}
{"level":"debug","ts":"2026-10-05T08:38:55.812Z","caller":"awsutils/awsutils.go:2174","msg":"checkAPIErrorAndBroadcastEvent resulted in operation error EC2: AssignPrivateIpAddresses, https response error StatusCode: 400, RequestID: 8936697e-e5c8-49b5-ad56-33d1592ef88c, api error InsufficientCidrBlocks: The specified subnet does not have enough free cidr blocks to satisfy the request."}
{"level":"error","ts":"2026-10-05T08:38:55.812Z","caller":"ipamd/ipamd.go:1259","msg":"Failed to allocate a private IP/Prefix addresses on ENI eni-EXAMPLE22: operation error EC2: AssignPrivateIpAddresses, https response error StatusCode: 400, RequestID: 8936697e-e5c8-49b5-ad56-33d1592ef88c, api error InsufficientCidrBlocks: The specified subnet does not have enough free cidr blocks to satisfy the request."}
{"level":"debug","ts":"2026-10-05T08:38:55.812Z","caller":"ipamd/ipamd.go:1260","msg":"containsPrivateIPAddressLimitExceededError encountered operation error EC2: AssignPrivateIpAddresses, https response error StatusCode: 400, RequestID: 8936697e-e5c8-49b5-ad56-33d1592ef88c, api error InsufficientCidrBlocks: The specified subnet does not have enough free cidr blocks to satisfy the request."}
{"level":"debug","ts":"2026-10-05T08:38:55.812Z","caller":"ipamd/ipamd.go:1262","msg":"containsInsufficientCIDRsOrSubnetIPs encountered operation error EC2: AssignPrivateIpAddresses, https response error StatusCode: 400, RequestID: 8936697e-e5c8-49b5-ad56-33d1592ef88c, api error InsufficientCidrBlocks: The specified subnet does not have enough free cidr blocks to satisfy the request."}
{"level":"debug","ts":"2026-10-05T08:38:55.812Z","caller":"ipamd/ipamd.go:1262","msg":"Insufficient IP Addresses due to: InsufficientCidrBlocks\n"}
{"level":"debug","ts":"2026-10-05T08:38:55.812Z","caller":"ipamd/ipamd.go:1003","msg":"hasRoomForEni: networkCard=0, currentENIs=1, currentUsableENIs=1, maxENI=3, unmanagedENI=0, trunkEni=0, excludedENI=0, hasRoom=true"}
{"level":"debug","ts":"2026-10-05T08:38:55.812Z","caller":"ipamd/ipamd.go:2758","msg":"Prefix target is 1, short of 1 prefixes, free 0 prefixes"}
{"level":"debug","ts":"2026-10-05T08:38:55.812Z","caller":"ipamd/ipamd.go:2595","msg":"ToAllocate: 1, Network Card 0"}
{"level":"info","ts":"2026-10-05T08:38:55.812Z","caller":"awsutils/awsutils.go:1044","msg":"Trying to allocate 1 IP addresses on new ENI"}
{"level":"debug","ts":"2026-10-05T08:38:55.812Z","caller":"awsutils/awsutils.go:1044","msg":"PD enabled - true"}
{"level":"debug","ts":"2026-10-05T08:38:56.049Z","caller":"awsutils/awsutils.go:1272","msg":"Primary subnet subnet-EXAMPLE1 has no kubernetes.io/role/cni tag, including it for ENI creation (backwards compatibility)"}
{"level":"info","ts":"2026-10-05T08:38:56.049Z","caller":"awsutils/awsutils.go:1044","msg":"Creating ENI with security groups: [sg-EXAMPLE1] in subnet: subnet-EXAMPLE1"}
{"level":"debug","ts":"2026-10-05T08:38:56.277Z","caller":"awsutils/awsutils.go:1449","msg":"checkAPIErrorAndBroadcastEvent resulted in operation error EC2: CreateNetworkInterface, https response error StatusCode: 400, RequestID: 4a84db12-1287-46f0-aa0f-30047f9e5225, api error InvalidParameterValue: There aren't sufficient free Ipv4 addresses or prefixes"}
{"level":"error","ts":"2026-10-05T08:38:56.277Z","caller":"awsutils/awsutils.go:1285","msg":"Failed to CreateNetworkInterface operation error EC2: CreateNetworkInterface, https response error StatusCode: 400, RequestID: 4a84db12-1287-46f0-aa0f-30047f9e5225, api error InvalidParameterValue: There aren't sufficient free Ipv4 addresses or prefixes for subnet subnet-EXAMPLE1"}
{"level":"debug","ts":"2026-10-05T08:38:56.277Z","caller":"awsutils/awsutils.go:1272","msg":"Subnet subnet-EXAMPLE2 has no kubernetes.io/role/cni tag, excluding it from ENI creation"}
{"level":"error","ts":"2026-10-05T08:38:56.277Z","caller":"ipamd/ipamd.go:1004","msg":"Failed to increase pool size due to not able to allocate ENI AllocENI: failed to create ENI: failed to create network interface: operation error EC2: CreateNetworkInterface, https response error StatusCode: 400, RequestID: 4a84db12-1287-46f0-aa0f-30047f9e5225, api error InvalidParameterValue: There aren't sufficient free Ipv4 addresses or prefixes"}
{"level":"warn","ts":"2026-10-05T08:38:56.277Z","caller":"ipamd/ipamd.go:1004","msg":"Failed to allocate 1 IP addresses on an ENI: AllocENI: failed to create ENI: failed to create network interface: operation error EC2: CreateNetworkInterface, https response error StatusCode: 400, RequestID: 4a84db12-1287-46f0-aa0f-30047f9e5225, api error InvalidParameterValue: There aren't sufficient free Ipv4 addresses or prefixes"}
{"level":"debug","ts":"2026-10-05T08:38:56.277Z","caller":"ipamd/ipamd.go:1082","msg":"containsInsufficientCIDRsOrSubnetIPs encountered AllocENI: failed to create ENI: failed to create network interface: operation error EC2: CreateNetworkInterface, https response error StatusCode: 400, RequestID: 4a84db12-1287-46f0-aa0f-30047f9e5225, api error InvalidParameterValue: There aren't sufficient free Ipv4 addresses or prefixes"}
{"level":"debug","ts":"2026-10-05T08:38:56.277Z","caller":"ipamd/ipamd.go:1082","msg":"Insufficient IP Addresses due to: InvalidParameterValue\n"}
{"level":"debug","ts":"2026-10-05T08:38:56.277Z","caller":"ipamd/ipamd.go:813","msg":"Error trying to allocate ENI: AllocENI: failed to create ENI: failed to create network interface: operation error EC2: CreateNetworkInterface, https response error StatusCode: 400, RequestID: 4a84db12-1287-46f0-aa0f-30047f9e5225, api error InvalidParameterValue: There aren't sufficient free Ipv4 addresses or prefixes"}
{"level":"debug","ts":"2026-10-05T08:38:56.277Z","caller":"ipamd/ipamd.go:1548","msg":"ENI eni-EXAMPLE22 cannot be deleted because it is primary"}
{"level":"debug","ts":"2026-10-05T08:39:01.278Z","caller":"ipamd/ipamd.go:809","msg":"IP pool is too low for Network Card 0: available (0) < ENI target (1) * addrsPerENI (16)"}
{"level":"debug","ts":"2026-10-05T08:39:01.278Z","caller":"ipamd/ipamd.go:2689","msg":"Prefix pool stats for network card 0: Total IPs/Prefixes = 0/0, AssignedIPs/CooldownIPs: 0/0, c.maxIPsPerENI = 80"}
{"level":"debug","ts":"2026-10-05T08:39:01.278Z","caller":"ipamd/ipamd.go:795","msg":"IP stats for Network Card 0 - total IPs: 0, assigned IPs: 0, cooldown IPs: 0"}
{"level":"debug","ts":"2026-10-05T08:39:01.279Z","caller":"ipamd/ipamd.go:813","msg":"Starting to increase pool size for network card 0"}
{"level":"debug","ts":"2026-10-05T08:39:01.279Z","caller":"ipamd/ipamd.go:966","msg":"Node found \"ip-10-20-0-61.ec2.internal\" - no of taints - 0"}
{"level":"debug","ts":"2026-10-05T08:39:01.279Z","caller":"ipamd/ipamd.go:2758","msg":"Prefix target is 1, short of 1 prefixes, free 0 prefixes"}
{"level":"debug","ts":"2026-10-05T08:39:01.279Z","caller":"ipamd/ipamd.go:1248","msg":"ToAllocate: 1, Network Card 0"}
{"level":"debug","ts":"2026-10-05T08:39:01.279Z","caller":"ipamd/ipamd.go:1251","msg":"Found ENI eni-EXAMPLE22 that has less than the maximum number of IP/Prefixes addresses allocated: cur=0, max=5"}
{"level":"info","ts":"2026-10-05T08:39:01.279Z","caller":"ipamd/ipamd.go:1255","msg":"Trying to allocate 1 IP addresses on ENI eni-EXAMPLE22"}
{"level":"debug","ts":"2026-10-05T08:39:01.279Z","caller":"ipamd/ipamd.go:1255","msg":"PD enabled - true"}
{"level":"debug","ts":"2026-10-05T08:39:01.721Z","caller":"awsutils/awsutils.go:2174","msg":"checkAPIErrorAndBroadcastEvent resulted in operation error EC2: AssignPrivateIpAddresses, https response error StatusCode: 400, RequestID: acbe3e6d-50bc-4663-95e5-f3ffa1662e9f, api error InsufficientCidrBlocks: The specified subnet does not have enough free cidr blocks to satisfy the request."}
{"level":"error","ts":"2026-10-05T08:39:01.721Z","caller":"ipamd/ipamd.go:1255","msg":"Failed to allocate a private IP/Prefix addresses on ENI eni-EXAMPLE22: operation error EC2: AssignPrivateIpAddresses, https response error StatusCode: 400, RequestID: acbe3e6d-50bc-4663-95e5-f3ffa1662e9f, api error InsufficientCidrBlocks: The specified subnet does not have enough free cidr blocks to satisfy the request."}
{"level":"debug","ts":"2026-10-05T08:39:01.721Z","caller":"ipamd/ipamd.go:1256","msg":"containsPrivateIPAddressLimitExceededError encountered operation error EC2: AssignPrivateIpAddresses, https response error StatusCode: 400, RequestID: acbe3e6d-50bc-4663-95e5-f3ffa1662e9f, api error InsufficientCidrBlocks: The specified subnet does not have enough free cidr blocks to satisfy the request."}
{"level":"warn","ts":"2026-10-05T08:39:01.721Z","caller":"ipamd/ipamd.go:1113","msg":"failed to allocate all available IPv4 Prefixes on ENI eni-EXAMPLE22, err: operation error EC2: AssignPrivateIpAddresses, https response error StatusCode: 400, RequestID: acbe3e6d-50bc-4663-95e5-f3ffa1662e9f, api error InsufficientCidrBlocks: The specified subnet does not have enough free cidr blocks to satisfy the request."}
{"level":"info","ts":"2026-10-05T08:39:01.721Z","caller":"ipamd/ipamd.go:1259","msg":"Trying to allocate 1 IP addresses on ENI eni-EXAMPLE22"}
{"level":"debug","ts":"2026-10-05T08:39:01.721Z","caller":"ipamd/ipamd.go:1259","msg":"PD enabled - true"}
{"level":"debug","ts":"2026-10-05T08:39:02.206Z","caller":"awsutils/awsutils.go:2174","msg":"checkAPIErrorAndBroadcastEvent resulted in operation error EC2: AssignPrivateIpAddresses, https response error StatusCode: 400, RequestID: 55a8fec6-033f-4c10-b2ca-43e8c15592a4, api error InsufficientCidrBlocks: The specified subnet does not have enough free cidr blocks to satisfy the request."}
{"level":"error","ts":"2026-10-05T08:39:02.206Z","caller":"ipamd/ipamd.go:1259","msg":"Failed to allocate a private IP/Prefix addresses on ENI eni-EXAMPLE22: operation error EC2: AssignPrivateIpAddresses, https response error StatusCode: 400, RequestID: 55a8fec6-033f-4c10-b2ca-43e8c15592a4, api error InsufficientCidrBlocks: The specified subnet does not have enough free cidr blocks to satisfy the request."}
{"level":"debug","ts":"2026-10-05T08:39:02.206Z","caller":"ipamd/ipamd.go:1260","msg":"containsPrivateIPAddressLimitExceededError encountered operation error EC2: AssignPrivateIpAddresses, https response error StatusCode: 400, RequestID: 55a8fec6-033f-4c10-b2ca-43e8c15592a4, api error InsufficientCidrBlocks: The specified subnet does not have enough free cidr blocks to satisfy the request."}
{"level":"debug","ts":"2026-10-05T08:39:02.206Z","caller":"ipamd/ipamd.go:1262","msg":"containsInsufficientCIDRsOrSubnetIPs encountered operation error EC2: AssignPrivateIpAddresses, https response error StatusCode: 400, RequestID: 55a8fec6-033f-4c10-b2ca-43e8c15592a4, api error InsufficientCidrBlocks: The specified subnet does not have enough free cidr blocks to satisfy the request."}
{"level":"debug","ts":"2026-10-05T08:39:02.206Z","caller":"ipamd/ipamd.go:1262","msg":"Insufficient IP Addresses due to: InsufficientCidrBlocks\n"}
{"level":"debug","ts":"2026-10-05T08:39:02.206Z","caller":"ipamd/ipamd.go:1003","msg":"hasRoomForEni: networkCard=0, currentENIs=1, currentUsableENIs=1, maxENI=3, unmanagedENI=0, trunkEni=0, excludedENI=0, hasRoom=true"}
{"level":"debug","ts":"2026-10-05T08:39:02.206Z","caller":"ipamd/ipamd.go:2758","msg":"Prefix target is 1, short of 1 prefixes, free 0 prefixes"}
{"level":"debug","ts":"2026-10-05T08:39:02.206Z","caller":"ipamd/ipamd.go:2595","msg":"ToAllocate: 1, Network Card 0"}
{"level":"info","ts":"2026-10-05T08:39:02.206Z","caller":"awsutils/awsutils.go:1044","msg":"Trying to allocate 1 IP addresses on new ENI"}
{"level":"debug","ts":"2026-10-05T08:39:02.206Z","caller":"awsutils/awsutils.go:1044","msg":"PD enabled - true"}
{"level":"debug","ts":"2026-10-05T08:39:02.469Z","caller":"awsutils/awsutils.go:1272","msg":"Primary subnet subnet-EXAMPLE1 has no kubernetes.io/role/cni tag, including it for ENI creation (backwards compatibility)"}
{"level":"info","ts":"2026-10-05T08:39:02.469Z","caller":"awsutils/awsutils.go:1044","msg":"Creating ENI with security groups: [sg-EXAMPLE1] in subnet: subnet-EXAMPLE1"}
{"level":"debug","ts":"2026-10-05T08:39:02.711Z","caller":"awsutils/awsutils.go:1449","msg":"checkAPIErrorAndBroadcastEvent resulted in operation error EC2: CreateNetworkInterface, https response error StatusCode: 400, RequestID: f71be761-510f-4f1c-add3-8ecbcf474d73, api error InvalidParameterValue: There aren't sufficient free Ipv4 addresses or prefixes"}
{"level":"error","ts":"2026-10-05T08:39:02.711Z","caller":"awsutils/awsutils.go:1285","msg":"Failed to CreateNetworkInterface operation error EC2: CreateNetworkInterface, https response error StatusCode: 400, RequestID: f71be761-510f-4f1c-add3-8ecbcf474d73, api error InvalidParameterValue: There aren't sufficient free Ipv4 addresses or prefixes for subnet subnet-EXAMPLE1"}
{"level":"debug","ts":"2026-10-05T08:39:02.711Z","caller":"awsutils/awsutils.go:1272","msg":"Subnet subnet-EXAMPLE2 has no kubernetes.io/role/cni tag, excluding it from ENI creation"}
{"level":"error","ts":"2026-10-05T08:39:02.711Z","caller":"ipamd/ipamd.go:1004","msg":"Failed to increase pool size due to not able to allocate ENI AllocENI: failed to create ENI: failed to create network interface: operation error EC2: CreateNetworkInterface, https response error StatusCode: 400, RequestID: f71be761-510f-4f1c-add3-8ecbcf474d73, api error InvalidParameterValue: There aren't sufficient free Ipv4 addresses or prefixes"}
{"level":"warn","ts":"2026-10-05T08:39:02.711Z","caller":"ipamd/ipamd.go:1004","msg":"Failed to allocate 1 IP addresses on an ENI: AllocENI: failed to create ENI: failed to create network interface: operation error EC2: CreateNetworkInterface, https response error StatusCode: 400, RequestID: f71be761-510f-4f1c-add3-8ecbcf474d73, api error InvalidParameterValue: There aren't sufficient free Ipv4 addresses or prefixes"}
{"level":"debug","ts":"2026-10-05T08:39:02.711Z","caller":"ipamd/ipamd.go:1082","msg":"containsInsufficientCIDRsOrSubnetIPs encountered AllocENI: failed to create ENI: failed to create network interface: operation error EC2: CreateNetworkInterface, https response error StatusCode: 400, RequestID: f71be761-510f-4f1c-add3-8ecbcf474d73, api error InvalidParameterValue: There aren't sufficient free Ipv4 addresses or prefixes"}
{"level":"debug","ts":"2026-10-05T08:39:02.711Z","caller":"ipamd/ipamd.go:1082","msg":"Insufficient IP Addresses due to: InvalidParameterValue\n"}
{"level":"debug","ts":"2026-10-05T08:39:02.713Z","caller":"ipamd/ipamd.go:813","msg":"Error trying to allocate ENI: AllocENI: failed to create ENI: failed to create network interface: operation error EC2: CreateNetworkInterface, https response error StatusCode: 400, RequestID: f71be761-510f-4f1c-add3-8ecbcf474d73, api error InvalidParameterValue: There aren't sufficient free Ipv4 addresses or prefixes"}
{"level":"debug","ts":"2026-10-05T08:39:02.713Z","caller":"ipamd/ipamd.go:1548","msg":"ENI eni-EXAMPLE22 cannot be deleted because it is primary"}
{"level":"debug","ts":"2026-10-05T08:39:07.715Z","caller":"ipamd/ipamd.go:809","msg":"IP pool is too low for Network Card 0: available (0) < ENI target (1) * addrsPerENI (16)"}
{"level":"debug","ts":"2026-10-05T08:39:07.715Z","caller":"ipamd/ipamd.go:2689","msg":"Prefix pool stats for network card 0: Total IPs/Prefixes = 0/0, AssignedIPs/CooldownIPs: 0/0, c.maxIPsPerENI = 80"}
{"level":"debug","ts":"2026-10-05T08:39:07.715Z","caller":"ipamd/ipamd.go:795","msg":"IP stats for Network Card 0 - total IPs: 0, assigned IPs: 0, cooldown IPs: 0"}
{"level":"debug","ts":"2026-10-05T08:39:07.715Z","caller":"ipamd/ipamd.go:813","msg":"Starting to increase pool size for network card 0"}
{"level":"debug","ts":"2026-10-05T08:39:07.715Z","caller":"ipamd/ipamd.go:966","msg":"Node found \"ip-10-20-0-61.ec2.internal\" - no of taints - 0"}
{"level":"debug","ts":"2026-10-05T08:39:07.715Z","caller":"ipamd/ipamd.go:2758","msg":"Prefix target is 1, short of 1 prefixes, free 0 prefixes"}
{"level":"debug","ts":"2026-10-05T08:39:07.715Z","caller":"ipamd/ipamd.go:1248","msg":"ToAllocate: 1, Network Card 0"}
{"level":"debug","ts":"2026-10-05T08:39:07.715Z","caller":"ipamd/ipamd.go:1251","msg":"Found ENI eni-EXAMPLE22 that has less than the maximum number of IP/Prefixes addresses allocated: cur=0, max=5"}
{"level":"info","ts":"2026-10-05T08:39:07.715Z","caller":"ipamd/ipamd.go:1255","msg":"Trying to allocate 1 IP addresses on ENI eni-EXAMPLE22"}
{"level":"debug","ts":"2026-10-05T08:39:07.715Z","caller":"ipamd/ipamd.go:1255","msg":"PD enabled - true"}
{"level":"debug","ts":"2026-10-05T08:39:08.219Z","caller":"awsutils/awsutils.go:2174","msg":"checkAPIErrorAndBroadcastEvent resulted in operation error EC2: AssignPrivateIpAddresses, https response error StatusCode: 400, RequestID: c8447acc-38ea-43e1-9635-c482ced0db4e, api error InsufficientCidrBlocks: The specified subnet does not have enough free cidr blocks to satisfy the request."}
{"level":"error","ts":"2026-10-05T08:39:08.219Z","caller":"ipamd/ipamd.go:1255","msg":"Failed to allocate a private IP/Prefix addresses on ENI eni-EXAMPLE22: operation error EC2: AssignPrivateIpAddresses, https response error StatusCode: 400, RequestID: c8447acc-38ea-43e1-9635-c482ced0db4e, api error InsufficientCidrBlocks: The specified subnet does not have enough free cidr blocks to satisfy the request."}
{"level":"debug","ts":"2026-10-05T08:39:08.219Z","caller":"ipamd/ipamd.go:1256","msg":"containsPrivateIPAddressLimitExceededError encountered operation error EC2: AssignPrivateIpAddresses, https response error StatusCode: 400, RequestID: c8447acc-38ea-43e1-9635-c482ced0db4e, api error InsufficientCidrBlocks: The specified subnet does not have enough free cidr blocks to satisfy the request."}
{"level":"warn","ts":"2026-10-05T08:39:08.219Z","caller":"ipamd/ipamd.go:1113","msg":"failed to allocate all available IPv4 Prefixes on ENI eni-EXAMPLE22, err: operation error EC2: AssignPrivateIpAddresses, https response error StatusCode: 400, RequestID: c8447acc-38ea-43e1-9635-c482ced0db4e, api error InsufficientCidrBlocks: The specified subnet does not have enough free cidr blocks to satisfy the request."}
{"level":"info","ts":"2026-10-05T08:39:08.219Z","caller":"ipamd/ipamd.go:1259","msg":"Trying to allocate 1 IP addresses on ENI eni-EXAMPLE22"}
{"level":"debug","ts":"2026-10-05T08:39:08.219Z","caller":"ipamd/ipamd.go:1259","msg":"PD enabled - true"}
{"level":"debug","ts":"2026-10-05T08:39:08.735Z","caller":"awsutils/awsutils.go:2174","msg":"checkAPIErrorAndBroadcastEvent resulted in operation error EC2: AssignPrivateIpAddresses, https response error StatusCode: 400, RequestID: d79fcca9-f97a-4037-974f-aa2e64e52615, api error InsufficientCidrBlocks: The specified subnet does not have enough free cidr blocks to satisfy the request."}
{"level":"error","ts":"2026-10-05T08:39:08.735Z","caller":"ipamd/ipamd.go:1259","msg":"Failed to allocate a private IP/Prefix addresses on ENI eni-EXAMPLE22: operation error EC2: AssignPrivateIpAddresses, https response error StatusCode: 400, RequestID: d79fcca9-f97a-4037-974f-aa2e64e52615, api error InsufficientCidrBlocks: The specified subnet does not have enough free cidr blocks to satisfy the request."}
{"level":"debug","ts":"2026-10-05T08:39:08.735Z","caller":"ipamd/ipamd.go:1260","msg":"containsPrivateIPAddressLimitExceededError encountered operation error EC2: AssignPrivateIpAddresses, https response error StatusCode: 400, RequestID: d79fcca9-f97a-4037-974f-aa2e64e52615, api error InsufficientCidrBlocks: The specified subnet does not have enough free cidr blocks to satisfy the request."}
{"level":"debug","ts":"2026-10-05T08:39:08.735Z","caller":"ipamd/ipamd.go:1262","msg":"containsInsufficientCIDRsOrSubnetIPs encountered operation error EC2: AssignPrivateIpAddresses, https response error StatusCode: 400, RequestID: d79fcca9-f97a-4037-974f-aa2e64e52615, api error InsufficientCidrBlocks: The specified subnet does not have enough free cidr blocks to satisfy the request."}
{"level":"debug","ts":"2026-10-05T08:39:08.735Z","caller":"ipamd/ipamd.go:1262","msg":"Insufficient IP Addresses due to: InsufficientCidrBlocks\n"}
{"level":"debug","ts":"2026-10-05T08:39:08.735Z","caller":"ipamd/ipamd.go:1003","msg":"hasRoomForEni: networkCard=0, currentENIs=1, currentUsableENIs=1, maxENI=3, unmanagedENI=0, trunkEni=0, excludedENI=0, hasRoom=true"}
{"level":"debug","ts":"2026-10-05T08:39:08.735Z","caller":"ipamd/ipamd.go:2758","msg":"Prefix target is 1, short of 1 prefixes, free 0 prefixes"}
{"level":"debug","ts":"2026-10-05T08:39:08.735Z","caller":"ipamd/ipamd.go:2595","msg":"ToAllocate: 1, Network Card 0"}
{"level":"info","ts":"2026-10-05T08:39:08.735Z","caller":"awsutils/awsutils.go:1044","msg":"Trying to allocate 1 IP addresses on new ENI"}
{"level":"debug","ts":"2026-10-05T08:39:08.735Z","caller":"awsutils/awsutils.go:1044","msg":"PD enabled - true"}
{"level":"debug","ts":"2026-10-05T08:39:08.995Z","caller":"awsutils/awsutils.go:1272","msg":"Primary subnet subnet-EXAMPLE1 has no kubernetes.io/role/cni tag, including it for ENI creation (backwards compatibility)"}
{"level":"info","ts":"2026-10-05T08:39:08.996Z","caller":"awsutils/awsutils.go:1044","msg":"Creating ENI with security groups: [sg-EXAMPLE1] in subnet: subnet-EXAMPLE1"}
{"level":"debug","ts":"2026-10-05T08:39:09.240Z","caller":"awsutils/awsutils.go:1449","msg":"checkAPIErrorAndBroadcastEvent resulted in operation error EC2: CreateNetworkInterface, https response error StatusCode: 400, RequestID: 47d624b6-8f0a-4f10-969f-25752aca01b8, api error InvalidParameterValue: There aren't sufficient free Ipv4 addresses or prefixes"}
{"level":"error","ts":"2026-10-05T08:39:09.240Z","caller":"awsutils/awsutils.go:1285","msg":"Failed to CreateNetworkInterface operation error EC2: CreateNetworkInterface, https response error StatusCode: 400, RequestID: 47d624b6-8f0a-4f10-969f-25752aca01b8, api error InvalidParameterValue: There aren't sufficient free Ipv4 addresses or prefixes for subnet subnet-EXAMPLE1"}
{"level":"debug","ts":"2026-10-05T08:39:09.240Z","caller":"awsutils/awsutils.go:1272","msg":"Subnet subnet-EXAMPLE2 has no kubernetes.io/role/cni tag, excluding it from ENI creation"}
{"level":"error","ts":"2026-10-05T08:39:09.240Z","caller":"ipamd/ipamd.go:1004","msg":"Failed to increase pool size due to not able to allocate ENI AllocENI: failed to create ENI: failed to create network interface: operation error EC2: CreateNetworkInterface, https response error StatusCode: 400, RequestID: 47d624b6-8f0a-4f10-969f-25752aca01b8, api error InvalidParameterValue: There aren't sufficient free Ipv4 addresses or prefixes"}
{"level":"warn","ts":"2026-10-05T08:39:09.240Z","caller":"ipamd/ipamd.go:1004","msg":"Failed to allocate 1 IP addresses on an ENI: AllocENI: failed to create ENI: failed to create network interface: operation error EC2: CreateNetworkInterface, https response error StatusCode: 400, RequestID: 47d624b6-8f0a-4f10-969f-25752aca01b8, api error InvalidParameterValue: There aren't sufficient free Ipv4 addresses or prefixes"}
{"level":"debug","ts":"2026-10-05T08:39:09.240Z","caller":"ipamd/ipamd.go:1082","msg":"containsInsufficientCIDRsOrSubnetIPs encountered AllocENI: failed to create ENI: failed to create network interface: operation error EC2: CreateNetworkInterface, https response error StatusCode: 400, RequestID: 47d624b6-8f0a-4f10-969f-25752aca01b8, api error InvalidParameterValue: There aren't sufficient free Ipv4 addresses or prefixes"}
{"level":"debug","ts":"2026-10-05T08:39:09.240Z","caller":"ipamd/ipamd.go:1082","msg":"Insufficient IP Addresses due to: InvalidParameterValue\n"}
{"level":"debug","ts":"2026-10-05T08:39:09.240Z","caller":"ipamd/ipamd.go:813","msg":"Error trying to allocate ENI: AllocENI: failed to create ENI: failed to create network interface: operation error EC2: CreateNetworkInterface, https response error StatusCode: 400, RequestID: 47d624b6-8f0a-4f10-969f-25752aca01b8, api error InvalidParameterValue: There aren't sufficient free Ipv4 addresses or prefixes"}
{"level":"debug","ts":"2026-10-05T08:39:09.240Z","caller":"ipamd/ipamd.go:1548","msg":"ENI eni-EXAMPLE22 cannot be deleted because it is primary"}
{"level":"debug","ts":"2026-10-05T08:39:14.241Z","caller":"ipamd/ipamd.go:809","msg":"IP pool is too low for Network Card 0: available (0) < ENI target (1) * addrsPerENI (16)"}
{"level":"debug","ts":"2026-10-05T08:39:14.242Z","caller":"ipamd/ipamd.go:2689","msg":"Prefix pool stats for network card 0: Total IPs/Prefixes = 0/0, AssignedIPs/CooldownIPs: 0/0, c.maxIPsPerENI = 80"}
{"level":"debug","ts":"2026-10-05T08:39:14.242Z","caller":"ipamd/ipamd.go:795","msg":"IP stats for Network Card 0 - total IPs: 0, assigned IPs: 0, cooldown IPs: 0"}
{"level":"debug","ts":"2026-10-05T08:39:14.242Z","caller":"ipamd/ipamd.go:813","msg":"Starting to increase pool size for network card 0"}
{"level":"debug","ts":"2026-10-05T08:39:14.242Z","caller":"ipamd/ipamd.go:966","msg":"Node found \"ip-10-20-0-61.ec2.internal\" - no of taints - 0"}
{"level":"debug","ts":"2026-10-05T08:39:14.242Z","caller":"ipamd/ipamd.go:2758","msg":"Prefix target is 1, short of 1 prefixes, free 0 prefixes"}
{"level":"debug","ts":"2026-10-05T08:39:14.242Z","caller":"ipamd/ipamd.go:1248","msg":"ToAllocate: 1, Network Card 0"}
{"level":"debug","ts":"2026-10-05T08:39:14.242Z","caller":"ipamd/ipamd.go:1251","msg":"Found ENI eni-EXAMPLE22 that has less than the maximum number of IP/Prefixes addresses allocated: cur=0, max=5"}
{"level":"info","ts":"2026-10-05T08:39:14.242Z","caller":"ipamd/ipamd.go:1255","msg":"Trying to allocate 1 IP addresses on ENI eni-EXAMPLE22"}
{"level":"debug","ts":"2026-10-05T08:39:14.242Z","caller":"ipamd/ipamd.go:1255","msg":"PD enabled - true"}
{"level":"debug","ts":"2026-10-05T08:39:14.647Z","caller":"awsutils/awsutils.go:2174","msg":"checkAPIErrorAndBroadcastEvent resulted in operation error EC2: AssignPrivateIpAddresses, https response error StatusCode: 400, RequestID: 37152c96-5e10-440a-bf5c-5d4372a2c295, api error InsufficientCidrBlocks: The specified subnet does not have enough free cidr blocks to satisfy the request."}
{"level":"error","ts":"2026-10-05T08:39:14.647Z","caller":"ipamd/ipamd.go:1255","msg":"Failed to allocate a private IP/Prefix addresses on ENI eni-EXAMPLE22: operation error EC2: AssignPrivateIpAddresses, https response error StatusCode: 400, RequestID: 37152c96-5e10-440a-bf5c-5d4372a2c295, api error InsufficientCidrBlocks: The specified subnet does not have enough free cidr blocks to satisfy the request."}
{"level":"debug","ts":"2026-10-05T08:39:14.647Z","caller":"ipamd/ipamd.go:1256","msg":"containsPrivateIPAddressLimitExceededError encountered operation error EC2: AssignPrivateIpAddresses, https response error StatusCode: 400, RequestID: 37152c96-5e10-440a-bf5c-5d4372a2c295, api error InsufficientCidrBlocks: The specified subnet does not have enough free cidr blocks to satisfy the request."}
{"level":"warn","ts":"2026-10-05T08:39:14.647Z","caller":"ipamd/ipamd.go:1113","msg":"failed to allocate all available IPv4 Prefixes on ENI eni-EXAMPLE22, err: operation error EC2: AssignPrivateIpAddresses, https response error StatusCode: 400, RequestID: 37152c96-5e10-440a-bf5c-5d4372a2c295, api error InsufficientCidrBlocks: The specified subnet does not have enough free cidr blocks to satisfy the request."}
{"level":"info","ts":"2026-10-05T08:39:14.647Z","caller":"ipamd/ipamd.go:1259","msg":"Trying to allocate 1 IP addresses on ENI eni-EXAMPLE22"}
{"level":"debug","ts":"2026-10-05T08:39:14.647Z","caller":"ipamd/ipamd.go:1259","msg":"PD enabled - true"}
{"level":"debug","ts":"2026-10-05T08:39:15.051Z","caller":"awsutils/awsutils.go:2174","msg":"checkAPIErrorAndBroadcastEvent resulted in operation error EC2: AssignPrivateIpAddresses, https response error StatusCode: 400, RequestID: edaa9b18-4137-4fe0-b659-2fbb78824daf, api error InsufficientCidrBlocks: The specified subnet does not have enough free cidr blocks to satisfy the request."}
{"level":"error","ts":"2026-10-05T08:39:15.051Z","caller":"ipamd/ipamd.go:1259","msg":"Failed to allocate a private IP/Prefix addresses on ENI eni-EXAMPLE22: operation error EC2: AssignPrivateIpAddresses, https response error StatusCode: 400, RequestID: edaa9b18-4137-4fe0-b659-2fbb78824daf, api error InsufficientCidrBlocks: The specified subnet does not have enough free cidr blocks to satisfy the request."}
{"level":"debug","ts":"2026-10-05T08:39:15.051Z","caller":"ipamd/ipamd.go:1260","msg":"containsPrivateIPAddressLimitExceededError encountered operation error EC2: AssignPrivateIpAddresses, https response error StatusCode: 400, RequestID: edaa9b18-4137-4fe0-b659-2fbb78824daf, api error InsufficientCidrBlocks: The specified subnet does not have enough free cidr blocks to satisfy the request."}
{"level":"debug","ts":"2026-10-05T08:39:15.051Z","caller":"ipamd/ipamd.go:1262","msg":"containsInsufficientCIDRsOrSubnetIPs encountered operation error EC2: AssignPrivateIpAddresses, https response error StatusCode: 400, RequestID: edaa9b18-4137-4fe0-b659-2fbb78824daf, api error InsufficientCidrBlocks: The specified subnet does not have enough free cidr blocks to satisfy the request."}
{"level":"debug","ts":"2026-10-05T08:39:15.052Z","caller":"ipamd/ipamd.go:1262","msg":"Insufficient IP Addresses due to: InsufficientCidrBlocks\n"}
{"level":"debug","ts":"2026-10-05T08:39:15.052Z","caller":"ipamd/ipamd.go:1003","msg":"hasRoomForEni: networkCard=0, currentENIs=1, currentUsableENIs=1, maxENI=3, unmanagedENI=0, trunkEni=0, excludedENI=0, hasRoom=true"}
{"level":"debug","ts":"2026-10-05T08:39:15.052Z","caller":"ipamd/ipamd.go:2758","msg":"Prefix target is 1, short of 1 prefixes, free 0 prefixes"}
{"level":"debug","ts":"2026-10-05T08:39:15.052Z","caller":"ipamd/ipamd.go:2595","msg":"ToAllocate: 1, Network Card 0"}
{"level":"info","ts":"2026-10-05T08:39:15.052Z","caller":"awsutils/awsutils.go:1044","msg":"Trying to allocate 1 IP addresses on new ENI"}
{"level":"debug","ts":"2026-10-05T08:39:15.052Z","caller":"awsutils/awsutils.go:1044","msg":"PD enabled - true"}
{"level":"debug","ts":"2026-10-05T08:39:15.315Z","caller":"awsutils/awsutils.go:1272","msg":"Primary subnet subnet-EXAMPLE1 has no kubernetes.io/role/cni tag, including it for ENI creation (backwards compatibility)"}
{"level":"info","ts":"2026-10-05T08:39:15.315Z","caller":"awsutils/awsutils.go:1044","msg":"Creating ENI with security groups: [sg-EXAMPLE1] in subnet: subnet-EXAMPLE1"}
{"level":"debug","ts":"2026-10-05T08:39:15.570Z","caller":"awsutils/awsutils.go:1449","msg":"checkAPIErrorAndBroadcastEvent resulted in operation error EC2: CreateNetworkInterface, https response error StatusCode: 400, RequestID: 8df9000a-cfe6-4f9a-9845-542dc18e2ffa, api error InvalidParameterValue: There aren't sufficient free Ipv4 addresses or prefixes"}
{"level":"error","ts":"2026-10-05T08:39:15.570Z","caller":"awsutils/awsutils.go:1285","msg":"Failed to CreateNetworkInterface operation error EC2: CreateNetworkInterface, https response error StatusCode: 400, RequestID: 8df9000a-cfe6-4f9a-9845-542dc18e2ffa, api error InvalidParameterValue: There aren't sufficient free Ipv4 addresses or prefixes for subnet subnet-EXAMPLE1"}
{"level":"debug","ts":"2026-10-05T08:39:15.570Z","caller":"awsutils/awsutils.go:1272","msg":"Subnet subnet-EXAMPLE2 has no kubernetes.io/role/cni tag, excluding it from ENI creation"}
{"level":"error","ts":"2026-10-05T08:39:15.570Z","caller":"ipamd/ipamd.go:1004","msg":"Failed to increase pool size due to not able to allocate ENI AllocENI: failed to create ENI: failed to create network interface: operation error EC2: CreateNetworkInterface, https response error StatusCode: 400, RequestID: 8df9000a-cfe6-4f9a-9845-542dc18e2ffa, api error InvalidParameterValue: There aren't sufficient free Ipv4 addresses or prefixes"}
{"level":"warn","ts":"2026-10-05T08:39:15.570Z","caller":"ipamd/ipamd.go:1004","msg":"Failed to allocate 1 IP addresses on an ENI: AllocENI: failed to create ENI: failed to create network interface: operation error EC2: CreateNetworkInterface, https response error StatusCode: 400, RequestID: 8df9000a-cfe6-4f9a-9845-542dc18e2ffa, api error InvalidParameterValue: There aren't sufficient free Ipv4 addresses or prefixes"}
{"level":"debug","ts":"2026-10-05T08:39:15.570Z","caller":"ipamd/ipamd.go:1082","msg":"containsInsufficientCIDRsOrSubnetIPs encountered AllocENI: failed to create ENI: failed to create network interface: operation error EC2: CreateNetworkInterface, https response error StatusCode: 400, RequestID: 8df9000a-cfe6-4f9a-9845-542dc18e2ffa, api error InvalidParameterValue: There aren't sufficient free Ipv4 addresses or prefixes"}
{"level":"debug","ts":"2026-10-05T08:39:15.570Z","caller":"ipamd/ipamd.go:1082","msg":"Insufficient IP Addresses due to: InvalidParameterValue\n"}
{"level":"debug","ts":"2026-10-05T08:39:15.570Z","caller":"ipamd/ipamd.go:813","msg":"Error trying to allocate ENI: AllocENI: failed to create ENI: failed to create network interface: operation error EC2: CreateNetworkInterface, https response error StatusCode: 400, RequestID: 8df9000a-cfe6-4f9a-9845-542dc18e2ffa, api error InvalidParameterValue: There aren't sufficient free Ipv4 addresses or prefixes"}
{"level":"debug","ts":"2026-10-05T08:39:15.570Z","caller":"ipamd/ipamd.go:1548","msg":"ENI eni-EXAMPLE22 cannot be deleted because it is primary"}
{"level":"debug","ts":"2026-10-05T08:39:20.571Z","caller":"ipamd/ipamd.go:809","msg":"IP pool is too low for Network Card 0: available (0) < ENI target (1) * addrsPerENI (16)"}
{"level":"debug","ts":"2026-10-05T08:39:20.571Z","caller":"ipamd/ipamd.go:2689","msg":"Prefix pool stats for network card 0: Total IPs/Prefixes = 0/0, AssignedIPs/CooldownIPs: 0/0, c.maxIPsPerENI = 80"}
{"level":"debug","ts":"2026-10-05T08:39:20.571Z","caller":"ipamd/ipamd.go:795","msg":"IP stats for Network Card 0 - total IPs: 0, assigned IPs: 0, cooldown IPs: 0"}
{"level":"debug","ts":"2026-10-05T08:39:20.571Z","caller":"ipamd/ipamd.go:813","msg":"Starting to increase pool size for network card 0"}
{"level":"debug","ts":"2026-10-05T08:39:20.571Z","caller":"ipamd/ipamd.go:966","msg":"Node found \"ip-10-20-0-61.ec2.internal\" - no of taints - 0"}
{"level":"debug","ts":"2026-10-05T08:39:20.571Z","caller":"ipamd/ipamd.go:2758","msg":"Prefix target is 1, short of 1 prefixes, free 0 prefixes"}
{"level":"debug","ts":"2026-10-05T08:39:20.571Z","caller":"ipamd/ipamd.go:1248","msg":"ToAllocate: 1, Network Card 0"}
{"level":"debug","ts":"2026-10-05T08:39:20.571Z","caller":"ipamd/ipamd.go:1251","msg":"Found ENI eni-EXAMPLE22 that has less than the maximum number of IP/Prefixes addresses allocated: cur=0, max=5"}
{"level":"info","ts":"2026-10-05T08:39:20.571Z","caller":"ipamd/ipamd.go:1255","msg":"Trying to allocate 1 IP addresses on ENI eni-EXAMPLE22"}
{"level":"debug","ts":"2026-10-05T08:39:20.571Z","caller":"ipamd/ipamd.go:1255","msg":"PD enabled - true"}
{"level":"debug","ts":"2026-10-05T08:39:20.958Z","caller":"awsutils/awsutils.go:2174","msg":"checkAPIErrorAndBroadcastEvent resulted in operation error EC2: AssignPrivateIpAddresses, https response error StatusCode: 400, RequestID: df930d39-8a8d-4048-95f6-ed7dc4f512b8, api error InsufficientCidrBlocks: The specified subnet does not have enough free cidr blocks to satisfy the request."}
{"level":"error","ts":"2026-10-05T08:39:20.958Z","caller":"ipamd/ipamd.go:1255","msg":"Failed to allocate a private IP/Prefix addresses on ENI eni-EXAMPLE22: operation error EC2: AssignPrivateIpAddresses, https response error StatusCode: 400, RequestID: df930d39-8a8d-4048-95f6-ed7dc4f512b8, api error InsufficientCidrBlocks: The specified subnet does not have enough free cidr blocks to satisfy the request."}
{"level":"debug","ts":"2026-10-05T08:39:20.958Z","caller":"ipamd/ipamd.go:1256","msg":"containsPrivateIPAddressLimitExceededError encountered operation error EC2: AssignPrivateIpAddresses, https response error StatusCode: 400, RequestID: df930d39-8a8d-4048-95f6-ed7dc4f512b8, api error InsufficientCidrBlocks: The specified subnet does not have enough free cidr blocks to satisfy the request."}
{"level":"warn","ts":"2026-10-05T08:39:20.958Z","caller":"ipamd/ipamd.go:1113","msg":"failed to allocate all available IPv4 Prefixes on ENI eni-EXAMPLE22, err: operation error EC2: AssignPrivateIpAddresses, https response error StatusCode: 400, RequestID: df930d39-8a8d-4048-95f6-ed7dc4f512b8, api error InsufficientCidrBlocks: The specified subnet does not have enough free cidr blocks to satisfy the request."}
{"level":"info","ts":"2026-10-05T08:39:20.958Z","caller":"ipamd/ipamd.go:1259","msg":"Trying to allocate 1 IP addresses on ENI eni-EXAMPLE22"}
{"level":"debug","ts":"2026-10-05T08:39:20.958Z","caller":"ipamd/ipamd.go:1259","msg":"PD enabled - true"}
{"level":"debug","ts":"2026-10-05T08:39:21.354Z","caller":"awsutils/awsutils.go:2174","msg":"checkAPIErrorAndBroadcastEvent resulted in operation error EC2: AssignPrivateIpAddresses, https response error StatusCode: 400, RequestID: f711c61c-216e-412e-8122-99b5553a3fe3, api error InsufficientCidrBlocks: The specified subnet does not have enough free cidr blocks to satisfy the request."}
{"level":"error","ts":"2026-10-05T08:39:21.354Z","caller":"ipamd/ipamd.go:1259","msg":"Failed to allocate a private IP/Prefix addresses on ENI eni-EXAMPLE22: operation error EC2: AssignPrivateIpAddresses, https response error StatusCode: 400, RequestID: f711c61c-216e-412e-8122-99b5553a3fe3, api error InsufficientCidrBlocks: The specified subnet does not have enough free cidr blocks to satisfy the request."}
{"level":"debug","ts":"2026-10-05T08:39:21.354Z","caller":"ipamd/ipamd.go:1260","msg":"containsPrivateIPAddressLimitExceededError encountered operation error EC2: AssignPrivateIpAddresses, https response error StatusCode: 400, RequestID: f711c61c-216e-412e-8122-99b5553a3fe3, api error InsufficientCidrBlocks: The specified subnet does not have enough free cidr blocks to satisfy the request."}
{"level":"debug","ts":"2026-10-05T08:39:21.354Z","caller":"ipamd/ipamd.go:1262","msg":"containsInsufficientCIDRsOrSubnetIPs encountered operation error EC2: AssignPrivateIpAddresses, https response error StatusCode: 400, RequestID: f711c61c-216e-412e-8122-99b5553a3fe3, api error InsufficientCidrBlocks: The specified subnet does not have enough free cidr blocks to satisfy the request."}
{"level":"debug","ts":"2026-10-05T08:39:21.354Z","caller":"ipamd/ipamd.go:1262","msg":"Insufficient IP Addresses due to: InsufficientCidrBlocks\n"}
{"level":"debug","ts":"2026-10-05T08:39:21.354Z","caller":"ipamd/ipamd.go:1003","msg":"hasRoomForEni: networkCard=0, currentENIs=1, currentUsableENIs=1, maxENI=3, unmanagedENI=0, trunkEni=0, excludedENI=0, hasRoom=true"}
{"level":"debug","ts":"2026-10-05T08:39:21.354Z","caller":"ipamd/ipamd.go:2758","msg":"Prefix target is 1, short of 1 prefixes, free 0 prefixes"}
{"level":"debug","ts":"2026-10-05T08:39:21.354Z","caller":"ipamd/ipamd.go:2595","msg":"ToAllocate: 1, Network Card 0"}
{"level":"info","ts":"2026-10-05T08:39:21.354Z","caller":"awsutils/awsutils.go:1044","msg":"Trying to allocate 1 IP addresses on new ENI"}
{"level":"debug","ts":"2026-10-05T08:39:21.354Z","caller":"awsutils/awsutils.go:1044","msg":"PD enabled - true"}
{"level":"debug","ts":"2026-10-05T08:39:21.592Z","caller":"awsutils/awsutils.go:1272","msg":"Primary subnet subnet-EXAMPLE1 has no kubernetes.io/role/cni tag, including it for ENI creation (backwards compatibility)"}
{"level":"info","ts":"2026-10-05T08:39:21.592Z","caller":"awsutils/awsutils.go:1044","msg":"Creating ENI with security groups: [sg-EXAMPLE1] in subnet: subnet-EXAMPLE1"}
{"level":"debug","ts":"2026-10-05T08:39:21.810Z","caller":"awsutils/awsutils.go:1449","msg":"checkAPIErrorAndBroadcastEvent resulted in operation error EC2: CreateNetworkInterface, https response error StatusCode: 400, RequestID: a76c27ad-0acf-4c9c-8c0e-c22faea1b1be, api error InvalidParameterValue: There aren't sufficient free Ipv4 addresses or prefixes"}
{"level":"error","ts":"2026-10-05T08:39:21.810Z","caller":"awsutils/awsutils.go:1285","msg":"Failed to CreateNetworkInterface operation error EC2: CreateNetworkInterface, https response error StatusCode: 400, RequestID: a76c27ad-0acf-4c9c-8c0e-c22faea1b1be, api error InvalidParameterValue: There aren't sufficient free Ipv4 addresses or prefixes for subnet subnet-EXAMPLE1"}
{"level":"debug","ts":"2026-10-05T08:39:21.810Z","caller":"awsutils/awsutils.go:1272","msg":"Subnet subnet-EXAMPLE2 has no kubernetes.io/role/cni tag, excluding it from ENI creation"}
{"level":"error","ts":"2026-10-05T08:39:21.810Z","caller":"ipamd/ipamd.go:1004","msg":"Failed to increase pool size due to not able to allocate ENI AllocENI: failed to create ENI: failed to create network interface: operation error EC2: CreateNetworkInterface, https response error StatusCode: 400, RequestID: a76c27ad-0acf-4c9c-8c0e-c22faea1b1be, api error InvalidParameterValue: There aren't sufficient free Ipv4 addresses or prefixes"}
{"level":"warn","ts":"2026-10-05T08:39:21.810Z","caller":"ipamd/ipamd.go:1004","msg":"Failed to allocate 1 IP addresses on an ENI: AllocENI: failed to create ENI: failed to create network interface: operation error EC2: CreateNetworkInterface, https response error StatusCode: 400, RequestID: a76c27ad-0acf-4c9c-8c0e-c22faea1b1be, api error InvalidParameterValue: There aren't sufficient free Ipv4 addresses or prefixes"}
{"level":"debug","ts":"2026-10-05T08:39:21.810Z","caller":"ipamd/ipamd.go:1082","msg":"containsInsufficientCIDRsOrSubnetIPs encountered AllocENI: failed to create ENI: failed to create network interface: operation error EC2: CreateNetworkInterface, https response error StatusCode: 400, RequestID: a76c27ad-0acf-4c9c-8c0e-c22faea1b1be, api error InvalidParameterValue: There aren't sufficient free Ipv4 addresses or prefixes"}
{"level":"debug","ts":"2026-10-05T08:39:21.810Z","caller":"ipamd/ipamd.go:1082","msg":"Insufficient IP Addresses due to: InvalidParameterValue\n"}
{"level":"debug","ts":"2026-10-05T08:39:21.810Z","caller":"ipamd/ipamd.go:813","msg":"Error trying to allocate ENI: AllocENI: failed to create ENI: failed to create network interface: operation error EC2: CreateNetworkInterface, https response error StatusCode: 400, RequestID: a76c27ad-0acf-4c9c-8c0e-c22faea1b1be, api error InvalidParameterValue: There aren't sufficient free Ipv4 addresses or prefixes"}
{"level":"debug","ts":"2026-10-05T08:39:21.810Z","caller":"ipamd/ipamd.go:1548","msg":"ENI eni-EXAMPLE22 cannot be deleted because it is primary"}
{"level":"debug","ts":"2026-10-05T08:39:26.812Z","caller":"ipamd/ipamd.go:809","msg":"IP pool is too low for Network Card 0: available (0) < ENI target (1) * addrsPerENI (16)"}
{"level":"debug","ts":"2026-10-05T08:39:26.813Z","caller":"ipamd/ipamd.go:2689","msg":"Prefix pool stats for network card 0: Total IPs/Prefixes = 0/0, AssignedIPs/CooldownIPs: 0/0, c.maxIPsPerENI = 80"}
{"level":"debug","ts":"2026-10-05T08:39:26.813Z","caller":"ipamd/ipamd.go:795","msg":"IP stats for Network Card 0 - total IPs: 0, assigned IPs: 0, cooldown IPs: 0"}
{"level":"debug","ts":"2026-10-05T08:39:26.813Z","caller":"ipamd/ipamd.go:813","msg":"Starting to increase pool size for network card 0"}
{"level":"debug","ts":"2026-10-05T08:39:26.813Z","caller":"ipamd/ipamd.go:966","msg":"Node found \"ip-10-20-0-61.ec2.internal\" - no of taints - 0"}
{"level":"debug","ts":"2026-10-05T08:39:26.813Z","caller":"ipamd/ipamd.go:2758","msg":"Prefix target is 1, short of 1 prefixes, free 0 prefixes"}
{"level":"debug","ts":"2026-10-05T08:39:26.813Z","caller":"ipamd/ipamd.go:1248","msg":"ToAllocate: 1, Network Card 0"}
{"level":"debug","ts":"2026-10-05T08:39:26.813Z","caller":"ipamd/ipamd.go:1251","msg":"Found ENI eni-EXAMPLE22 that has less than the maximum number of IP/Prefixes addresses allocated: cur=0, max=5"}
{"level":"info","ts":"2026-10-05T08:39:26.813Z","caller":"ipamd/ipamd.go:1255","msg":"Trying to allocate 1 IP addresses on ENI eni-EXAMPLE22"}
{"level":"debug","ts":"2026-10-05T08:39:26.813Z","caller":"ipamd/ipamd.go:1255","msg":"PD enabled - true"}
{"level":"debug","ts":"2026-10-05T08:39:27.299Z","caller":"awsutils/awsutils.go:2174","msg":"checkAPIErrorAndBroadcastEvent resulted in operation error EC2: AssignPrivateIpAddresses, https response error StatusCode: 400, RequestID: cfbcbb79-da38-40a2-9958-f9d3548ef98b, api error InsufficientCidrBlocks: The specified subnet does not have enough free cidr blocks to satisfy the request."}
{"level":"error","ts":"2026-10-05T08:39:27.299Z","caller":"ipamd/ipamd.go:1255","msg":"Failed to allocate a private IP/Prefix addresses on ENI eni-EXAMPLE22: operation error EC2: AssignPrivateIpAddresses, https response error StatusCode: 400, RequestID: cfbcbb79-da38-40a2-9958-f9d3548ef98b, api error InsufficientCidrBlocks: The specified subnet does not have enough free cidr blocks to satisfy the request."}
{"level":"debug","ts":"2026-10-05T08:39:27.299Z","caller":"ipamd/ipamd.go:1256","msg":"containsPrivateIPAddressLimitExceededError encountered operation error EC2: AssignPrivateIpAddresses, https response error StatusCode: 400, RequestID: cfbcbb79-da38-40a2-9958-f9d3548ef98b, api error InsufficientCidrBlocks: The specified subnet does not have enough free cidr blocks to satisfy the request."}
{"level":"warn","ts":"2026-10-05T08:39:27.299Z","caller":"ipamd/ipamd.go:1113","msg":"failed to allocate all available IPv4 Prefixes on ENI eni-EXAMPLE22, err: operation error EC2: AssignPrivateIpAddresses, https response error StatusCode: 400, RequestID: cfbcbb79-da38-40a2-9958-f9d3548ef98b, api error InsufficientCidrBlocks: The specified subnet does not have enough free cidr blocks to satisfy the request."}
{"level":"info","ts":"2026-10-05T08:39:27.299Z","caller":"ipamd/ipamd.go:1259","msg":"Trying to allocate 1 IP addresses on ENI eni-EXAMPLE22"}
{"level":"debug","ts":"2026-10-05T08:39:27.299Z","caller":"ipamd/ipamd.go:1259","msg":"PD enabled - true"}
{"level":"debug","ts":"2026-10-05T08:39:27.750Z","caller":"awsutils/awsutils.go:2174","msg":"checkAPIErrorAndBroadcastEvent resulted in operation error EC2: AssignPrivateIpAddresses, https response error StatusCode: 400, RequestID: f02334e8-e205-4c27-aaae-e1f30249984f, api error InsufficientCidrBlocks: The specified subnet does not have enough free cidr blocks to satisfy the request."}
{"level":"error","ts":"2026-10-05T08:39:27.750Z","caller":"ipamd/ipamd.go:1259","msg":"Failed to allocate a private IP/Prefix addresses on ENI eni-EXAMPLE22: operation error EC2: AssignPrivateIpAddresses, https response error StatusCode: 400, RequestID: f02334e8-e205-4c27-aaae-e1f30249984f, api error InsufficientCidrBlocks: The specified subnet does not have enough free cidr blocks to satisfy the request."}
{"level":"debug","ts":"2026-10-05T08:39:27.750Z","caller":"ipamd/ipamd.go:1260","msg":"containsPrivateIPAddressLimitExceededError encountered operation error EC2: AssignPrivateIpAddresses, https response error StatusCode: 400, RequestID: f02334e8-e205-4c27-aaae-e1f30249984f, api error InsufficientCidrBlocks: The specified subnet does not have enough free cidr blocks to satisfy the request."}
{"level":"debug","ts":"2026-10-05T08:39:27.750Z","caller":"ipamd/ipamd.go:1262","msg":"containsInsufficientCIDRsOrSubnetIPs encountered operation error EC2: AssignPrivateIpAddresses, https response error StatusCode: 400, RequestID: f02334e8-e205-4c27-aaae-e1f30249984f, api error InsufficientCidrBlocks: The specified subnet does not have enough free cidr blocks to satisfy the request."}
{"level":"debug","ts":"2026-10-05T08:39:27.750Z","caller":"ipamd/ipamd.go:1262","msg":"Insufficient IP Addresses due to: InsufficientCidrBlocks\n"}
{"level":"debug","ts":"2026-10-05T08:39:27.750Z","caller":"ipamd/ipamd.go:1003","msg":"hasRoomForEni: networkCard=0, currentENIs=1, currentUsableENIs=1, maxENI=3, unmanagedENI=0, trunkEni=0, excludedENI=0, hasRoom=true"}
{"level":"debug","ts":"2026-10-05T08:39:27.750Z","caller":"ipamd/ipamd.go:2758","msg":"Prefix target is 1, short of 1 prefixes, free 0 prefixes"}
{"level":"debug","ts":"2026-10-05T08:39:27.750Z","caller":"ipamd/ipamd.go:2595","msg":"ToAllocate: 1, Network Card 0"}
{"level":"info","ts":"2026-10-05T08:39:27.750Z","caller":"awsutils/awsutils.go:1044","msg":"Trying to allocate 1 IP addresses on new ENI"}
{"level":"debug","ts":"2026-10-05T08:39:27.750Z","caller":"awsutils/awsutils.go:1044","msg":"PD enabled - true"}
{"level":"debug","ts":"2026-10-05T08:39:27.978Z","caller":"awsutils/awsutils.go:1272","msg":"Primary subnet subnet-EXAMPLE1 has no kubernetes.io/role/cni tag, including it for ENI creation (backwards compatibility)"}
{"level":"info","ts":"2026-10-05T08:39:27.978Z","caller":"awsutils/awsutils.go:1044","msg":"Creating ENI with security groups: [sg-EXAMPLE1] in subnet: subnet-EXAMPLE1"}
{"level":"debug","ts":"2026-10-05T08:39:28.188Z","caller":"awsutils/awsutils.go:1449","msg":"checkAPIErrorAndBroadcastEvent resulted in operation error EC2: CreateNetworkInterface, https response error StatusCode: 400, RequestID: dc4eca16-5d66-4b78-9454-e42915c81f4e, api error InvalidParameterValue: There aren't sufficient free Ipv4 addresses or prefixes"}
{"level":"error","ts":"2026-10-05T08:39:28.188Z","caller":"awsutils/awsutils.go:1285","msg":"Failed to CreateNetworkInterface operation error EC2: CreateNetworkInterface, https response error StatusCode: 400, RequestID: dc4eca16-5d66-4b78-9454-e42915c81f4e, api error InvalidParameterValue: There aren't sufficient free Ipv4 addresses or prefixes for subnet subnet-EXAMPLE1"}
{"level":"debug","ts":"2026-10-05T08:39:28.188Z","caller":"awsutils/awsutils.go:1272","msg":"Subnet subnet-EXAMPLE2 has no kubernetes.io/role/cni tag, excluding it from ENI creation"}
{"level":"error","ts":"2026-10-05T08:39:28.188Z","caller":"ipamd/ipamd.go:1004","msg":"Failed to increase pool size due to not able to allocate ENI AllocENI: failed to create ENI: failed to create network interface: operation error EC2: CreateNetworkInterface, https response error StatusCode: 400, RequestID: dc4eca16-5d66-4b78-9454-e42915c81f4e, api error InvalidParameterValue: There aren't sufficient free Ipv4 addresses or prefixes"}
{"level":"warn","ts":"2026-10-05T08:39:28.188Z","caller":"ipamd/ipamd.go:1004","msg":"Failed to allocate 1 IP addresses on an ENI: AllocENI: failed to create ENI: failed to create network interface: operation error EC2: CreateNetworkInterface, https response error StatusCode: 400, RequestID: dc4eca16-5d66-4b78-9454-e42915c81f4e, api error InvalidParameterValue: There aren't sufficient free Ipv4 addresses or prefixes"}
{"level":"debug","ts":"2026-10-05T08:39:28.189Z","caller":"ipamd/ipamd.go:1082","msg":"containsInsufficientCIDRsOrSubnetIPs encountered AllocENI: failed to create ENI: failed to create network interface: operation error EC2: CreateNetworkInterface, https response error StatusCode: 400, RequestID: dc4eca16-5d66-4b78-9454-e42915c81f4e, api error InvalidParameterValue: There aren't sufficient free Ipv4 addresses or prefixes"}
{"level":"debug","ts":"2026-10-05T08:39:28.189Z","caller":"ipamd/ipamd.go:1082","msg":"Insufficient IP Addresses due to: InvalidParameterValue\n"}
{"level":"debug","ts":"2026-10-05T08:39:28.189Z","caller":"ipamd/ipamd.go:813","msg":"Error trying to allocate ENI: AllocENI: failed to create ENI: failed to create network interface: operation error EC2: CreateNetworkInterface, https response error StatusCode: 400, RequestID: dc4eca16-5d66-4b78-9454-e42915c81f4e, api error InvalidParameterValue: There aren't sufficient free Ipv4 addresses or prefixes"}
{"level":"debug","ts":"2026-10-05T08:39:28.189Z","caller":"ipamd/ipamd.go:1548","msg":"ENI eni-EXAMPLE22 cannot be deleted because it is primary"}
{"level":"debug","ts":"2026-10-05T08:39:33.191Z","caller":"ipamd/ipamd.go:809","msg":"IP pool is too low for Network Card 0: available (0) < ENI target (1) * addrsPerENI (16)"}
{"level":"debug","ts":"2026-10-05T08:39:33.191Z","caller":"ipamd/ipamd.go:2689","msg":"Prefix pool stats for network card 0: Total IPs/Prefixes = 0/0, AssignedIPs/CooldownIPs: 0/0, c.maxIPsPerENI = 80"}
{"level":"debug","ts":"2026-10-05T08:39:33.191Z","caller":"ipamd/ipamd.go:795","msg":"IP stats for Network Card 0 - total IPs: 0, assigned IPs: 0, cooldown IPs: 0"}
{"level":"debug","ts":"2026-10-05T08:39:33.191Z","caller":"ipamd/ipamd.go:813","msg":"Starting to increase pool size for network card 0"}
{"level":"debug","ts":"2026-10-05T08:39:33.191Z","caller":"ipamd/ipamd.go:966","msg":"Node found \"ip-10-20-0-61.ec2.internal\" - no of taints - 0"}
{"level":"debug","ts":"2026-10-05T08:39:33.191Z","caller":"ipamd/ipamd.go:2758","msg":"Prefix target is 1, short of 1 prefixes, free 0 prefixes"}
{"level":"debug","ts":"2026-10-05T08:39:33.191Z","caller":"ipamd/ipamd.go:1248","msg":"ToAllocate: 1, Network Card 0"}
{"level":"debug","ts":"2026-10-05T08:39:33.191Z","caller":"ipamd/ipamd.go:1251","msg":"Found ENI eni-EXAMPLE22 that has less than the maximum number of IP/Prefixes addresses allocated: cur=0, max=5"}
{"level":"info","ts":"2026-10-05T08:39:33.191Z","caller":"ipamd/ipamd.go:1255","msg":"Trying to allocate 1 IP addresses on ENI eni-EXAMPLE22"}
{"level":"debug","ts":"2026-10-05T08:39:33.191Z","caller":"ipamd/ipamd.go:1255","msg":"PD enabled - true"}
{"level":"debug","ts":"2026-10-05T08:39:33.634Z","caller":"awsutils/awsutils.go:2174","msg":"checkAPIErrorAndBroadcastEvent resulted in operation error EC2: AssignPrivateIpAddresses, https response error StatusCode: 400, RequestID: e681b705-6a3e-4f74-bd83-4e5e9e4e3671, api error InsufficientCidrBlocks: The specified subnet does not have enough free cidr blocks to satisfy the request."}
{"level":"error","ts":"2026-10-05T08:39:33.634Z","caller":"ipamd/ipamd.go:1255","msg":"Failed to allocate a private IP/Prefix addresses on ENI eni-EXAMPLE22: operation error EC2: AssignPrivateIpAddresses, https response error StatusCode: 400, RequestID: e681b705-6a3e-4f74-bd83-4e5e9e4e3671, api error InsufficientCidrBlocks: The specified subnet does not have enough free cidr blocks to satisfy the request."}
{"level":"debug","ts":"2026-10-05T08:39:33.634Z","caller":"ipamd/ipamd.go:1256","msg":"containsPrivateIPAddressLimitExceededError encountered operation error EC2: AssignPrivateIpAddresses, https response error StatusCode: 400, RequestID: e681b705-6a3e-4f74-bd83-4e5e9e4e3671, api error InsufficientCidrBlocks: The specified subnet does not have enough free cidr blocks to satisfy the request."}
{"level":"warn","ts":"2026-10-05T08:39:33.634Z","caller":"ipamd/ipamd.go:1113","msg":"failed to allocate all available IPv4 Prefixes on ENI eni-EXAMPLE22, err: operation error EC2: AssignPrivateIpAddresses, https response error StatusCode: 400, RequestID: e681b705-6a3e-4f74-bd83-4e5e9e4e3671, api error InsufficientCidrBlocks: The specified subnet does not have enough free cidr blocks to satisfy the request."}
{"level":"info","ts":"2026-10-05T08:39:33.635Z","caller":"ipamd/ipamd.go:1259","msg":"Trying to allocate 1 IP addresses on ENI eni-EXAMPLE22"}
{"level":"debug","ts":"2026-10-05T08:39:33.635Z","caller":"ipamd/ipamd.go:1259","msg":"PD enabled - true"}
{"level":"debug","ts":"2026-10-05T08:39:34.055Z","caller":"awsutils/awsutils.go:2174","msg":"checkAPIErrorAndBroadcastEvent resulted in operation error EC2: AssignPrivateIpAddresses, https response error StatusCode: 400, RequestID: 9ece15e3-d662-459d-a49c-e63179bf1423, api error InsufficientCidrBlocks: The specified subnet does not have enough free cidr blocks to satisfy the request."}
{"level":"error","ts":"2026-10-05T08:39:34.056Z","caller":"ipamd/ipamd.go:1259","msg":"Failed to allocate a private IP/Prefix addresses on ENI eni-EXAMPLE22: operation error EC2: AssignPrivateIpAddresses, https response error StatusCode: 400, RequestID: 9ece15e3-d662-459d-a49c-e63179bf1423, api error InsufficientCidrBlocks: The specified subnet does not have enough free cidr blocks to satisfy the request."}
{"level":"debug","ts":"2026-10-05T08:39:34.056Z","caller":"ipamd/ipamd.go:1260","msg":"containsPrivateIPAddressLimitExceededError encountered operation error EC2: AssignPrivateIpAddresses, https response error StatusCode: 400, RequestID: 9ece15e3-d662-459d-a49c-e63179bf1423, api error InsufficientCidrBlocks: The specified subnet does not have enough free cidr blocks to satisfy the request."}
{"level":"debug","ts":"2026-10-05T08:39:34.056Z","caller":"ipamd/ipamd.go:1262","msg":"containsInsufficientCIDRsOrSubnetIPs encountered operation error EC2: AssignPrivateIpAddresses, https response error StatusCode: 400, RequestID: 9ece15e3-d662-459d-a49c-e63179bf1423, api error InsufficientCidrBlocks: The specified subnet does not have enough free cidr blocks to satisfy the request."}
{"level":"debug","ts":"2026-10-05T08:39:34.056Z","caller":"ipamd/ipamd.go:1262","msg":"Insufficient IP Addresses due to: InsufficientCidrBlocks\n"}
{"level":"debug","ts":"2026-10-05T08:39:34.056Z","caller":"ipamd/ipamd.go:1003","msg":"hasRoomForEni: networkCard=0, currentENIs=1, currentUsableENIs=1, maxENI=3, unmanagedENI=0, trunkEni=0, excludedENI=0, hasRoom=true"}
{"level":"debug","ts":"2026-10-05T08:39:34.056Z","caller":"ipamd/ipamd.go:2758","msg":"Prefix target is 1, short of 1 prefixes, free 0 prefixes"}
{"level":"debug","ts":"2026-10-05T08:39:34.056Z","caller":"ipamd/ipamd.go:2595","msg":"ToAllocate: 1, Network Card 0"}
{"level":"info","ts":"2026-10-05T08:39:34.056Z","caller":"awsutils/awsutils.go:1044","msg":"Trying to allocate 1 IP addresses on new ENI"}
{"level":"debug","ts":"2026-10-05T08:39:34.056Z","caller":"awsutils/awsutils.go:1044","msg":"PD enabled - true"}
{"level":"debug","ts":"2026-10-05T08:39:34.329Z","caller":"awsutils/awsutils.go:1272","msg":"Primary subnet subnet-EXAMPLE1 has no kubernetes.io/role/cni tag, including it for ENI creation (backwards compatibility)"}
{"level":"info","ts":"2026-10-05T08:39:34.329Z","caller":"awsutils/awsutils.go:1044","msg":"Creating ENI with security groups: [sg-EXAMPLE1] in subnet: subnet-EXAMPLE1"}
{"level":"debug","ts":"2026-10-05T08:39:34.568Z","caller":"awsutils/awsutils.go:1449","msg":"checkAPIErrorAndBroadcastEvent resulted in operation error EC2: CreateNetworkInterface, https response error StatusCode: 400, RequestID: 3e01dccc-947b-46bd-b212-1a0f6bcfa696, api error InvalidParameterValue: There aren't sufficient free Ipv4 addresses or prefixes"}
{"level":"error","ts":"2026-10-05T08:39:34.568Z","caller":"awsutils/awsutils.go:1285","msg":"Failed to CreateNetworkInterface operation error EC2: CreateNetworkInterface, https response error StatusCode: 400, RequestID: 3e01dccc-947b-46bd-b212-1a0f6bcfa696, api error InvalidParameterValue: There aren't sufficient free Ipv4 addresses or prefixes for subnet subnet-EXAMPLE1"}
{"level":"debug","ts":"2026-10-05T08:39:34.568Z","caller":"awsutils/awsutils.go:1272","msg":"Subnet subnet-EXAMPLE2 has no kubernetes.io/role/cni tag, excluding it from ENI creation"}
{"level":"error","ts":"2026-10-05T08:39:34.568Z","caller":"ipamd/ipamd.go:1004","msg":"Failed to increase pool size due to not able to allocate ENI AllocENI: failed to create ENI: failed to create network interface: operation error EC2: CreateNetworkInterface, https response error StatusCode: 400, RequestID: 3e01dccc-947b-46bd-b212-1a0f6bcfa696, api error InvalidParameterValue: There aren't sufficient free Ipv4 addresses or prefixes"}
{"level":"warn","ts":"2026-10-05T08:39:34.568Z","caller":"ipamd/ipamd.go:1004","msg":"Failed to allocate 1 IP addresses on an ENI: AllocENI: failed to create ENI: failed to create network interface: operation error EC2: CreateNetworkInterface, https response error StatusCode: 400, RequestID: 3e01dccc-947b-46bd-b212-1a0f6bcfa696, api error InvalidParameterValue: There aren't sufficient free Ipv4 addresses or prefixes"}
{"level":"debug","ts":"2026-10-05T08:39:34.568Z","caller":"ipamd/ipamd.go:1082","msg":"containsInsufficientCIDRsOrSubnetIPs encountered AllocENI: failed to create ENI: failed to create network interface: operation error EC2: CreateNetworkInterface, https response error StatusCode: 400, RequestID: 3e01dccc-947b-46bd-b212-1a0f6bcfa696, api error InvalidParameterValue: There aren't sufficient free Ipv4 addresses or prefixes"}
{"level":"debug","ts":"2026-10-05T08:39:34.568Z","caller":"ipamd/ipamd.go:1082","msg":"Insufficient IP Addresses due to: InvalidParameterValue\n"}
{"level":"debug","ts":"2026-10-05T08:39:34.568Z","caller":"ipamd/ipamd.go:813","msg":"Error trying to allocate ENI: AllocENI: failed to create ENI: failed to create network interface: operation error EC2: CreateNetworkInterface, https response error StatusCode: 400, RequestID: 3e01dccc-947b-46bd-b212-1a0f6bcfa696, api error InvalidParameterValue: There aren't sufficient free Ipv4 addresses or prefixes"}
{"level":"debug","ts":"2026-10-05T08:39:34.568Z","caller":"ipamd/ipamd.go:1548","msg":"ENI eni-EXAMPLE22 cannot be deleted because it is primary"}
{"level":"debug","ts":"2026-10-05T08:39:39.571Z","caller":"ipamd/ipamd.go:809","msg":"IP pool is too low for Network Card 0: available (0) < ENI target (1) * addrsPerENI (16)"}
{"level":"debug","ts":"2026-10-05T08:39:39.571Z","caller":"ipamd/ipamd.go:2689","msg":"Prefix pool stats for network card 0: Total IPs/Prefixes = 0/0, AssignedIPs/CooldownIPs: 0/0, c.maxIPsPerENI = 80"}
{"level":"debug","ts":"2026-10-05T08:39:39.571Z","caller":"ipamd/ipamd.go:795","msg":"IP stats for Network Card 0 - total IPs: 0, assigned IPs: 0, cooldown IPs: 0"}
{"level":"debug","ts":"2026-10-05T08:39:39.571Z","caller":"ipamd/ipamd.go:813","msg":"Starting to increase pool size for network card 0"}
{"level":"debug","ts":"2026-10-05T08:39:39.571Z","caller":"ipamd/ipamd.go:966","msg":"Node found \"ip-10-20-0-61.ec2.internal\" - no of taints - 0"}
{"level":"debug","ts":"2026-10-05T08:39:39.571Z","caller":"ipamd/ipamd.go:2758","msg":"Prefix target is 1, short of 1 prefixes, free 0 prefixes"}
{"level":"debug","ts":"2026-10-05T08:39:39.571Z","caller":"ipamd/ipamd.go:1248","msg":"ToAllocate: 1, Network Card 0"}
{"level":"debug","ts":"2026-10-05T08:39:39.571Z","caller":"ipamd/ipamd.go:1251","msg":"Found ENI eni-EXAMPLE22 that has less than the maximum number of IP/Prefixes addresses allocated: cur=0, max=5"}
{"level":"info","ts":"2026-10-05T08:39:39.571Z","caller":"ipamd/ipamd.go:1255","msg":"Trying to allocate 1 IP addresses on ENI eni-EXAMPLE22"}
{"level":"debug","ts":"2026-10-05T08:39:39.571Z","caller":"ipamd/ipamd.go:1255","msg":"PD enabled - true"}
{"level":"debug","ts":"2026-10-05T08:39:39.959Z","caller":"awsutils/awsutils.go:2174","msg":"checkAPIErrorAndBroadcastEvent resulted in operation error EC2: AssignPrivateIpAddresses, https response error StatusCode: 400, RequestID: bb572985-45fa-442f-80f1-ca67adb9c79d, api error InsufficientCidrBlocks: The specified subnet does not have enough free cidr blocks to satisfy the request."}
{"level":"error","ts":"2026-10-05T08:39:39.959Z","caller":"ipamd/ipamd.go:1255","msg":"Failed to allocate a private IP/Prefix addresses on ENI eni-EXAMPLE22: operation error EC2: AssignPrivateIpAddresses, https response error StatusCode: 400, RequestID: bb572985-45fa-442f-80f1-ca67adb9c79d, api error InsufficientCidrBlocks: The specified subnet does not have enough free cidr blocks to satisfy the request."}
{"level":"debug","ts":"2026-10-05T08:39:39.959Z","caller":"ipamd/ipamd.go:1256","msg":"containsPrivateIPAddressLimitExceededError encountered operation error EC2: AssignPrivateIpAddresses, https response error StatusCode: 400, RequestID: bb572985-45fa-442f-80f1-ca67adb9c79d, api error InsufficientCidrBlocks: The specified subnet does not have enough free cidr blocks to satisfy the request."}
{"level":"warn","ts":"2026-10-05T08:39:39.959Z","caller":"ipamd/ipamd.go:1113","msg":"failed to allocate all available IPv4 Prefixes on ENI eni-EXAMPLE22, err: operation error EC2: AssignPrivateIpAddresses, https response error StatusCode: 400, RequestID: bb572985-45fa-442f-80f1-ca67adb9c79d, api error InsufficientCidrBlocks: The specified subnet does not have enough free cidr blocks to satisfy the request."}
{"level":"info","ts":"2026-10-05T08:39:39.959Z","caller":"ipamd/ipamd.go:1259","msg":"Trying to allocate 1 IP addresses on ENI eni-EXAMPLE22"}
{"level":"debug","ts":"2026-10-05T08:39:39.959Z","caller":"ipamd/ipamd.go:1259","msg":"PD enabled - true"}
{"level":"debug","ts":"2026-10-05T08:39:40.375Z","caller":"awsutils/awsutils.go:2174","msg":"checkAPIErrorAndBroadcastEvent resulted in operation error EC2: AssignPrivateIpAddresses, https response error StatusCode: 400, RequestID: 91a259c7-0d08-4767-99ab-45e8de699e76, api error InsufficientCidrBlocks: The specified subnet does not have enough free cidr blocks to satisfy the request."}
{"level":"error","ts":"2026-10-05T08:39:40.375Z","caller":"ipamd/ipamd.go:1259","msg":"Failed to allocate a private IP/Prefix addresses on ENI eni-EXAMPLE22: operation error EC2: AssignPrivateIpAddresses, https response error StatusCode: 400, RequestID: 91a259c7-0d08-4767-99ab-45e8de699e76, api error InsufficientCidrBlocks: The specified subnet does not have enough free cidr blocks to satisfy the request."}
{"level":"debug","ts":"2026-10-05T08:39:40.375Z","caller":"ipamd/ipamd.go:1260","msg":"containsPrivateIPAddressLimitExceededError encountered operation error EC2: AssignPrivateIpAddresses, https response error StatusCode: 400, RequestID: 91a259c7-0d08-4767-99ab-45e8de699e76, api error InsufficientCidrBlocks: The specified subnet does not have enough free cidr blocks to satisfy the request."}
{"level":"debug","ts":"2026-10-05T08:39:40.375Z","caller":"ipamd/ipamd.go:1262","msg":"containsInsufficientCIDRsOrSubnetIPs encountered operation error EC2: AssignPrivateIpAddresses, https response error StatusCode: 400, RequestID: 91a259c7-0d08-4767-99ab-45e8de699e76, api error InsufficientCidrBlocks: The specified subnet does not have enough free cidr blocks to satisfy the request."}
{"level":"debug","ts":"2026-10-05T08:39:40.375Z","caller":"ipamd/ipamd.go:1262","msg":"Insufficient IP Addresses due to: InsufficientCidrBlocks\n"}
{"level":"debug","ts":"2026-10-05T08:39:40.376Z","caller":"ipamd/ipamd.go:1003","msg":"hasRoomForEni: networkCard=0, currentENIs=1, currentUsableENIs=1, maxENI=3, unmanagedENI=0, trunkEni=0, excludedENI=0, hasRoom=true"}
{"level":"debug","ts":"2026-10-05T08:39:40.376Z","caller":"ipamd/ipamd.go:2758","msg":"Prefix target is 1, short of 1 prefixes, free 0 prefixes"}
{"level":"debug","ts":"2026-10-05T08:39:40.376Z","caller":"ipamd/ipamd.go:2595","msg":"ToAllocate: 1, Network Card 0"}
{"level":"info","ts":"2026-10-05T08:39:40.376Z","caller":"awsutils/awsutils.go:1044","msg":"Trying to allocate 1 IP addresses on new ENI"}
{"level":"debug","ts":"2026-10-05T08:39:40.376Z","caller":"awsutils/awsutils.go:1044","msg":"PD enabled - true"}
{"level":"debug","ts":"2026-10-05T08:39:40.643Z","caller":"awsutils/awsutils.go:1272","msg":"Primary subnet subnet-EXAMPLE1 has no kubernetes.io/role/cni tag, including it for ENI creation (backwards compatibility)"}
{"level":"info","ts":"2026-10-05T08:39:40.643Z","caller":"awsutils/awsutils.go:1044","msg":"Creating ENI with security groups: [sg-EXAMPLE1] in subnet: subnet-EXAMPLE1"}
{"level":"debug","ts":"2026-10-05T08:39:40.871Z","caller":"awsutils/awsutils.go:1449","msg":"checkAPIErrorAndBroadcastEvent resulted in operation error EC2: CreateNetworkInterface, https response error StatusCode: 400, RequestID: 199c49a1-a63d-4514-8179-11feaee34db2, api error InvalidParameterValue: There aren't sufficient free Ipv4 addresses or prefixes"}
{"level":"error","ts":"2026-10-05T08:39:40.872Z","caller":"awsutils/awsutils.go:1285","msg":"Failed to CreateNetworkInterface operation error EC2: CreateNetworkInterface, https response error StatusCode: 400, RequestID: 199c49a1-a63d-4514-8179-11feaee34db2, api error InvalidParameterValue: There aren't sufficient free Ipv4 addresses or prefixes for subnet subnet-EXAMPLE1"}
{"level":"debug","ts":"2026-10-05T08:39:40.872Z","caller":"awsutils/awsutils.go:1272","msg":"Subnet subnet-EXAMPLE2 has no kubernetes.io/role/cni tag, excluding it from ENI creation"}
{"level":"error","ts":"2026-10-05T08:39:40.872Z","caller":"ipamd/ipamd.go:1004","msg":"Failed to increase pool size due to not able to allocate ENI AllocENI: failed to create ENI: failed to create network interface: operation error EC2: CreateNetworkInterface, https response error StatusCode: 400, RequestID: 199c49a1-a63d-4514-8179-11feaee34db2, api error InvalidParameterValue: There aren't sufficient free Ipv4 addresses or prefixes"}
{"level":"warn","ts":"2026-10-05T08:39:40.872Z","caller":"ipamd/ipamd.go:1004","msg":"Failed to allocate 1 IP addresses on an ENI: AllocENI: failed to create ENI: failed to create network interface: operation error EC2: CreateNetworkInterface, https response error StatusCode: 400, RequestID: 199c49a1-a63d-4514-8179-11feaee34db2, api error InvalidParameterValue: There aren't sufficient free Ipv4 addresses or prefixes"}
{"level":"debug","ts":"2026-10-05T08:39:40.872Z","caller":"ipamd/ipamd.go:1082","msg":"containsInsufficientCIDRsOrSubnetIPs encountered AllocENI: failed to create ENI: failed to create network interface: operation error EC2: CreateNetworkInterface, https response error StatusCode: 400, RequestID: 199c49a1-a63d-4514-8179-11feaee34db2, api error InvalidParameterValue: There aren't sufficient free Ipv4 addresses or prefixes"}
{"level":"debug","ts":"2026-10-05T08:39:40.872Z","caller":"ipamd/ipamd.go:1082","msg":"Insufficient IP Addresses due to: InvalidParameterValue\n"}
{"level":"debug","ts":"2026-10-05T08:39:40.872Z","caller":"ipamd/ipamd.go:813","msg":"Error trying to allocate ENI: AllocENI: failed to create ENI: failed to create network interface: operation error EC2: CreateNetworkInterface, https response error StatusCode: 400, RequestID: 199c49a1-a63d-4514-8179-11feaee34db2, api error InvalidParameterValue: There aren't sufficient free Ipv4 addresses or prefixes"}
{"level":"debug","ts":"2026-10-05T08:39:40.872Z","caller":"ipamd/ipamd.go:1548","msg":"ENI eni-EXAMPLE22 cannot be deleted because it is primary"}
{"level":"debug","ts":"2026-10-05T08:39:45.873Z","caller":"ipamd/ipamd.go:809","msg":"IP pool is too low for Network Card 0: available (0) < ENI target (1) * addrsPerENI (16)"}
{"level":"debug","ts":"2026-10-05T08:39:45.873Z","caller":"ipamd/ipamd.go:2689","msg":"Prefix pool stats for network card 0: Total IPs/Prefixes = 0/0, AssignedIPs/CooldownIPs: 0/0, c.maxIPsPerENI = 80"}
{"level":"debug","ts":"2026-10-05T08:39:45.873Z","caller":"ipamd/ipamd.go:795","msg":"IP stats for Network Card 0 - total IPs: 0, assigned IPs: 0, cooldown IPs: 0"}
{"level":"debug","ts":"2026-10-05T08:39:45.873Z","caller":"ipamd/ipamd.go:813","msg":"Starting to increase pool size for network card 0"}
{"level":"debug","ts":"2026-10-05T08:39:45.873Z","caller":"ipamd/ipamd.go:966","msg":"Node found \"ip-10-20-0-61.ec2.internal\" - no of taints - 0"}
{"level":"debug","ts":"2026-10-05T08:39:45.873Z","caller":"ipamd/ipamd.go:2758","msg":"Prefix target is 1, short of 1 prefixes, free 0 prefixes"}
{"level":"debug","ts":"2026-10-05T08:39:45.873Z","caller":"ipamd/ipamd.go:1248","msg":"ToAllocate: 1, Network Card 0"}
{"level":"debug","ts":"2026-10-05T08:39:45.873Z","caller":"ipamd/ipamd.go:1251","msg":"Found ENI eni-EXAMPLE22 that has less than the maximum number of IP/Prefixes addresses allocated: cur=0, max=5"}
{"level":"info","ts":"2026-10-05T08:39:45.873Z","caller":"ipamd/ipamd.go:1255","msg":"Trying to allocate 1 IP addresses on ENI eni-EXAMPLE22"}
{"level":"debug","ts":"2026-10-05T08:39:45.873Z","caller":"ipamd/ipamd.go:1255","msg":"PD enabled - true"}
{"level":"debug","ts":"2026-10-05T08:39:46.333Z","caller":"awsutils/awsutils.go:2174","msg":"checkAPIErrorAndBroadcastEvent resulted in operation error EC2: AssignPrivateIpAddresses, https response error StatusCode: 400, RequestID: fd41bb4a-5040-4c09-8b2e-363f5a262246, api error InsufficientCidrBlocks: The specified subnet does not have enough free cidr blocks to satisfy the request."}
{"level":"error","ts":"2026-10-05T08:39:46.333Z","caller":"ipamd/ipamd.go:1255","msg":"Failed to allocate a private IP/Prefix addresses on ENI eni-EXAMPLE22: operation error EC2: AssignPrivateIpAddresses, https response error StatusCode: 400, RequestID: fd41bb4a-5040-4c09-8b2e-363f5a262246, api error InsufficientCidrBlocks: The specified subnet does not have enough free cidr blocks to satisfy the request."}
{"level":"debug","ts":"2026-10-05T08:39:46.333Z","caller":"ipamd/ipamd.go:1256","msg":"containsPrivateIPAddressLimitExceededError encountered operation error EC2: AssignPrivateIpAddresses, https response error StatusCode: 400, RequestID: fd41bb4a-5040-4c09-8b2e-363f5a262246, api error InsufficientCidrBlocks: The specified subnet does not have enough free cidr blocks to satisfy the request."}
{"level":"warn","ts":"2026-10-05T08:39:46.333Z","caller":"ipamd/ipamd.go:1113","msg":"failed to allocate all available IPv4 Prefixes on ENI eni-EXAMPLE22, err: operation error EC2: AssignPrivateIpAddresses, https response error StatusCode: 400, RequestID: fd41bb4a-5040-4c09-8b2e-363f5a262246, api error InsufficientCidrBlocks: The specified subnet does not have enough free cidr blocks to satisfy the request."}
{"level":"info","ts":"2026-10-05T08:39:46.333Z","caller":"ipamd/ipamd.go:1259","msg":"Trying to allocate 1 IP addresses on ENI eni-EXAMPLE22"}
{"level":"debug","ts":"2026-10-05T08:39:46.333Z","caller":"ipamd/ipamd.go:1259","msg":"PD enabled - true"}
{"level":"debug","ts":"2026-10-05T08:39:46.743Z","caller":"awsutils/awsutils.go:2174","msg":"checkAPIErrorAndBroadcastEvent resulted in operation error EC2: AssignPrivateIpAddresses, https response error StatusCode: 400, RequestID: ce26ea3c-403d-45ab-986f-b9dadc029fdc, api error InsufficientCidrBlocks: The specified subnet does not have enough free cidr blocks to satisfy the request."}
{"level":"error","ts":"2026-10-05T08:39:46.743Z","caller":"ipamd/ipamd.go:1259","msg":"Failed to allocate a private IP/Prefix addresses on ENI eni-EXAMPLE22: operation error EC2: AssignPrivateIpAddresses, https response error StatusCode: 400, RequestID: ce26ea3c-403d-45ab-986f-b9dadc029fdc, api error InsufficientCidrBlocks: The specified subnet does not have enough free cidr blocks to satisfy the request."}
{"level":"debug","ts":"2026-10-05T08:39:46.743Z","caller":"ipamd/ipamd.go:1260","msg":"containsPrivateIPAddressLimitExceededError encountered operation error EC2: AssignPrivateIpAddresses, https response error StatusCode: 400, RequestID: ce26ea3c-403d-45ab-986f-b9dadc029fdc, api error InsufficientCidrBlocks: The specified subnet does not have enough free cidr blocks to satisfy the request."}
{"level":"debug","ts":"2026-10-05T08:39:46.743Z","caller":"ipamd/ipamd.go:1262","msg":"containsInsufficientCIDRsOrSubnetIPs encountered operation error EC2: AssignPrivateIpAddresses, https response error StatusCode: 400, RequestID: ce26ea3c-403d-45ab-986f-b9dadc029fdc, api error InsufficientCidrBlocks: The specified subnet does not have enough free cidr blocks to satisfy the request."}
{"level":"debug","ts":"2026-10-05T08:39:46.743Z","caller":"ipamd/ipamd.go:1262","msg":"Insufficient IP Addresses due to: InsufficientCidrBlocks\n"}
{"level":"debug","ts":"2026-10-05T08:39:46.743Z","caller":"ipamd/ipamd.go:1003","msg":"hasRoomForEni: networkCard=0, currentENIs=1, currentUsableENIs=1, maxENI=3, unmanagedENI=0, trunkEni=0, excludedENI=0, hasRoom=true"}
{"level":"debug","ts":"2026-10-05T08:39:46.743Z","caller":"ipamd/ipamd.go:2758","msg":"Prefix target is 1, short of 1 prefixes, free 0 prefixes"}
{"level":"debug","ts":"2026-10-05T08:39:46.743Z","caller":"ipamd/ipamd.go:2595","msg":"ToAllocate: 1, Network Card 0"}
{"level":"info","ts":"2026-10-05T08:39:46.743Z","caller":"awsutils/awsutils.go:1044","msg":"Trying to allocate 1 IP addresses on new ENI"}
{"level":"debug","ts":"2026-10-05T08:39:46.743Z","caller":"awsutils/awsutils.go:1044","msg":"PD enabled - true"}
{"level":"debug","ts":"2026-10-05T08:39:46.970Z","caller":"awsutils/awsutils.go:1272","msg":"Primary subnet subnet-EXAMPLE1 has no kubernetes.io/role/cni tag, including it for ENI creation (backwards compatibility)"}
{"level":"info","ts":"2026-10-05T08:39:46.970Z","caller":"awsutils/awsutils.go:1044","msg":"Creating ENI with security groups: [sg-EXAMPLE1] in subnet: subnet-EXAMPLE1"}
{"level":"debug","ts":"2026-10-05T08:39:47.220Z","caller":"awsutils/awsutils.go:1449","msg":"checkAPIErrorAndBroadcastEvent resulted in operation error EC2: CreateNetworkInterface, https response error StatusCode: 400, RequestID: 46f6a93d-c766-4f64-b04d-0f039da2e1fe, api error InvalidParameterValue: There aren't sufficient free Ipv4 addresses or prefixes"}
{"level":"error","ts":"2026-10-05T08:39:47.220Z","caller":"awsutils/awsutils.go:1285","msg":"Failed to CreateNetworkInterface operation error EC2: CreateNetworkInterface, https response error StatusCode: 400, RequestID: 46f6a93d-c766-4f64-b04d-0f039da2e1fe, api error InvalidParameterValue: There aren't sufficient free Ipv4 addresses or prefixes for subnet subnet-EXAMPLE1"}
{"level":"debug","ts":"2026-10-05T08:39:47.220Z","caller":"awsutils/awsutils.go:1272","msg":"Subnet subnet-EXAMPLE2 has no kubernetes.io/role/cni tag, excluding it from ENI creation"}
{"level":"error","ts":"2026-10-05T08:39:47.220Z","caller":"ipamd/ipamd.go:1004","msg":"Failed to increase pool size due to not able to allocate ENI AllocENI: failed to create ENI: failed to create network interface: operation error EC2: CreateNetworkInterface, https response error StatusCode: 400, RequestID: 46f6a93d-c766-4f64-b04d-0f039da2e1fe, api error InvalidParameterValue: There aren't sufficient free Ipv4 addresses or prefixes"}
{"level":"warn","ts":"2026-10-05T08:39:47.220Z","caller":"ipamd/ipamd.go:1004","msg":"Failed to allocate 1 IP addresses on an ENI: AllocENI: failed to create ENI: failed to create network interface: operation error EC2: CreateNetworkInterface, https response error StatusCode: 400, RequestID: 46f6a93d-c766-4f64-b04d-0f039da2e1fe, api error InvalidParameterValue: There aren't sufficient free Ipv4 addresses or prefixes"}
{"level":"debug","ts":"2026-10-05T08:39:47.220Z","caller":"ipamd/ipamd.go:1082","msg":"containsInsufficientCIDRsOrSubnetIPs encountered AllocENI: failed to create ENI: failed to create network interface: operation error EC2: CreateNetworkInterface, https response error StatusCode: 400, RequestID: 46f6a93d-c766-4f64-b04d-0f039da2e1fe, api error InvalidParameterValue: There aren't sufficient free Ipv4 addresses or prefixes"}
{"level":"debug","ts":"2026-10-05T08:39:47.220Z","caller":"ipamd/ipamd.go:1082","msg":"Insufficient IP Addresses due to: InvalidParameterValue\n"}
{"level":"debug","ts":"2026-10-05T08:39:47.220Z","caller":"ipamd/ipamd.go:813","msg":"Error trying to allocate ENI: AllocENI: failed to create ENI: failed to create network interface: operation error EC2: CreateNetworkInterface, https response error StatusCode: 400, RequestID: 46f6a93d-c766-4f64-b04d-0f039da2e1fe, api error InvalidParameterValue: There aren't sufficient free Ipv4 addresses or prefixes"}
{"level":"debug","ts":"2026-10-05T08:39:47.220Z","caller":"ipamd/ipamd.go:1548","msg":"ENI eni-EXAMPLE22 cannot be deleted because it is primary"}
{"level":"debug","ts":"2026-10-05T08:39:49.721Z","caller":"ipamd/ipamd.go:798","msg":"Reconciling ENI/IP pool info because time since last 1m3.530624024s > 1m0s"}
{"level":"debug","ts":"2026-10-05T08:39:49.722Z","caller":"ipamd/ipamd.go:1621","msg":"Total number of interfaces found: 1 "}
{"level":"debug","ts":"2026-10-05T08:39:49.723Z","caller":"awsutils/awsutils.go:787","msg":"Found ENI MAC address: 0a:ff:ec:23:fa:99"}
{"level":"debug","ts":"2026-10-05T08:39:49.727Z","caller":"awsutils/awsutils.go:787","msg":"Found ENI: eni-EXAMPLE22, MAC 0a:ff:ec:23:fa:99, device 0"}
{"level":"debug","ts":"2026-10-05T08:39:49.730Z","caller":"awsutils/awsutils.go:787","msg":"Found IPv4 addresses associated with interface. This is not efa-only interface"}
{"level":"debug","ts":"2026-10-05T08:39:49.736Z","caller":"ipamd/ipamd.go:798","msg":"Reconcile existing ENI eni-EXAMPLE22 IP pool"}
{"level":"info","ts":"2026-10-05T08:39:49.736Z","caller":"ipamd/ipamd.go:1766","msg":"Reconcile and skip primary IP 10.20.0.61 on ENI eni-EXAMPLE22"}
{"level":"debug","ts":"2026-10-05T08:39:49.736Z","caller":"ipamd/ipamd.go:798","msg":"Reconcile existing ENI eni-EXAMPLE22 IP prefixes"}
{"level":"debug","ts":"2026-10-05T08:39:49.736Z","caller":"ipamd/ipamd.go:1693","msg":"Found prefix pool count 0 for eni eni-EXAMPLE22\n"}
{"level":"debug","ts":"2026-10-05T08:39:49.736Z","caller":"ipamd/ipamd.go:798","msg":"Successfully Reconciled ENI/IP pool"}
{"level":"debug","ts":"2026-10-05T08:39:49.736Z","caller":"ipamd/ipamd.go:1738","msg":"Prefix pool stats for network card 0: Total IPs/Prefixes = 0/0, AssignedIPs/CooldownIPs: 0/0, c.maxIPsPerENI = 80"}
{"level":"debug","ts":"2026-10-05T08:39:49.736Z","caller":"ipamd/ipamd.go:798","msg":"Primary IP for ENI eni-EXAMPLE22 is 10.20.0.61"}
{"level":"debug","ts":"2026-10-05T08:39:52.237Z","caller":"ipamd/ipamd.go:809","msg":"IP pool is too low for Network Card 0: available (0) < ENI target (1) * addrsPerENI (16)"}
{"level":"debug","ts":"2026-10-05T08:39:52.237Z","caller":"ipamd/ipamd.go:2689","msg":"Prefix pool stats for network card 0: Total IPs/Prefixes = 0/0, AssignedIPs/CooldownIPs: 0/0, c.maxIPsPerENI = 80"}
{"level":"debug","ts":"2026-10-05T08:39:52.237Z","caller":"ipamd/ipamd.go:795","msg":"IP stats for Network Card 0 - total IPs: 0, assigned IPs: 0, cooldown IPs: 0"}
{"level":"debug","ts":"2026-10-05T08:39:52.237Z","caller":"ipamd/ipamd.go:813","msg":"Starting to increase pool size for network card 0"}
{"level":"debug","ts":"2026-10-05T08:39:52.237Z","caller":"ipamd/ipamd.go:966","msg":"Node found \"ip-10-20-0-61.ec2.internal\" - no of taints - 0"}
{"level":"debug","ts":"2026-10-05T08:39:52.237Z","caller":"ipamd/ipamd.go:2758","msg":"Prefix target is 1, short of 1 prefixes, free 0 prefixes"}
{"level":"debug","ts":"2026-10-05T08:39:52.237Z","caller":"ipamd/ipamd.go:1248","msg":"ToAllocate: 1, Network Card 0"}
{"level":"debug","ts":"2026-10-05T08:39:52.237Z","caller":"ipamd/ipamd.go:1251","msg":"Found ENI eni-EXAMPLE22 that has less than the maximum number of IP/Prefixes addresses allocated: cur=0, max=5"}
{"level":"info","ts":"2026-10-05T08:39:52.237Z","caller":"ipamd/ipamd.go:1255","msg":"Trying to allocate 1 IP addresses on ENI eni-EXAMPLE22"}
{"level":"debug","ts":"2026-10-05T08:39:52.237Z","caller":"ipamd/ipamd.go:1255","msg":"PD enabled - true"}
{"level":"debug","ts":"2026-10-05T08:39:52.652Z","caller":"awsutils/awsutils.go:2174","msg":"checkAPIErrorAndBroadcastEvent resulted in operation error EC2: AssignPrivateIpAddresses, https response error StatusCode: 400, RequestID: 5a0eb330-9e0b-49c1-80d4-e1182c25a37e, api error InsufficientCidrBlocks: The specified subnet does not have enough free cidr blocks to satisfy the request."}
{"level":"error","ts":"2026-10-05T08:39:52.652Z","caller":"ipamd/ipamd.go:1255","msg":"Failed to allocate a private IP/Prefix addresses on ENI eni-EXAMPLE22: operation error EC2: AssignPrivateIpAddresses, https response error StatusCode: 400, RequestID: 5a0eb330-9e0b-49c1-80d4-e1182c25a37e, api error InsufficientCidrBlocks: The specified subnet does not have enough free cidr blocks to satisfy the request."}
{"level":"debug","ts":"2026-10-05T08:39:52.652Z","caller":"ipamd/ipamd.go:1256","msg":"containsPrivateIPAddressLimitExceededError encountered operation error EC2: AssignPrivateIpAddresses, https response error StatusCode: 400, RequestID: 5a0eb330-9e0b-49c1-80d4-e1182c25a37e, api error InsufficientCidrBlocks: The specified subnet does not have enough free cidr blocks to satisfy the request."}
{"level":"warn","ts":"2026-10-05T08:39:52.652Z","caller":"ipamd/ipamd.go:1113","msg":"failed to allocate all available IPv4 Prefixes on ENI eni-EXAMPLE22, err: operation error EC2: AssignPrivateIpAddresses, https response error StatusCode: 400, RequestID: 5a0eb330-9e0b-49c1-80d4-e1182c25a37e, api error InsufficientCidrBlocks: The specified subnet does not have enough free cidr blocks to satisfy the request."}
{"level":"info","ts":"2026-10-05T08:39:52.652Z","caller":"ipamd/ipamd.go:1259","msg":"Trying to allocate 1 IP addresses on ENI eni-EXAMPLE22"}
{"level":"debug","ts":"2026-10-05T08:39:52.652Z","caller":"ipamd/ipamd.go:1259","msg":"PD enabled - true"}
{"level":"debug","ts":"2026-10-05T08:39:53.119Z","caller":"awsutils/awsutils.go:2174","msg":"checkAPIErrorAndBroadcastEvent resulted in operation error EC2: AssignPrivateIpAddresses, https response error StatusCode: 400, RequestID: 1a98b2c5-a6d2-4b3d-a041-f9f42c0acfef, api error InsufficientCidrBlocks: The specified subnet does not have enough free cidr blocks to satisfy the request."}
{"level":"error","ts":"2026-10-05T08:39:53.119Z","caller":"ipamd/ipamd.go:1259","msg":"Failed to allocate a private IP/Prefix addresses on ENI eni-EXAMPLE22: operation error EC2: AssignPrivateIpAddresses, https response error StatusCode: 400, RequestID: 1a98b2c5-a6d2-4b3d-a041-f9f42c0acfef, api error InsufficientCidrBlocks: The specified subnet does not have enough free cidr blocks to satisfy the request."}
{"level":"debug","ts":"2026-10-05T08:39:53.119Z","caller":"ipamd/ipamd.go:1260","msg":"containsPrivateIPAddressLimitExceededError encountered operation error EC2: AssignPrivateIpAddresses, https response error StatusCode: 400, RequestID: 1a98b2c5-a6d2-4b3d-a041-f9f42c0acfef, api error InsufficientCidrBlocks: The specified subnet does not have enough free cidr blocks to satisfy the request."}
{"level":"debug","ts":"2026-10-05T08:39:53.119Z","caller":"ipamd/ipamd.go:1262","msg":"containsInsufficientCIDRsOrSubnetIPs encountered operation error EC2: AssignPrivateIpAddresses, https response error StatusCode: 400, RequestID: 1a98b2c5-a6d2-4b3d-a041-f9f42c0acfef, api error InsufficientCidrBlocks: The specified subnet does not have enough free cidr blocks to satisfy the request."}
{"level":"debug","ts":"2026-10-05T08:39:53.119Z","caller":"ipamd/ipamd.go:1262","msg":"Insufficient IP Addresses due to: InsufficientCidrBlocks\n"}
{"level":"debug","ts":"2026-10-05T08:39:53.119Z","caller":"ipamd/ipamd.go:1003","msg":"hasRoomForEni: networkCard=0, currentENIs=1, currentUsableENIs=1, maxENI=3, unmanagedENI=0, trunkEni=0, excludedENI=0, hasRoom=true"}
{"level":"debug","ts":"2026-10-05T08:39:53.119Z","caller":"ipamd/ipamd.go:2758","msg":"Prefix target is 1, short of 1 prefixes, free 0 prefixes"}
{"level":"debug","ts":"2026-10-05T08:39:53.119Z","caller":"ipamd/ipamd.go:2595","msg":"ToAllocate: 1, Network Card 0"}
{"level":"info","ts":"2026-10-05T08:39:53.119Z","caller":"awsutils/awsutils.go:1044","msg":"Trying to allocate 1 IP addresses on new ENI"}
{"level":"debug","ts":"2026-10-05T08:39:53.119Z","caller":"awsutils/awsutils.go:1044","msg":"PD enabled - true"}
{"level":"debug","ts":"2026-10-05T08:39:53.355Z","caller":"awsutils/awsutils.go:1272","msg":"Primary subnet subnet-EXAMPLE1 has no kubernetes.io/role/cni tag, including it for ENI creation (backwards compatibility)"}
{"level":"info","ts":"2026-10-05T08:39:53.355Z","caller":"awsutils/awsutils.go:1044","msg":"Creating ENI with security groups: [sg-EXAMPLE1] in subnet: subnet-EXAMPLE1"}
{"level":"debug","ts":"2026-10-05T08:39:53.558Z","caller":"awsutils/awsutils.go:1449","msg":"checkAPIErrorAndBroadcastEvent resulted in operation error EC2: CreateNetworkInterface, https response error StatusCode: 400, RequestID: 184a349b-bec9-4192-a08e-6ce438d43c03, api error InvalidParameterValue: There aren't sufficient free Ipv4 addresses or prefixes"}
{"level":"error","ts":"2026-10-05T08:39:53.558Z","caller":"awsutils/awsutils.go:1285","msg":"Failed to CreateNetworkInterface operation error EC2: CreateNetworkInterface, https response error StatusCode: 400, RequestID: 184a349b-bec9-4192-a08e-6ce438d43c03, api error InvalidParameterValue: There aren't sufficient free Ipv4 addresses or prefixes for subnet subnet-EXAMPLE1"}
{"level":"debug","ts":"2026-10-05T08:39:53.558Z","caller":"awsutils/awsutils.go:1272","msg":"Subnet subnet-EXAMPLE2 has no kubernetes.io/role/cni tag, excluding it from ENI creation"}
{"level":"error","ts":"2026-10-05T08:39:53.558Z","caller":"ipamd/ipamd.go:1004","msg":"Failed to increase pool size due to not able to allocate ENI AllocENI: failed to create ENI: failed to create network interface: operation error EC2: CreateNetworkInterface, https response error StatusCode: 400, RequestID: 184a349b-bec9-4192-a08e-6ce438d43c03, api error InvalidParameterValue: There aren't sufficient free Ipv4 addresses or prefixes"}
{"level":"warn","ts":"2026-10-05T08:39:53.558Z","caller":"ipamd/ipamd.go:1004","msg":"Failed to allocate 1 IP addresses on an ENI: AllocENI: failed to create ENI: failed to create network interface: operation error EC2: CreateNetworkInterface, https response error StatusCode: 400, RequestID: 184a349b-bec9-4192-a08e-6ce438d43c03, api error InvalidParameterValue: There aren't sufficient free Ipv4 addresses or prefixes"}
{"level":"debug","ts":"2026-10-05T08:39:53.558Z","caller":"ipamd/ipamd.go:1082","msg":"containsInsufficientCIDRsOrSubnetIPs encountered AllocENI: failed to create ENI: failed to create network interface: operation error EC2: CreateNetworkInterface, https response error StatusCode: 400, RequestID: 184a349b-bec9-4192-a08e-6ce438d43c03, api error InvalidParameterValue: There aren't sufficient free Ipv4 addresses or prefixes"}
{"level":"debug","ts":"2026-10-05T08:39:53.558Z","caller":"ipamd/ipamd.go:1082","msg":"Insufficient IP Addresses due to: InvalidParameterValue\n"}
{"level":"debug","ts":"2026-10-05T08:39:53.558Z","caller":"ipamd/ipamd.go:813","msg":"Error trying to allocate ENI: AllocENI: failed to create ENI: failed to create network interface: operation error EC2: CreateNetworkInterface, https response error StatusCode: 400, RequestID: 184a349b-bec9-4192-a08e-6ce438d43c03, api error InvalidParameterValue: There aren't sufficient free Ipv4 addresses or prefixes"}
{"level":"debug","ts":"2026-10-05T08:39:53.558Z","caller":"ipamd/ipamd.go:1548","msg":"ENI eni-EXAMPLE22 cannot be deleted because it is primary"}
{"level":"debug","ts":"2026-10-05T08:39:58.560Z","caller":"ipamd/ipamd.go:809","msg":"IP pool is too low for Network Card 0: available (0) < ENI target (1) * addrsPerENI (16)"}
{"level":"debug","ts":"2026-10-05T08:39:58.560Z","caller":"ipamd/ipamd.go:2689","msg":"Prefix pool stats for network card 0: Total IPs/Prefixes = 0/0, AssignedIPs/CooldownIPs: 0/0, c.maxIPsPerENI = 80"}
{"level":"debug","ts":"2026-10-05T08:39:58.560Z","caller":"ipamd/ipamd.go:795","msg":"IP stats for Network Card 0 - total IPs: 0, assigned IPs: 0, cooldown IPs: 0"}
{"level":"debug","ts":"2026-10-05T08:39:58.560Z","caller":"ipamd/ipamd.go:813","msg":"Starting to increase pool size for network card 0"}
{"level":"debug","ts":"2026-10-05T08:39:58.560Z","caller":"ipamd/ipamd.go:966","msg":"Node found \"ip-10-20-0-61.ec2.internal\" - no of taints - 0"}
{"level":"debug","ts":"2026-10-05T08:39:58.560Z","caller":"ipamd/ipamd.go:2758","msg":"Prefix target is 1, short of 1 prefixes, free 0 prefixes"}
{"level":"debug","ts":"2026-10-05T08:39:58.560Z","caller":"ipamd/ipamd.go:1248","msg":"ToAllocate: 1, Network Card 0"}
{"level":"debug","ts":"2026-10-05T08:39:58.560Z","caller":"ipamd/ipamd.go:1251","msg":"Found ENI eni-EXAMPLE22 that has less than the maximum number of IP/Prefixes addresses allocated: cur=0, max=5"}
{"level":"info","ts":"2026-10-05T08:39:58.560Z","caller":"ipamd/ipamd.go:1255","msg":"Trying to allocate 1 IP addresses on ENI eni-EXAMPLE22"}
{"level":"debug","ts":"2026-10-05T08:39:58.560Z","caller":"ipamd/ipamd.go:1255","msg":"PD enabled - true"}
{"level":"debug","ts":"2026-10-05T08:39:58.949Z","caller":"awsutils/awsutils.go:2174","msg":"checkAPIErrorAndBroadcastEvent resulted in operation error EC2: AssignPrivateIpAddresses, https response error StatusCode: 400, RequestID: be798955-8557-4ca7-a676-8a208b0ffe1e, api error InsufficientCidrBlocks: The specified subnet does not have enough free cidr blocks to satisfy the request."}
{"level":"error","ts":"2026-10-05T08:39:58.949Z","caller":"ipamd/ipamd.go:1255","msg":"Failed to allocate a private IP/Prefix addresses on ENI eni-EXAMPLE22: operation error EC2: AssignPrivateIpAddresses, https response error StatusCode: 400, RequestID: be798955-8557-4ca7-a676-8a208b0ffe1e, api error InsufficientCidrBlocks: The specified subnet does not have enough free cidr blocks to satisfy the request."}
{"level":"debug","ts":"2026-10-05T08:39:58.949Z","caller":"ipamd/ipamd.go:1256","msg":"containsPrivateIPAddressLimitExceededError encountered operation error EC2: AssignPrivateIpAddresses, https response error StatusCode: 400, RequestID: be798955-8557-4ca7-a676-8a208b0ffe1e, api error InsufficientCidrBlocks: The specified subnet does not have enough free cidr blocks to satisfy the request."}
{"level":"warn","ts":"2026-10-05T08:39:58.949Z","caller":"ipamd/ipamd.go:1113","msg":"failed to allocate all available IPv4 Prefixes on ENI eni-EXAMPLE22, err: operation error EC2: AssignPrivateIpAddresses, https response error StatusCode: 400, RequestID: be798955-8557-4ca7-a676-8a208b0ffe1e, api error InsufficientCidrBlocks: The specified subnet does not have enough free cidr blocks to satisfy the request."}
{"level":"info","ts":"2026-10-05T08:39:58.949Z","caller":"ipamd/ipamd.go:1259","msg":"Trying to allocate 1 IP addresses on ENI eni-EXAMPLE22"}
{"level":"debug","ts":"2026-10-05T08:39:58.949Z","caller":"ipamd/ipamd.go:1259","msg":"PD enabled - true"}
{"level":"debug","ts":"2026-10-05T08:39:59.392Z","caller":"awsutils/awsutils.go:2174","msg":"checkAPIErrorAndBroadcastEvent resulted in operation error EC2: AssignPrivateIpAddresses, https response error StatusCode: 400, RequestID: 01961588-7bc7-47fb-b648-d9d2828f2032, api error InsufficientCidrBlocks: The specified subnet does not have enough free cidr blocks to satisfy the request."}
{"level":"error","ts":"2026-10-05T08:39:59.392Z","caller":"ipamd/ipamd.go:1259","msg":"Failed to allocate a private IP/Prefix addresses on ENI eni-EXAMPLE22: operation error EC2: AssignPrivateIpAddresses, https response error StatusCode: 400, RequestID: 01961588-7bc7-47fb-b648-d9d2828f2032, api error InsufficientCidrBlocks: The specified subnet does not have enough free cidr blocks to satisfy the request."}
{"level":"debug","ts":"2026-10-05T08:39:59.392Z","caller":"ipamd/ipamd.go:1260","msg":"containsPrivateIPAddressLimitExceededError encountered operation error EC2: AssignPrivateIpAddresses, https response error StatusCode: 400, RequestID: 01961588-7bc7-47fb-b648-d9d2828f2032, api error InsufficientCidrBlocks: The specified subnet does not have enough free cidr blocks to satisfy the request."}
{"level":"debug","ts":"2026-10-05T08:39:59.392Z","caller":"ipamd/ipamd.go:1262","msg":"containsInsufficientCIDRsOrSubnetIPs encountered operation error EC2: AssignPrivateIpAddresses, https response error StatusCode: 400, RequestID: 01961588-7bc7-47fb-b648-d9d2828f2032, api error InsufficientCidrBlocks: The specified subnet does not have enough free cidr blocks to satisfy the request."}
{"level":"debug","ts":"2026-10-05T08:39:59.392Z","caller":"ipamd/ipamd.go:1262","msg":"Insufficient IP Addresses due to: InsufficientCidrBlocks\n"}
{"level":"debug","ts":"2026-10-05T08:39:59.392Z","caller":"ipamd/ipamd.go:1003","msg":"hasRoomForEni: networkCard=0, currentENIs=1, currentUsableENIs=1, maxENI=3, unmanagedENI=0, trunkEni=0, excludedENI=0, hasRoom=true"}
{"level":"debug","ts":"2026-10-05T08:39:59.392Z","caller":"ipamd/ipamd.go:2758","msg":"Prefix target is 1, short of 1 prefixes, free 0 prefixes"}
{"level":"debug","ts":"2026-10-05T08:39:59.392Z","caller":"ipamd/ipamd.go:2595","msg":"ToAllocate: 1, Network Card 0"}
{"level":"info","ts":"2026-10-05T08:39:59.392Z","caller":"awsutils/awsutils.go:1044","msg":"Trying to allocate 1 IP addresses on new ENI"}
{"level":"debug","ts":"2026-10-05T08:39:59.392Z","caller":"awsutils/awsutils.go:1044","msg":"PD enabled - true"}
{"level":"debug","ts":"2026-10-05T08:39:59.641Z","caller":"awsutils/awsutils.go:1272","msg":"Primary subnet subnet-EXAMPLE1 has no kubernetes.io/role/cni tag, including it for ENI creation (backwards compatibility)"}
{"level":"info","ts":"2026-10-05T08:39:59.641Z","caller":"awsutils/awsutils.go:1044","msg":"Creating ENI with security groups: [sg-EXAMPLE1] in subnet: subnet-EXAMPLE1"}
{"level":"debug","ts":"2026-10-05T08:39:59.890Z","caller":"awsutils/awsutils.go:1449","msg":"checkAPIErrorAndBroadcastEvent resulted in operation error EC2: CreateNetworkInterface, https response error StatusCode: 400, RequestID: fb60c1b5-f291-4b5a-8996-0b3fa3cad81a, api error InvalidParameterValue: There aren't sufficient free Ipv4 addresses or prefixes"}
{"level":"error","ts":"2026-10-05T08:39:59.891Z","caller":"awsutils/awsutils.go:1285","msg":"Failed to CreateNetworkInterface operation error EC2: CreateNetworkInterface, https response error StatusCode: 400, RequestID: fb60c1b5-f291-4b5a-8996-0b3fa3cad81a, api error InvalidParameterValue: There aren't sufficient free Ipv4 addresses or prefixes for subnet subnet-EXAMPLE1"}
{"level":"debug","ts":"2026-10-05T08:39:59.891Z","caller":"awsutils/awsutils.go:1272","msg":"Subnet subnet-EXAMPLE2 has no kubernetes.io/role/cni tag, excluding it from ENI creation"}
{"level":"error","ts":"2026-10-05T08:39:59.891Z","caller":"ipamd/ipamd.go:1004","msg":"Failed to increase pool size due to not able to allocate ENI AllocENI: failed to create ENI: failed to create network interface: operation error EC2: CreateNetworkInterface, https response error StatusCode: 400, RequestID: fb60c1b5-f291-4b5a-8996-0b3fa3cad81a, api error InvalidParameterValue: There aren't sufficient free Ipv4 addresses or prefixes"}
{"level":"warn","ts":"2026-10-05T08:39:59.891Z","caller":"ipamd/ipamd.go:1004","msg":"Failed to allocate 1 IP addresses on an ENI: AllocENI: failed to create ENI: failed to create network interface: operation error EC2: CreateNetworkInterface, https response error StatusCode: 400, RequestID: fb60c1b5-f291-4b5a-8996-0b3fa3cad81a, api error InvalidParameterValue: There aren't sufficient free Ipv4 addresses or prefixes"}
{"level":"debug","ts":"2026-10-05T08:39:59.891Z","caller":"ipamd/ipamd.go:1082","msg":"containsInsufficientCIDRsOrSubnetIPs encountered AllocENI: failed to create ENI: failed to create network interface: operation error EC2: CreateNetworkInterface, https response error StatusCode: 400, RequestID: fb60c1b5-f291-4b5a-8996-0b3fa3cad81a, api error InvalidParameterValue: There aren't sufficient free Ipv4 addresses or prefixes"}
{"level":"debug","ts":"2026-10-05T08:39:59.891Z","caller":"ipamd/ipamd.go:1082","msg":"Insufficient IP Addresses due to: InvalidParameterValue\n"}
{"level":"debug","ts":"2026-10-05T08:39:59.891Z","caller":"ipamd/ipamd.go:813","msg":"Error trying to allocate ENI: AllocENI: failed to create ENI: failed to create network interface: operation error EC2: CreateNetworkInterface, https response error StatusCode: 400, RequestID: fb60c1b5-f291-4b5a-8996-0b3fa3cad81a, api error InvalidParameterValue: There aren't sufficient free Ipv4 addresses or prefixes"}
{"level":"debug","ts":"2026-10-05T08:39:59.891Z","caller":"ipamd/ipamd.go:1548","msg":"ENI eni-EXAMPLE22 cannot be deleted because it is primary"}
{"level":"debug","ts":"2026-10-05T08:40:04.893Z","caller":"ipamd/ipamd.go:809","msg":"IP pool is too low for Network Card 0: available (0) < ENI target (1) * addrsPerENI (16)"}
{"level":"debug","ts":"2026-10-05T08:40:04.893Z","caller":"ipamd/ipamd.go:2689","msg":"Prefix pool stats for network card 0: Total IPs/Prefixes = 0/0, AssignedIPs/CooldownIPs: 0/0, c.maxIPsPerENI = 80"}
{"level":"debug","ts":"2026-10-05T08:40:04.893Z","caller":"ipamd/ipamd.go:795","msg":"IP stats for Network Card 0 - total IPs: 0, assigned IPs: 0, cooldown IPs: 0"}
{"level":"debug","ts":"2026-10-05T08:40:04.893Z","caller":"ipamd/ipamd.go:813","msg":"Starting to increase pool size for network card 0"}
{"level":"debug","ts":"2026-10-05T08:40:04.893Z","caller":"ipamd/ipamd.go:966","msg":"Node found \"ip-10-20-0-61.ec2.internal\" - no of taints - 0"}
{"level":"debug","ts":"2026-10-05T08:40:04.893Z","caller":"ipamd/ipamd.go:2758","msg":"Prefix target is 1, short of 1 prefixes, free 0 prefixes"}
{"level":"debug","ts":"2026-10-05T08:40:04.893Z","caller":"ipamd/ipamd.go:1248","msg":"ToAllocate: 1, Network Card 0"}
{"level":"debug","ts":"2026-10-05T08:40:04.893Z","caller":"ipamd/ipamd.go:1251","msg":"Found ENI eni-EXAMPLE22 that has less than the maximum number of IP/Prefixes addresses allocated: cur=0, max=5"}
{"level":"info","ts":"2026-10-05T08:40:04.893Z","caller":"ipamd/ipamd.go:1255","msg":"Trying to allocate 1 IP addresses on ENI eni-EXAMPLE22"}
{"level":"debug","ts":"2026-10-05T08:40:04.893Z","caller":"ipamd/ipamd.go:1255","msg":"PD enabled - true"}
{"level":"debug","ts":"2026-10-05T08:40:05.352Z","caller":"awsutils/awsutils.go:2174","msg":"checkAPIErrorAndBroadcastEvent resulted in operation error EC2: AssignPrivateIpAddresses, https response error StatusCode: 400, RequestID: 92acf4d4-87e5-4798-bb33-d6cab33af426, api error InsufficientCidrBlocks: The specified subnet does not have enough free cidr blocks to satisfy the request."}
{"level":"error","ts":"2026-10-05T08:40:05.352Z","caller":"ipamd/ipamd.go:1255","msg":"Failed to allocate a private IP/Prefix addresses on ENI eni-EXAMPLE22: operation error EC2: AssignPrivateIpAddresses, https response error StatusCode: 400, RequestID: 92acf4d4-87e5-4798-bb33-d6cab33af426, api error InsufficientCidrBlocks: The specified subnet does not have enough free cidr blocks to satisfy the request."}
{"level":"debug","ts":"2026-10-05T08:40:05.352Z","caller":"ipamd/ipamd.go:1256","msg":"containsPrivateIPAddressLimitExceededError encountered operation error EC2: AssignPrivateIpAddresses, https response error StatusCode: 400, RequestID: 92acf4d4-87e5-4798-bb33-d6cab33af426, api error InsufficientCidrBlocks: The specified subnet does not have enough free cidr blocks to satisfy the request."}
{"level":"warn","ts":"2026-10-05T08:40:05.352Z","caller":"ipamd/ipamd.go:1113","msg":"failed to allocate all available IPv4 Prefixes on ENI eni-EXAMPLE22, err: operation error EC2: AssignPrivateIpAddresses, https response error StatusCode: 400, RequestID: 92acf4d4-87e5-4798-bb33-d6cab33af426, api error InsufficientCidrBlocks: The specified subnet does not have enough free cidr blocks to satisfy the request."}
{"level":"info","ts":"2026-10-05T08:40:05.352Z","caller":"ipamd/ipamd.go:1259","msg":"Trying to allocate 1 IP addresses on ENI eni-EXAMPLE22"}
{"level":"debug","ts":"2026-10-05T08:40:05.352Z","caller":"ipamd/ipamd.go:1259","msg":"PD enabled - true"}
{"level":"debug","ts":"2026-10-05T08:40:05.734Z","caller":"awsutils/awsutils.go:2174","msg":"checkAPIErrorAndBroadcastEvent resulted in operation error EC2: AssignPrivateIpAddresses, https response error StatusCode: 400, RequestID: 84b8d5e4-4860-4644-ab76-d3855dc1129f, api error InsufficientCidrBlocks: The specified subnet does not have enough free cidr blocks to satisfy the request."}
{"level":"error","ts":"2026-10-05T08:40:05.734Z","caller":"ipamd/ipamd.go:1259","msg":"Failed to allocate a private IP/Prefix addresses on ENI eni-EXAMPLE22: operation error EC2: AssignPrivateIpAddresses, https response error StatusCode: 400, RequestID: 84b8d5e4-4860-4644-ab76-d3855dc1129f, api error InsufficientCidrBlocks: The specified subnet does not have enough free cidr blocks to satisfy the request."}
{"level":"debug","ts":"2026-10-05T08:40:05.734Z","caller":"ipamd/ipamd.go:1260","msg":"containsPrivateIPAddressLimitExceededError encountered operation error EC2: AssignPrivateIpAddresses, https response error StatusCode: 400, RequestID: 84b8d5e4-4860-4644-ab76-d3855dc1129f, api error InsufficientCidrBlocks: The specified subnet does not have enough free cidr blocks to satisfy the request."}
{"level":"debug","ts":"2026-10-05T08:40:05.734Z","caller":"ipamd/ipamd.go:1262","msg":"containsInsufficientCIDRsOrSubnetIPs encountered operation error EC2: AssignPrivateIpAddresses, https response error StatusCode: 400, RequestID: 84b8d5e4-4860-4644-ab76-d3855dc1129f, api error InsufficientCidrBlocks: The specified subnet does not have enough free cidr blocks to satisfy the request."}
{"level":"debug","ts":"2026-10-05T08:40:05.734Z","caller":"ipamd/ipamd.go:1262","msg":"Insufficient IP Addresses due to: InsufficientCidrBlocks\n"}
{"level":"debug","ts":"2026-10-05T08:40:05.734Z","caller":"ipamd/ipamd.go:1003","msg":"hasRoomForEni: networkCard=0, currentENIs=1, currentUsableENIs=1, maxENI=3, unmanagedENI=0, trunkEni=0, excludedENI=0, hasRoom=true"}
{"level":"debug","ts":"2026-10-05T08:40:05.734Z","caller":"ipamd/ipamd.go:2758","msg":"Prefix target is 1, short of 1 prefixes, free 0 prefixes"}
{"level":"debug","ts":"2026-10-05T08:40:05.734Z","caller":"ipamd/ipamd.go:2595","msg":"ToAllocate: 1, Network Card 0"}
{"level":"info","ts":"2026-10-05T08:40:05.734Z","caller":"awsutils/awsutils.go:1044","msg":"Trying to allocate 1 IP addresses on new ENI"}
{"level":"debug","ts":"2026-10-05T08:40:05.734Z","caller":"awsutils/awsutils.go:1044","msg":"PD enabled - true"}
{"level":"debug","ts":"2026-10-05T08:40:05.981Z","caller":"awsutils/awsutils.go:1272","msg":"Primary subnet subnet-EXAMPLE1 has no kubernetes.io/role/cni tag, including it for ENI creation (backwards compatibility)"}
{"level":"info","ts":"2026-10-05T08:40:05.981Z","caller":"awsutils/awsutils.go:1044","msg":"Creating ENI with security groups: [sg-EXAMPLE1] in subnet: subnet-EXAMPLE1"}
{"level":"debug","ts":"2026-10-05T08:40:06.207Z","caller":"awsutils/awsutils.go:1449","msg":"checkAPIErrorAndBroadcastEvent resulted in operation error EC2: CreateNetworkInterface, https response error StatusCode: 400, RequestID: 07d487bc-9b33-47db-b10a-cb447112bb46, api error InvalidParameterValue: There aren't sufficient free Ipv4 addresses or prefixes"}
{"level":"error","ts":"2026-10-05T08:40:06.207Z","caller":"awsutils/awsutils.go:1285","msg":"Failed to CreateNetworkInterface operation error EC2: CreateNetworkInterface, https response error StatusCode: 400, RequestID: 07d487bc-9b33-47db-b10a-cb447112bb46, api error InvalidParameterValue: There aren't sufficient free Ipv4 addresses or prefixes for subnet subnet-EXAMPLE1"}
{"level":"debug","ts":"2026-10-05T08:40:06.208Z","caller":"awsutils/awsutils.go:1272","msg":"Subnet subnet-EXAMPLE2 has no kubernetes.io/role/cni tag, excluding it from ENI creation"}
{"level":"error","ts":"2026-10-05T08:40:06.208Z","caller":"ipamd/ipamd.go:1004","msg":"Failed to increase pool size due to not able to allocate ENI AllocENI: failed to create ENI: failed to create network interface: operation error EC2: CreateNetworkInterface, https response error StatusCode: 400, RequestID: 07d487bc-9b33-47db-b10a-cb447112bb46, api error InvalidParameterValue: There aren't sufficient free Ipv4 addresses or prefixes"}
{"level":"warn","ts":"2026-10-05T08:40:06.208Z","caller":"ipamd/ipamd.go:1004","msg":"Failed to allocate 1 IP addresses on an ENI: AllocENI: failed to create ENI: failed to create network interface: operation error EC2: CreateNetworkInterface, https response error StatusCode: 400, RequestID: 07d487bc-9b33-47db-b10a-cb447112bb46, api error InvalidParameterValue: There aren't sufficient free Ipv4 addresses or prefixes"}
{"level":"debug","ts":"2026-10-05T08:40:06.208Z","caller":"ipamd/ipamd.go:1082","msg":"containsInsufficientCIDRsOrSubnetIPs encountered AllocENI: failed to create ENI: failed to create network interface: operation error EC2: CreateNetworkInterface, https response error StatusCode: 400, RequestID: 07d487bc-9b33-47db-b10a-cb447112bb46, api error InvalidParameterValue: There aren't sufficient free Ipv4 addresses or prefixes"}
{"level":"debug","ts":"2026-10-05T08:40:06.208Z","caller":"ipamd/ipamd.go:1082","msg":"Insufficient IP Addresses due to: InvalidParameterValue\n"}
{"level":"debug","ts":"2026-10-05T08:40:06.208Z","caller":"ipamd/ipamd.go:813","msg":"Error trying to allocate ENI: AllocENI: failed to create ENI: failed to create network interface: operation error EC2: CreateNetworkInterface, https response error StatusCode: 400, RequestID: 07d487bc-9b33-47db-b10a-cb447112bb46, api error InvalidParameterValue: There aren't sufficient free Ipv4 addresses or prefixes"}
{"level":"debug","ts":"2026-10-05T08:40:06.208Z","caller":"ipamd/ipamd.go:1548","msg":"ENI eni-EXAMPLE22 cannot be deleted because it is primary"}
{"level":"debug","ts":"2026-10-05T08:40:11.208Z","caller":"ipamd/ipamd.go:809","msg":"IP pool is too low for Network Card 0: available (0) < ENI target (1) * addrsPerENI (16)"}
{"level":"debug","ts":"2026-10-05T08:40:11.208Z","caller":"ipamd/ipamd.go:2689","msg":"Prefix pool stats for network card 0: Total IPs/Prefixes = 0/0, AssignedIPs/CooldownIPs: 0/0, c.maxIPsPerENI = 80"}
{"level":"debug","ts":"2026-10-05T08:40:11.208Z","caller":"ipamd/ipamd.go:795","msg":"IP stats for Network Card 0 - total IPs: 0, assigned IPs: 0, cooldown IPs: 0"}
{"level":"debug","ts":"2026-10-05T08:40:11.208Z","caller":"ipamd/ipamd.go:813","msg":"Starting to increase pool size for network card 0"}
{"level":"debug","ts":"2026-10-05T08:40:11.208Z","caller":"ipamd/ipamd.go:966","msg":"Node found \"ip-10-20-0-61.ec2.internal\" - no of taints - 0"}
{"level":"debug","ts":"2026-10-05T08:40:11.208Z","caller":"ipamd/ipamd.go:2758","msg":"Prefix target is 1, short of 1 prefixes, free 0 prefixes"}
{"level":"debug","ts":"2026-10-05T08:40:11.208Z","caller":"ipamd/ipamd.go:1248","msg":"ToAllocate: 1, Network Card 0"}
{"level":"debug","ts":"2026-10-05T08:40:11.208Z","caller":"ipamd/ipamd.go:1251","msg":"Found ENI eni-EXAMPLE22 that has less than the maximum number of IP/Prefixes addresses allocated: cur=0, max=5"}
{"level":"info","ts":"2026-10-05T08:40:11.208Z","caller":"ipamd/ipamd.go:1255","msg":"Trying to allocate 1 IP addresses on ENI eni-EXAMPLE22"}
{"level":"debug","ts":"2026-10-05T08:40:11.208Z","caller":"ipamd/ipamd.go:1255","msg":"PD enabled - true"}
{"level":"debug","ts":"2026-10-05T08:40:11.614Z","caller":"awsutils/awsutils.go:2174","msg":"checkAPIErrorAndBroadcastEvent resulted in operation error EC2: AssignPrivateIpAddresses, https response error StatusCode: 400, RequestID: ad6b9fa0-f24f-48d4-b535-4310fb407242, api error InsufficientCidrBlocks: The specified subnet does not have enough free cidr blocks to satisfy the request."}
{"level":"error","ts":"2026-10-05T08:40:11.614Z","caller":"ipamd/ipamd.go:1255","msg":"Failed to allocate a private IP/Prefix addresses on ENI eni-EXAMPLE22: operation error EC2: AssignPrivateIpAddresses, https response error StatusCode: 400, RequestID: ad6b9fa0-f24f-48d4-b535-4310fb407242, api error InsufficientCidrBlocks: The specified subnet does not have enough free cidr blocks to satisfy the request."}
{"level":"debug","ts":"2026-10-05T08:40:11.615Z","caller":"ipamd/ipamd.go:1256","msg":"containsPrivateIPAddressLimitExceededError encountered operation error EC2: AssignPrivateIpAddresses, https response error StatusCode: 400, RequestID: ad6b9fa0-f24f-48d4-b535-4310fb407242, api error InsufficientCidrBlocks: The specified subnet does not have enough free cidr blocks to satisfy the request."}
{"level":"warn","ts":"2026-10-05T08:40:11.615Z","caller":"ipamd/ipamd.go:1113","msg":"failed to allocate all available IPv4 Prefixes on ENI eni-EXAMPLE22, err: operation error EC2: AssignPrivateIpAddresses, https response error StatusCode: 400, RequestID: ad6b9fa0-f24f-48d4-b535-4310fb407242, api error InsufficientCidrBlocks: The specified subnet does not have enough free cidr blocks to satisfy the request."}
{"level":"info","ts":"2026-10-05T08:40:11.615Z","caller":"ipamd/ipamd.go:1259","msg":"Trying to allocate 1 IP addresses on ENI eni-EXAMPLE22"}
{"level":"debug","ts":"2026-10-05T08:40:11.615Z","caller":"ipamd/ipamd.go:1259","msg":"PD enabled - true"}
{"level":"debug","ts":"2026-10-05T08:40:12.055Z","caller":"awsutils/awsutils.go:2174","msg":"checkAPIErrorAndBroadcastEvent resulted in operation error EC2: AssignPrivateIpAddresses, https response error StatusCode: 400, RequestID: f3769feb-72f4-4e42-ba03-311b4c4eb28b, api error InsufficientCidrBlocks: The specified subnet does not have enough free cidr blocks to satisfy the request."}
{"level":"error","ts":"2026-10-05T08:40:12.055Z","caller":"ipamd/ipamd.go:1259","msg":"Failed to allocate a private IP/Prefix addresses on ENI eni-EXAMPLE22: operation error EC2: AssignPrivateIpAddresses, https response error StatusCode: 400, RequestID: f3769feb-72f4-4e42-ba03-311b4c4eb28b, api error InsufficientCidrBlocks: The specified subnet does not have enough free cidr blocks to satisfy the request."}
{"level":"debug","ts":"2026-10-05T08:40:12.055Z","caller":"ipamd/ipamd.go:1260","msg":"containsPrivateIPAddressLimitExceededError encountered operation error EC2: AssignPrivateIpAddresses, https response error StatusCode: 400, RequestID: f3769feb-72f4-4e42-ba03-311b4c4eb28b, api error InsufficientCidrBlocks: The specified subnet does not have enough free cidr blocks to satisfy the request."}
{"level":"debug","ts":"2026-10-05T08:40:12.056Z","caller":"ipamd/ipamd.go:1262","msg":"containsInsufficientCIDRsOrSubnetIPs encountered operation error EC2: AssignPrivateIpAddresses, https response error StatusCode: 400, RequestID: f3769feb-72f4-4e42-ba03-311b4c4eb28b, api error InsufficientCidrBlocks: The specified subnet does not have enough free cidr blocks to satisfy the request."}
{"level":"debug","ts":"2026-10-05T08:40:12.056Z","caller":"ipamd/ipamd.go:1262","msg":"Insufficient IP Addresses due to: InsufficientCidrBlocks\n"}
{"level":"debug","ts":"2026-10-05T08:40:12.056Z","caller":"ipamd/ipamd.go:1003","msg":"hasRoomForEni: networkCard=0, currentENIs=1, currentUsableENIs=1, maxENI=3, unmanagedENI=0, trunkEni=0, excludedENI=0, hasRoom=true"}
{"level":"debug","ts":"2026-10-05T08:40:12.056Z","caller":"ipamd/ipamd.go:2758","msg":"Prefix target is 1, short of 1 prefixes, free 0 prefixes"}
{"level":"debug","ts":"2026-10-05T08:40:12.056Z","caller":"ipamd/ipamd.go:2595","msg":"ToAllocate: 1, Network Card 0"}
{"level":"info","ts":"2026-10-05T08:40:12.056Z","caller":"awsutils/awsutils.go:1044","msg":"Trying to allocate 1 IP addresses on new ENI"}
{"level":"debug","ts":"2026-10-05T08:40:12.056Z","caller":"awsutils/awsutils.go:1044","msg":"PD enabled - true"}
{"level":"debug","ts":"2026-10-05T08:40:12.304Z","caller":"awsutils/awsutils.go:1272","msg":"Primary subnet subnet-EXAMPLE1 has no kubernetes.io/role/cni tag, including it for ENI creation (backwards compatibility)"}
{"level":"info","ts":"2026-10-05T08:40:12.304Z","caller":"awsutils/awsutils.go:1044","msg":"Creating ENI with security groups: [sg-EXAMPLE1] in subnet: subnet-EXAMPLE1"}
{"level":"debug","ts":"2026-10-05T08:40:12.518Z","caller":"awsutils/awsutils.go:1449","msg":"checkAPIErrorAndBroadcastEvent resulted in operation error EC2: CreateNetworkInterface, https response error StatusCode: 400, RequestID: c75ccf31-1fa2-4da2-af12-519cc0559653, api error InvalidParameterValue: There aren't sufficient free Ipv4 addresses or prefixes"}
{"level":"error","ts":"2026-10-05T08:40:12.518Z","caller":"awsutils/awsutils.go:1285","msg":"Failed to CreateNetworkInterface operation error EC2: CreateNetworkInterface, https response error StatusCode: 400, RequestID: c75ccf31-1fa2-4da2-af12-519cc0559653, api error InvalidParameterValue: There aren't sufficient free Ipv4 addresses or prefixes for subnet subnet-EXAMPLE1"}
{"level":"debug","ts":"2026-10-05T08:40:12.518Z","caller":"awsutils/awsutils.go:1272","msg":"Subnet subnet-EXAMPLE2 has no kubernetes.io/role/cni tag, excluding it from ENI creation"}
{"level":"error","ts":"2026-10-05T08:40:12.518Z","caller":"ipamd/ipamd.go:1004","msg":"Failed to increase pool size due to not able to allocate ENI AllocENI: failed to create ENI: failed to create network interface: operation error EC2: CreateNetworkInterface, https response error StatusCode: 400, RequestID: c75ccf31-1fa2-4da2-af12-519cc0559653, api error InvalidParameterValue: There aren't sufficient free Ipv4 addresses or prefixes"}
{"level":"warn","ts":"2026-10-05T08:40:12.518Z","caller":"ipamd/ipamd.go:1004","msg":"Failed to allocate 1 IP addresses on an ENI: AllocENI: failed to create ENI: failed to create network interface: operation error EC2: CreateNetworkInterface, https response error StatusCode: 400, RequestID: c75ccf31-1fa2-4da2-af12-519cc0559653, api error InvalidParameterValue: There aren't sufficient free Ipv4 addresses or prefixes"}
{"level":"debug","ts":"2026-10-05T08:40:12.518Z","caller":"ipamd/ipamd.go:1082","msg":"containsInsufficientCIDRsOrSubnetIPs encountered AllocENI: failed to create ENI: failed to create network interface: operation error EC2: CreateNetworkInterface, https response error StatusCode: 400, RequestID: c75ccf31-1fa2-4da2-af12-519cc0559653, api error InvalidParameterValue: There aren't sufficient free Ipv4 addresses or prefixes"}
{"level":"debug","ts":"2026-10-05T08:40:12.518Z","caller":"ipamd/ipamd.go:1082","msg":"Insufficient IP Addresses due to: InvalidParameterValue\n"}
{"level":"debug","ts":"2026-10-05T08:40:12.518Z","caller":"ipamd/ipamd.go:813","msg":"Error trying to allocate ENI: AllocENI: failed to create ENI: failed to create network interface: operation error EC2: CreateNetworkInterface, https response error StatusCode: 400, RequestID: c75ccf31-1fa2-4da2-af12-519cc0559653, api error InvalidParameterValue: There aren't sufficient free Ipv4 addresses or prefixes"}
{"level":"debug","ts":"2026-10-05T08:40:12.518Z","caller":"ipamd/ipamd.go:1548","msg":"ENI eni-EXAMPLE22 cannot be deleted because it is primary"}
{"level":"debug","ts":"2026-10-05T08:40:17.519Z","caller":"ipamd/ipamd.go:809","msg":"IP pool is too low for Network Card 0: available (0) < ENI target (1) * addrsPerENI (16)"}
{"level":"debug","ts":"2026-10-05T08:40:17.520Z","caller":"ipamd/ipamd.go:2689","msg":"Prefix pool stats for network card 0: Total IPs/Prefixes = 0/0, AssignedIPs/CooldownIPs: 0/0, c.maxIPsPerENI = 80"}
{"level":"debug","ts":"2026-10-05T08:40:17.520Z","caller":"ipamd/ipamd.go:795","msg":"IP stats for Network Card 0 - total IPs: 0, assigned IPs: 0, cooldown IPs: 0"}
{"level":"debug","ts":"2026-10-05T08:40:17.520Z","caller":"ipamd/ipamd.go:813","msg":"Starting to increase pool size for network card 0"}
{"level":"debug","ts":"2026-10-05T08:40:17.520Z","caller":"ipamd/ipamd.go:966","msg":"Node found \"ip-10-20-0-61.ec2.internal\" - no of taints - 0"}
{"level":"debug","ts":"2026-10-05T08:40:17.520Z","caller":"ipamd/ipamd.go:2758","msg":"Prefix target is 1, short of 1 prefixes, free 0 prefixes"}
{"level":"debug","ts":"2026-10-05T08:40:17.520Z","caller":"ipamd/ipamd.go:1248","msg":"ToAllocate: 1, Network Card 0"}
{"level":"debug","ts":"2026-10-05T08:40:17.520Z","caller":"ipamd/ipamd.go:1251","msg":"Found ENI eni-EXAMPLE22 that has less than the maximum number of IP/Prefixes addresses allocated: cur=0, max=5"}
{"level":"info","ts":"2026-10-05T08:40:17.520Z","caller":"ipamd/ipamd.go:1255","msg":"Trying to allocate 1 IP addresses on ENI eni-EXAMPLE22"}
{"level":"debug","ts":"2026-10-05T08:40:17.520Z","caller":"ipamd/ipamd.go:1255","msg":"PD enabled - true"}
{"level":"debug","ts":"2026-10-05T08:40:17.939Z","caller":"awsutils/awsutils.go:2174","msg":"checkAPIErrorAndBroadcastEvent resulted in operation error EC2: AssignPrivateIpAddresses, https response error StatusCode: 400, RequestID: 1c2eefeb-b0fc-4a38-83ef-59cdf5002abd, api error InsufficientCidrBlocks: The specified subnet does not have enough free cidr blocks to satisfy the request."}
{"level":"error","ts":"2026-10-05T08:40:17.939Z","caller":"ipamd/ipamd.go:1255","msg":"Failed to allocate a private IP/Prefix addresses on ENI eni-EXAMPLE22: operation error EC2: AssignPrivateIpAddresses, https response error StatusCode: 400, RequestID: 1c2eefeb-b0fc-4a38-83ef-59cdf5002abd, api error InsufficientCidrBlocks: The specified subnet does not have enough free cidr blocks to satisfy the request."}
{"level":"debug","ts":"2026-10-05T08:40:17.939Z","caller":"ipamd/ipamd.go:1256","msg":"containsPrivateIPAddressLimitExceededError encountered operation error EC2: AssignPrivateIpAddresses, https response error StatusCode: 400, RequestID: 1c2eefeb-b0fc-4a38-83ef-59cdf5002abd, api error InsufficientCidrBlocks: The specified subnet does not have enough free cidr blocks to satisfy the request."}
{"level":"warn","ts":"2026-10-05T08:40:17.939Z","caller":"ipamd/ipamd.go:1113","msg":"failed to allocate all available IPv4 Prefixes on ENI eni-EXAMPLE22, err: operation error EC2: AssignPrivateIpAddresses, https response error StatusCode: 400, RequestID: 1c2eefeb-b0fc-4a38-83ef-59cdf5002abd, api error InsufficientCidrBlocks: The specified subnet does not have enough free cidr blocks to satisfy the request."}
{"level":"info","ts":"2026-10-05T08:40:17.939Z","caller":"ipamd/ipamd.go:1259","msg":"Trying to allocate 1 IP addresses on ENI eni-EXAMPLE22"}
{"level":"debug","ts":"2026-10-05T08:40:17.939Z","caller":"ipamd/ipamd.go:1259","msg":"PD enabled - true"}
{"level":"debug","ts":"2026-10-05T08:40:18.346Z","caller":"awsutils/awsutils.go:2174","msg":"checkAPIErrorAndBroadcastEvent resulted in operation error EC2: AssignPrivateIpAddresses, https response error StatusCode: 400, RequestID: 62957a2b-33eb-4e1f-8380-1ce2485a7861, api error InsufficientCidrBlocks: The specified subnet does not have enough free cidr blocks to satisfy the request."}
{"level":"error","ts":"2026-10-05T08:40:18.346Z","caller":"ipamd/ipamd.go:1259","msg":"Failed to allocate a private IP/Prefix addresses on ENI eni-EXAMPLE22: operation error EC2: AssignPrivateIpAddresses, https response error StatusCode: 400, RequestID: 62957a2b-33eb-4e1f-8380-1ce2485a7861, api error InsufficientCidrBlocks: The specified subnet does not have enough free cidr blocks to satisfy the request."}
{"level":"debug","ts":"2026-10-05T08:40:18.346Z","caller":"ipamd/ipamd.go:1260","msg":"containsPrivateIPAddressLimitExceededError encountered operation error EC2: AssignPrivateIpAddresses, https response error StatusCode: 400, RequestID: 62957a2b-33eb-4e1f-8380-1ce2485a7861, api error InsufficientCidrBlocks: The specified subnet does not have enough free cidr blocks to satisfy the request."}
{"level":"debug","ts":"2026-10-05T08:40:18.346Z","caller":"ipamd/ipamd.go:1262","msg":"containsInsufficientCIDRsOrSubnetIPs encountered operation error EC2: AssignPrivateIpAddresses, https response error StatusCode: 400, RequestID: 62957a2b-33eb-4e1f-8380-1ce2485a7861, api error InsufficientCidrBlocks: The specified subnet does not have enough free cidr blocks to satisfy the request."}
{"level":"debug","ts":"2026-10-05T08:40:18.346Z","caller":"ipamd/ipamd.go:1262","msg":"Insufficient IP Addresses due to: InsufficientCidrBlocks\n"}
{"level":"debug","ts":"2026-10-05T08:40:18.346Z","caller":"ipamd/ipamd.go:1003","msg":"hasRoomForEni: networkCard=0, currentENIs=1, currentUsableENIs=1, maxENI=3, unmanagedENI=0, trunkEni=0, excludedENI=0, hasRoom=true"}
{"level":"debug","ts":"2026-10-05T08:40:18.346Z","caller":"ipamd/ipamd.go:2758","msg":"Prefix target is 1, short of 1 prefixes, free 0 prefixes"}
{"level":"debug","ts":"2026-10-05T08:40:18.346Z","caller":"ipamd/ipamd.go:2595","msg":"ToAllocate: 1, Network Card 0"}
{"level":"info","ts":"2026-10-05T08:40:18.346Z","caller":"awsutils/awsutils.go:1044","msg":"Trying to allocate 1 IP addresses on new ENI"}
{"level":"debug","ts":"2026-10-05T08:40:18.346Z","caller":"awsutils/awsutils.go:1044","msg":"PD enabled - true"}
{"level":"debug","ts":"2026-10-05T08:40:18.588Z","caller":"awsutils/awsutils.go:1272","msg":"Primary subnet subnet-EXAMPLE1 has no kubernetes.io/role/cni tag, including it for ENI creation (backwards compatibility)"}
{"level":"info","ts":"2026-10-05T08:40:18.588Z","caller":"awsutils/awsutils.go:1044","msg":"Creating ENI with security groups: [sg-EXAMPLE1] in subnet: subnet-EXAMPLE1"}
{"level":"debug","ts":"2026-10-05T08:40:18.825Z","caller":"awsutils/awsutils.go:1449","msg":"checkAPIErrorAndBroadcastEvent resulted in operation error EC2: CreateNetworkInterface, https response error StatusCode: 400, RequestID: c10439e2-1096-4c08-8be1-41ce579cb109, api error InvalidParameterValue: There aren't sufficient free Ipv4 addresses or prefixes"}
{"level":"error","ts":"2026-10-05T08:40:18.825Z","caller":"awsutils/awsutils.go:1285","msg":"Failed to CreateNetworkInterface operation error EC2: CreateNetworkInterface, https response error StatusCode: 400, RequestID: c10439e2-1096-4c08-8be1-41ce579cb109, api error InvalidParameterValue: There aren't sufficient free Ipv4 addresses or prefixes for subnet subnet-EXAMPLE1"}
{"level":"debug","ts":"2026-10-05T08:40:18.825Z","caller":"awsutils/awsutils.go:1272","msg":"Subnet subnet-EXAMPLE2 has no kubernetes.io/role/cni tag, excluding it from ENI creation"}
{"level":"error","ts":"2026-10-05T08:40:18.825Z","caller":"ipamd/ipamd.go:1004","msg":"Failed to increase pool size due to not able to allocate ENI AllocENI: failed to create ENI: failed to create network interface: operation error EC2: CreateNetworkInterface, https response error StatusCode: 400, RequestID: c10439e2-1096-4c08-8be1-41ce579cb109, api error InvalidParameterValue: There aren't sufficient free Ipv4 addresses or prefixes"}
{"level":"warn","ts":"2026-10-05T08:40:18.825Z","caller":"ipamd/ipamd.go:1004","msg":"Failed to allocate 1 IP addresses on an ENI: AllocENI: failed to create ENI: failed to create network interface: operation error EC2: CreateNetworkInterface, https response error StatusCode: 400, RequestID: c10439e2-1096-4c08-8be1-41ce579cb109, api error InvalidParameterValue: There aren't sufficient free Ipv4 addresses or prefixes"}
{"level":"debug","ts":"2026-10-05T08:40:18.825Z","caller":"ipamd/ipamd.go:1082","msg":"containsInsufficientCIDRsOrSubnetIPs encountered AllocENI: failed to create ENI: failed to create network interface: operation error EC2: CreateNetworkInterface, https response error StatusCode: 400, RequestID: c10439e2-1096-4c08-8be1-41ce579cb109, api error InvalidParameterValue: There aren't sufficient free Ipv4 addresses or prefixes"}
{"level":"debug","ts":"2026-10-05T08:40:18.825Z","caller":"ipamd/ipamd.go:1082","msg":"Insufficient IP Addresses due to: InvalidParameterValue\n"}
{"level":"debug","ts":"2026-10-05T08:40:18.825Z","caller":"ipamd/ipamd.go:813","msg":"Error trying to allocate ENI: AllocENI: failed to create ENI: failed to create network interface: operation error EC2: CreateNetworkInterface, https response error StatusCode: 400, RequestID: c10439e2-1096-4c08-8be1-41ce579cb109, api error InvalidParameterValue: There aren't sufficient free Ipv4 addresses or prefixes"}
{"level":"debug","ts":"2026-10-05T08:40:18.825Z","caller":"ipamd/ipamd.go:1548","msg":"ENI eni-EXAMPLE22 cannot be deleted because it is primary"}
{"level":"debug","ts":"2026-10-05T08:40:23.828Z","caller":"ipamd/ipamd.go:809","msg":"IP pool is too low for Network Card 0: available (0) < ENI target (1) * addrsPerENI (16)"}
{"level":"debug","ts":"2026-10-05T08:40:23.828Z","caller":"ipamd/ipamd.go:2689","msg":"Prefix pool stats for network card 0: Total IPs/Prefixes = 0/0, AssignedIPs/CooldownIPs: 0/0, c.maxIPsPerENI = 80"}
{"level":"debug","ts":"2026-10-05T08:40:23.828Z","caller":"ipamd/ipamd.go:795","msg":"IP stats for Network Card 0 - total IPs: 0, assigned IPs: 0, cooldown IPs: 0"}
{"level":"debug","ts":"2026-10-05T08:40:23.828Z","caller":"ipamd/ipamd.go:813","msg":"Starting to increase pool size for network card 0"}
{"level":"debug","ts":"2026-10-05T08:40:23.828Z","caller":"ipamd/ipamd.go:966","msg":"Node found \"ip-10-20-0-61.ec2.internal\" - no of taints - 0"}
{"level":"debug","ts":"2026-10-05T08:40:23.828Z","caller":"ipamd/ipamd.go:2758","msg":"Prefix target is 1, short of 1 prefixes, free 0 prefixes"}
{"level":"debug","ts":"2026-10-05T08:40:23.828Z","caller":"ipamd/ipamd.go:1248","msg":"ToAllocate: 1, Network Card 0"}
{"level":"debug","ts":"2026-10-05T08:40:23.828Z","caller":"ipamd/ipamd.go:1251","msg":"Found ENI eni-EXAMPLE22 that has less than the maximum number of IP/Prefixes addresses allocated: cur=0, max=5"}
{"level":"info","ts":"2026-10-05T08:40:23.828Z","caller":"ipamd/ipamd.go:1255","msg":"Trying to allocate 1 IP addresses on ENI eni-EXAMPLE22"}
{"level":"debug","ts":"2026-10-05T08:40:23.828Z","caller":"ipamd/ipamd.go:1255","msg":"PD enabled - true"}
{"level":"debug","ts":"2026-10-05T08:40:24.222Z","caller":"awsutils/awsutils.go:2174","msg":"checkAPIErrorAndBroadcastEvent resulted in operation error EC2: AssignPrivateIpAddresses, https response error StatusCode: 400, RequestID: f436ddf2-08de-4424-bfd3-8d6bf382ed95, api error InsufficientCidrBlocks: The specified subnet does not have enough free cidr blocks to satisfy the request."}
{"level":"error","ts":"2026-10-05T08:40:24.222Z","caller":"ipamd/ipamd.go:1255","msg":"Failed to allocate a private IP/Prefix addresses on ENI eni-EXAMPLE22: operation error EC2: AssignPrivateIpAddresses, https response error StatusCode: 400, RequestID: f436ddf2-08de-4424-bfd3-8d6bf382ed95, api error InsufficientCidrBlocks: The specified subnet does not have enough free cidr blocks to satisfy the request."}
{"level":"debug","ts":"2026-10-05T08:40:24.222Z","caller":"ipamd/ipamd.go:1256","msg":"containsPrivateIPAddressLimitExceededError encountered operation error EC2: AssignPrivateIpAddresses, https response error StatusCode: 400, RequestID: f436ddf2-08de-4424-bfd3-8d6bf382ed95, api error InsufficientCidrBlocks: The specified subnet does not have enough free cidr blocks to satisfy the request."}
{"level":"warn","ts":"2026-10-05T08:40:24.222Z","caller":"ipamd/ipamd.go:1113","msg":"failed to allocate all available IPv4 Prefixes on ENI eni-EXAMPLE22, err: operation error EC2: AssignPrivateIpAddresses, https response error StatusCode: 400, RequestID: f436ddf2-08de-4424-bfd3-8d6bf382ed95, api error InsufficientCidrBlocks: The specified subnet does not have enough free cidr blocks to satisfy the request."}
{"level":"info","ts":"2026-10-05T08:40:24.222Z","caller":"ipamd/ipamd.go:1259","msg":"Trying to allocate 1 IP addresses on ENI eni-EXAMPLE22"}
{"level":"debug","ts":"2026-10-05T08:40:24.222Z","caller":"ipamd/ipamd.go:1259","msg":"PD enabled - true"}
{"level":"debug","ts":"2026-10-05T08:40:24.666Z","caller":"awsutils/awsutils.go:2174","msg":"checkAPIErrorAndBroadcastEvent resulted in operation error EC2: AssignPrivateIpAddresses, https response error StatusCode: 400, RequestID: 456d957d-36d8-4490-9f24-1c6f7464a237, api error InsufficientCidrBlocks: The specified subnet does not have enough free cidr blocks to satisfy the request."}
{"level":"error","ts":"2026-10-05T08:40:24.666Z","caller":"ipamd/ipamd.go:1259","msg":"Failed to allocate a private IP/Prefix addresses on ENI eni-EXAMPLE22: operation error EC2: AssignPrivateIpAddresses, https response error StatusCode: 400, RequestID: 456d957d-36d8-4490-9f24-1c6f7464a237, api error InsufficientCidrBlocks: The specified subnet does not have enough free cidr blocks to satisfy the request."}
{"level":"debug","ts":"2026-10-05T08:40:24.666Z","caller":"ipamd/ipamd.go:1260","msg":"containsPrivateIPAddressLimitExceededError encountered operation error EC2: AssignPrivateIpAddresses, https response error StatusCode: 400, RequestID: 456d957d-36d8-4490-9f24-1c6f7464a237, api error InsufficientCidrBlocks: The specified subnet does not have enough free cidr blocks to satisfy the request."}
{"level":"debug","ts":"2026-10-05T08:40:24.666Z","caller":"ipamd/ipamd.go:1262","msg":"containsInsufficientCIDRsOrSubnetIPs encountered operation error EC2: AssignPrivateIpAddresses, https response error StatusCode: 400, RequestID: 456d957d-36d8-4490-9f24-1c6f7464a237, api error InsufficientCidrBlocks: The specified subnet does not have enough free cidr blocks to satisfy the request."}
{"level":"debug","ts":"2026-10-05T08:40:24.666Z","caller":"ipamd/ipamd.go:1262","msg":"Insufficient IP Addresses due to: InsufficientCidrBlocks\n"}
{"level":"debug","ts":"2026-10-05T08:40:24.666Z","caller":"ipamd/ipamd.go:1003","msg":"hasRoomForEni: networkCard=0, currentENIs=1, currentUsableENIs=1, maxENI=3, unmanagedENI=0, trunkEni=0, excludedENI=0, hasRoom=true"}
{"level":"debug","ts":"2026-10-05T08:40:24.666Z","caller":"ipamd/ipamd.go:2758","msg":"Prefix target is 1, short of 1 prefixes, free 0 prefixes"}
{"level":"debug","ts":"2026-10-05T08:40:24.666Z","caller":"ipamd/ipamd.go:2595","msg":"ToAllocate: 1, Network Card 0"}
{"level":"info","ts":"2026-10-05T08:40:24.666Z","caller":"awsutils/awsutils.go:1044","msg":"Trying to allocate 1 IP addresses on new ENI"}
{"level":"debug","ts":"2026-10-05T08:40:24.666Z","caller":"awsutils/awsutils.go:1044","msg":"PD enabled - true"}
{"level":"debug","ts":"2026-10-05T08:40:24.927Z","caller":"awsutils/awsutils.go:1272","msg":"Primary subnet subnet-EXAMPLE1 has no kubernetes.io/role/cni tag, including it for ENI creation (backwards compatibility)"}
{"level":"info","ts":"2026-10-05T08:40:24.927Z","caller":"awsutils/awsutils.go:1044","msg":"Creating ENI with security groups: [sg-EXAMPLE1] in subnet: subnet-EXAMPLE1"}
{"level":"debug","ts":"2026-10-05T08:40:25.156Z","caller":"awsutils/awsutils.go:1449","msg":"checkAPIErrorAndBroadcastEvent resulted in operation error EC2: CreateNetworkInterface, https response error StatusCode: 400, RequestID: 0d6a7215-058f-4537-8a64-15534cdae834, api error InvalidParameterValue: There aren't sufficient free Ipv4 addresses or prefixes"}
{"level":"error","ts":"2026-10-05T08:40:25.156Z","caller":"awsutils/awsutils.go:1285","msg":"Failed to CreateNetworkInterface operation error EC2: CreateNetworkInterface, https response error StatusCode: 400, RequestID: 0d6a7215-058f-4537-8a64-15534cdae834, api error InvalidParameterValue: There aren't sufficient free Ipv4 addresses or prefixes for subnet subnet-EXAMPLE1"}
{"level":"debug","ts":"2026-10-05T08:40:25.156Z","caller":"awsutils/awsutils.go:1272","msg":"Subnet subnet-EXAMPLE2 has no kubernetes.io/role/cni tag, excluding it from ENI creation"}
{"level":"error","ts":"2026-10-05T08:40:25.156Z","caller":"ipamd/ipamd.go:1004","msg":"Failed to increase pool size due to not able to allocate ENI AllocENI: failed to create ENI: failed to create network interface: operation error EC2: CreateNetworkInterface, https response error StatusCode: 400, RequestID: 0d6a7215-058f-4537-8a64-15534cdae834, api error InvalidParameterValue: There aren't sufficient free Ipv4 addresses or prefixes"}
{"level":"warn","ts":"2026-10-05T08:40:25.156Z","caller":"ipamd/ipamd.go:1004","msg":"Failed to allocate 1 IP addresses on an ENI: AllocENI: failed to create ENI: failed to create network interface: operation error EC2: CreateNetworkInterface, https response error StatusCode: 400, RequestID: 0d6a7215-058f-4537-8a64-15534cdae834, api error InvalidParameterValue: There aren't sufficient free Ipv4 addresses or prefixes"}
{"level":"debug","ts":"2026-10-05T08:40:25.157Z","caller":"ipamd/ipamd.go:1082","msg":"containsInsufficientCIDRsOrSubnetIPs encountered AllocENI: failed to create ENI: failed to create network interface: operation error EC2: CreateNetworkInterface, https response error StatusCode: 400, RequestID: 0d6a7215-058f-4537-8a64-15534cdae834, api error InvalidParameterValue: There aren't sufficient free Ipv4 addresses or prefixes"}
{"level":"debug","ts":"2026-10-05T08:40:25.157Z","caller":"ipamd/ipamd.go:1082","msg":"Insufficient IP Addresses due to: InvalidParameterValue\n"}
{"level":"debug","ts":"2026-10-05T08:40:25.157Z","caller":"ipamd/ipamd.go:813","msg":"Error trying to allocate ENI: AllocENI: failed to create ENI: failed to create network interface: operation error EC2: CreateNetworkInterface, https response error StatusCode: 400, RequestID: 0d6a7215-058f-4537-8a64-15534cdae834, api error InvalidParameterValue: There aren't sufficient free Ipv4 addresses or prefixes"}
{"level":"debug","ts":"2026-10-05T08:40:25.157Z","caller":"ipamd/ipamd.go:1548","msg":"ENI eni-EXAMPLE22 cannot be deleted because it is primary"}
{"level":"debug","ts":"2026-10-05T08:40:30.160Z","caller":"ipamd/ipamd.go:809","msg":"IP pool is too low for Network Card 0: available (0) < ENI target (1) * addrsPerENI (16)"}
{"level":"debug","ts":"2026-10-05T08:40:30.160Z","caller":"ipamd/ipamd.go:2689","msg":"Prefix pool stats for network card 0: Total IPs/Prefixes = 0/0, AssignedIPs/CooldownIPs: 0/0, c.maxIPsPerENI = 80"}
{"level":"debug","ts":"2026-10-05T08:40:30.160Z","caller":"ipamd/ipamd.go:795","msg":"IP stats for Network Card 0 - total IPs: 0, assigned IPs: 0, cooldown IPs: 0"}
{"level":"debug","ts":"2026-10-05T08:40:30.160Z","caller":"ipamd/ipamd.go:813","msg":"Starting to increase pool size for network card 0"}
{"level":"debug","ts":"2026-10-05T08:40:30.160Z","caller":"ipamd/ipamd.go:966","msg":"Node found \"ip-10-20-0-61.ec2.internal\" - no of taints - 0"}
{"level":"debug","ts":"2026-10-05T08:40:30.160Z","caller":"ipamd/ipamd.go:2758","msg":"Prefix target is 1, short of 1 prefixes, free 0 prefixes"}
{"level":"debug","ts":"2026-10-05T08:40:30.160Z","caller":"ipamd/ipamd.go:1248","msg":"ToAllocate: 1, Network Card 0"}
{"level":"debug","ts":"2026-10-05T08:40:30.160Z","caller":"ipamd/ipamd.go:1251","msg":"Found ENI eni-EXAMPLE22 that has less than the maximum number of IP/Prefixes addresses allocated: cur=0, max=5"}
{"level":"info","ts":"2026-10-05T08:40:30.160Z","caller":"ipamd/ipamd.go:1255","msg":"Trying to allocate 1 IP addresses on ENI eni-EXAMPLE22"}
{"level":"debug","ts":"2026-10-05T08:40:30.160Z","caller":"ipamd/ipamd.go:1255","msg":"PD enabled - true"}
{"level":"debug","ts":"2026-10-05T08:40:30.598Z","caller":"awsutils/awsutils.go:2174","msg":"checkAPIErrorAndBroadcastEvent resulted in operation error EC2: AssignPrivateIpAddresses, https response error StatusCode: 400, RequestID: c6a7ad6c-57cf-4948-b58c-249d38871715, api error InsufficientCidrBlocks: The specified subnet does not have enough free cidr blocks to satisfy the request."}
{"level":"error","ts":"2026-10-05T08:40:30.599Z","caller":"ipamd/ipamd.go:1255","msg":"Failed to allocate a private IP/Prefix addresses on ENI eni-EXAMPLE22: operation error EC2: AssignPrivateIpAddresses, https response error StatusCode: 400, RequestID: c6a7ad6c-57cf-4948-b58c-249d38871715, api error InsufficientCidrBlocks: The specified subnet does not have enough free cidr blocks to satisfy the request."}
{"level":"debug","ts":"2026-10-05T08:40:30.599Z","caller":"ipamd/ipamd.go:1256","msg":"containsPrivateIPAddressLimitExceededError encountered operation error EC2: AssignPrivateIpAddresses, https response error StatusCode: 400, RequestID: c6a7ad6c-57cf-4948-b58c-249d38871715, api error InsufficientCidrBlocks: The specified subnet does not have enough free cidr blocks to satisfy the request."}
{"level":"warn","ts":"2026-10-05T08:40:30.599Z","caller":"ipamd/ipamd.go:1113","msg":"failed to allocate all available IPv4 Prefixes on ENI eni-EXAMPLE22, err: operation error EC2: AssignPrivateIpAddresses, https response error StatusCode: 400, RequestID: c6a7ad6c-57cf-4948-b58c-249d38871715, api error InsufficientCidrBlocks: The specified subnet does not have enough free cidr blocks to satisfy the request."}
{"level":"info","ts":"2026-10-05T08:40:30.599Z","caller":"ipamd/ipamd.go:1259","msg":"Trying to allocate 1 IP addresses on ENI eni-EXAMPLE22"}
{"level":"debug","ts":"2026-10-05T08:40:30.599Z","caller":"ipamd/ipamd.go:1259","msg":"PD enabled - true"}
{"level":"debug","ts":"2026-10-05T08:40:31.013Z","caller":"awsutils/awsutils.go:2174","msg":"checkAPIErrorAndBroadcastEvent resulted in operation error EC2: AssignPrivateIpAddresses, https response error StatusCode: 400, RequestID: 476d797a-8a5f-4bee-bbf9-111122223333, api error InsufficientCidrBlocks: The specified subnet does not have enough free cidr blocks to satisfy the request."}
{"level":"error","ts":"2026-10-05T08:40:31.013Z","caller":"ipamd/ipamd.go:1259","msg":"Failed to allocate a private IP/Prefix addresses on ENI eni-EXAMPLE22: operation error EC2: AssignPrivateIpAddresses, https response error StatusCode: 400, RequestID: 476d797a-8a5f-4bee-bbf9-111122223333, api error InsufficientCidrBlocks: The specified subnet does not have enough free cidr blocks to satisfy the request."}
{"level":"debug","ts":"2026-10-05T08:40:31.013Z","caller":"ipamd/ipamd.go:1260","msg":"containsPrivateIPAddressLimitExceededError encountered operation error EC2: AssignPrivateIpAddresses, https response error StatusCode: 400, RequestID: 476d797a-8a5f-4bee-bbf9-111122223333, api error InsufficientCidrBlocks: The specified subnet does not have enough free cidr blocks to satisfy the request."}
{"level":"debug","ts":"2026-10-05T08:40:31.013Z","caller":"ipamd/ipamd.go:1262","msg":"containsInsufficientCIDRsOrSubnetIPs encountered operation error EC2: AssignPrivateIpAddresses, https response error StatusCode: 400, RequestID: 476d797a-8a5f-4bee-bbf9-111122223333, api error InsufficientCidrBlocks: The specified subnet does not have enough free cidr blocks to satisfy the request."}
{"level":"debug","ts":"2026-10-05T08:40:31.013Z","caller":"ipamd/ipamd.go:1262","msg":"Insufficient IP Addresses due to: InsufficientCidrBlocks\n"}
{"level":"debug","ts":"2026-10-05T08:40:31.013Z","caller":"ipamd/ipamd.go:1003","msg":"hasRoomForEni: networkCard=0, currentENIs=1, currentUsableENIs=1, maxENI=3, unmanagedENI=0, trunkEni=0, excludedENI=0, hasRoom=true"}
{"level":"debug","ts":"2026-10-05T08:40:31.013Z","caller":"ipamd/ipamd.go:2758","msg":"Prefix target is 1, short of 1 prefixes, free 0 prefixes"}
{"level":"debug","ts":"2026-10-05T08:40:31.013Z","caller":"ipamd/ipamd.go:2595","msg":"ToAllocate: 1, Network Card 0"}
{"level":"info","ts":"2026-10-05T08:40:31.013Z","caller":"awsutils/awsutils.go:1044","msg":"Trying to allocate 1 IP addresses on new ENI"}
{"level":"debug","ts":"2026-10-05T08:40:31.013Z","caller":"awsutils/awsutils.go:1044","msg":"PD enabled - true"}
{"level":"debug","ts":"2026-10-05T08:40:31.278Z","caller":"awsutils/awsutils.go:1272","msg":"Primary subnet subnet-EXAMPLE1 has no kubernetes.io/role/cni tag, including it for ENI creation (backwards compatibility)"}
{"level":"info","ts":"2026-10-05T08:40:31.278Z","caller":"awsutils/awsutils.go:1044","msg":"Creating ENI with security groups: [sg-EXAMPLE1] in subnet: subnet-EXAMPLE1"}
{"level":"debug","ts":"2026-10-05T08:40:31.535Z","caller":"awsutils/awsutils.go:1449","msg":"checkAPIErrorAndBroadcastEvent resulted in operation error EC2: CreateNetworkInterface, https response error StatusCode: 400, RequestID: 472cd001-846d-4fc3-9f18-d6062faa2225, api error InvalidParameterValue: There aren't sufficient free Ipv4 addresses or prefixes"}
{"level":"error","ts":"2026-10-05T08:40:31.535Z","caller":"awsutils/awsutils.go:1285","msg":"Failed to CreateNetworkInterface operation error EC2: CreateNetworkInterface, https response error StatusCode: 400, RequestID: 472cd001-846d-4fc3-9f18-d6062faa2225, api error InvalidParameterValue: There aren't sufficient free Ipv4 addresses or prefixes for subnet subnet-EXAMPLE1"}
{"level":"debug","ts":"2026-10-05T08:40:31.535Z","caller":"awsutils/awsutils.go:1272","msg":"Subnet subnet-EXAMPLE2 has no kubernetes.io/role/cni tag, excluding it from ENI creation"}
{"level":"error","ts":"2026-10-05T08:40:31.535Z","caller":"ipamd/ipamd.go:1004","msg":"Failed to increase pool size due to not able to allocate ENI AllocENI: failed to create ENI: failed to create network interface: operation error EC2: CreateNetworkInterface, https response error StatusCode: 400, RequestID: 472cd001-846d-4fc3-9f18-d6062faa2225, api error InvalidParameterValue: There aren't sufficient free Ipv4 addresses or prefixes"}
{"level":"warn","ts":"2026-10-05T08:40:31.535Z","caller":"ipamd/ipamd.go:1004","msg":"Failed to allocate 1 IP addresses on an ENI: AllocENI: failed to create ENI: failed to create network interface: operation error EC2: CreateNetworkInterface, https response error StatusCode: 400, RequestID: 472cd001-846d-4fc3-9f18-d6062faa2225, api error InvalidParameterValue: There aren't sufficient free Ipv4 addresses or prefixes"}
{"level":"debug","ts":"2026-10-05T08:40:31.535Z","caller":"ipamd/ipamd.go:1082","msg":"containsInsufficientCIDRsOrSubnetIPs encountered AllocENI: failed to create ENI: failed to create network interface: operation error EC2: CreateNetworkInterface, https response error StatusCode: 400, RequestID: 472cd001-846d-4fc3-9f18-d6062faa2225, api error InvalidParameterValue: There aren't sufficient free Ipv4 addresses or prefixes"}
{"level":"debug","ts":"2026-10-05T08:40:31.535Z","caller":"ipamd/ipamd.go:1082","msg":"Insufficient IP Addresses due to: InvalidParameterValue\n"}
{"level":"debug","ts":"2026-10-05T08:40:31.535Z","caller":"ipamd/ipamd.go:813","msg":"Error trying to allocate ENI: AllocENI: failed to create ENI: failed to create network interface: operation error EC2: CreateNetworkInterface, https response error StatusCode: 400, RequestID: 472cd001-846d-4fc3-9f18-d6062faa2225, api error InvalidParameterValue: There aren't sufficient free Ipv4 addresses or prefixes"}
{"level":"debug","ts":"2026-10-05T08:40:31.535Z","caller":"ipamd/ipamd.go:1548","msg":"ENI eni-EXAMPLE22 cannot be deleted because it is primary"}
{"level":"debug","ts":"2026-10-05T08:40:36.536Z","caller":"ipamd/ipamd.go:809","msg":"IP pool is too low for Network Card 0: available (0) < ENI target (1) * addrsPerENI (16)"}
{"level":"debug","ts":"2026-10-05T08:40:36.536Z","caller":"ipamd/ipamd.go:2689","msg":"Prefix pool stats for network card 0: Total IPs/Prefixes = 0/0, AssignedIPs/CooldownIPs: 0/0, c.maxIPsPerENI = 80"}
{"level":"debug","ts":"2026-10-05T08:40:36.536Z","caller":"ipamd/ipamd.go:795","msg":"IP stats for Network Card 0 - total IPs: 0, assigned IPs: 0, cooldown IPs: 0"}
{"level":"debug","ts":"2026-10-05T08:40:36.536Z","caller":"ipamd/ipamd.go:813","msg":"Starting to increase pool size for network card 0"}
{"level":"debug","ts":"2026-10-05T08:40:36.536Z","caller":"ipamd/ipamd.go:966","msg":"Node found \"ip-10-20-0-61.ec2.internal\" - no of taints - 0"}
{"level":"debug","ts":"2026-10-05T08:40:36.536Z","caller":"ipamd/ipamd.go:2758","msg":"Prefix target is 1, short of 1 prefixes, free 0 prefixes"}
{"level":"debug","ts":"2026-10-05T08:40:36.536Z","caller":"ipamd/ipamd.go:1248","msg":"ToAllocate: 1, Network Card 0"}
{"level":"debug","ts":"2026-10-05T08:40:36.536Z","caller":"ipamd/ipamd.go:1251","msg":"Found ENI eni-EXAMPLE22 that has less than the maximum number of IP/Prefixes addresses allocated: cur=0, max=5"}
{"level":"info","ts":"2026-10-05T08:40:36.536Z","caller":"ipamd/ipamd.go:1255","msg":"Trying to allocate 1 IP addresses on ENI eni-EXAMPLE22"}
{"level":"debug","ts":"2026-10-05T08:40:36.536Z","caller":"ipamd/ipamd.go:1255","msg":"PD enabled - true"}
{"level":"debug","ts":"2026-10-05T08:40:36.956Z","caller":"awsutils/awsutils.go:2174","msg":"checkAPIErrorAndBroadcastEvent resulted in operation error EC2: AssignPrivateIpAddresses, https response error StatusCode: 400, RequestID: 7a7748bf-4c7e-4ec2-8bf4-5752e662b08e, api error InsufficientCidrBlocks: The specified subnet does not have enough free cidr blocks to satisfy the request."}
{"level":"error","ts":"2026-10-05T08:40:36.957Z","caller":"ipamd/ipamd.go:1255","msg":"Failed to allocate a private IP/Prefix addresses on ENI eni-EXAMPLE22: operation error EC2: AssignPrivateIpAddresses, https response error StatusCode: 400, RequestID: 7a7748bf-4c7e-4ec2-8bf4-5752e662b08e, api error InsufficientCidrBlocks: The specified subnet does not have enough free cidr blocks to satisfy the request."}
{"level":"debug","ts":"2026-10-05T08:40:36.957Z","caller":"ipamd/ipamd.go:1256","msg":"containsPrivateIPAddressLimitExceededError encountered operation error EC2: AssignPrivateIpAddresses, https response error StatusCode: 400, RequestID: 7a7748bf-4c7e-4ec2-8bf4-5752e662b08e, api error InsufficientCidrBlocks: The specified subnet does not have enough free cidr blocks to satisfy the request."}
{"level":"warn","ts":"2026-10-05T08:40:36.957Z","caller":"ipamd/ipamd.go:1113","msg":"failed to allocate all available IPv4 Prefixes on ENI eni-EXAMPLE22, err: operation error EC2: AssignPrivateIpAddresses, https response error StatusCode: 400, RequestID: 7a7748bf-4c7e-4ec2-8bf4-5752e662b08e, api error InsufficientCidrBlocks: The specified subnet does not have enough free cidr blocks to satisfy the request."}
{"level":"info","ts":"2026-10-05T08:40:36.957Z","caller":"ipamd/ipamd.go:1259","msg":"Trying to allocate 1 IP addresses on ENI eni-EXAMPLE22"}
{"level":"debug","ts":"2026-10-05T08:40:36.957Z","caller":"ipamd/ipamd.go:1259","msg":"PD enabled - true"}
{"level":"debug","ts":"2026-10-05T08:40:37.437Z","caller":"awsutils/awsutils.go:2174","msg":"checkAPIErrorAndBroadcastEvent resulted in operation error EC2: AssignPrivateIpAddresses, https response error StatusCode: 400, RequestID: 60471d95-fe29-435d-9876-30f49b289b26, api error InsufficientCidrBlocks: The specified subnet does not have enough free cidr blocks to satisfy the request."}
{"level":"error","ts":"2026-10-05T08:40:37.437Z","caller":"ipamd/ipamd.go:1259","msg":"Failed to allocate a private IP/Prefix addresses on ENI eni-EXAMPLE22: operation error EC2: AssignPrivateIpAddresses, https response error StatusCode: 400, RequestID: 60471d95-fe29-435d-9876-30f49b289b26, api error InsufficientCidrBlocks: The specified subnet does not have enough free cidr blocks to satisfy the request."}
{"level":"debug","ts":"2026-10-05T08:40:37.437Z","caller":"ipamd/ipamd.go:1260","msg":"containsPrivateIPAddressLimitExceededError encountered operation error EC2: AssignPrivateIpAddresses, https response error StatusCode: 400, RequestID: 60471d95-fe29-435d-9876-30f49b289b26, api error InsufficientCidrBlocks: The specified subnet does not have enough free cidr blocks to satisfy the request."}
{"level":"debug","ts":"2026-10-05T08:40:37.437Z","caller":"ipamd/ipamd.go:1262","msg":"containsInsufficientCIDRsOrSubnetIPs encountered operation error EC2: AssignPrivateIpAddresses, https response error StatusCode: 400, RequestID: 60471d95-fe29-435d-9876-30f49b289b26, api error InsufficientCidrBlocks: The specified subnet does not have enough free cidr blocks to satisfy the request."}
{"level":"debug","ts":"2026-10-05T08:40:37.437Z","caller":"ipamd/ipamd.go:1262","msg":"Insufficient IP Addresses due to: InsufficientCidrBlocks\n"}
{"level":"debug","ts":"2026-10-05T08:40:37.437Z","caller":"ipamd/ipamd.go:1003","msg":"hasRoomForEni: networkCard=0, currentENIs=1, currentUsableENIs=1, maxENI=3, unmanagedENI=0, trunkEni=0, excludedENI=0, hasRoom=true"}
{"level":"debug","ts":"2026-10-05T08:40:37.437Z","caller":"ipamd/ipamd.go:2758","msg":"Prefix target is 1, short of 1 prefixes, free 0 prefixes"}
{"level":"debug","ts":"2026-10-05T08:40:37.437Z","caller":"ipamd/ipamd.go:2595","msg":"ToAllocate: 1, Network Card 0"}
{"level":"info","ts":"2026-10-05T08:40:37.437Z","caller":"awsutils/awsutils.go:1044","msg":"Trying to allocate 1 IP addresses on new ENI"}
{"level":"debug","ts":"2026-10-05T08:40:37.437Z","caller":"awsutils/awsutils.go:1044","msg":"PD enabled - true"}
{"level":"debug","ts":"2026-10-05T08:40:37.695Z","caller":"awsutils/awsutils.go:1272","msg":"Primary subnet subnet-EXAMPLE1 has no kubernetes.io/role/cni tag, including it for ENI creation (backwards compatibility)"}
{"level":"info","ts":"2026-10-05T08:40:37.695Z","caller":"awsutils/awsutils.go:1044","msg":"Creating ENI with security groups: [sg-EXAMPLE1] in subnet: subnet-EXAMPLE1"}
{"level":"debug","ts":"2026-10-05T08:40:37.915Z","caller":"awsutils/awsutils.go:1449","msg":"checkAPIErrorAndBroadcastEvent resulted in operation error EC2: CreateNetworkInterface, https response error StatusCode: 400, RequestID: 8993ea95-3c0c-4c34-b8b4-628b6a1854bc, api error InvalidParameterValue: There aren't sufficient free Ipv4 addresses or prefixes"}
{"level":"error","ts":"2026-10-05T08:40:37.915Z","caller":"awsutils/awsutils.go:1285","msg":"Failed to CreateNetworkInterface operation error EC2: CreateNetworkInterface, https response error StatusCode: 400, RequestID: 8993ea95-3c0c-4c34-b8b4-628b6a1854bc, api error InvalidParameterValue: There aren't sufficient free Ipv4 addresses or prefixes for subnet subnet-EXAMPLE1"}
{"level":"debug","ts":"2026-10-05T08:40:37.915Z","caller":"awsutils/awsutils.go:1272","msg":"Subnet subnet-EXAMPLE2 has no kubernetes.io/role/cni tag, excluding it from ENI creation"}
{"level":"error","ts":"2026-10-05T08:40:37.915Z","caller":"ipamd/ipamd.go:1004","msg":"Failed to increase pool size due to not able to allocate ENI AllocENI: failed to create ENI: failed to create network interface: operation error EC2: CreateNetworkInterface, https response error StatusCode: 400, RequestID: 8993ea95-3c0c-4c34-b8b4-628b6a1854bc, api error InvalidParameterValue: There aren't sufficient free Ipv4 addresses or prefixes"}
{"level":"warn","ts":"2026-10-05T08:40:37.915Z","caller":"ipamd/ipamd.go:1004","msg":"Failed to allocate 1 IP addresses on an ENI: AllocENI: failed to create ENI: failed to create network interface: operation error EC2: CreateNetworkInterface, https response error StatusCode: 400, RequestID: 8993ea95-3c0c-4c34-b8b4-628b6a1854bc, api error InvalidParameterValue: There aren't sufficient free Ipv4 addresses or prefixes"}
{"level":"debug","ts":"2026-10-05T08:40:37.915Z","caller":"ipamd/ipamd.go:1082","msg":"containsInsufficientCIDRsOrSubnetIPs encountered AllocENI: failed to create ENI: failed to create network interface: operation error EC2: CreateNetworkInterface, https response error StatusCode: 400, RequestID: 8993ea95-3c0c-4c34-b8b4-628b6a1854bc, api error InvalidParameterValue: There aren't sufficient free Ipv4 addresses or prefixes"}
{"level":"debug","ts":"2026-10-05T08:40:37.915Z","caller":"ipamd/ipamd.go:1082","msg":"Insufficient IP Addresses due to: InvalidParameterValue\n"}
{"level":"debug","ts":"2026-10-05T08:40:37.915Z","caller":"ipamd/ipamd.go:813","msg":"Error trying to allocate ENI: AllocENI: failed to create ENI: failed to create network interface: operation error EC2: CreateNetworkInterface, https response error StatusCode: 400, RequestID: 8993ea95-3c0c-4c34-b8b4-628b6a1854bc, api error InvalidParameterValue: There aren't sufficient free Ipv4 addresses or prefixes"}
{"level":"debug","ts":"2026-10-05T08:40:37.915Z","caller":"ipamd/ipamd.go:1548","msg":"ENI eni-EXAMPLE22 cannot be deleted because it is primary"}
{"level":"debug","ts":"2026-10-05T08:40:42.916Z","caller":"ipamd/ipamd.go:809","msg":"IP pool is too low for Network Card 0: available (0) < ENI target (1) * addrsPerENI (16)"}
{"level":"debug","ts":"2026-10-05T08:40:42.916Z","caller":"ipamd/ipamd.go:2689","msg":"Prefix pool stats for network card 0: Total IPs/Prefixes = 0/0, AssignedIPs/CooldownIPs: 0/0, c.maxIPsPerENI = 80"}
{"level":"debug","ts":"2026-10-05T08:40:42.916Z","caller":"ipamd/ipamd.go:795","msg":"IP stats for Network Card 0 - total IPs: 0, assigned IPs: 0, cooldown IPs: 0"}
{"level":"debug","ts":"2026-10-05T08:40:42.916Z","caller":"ipamd/ipamd.go:813","msg":"Starting to increase pool size for network card 0"}
{"level":"debug","ts":"2026-10-05T08:40:42.916Z","caller":"ipamd/ipamd.go:966","msg":"Node found \"ip-10-20-0-61.ec2.internal\" - no of taints - 0"}
{"level":"debug","ts":"2026-10-05T08:40:42.916Z","caller":"ipamd/ipamd.go:2758","msg":"Prefix target is 1, short of 1 prefixes, free 0 prefixes"}
{"level":"debug","ts":"2026-10-05T08:40:42.916Z","caller":"ipamd/ipamd.go:1248","msg":"ToAllocate: 1, Network Card 0"}
{"level":"debug","ts":"2026-10-05T08:40:42.916Z","caller":"ipamd/ipamd.go:1251","msg":"Found ENI eni-EXAMPLE22 that has less than the maximum number of IP/Prefixes addresses allocated: cur=0, max=5"}
{"level":"info","ts":"2026-10-05T08:40:42.916Z","caller":"ipamd/ipamd.go:1255","msg":"Trying to allocate 1 IP addresses on ENI eni-EXAMPLE22"}
{"level":"debug","ts":"2026-10-05T08:40:42.916Z","caller":"ipamd/ipamd.go:1255","msg":"PD enabled - true"}
{"level":"debug","ts":"2026-10-05T08:40:43.317Z","caller":"awsutils/awsutils.go:2174","msg":"checkAPIErrorAndBroadcastEvent resulted in operation error EC2: AssignPrivateIpAddresses, https response error StatusCode: 400, RequestID: 9dd6e2b9-70e7-4698-919f-ee70e26d9b8d, api error InsufficientCidrBlocks: The specified subnet does not have enough free cidr blocks to satisfy the request."}
{"level":"error","ts":"2026-10-05T08:40:43.317Z","caller":"ipamd/ipamd.go:1255","msg":"Failed to allocate a private IP/Prefix addresses on ENI eni-EXAMPLE22: operation error EC2: AssignPrivateIpAddresses, https response error StatusCode: 400, RequestID: 9dd6e2b9-70e7-4698-919f-ee70e26d9b8d, api error InsufficientCidrBlocks: The specified subnet does not have enough free cidr blocks to satisfy the request."}
{"level":"debug","ts":"2026-10-05T08:40:43.317Z","caller":"ipamd/ipamd.go:1256","msg":"containsPrivateIPAddressLimitExceededError encountered operation error EC2: AssignPrivateIpAddresses, https response error StatusCode: 400, RequestID: 9dd6e2b9-70e7-4698-919f-ee70e26d9b8d, api error InsufficientCidrBlocks: The specified subnet does not have enough free cidr blocks to satisfy the request."}
{"level":"warn","ts":"2026-10-05T08:40:43.317Z","caller":"ipamd/ipamd.go:1113","msg":"failed to allocate all available IPv4 Prefixes on ENI eni-EXAMPLE22, err: operation error EC2: AssignPrivateIpAddresses, https response error StatusCode: 400, RequestID: 9dd6e2b9-70e7-4698-919f-ee70e26d9b8d, api error InsufficientCidrBlocks: The specified subnet does not have enough free cidr blocks to satisfy the request."}
{"level":"info","ts":"2026-10-05T08:40:43.317Z","caller":"ipamd/ipamd.go:1259","msg":"Trying to allocate 1 IP addresses on ENI eni-EXAMPLE22"}
{"level":"debug","ts":"2026-10-05T08:40:43.317Z","caller":"ipamd/ipamd.go:1259","msg":"PD enabled - true"}
{"level":"debug","ts":"2026-10-05T08:40:43.760Z","caller":"awsutils/awsutils.go:2174","msg":"checkAPIErrorAndBroadcastEvent resulted in operation error EC2: AssignPrivateIpAddresses, https response error StatusCode: 400, RequestID: e53d8aab-bf90-49e9-92a2-9f83d7ed72aa, api error InsufficientCidrBlocks: The specified subnet does not have enough free cidr blocks to satisfy the request."}
{"level":"error","ts":"2026-10-05T08:40:43.760Z","caller":"ipamd/ipamd.go:1259","msg":"Failed to allocate a private IP/Prefix addresses on ENI eni-EXAMPLE22: operation error EC2: AssignPrivateIpAddresses, https response error StatusCode: 400, RequestID: e53d8aab-bf90-49e9-92a2-9f83d7ed72aa, api error InsufficientCidrBlocks: The specified subnet does not have enough free cidr blocks to satisfy the request."}
{"level":"debug","ts":"2026-10-05T08:40:43.760Z","caller":"ipamd/ipamd.go:1260","msg":"containsPrivateIPAddressLimitExceededError encountered operation error EC2: AssignPrivateIpAddresses, https response error StatusCode: 400, RequestID: e53d8aab-bf90-49e9-92a2-9f83d7ed72aa, api error InsufficientCidrBlocks: The specified subnet does not have enough free cidr blocks to satisfy the request."}
{"level":"debug","ts":"2026-10-05T08:40:43.760Z","caller":"ipamd/ipamd.go:1262","msg":"containsInsufficientCIDRsOrSubnetIPs encountered operation error EC2: AssignPrivateIpAddresses, https response error StatusCode: 400, RequestID: e53d8aab-bf90-49e9-92a2-9f83d7ed72aa, api error InsufficientCidrBlocks: The specified subnet does not have enough free cidr blocks to satisfy the request."}
{"level":"debug","ts":"2026-10-05T08:40:43.760Z","caller":"ipamd/ipamd.go:1262","msg":"Insufficient IP Addresses due to: InsufficientCidrBlocks\n"}
{"level":"debug","ts":"2026-10-05T08:40:43.760Z","caller":"ipamd/ipamd.go:1003","msg":"hasRoomForEni: networkCard=0, currentENIs=1, currentUsableENIs=1, maxENI=3, unmanagedENI=0, trunkEni=0, excludedENI=0, hasRoom=true"}
{"level":"debug","ts":"2026-10-05T08:40:43.760Z","caller":"ipamd/ipamd.go:2758","msg":"Prefix target is 1, short of 1 prefixes, free 0 prefixes"}
{"level":"debug","ts":"2026-10-05T08:40:43.760Z","caller":"ipamd/ipamd.go:2595","msg":"ToAllocate: 1, Network Card 0"}
{"level":"info","ts":"2026-10-05T08:40:43.760Z","caller":"awsutils/awsutils.go:1044","msg":"Trying to allocate 1 IP addresses on new ENI"}
{"level":"debug","ts":"2026-10-05T08:40:43.760Z","caller":"awsutils/awsutils.go:1044","msg":"PD enabled - true"}
{"level":"debug","ts":"2026-10-05T08:40:44.158Z","caller":"awsutils/awsutils.go:1272","msg":"Primary subnet subnet-EXAMPLE1 has no kubernetes.io/role/cni tag, including it for ENI creation (backwards compatibility)"}
{"level":"info","ts":"2026-10-05T08:40:44.158Z","caller":"awsutils/awsutils.go:1044","msg":"Creating ENI with security groups: [sg-EXAMPLE1] in subnet: subnet-EXAMPLE1"}
{"level":"debug","ts":"2026-10-05T08:40:44.419Z","caller":"awsutils/awsutils.go:1449","msg":"checkAPIErrorAndBroadcastEvent resulted in operation error EC2: CreateNetworkInterface, https response error StatusCode: 400, RequestID: 05e1c1fd-8299-4f8f-b6b7-4eb5749dea37, api error InvalidParameterValue: There aren't sufficient free Ipv4 addresses or prefixes"}
{"level":"error","ts":"2026-10-05T08:40:44.419Z","caller":"awsutils/awsutils.go:1285","msg":"Failed to CreateNetworkInterface operation error EC2: CreateNetworkInterface, https response error StatusCode: 400, RequestID: 05e1c1fd-8299-4f8f-b6b7-4eb5749dea37, api error InvalidParameterValue: There aren't sufficient free Ipv4 addresses or prefixes for subnet subnet-EXAMPLE1"}
{"level":"debug","ts":"2026-10-05T08:40:44.419Z","caller":"awsutils/awsutils.go:1272","msg":"Subnet subnet-EXAMPLE2 has no kubernetes.io/role/cni tag, excluding it from ENI creation"}
{"level":"error","ts":"2026-10-05T08:40:44.419Z","caller":"ipamd/ipamd.go:1004","msg":"Failed to increase pool size due to not able to allocate ENI AllocENI: failed to create ENI: failed to create network interface: operation error EC2: CreateNetworkInterface, https response error StatusCode: 400, RequestID: 05e1c1fd-8299-4f8f-b6b7-4eb5749dea37, api error InvalidParameterValue: There aren't sufficient free Ipv4 addresses or prefixes"}
{"level":"warn","ts":"2026-10-05T08:40:44.419Z","caller":"ipamd/ipamd.go:1004","msg":"Failed to allocate 1 IP addresses on an ENI: AllocENI: failed to create ENI: failed to create network interface: operation error EC2: CreateNetworkInterface, https response error StatusCode: 400, RequestID: 05e1c1fd-8299-4f8f-b6b7-4eb5749dea37, api error InvalidParameterValue: There aren't sufficient free Ipv4 addresses or prefixes"}
{"level":"debug","ts":"2026-10-05T08:40:44.419Z","caller":"ipamd/ipamd.go:1082","msg":"containsInsufficientCIDRsOrSubnetIPs encountered AllocENI: failed to create ENI: failed to create network interface: operation error EC2: CreateNetworkInterface, https response error StatusCode: 400, RequestID: 05e1c1fd-8299-4f8f-b6b7-4eb5749dea37, api error InvalidParameterValue: There aren't sufficient free Ipv4 addresses or prefixes"}
{"level":"debug","ts":"2026-10-05T08:40:44.419Z","caller":"ipamd/ipamd.go:1082","msg":"Insufficient IP Addresses due to: InvalidParameterValue\n"}
{"level":"debug","ts":"2026-10-05T08:40:44.419Z","caller":"ipamd/ipamd.go:813","msg":"Error trying to allocate ENI: AllocENI: failed to create ENI: failed to create network interface: operation error EC2: CreateNetworkInterface, https response error StatusCode: 400, RequestID: 05e1c1fd-8299-4f8f-b6b7-4eb5749dea37, api error InvalidParameterValue: There aren't sufficient free Ipv4 addresses or prefixes"}
{"level":"debug","ts":"2026-10-05T08:40:44.419Z","caller":"ipamd/ipamd.go:1548","msg":"ENI eni-EXAMPLE22 cannot be deleted because it is primary"}
{"level":"debug","ts":"2026-10-05T08:40:49.421Z","caller":"ipamd/ipamd.go:809","msg":"IP pool is too low for Network Card 0: available (0) < ENI target (1) * addrsPerENI (16)"}
{"level":"debug","ts":"2026-10-05T08:40:49.421Z","caller":"ipamd/ipamd.go:2689","msg":"Prefix pool stats for network card 0: Total IPs/Prefixes = 0/0, AssignedIPs/CooldownIPs: 0/0, c.maxIPsPerENI = 80"}
{"level":"debug","ts":"2026-10-05T08:40:49.422Z","caller":"ipamd/ipamd.go:795","msg":"IP stats for Network Card 0 - total IPs: 0, assigned IPs: 0, cooldown IPs: 0"}
{"level":"debug","ts":"2026-10-05T08:40:49.422Z","caller":"ipamd/ipamd.go:813","msg":"Starting to increase pool size for network card 0"}
{"level":"debug","ts":"2026-10-05T08:40:49.422Z","caller":"ipamd/ipamd.go:966","msg":"Node found \"ip-10-20-0-61.ec2.internal\" - no of taints - 0"}
{"level":"debug","ts":"2026-10-05T08:40:49.422Z","caller":"ipamd/ipamd.go:2758","msg":"Prefix target is 1, short of 1 prefixes, free 0 prefixes"}
{"level":"debug","ts":"2026-10-05T08:40:49.422Z","caller":"ipamd/ipamd.go:1248","msg":"ToAllocate: 1, Network Card 0"}
{"level":"debug","ts":"2026-10-05T08:40:49.422Z","caller":"ipamd/ipamd.go:1251","msg":"Found ENI eni-EXAMPLE22 that has less than the maximum number of IP/Prefixes addresses allocated: cur=0, max=5"}
{"level":"info","ts":"2026-10-05T08:40:49.422Z","caller":"ipamd/ipamd.go:1255","msg":"Trying to allocate 1 IP addresses on ENI eni-EXAMPLE22"}
{"level":"debug","ts":"2026-10-05T08:40:49.422Z","caller":"ipamd/ipamd.go:1255","msg":"PD enabled - true"}
{"level":"debug","ts":"2026-10-05T08:40:49.795Z","caller":"awsutils/awsutils.go:2174","msg":"checkAPIErrorAndBroadcastEvent resulted in operation error EC2: AssignPrivateIpAddresses, https response error StatusCode: 400, RequestID: e97037a5-f336-4928-8631-4b253daaa21b, api error InsufficientCidrBlocks: The specified subnet does not have enough free cidr blocks to satisfy the request."}
{"level":"error","ts":"2026-10-05T08:40:49.795Z","caller":"ipamd/ipamd.go:1255","msg":"Failed to allocate a private IP/Prefix addresses on ENI eni-EXAMPLE22: operation error EC2: AssignPrivateIpAddresses, https response error StatusCode: 400, RequestID: e97037a5-f336-4928-8631-4b253daaa21b, api error InsufficientCidrBlocks: The specified subnet does not have enough free cidr blocks to satisfy the request."}
{"level":"debug","ts":"2026-10-05T08:40:49.795Z","caller":"ipamd/ipamd.go:1256","msg":"containsPrivateIPAddressLimitExceededError encountered operation error EC2: AssignPrivateIpAddresses, https response error StatusCode: 400, RequestID: e97037a5-f336-4928-8631-4b253daaa21b, api error InsufficientCidrBlocks: The specified subnet does not have enough free cidr blocks to satisfy the request."}
{"level":"warn","ts":"2026-10-05T08:40:49.795Z","caller":"ipamd/ipamd.go:1113","msg":"failed to allocate all available IPv4 Prefixes on ENI eni-EXAMPLE22, err: operation error EC2: AssignPrivateIpAddresses, https response error StatusCode: 400, RequestID: e97037a5-f336-4928-8631-4b253daaa21b, api error InsufficientCidrBlocks: The specified subnet does not have enough free cidr blocks to satisfy the request."}
{"level":"info","ts":"2026-10-05T08:40:49.795Z","caller":"ipamd/ipamd.go:1259","msg":"Trying to allocate 1 IP addresses on ENI eni-EXAMPLE22"}
{"level":"debug","ts":"2026-10-05T08:40:49.795Z","caller":"ipamd/ipamd.go:1259","msg":"PD enabled - true"}
{"level":"debug","ts":"2026-10-05T08:40:50.302Z","caller":"awsutils/awsutils.go:2174","msg":"checkAPIErrorAndBroadcastEvent resulted in operation error EC2: AssignPrivateIpAddresses, https response error StatusCode: 400, RequestID: 1fe1b500-60b3-498b-a79b-29fc935aea91, api error InsufficientCidrBlocks: The specified subnet does not have enough free cidr blocks to satisfy the request."}
{"level":"error","ts":"2026-10-05T08:40:50.302Z","caller":"ipamd/ipamd.go:1259","msg":"Failed to allocate a private IP/Prefix addresses on ENI eni-EXAMPLE22: operation error EC2: AssignPrivateIpAddresses, https response error StatusCode: 400, RequestID: 1fe1b500-60b3-498b-a79b-29fc935aea91, api error InsufficientCidrBlocks: The specified subnet does not have enough free cidr blocks to satisfy the request."}
{"level":"debug","ts":"2026-10-05T08:40:50.302Z","caller":"ipamd/ipamd.go:1260","msg":"containsPrivateIPAddressLimitExceededError encountered operation error EC2: AssignPrivateIpAddresses, https response error StatusCode: 400, RequestID: 1fe1b500-60b3-498b-a79b-29fc935aea91, api error InsufficientCidrBlocks: The specified subnet does not have enough free cidr blocks to satisfy the request."}
{"level":"debug","ts":"2026-10-05T08:40:50.302Z","caller":"ipamd/ipamd.go:1262","msg":"containsInsufficientCIDRsOrSubnetIPs encountered operation error EC2: AssignPrivateIpAddresses, https response error StatusCode: 400, RequestID: 1fe1b500-60b3-498b-a79b-29fc935aea91, api error InsufficientCidrBlocks: The specified subnet does not have enough free cidr blocks to satisfy the request."}
{"level":"debug","ts":"2026-10-05T08:40:50.302Z","caller":"ipamd/ipamd.go:1262","msg":"Insufficient IP Addresses due to: InsufficientCidrBlocks\n"}
{"level":"debug","ts":"2026-10-05T08:40:50.302Z","caller":"ipamd/ipamd.go:1003","msg":"hasRoomForEni: networkCard=0, currentENIs=1, currentUsableENIs=1, maxENI=3, unmanagedENI=0, trunkEni=0, excludedENI=0, hasRoom=true"}
{"level":"debug","ts":"2026-10-05T08:40:50.302Z","caller":"ipamd/ipamd.go:2758","msg":"Prefix target is 1, short of 1 prefixes, free 0 prefixes"}
{"level":"debug","ts":"2026-10-05T08:40:50.302Z","caller":"ipamd/ipamd.go:2595","msg":"ToAllocate: 1, Network Card 0"}
{"level":"info","ts":"2026-10-05T08:40:50.302Z","caller":"awsutils/awsutils.go:1044","msg":"Trying to allocate 1 IP addresses on new ENI"}
{"level":"debug","ts":"2026-10-05T08:40:50.302Z","caller":"awsutils/awsutils.go:1044","msg":"PD enabled - true"}
{"level":"debug","ts":"2026-10-05T08:40:50.553Z","caller":"awsutils/awsutils.go:1272","msg":"Primary subnet subnet-EXAMPLE1 has no kubernetes.io/role/cni tag, including it for ENI creation (backwards compatibility)"}
{"level":"info","ts":"2026-10-05T08:40:50.553Z","caller":"awsutils/awsutils.go:1044","msg":"Creating ENI with security groups: [sg-EXAMPLE1] in subnet: subnet-EXAMPLE1"}
{"level":"debug","ts":"2026-10-05T08:40:50.776Z","caller":"awsutils/awsutils.go:1449","msg":"checkAPIErrorAndBroadcastEvent resulted in operation error EC2: CreateNetworkInterface, https response error StatusCode: 400, RequestID: 0c1d3f13-472b-4787-93d8-08c0d26914a9, api error InvalidParameterValue: There aren't sufficient free Ipv4 addresses or prefixes"}
{"level":"error","ts":"2026-10-05T08:40:50.776Z","caller":"awsutils/awsutils.go:1285","msg":"Failed to CreateNetworkInterface operation error EC2: CreateNetworkInterface, https response error StatusCode: 400, RequestID: 0c1d3f13-472b-4787-93d8-08c0d26914a9, api error InvalidParameterValue: There aren't sufficient free Ipv4 addresses or prefixes for subnet subnet-EXAMPLE1"}
{"level":"debug","ts":"2026-10-05T08:40:50.776Z","caller":"awsutils/awsutils.go:1272","msg":"Subnet subnet-EXAMPLE2 has no kubernetes.io/role/cni tag, excluding it from ENI creation"}
{"level":"error","ts":"2026-10-05T08:40:50.776Z","caller":"ipamd/ipamd.go:1004","msg":"Failed to increase pool size due to not able to allocate ENI AllocENI: failed to create ENI: failed to create network interface: operation error EC2: CreateNetworkInterface, https response error StatusCode: 400, RequestID: 0c1d3f13-472b-4787-93d8-08c0d26914a9, api error InvalidParameterValue: There aren't sufficient free Ipv4 addresses or prefixes"}
{"level":"warn","ts":"2026-10-05T08:40:50.776Z","caller":"ipamd/ipamd.go:1004","msg":"Failed to allocate 1 IP addresses on an ENI: AllocENI: failed to create ENI: failed to create network interface: operation error EC2: CreateNetworkInterface, https response error StatusCode: 400, RequestID: 0c1d3f13-472b-4787-93d8-08c0d26914a9, api error InvalidParameterValue: There aren't sufficient free Ipv4 addresses or prefixes"}
{"level":"debug","ts":"2026-10-05T08:40:50.776Z","caller":"ipamd/ipamd.go:1082","msg":"containsInsufficientCIDRsOrSubnetIPs encountered AllocENI: failed to create ENI: failed to create network interface: operation error EC2: CreateNetworkInterface, https response error StatusCode: 400, RequestID: 0c1d3f13-472b-4787-93d8-08c0d26914a9, api error InvalidParameterValue: There aren't sufficient free Ipv4 addresses or prefixes"}
{"level":"debug","ts":"2026-10-05T08:40:50.776Z","caller":"ipamd/ipamd.go:1082","msg":"Insufficient IP Addresses due to: InvalidParameterValue\n"}
{"level":"debug","ts":"2026-10-05T08:40:50.776Z","caller":"ipamd/ipamd.go:813","msg":"Error trying to allocate ENI: AllocENI: failed to create ENI: failed to create network interface: operation error EC2: CreateNetworkInterface, https response error StatusCode: 400, RequestID: 0c1d3f13-472b-4787-93d8-08c0d26914a9, api error InvalidParameterValue: There aren't sufficient free Ipv4 addresses or prefixes"}
{"level":"debug","ts":"2026-10-05T08:40:50.776Z","caller":"ipamd/ipamd.go:1548","msg":"ENI eni-EXAMPLE22 cannot be deleted because it is primary"}
{"level":"debug","ts":"2026-10-05T08:40:53.277Z","caller":"ipamd/ipamd.go:798","msg":"Reconciling ENI/IP pool info because time since last 1m3.540736954s > 1m0s"}
{"level":"debug","ts":"2026-10-05T08:40:53.280Z","caller":"ipamd/ipamd.go:1621","msg":"Total number of interfaces found: 1 "}
{"level":"debug","ts":"2026-10-05T08:40:53.280Z","caller":"awsutils/awsutils.go:787","msg":"Found ENI MAC address: 0a:ff:ec:23:fa:99"}
{"level":"debug","ts":"2026-10-05T08:40:53.287Z","caller":"awsutils/awsutils.go:787","msg":"Found ENI: eni-EXAMPLE22, MAC 0a:ff:ec:23:fa:99, device 0"}
{"level":"debug","ts":"2026-10-05T08:40:53.290Z","caller":"awsutils/awsutils.go:787","msg":"Found IPv4 addresses associated with interface. This is not efa-only interface"}
{"level":"debug","ts":"2026-10-05T08:40:53.296Z","caller":"ipamd/ipamd.go:798","msg":"Reconcile existing ENI eni-EXAMPLE22 IP pool"}
{"level":"info","ts":"2026-10-05T08:40:53.296Z","caller":"ipamd/ipamd.go:1766","msg":"Reconcile and skip primary IP 10.20.0.61 on ENI eni-EXAMPLE22"}
{"level":"debug","ts":"2026-10-05T08:40:53.296Z","caller":"ipamd/ipamd.go:798","msg":"Reconcile existing ENI eni-EXAMPLE22 IP prefixes"}
{"level":"debug","ts":"2026-10-05T08:40:53.296Z","caller":"ipamd/ipamd.go:1693","msg":"Found prefix pool count 0 for eni eni-EXAMPLE22\n"}
{"level":"debug","ts":"2026-10-05T08:40:53.296Z","caller":"ipamd/ipamd.go:798","msg":"Successfully Reconciled ENI/IP pool"}
{"level":"debug","ts":"2026-10-05T08:40:53.296Z","caller":"ipamd/ipamd.go:1738","msg":"Prefix pool stats for network card 0: Total IPs/Prefixes = 0/0, AssignedIPs/CooldownIPs: 0/0, c.maxIPsPerENI = 80"}
{"level":"debug","ts":"2026-10-05T08:40:53.296Z","caller":"ipamd/ipamd.go:798","msg":"Primary IP for ENI eni-EXAMPLE22 is 10.20.0.61"}
{"level":"debug","ts":"2026-10-05T08:40:55.796Z","caller":"ipamd/ipamd.go:809","msg":"IP pool is too low for Network Card 0: available (0) < ENI target (1) * addrsPerENI (16)"}
{"level":"debug","ts":"2026-10-05T08:40:55.796Z","caller":"ipamd/ipamd.go:2689","msg":"Prefix pool stats for network card 0: Total IPs/Prefixes = 0/0, AssignedIPs/CooldownIPs: 0/0, c.maxIPsPerENI = 80"}
{"level":"debug","ts":"2026-10-05T08:40:55.796Z","caller":"ipamd/ipamd.go:795","msg":"IP stats for Network Card 0 - total IPs: 0, assigned IPs: 0, cooldown IPs: 0"}
{"level":"debug","ts":"2026-10-05T08:40:55.796Z","caller":"ipamd/ipamd.go:813","msg":"Starting to increase pool size for network card 0"}
{"level":"debug","ts":"2026-10-05T08:40:55.796Z","caller":"ipamd/ipamd.go:966","msg":"Node found \"ip-10-20-0-61.ec2.internal\" - no of taints - 0"}
{"level":"debug","ts":"2026-10-05T08:40:55.796Z","caller":"ipamd/ipamd.go:2758","msg":"Prefix target is 1, short of 1 prefixes, free 0 prefixes"}
{"level":"debug","ts":"2026-10-05T08:40:55.796Z","caller":"ipamd/ipamd.go:1248","msg":"ToAllocate: 1, Network Card 0"}
{"level":"debug","ts":"2026-10-05T08:40:55.796Z","caller":"ipamd/ipamd.go:1251","msg":"Found ENI eni-EXAMPLE22 that has less than the maximum number of IP/Prefixes addresses allocated: cur=0, max=5"}
{"level":"info","ts":"2026-10-05T08:40:55.796Z","caller":"ipamd/ipamd.go:1255","msg":"Trying to allocate 1 IP addresses on ENI eni-EXAMPLE22"}
{"level":"debug","ts":"2026-10-05T08:40:55.796Z","caller":"ipamd/ipamd.go:1255","msg":"PD enabled - true"}
{"level":"debug","ts":"2026-10-05T08:40:56.243Z","caller":"awsutils/awsutils.go:2174","msg":"checkAPIErrorAndBroadcastEvent resulted in operation error EC2: AssignPrivateIpAddresses, https response error StatusCode: 400, RequestID: 27381a18-47ef-4b36-8fe5-2961e20fd955, api error InsufficientCidrBlocks: The specified subnet does not have enough free cidr blocks to satisfy the request."}
{"level":"error","ts":"2026-10-05T08:40:56.243Z","caller":"ipamd/ipamd.go:1255","msg":"Failed to allocate a private IP/Prefix addresses on ENI eni-EXAMPLE22: operation error EC2: AssignPrivateIpAddresses, https response error StatusCode: 400, RequestID: 27381a18-47ef-4b36-8fe5-2961e20fd955, api error InsufficientCidrBlocks: The specified subnet does not have enough free cidr blocks to satisfy the request."}
{"level":"debug","ts":"2026-10-05T08:40:56.243Z","caller":"ipamd/ipamd.go:1256","msg":"containsPrivateIPAddressLimitExceededError encountered operation error EC2: AssignPrivateIpAddresses, https response error StatusCode: 400, RequestID: 27381a18-47ef-4b36-8fe5-2961e20fd955, api error InsufficientCidrBlocks: The specified subnet does not have enough free cidr blocks to satisfy the request."}
{"level":"warn","ts":"2026-10-05T08:40:56.243Z","caller":"ipamd/ipamd.go:1113","msg":"failed to allocate all available IPv4 Prefixes on ENI eni-EXAMPLE22, err: operation error EC2: AssignPrivateIpAddresses, https response error StatusCode: 400, RequestID: 27381a18-47ef-4b36-8fe5-2961e20fd955, api error InsufficientCidrBlocks: The specified subnet does not have enough free cidr blocks to satisfy the request."}
{"level":"info","ts":"2026-10-05T08:40:56.243Z","caller":"ipamd/ipamd.go:1259","msg":"Trying to allocate 1 IP addresses on ENI eni-EXAMPLE22"}
{"level":"debug","ts":"2026-10-05T08:40:56.243Z","caller":"ipamd/ipamd.go:1259","msg":"PD enabled - true"}
{"level":"debug","ts":"2026-10-05T08:40:56.739Z","caller":"awsutils/awsutils.go:2174","msg":"checkAPIErrorAndBroadcastEvent resulted in operation error EC2: AssignPrivateIpAddresses, https response error StatusCode: 400, RequestID: 081e11b2-eed9-4381-9aaa-330885a6f0e0, api error InsufficientCidrBlocks: The specified subnet does not have enough free cidr blocks to satisfy the request."}
{"level":"error","ts":"2026-10-05T08:40:56.739Z","caller":"ipamd/ipamd.go:1259","msg":"Failed to allocate a private IP/Prefix addresses on ENI eni-EXAMPLE22: operation error EC2: AssignPrivateIpAddresses, https response error StatusCode: 400, RequestID: 081e11b2-eed9-4381-9aaa-330885a6f0e0, api error InsufficientCidrBlocks: The specified subnet does not have enough free cidr blocks to satisfy the request."}
{"level":"debug","ts":"2026-10-05T08:40:56.739Z","caller":"ipamd/ipamd.go:1260","msg":"containsPrivateIPAddressLimitExceededError encountered operation error EC2: AssignPrivateIpAddresses, https response error StatusCode: 400, RequestID: 081e11b2-eed9-4381-9aaa-330885a6f0e0, api error InsufficientCidrBlocks: The specified subnet does not have enough free cidr blocks to satisfy the request."}
{"level":"debug","ts":"2026-10-05T08:40:56.739Z","caller":"ipamd/ipamd.go:1262","msg":"containsInsufficientCIDRsOrSubnetIPs encountered operation error EC2: AssignPrivateIpAddresses, https response error StatusCode: 400, RequestID: 081e11b2-eed9-4381-9aaa-330885a6f0e0, api error InsufficientCidrBlocks: The specified subnet does not have enough free cidr blocks to satisfy the request."}
{"level":"debug","ts":"2026-10-05T08:40:56.739Z","caller":"ipamd/ipamd.go:1262","msg":"Insufficient IP Addresses due to: InsufficientCidrBlocks\n"}
{"level":"debug","ts":"2026-10-05T08:40:56.740Z","caller":"ipamd/ipamd.go:1003","msg":"hasRoomForEni: networkCard=0, currentENIs=1, currentUsableENIs=1, maxENI=3, unmanagedENI=0, trunkEni=0, excludedENI=0, hasRoom=true"}
{"level":"debug","ts":"2026-10-05T08:40:56.740Z","caller":"ipamd/ipamd.go:2758","msg":"Prefix target is 1, short of 1 prefixes, free 0 prefixes"}
{"level":"debug","ts":"2026-10-05T08:40:56.740Z","caller":"ipamd/ipamd.go:2595","msg":"ToAllocate: 1, Network Card 0"}
{"level":"info","ts":"2026-10-05T08:40:56.740Z","caller":"awsutils/awsutils.go:1044","msg":"Trying to allocate 1 IP addresses on new ENI"}
{"level":"debug","ts":"2026-10-05T08:40:56.740Z","caller":"awsutils/awsutils.go:1044","msg":"PD enabled - true"}
{"level":"debug","ts":"2026-10-05T08:40:56.982Z","caller":"awsutils/awsutils.go:1272","msg":"Primary subnet subnet-EXAMPLE1 has no kubernetes.io/role/cni tag, including it for ENI creation (backwards compatibility)"}
{"level":"info","ts":"2026-10-05T08:40:56.982Z","caller":"awsutils/awsutils.go:1044","msg":"Creating ENI with security groups: [sg-EXAMPLE1] in subnet: subnet-EXAMPLE1"}
{"level":"debug","ts":"2026-10-05T08:40:57.242Z","caller":"awsutils/awsutils.go:1449","msg":"checkAPIErrorAndBroadcastEvent resulted in operation error EC2: CreateNetworkInterface, https response error StatusCode: 400, RequestID: b603b15b-b53c-4254-8b31-64443c581deb, api error InvalidParameterValue: There aren't sufficient free Ipv4 addresses or prefixes"}
{"level":"error","ts":"2026-10-05T08:40:57.242Z","caller":"awsutils/awsutils.go:1285","msg":"Failed to CreateNetworkInterface operation error EC2: CreateNetworkInterface, https response error StatusCode: 400, RequestID: b603b15b-b53c-4254-8b31-64443c581deb, api error InvalidParameterValue: There aren't sufficient free Ipv4 addresses or prefixes for subnet subnet-EXAMPLE1"}
{"level":"debug","ts":"2026-10-05T08:40:57.242Z","caller":"awsutils/awsutils.go:1272","msg":"Subnet subnet-EXAMPLE2 has no kubernetes.io/role/cni tag, excluding it from ENI creation"}
{"level":"error","ts":"2026-10-05T08:40:57.242Z","caller":"ipamd/ipamd.go:1004","msg":"Failed to increase pool size due to not able to allocate ENI AllocENI: failed to create ENI: failed to create network interface: operation error EC2: CreateNetworkInterface, https response error StatusCode: 400, RequestID: b603b15b-b53c-4254-8b31-64443c581deb, api error InvalidParameterValue: There aren't sufficient free Ipv4 addresses or prefixes"}
{"level":"warn","ts":"2026-10-05T08:40:57.242Z","caller":"ipamd/ipamd.go:1004","msg":"Failed to allocate 1 IP addresses on an ENI: AllocENI: failed to create ENI: failed to create network interface: operation error EC2: CreateNetworkInterface, https response error StatusCode: 400, RequestID: b603b15b-b53c-4254-8b31-64443c581deb, api error InvalidParameterValue: There aren't sufficient free Ipv4 addresses or prefixes"}
{"level":"debug","ts":"2026-10-05T08:40:57.242Z","caller":"ipamd/ipamd.go:1082","msg":"containsInsufficientCIDRsOrSubnetIPs encountered AllocENI: failed to create ENI: failed to create network interface: operation error EC2: CreateNetworkInterface, https response error StatusCode: 400, RequestID: b603b15b-b53c-4254-8b31-64443c581deb, api error InvalidParameterValue: There aren't sufficient free Ipv4 addresses or prefixes"}
{"level":"debug","ts":"2026-10-05T08:40:57.242Z","caller":"ipamd/ipamd.go:1082","msg":"Insufficient IP Addresses due to: InvalidParameterValue\n"}
{"level":"debug","ts":"2026-10-05T08:40:57.242Z","caller":"ipamd/ipamd.go:813","msg":"Error trying to allocate ENI: AllocENI: failed to create ENI: failed to create network interface: operation error EC2: CreateNetworkInterface, https response error StatusCode: 400, RequestID: b603b15b-b53c-4254-8b31-64443c581deb, api error InvalidParameterValue: There aren't sufficient free Ipv4 addresses or prefixes"}
{"level":"debug","ts":"2026-10-05T08:40:57.242Z","caller":"ipamd/ipamd.go:1548","msg":"ENI eni-EXAMPLE22 cannot be deleted because it is primary"}
{"level":"debug","ts":"2026-10-05T08:41:02.244Z","caller":"ipamd/ipamd.go:809","msg":"IP pool is too low for Network Card 0: available (0) < ENI target (1) * addrsPerENI (16)"}
{"level":"debug","ts":"2026-10-05T08:41:02.244Z","caller":"ipamd/ipamd.go:2689","msg":"Prefix pool stats for network card 0: Total IPs/Prefixes = 0/0, AssignedIPs/CooldownIPs: 0/0, c.maxIPsPerENI = 80"}
{"level":"debug","ts":"2026-10-05T08:41:02.245Z","caller":"ipamd/ipamd.go:795","msg":"IP stats for Network Card 0 - total IPs: 0, assigned IPs: 0, cooldown IPs: 0"}
{"level":"debug","ts":"2026-10-05T08:41:02.245Z","caller":"ipamd/ipamd.go:813","msg":"Starting to increase pool size for network card 0"}
{"level":"debug","ts":"2026-10-05T08:41:02.245Z","caller":"ipamd/ipamd.go:966","msg":"Node found \"ip-10-20-0-61.ec2.internal\" - no of taints - 0"}
{"level":"debug","ts":"2026-10-05T08:41:02.245Z","caller":"ipamd/ipamd.go:2758","msg":"Prefix target is 1, short of 1 prefixes, free 0 prefixes"}
{"level":"debug","ts":"2026-10-05T08:41:02.245Z","caller":"ipamd/ipamd.go:1248","msg":"ToAllocate: 1, Network Card 0"}
{"level":"debug","ts":"2026-10-05T08:41:02.246Z","caller":"ipamd/ipamd.go:1251","msg":"Found ENI eni-EXAMPLE22 that has less than the maximum number of IP/Prefixes addresses allocated: cur=0, max=5"}
{"level":"info","ts":"2026-10-05T08:41:02.246Z","caller":"ipamd/ipamd.go:1255","msg":"Trying to allocate 1 IP addresses on ENI eni-EXAMPLE22"}
{"level":"debug","ts":"2026-10-05T08:41:02.246Z","caller":"ipamd/ipamd.go:1255","msg":"PD enabled - true"}
{"level":"debug","ts":"2026-10-05T08:41:02.710Z","caller":"awsutils/awsutils.go:2174","msg":"checkAPIErrorAndBroadcastEvent resulted in operation error EC2: AssignPrivateIpAddresses, https response error StatusCode: 400, RequestID: 985a68fc-a9cb-4ad2-8c90-d00798988287, api error InsufficientCidrBlocks: The specified subnet does not have enough free cidr blocks to satisfy the request."}
{"level":"error","ts":"2026-10-05T08:41:02.710Z","caller":"ipamd/ipamd.go:1255","msg":"Failed to allocate a private IP/Prefix addresses on ENI eni-EXAMPLE22: operation error EC2: AssignPrivateIpAddresses, https response error StatusCode: 400, RequestID: 985a68fc-a9cb-4ad2-8c90-d00798988287, api error InsufficientCidrBlocks: The specified subnet does not have enough free cidr blocks to satisfy the request."}
{"level":"debug","ts":"2026-10-05T08:41:02.710Z","caller":"ipamd/ipamd.go:1256","msg":"containsPrivateIPAddressLimitExceededError encountered operation error EC2: AssignPrivateIpAddresses, https response error StatusCode: 400, RequestID: 985a68fc-a9cb-4ad2-8c90-d00798988287, api error InsufficientCidrBlocks: The specified subnet does not have enough free cidr blocks to satisfy the request."}
{"level":"warn","ts":"2026-10-05T08:41:02.710Z","caller":"ipamd/ipamd.go:1113","msg":"failed to allocate all available IPv4 Prefixes on ENI eni-EXAMPLE22, err: operation error EC2: AssignPrivateIpAddresses, https response error StatusCode: 400, RequestID: 985a68fc-a9cb-4ad2-8c90-d00798988287, api error InsufficientCidrBlocks: The specified subnet does not have enough free cidr blocks to satisfy the request."}
{"level":"info","ts":"2026-10-05T08:41:02.710Z","caller":"ipamd/ipamd.go:1259","msg":"Trying to allocate 1 IP addresses on ENI eni-EXAMPLE22"}
{"level":"debug","ts":"2026-10-05T08:41:02.710Z","caller":"ipamd/ipamd.go:1259","msg":"PD enabled - true"}
{"level":"debug","ts":"2026-10-05T08:41:03.260Z","caller":"awsutils/awsutils.go:2174","msg":"checkAPIErrorAndBroadcastEvent resulted in operation error EC2: AssignPrivateIpAddresses, https response error StatusCode: 400, RequestID: 7fd0f2d3-5f0b-4917-be01-e6c87ef43331, api error InsufficientCidrBlocks: The specified subnet does not have enough free cidr blocks to satisfy the request."}
{"level":"error","ts":"2026-10-05T08:41:03.260Z","caller":"ipamd/ipamd.go:1259","msg":"Failed to allocate a private IP/Prefix addresses on ENI eni-EXAMPLE22: operation error EC2: AssignPrivateIpAddresses, https response error StatusCode: 400, RequestID: 7fd0f2d3-5f0b-4917-be01-e6c87ef43331, api error InsufficientCidrBlocks: The specified subnet does not have enough free cidr blocks to satisfy the request."}
{"level":"debug","ts":"2026-10-05T08:41:03.260Z","caller":"ipamd/ipamd.go:1260","msg":"containsPrivateIPAddressLimitExceededError encountered operation error EC2: AssignPrivateIpAddresses, https response error StatusCode: 400, RequestID: 7fd0f2d3-5f0b-4917-be01-e6c87ef43331, api error InsufficientCidrBlocks: The specified subnet does not have enough free cidr blocks to satisfy the request."}
{"level":"debug","ts":"2026-10-05T08:41:03.260Z","caller":"ipamd/ipamd.go:1262","msg":"containsInsufficientCIDRsOrSubnetIPs encountered operation error EC2: AssignPrivateIpAddresses, https response error StatusCode: 400, RequestID: 7fd0f2d3-5f0b-4917-be01-e6c87ef43331, api error InsufficientCidrBlocks: The specified subnet does not have enough free cidr blocks to satisfy the request."}
{"level":"debug","ts":"2026-10-05T08:41:03.260Z","caller":"ipamd/ipamd.go:1262","msg":"Insufficient IP Addresses due to: InsufficientCidrBlocks\n"}
{"level":"debug","ts":"2026-10-05T08:41:03.260Z","caller":"ipamd/ipamd.go:1003","msg":"hasRoomForEni: networkCard=0, currentENIs=1, currentUsableENIs=1, maxENI=3, unmanagedENI=0, trunkEni=0, excludedENI=0, hasRoom=true"}
{"level":"debug","ts":"2026-10-05T08:41:03.260Z","caller":"ipamd/ipamd.go:2758","msg":"Prefix target is 1, short of 1 prefixes, free 0 prefixes"}
{"level":"debug","ts":"2026-10-05T08:41:03.260Z","caller":"ipamd/ipamd.go:2595","msg":"ToAllocate: 1, Network Card 0"}
{"level":"info","ts":"2026-10-05T08:41:03.260Z","caller":"awsutils/awsutils.go:1044","msg":"Trying to allocate 1 IP addresses on new ENI"}
{"level":"debug","ts":"2026-10-05T08:41:03.260Z","caller":"awsutils/awsutils.go:1044","msg":"PD enabled - true"}
{"level":"debug","ts":"2026-10-05T08:41:03.512Z","caller":"awsutils/awsutils.go:1272","msg":"Primary subnet subnet-EXAMPLE1 has no kubernetes.io/role/cni tag, including it for ENI creation (backwards compatibility)"}
{"level":"info","ts":"2026-10-05T08:41:03.512Z","caller":"awsutils/awsutils.go:1044","msg":"Creating ENI with security groups: [sg-EXAMPLE1] in subnet: subnet-EXAMPLE1"}
{"level":"debug","ts":"2026-10-05T08:41:03.764Z","caller":"awsutils/awsutils.go:1449","msg":"checkAPIErrorAndBroadcastEvent resulted in operation error EC2: CreateNetworkInterface, https response error StatusCode: 400, RequestID: cb483e8c-c1b4-46f7-a099-6a1d6133be08, api error InvalidParameterValue: There aren't sufficient free Ipv4 addresses or prefixes"}
{"level":"error","ts":"2026-10-05T08:41:03.764Z","caller":"awsutils/awsutils.go:1285","msg":"Failed to CreateNetworkInterface operation error EC2: CreateNetworkInterface, https response error StatusCode: 400, RequestID: cb483e8c-c1b4-46f7-a099-6a1d6133be08, api error InvalidParameterValue: There aren't sufficient free Ipv4 addresses or prefixes for subnet subnet-EXAMPLE1"}
{"level":"debug","ts":"2026-10-05T08:41:03.764Z","caller":"awsutils/awsutils.go:1272","msg":"Subnet subnet-EXAMPLE2 has no kubernetes.io/role/cni tag, excluding it from ENI creation"}
{"level":"error","ts":"2026-10-05T08:41:03.764Z","caller":"ipamd/ipamd.go:1004","msg":"Failed to increase pool size due to not able to allocate ENI AllocENI: failed to create ENI: failed to create network interface: operation error EC2: CreateNetworkInterface, https response error StatusCode: 400, RequestID: cb483e8c-c1b4-46f7-a099-6a1d6133be08, api error InvalidParameterValue: There aren't sufficient free Ipv4 addresses or prefixes"}
{"level":"warn","ts":"2026-10-05T08:41:03.764Z","caller":"ipamd/ipamd.go:1004","msg":"Failed to allocate 1 IP addresses on an ENI: AllocENI: failed to create ENI: failed to create network interface: operation error EC2: CreateNetworkInterface, https response error StatusCode: 400, RequestID: cb483e8c-c1b4-46f7-a099-6a1d6133be08, api error InvalidParameterValue: There aren't sufficient free Ipv4 addresses or prefixes"}
{"level":"debug","ts":"2026-10-05T08:41:03.764Z","caller":"ipamd/ipamd.go:1082","msg":"containsInsufficientCIDRsOrSubnetIPs encountered AllocENI: failed to create ENI: failed to create network interface: operation error EC2: CreateNetworkInterface, https response error StatusCode: 400, RequestID: cb483e8c-c1b4-46f7-a099-6a1d6133be08, api error InvalidParameterValue: There aren't sufficient free Ipv4 addresses or prefixes"}
{"level":"debug","ts":"2026-10-05T08:41:03.764Z","caller":"ipamd/ipamd.go:1082","msg":"Insufficient IP Addresses due to: InvalidParameterValue\n"}
{"level":"debug","ts":"2026-10-05T08:41:03.764Z","caller":"ipamd/ipamd.go:813","msg":"Error trying to allocate ENI: AllocENI: failed to create ENI: failed to create network interface: operation error EC2: CreateNetworkInterface, https response error StatusCode: 400, RequestID: cb483e8c-c1b4-46f7-a099-6a1d6133be08, api error InvalidParameterValue: There aren't sufficient free Ipv4 addresses or prefixes"}
{"level":"debug","ts":"2026-10-05T08:41:03.764Z","caller":"ipamd/ipamd.go:1548","msg":"ENI eni-EXAMPLE22 cannot be deleted because it is primary"}
{"level":"debug","ts":"2026-10-05T08:41:08.765Z","caller":"ipamd/ipamd.go:809","msg":"IP pool is too low for Network Card 0: available (0) < ENI target (1) * addrsPerENI (16)"}
{"level":"debug","ts":"2026-10-05T08:41:08.765Z","caller":"ipamd/ipamd.go:2689","msg":"Prefix pool stats for network card 0: Total IPs/Prefixes = 0/0, AssignedIPs/CooldownIPs: 0/0, c.maxIPsPerENI = 80"}
{"level":"debug","ts":"2026-10-05T08:41:08.765Z","caller":"ipamd/ipamd.go:795","msg":"IP stats for Network Card 0 - total IPs: 0, assigned IPs: 0, cooldown IPs: 0"}
{"level":"debug","ts":"2026-10-05T08:41:08.765Z","caller":"ipamd/ipamd.go:813","msg":"Starting to increase pool size for network card 0"}
{"level":"debug","ts":"2026-10-05T08:41:08.765Z","caller":"ipamd/ipamd.go:966","msg":"Node found \"ip-10-20-0-61.ec2.internal\" - no of taints - 0"}
{"level":"debug","ts":"2026-10-05T08:41:08.765Z","caller":"ipamd/ipamd.go:2758","msg":"Prefix target is 1, short of 1 prefixes, free 0 prefixes"}
{"level":"debug","ts":"2026-10-05T08:41:08.765Z","caller":"ipamd/ipamd.go:1248","msg":"ToAllocate: 1, Network Card 0"}
{"level":"debug","ts":"2026-10-05T08:41:08.765Z","caller":"ipamd/ipamd.go:1251","msg":"Found ENI eni-EXAMPLE22 that has less than the maximum number of IP/Prefixes addresses allocated: cur=0, max=5"}
{"level":"info","ts":"2026-10-05T08:41:08.765Z","caller":"ipamd/ipamd.go:1255","msg":"Trying to allocate 1 IP addresses on ENI eni-EXAMPLE22"}
{"level":"debug","ts":"2026-10-05T08:41:08.765Z","caller":"ipamd/ipamd.go:1255","msg":"PD enabled - true"}
{"level":"debug","ts":"2026-10-05T08:41:09.157Z","caller":"awsutils/awsutils.go:2174","msg":"checkAPIErrorAndBroadcastEvent resulted in operation error EC2: AssignPrivateIpAddresses, https response error StatusCode: 400, RequestID: bd4c7c84-b2e3-46e9-b6df-7604494b27e0, api error InsufficientCidrBlocks: The specified subnet does not have enough free cidr blocks to satisfy the request."}
{"level":"error","ts":"2026-10-05T08:41:09.157Z","caller":"ipamd/ipamd.go:1255","msg":"Failed to allocate a private IP/Prefix addresses on ENI eni-EXAMPLE22: operation error EC2: AssignPrivateIpAddresses, https response error StatusCode: 400, RequestID: bd4c7c84-b2e3-46e9-b6df-7604494b27e0, api error InsufficientCidrBlocks: The specified subnet does not have enough free cidr blocks to satisfy the request."}
{"level":"debug","ts":"2026-10-05T08:41:09.157Z","caller":"ipamd/ipamd.go:1256","msg":"containsPrivateIPAddressLimitExceededError encountered operation error EC2: AssignPrivateIpAddresses, https response error StatusCode: 400, RequestID: bd4c7c84-b2e3-46e9-b6df-7604494b27e0, api error InsufficientCidrBlocks: The specified subnet does not have enough free cidr blocks to satisfy the request."}
{"level":"warn","ts":"2026-10-05T08:41:09.157Z","caller":"ipamd/ipamd.go:1113","msg":"failed to allocate all available IPv4 Prefixes on ENI eni-EXAMPLE22, err: operation error EC2: AssignPrivateIpAddresses, https response error StatusCode: 400, RequestID: bd4c7c84-b2e3-46e9-b6df-7604494b27e0, api error InsufficientCidrBlocks: The specified subnet does not have enough free cidr blocks to satisfy the request."}
{"level":"info","ts":"2026-10-05T08:41:09.157Z","caller":"ipamd/ipamd.go:1259","msg":"Trying to allocate 1 IP addresses on ENI eni-EXAMPLE22"}
{"level":"debug","ts":"2026-10-05T08:41:09.157Z","caller":"ipamd/ipamd.go:1259","msg":"PD enabled - true"}
{"level":"debug","ts":"2026-10-05T08:41:09.623Z","caller":"awsutils/awsutils.go:2174","msg":"checkAPIErrorAndBroadcastEvent resulted in operation error EC2: AssignPrivateIpAddresses, https response error StatusCode: 400, RequestID: e7e315d4-2a5e-40c1-af24-6a9164805532, api error InsufficientCidrBlocks: The specified subnet does not have enough free cidr blocks to satisfy the request."}
{"level":"error","ts":"2026-10-05T08:41:09.623Z","caller":"ipamd/ipamd.go:1259","msg":"Failed to allocate a private IP/Prefix addresses on ENI eni-EXAMPLE22: operation error EC2: AssignPrivateIpAddresses, https response error StatusCode: 400, RequestID: e7e315d4-2a5e-40c1-af24-6a9164805532, api error InsufficientCidrBlocks: The specified subnet does not have enough free cidr blocks to satisfy the request."}
{"level":"debug","ts":"2026-10-05T08:41:09.623Z","caller":"ipamd/ipamd.go:1260","msg":"containsPrivateIPAddressLimitExceededError encountered operation error EC2: AssignPrivateIpAddresses, https response error StatusCode: 400, RequestID: e7e315d4-2a5e-40c1-af24-6a9164805532, api error InsufficientCidrBlocks: The specified subnet does not have enough free cidr blocks to satisfy the request."}
{"level":"debug","ts":"2026-10-05T08:41:09.623Z","caller":"ipamd/ipamd.go:1262","msg":"containsInsufficientCIDRsOrSubnetIPs encountered operation error EC2: AssignPrivateIpAddresses, https response error StatusCode: 400, RequestID: e7e315d4-2a5e-40c1-af24-6a9164805532, api error InsufficientCidrBlocks: The specified subnet does not have enough free cidr blocks to satisfy the request."}
{"level":"debug","ts":"2026-10-05T08:41:09.623Z","caller":"ipamd/ipamd.go:1262","msg":"Insufficient IP Addresses due to: InsufficientCidrBlocks\n"}
{"level":"debug","ts":"2026-10-05T08:41:09.623Z","caller":"ipamd/ipamd.go:1003","msg":"hasRoomForEni: networkCard=0, currentENIs=1, currentUsableENIs=1, maxENI=3, unmanagedENI=0, trunkEni=0, excludedENI=0, hasRoom=true"}
{"level":"debug","ts":"2026-10-05T08:41:09.623Z","caller":"ipamd/ipamd.go:2758","msg":"Prefix target is 1, short of 1 prefixes, free 0 prefixes"}
{"level":"debug","ts":"2026-10-05T08:41:09.623Z","caller":"ipamd/ipamd.go:2595","msg":"ToAllocate: 1, Network Card 0"}
{"level":"info","ts":"2026-10-05T08:41:09.623Z","caller":"awsutils/awsutils.go:1044","msg":"Trying to allocate 1 IP addresses on new ENI"}
{"level":"debug","ts":"2026-10-05T08:41:09.623Z","caller":"awsutils/awsutils.go:1044","msg":"PD enabled - true"}
{"level":"debug","ts":"2026-10-05T08:41:09.889Z","caller":"awsutils/awsutils.go:1272","msg":"Primary subnet subnet-EXAMPLE1 has no kubernetes.io/role/cni tag, including it for ENI creation (backwards compatibility)"}
{"level":"info","ts":"2026-10-05T08:41:09.889Z","caller":"awsutils/awsutils.go:1044","msg":"Creating ENI with security groups: [sg-EXAMPLE1] in subnet: subnet-EXAMPLE1"}
{"level":"debug","ts":"2026-10-05T08:41:10.124Z","caller":"awsutils/awsutils.go:1449","msg":"checkAPIErrorAndBroadcastEvent resulted in operation error EC2: CreateNetworkInterface, https response error StatusCode: 400, RequestID: c36b09c1-068c-4df9-be74-110552fb27a5, api error InvalidParameterValue: There aren't sufficient free Ipv4 addresses or prefixes"}
{"level":"error","ts":"2026-10-05T08:41:10.124Z","caller":"awsutils/awsutils.go:1285","msg":"Failed to CreateNetworkInterface operation error EC2: CreateNetworkInterface, https response error StatusCode: 400, RequestID: c36b09c1-068c-4df9-be74-110552fb27a5, api error InvalidParameterValue: There aren't sufficient free Ipv4 addresses or prefixes for subnet subnet-EXAMPLE1"}
{"level":"debug","ts":"2026-10-05T08:41:10.124Z","caller":"awsutils/awsutils.go:1272","msg":"Subnet subnet-EXAMPLE2 has no kubernetes.io/role/cni tag, excluding it from ENI creation"}
{"level":"error","ts":"2026-10-05T08:41:10.124Z","caller":"ipamd/ipamd.go:1004","msg":"Failed to increase pool size due to not able to allocate ENI AllocENI: failed to create ENI: failed to create network interface: operation error EC2: CreateNetworkInterface, https response error StatusCode: 400, RequestID: c36b09c1-068c-4df9-be74-110552fb27a5, api error InvalidParameterValue: There aren't sufficient free Ipv4 addresses or prefixes"}
{"level":"warn","ts":"2026-10-05T08:41:10.124Z","caller":"ipamd/ipamd.go:1004","msg":"Failed to allocate 1 IP addresses on an ENI: AllocENI: failed to create ENI: failed to create network interface: operation error EC2: CreateNetworkInterface, https response error StatusCode: 400, RequestID: c36b09c1-068c-4df9-be74-110552fb27a5, api error InvalidParameterValue: There aren't sufficient free Ipv4 addresses or prefixes"}
{"level":"debug","ts":"2026-10-05T08:41:10.124Z","caller":"ipamd/ipamd.go:1082","msg":"containsInsufficientCIDRsOrSubnetIPs encountered AllocENI: failed to create ENI: failed to create network interface: operation error EC2: CreateNetworkInterface, https response error StatusCode: 400, RequestID: c36b09c1-068c-4df9-be74-110552fb27a5, api error InvalidParameterValue: There aren't sufficient free Ipv4 addresses or prefixes"}
{"level":"debug","ts":"2026-10-05T08:41:10.124Z","caller":"ipamd/ipamd.go:1082","msg":"Insufficient IP Addresses due to: InvalidParameterValue\n"}
{"level":"debug","ts":"2026-10-05T08:41:10.124Z","caller":"ipamd/ipamd.go:813","msg":"Error trying to allocate ENI: AllocENI: failed to create ENI: failed to create network interface: operation error EC2: CreateNetworkInterface, https response error StatusCode: 400, RequestID: c36b09c1-068c-4df9-be74-110552fb27a5, api error InvalidParameterValue: There aren't sufficient free Ipv4 addresses or prefixes"}
{"level":"debug","ts":"2026-10-05T08:41:10.124Z","caller":"ipamd/ipamd.go:1548","msg":"ENI eni-EXAMPLE22 cannot be deleted because it is primary"}
{"level":"debug","ts":"2026-10-05T08:41:15.125Z","caller":"ipamd/ipamd.go:809","msg":"IP pool is too low for Network Card 0: available (0) < ENI target (1) * addrsPerENI (16)"}
{"level":"debug","ts":"2026-10-05T08:41:15.125Z","caller":"ipamd/ipamd.go:2689","msg":"Prefix pool stats for network card 0: Total IPs/Prefixes = 0/0, AssignedIPs/CooldownIPs: 0/0, c.maxIPsPerENI = 80"}
{"level":"debug","ts":"2026-10-05T08:41:15.125Z","caller":"ipamd/ipamd.go:795","msg":"IP stats for Network Card 0 - total IPs: 0, assigned IPs: 0, cooldown IPs: 0"}
{"level":"debug","ts":"2026-10-05T08:41:15.125Z","caller":"ipamd/ipamd.go:813","msg":"Starting to increase pool size for network card 0"}
{"level":"debug","ts":"2026-10-05T08:41:15.125Z","caller":"ipamd/ipamd.go:966","msg":"Node found \"ip-10-20-0-61.ec2.internal\" - no of taints - 0"}
{"level":"debug","ts":"2026-10-05T08:41:15.125Z","caller":"ipamd/ipamd.go:2758","msg":"Prefix target is 1, short of 1 prefixes, free 0 prefixes"}
{"level":"debug","ts":"2026-10-05T08:41:15.125Z","caller":"ipamd/ipamd.go:1248","msg":"ToAllocate: 1, Network Card 0"}
{"level":"debug","ts":"2026-10-05T08:41:15.125Z","caller":"ipamd/ipamd.go:1251","msg":"Found ENI eni-EXAMPLE22 that has less than the maximum number of IP/Prefixes addresses allocated: cur=0, max=5"}
{"level":"info","ts":"2026-10-05T08:41:15.125Z","caller":"ipamd/ipamd.go:1255","msg":"Trying to allocate 1 IP addresses on ENI eni-EXAMPLE22"}
{"level":"debug","ts":"2026-10-05T08:41:15.126Z","caller":"ipamd/ipamd.go:1255","msg":"PD enabled - true"}
{"level":"debug","ts":"2026-10-05T08:41:15.548Z","caller":"awsutils/awsutils.go:2174","msg":"checkAPIErrorAndBroadcastEvent resulted in operation error EC2: AssignPrivateIpAddresses, https response error StatusCode: 400, RequestID: badb64e1-c0b0-4216-83e4-a42bc7c65074, api error InsufficientCidrBlocks: The specified subnet does not have enough free cidr blocks to satisfy the request."}
{"level":"error","ts":"2026-10-05T08:41:15.548Z","caller":"ipamd/ipamd.go:1255","msg":"Failed to allocate a private IP/Prefix addresses on ENI eni-EXAMPLE22: operation error EC2: AssignPrivateIpAddresses, https response error StatusCode: 400, RequestID: badb64e1-c0b0-4216-83e4-a42bc7c65074, api error InsufficientCidrBlocks: The specified subnet does not have enough free cidr blocks to satisfy the request."}
{"level":"debug","ts":"2026-10-05T08:41:15.548Z","caller":"ipamd/ipamd.go:1256","msg":"containsPrivateIPAddressLimitExceededError encountered operation error EC2: AssignPrivateIpAddresses, https response error StatusCode: 400, RequestID: badb64e1-c0b0-4216-83e4-a42bc7c65074, api error InsufficientCidrBlocks: The specified subnet does not have enough free cidr blocks to satisfy the request."}
{"level":"warn","ts":"2026-10-05T08:41:15.548Z","caller":"ipamd/ipamd.go:1113","msg":"failed to allocate all available IPv4 Prefixes on ENI eni-EXAMPLE22, err: operation error EC2: AssignPrivateIpAddresses, https response error StatusCode: 400, RequestID: badb64e1-c0b0-4216-83e4-a42bc7c65074, api error InsufficientCidrBlocks: The specified subnet does not have enough free cidr blocks to satisfy the request."}
{"level":"info","ts":"2026-10-05T08:41:15.548Z","caller":"ipamd/ipamd.go:1259","msg":"Trying to allocate 1 IP addresses on ENI eni-EXAMPLE22"}
{"level":"debug","ts":"2026-10-05T08:41:15.548Z","caller":"ipamd/ipamd.go:1259","msg":"PD enabled - true"}
{"level":"debug","ts":"2026-10-05T08:41:15.988Z","caller":"awsutils/awsutils.go:2174","msg":"checkAPIErrorAndBroadcastEvent resulted in operation error EC2: AssignPrivateIpAddresses, https response error StatusCode: 400, RequestID: 21f9d61f-89fb-4b6f-90cd-c6b97277efdf, api error InsufficientCidrBlocks: The specified subnet does not have enough free cidr blocks to satisfy the request."}
{"level":"error","ts":"2026-10-05T08:41:15.988Z","caller":"ipamd/ipamd.go:1259","msg":"Failed to allocate a private IP/Prefix addresses on ENI eni-EXAMPLE22: operation error EC2: AssignPrivateIpAddresses, https response error StatusCode: 400, RequestID: 21f9d61f-89fb-4b6f-90cd-c6b97277efdf, api error InsufficientCidrBlocks: The specified subnet does not have enough free cidr blocks to satisfy the request."}
{"level":"debug","ts":"2026-10-05T08:41:15.988Z","caller":"ipamd/ipamd.go:1260","msg":"containsPrivateIPAddressLimitExceededError encountered operation error EC2: AssignPrivateIpAddresses, https response error StatusCode: 400, RequestID: 21f9d61f-89fb-4b6f-90cd-c6b97277efdf, api error InsufficientCidrBlocks: The specified subnet does not have enough free cidr blocks to satisfy the request."}
{"level":"debug","ts":"2026-10-05T08:41:15.988Z","caller":"ipamd/ipamd.go:1262","msg":"containsInsufficientCIDRsOrSubnetIPs encountered operation error EC2: AssignPrivateIpAddresses, https response error StatusCode: 400, RequestID: 21f9d61f-89fb-4b6f-90cd-c6b97277efdf, api error InsufficientCidrBlocks: The specified subnet does not have enough free cidr blocks to satisfy the request."}
{"level":"debug","ts":"2026-10-05T08:41:15.988Z","caller":"ipamd/ipamd.go:1262","msg":"Insufficient IP Addresses due to: InsufficientCidrBlocks\n"}
{"level":"debug","ts":"2026-10-05T08:41:15.988Z","caller":"ipamd/ipamd.go:1003","msg":"hasRoomForEni: networkCard=0, currentENIs=1, currentUsableENIs=1, maxENI=3, unmanagedENI=0, trunkEni=0, excludedENI=0, hasRoom=true"}
{"level":"debug","ts":"2026-10-05T08:41:15.988Z","caller":"ipamd/ipamd.go:2758","msg":"Prefix target is 1, short of 1 prefixes, free 0 prefixes"}
{"level":"debug","ts":"2026-10-05T08:41:15.988Z","caller":"ipamd/ipamd.go:2595","msg":"ToAllocate: 1, Network Card 0"}
{"level":"info","ts":"2026-10-05T08:41:15.988Z","caller":"awsutils/awsutils.go:1044","msg":"Trying to allocate 1 IP addresses on new ENI"}
{"level":"debug","ts":"2026-10-05T08:41:15.988Z","caller":"awsutils/awsutils.go:1044","msg":"PD enabled - true"}
{"level":"debug","ts":"2026-10-05T08:41:16.303Z","caller":"awsutils/awsutils.go:1272","msg":"Primary subnet subnet-EXAMPLE1 has no kubernetes.io/role/cni tag, including it for ENI creation (backwards compatibility)"}
{"level":"info","ts":"2026-10-05T08:41:16.304Z","caller":"awsutils/awsutils.go:1044","msg":"Creating ENI with security groups: [sg-EXAMPLE1] in subnet: subnet-EXAMPLE1"}
{"level":"debug","ts":"2026-10-05T08:41:16.533Z","caller":"awsutils/awsutils.go:1449","msg":"checkAPIErrorAndBroadcastEvent resulted in operation error EC2: CreateNetworkInterface, https response error StatusCode: 400, RequestID: 0798addb-2976-4a70-8030-6bd55b24b514, api error InvalidParameterValue: There aren't sufficient free Ipv4 addresses or prefixes"}
{"level":"error","ts":"2026-10-05T08:41:16.533Z","caller":"awsutils/awsutils.go:1285","msg":"Failed to CreateNetworkInterface operation error EC2: CreateNetworkInterface, https response error StatusCode: 400, RequestID: 0798addb-2976-4a70-8030-6bd55b24b514, api error InvalidParameterValue: There aren't sufficient free Ipv4 addresses or prefixes for subnet subnet-EXAMPLE1"}
{"level":"debug","ts":"2026-10-05T08:41:16.533Z","caller":"awsutils/awsutils.go:1272","msg":"Subnet subnet-EXAMPLE2 has no kubernetes.io/role/cni tag, excluding it from ENI creation"}
{"level":"error","ts":"2026-10-05T08:41:16.533Z","caller":"ipamd/ipamd.go:1004","msg":"Failed to increase pool size due to not able to allocate ENI AllocENI: failed to create ENI: failed to create network interface: operation error EC2: CreateNetworkInterface, https response error StatusCode: 400, RequestID: 0798addb-2976-4a70-8030-6bd55b24b514, api error InvalidParameterValue: There aren't sufficient free Ipv4 addresses or prefixes"}
{"level":"warn","ts":"2026-10-05T08:41:16.533Z","caller":"ipamd/ipamd.go:1004","msg":"Failed to allocate 1 IP addresses on an ENI: AllocENI: failed to create ENI: failed to create network interface: operation error EC2: CreateNetworkInterface, https response error StatusCode: 400, RequestID: 0798addb-2976-4a70-8030-6bd55b24b514, api error InvalidParameterValue: There aren't sufficient free Ipv4 addresses or prefixes"}
{"level":"debug","ts":"2026-10-05T08:41:16.533Z","caller":"ipamd/ipamd.go:1082","msg":"containsInsufficientCIDRsOrSubnetIPs encountered AllocENI: failed to create ENI: failed to create network interface: operation error EC2: CreateNetworkInterface, https response error StatusCode: 400, RequestID: 0798addb-2976-4a70-8030-6bd55b24b514, api error InvalidParameterValue: There aren't sufficient free Ipv4 addresses or prefixes"}
{"level":"debug","ts":"2026-10-05T08:41:16.533Z","caller":"ipamd/ipamd.go:1082","msg":"Insufficient IP Addresses due to: InvalidParameterValue\n"}
{"level":"debug","ts":"2026-10-05T08:41:16.533Z","caller":"ipamd/ipamd.go:813","msg":"Error trying to allocate ENI: AllocENI: failed to create ENI: failed to create network interface: operation error EC2: CreateNetworkInterface, https response error StatusCode: 400, RequestID: 0798addb-2976-4a70-8030-6bd55b24b514, api error InvalidParameterValue: There aren't sufficient free Ipv4 addresses or prefixes"}
{"level":"debug","ts":"2026-10-05T08:41:16.533Z","caller":"ipamd/ipamd.go:1548","msg":"ENI eni-EXAMPLE22 cannot be deleted because it is primary"}
{"level":"debug","ts":"2026-10-05T08:41:21.536Z","caller":"ipamd/ipamd.go:809","msg":"IP pool is too low for Network Card 0: available (0) < ENI target (1) * addrsPerENI (16)"}
{"level":"debug","ts":"2026-10-05T08:41:21.536Z","caller":"ipamd/ipamd.go:2689","msg":"Prefix pool stats for network card 0: Total IPs/Prefixes = 0/0, AssignedIPs/CooldownIPs: 0/0, c.maxIPsPerENI = 80"}
{"level":"debug","ts":"2026-10-05T08:41:21.536Z","caller":"ipamd/ipamd.go:795","msg":"IP stats for Network Card 0 - total IPs: 0, assigned IPs: 0, cooldown IPs: 0"}
{"level":"debug","ts":"2026-10-05T08:41:21.536Z","caller":"ipamd/ipamd.go:813","msg":"Starting to increase pool size for network card 0"}
{"level":"debug","ts":"2026-10-05T08:41:21.536Z","caller":"ipamd/ipamd.go:966","msg":"Node found \"ip-10-20-0-61.ec2.internal\" - no of taints - 0"}
{"level":"debug","ts":"2026-10-05T08:41:21.536Z","caller":"ipamd/ipamd.go:2758","msg":"Prefix target is 1, short of 1 prefixes, free 0 prefixes"}
{"level":"debug","ts":"2026-10-05T08:41:21.536Z","caller":"ipamd/ipamd.go:1248","msg":"ToAllocate: 1, Network Card 0"}
{"level":"debug","ts":"2026-10-05T08:41:21.536Z","caller":"ipamd/ipamd.go:1251","msg":"Found ENI eni-EXAMPLE22 that has less than the maximum number of IP/Prefixes addresses allocated: cur=0, max=5"}
{"level":"info","ts":"2026-10-05T08:41:21.536Z","caller":"ipamd/ipamd.go:1255","msg":"Trying to allocate 1 IP addresses on ENI eni-EXAMPLE22"}
{"level":"debug","ts":"2026-10-05T08:41:21.536Z","caller":"ipamd/ipamd.go:1255","msg":"PD enabled - true"}
{"level":"debug","ts":"2026-10-05T08:41:21.968Z","caller":"awsutils/awsutils.go:2174","msg":"checkAPIErrorAndBroadcastEvent resulted in operation error EC2: AssignPrivateIpAddresses, https response error StatusCode: 400, RequestID: ff624f32-01d5-406b-8098-41acae21625e, api error InsufficientCidrBlocks: The specified subnet does not have enough free cidr blocks to satisfy the request."}
{"level":"error","ts":"2026-10-05T08:41:21.968Z","caller":"ipamd/ipamd.go:1255","msg":"Failed to allocate a private IP/Prefix addresses on ENI eni-EXAMPLE22: operation error EC2: AssignPrivateIpAddresses, https response error StatusCode: 400, RequestID: ff624f32-01d5-406b-8098-41acae21625e, api error InsufficientCidrBlocks: The specified subnet does not have enough free cidr blocks to satisfy the request."}
{"level":"debug","ts":"2026-10-05T08:41:21.968Z","caller":"ipamd/ipamd.go:1256","msg":"containsPrivateIPAddressLimitExceededError encountered operation error EC2: AssignPrivateIpAddresses, https response error StatusCode: 400, RequestID: ff624f32-01d5-406b-8098-41acae21625e, api error InsufficientCidrBlocks: The specified subnet does not have enough free cidr blocks to satisfy the request."}
{"level":"warn","ts":"2026-10-05T08:41:21.968Z","caller":"ipamd/ipamd.go:1113","msg":"failed to allocate all available IPv4 Prefixes on ENI eni-EXAMPLE22, err: operation error EC2: AssignPrivateIpAddresses, https response error StatusCode: 400, RequestID: ff624f32-01d5-406b-8098-41acae21625e, api error InsufficientCidrBlocks: The specified subnet does not have enough free cidr blocks to satisfy the request."}
{"level":"info","ts":"2026-10-05T08:41:21.968Z","caller":"ipamd/ipamd.go:1259","msg":"Trying to allocate 1 IP addresses on ENI eni-EXAMPLE22"}
{"level":"debug","ts":"2026-10-05T08:41:21.968Z","caller":"ipamd/ipamd.go:1259","msg":"PD enabled - true"}
{"level":"debug","ts":"2026-10-05T08:41:22.429Z","caller":"awsutils/awsutils.go:2174","msg":"checkAPIErrorAndBroadcastEvent resulted in operation error EC2: AssignPrivateIpAddresses, https response error StatusCode: 400, RequestID: acbab4f1-24c5-4a85-805d-6c9bdd3a9adb, api error InsufficientCidrBlocks: The specified subnet does not have enough free cidr blocks to satisfy the request."}
{"level":"error","ts":"2026-10-05T08:41:22.429Z","caller":"ipamd/ipamd.go:1259","msg":"Failed to allocate a private IP/Prefix addresses on ENI eni-EXAMPLE22: operation error EC2: AssignPrivateIpAddresses, https response error StatusCode: 400, RequestID: acbab4f1-24c5-4a85-805d-6c9bdd3a9adb, api error InsufficientCidrBlocks: The specified subnet does not have enough free cidr blocks to satisfy the request."}
{"level":"debug","ts":"2026-10-05T08:41:22.429Z","caller":"ipamd/ipamd.go:1260","msg":"containsPrivateIPAddressLimitExceededError encountered operation error EC2: AssignPrivateIpAddresses, https response error StatusCode: 400, RequestID: acbab4f1-24c5-4a85-805d-6c9bdd3a9adb, api error InsufficientCidrBlocks: The specified subnet does not have enough free cidr blocks to satisfy the request."}
{"level":"debug","ts":"2026-10-05T08:41:22.429Z","caller":"ipamd/ipamd.go:1262","msg":"containsInsufficientCIDRsOrSubnetIPs encountered operation error EC2: AssignPrivateIpAddresses, https response error StatusCode: 400, RequestID: acbab4f1-24c5-4a85-805d-6c9bdd3a9adb, api error InsufficientCidrBlocks: The specified subnet does not have enough free cidr blocks to satisfy the request."}
{"level":"debug","ts":"2026-10-05T08:41:22.429Z","caller":"ipamd/ipamd.go:1262","msg":"Insufficient IP Addresses due to: InsufficientCidrBlocks\n"}
{"level":"debug","ts":"2026-10-05T08:41:22.429Z","caller":"ipamd/ipamd.go:1003","msg":"hasRoomForEni: networkCard=0, currentENIs=1, currentUsableENIs=1, maxENI=3, unmanagedENI=0, trunkEni=0, excludedENI=0, hasRoom=true"}
{"level":"debug","ts":"2026-10-05T08:41:22.429Z","caller":"ipamd/ipamd.go:2758","msg":"Prefix target is 1, short of 1 prefixes, free 0 prefixes"}
{"level":"debug","ts":"2026-10-05T08:41:22.429Z","caller":"ipamd/ipamd.go:2595","msg":"ToAllocate: 1, Network Card 0"}
{"level":"info","ts":"2026-10-05T08:41:22.429Z","caller":"awsutils/awsutils.go:1044","msg":"Trying to allocate 1 IP addresses on new ENI"}
{"level":"debug","ts":"2026-10-05T08:41:22.429Z","caller":"awsutils/awsutils.go:1044","msg":"PD enabled - true"}
{"level":"debug","ts":"2026-10-05T08:41:22.674Z","caller":"awsutils/awsutils.go:1272","msg":"Primary subnet subnet-EXAMPLE1 has no kubernetes.io/role/cni tag, including it for ENI creation (backwards compatibility)"}
{"level":"info","ts":"2026-10-05T08:41:22.674Z","caller":"awsutils/awsutils.go:1044","msg":"Creating ENI with security groups: [sg-EXAMPLE1] in subnet: subnet-EXAMPLE1"}
{"level":"debug","ts":"2026-10-05T08:41:22.888Z","caller":"awsutils/awsutils.go:1449","msg":"checkAPIErrorAndBroadcastEvent resulted in operation error EC2: CreateNetworkInterface, https response error StatusCode: 400, RequestID: d0c1fc6e-519c-4236-8461-b0350443202d, api error InvalidParameterValue: There aren't sufficient free Ipv4 addresses or prefixes"}
{"level":"error","ts":"2026-10-05T08:41:22.888Z","caller":"awsutils/awsutils.go:1285","msg":"Failed to CreateNetworkInterface operation error EC2: CreateNetworkInterface, https response error StatusCode: 400, RequestID: d0c1fc6e-519c-4236-8461-b0350443202d, api error InvalidParameterValue: There aren't sufficient free Ipv4 addresses or prefixes for subnet subnet-EXAMPLE1"}
{"level":"debug","ts":"2026-10-05T08:41:22.888Z","caller":"awsutils/awsutils.go:1272","msg":"Subnet subnet-EXAMPLE2 has no kubernetes.io/role/cni tag, excluding it from ENI creation"}
{"level":"error","ts":"2026-10-05T08:41:22.888Z","caller":"ipamd/ipamd.go:1004","msg":"Failed to increase pool size due to not able to allocate ENI AllocENI: failed to create ENI: failed to create network interface: operation error EC2: CreateNetworkInterface, https response error StatusCode: 400, RequestID: d0c1fc6e-519c-4236-8461-b0350443202d, api error InvalidParameterValue: There aren't sufficient free Ipv4 addresses or prefixes"}
{"level":"warn","ts":"2026-10-05T08:41:22.888Z","caller":"ipamd/ipamd.go:1004","msg":"Failed to allocate 1 IP addresses on an ENI: AllocENI: failed to create ENI: failed to create network interface: operation error EC2: CreateNetworkInterface, https response error StatusCode: 400, RequestID: d0c1fc6e-519c-4236-8461-b0350443202d, api error InvalidParameterValue: There aren't sufficient free Ipv4 addresses or prefixes"}
{"level":"debug","ts":"2026-10-05T08:41:22.888Z","caller":"ipamd/ipamd.go:1082","msg":"containsInsufficientCIDRsOrSubnetIPs encountered AllocENI: failed to create ENI: failed to create network interface: operation error EC2: CreateNetworkInterface, https response error StatusCode: 400, RequestID: d0c1fc6e-519c-4236-8461-b0350443202d, api error InvalidParameterValue: There aren't sufficient free Ipv4 addresses or prefixes"}
{"level":"debug","ts":"2026-10-05T08:41:22.888Z","caller":"ipamd/ipamd.go:1082","msg":"Insufficient IP Addresses due to: InvalidParameterValue\n"}
{"level":"debug","ts":"2026-10-05T08:41:22.888Z","caller":"ipamd/ipamd.go:813","msg":"Error trying to allocate ENI: AllocENI: failed to create ENI: failed to create network interface: operation error EC2: CreateNetworkInterface, https response error StatusCode: 400, RequestID: d0c1fc6e-519c-4236-8461-b0350443202d, api error InvalidParameterValue: There aren't sufficient free Ipv4 addresses or prefixes"}
{"level":"debug","ts":"2026-10-05T08:41:22.888Z","caller":"ipamd/ipamd.go:1548","msg":"ENI eni-EXAMPLE22 cannot be deleted because it is primary"}
{"level":"debug","ts":"2026-10-05T08:41:27.890Z","caller":"ipamd/ipamd.go:809","msg":"IP pool is too low for Network Card 0: available (0) < ENI target (1) * addrsPerENI (16)"}
{"level":"debug","ts":"2026-10-05T08:41:27.890Z","caller":"ipamd/ipamd.go:2689","msg":"Prefix pool stats for network card 0: Total IPs/Prefixes = 0/0, AssignedIPs/CooldownIPs: 0/0, c.maxIPsPerENI = 80"}
{"level":"debug","ts":"2026-10-05T08:41:27.890Z","caller":"ipamd/ipamd.go:795","msg":"IP stats for Network Card 0 - total IPs: 0, assigned IPs: 0, cooldown IPs: 0"}
{"level":"debug","ts":"2026-10-05T08:41:27.890Z","caller":"ipamd/ipamd.go:813","msg":"Starting to increase pool size for network card 0"}
{"level":"debug","ts":"2026-10-05T08:41:27.890Z","caller":"ipamd/ipamd.go:966","msg":"Node found \"ip-10-20-0-61.ec2.internal\" - no of taints - 0"}
{"level":"debug","ts":"2026-10-05T08:41:27.890Z","caller":"ipamd/ipamd.go:2758","msg":"Prefix target is 1, short of 1 prefixes, free 0 prefixes"}
{"level":"debug","ts":"2026-10-05T08:41:27.890Z","caller":"ipamd/ipamd.go:1248","msg":"ToAllocate: 1, Network Card 0"}
{"level":"debug","ts":"2026-10-05T08:41:27.890Z","caller":"ipamd/ipamd.go:1251","msg":"Found ENI eni-EXAMPLE22 that has less than the maximum number of IP/Prefixes addresses allocated: cur=0, max=5"}
{"level":"info","ts":"2026-10-05T08:41:27.890Z","caller":"ipamd/ipamd.go:1255","msg":"Trying to allocate 1 IP addresses on ENI eni-EXAMPLE22"}
{"level":"debug","ts":"2026-10-05T08:41:27.890Z","caller":"ipamd/ipamd.go:1255","msg":"PD enabled - true"}
{"level":"debug","ts":"2026-10-05T08:41:28.395Z","caller":"awsutils/awsutils.go:2174","msg":"checkAPIErrorAndBroadcastEvent resulted in operation error EC2: AssignPrivateIpAddresses, https response error StatusCode: 400, RequestID: b124b20d-45ae-4e91-a770-00a4b0e0cc5e, api error InsufficientCidrBlocks: The specified subnet does not have enough free cidr blocks to satisfy the request."}
{"level":"error","ts":"2026-10-05T08:41:28.395Z","caller":"ipamd/ipamd.go:1255","msg":"Failed to allocate a private IP/Prefix addresses on ENI eni-EXAMPLE22: operation error EC2: AssignPrivateIpAddresses, https response error StatusCode: 400, RequestID: b124b20d-45ae-4e91-a770-00a4b0e0cc5e, api error InsufficientCidrBlocks: The specified subnet does not have enough free cidr blocks to satisfy the request."}
{"level":"debug","ts":"2026-10-05T08:41:28.395Z","caller":"ipamd/ipamd.go:1256","msg":"containsPrivateIPAddressLimitExceededError encountered operation error EC2: AssignPrivateIpAddresses, https response error StatusCode: 400, RequestID: b124b20d-45ae-4e91-a770-00a4b0e0cc5e, api error InsufficientCidrBlocks: The specified subnet does not have enough free cidr blocks to satisfy the request."}
{"level":"warn","ts":"2026-10-05T08:41:28.395Z","caller":"ipamd/ipamd.go:1113","msg":"failed to allocate all available IPv4 Prefixes on ENI eni-EXAMPLE22, err: operation error EC2: AssignPrivateIpAddresses, https response error StatusCode: 400, RequestID: b124b20d-45ae-4e91-a770-00a4b0e0cc5e, api error InsufficientCidrBlocks: The specified subnet does not have enough free cidr blocks to satisfy the request."}
{"level":"info","ts":"2026-10-05T08:41:28.395Z","caller":"ipamd/ipamd.go:1259","msg":"Trying to allocate 1 IP addresses on ENI eni-EXAMPLE22"}
{"level":"debug","ts":"2026-10-05T08:41:28.395Z","caller":"ipamd/ipamd.go:1259","msg":"PD enabled - true"}
{"level":"info","ts":"2026-10-05T08:41:28.705Z","caller":"rpc/rpc_grpc.pb.go:117","msg":"Received AddNetwork for NS /var/run/netns/cni-acdfb26c-a980-d9fa-15b5-3c337962116f, Sandbox 762b7d77eac267155f5f0d5e6a46dc36f96c8c302a9fb522c4ab27e987699e03, ifname eth0"}
{"level":"debug","ts":"2026-10-05T08:41:28.705Z","caller":"rpc/rpc_grpc.pb.go:117","msg":"AddNetworkRequest: K8S_POD_NAME:\"pause-68d5b89fc-9585w\"  K8S_POD_NAMESPACE:\"default\"  K8S_POD_INFRA_CONTAINER_ID:\"762b7d77eac267155f5f0d5e6a46dc36f96c8c302a9fb522c4ab27e987699e03\"  ContainerID:\"762b7d77eac267155f5f0d5e6a46dc36f96c8c302a9fb522c4ab27e987699e03\"  IfName:\"eth0\"  NetworkName:\"aws-cni\"  Netns:\"/var/run/netns/cni-acdfb26c-a980-d9fa-15b5-3c337962116f\""}
{"level":"info","ts":"2026-10-05T08:41:28.705Z","caller":"rpc/rpc_grpc.pb.go:117","msg":"Required MultiNIC access false, interfaces required 1"}
{"level":"debug","ts":"2026-10-05T08:41:28.705Z","caller":"datastore/data_store.go:713","msg":"AssignPodIPv4Address: IP address pool stats: total 0, assigned 0"}
{"level":"debug","ts":"2026-10-05T08:41:28.705Z","caller":"datastore/data_store.go:713","msg":"AssignPodIPv4Address: ENI eni-EXAMPLE22 does not have available addresses"}
{"level":"error","ts":"2026-10-05T08:41:28.705Z","caller":"datastore/data_store.go:713","msg":"DataStore has no available IP/Prefix addresses"}
{"level":"warn","ts":"2026-10-05T08:41:28.705Z","caller":"rpc/rpc_grpc.pb.go:117","msg":"Failed to assign IPs from network card 0: AssignPodIPAddress: no available IP/Prefix addresses"}
{"level":"error","ts":"2026-10-05T08:41:28.705Z","caller":"rpc/rpc_grpc.pb.go:117","msg":"Returning failure response for AddNetwork: 1 error occurred:\n\t* AssignPodIPAddress: no available IP/Prefix addresses\n\n"}
{"level":"info","ts":"2026-10-05T08:41:28.706Z","caller":"rpc/rpc_grpc.pb.go:117","msg":"Send AddNetworkReply: Success: false IPAddr: [], resp: , err: AssignPodIPAddress: no available IP/Prefix addresses"}
{"level":"info","ts":"2026-10-05T08:41:28.730Z","caller":"rpc/rpc_grpc.pb.go:135","msg":"Received DelNetwork for Sandbox 762b7d77eac267155f5f0d5e6a46dc36f96c8c302a9fb522c4ab27e987699e03"}
{"level":"debug","ts":"2026-10-05T08:41:28.730Z","caller":"rpc/rpc_grpc.pb.go:135","msg":"DelNetworkRequest: K8S_POD_NAME:\"pause-68d5b89fc-9585w\"  K8S_POD_NAMESPACE:\"default\"  K8S_POD_INFRA_CONTAINER_ID:\"762b7d77eac267155f5f0d5e6a46dc36f96c8c302a9fb522c4ab27e987699e03\"  Reason:\"PodDeleted\"  ContainerID:\"762b7d77eac267155f5f0d5e6a46dc36f96c8c302a9fb522c4ab27e987699e03\"  IfName:\"eth0\"  NetworkName:\"aws-cni\"  K8S_POD_UID:\"ab397e7f-fc6b-4c16-8bae-79a096357a31\""}
{"level":"debug","ts":"2026-10-05T08:41:28.730Z","caller":"ipamd/rpc_handler.go:353","msg":"UnassignPodIPAddress: IP address pool stats: total 0, assigned 0, sandbox aws-cni/762b7d77eac267155f5f0d5e6a46dc36f96c8c302a9fb522c4ab27e987699e03/eth0"}
{"level":"debug","ts":"2026-10-05T08:41:28.730Z","caller":"ipamd/rpc_handler.go:353","msg":"UnassignPodIPAddress: Failed to find IPAM entry under full key, trying CRI-migrated version"}
{"level":"warn","ts":"2026-10-05T08:41:28.730Z","caller":"ipamd/rpc_handler.go:353","msg":"UnassignPodIPAddress: Failed to find sandbox _migrated-from-cri/762b7d77eac267155f5f0d5e6a46dc36f96c8c302a9fb522c4ab27e987699e03/unknown"}
{"level":"info","ts":"2026-10-05T08:41:28.730Z","caller":"rpc/rpc_grpc.pb.go:135","msg":"Send DelNetworkReply: IPAddress: [], err: 1 error occurred:\n\t* datastore: unknown pod\n\n"}
{"level":"debug","ts":"2026-10-05T08:41:28.756Z","caller":"awsutils/awsutils.go:2174","msg":"checkAPIErrorAndBroadcastEvent resulted in operation error EC2: AssignPrivateIpAddresses, https response error StatusCode: 400, RequestID: d9d757b5-abd0-4115-bbff-ff94fab993ad, api error InsufficientCidrBlocks: The specified subnet does not have enough free cidr blocks to satisfy the request."}
{"level":"error","ts":"2026-10-05T08:41:28.756Z","caller":"ipamd/ipamd.go:1259","msg":"Failed to allocate a private IP/Prefix addresses on ENI eni-EXAMPLE22: operation error EC2: AssignPrivateIpAddresses, https response error StatusCode: 400, RequestID: d9d757b5-abd0-4115-bbff-ff94fab993ad, api error InsufficientCidrBlocks: The specified subnet does not have enough free cidr blocks to satisfy the request."}
{"level":"debug","ts":"2026-10-05T08:41:28.756Z","caller":"ipamd/ipamd.go:1260","msg":"containsPrivateIPAddressLimitExceededError encountered operation error EC2: AssignPrivateIpAddresses, https response error StatusCode: 400, RequestID: d9d757b5-abd0-4115-bbff-ff94fab993ad, api error InsufficientCidrBlocks: The specified subnet does not have enough free cidr blocks to satisfy the request."}
{"level":"debug","ts":"2026-10-05T08:41:28.756Z","caller":"ipamd/ipamd.go:1262","msg":"containsInsufficientCIDRsOrSubnetIPs encountered operation error EC2: AssignPrivateIpAddresses, https response error StatusCode: 400, RequestID: d9d757b5-abd0-4115-bbff-ff94fab993ad, api error InsufficientCidrBlocks: The specified subnet does not have enough free cidr blocks to satisfy the request."}
{"level":"debug","ts":"2026-10-05T08:41:28.756Z","caller":"ipamd/ipamd.go:1262","msg":"Insufficient IP Addresses due to: InsufficientCidrBlocks\n"}
{"level":"debug","ts":"2026-10-05T08:41:28.756Z","caller":"ipamd/ipamd.go:1003","msg":"hasRoomForEni: networkCard=0, currentENIs=1, currentUsableENIs=1, maxENI=3, unmanagedENI=0, trunkEni=0, excludedENI=0, hasRoom=true"}
{"level":"debug","ts":"2026-10-05T08:41:28.756Z","caller":"ipamd/ipamd.go:2758","msg":"Prefix target is 1, short of 1 prefixes, free 0 prefixes"}
{"level":"debug","ts":"2026-10-05T08:41:28.756Z","caller":"ipamd/ipamd.go:2595","msg":"ToAllocate: 1, Network Card 0"}
{"level":"info","ts":"2026-10-05T08:41:28.756Z","caller":"awsutils/awsutils.go:1044","msg":"Trying to allocate 1 IP addresses on new ENI"}
{"level":"debug","ts":"2026-10-05T08:41:28.756Z","caller":"awsutils/awsutils.go:1044","msg":"PD enabled - true"}
{"level":"info","ts":"2026-10-05T08:41:28.770Z","caller":"rpc/rpc_grpc.pb.go:117","msg":"Received AddNetwork for NS /var/run/netns/cni-2801c8f1-7823-82ec-2f01-5bfd519dcefa, Sandbox 2e5db5264ae82a2acacad1eee0b603bed14ce9cde38c4c0a733b308d6ac39ef8, ifname eth0"}
{"level":"debug","ts":"2026-10-05T08:41:28.770Z","caller":"rpc/rpc_grpc.pb.go:117","msg":"AddNetworkRequest: K8S_POD_NAME:\"pause-68d5b89fc-trsbt\"  K8S_POD_NAMESPACE:\"default\"  K8S_POD_INFRA_CONTAINER_ID:\"2e5db5264ae82a2acacad1eee0b603bed14ce9cde38c4c0a733b308d6ac39ef8\"  ContainerID:\"2e5db5264ae82a2acacad1eee0b603bed14ce9cde38c4c0a733b308d6ac39ef8\"  IfName:\"eth0\"  NetworkName:\"aws-cni\"  Netns:\"/var/run/netns/cni-2801c8f1-7823-82ec-2f01-5bfd519dcefa\""}
{"level":"info","ts":"2026-10-05T08:41:28.770Z","caller":"rpc/rpc_grpc.pb.go:117","msg":"Required MultiNIC access false, interfaces required 1"}
{"level":"debug","ts":"2026-10-05T08:41:28.770Z","caller":"datastore/data_store.go:713","msg":"AssignPodIPv4Address: IP address pool stats: total 0, assigned 0"}
{"level":"debug","ts":"2026-10-05T08:41:28.770Z","caller":"datastore/data_store.go:713","msg":"AssignPodIPv4Address: ENI eni-EXAMPLE22 does not have available addresses"}
{"level":"error","ts":"2026-10-05T08:41:28.770Z","caller":"datastore/data_store.go:713","msg":"DataStore has no available IP/Prefix addresses"}
{"level":"warn","ts":"2026-10-05T08:41:28.770Z","caller":"rpc/rpc_grpc.pb.go:117","msg":"Failed to assign IPs from network card 0: AssignPodIPAddress: no available IP/Prefix addresses"}
{"level":"error","ts":"2026-10-05T08:41:28.770Z","caller":"rpc/rpc_grpc.pb.go:117","msg":"Returning failure response for AddNetwork: 1 error occurred:\n\t* AssignPodIPAddress: no available IP/Prefix addresses\n\n"}
{"level":"info","ts":"2026-10-05T08:41:28.770Z","caller":"rpc/rpc_grpc.pb.go:117","msg":"Send AddNetworkReply: Success: false IPAddr: [], resp: , err: AssignPodIPAddress: no available IP/Prefix addresses"}
{"level":"info","ts":"2026-10-05T08:41:28.795Z","caller":"rpc/rpc_grpc.pb.go:135","msg":"Received DelNetwork for Sandbox 2e5db5264ae82a2acacad1eee0b603bed14ce9cde38c4c0a733b308d6ac39ef8"}
{"level":"debug","ts":"2026-10-05T08:41:28.795Z","caller":"rpc/rpc_grpc.pb.go:135","msg":"DelNetworkRequest: K8S_POD_NAME:\"pause-68d5b89fc-trsbt\"  K8S_POD_NAMESPACE:\"default\"  K8S_POD_INFRA_CONTAINER_ID:\"2e5db5264ae82a2acacad1eee0b603bed14ce9cde38c4c0a733b308d6ac39ef8\"  Reason:\"PodDeleted\"  ContainerID:\"2e5db5264ae82a2acacad1eee0b603bed14ce9cde38c4c0a733b308d6ac39ef8\"  IfName:\"eth0\"  NetworkName:\"aws-cni\"  K8S_POD_UID:\"c20f32d4-15fe-4764-9034-71a97ec5e097\""}
{"level":"debug","ts":"2026-10-05T08:41:28.795Z","caller":"ipamd/rpc_handler.go:353","msg":"UnassignPodIPAddress: IP address pool stats: total 0, assigned 0, sandbox aws-cni/2e5db5264ae82a2acacad1eee0b603bed14ce9cde38c4c0a733b308d6ac39ef8/eth0"}
{"level":"debug","ts":"2026-10-05T08:41:28.795Z","caller":"ipamd/rpc_handler.go:353","msg":"UnassignPodIPAddress: Failed to find IPAM entry under full key, trying CRI-migrated version"}
{"level":"warn","ts":"2026-10-05T08:41:28.795Z","caller":"ipamd/rpc_handler.go:353","msg":"UnassignPodIPAddress: Failed to find sandbox _migrated-from-cri/2e5db5264ae82a2acacad1eee0b603bed14ce9cde38c4c0a733b308d6ac39ef8/unknown"}
{"level":"info","ts":"2026-10-05T08:41:28.795Z","caller":"rpc/rpc_grpc.pb.go:135","msg":"Send DelNetworkReply: IPAddress: [], err: 1 error occurred:\n\t* datastore: unknown pod\n\n"}
{"level":"debug","ts":"2026-10-05T08:41:29.002Z","caller":"awsutils/awsutils.go:1272","msg":"Primary subnet subnet-EXAMPLE1 has no kubernetes.io/role/cni tag, including it for ENI creation (backwards compatibility)"}
{"level":"info","ts":"2026-10-05T08:41:29.003Z","caller":"awsutils/awsutils.go:1044","msg":"Creating ENI with security groups: [sg-EXAMPLE1] in subnet: subnet-EXAMPLE1"}
{"level":"info","ts":"2026-10-05T08:41:29.109Z","caller":"rpc/rpc_grpc.pb.go:117","msg":"Received AddNetwork for NS /var/run/netns/cni-97cbd2eb-4e46-0547-5e1a-e386adce1b61, Sandbox cb2e7544bfb7831ba21be871772f23e3376e9a3293e943649f559a4f0f21314e, ifname eth0"}
{"level":"debug","ts":"2026-10-05T08:41:29.109Z","caller":"rpc/rpc_grpc.pb.go:117","msg":"AddNetworkRequest: K8S_POD_NAME:\"pause-68d5b89fc-s4xj4\"  K8S_POD_NAMESPACE:\"default\"  K8S_POD_INFRA_CONTAINER_ID:\"cb2e7544bfb7831ba21be871772f23e3376e9a3293e943649f559a4f0f21314e\"  ContainerID:\"cb2e7544bfb7831ba21be871772f23e3376e9a3293e943649f559a4f0f21314e\"  IfName:\"eth0\"  NetworkName:\"aws-cni\"  Netns:\"/var/run/netns/cni-97cbd2eb-4e46-0547-5e1a-e386adce1b61\""}
{"level":"info","ts":"2026-10-05T08:41:29.109Z","caller":"rpc/rpc_grpc.pb.go:117","msg":"Required MultiNIC access false, interfaces required 1"}
{"level":"debug","ts":"2026-10-05T08:41:29.109Z","caller":"datastore/data_store.go:713","msg":"AssignPodIPv4Address: IP address pool stats: total 0, assigned 0"}
{"level":"debug","ts":"2026-10-05T08:41:29.109Z","caller":"datastore/data_store.go:713","msg":"AssignPodIPv4Address: ENI eni-EXAMPLE22 does not have available addresses"}
{"level":"error","ts":"2026-10-05T08:41:29.109Z","caller":"datastore/data_store.go:713","msg":"DataStore has no available IP/Prefix addresses"}
{"level":"warn","ts":"2026-10-05T08:41:29.109Z","caller":"rpc/rpc_grpc.pb.go:117","msg":"Failed to assign IPs from network card 0: AssignPodIPAddress: no available IP/Prefix addresses"}
{"level":"error","ts":"2026-10-05T08:41:29.109Z","caller":"rpc/rpc_grpc.pb.go:117","msg":"Returning failure response for AddNetwork: 1 error occurred:\n\t* AssignPodIPAddress: no available IP/Prefix addresses\n\n"}
{"level":"info","ts":"2026-10-05T08:41:29.109Z","caller":"rpc/rpc_grpc.pb.go:117","msg":"Send AddNetworkReply: Success: false IPAddr: [], resp: , err: AssignPodIPAddress: no available IP/Prefix addresses"}
{"level":"info","ts":"2026-10-05T08:41:29.134Z","caller":"rpc/rpc_grpc.pb.go:135","msg":"Received DelNetwork for Sandbox cb2e7544bfb7831ba21be871772f23e3376e9a3293e943649f559a4f0f21314e"}
{"level":"debug","ts":"2026-10-05T08:41:29.135Z","caller":"rpc/rpc_grpc.pb.go:135","msg":"DelNetworkRequest: K8S_POD_NAME:\"pause-68d5b89fc-s4xj4\"  K8S_POD_NAMESPACE:\"default\"  K8S_POD_INFRA_CONTAINER_ID:\"cb2e7544bfb7831ba21be871772f23e3376e9a3293e943649f559a4f0f21314e\"  Reason:\"PodDeleted\"  ContainerID:\"cb2e7544bfb7831ba21be871772f23e3376e9a3293e943649f559a4f0f21314e\"  IfName:\"eth0\"  NetworkName:\"aws-cni\"  K8S_POD_UID:\"aaffac51-12cc-4f37-ba8c-ada8f6944478\""}
{"level":"debug","ts":"2026-10-05T08:41:29.135Z","caller":"ipamd/rpc_handler.go:353","msg":"UnassignPodIPAddress: IP address pool stats: total 0, assigned 0, sandbox aws-cni/cb2e7544bfb7831ba21be871772f23e3376e9a3293e943649f559a4f0f21314e/eth0"}
{"level":"debug","ts":"2026-10-05T08:41:29.135Z","caller":"ipamd/rpc_handler.go:353","msg":"UnassignPodIPAddress: Failed to find IPAM entry under full key, trying CRI-migrated version"}
{"level":"warn","ts":"2026-10-05T08:41:29.135Z","caller":"ipamd/rpc_handler.go:353","msg":"UnassignPodIPAddress: Failed to find sandbox _migrated-from-cri/cb2e7544bfb7831ba21be871772f23e3376e9a3293e943649f559a4f0f21314e/unknown"}
{"level":"info","ts":"2026-10-05T08:41:29.135Z","caller":"rpc/rpc_grpc.pb.go:135","msg":"Send DelNetworkReply: IPAddress: [], err: 1 error occurred:\n\t* datastore: unknown pod\n\n"}
{"level":"debug","ts":"2026-10-05T08:41:29.256Z","caller":"awsutils/awsutils.go:1449","msg":"checkAPIErrorAndBroadcastEvent resulted in operation error EC2: CreateNetworkInterface, https response error StatusCode: 400, RequestID: 8b2ecd26-bf1c-467d-aa8e-bc238db57758, api error InvalidParameterValue: There aren't sufficient free Ipv4 addresses or prefixes"}
{"level":"error","ts":"2026-10-05T08:41:29.256Z","caller":"awsutils/awsutils.go:1285","msg":"Failed to CreateNetworkInterface operation error EC2: CreateNetworkInterface, https response error StatusCode: 400, RequestID: 8b2ecd26-bf1c-467d-aa8e-bc238db57758, api error InvalidParameterValue: There aren't sufficient free Ipv4 addresses or prefixes for subnet subnet-EXAMPLE1"}
{"level":"debug","ts":"2026-10-05T08:41:29.256Z","caller":"awsutils/awsutils.go:1272","msg":"Subnet subnet-EXAMPLE2 has no kubernetes.io/role/cni tag, excluding it from ENI creation"}
{"level":"error","ts":"2026-10-05T08:41:29.256Z","caller":"ipamd/ipamd.go:1004","msg":"Failed to increase pool size due to not able to allocate ENI AllocENI: failed to create ENI: failed to create network interface: operation error EC2: CreateNetworkInterface, https response error StatusCode: 400, RequestID: 8b2ecd26-bf1c-467d-aa8e-bc238db57758, api error InvalidParameterValue: There aren't sufficient free Ipv4 addresses or prefixes"}
{"level":"warn","ts":"2026-10-05T08:41:29.256Z","caller":"ipamd/ipamd.go:1004","msg":"Failed to allocate 1 IP addresses on an ENI: AllocENI: failed to create ENI: failed to create network interface: operation error EC2: CreateNetworkInterface, https response error StatusCode: 400, RequestID: 8b2ecd26-bf1c-467d-aa8e-bc238db57758, api error InvalidParameterValue: There aren't sufficient free Ipv4 addresses or prefixes"}
{"level":"debug","ts":"2026-10-05T08:41:29.256Z","caller":"ipamd/ipamd.go:1082","msg":"containsInsufficientCIDRsOrSubnetIPs encountered AllocENI: failed to create ENI: failed to create network interface: operation error EC2: CreateNetworkInterface, https response error StatusCode: 400, RequestID: 8b2ecd26-bf1c-467d-aa8e-bc238db57758, api error InvalidParameterValue: There aren't sufficient free Ipv4 addresses or prefixes"}
{"level":"debug","ts":"2026-10-05T08:41:29.256Z","caller":"ipamd/ipamd.go:1082","msg":"Insufficient IP Addresses due to: InvalidParameterValue\n"}
{"level":"debug","ts":"2026-10-05T08:41:29.256Z","caller":"ipamd/ipamd.go:813","msg":"Error trying to allocate ENI: AllocENI: failed to create ENI: failed to create network interface: operation error EC2: CreateNetworkInterface, https response error StatusCode: 400, RequestID: 8b2ecd26-bf1c-467d-aa8e-bc238db57758, api error InvalidParameterValue: There aren't sufficient free Ipv4 addresses or prefixes"}
{"level":"debug","ts":"2026-10-05T08:41:29.256Z","caller":"ipamd/ipamd.go:1548","msg":"ENI eni-EXAMPLE22 cannot be deleted because it is primary"}
{"level":"debug","ts":"2026-10-05T08:41:34.258Z","caller":"ipamd/ipamd.go:809","msg":"IP pool is too low for Network Card 0: available (0) < ENI target (1) * addrsPerENI (16)"}
{"level":"debug","ts":"2026-10-05T08:41:34.258Z","caller":"ipamd/ipamd.go:2689","msg":"Prefix pool stats for network card 0: Total IPs/Prefixes = 0/0, AssignedIPs/CooldownIPs: 0/0, c.maxIPsPerENI = 80"}
{"level":"debug","ts":"2026-10-05T08:41:34.258Z","caller":"ipamd/ipamd.go:795","msg":"IP stats for Network Card 0 - total IPs: 0, assigned IPs: 0, cooldown IPs: 0"}
{"level":"debug","ts":"2026-10-05T08:41:34.258Z","caller":"ipamd/ipamd.go:813","msg":"Starting to increase pool size for network card 0"}
{"level":"debug","ts":"2026-10-05T08:41:34.258Z","caller":"ipamd/ipamd.go:966","msg":"Node found \"ip-10-20-0-61.ec2.internal\" - no of taints - 0"}
{"level":"debug","ts":"2026-10-05T08:41:34.258Z","caller":"ipamd/ipamd.go:2758","msg":"Prefix target is 1, short of 1 prefixes, free 0 prefixes"}
{"level":"debug","ts":"2026-10-05T08:41:34.258Z","caller":"ipamd/ipamd.go:1248","msg":"ToAllocate: 1, Network Card 0"}
{"level":"debug","ts":"2026-10-05T08:41:34.258Z","caller":"ipamd/ipamd.go:1251","msg":"Found ENI eni-EXAMPLE22 that has less than the maximum number of IP/Prefixes addresses allocated: cur=0, max=5"}
{"level":"info","ts":"2026-10-05T08:41:34.258Z","caller":"ipamd/ipamd.go:1255","msg":"Trying to allocate 1 IP addresses on ENI eni-EXAMPLE22"}
{"level":"debug","ts":"2026-10-05T08:41:34.258Z","caller":"ipamd/ipamd.go:1255","msg":"PD enabled - true"}
{"level":"debug","ts":"2026-10-05T08:41:34.692Z","caller":"awsutils/awsutils.go:2174","msg":"checkAPIErrorAndBroadcastEvent resulted in operation error EC2: AssignPrivateIpAddresses, https response error StatusCode: 400, RequestID: b055c745-eca2-4e76-b9d1-68994a8570d7, api error InsufficientCidrBlocks: The specified subnet does not have enough free cidr blocks to satisfy the request."}
{"level":"error","ts":"2026-10-05T08:41:34.692Z","caller":"ipamd/ipamd.go:1255","msg":"Failed to allocate a private IP/Prefix addresses on ENI eni-EXAMPLE22: operation error EC2: AssignPrivateIpAddresses, https response error StatusCode: 400, RequestID: b055c745-eca2-4e76-b9d1-68994a8570d7, api error InsufficientCidrBlocks: The specified subnet does not have enough free cidr blocks to satisfy the request."}
{"level":"debug","ts":"2026-10-05T08:41:34.692Z","caller":"ipamd/ipamd.go:1256","msg":"containsPrivateIPAddressLimitExceededError encountered operation error EC2: AssignPrivateIpAddresses, https response error StatusCode: 400, RequestID: b055c745-eca2-4e76-b9d1-68994a8570d7, api error InsufficientCidrBlocks: The specified subnet does not have enough free cidr blocks to satisfy the request."}
{"level":"warn","ts":"2026-10-05T08:41:34.692Z","caller":"ipamd/ipamd.go:1113","msg":"failed to allocate all available IPv4 Prefixes on ENI eni-EXAMPLE22, err: operation error EC2: AssignPrivateIpAddresses, https response error StatusCode: 400, RequestID: b055c745-eca2-4e76-b9d1-68994a8570d7, api error InsufficientCidrBlocks: The specified subnet does not have enough free cidr blocks to satisfy the request."}
{"level":"info","ts":"2026-10-05T08:41:34.692Z","caller":"ipamd/ipamd.go:1259","msg":"Trying to allocate 1 IP addresses on ENI eni-EXAMPLE22"}
{"level":"debug","ts":"2026-10-05T08:41:34.692Z","caller":"ipamd/ipamd.go:1259","msg":"PD enabled - true"}
{"level":"debug","ts":"2026-10-05T08:41:35.105Z","caller":"awsutils/awsutils.go:2174","msg":"checkAPIErrorAndBroadcastEvent resulted in operation error EC2: AssignPrivateIpAddresses, https response error StatusCode: 400, RequestID: 7e573074-5808-4fef-884a-207e430af51f, api error InsufficientCidrBlocks: The specified subnet does not have enough free cidr blocks to satisfy the request."}
{"level":"error","ts":"2026-10-05T08:41:35.105Z","caller":"ipamd/ipamd.go:1259","msg":"Failed to allocate a private IP/Prefix addresses on ENI eni-EXAMPLE22: operation error EC2: AssignPrivateIpAddresses, https response error StatusCode: 400, RequestID: 7e573074-5808-4fef-884a-207e430af51f, api error InsufficientCidrBlocks: The specified subnet does not have enough free cidr blocks to satisfy the request."}
{"level":"debug","ts":"2026-10-05T08:41:35.105Z","caller":"ipamd/ipamd.go:1260","msg":"containsPrivateIPAddressLimitExceededError encountered operation error EC2: AssignPrivateIpAddresses, https response error StatusCode: 400, RequestID: 7e573074-5808-4fef-884a-207e430af51f, api error InsufficientCidrBlocks: The specified subnet does not have enough free cidr blocks to satisfy the request."}
{"level":"debug","ts":"2026-10-05T08:41:35.105Z","caller":"ipamd/ipamd.go:1262","msg":"containsInsufficientCIDRsOrSubnetIPs encountered operation error EC2: AssignPrivateIpAddresses, https response error StatusCode: 400, RequestID: 7e573074-5808-4fef-884a-207e430af51f, api error InsufficientCidrBlocks: The specified subnet does not have enough free cidr blocks to satisfy the request."}
{"level":"debug","ts":"2026-10-05T08:41:35.105Z","caller":"ipamd/ipamd.go:1262","msg":"Insufficient IP Addresses due to: InsufficientCidrBlocks\n"}
{"level":"debug","ts":"2026-10-05T08:41:35.105Z","caller":"ipamd/ipamd.go:1003","msg":"hasRoomForEni: networkCard=0, currentENIs=1, currentUsableENIs=1, maxENI=3, unmanagedENI=0, trunkEni=0, excludedENI=0, hasRoom=true"}
{"level":"debug","ts":"2026-10-05T08:41:35.105Z","caller":"ipamd/ipamd.go:2758","msg":"Prefix target is 1, short of 1 prefixes, free 0 prefixes"}
{"level":"debug","ts":"2026-10-05T08:41:35.105Z","caller":"ipamd/ipamd.go:2595","msg":"ToAllocate: 1, Network Card 0"}
{"level":"info","ts":"2026-10-05T08:41:35.105Z","caller":"awsutils/awsutils.go:1044","msg":"Trying to allocate 1 IP addresses on new ENI"}
{"level":"debug","ts":"2026-10-05T08:41:35.105Z","caller":"awsutils/awsutils.go:1044","msg":"PD enabled - true"}
{"level":"debug","ts":"2026-10-05T08:41:35.351Z","caller":"awsutils/awsutils.go:1272","msg":"Primary subnet subnet-EXAMPLE1 has no kubernetes.io/role/cni tag, including it for ENI creation (backwards compatibility)"}
{"level":"info","ts":"2026-10-05T08:41:35.351Z","caller":"awsutils/awsutils.go:1044","msg":"Creating ENI with security groups: [sg-EXAMPLE1] in subnet: subnet-EXAMPLE1"}
{"level":"debug","ts":"2026-10-05T08:41:35.587Z","caller":"awsutils/awsutils.go:1449","msg":"checkAPIErrorAndBroadcastEvent resulted in operation error EC2: CreateNetworkInterface, https response error StatusCode: 400, RequestID: b5e594c2-b0e5-4bc7-99e3-9793aa82ff8b, api error InvalidParameterValue: There aren't sufficient free Ipv4 addresses or prefixes"}
{"level":"error","ts":"2026-10-05T08:41:35.587Z","caller":"awsutils/awsutils.go:1285","msg":"Failed to CreateNetworkInterface operation error EC2: CreateNetworkInterface, https response error StatusCode: 400, RequestID: b5e594c2-b0e5-4bc7-99e3-9793aa82ff8b, api error InvalidParameterValue: There aren't sufficient free Ipv4 addresses or prefixes for subnet subnet-EXAMPLE1"}
{"level":"debug","ts":"2026-10-05T08:41:35.587Z","caller":"awsutils/awsutils.go:1272","msg":"Subnet subnet-EXAMPLE2 has no kubernetes.io/role/cni tag, excluding it from ENI creation"}
{"level":"error","ts":"2026-10-05T08:41:35.587Z","caller":"ipamd/ipamd.go:1004","msg":"Failed to increase pool size due to not able to allocate ENI AllocENI: failed to create ENI: failed to create network interface: operation error EC2: CreateNetworkInterface, https response error StatusCode: 400, RequestID: b5e594c2-b0e5-4bc7-99e3-9793aa82ff8b, api error InvalidParameterValue: There aren't sufficient free Ipv4 addresses or prefixes"}
{"level":"warn","ts":"2026-10-05T08:41:35.588Z","caller":"ipamd/ipamd.go:1004","msg":"Failed to allocate 1 IP addresses on an ENI: AllocENI: failed to create ENI: failed to create network interface: operation error EC2: CreateNetworkInterface, https response error StatusCode: 400, RequestID: b5e594c2-b0e5-4bc7-99e3-9793aa82ff8b, api error InvalidParameterValue: There aren't sufficient free Ipv4 addresses or prefixes"}
{"level":"debug","ts":"2026-10-05T08:41:35.588Z","caller":"ipamd/ipamd.go:1082","msg":"containsInsufficientCIDRsOrSubnetIPs encountered AllocENI: failed to create ENI: failed to create network interface: operation error EC2: CreateNetworkInterface, https response error StatusCode: 400, RequestID: b5e594c2-b0e5-4bc7-99e3-9793aa82ff8b, api error InvalidParameterValue: There aren't sufficient free Ipv4 addresses or prefixes"}
{"level":"debug","ts":"2026-10-05T08:41:35.588Z","caller":"ipamd/ipamd.go:1082","msg":"Insufficient IP Addresses due to: InvalidParameterValue\n"}
{"level":"debug","ts":"2026-10-05T08:41:35.588Z","caller":"ipamd/ipamd.go:813","msg":"Error trying to allocate ENI: AllocENI: failed to create ENI: failed to create network interface: operation error EC2: CreateNetworkInterface, https response error StatusCode: 400, RequestID: b5e594c2-b0e5-4bc7-99e3-9793aa82ff8b, api error InvalidParameterValue: There aren't sufficient free Ipv4 addresses or prefixes"}
{"level":"debug","ts":"2026-10-05T08:41:35.588Z","caller":"ipamd/ipamd.go:1548","msg":"ENI eni-EXAMPLE22 cannot be deleted because it is primary"}
{"level":"debug","ts":"2026-10-05T08:41:40.588Z","caller":"ipamd/ipamd.go:809","msg":"IP pool is too low for Network Card 0: available (0) < ENI target (1) * addrsPerENI (16)"}
{"level":"debug","ts":"2026-10-05T08:41:40.588Z","caller":"ipamd/ipamd.go:2689","msg":"Prefix pool stats for network card 0: Total IPs/Prefixes = 0/0, AssignedIPs/CooldownIPs: 0/0, c.maxIPsPerENI = 80"}
{"level":"debug","ts":"2026-10-05T08:41:40.588Z","caller":"ipamd/ipamd.go:795","msg":"IP stats for Network Card 0 - total IPs: 0, assigned IPs: 0, cooldown IPs: 0"}
{"level":"debug","ts":"2026-10-05T08:41:40.588Z","caller":"ipamd/ipamd.go:813","msg":"Starting to increase pool size for network card 0"}
{"level":"debug","ts":"2026-10-05T08:41:40.588Z","caller":"ipamd/ipamd.go:966","msg":"Node found \"ip-10-20-0-61.ec2.internal\" - no of taints - 0"}
{"level":"debug","ts":"2026-10-05T08:41:40.588Z","caller":"ipamd/ipamd.go:2758","msg":"Prefix target is 1, short of 1 prefixes, free 0 prefixes"}
{"level":"debug","ts":"2026-10-05T08:41:40.588Z","caller":"ipamd/ipamd.go:1248","msg":"ToAllocate: 1, Network Card 0"}
{"level":"debug","ts":"2026-10-05T08:41:40.588Z","caller":"ipamd/ipamd.go:1251","msg":"Found ENI eni-EXAMPLE22 that has less than the maximum number of IP/Prefixes addresses allocated: cur=0, max=5"}
{"level":"info","ts":"2026-10-05T08:41:40.588Z","caller":"ipamd/ipamd.go:1255","msg":"Trying to allocate 1 IP addresses on ENI eni-EXAMPLE22"}
{"level":"debug","ts":"2026-10-05T08:41:40.588Z","caller":"ipamd/ipamd.go:1255","msg":"PD enabled - true"}
{"level":"info","ts":"2026-10-05T08:41:40.931Z","caller":"rpc/rpc_grpc.pb.go:117","msg":"Received AddNetwork for NS /var/run/netns/cni-c2ae5a8e-75fa-9abb-71c9-a4d4d42ee85c, Sandbox 18c80e9837809474ee566b67aeedd565e7514745cb45b88a66b2161a235c34f8, ifname eth0"}
{"level":"debug","ts":"2026-10-05T08:41:40.931Z","caller":"rpc/rpc_grpc.pb.go:117","msg":"AddNetworkRequest: K8S_POD_NAME:\"pause-68d5b89fc-trsbt\"  K8S_POD_NAMESPACE:\"default\"  K8S_POD_INFRA_CONTAINER_ID:\"18c80e9837809474ee566b67aeedd565e7514745cb45b88a66b2161a235c34f8\"  ContainerID:\"18c80e9837809474ee566b67aeedd565e7514745cb45b88a66b2161a235c34f8\"  IfName:\"eth0\"  NetworkName:\"aws-cni\"  Netns:\"/var/run/netns/cni-c2ae5a8e-75fa-9abb-71c9-a4d4d42ee85c\""}
{"level":"info","ts":"2026-10-05T08:41:40.931Z","caller":"rpc/rpc_grpc.pb.go:117","msg":"Required MultiNIC access false, interfaces required 1"}
{"level":"debug","ts":"2026-10-05T08:41:40.931Z","caller":"datastore/data_store.go:713","msg":"AssignPodIPv4Address: IP address pool stats: total 0, assigned 0"}
{"level":"debug","ts":"2026-10-05T08:41:40.931Z","caller":"datastore/data_store.go:713","msg":"AssignPodIPv4Address: ENI eni-EXAMPLE22 does not have available addresses"}
{"level":"error","ts":"2026-10-05T08:41:40.931Z","caller":"datastore/data_store.go:713","msg":"DataStore has no available IP/Prefix addresses"}
{"level":"warn","ts":"2026-10-05T08:41:40.931Z","caller":"rpc/rpc_grpc.pb.go:117","msg":"Failed to assign IPs from network card 0: AssignPodIPAddress: no available IP/Prefix addresses"}
{"level":"error","ts":"2026-10-05T08:41:40.931Z","caller":"rpc/rpc_grpc.pb.go:117","msg":"Returning failure response for AddNetwork: 1 error occurred:\n\t* AssignPodIPAddress: no available IP/Prefix addresses\n\n"}
{"level":"info","ts":"2026-10-05T08:41:40.931Z","caller":"rpc/rpc_grpc.pb.go:117","msg":"Send AddNetworkReply: Success: false IPAddr: [], resp: , err: AssignPodIPAddress: no available IP/Prefix addresses"}
{"level":"info","ts":"2026-10-05T08:41:40.956Z","caller":"rpc/rpc_grpc.pb.go:135","msg":"Received DelNetwork for Sandbox 18c80e9837809474ee566b67aeedd565e7514745cb45b88a66b2161a235c34f8"}
{"level":"debug","ts":"2026-10-05T08:41:40.956Z","caller":"rpc/rpc_grpc.pb.go:135","msg":"DelNetworkRequest: K8S_POD_NAME:\"pause-68d5b89fc-trsbt\"  K8S_POD_NAMESPACE:\"default\"  K8S_POD_INFRA_CONTAINER_ID:\"18c80e9837809474ee566b67aeedd565e7514745cb45b88a66b2161a235c34f8\"  Reason:\"PodDeleted\"  ContainerID:\"18c80e9837809474ee566b67aeedd565e7514745cb45b88a66b2161a235c34f8\"  IfName:\"eth0\"  NetworkName:\"aws-cni\"  K8S_POD_UID:\"c20f32d4-15fe-4764-9034-71a97ec5e097\""}
{"level":"debug","ts":"2026-10-05T08:41:40.956Z","caller":"ipamd/rpc_handler.go:353","msg":"UnassignPodIPAddress: IP address pool stats: total 0, assigned 0, sandbox aws-cni/18c80e9837809474ee566b67aeedd565e7514745cb45b88a66b2161a235c34f8/eth0"}
{"level":"debug","ts":"2026-10-05T08:41:40.956Z","caller":"ipamd/rpc_handler.go:353","msg":"UnassignPodIPAddress: Failed to find IPAM entry under full key, trying CRI-migrated version"}
{"level":"warn","ts":"2026-10-05T08:41:40.956Z","caller":"ipamd/rpc_handler.go:353","msg":"UnassignPodIPAddress: Failed to find sandbox _migrated-from-cri/18c80e9837809474ee566b67aeedd565e7514745cb45b88a66b2161a235c34f8/unknown"}
{"level":"info","ts":"2026-10-05T08:41:40.956Z","caller":"rpc/rpc_grpc.pb.go:135","msg":"Send DelNetworkReply: IPAddress: [], err: 1 error occurred:\n\t* datastore: unknown pod\n\n"}
{"level":"debug","ts":"2026-10-05T08:41:41.069Z","caller":"awsutils/awsutils.go:2174","msg":"checkAPIErrorAndBroadcastEvent resulted in operation error EC2: AssignPrivateIpAddresses, https response error StatusCode: 400, RequestID: 3f6b8c67-6cae-4bbc-ab30-c9b7e60bbf31, api error InsufficientCidrBlocks: The specified subnet does not have enough free cidr blocks to satisfy the request."}
{"level":"error","ts":"2026-10-05T08:41:41.069Z","caller":"ipamd/ipamd.go:1255","msg":"Failed to allocate a private IP/Prefix addresses on ENI eni-EXAMPLE22: operation error EC2: AssignPrivateIpAddresses, https response error StatusCode: 400, RequestID: 3f6b8c67-6cae-4bbc-ab30-c9b7e60bbf31, api error InsufficientCidrBlocks: The specified subnet does not have enough free cidr blocks to satisfy the request."}
{"level":"debug","ts":"2026-10-05T08:41:41.069Z","caller":"ipamd/ipamd.go:1256","msg":"containsPrivateIPAddressLimitExceededError encountered operation error EC2: AssignPrivateIpAddresses, https response error StatusCode: 400, RequestID: 3f6b8c67-6cae-4bbc-ab30-c9b7e60bbf31, api error InsufficientCidrBlocks: The specified subnet does not have enough free cidr blocks to satisfy the request."}
{"level":"warn","ts":"2026-10-05T08:41:41.069Z","caller":"ipamd/ipamd.go:1113","msg":"failed to allocate all available IPv4 Prefixes on ENI eni-EXAMPLE22, err: operation error EC2: AssignPrivateIpAddresses, https response error StatusCode: 400, RequestID: 3f6b8c67-6cae-4bbc-ab30-c9b7e60bbf31, api error InsufficientCidrBlocks: The specified subnet does not have enough free cidr blocks to satisfy the request."}
{"level":"info","ts":"2026-10-05T08:41:41.069Z","caller":"ipamd/ipamd.go:1259","msg":"Trying to allocate 1 IP addresses on ENI eni-EXAMPLE22"}
{"level":"debug","ts":"2026-10-05T08:41:41.069Z","caller":"ipamd/ipamd.go:1259","msg":"PD enabled - true"}
{"level":"debug","ts":"2026-10-05T08:41:41.438Z","caller":"awsutils/awsutils.go:2174","msg":"checkAPIErrorAndBroadcastEvent resulted in operation error EC2: AssignPrivateIpAddresses, https response error StatusCode: 400, RequestID: f7bc8fe3-1187-4eb8-9380-cbc364f08728, api error InsufficientCidrBlocks: The specified subnet does not have enough free cidr blocks to satisfy the request."}
{"level":"error","ts":"2026-10-05T08:41:41.438Z","caller":"ipamd/ipamd.go:1259","msg":"Failed to allocate a private IP/Prefix addresses on ENI eni-EXAMPLE22: operation error EC2: AssignPrivateIpAddresses, https response error StatusCode: 400, RequestID: f7bc8fe3-1187-4eb8-9380-cbc364f08728, api error InsufficientCidrBlocks: The specified subnet does not have enough free cidr blocks to satisfy the request."}
{"level":"debug","ts":"2026-10-05T08:41:41.439Z","caller":"ipamd/ipamd.go:1260","msg":"containsPrivateIPAddressLimitExceededError encountered operation error EC2: AssignPrivateIpAddresses, https response error StatusCode: 400, RequestID: f7bc8fe3-1187-4eb8-9380-cbc364f08728, api error InsufficientCidrBlocks: The specified subnet does not have enough free cidr blocks to satisfy the request."}
{"level":"debug","ts":"2026-10-05T08:41:41.439Z","caller":"ipamd/ipamd.go:1262","msg":"containsInsufficientCIDRsOrSubnetIPs encountered operation error EC2: AssignPrivateIpAddresses, https response error StatusCode: 400, RequestID: f7bc8fe3-1187-4eb8-9380-cbc364f08728, api error InsufficientCidrBlocks: The specified subnet does not have enough free cidr blocks to satisfy the request."}
{"level":"debug","ts":"2026-10-05T08:41:41.439Z","caller":"ipamd/ipamd.go:1262","msg":"Insufficient IP Addresses due to: InsufficientCidrBlocks\n"}
{"level":"debug","ts":"2026-10-05T08:41:41.439Z","caller":"ipamd/ipamd.go:1003","msg":"hasRoomForEni: networkCard=0, currentENIs=1, currentUsableENIs=1, maxENI=3, unmanagedENI=0, trunkEni=0, excludedENI=0, hasRoom=true"}
{"level":"debug","ts":"2026-10-05T08:41:41.439Z","caller":"ipamd/ipamd.go:2758","msg":"Prefix target is 1, short of 1 prefixes, free 0 prefixes"}
{"level":"debug","ts":"2026-10-05T08:41:41.439Z","caller":"ipamd/ipamd.go:2595","msg":"ToAllocate: 1, Network Card 0"}
{"level":"info","ts":"2026-10-05T08:41:41.439Z","caller":"awsutils/awsutils.go:1044","msg":"Trying to allocate 1 IP addresses on new ENI"}
{"level":"debug","ts":"2026-10-05T08:41:41.439Z","caller":"awsutils/awsutils.go:1044","msg":"PD enabled - true"}
{"level":"debug","ts":"2026-10-05T08:41:41.701Z","caller":"awsutils/awsutils.go:1272","msg":"Primary subnet subnet-EXAMPLE1 has no kubernetes.io/role/cni tag, including it for ENI creation (backwards compatibility)"}
{"level":"info","ts":"2026-10-05T08:41:41.701Z","caller":"awsutils/awsutils.go:1044","msg":"Creating ENI with security groups: [sg-EXAMPLE1] in subnet: subnet-EXAMPLE1"}
{"level":"debug","ts":"2026-10-05T08:41:41.926Z","caller":"awsutils/awsutils.go:1449","msg":"checkAPIErrorAndBroadcastEvent resulted in operation error EC2: CreateNetworkInterface, https response error StatusCode: 400, RequestID: de75a05a-24d0-4965-a347-268569fb5019, api error InvalidParameterValue: There aren't sufficient free Ipv4 addresses or prefixes"}
{"level":"error","ts":"2026-10-05T08:41:41.926Z","caller":"awsutils/awsutils.go:1285","msg":"Failed to CreateNetworkInterface operation error EC2: CreateNetworkInterface, https response error StatusCode: 400, RequestID: de75a05a-24d0-4965-a347-268569fb5019, api error InvalidParameterValue: There aren't sufficient free Ipv4 addresses or prefixes for subnet subnet-EXAMPLE1"}
{"level":"debug","ts":"2026-10-05T08:41:41.926Z","caller":"awsutils/awsutils.go:1272","msg":"Subnet subnet-EXAMPLE2 has no kubernetes.io/role/cni tag, excluding it from ENI creation"}
{"level":"error","ts":"2026-10-05T08:41:41.926Z","caller":"ipamd/ipamd.go:1004","msg":"Failed to increase pool size due to not able to allocate ENI AllocENI: failed to create ENI: failed to create network interface: operation error EC2: CreateNetworkInterface, https response error StatusCode: 400, RequestID: de75a05a-24d0-4965-a347-268569fb5019, api error InvalidParameterValue: There aren't sufficient free Ipv4 addresses or prefixes"}
{"level":"warn","ts":"2026-10-05T08:41:41.926Z","caller":"ipamd/ipamd.go:1004","msg":"Failed to allocate 1 IP addresses on an ENI: AllocENI: failed to create ENI: failed to create network interface: operation error EC2: CreateNetworkInterface, https response error StatusCode: 400, RequestID: de75a05a-24d0-4965-a347-268569fb5019, api error InvalidParameterValue: There aren't sufficient free Ipv4 addresses or prefixes"}
{"level":"debug","ts":"2026-10-05T08:41:41.926Z","caller":"ipamd/ipamd.go:1082","msg":"containsInsufficientCIDRsOrSubnetIPs encountered AllocENI: failed to create ENI: failed to create network interface: operation error EC2: CreateNetworkInterface, https response error StatusCode: 400, RequestID: de75a05a-24d0-4965-a347-268569fb5019, api error InvalidParameterValue: There aren't sufficient free Ipv4 addresses or prefixes"}
{"level":"debug","ts":"2026-10-05T08:41:41.926Z","caller":"ipamd/ipamd.go:1082","msg":"Insufficient IP Addresses due to: InvalidParameterValue\n"}
{"level":"debug","ts":"2026-10-05T08:41:41.926Z","caller":"ipamd/ipamd.go:813","msg":"Error trying to allocate ENI: AllocENI: failed to create ENI: failed to create network interface: operation error EC2: CreateNetworkInterface, https response error StatusCode: 400, RequestID: de75a05a-24d0-4965-a347-268569fb5019, api error InvalidParameterValue: There aren't sufficient free Ipv4 addresses or prefixes"}
{"level":"debug","ts":"2026-10-05T08:41:41.926Z","caller":"ipamd/ipamd.go:1548","msg":"ENI eni-EXAMPLE22 cannot be deleted because it is primary"}
{"level":"info","ts":"2026-10-05T08:41:43.942Z","caller":"rpc/rpc_grpc.pb.go:117","msg":"Received AddNetwork for NS /var/run/netns/cni-d685252d-049f-81ec-b5db-f3bb598dd1d2, Sandbox 30340223d832c82683d18863637870ce0f38a0571ae2b6d8cc0cc6871cf6c1ca, ifname eth0"}
{"level":"debug","ts":"2026-10-05T08:41:43.942Z","caller":"rpc/rpc_grpc.pb.go:117","msg":"AddNetworkRequest: K8S_POD_NAME:\"pause-68d5b89fc-9585w\"  K8S_POD_NAMESPACE:\"default\"  K8S_POD_INFRA_CONTAINER_ID:\"30340223d832c82683d18863637870ce0f38a0571ae2b6d8cc0cc6871cf6c1ca\"  ContainerID:\"30340223d832c82683d18863637870ce0f38a0571ae2b6d8cc0cc6871cf6c1ca\"  IfName:\"eth0\"  NetworkName:\"aws-cni\"  Netns:\"/var/run/netns/cni-d685252d-049f-81ec-b5db-f3bb598dd1d2\""}
{"level":"info","ts":"2026-10-05T08:41:43.942Z","caller":"rpc/rpc_grpc.pb.go:117","msg":"Required MultiNIC access false, interfaces required 1"}
{"level":"debug","ts":"2026-10-05T08:41:43.942Z","caller":"datastore/data_store.go:713","msg":"AssignPodIPv4Address: IP address pool stats: total 0, assigned 0"}
{"level":"debug","ts":"2026-10-05T08:41:43.942Z","caller":"datastore/data_store.go:713","msg":"AssignPodIPv4Address: ENI eni-EXAMPLE22 does not have available addresses"}
{"level":"error","ts":"2026-10-05T08:41:43.942Z","caller":"datastore/data_store.go:713","msg":"DataStore has no available IP/Prefix addresses"}
{"level":"warn","ts":"2026-10-05T08:41:43.942Z","caller":"rpc/rpc_grpc.pb.go:117","msg":"Failed to assign IPs from network card 0: AssignPodIPAddress: no available IP/Prefix addresses"}
{"level":"error","ts":"2026-10-05T08:41:43.942Z","caller":"rpc/rpc_grpc.pb.go:117","msg":"Returning failure response for AddNetwork: 1 error occurred:\n\t* AssignPodIPAddress: no available IP/Prefix addresses\n\n"}
{"level":"info","ts":"2026-10-05T08:41:43.942Z","caller":"rpc/rpc_grpc.pb.go:117","msg":"Send AddNetworkReply: Success: false IPAddr: [], resp: , err: AssignPodIPAddress: no available IP/Prefix addresses"}
{"level":"info","ts":"2026-10-05T08:41:43.942Z","caller":"rpc/rpc_grpc.pb.go:117","msg":"Received AddNetwork for NS /var/run/netns/cni-44697cf0-557a-a4b8-0c79-91d37d91f0b2, Sandbox 70bf4307ae55912ccde79b7d60b53b54099056ead3661755c9b7ab5819534a0c, ifname eth0"}
{"level":"debug","ts":"2026-10-05T08:41:43.942Z","caller":"rpc/rpc_grpc.pb.go:117","msg":"AddNetworkRequest: K8S_POD_NAME:\"pause-68d5b89fc-s4xj4\"  K8S_POD_NAMESPACE:\"default\"  K8S_POD_INFRA_CONTAINER_ID:\"70bf4307ae55912ccde79b7d60b53b54099056ead3661755c9b7ab5819534a0c\"  ContainerID:\"70bf4307ae55912ccde79b7d60b53b54099056ead3661755c9b7ab5819534a0c\"  IfName:\"eth0\"  NetworkName:\"aws-cni\"  Netns:\"/var/run/netns/cni-44697cf0-557a-a4b8-0c79-91d37d91f0b2\""}
{"level":"info","ts":"2026-10-05T08:41:43.942Z","caller":"rpc/rpc_grpc.pb.go:117","msg":"Required MultiNIC access false, interfaces required 1"}
{"level":"debug","ts":"2026-10-05T08:41:43.942Z","caller":"datastore/data_store.go:713","msg":"AssignPodIPv4Address: IP address pool stats: total 0, assigned 0"}
{"level":"debug","ts":"2026-10-05T08:41:43.942Z","caller":"datastore/data_store.go:713","msg":"AssignPodIPv4Address: ENI eni-EXAMPLE22 does not have available addresses"}
{"level":"error","ts":"2026-10-05T08:41:43.942Z","caller":"datastore/data_store.go:713","msg":"DataStore has no available IP/Prefix addresses"}
{"level":"warn","ts":"2026-10-05T08:41:43.942Z","caller":"rpc/rpc_grpc.pb.go:117","msg":"Failed to assign IPs from network card 0: AssignPodIPAddress: no available IP/Prefix addresses"}
{"level":"error","ts":"2026-10-05T08:41:43.942Z","caller":"rpc/rpc_grpc.pb.go:117","msg":"Returning failure response for AddNetwork: 1 error occurred:\n\t* AssignPodIPAddress: no available IP/Prefix addresses\n\n"}
{"level":"info","ts":"2026-10-05T08:41:43.942Z","caller":"rpc/rpc_grpc.pb.go:117","msg":"Send AddNetworkReply: Success: false IPAddr: [], resp: , err: AssignPodIPAddress: no available IP/Prefix addresses"}
{"level":"info","ts":"2026-10-05T08:41:43.979Z","caller":"rpc/rpc_grpc.pb.go:135","msg":"Received DelNetwork for Sandbox 70bf4307ae55912ccde79b7d60b53b54099056ead3661755c9b7ab5819534a0c"}
{"level":"debug","ts":"2026-10-05T08:41:43.979Z","caller":"rpc/rpc_grpc.pb.go:135","msg":"DelNetworkRequest: K8S_POD_NAME:\"pause-68d5b89fc-s4xj4\"  K8S_POD_NAMESPACE:\"default\"  K8S_POD_INFRA_CONTAINER_ID:\"70bf4307ae55912ccde79b7d60b53b54099056ead3661755c9b7ab5819534a0c\"  Reason:\"PodDeleted\"  ContainerID:\"70bf4307ae55912ccde79b7d60b53b54099056ead3661755c9b7ab5819534a0c\"  IfName:\"eth0\"  NetworkName:\"aws-cni\"  K8S_POD_UID:\"aaffac51-12cc-4f37-ba8c-ada8f6944478\""}
{"level":"debug","ts":"2026-10-05T08:41:43.979Z","caller":"ipamd/rpc_handler.go:353","msg":"UnassignPodIPAddress: IP address pool stats: total 0, assigned 0, sandbox aws-cni/70bf4307ae55912ccde79b7d60b53b54099056ead3661755c9b7ab5819534a0c/eth0"}
{"level":"debug","ts":"2026-10-05T08:41:43.979Z","caller":"ipamd/rpc_handler.go:353","msg":"UnassignPodIPAddress: Failed to find IPAM entry under full key, trying CRI-migrated version"}
{"level":"warn","ts":"2026-10-05T08:41:43.979Z","caller":"ipamd/rpc_handler.go:353","msg":"UnassignPodIPAddress: Failed to find sandbox _migrated-from-cri/70bf4307ae55912ccde79b7d60b53b54099056ead3661755c9b7ab5819534a0c/unknown"}
{"level":"info","ts":"2026-10-05T08:41:43.979Z","caller":"rpc/rpc_grpc.pb.go:135","msg":"Send DelNetworkReply: IPAddress: [], err: 1 error occurred:\n\t* datastore: unknown pod\n\n"}
{"level":"info","ts":"2026-10-05T08:41:43.985Z","caller":"rpc/rpc_grpc.pb.go:135","msg":"Received DelNetwork for Sandbox 30340223d832c82683d18863637870ce0f38a0571ae2b6d8cc0cc6871cf6c1ca"}
{"level":"debug","ts":"2026-10-05T08:41:43.985Z","caller":"rpc/rpc_grpc.pb.go:135","msg":"DelNetworkRequest: K8S_POD_NAME:\"pause-68d5b89fc-9585w\"  K8S_POD_NAMESPACE:\"default\"  K8S_POD_INFRA_CONTAINER_ID:\"30340223d832c82683d18863637870ce0f38a0571ae2b6d8cc0cc6871cf6c1ca\"  Reason:\"PodDeleted\"  ContainerID:\"30340223d832c82683d18863637870ce0f38a0571ae2b6d8cc0cc6871cf6c1ca\"  IfName:\"eth0\"  NetworkName:\"aws-cni\"  K8S_POD_UID:\"ab397e7f-fc6b-4c16-8bae-79a096357a31\""}
{"level":"debug","ts":"2026-10-05T08:41:43.985Z","caller":"ipamd/rpc_handler.go:353","msg":"UnassignPodIPAddress: IP address pool stats: total 0, assigned 0, sandbox aws-cni/30340223d832c82683d18863637870ce0f38a0571ae2b6d8cc0cc6871cf6c1ca/eth0"}
{"level":"debug","ts":"2026-10-05T08:41:43.985Z","caller":"ipamd/rpc_handler.go:353","msg":"UnassignPodIPAddress: Failed to find IPAM entry under full key, trying CRI-migrated version"}
{"level":"warn","ts":"2026-10-05T08:41:43.985Z","caller":"ipamd/rpc_handler.go:353","msg":"UnassignPodIPAddress: Failed to find sandbox _migrated-from-cri/30340223d832c82683d18863637870ce0f38a0571ae2b6d8cc0cc6871cf6c1ca/unknown"}
{"level":"info","ts":"2026-10-05T08:41:43.985Z","caller":"rpc/rpc_grpc.pb.go:135","msg":"Send DelNetworkReply: IPAddress: [], err: 1 error occurred:\n\t* datastore: unknown pod\n\n"}
{"level":"debug","ts":"2026-10-05T08:41:46.929Z","caller":"ipamd/ipamd.go:809","msg":"IP pool is too low for Network Card 0: available (0) < ENI target (1) * addrsPerENI (16)"}
{"level":"debug","ts":"2026-10-05T08:41:46.929Z","caller":"ipamd/ipamd.go:2689","msg":"Prefix pool stats for network card 0: Total IPs/Prefixes = 0/0, AssignedIPs/CooldownIPs: 0/0, c.maxIPsPerENI = 80"}
{"level":"debug","ts":"2026-10-05T08:41:46.929Z","caller":"ipamd/ipamd.go:795","msg":"IP stats for Network Card 0 - total IPs: 0, assigned IPs: 0, cooldown IPs: 0"}
{"level":"debug","ts":"2026-10-05T08:41:46.929Z","caller":"ipamd/ipamd.go:813","msg":"Starting to increase pool size for network card 0"}
{"level":"debug","ts":"2026-10-05T08:41:46.929Z","caller":"ipamd/ipamd.go:966","msg":"Node found \"ip-10-20-0-61.ec2.internal\" - no of taints - 0"}
{"level":"debug","ts":"2026-10-05T08:41:46.929Z","caller":"ipamd/ipamd.go:2758","msg":"Prefix target is 1, short of 1 prefixes, free 0 prefixes"}
{"level":"debug","ts":"2026-10-05T08:41:46.929Z","caller":"ipamd/ipamd.go:1248","msg":"ToAllocate: 1, Network Card 0"}
{"level":"debug","ts":"2026-10-05T08:41:46.929Z","caller":"ipamd/ipamd.go:1251","msg":"Found ENI eni-EXAMPLE22 that has less than the maximum number of IP/Prefixes addresses allocated: cur=0, max=5"}
{"level":"info","ts":"2026-10-05T08:41:46.929Z","caller":"ipamd/ipamd.go:1255","msg":"Trying to allocate 1 IP addresses on ENI eni-EXAMPLE22"}
{"level":"debug","ts":"2026-10-05T08:41:46.929Z","caller":"ipamd/ipamd.go:1255","msg":"PD enabled - true"}
{"level":"debug","ts":"2026-10-05T08:41:47.338Z","caller":"awsutils/awsutils.go:2174","msg":"checkAPIErrorAndBroadcastEvent resulted in operation error EC2: AssignPrivateIpAddresses, https response error StatusCode: 400, RequestID: 5664ed6b-9b1c-49df-9b1d-fb20cb2ed455, api error InsufficientCidrBlocks: The specified subnet does not have enough free cidr blocks to satisfy the request."}
{"level":"error","ts":"2026-10-05T08:41:47.338Z","caller":"ipamd/ipamd.go:1255","msg":"Failed to allocate a private IP/Prefix addresses on ENI eni-EXAMPLE22: operation error EC2: AssignPrivateIpAddresses, https response error StatusCode: 400, RequestID: 5664ed6b-9b1c-49df-9b1d-fb20cb2ed455, api error InsufficientCidrBlocks: The specified subnet does not have enough free cidr blocks to satisfy the request."}
{"level":"debug","ts":"2026-10-05T08:41:47.338Z","caller":"ipamd/ipamd.go:1256","msg":"containsPrivateIPAddressLimitExceededError encountered operation error EC2: AssignPrivateIpAddresses, https response error StatusCode: 400, RequestID: 5664ed6b-9b1c-49df-9b1d-fb20cb2ed455, api error InsufficientCidrBlocks: The specified subnet does not have enough free cidr blocks to satisfy the request."}
{"level":"warn","ts":"2026-10-05T08:41:47.338Z","caller":"ipamd/ipamd.go:1113","msg":"failed to allocate all available IPv4 Prefixes on ENI eni-EXAMPLE22, err: operation error EC2: AssignPrivateIpAddresses, https response error StatusCode: 400, RequestID: 5664ed6b-9b1c-49df-9b1d-fb20cb2ed455, api error InsufficientCidrBlocks: The specified subnet does not have enough free cidr blocks to satisfy the request."}
{"level":"info","ts":"2026-10-05T08:41:47.338Z","caller":"ipamd/ipamd.go:1259","msg":"Trying to allocate 1 IP addresses on ENI eni-EXAMPLE22"}
{"level":"debug","ts":"2026-10-05T08:41:47.338Z","caller":"ipamd/ipamd.go:1259","msg":"PD enabled - true"}
{"level":"debug","ts":"2026-10-05T08:41:47.775Z","caller":"awsutils/awsutils.go:2174","msg":"checkAPIErrorAndBroadcastEvent resulted in operation error EC2: AssignPrivateIpAddresses, https response error StatusCode: 400, RequestID: d20321c1-9685-46fa-824b-fe1dd6f1ec92, api error InsufficientCidrBlocks: The specified subnet does not have enough free cidr blocks to satisfy the request."}
{"level":"error","ts":"2026-10-05T08:41:47.775Z","caller":"ipamd/ipamd.go:1259","msg":"Failed to allocate a private IP/Prefix addresses on ENI eni-EXAMPLE22: operation error EC2: AssignPrivateIpAddresses, https response error StatusCode: 400, RequestID: d20321c1-9685-46fa-824b-fe1dd6f1ec92, api error InsufficientCidrBlocks: The specified subnet does not have enough free cidr blocks to satisfy the request."}
{"level":"debug","ts":"2026-10-05T08:41:47.775Z","caller":"ipamd/ipamd.go:1260","msg":"containsPrivateIPAddressLimitExceededError encountered operation error EC2: AssignPrivateIpAddresses, https response error StatusCode: 400, RequestID: d20321c1-9685-46fa-824b-fe1dd6f1ec92, api error InsufficientCidrBlocks: The specified subnet does not have enough free cidr blocks to satisfy the request."}
{"level":"debug","ts":"2026-10-05T08:41:47.775Z","caller":"ipamd/ipamd.go:1262","msg":"containsInsufficientCIDRsOrSubnetIPs encountered operation error EC2: AssignPrivateIpAddresses, https response error StatusCode: 400, RequestID: d20321c1-9685-46fa-824b-fe1dd6f1ec92, api error InsufficientCidrBlocks: The specified subnet does not have enough free cidr blocks to satisfy the request."}
{"level":"debug","ts":"2026-10-05T08:41:47.775Z","caller":"ipamd/ipamd.go:1262","msg":"Insufficient IP Addresses due to: InsufficientCidrBlocks\n"}
{"level":"debug","ts":"2026-10-05T08:41:47.775Z","caller":"ipamd/ipamd.go:1003","msg":"hasRoomForEni: networkCard=0, currentENIs=1, currentUsableENIs=1, maxENI=3, unmanagedENI=0, trunkEni=0, excludedENI=0, hasRoom=true"}
{"level":"debug","ts":"2026-10-05T08:41:47.775Z","caller":"ipamd/ipamd.go:2758","msg":"Prefix target is 1, short of 1 prefixes, free 0 prefixes"}
{"level":"debug","ts":"2026-10-05T08:41:47.775Z","caller":"ipamd/ipamd.go:2595","msg":"ToAllocate: 1, Network Card 0"}
{"level":"info","ts":"2026-10-05T08:41:47.775Z","caller":"awsutils/awsutils.go:1044","msg":"Trying to allocate 1 IP addresses on new ENI"}
{"level":"debug","ts":"2026-10-05T08:41:47.775Z","caller":"awsutils/awsutils.go:1044","msg":"PD enabled - true"}
{"level":"debug","ts":"2026-10-05T08:41:48.031Z","caller":"awsutils/awsutils.go:1272","msg":"Primary subnet subnet-EXAMPLE1 has no kubernetes.io/role/cni tag, including it for ENI creation (backwards compatibility)"}
{"level":"info","ts":"2026-10-05T08:41:48.032Z","caller":"awsutils/awsutils.go:1044","msg":"Creating ENI with security groups: [sg-EXAMPLE1] in subnet: subnet-EXAMPLE1"}
{"level":"debug","ts":"2026-10-05T08:41:48.295Z","caller":"awsutils/awsutils.go:1449","msg":"checkAPIErrorAndBroadcastEvent resulted in operation error EC2: CreateNetworkInterface, https response error StatusCode: 400, RequestID: f3cb7aa2-60e1-485a-8cf7-9fc5a5daec4b, api error InvalidParameterValue: There aren't sufficient free Ipv4 addresses or prefixes"}
{"level":"error","ts":"2026-10-05T08:41:48.295Z","caller":"awsutils/awsutils.go:1285","msg":"Failed to CreateNetworkInterface operation error EC2: CreateNetworkInterface, https response error StatusCode: 400, RequestID: f3cb7aa2-60e1-485a-8cf7-9fc5a5daec4b, api error InvalidParameterValue: There aren't sufficient free Ipv4 addresses or prefixes for subnet subnet-EXAMPLE1"}
{"level":"debug","ts":"2026-10-05T08:41:48.295Z","caller":"awsutils/awsutils.go:1272","msg":"Subnet subnet-EXAMPLE2 has no kubernetes.io/role/cni tag, excluding it from ENI creation"}
{"level":"error","ts":"2026-10-05T08:41:48.295Z","caller":"ipamd/ipamd.go:1004","msg":"Failed to increase pool size due to not able to allocate ENI AllocENI: failed to create ENI: failed to create network interface: operation error EC2: CreateNetworkInterface, https response error StatusCode: 400, RequestID: f3cb7aa2-60e1-485a-8cf7-9fc5a5daec4b, api error InvalidParameterValue: There aren't sufficient free Ipv4 addresses or prefixes"}
{"level":"warn","ts":"2026-10-05T08:41:48.295Z","caller":"ipamd/ipamd.go:1004","msg":"Failed to allocate 1 IP addresses on an ENI: AllocENI: failed to create ENI: failed to create network interface: operation error EC2: CreateNetworkInterface, https response error StatusCode: 400, RequestID: f3cb7aa2-60e1-485a-8cf7-9fc5a5daec4b, api error InvalidParameterValue: There aren't sufficient free Ipv4 addresses or prefixes"}
{"level":"debug","ts":"2026-10-05T08:41:48.295Z","caller":"ipamd/ipamd.go:1082","msg":"containsInsufficientCIDRsOrSubnetIPs encountered AllocENI: failed to create ENI: failed to create network interface: operation error EC2: CreateNetworkInterface, https response error StatusCode: 400, RequestID: f3cb7aa2-60e1-485a-8cf7-9fc5a5daec4b, api error InvalidParameterValue: There aren't sufficient free Ipv4 addresses or prefixes"}
{"level":"debug","ts":"2026-10-05T08:41:48.295Z","caller":"ipamd/ipamd.go:1082","msg":"Insufficient IP Addresses due to: InvalidParameterValue\n"}
{"level":"debug","ts":"2026-10-05T08:41:48.295Z","caller":"ipamd/ipamd.go:813","msg":"Error trying to allocate ENI: AllocENI: failed to create ENI: failed to create network interface: operation error EC2: CreateNetworkInterface, https response error StatusCode: 400, RequestID: f3cb7aa2-60e1-485a-8cf7-9fc5a5daec4b, api error InvalidParameterValue: There aren't sufficient free Ipv4 addresses or prefixes"}
{"level":"debug","ts":"2026-10-05T08:41:48.295Z","caller":"ipamd/ipamd.go:1548","msg":"ENI eni-EXAMPLE22 cannot be deleted because it is primary"}
{"level":"debug","ts":"2026-10-05T08:41:53.295Z","caller":"ipamd/ipamd.go:809","msg":"IP pool is too low for Network Card 0: available (0) < ENI target (1) * addrsPerENI (16)"}
{"level":"debug","ts":"2026-10-05T08:41:53.295Z","caller":"ipamd/ipamd.go:2689","msg":"Prefix pool stats for network card 0: Total IPs/Prefixes = 0/0, AssignedIPs/CooldownIPs: 0/0, c.maxIPsPerENI = 80"}
{"level":"debug","ts":"2026-10-05T08:41:53.295Z","caller":"ipamd/ipamd.go:795","msg":"IP stats for Network Card 0 - total IPs: 0, assigned IPs: 0, cooldown IPs: 0"}
{"level":"debug","ts":"2026-10-05T08:41:53.295Z","caller":"ipamd/ipamd.go:813","msg":"Starting to increase pool size for network card 0"}
{"level":"debug","ts":"2026-10-05T08:41:53.295Z","caller":"ipamd/ipamd.go:966","msg":"Node found \"ip-10-20-0-61.ec2.internal\" - no of taints - 0"}
{"level":"debug","ts":"2026-10-05T08:41:53.295Z","caller":"ipamd/ipamd.go:2758","msg":"Prefix target is 1, short of 1 prefixes, free 0 prefixes"}
{"level":"debug","ts":"2026-10-05T08:41:53.295Z","caller":"ipamd/ipamd.go:1248","msg":"ToAllocate: 1, Network Card 0"}
{"level":"debug","ts":"2026-10-05T08:41:53.295Z","caller":"ipamd/ipamd.go:1251","msg":"Found ENI eni-EXAMPLE22 that has less than the maximum number of IP/Prefixes addresses allocated: cur=0, max=5"}
{"level":"info","ts":"2026-10-05T08:41:53.295Z","caller":"ipamd/ipamd.go:1255","msg":"Trying to allocate 1 IP addresses on ENI eni-EXAMPLE22"}
{"level":"debug","ts":"2026-10-05T08:41:53.295Z","caller":"ipamd/ipamd.go:1255","msg":"PD enabled - true"}
{"level":"debug","ts":"2026-10-05T08:41:53.755Z","caller":"awsutils/awsutils.go:2174","msg":"checkAPIErrorAndBroadcastEvent resulted in operation error EC2: AssignPrivateIpAddresses, https response error StatusCode: 400, RequestID: fdf62380-038f-4f13-838a-dd2cbe458cc2, api error InsufficientCidrBlocks: The specified subnet does not have enough free cidr blocks to satisfy the request."}
{"level":"error","ts":"2026-10-05T08:41:53.756Z","caller":"ipamd/ipamd.go:1255","msg":"Failed to allocate a private IP/Prefix addresses on ENI eni-EXAMPLE22: operation error EC2: AssignPrivateIpAddresses, https response error StatusCode: 400, RequestID: fdf62380-038f-4f13-838a-dd2cbe458cc2, api error InsufficientCidrBlocks: The specified subnet does not have enough free cidr blocks to satisfy the request."}
{"level":"debug","ts":"2026-10-05T08:41:53.756Z","caller":"ipamd/ipamd.go:1256","msg":"containsPrivateIPAddressLimitExceededError encountered operation error EC2: AssignPrivateIpAddresses, https response error StatusCode: 400, RequestID: fdf62380-038f-4f13-838a-dd2cbe458cc2, api error InsufficientCidrBlocks: The specified subnet does not have enough free cidr blocks to satisfy the request."}
{"level":"warn","ts":"2026-10-05T08:41:53.756Z","caller":"ipamd/ipamd.go:1113","msg":"failed to allocate all available IPv4 Prefixes on ENI eni-EXAMPLE22, err: operation error EC2: AssignPrivateIpAddresses, https response error StatusCode: 400, RequestID: fdf62380-038f-4f13-838a-dd2cbe458cc2, api error InsufficientCidrBlocks: The specified subnet does not have enough free cidr blocks to satisfy the request."}
{"level":"info","ts":"2026-10-05T08:41:53.756Z","caller":"ipamd/ipamd.go:1259","msg":"Trying to allocate 1 IP addresses on ENI eni-EXAMPLE22"}
{"level":"debug","ts":"2026-10-05T08:41:53.756Z","caller":"ipamd/ipamd.go:1259","msg":"PD enabled - true"}
{"level":"info","ts":"2026-10-05T08:41:53.931Z","caller":"rpc/rpc_grpc.pb.go:117","msg":"Received AddNetwork for NS /var/run/netns/cni-b0cb988a-70ad-435c-1c14-842cf0c273fa, Sandbox 4634773e6802de7378b2941b75ce9a6b119ec57b6bf47b5b2c91644da84bea50, ifname eth0"}
{"level":"debug","ts":"2026-10-05T08:41:53.931Z","caller":"rpc/rpc_grpc.pb.go:117","msg":"AddNetworkRequest: K8S_POD_NAME:\"pause-68d5b89fc-trsbt\"  K8S_POD_NAMESPACE:\"default\"  K8S_POD_INFRA_CONTAINER_ID:\"4634773e6802de7378b2941b75ce9a6b119ec57b6bf47b5b2c91644da84bea50\"  ContainerID:\"4634773e6802de7378b2941b75ce9a6b119ec57b6bf47b5b2c91644da84bea50\"  IfName:\"eth0\"  NetworkName:\"aws-cni\"  Netns:\"/var/run/netns/cni-b0cb988a-70ad-435c-1c14-842cf0c273fa\""}
{"level":"info","ts":"2026-10-05T08:41:53.931Z","caller":"rpc/rpc_grpc.pb.go:117","msg":"Required MultiNIC access false, interfaces required 1"}
{"level":"debug","ts":"2026-10-05T08:41:53.931Z","caller":"datastore/data_store.go:713","msg":"AssignPodIPv4Address: IP address pool stats: total 0, assigned 0"}
{"level":"debug","ts":"2026-10-05T08:41:53.931Z","caller":"datastore/data_store.go:713","msg":"AssignPodIPv4Address: ENI eni-EXAMPLE22 does not have available addresses"}
{"level":"error","ts":"2026-10-05T08:41:53.931Z","caller":"datastore/data_store.go:713","msg":"DataStore has no available IP/Prefix addresses"}
{"level":"warn","ts":"2026-10-05T08:41:53.931Z","caller":"rpc/rpc_grpc.pb.go:117","msg":"Failed to assign IPs from network card 0: AssignPodIPAddress: no available IP/Prefix addresses"}
{"level":"error","ts":"2026-10-05T08:41:53.931Z","caller":"rpc/rpc_grpc.pb.go:117","msg":"Returning failure response for AddNetwork: 1 error occurred:\n\t* AssignPodIPAddress: no available IP/Prefix addresses\n\n"}
{"level":"info","ts":"2026-10-05T08:41:53.931Z","caller":"rpc/rpc_grpc.pb.go:117","msg":"Send AddNetworkReply: Success: false IPAddr: [], resp: , err: AssignPodIPAddress: no available IP/Prefix addresses"}
{"level":"info","ts":"2026-10-05T08:41:53.956Z","caller":"rpc/rpc_grpc.pb.go:135","msg":"Received DelNetwork for Sandbox 4634773e6802de7378b2941b75ce9a6b119ec57b6bf47b5b2c91644da84bea50"}
{"level":"debug","ts":"2026-10-05T08:41:53.956Z","caller":"rpc/rpc_grpc.pb.go:135","msg":"DelNetworkRequest: K8S_POD_NAME:\"pause-68d5b89fc-trsbt\"  K8S_POD_NAMESPACE:\"default\"  K8S_POD_INFRA_CONTAINER_ID:\"4634773e6802de7378b2941b75ce9a6b119ec57b6bf47b5b2c91644da84bea50\"  Reason:\"PodDeleted\"  ContainerID:\"4634773e6802de7378b2941b75ce9a6b119ec57b6bf47b5b2c91644da84bea50\"  IfName:\"eth0\"  NetworkName:\"aws-cni\"  K8S_POD_UID:\"c20f32d4-15fe-4764-9034-71a97ec5e097\""}
{"level":"debug","ts":"2026-10-05T08:41:53.956Z","caller":"ipamd/rpc_handler.go:353","msg":"UnassignPodIPAddress: IP address pool stats: total 0, assigned 0, sandbox aws-cni/4634773e6802de7378b2941b75ce9a6b119ec57b6bf47b5b2c91644da84bea50/eth0"}
{"level":"debug","ts":"2026-10-05T08:41:53.956Z","caller":"ipamd/rpc_handler.go:353","msg":"UnassignPodIPAddress: Failed to find IPAM entry under full key, trying CRI-migrated version"}
{"level":"warn","ts":"2026-10-05T08:41:53.956Z","caller":"ipamd/rpc_handler.go:353","msg":"UnassignPodIPAddress: Failed to find sandbox _migrated-from-cri/4634773e6802de7378b2941b75ce9a6b119ec57b6bf47b5b2c91644da84bea50/unknown"}
{"level":"info","ts":"2026-10-05T08:41:53.956Z","caller":"rpc/rpc_grpc.pb.go:135","msg":"Send DelNetworkReply: IPAddress: [], err: 1 error occurred:\n\t* datastore: unknown pod\n\n"}
{"level":"debug","ts":"2026-10-05T08:41:54.195Z","caller":"awsutils/awsutils.go:2174","msg":"checkAPIErrorAndBroadcastEvent resulted in operation error EC2: AssignPrivateIpAddresses, https response error StatusCode: 400, RequestID: e2e29382-c8d9-4b2a-a977-237d553fed0c, api error InsufficientCidrBlocks: The specified subnet does not have enough free cidr blocks to satisfy the request."}
{"level":"error","ts":"2026-10-05T08:41:54.195Z","caller":"ipamd/ipamd.go:1259","msg":"Failed to allocate a private IP/Prefix addresses on ENI eni-EXAMPLE22: operation error EC2: AssignPrivateIpAddresses, https response error StatusCode: 400, RequestID: e2e29382-c8d9-4b2a-a977-237d553fed0c, api error InsufficientCidrBlocks: The specified subnet does not have enough free cidr blocks to satisfy the request."}
{"level":"debug","ts":"2026-10-05T08:41:54.196Z","caller":"ipamd/ipamd.go:1260","msg":"containsPrivateIPAddressLimitExceededError encountered operation error EC2: AssignPrivateIpAddresses, https response error StatusCode: 400, RequestID: e2e29382-c8d9-4b2a-a977-237d553fed0c, api error InsufficientCidrBlocks: The specified subnet does not have enough free cidr blocks to satisfy the request."}
{"level":"debug","ts":"2026-10-05T08:41:54.196Z","caller":"ipamd/ipamd.go:1262","msg":"containsInsufficientCIDRsOrSubnetIPs encountered operation error EC2: AssignPrivateIpAddresses, https response error StatusCode: 400, RequestID: e2e29382-c8d9-4b2a-a977-237d553fed0c, api error InsufficientCidrBlocks: The specified subnet does not have enough free cidr blocks to satisfy the request."}
{"level":"debug","ts":"2026-10-05T08:41:54.196Z","caller":"ipamd/ipamd.go:1262","msg":"Insufficient IP Addresses due to: InsufficientCidrBlocks\n"}
{"level":"debug","ts":"2026-10-05T08:41:54.196Z","caller":"ipamd/ipamd.go:1003","msg":"hasRoomForEni: networkCard=0, currentENIs=1, currentUsableENIs=1, maxENI=3, unmanagedENI=0, trunkEni=0, excludedENI=0, hasRoom=true"}
{"level":"debug","ts":"2026-10-05T08:41:54.196Z","caller":"ipamd/ipamd.go:2758","msg":"Prefix target is 1, short of 1 prefixes, free 0 prefixes"}
{"level":"debug","ts":"2026-10-05T08:41:54.196Z","caller":"ipamd/ipamd.go:2595","msg":"ToAllocate: 1, Network Card 0"}
{"level":"info","ts":"2026-10-05T08:41:54.196Z","caller":"awsutils/awsutils.go:1044","msg":"Trying to allocate 1 IP addresses on new ENI"}
{"level":"debug","ts":"2026-10-05T08:41:54.196Z","caller":"awsutils/awsutils.go:1044","msg":"PD enabled - true"}
{"level":"debug","ts":"2026-10-05T08:41:54.458Z","caller":"awsutils/awsutils.go:1272","msg":"Primary subnet subnet-EXAMPLE1 has no kubernetes.io/role/cni tag, including it for ENI creation (backwards compatibility)"}
{"level":"info","ts":"2026-10-05T08:41:54.458Z","caller":"awsutils/awsutils.go:1044","msg":"Creating ENI with security groups: [sg-EXAMPLE1] in subnet: subnet-EXAMPLE1"}
{"level":"debug","ts":"2026-10-05T08:41:54.730Z","caller":"awsutils/awsutils.go:1449","msg":"checkAPIErrorAndBroadcastEvent resulted in operation error EC2: CreateNetworkInterface, https response error StatusCode: 400, RequestID: 04ac634d-ff03-4b3c-81a2-b45a58498fdf, api error InvalidParameterValue: There aren't sufficient free Ipv4 addresses or prefixes"}
{"level":"error","ts":"2026-10-05T08:41:54.730Z","caller":"awsutils/awsutils.go:1285","msg":"Failed to CreateNetworkInterface operation error EC2: CreateNetworkInterface, https response error StatusCode: 400, RequestID: 04ac634d-ff03-4b3c-81a2-b45a58498fdf, api error InvalidParameterValue: There aren't sufficient free Ipv4 addresses or prefixes for subnet subnet-EXAMPLE1"}
{"level":"debug","ts":"2026-10-05T08:41:54.730Z","caller":"awsutils/awsutils.go:1272","msg":"Subnet subnet-EXAMPLE2 has no kubernetes.io/role/cni tag, excluding it from ENI creation"}
{"level":"error","ts":"2026-10-05T08:41:54.730Z","caller":"ipamd/ipamd.go:1004","msg":"Failed to increase pool size due to not able to allocate ENI AllocENI: failed to create ENI: failed to create network interface: operation error EC2: CreateNetworkInterface, https response error StatusCode: 400, RequestID: 04ac634d-ff03-4b3c-81a2-b45a58498fdf, api error InvalidParameterValue: There aren't sufficient free Ipv4 addresses or prefixes"}
{"level":"warn","ts":"2026-10-05T08:41:54.730Z","caller":"ipamd/ipamd.go:1004","msg":"Failed to allocate 1 IP addresses on an ENI: AllocENI: failed to create ENI: failed to create network interface: operation error EC2: CreateNetworkInterface, https response error StatusCode: 400, RequestID: 04ac634d-ff03-4b3c-81a2-b45a58498fdf, api error InvalidParameterValue: There aren't sufficient free Ipv4 addresses or prefixes"}
{"level":"debug","ts":"2026-10-05T08:41:54.730Z","caller":"ipamd/ipamd.go:1082","msg":"containsInsufficientCIDRsOrSubnetIPs encountered AllocENI: failed to create ENI: failed to create network interface: operation error EC2: CreateNetworkInterface, https response error StatusCode: 400, RequestID: 04ac634d-ff03-4b3c-81a2-b45a58498fdf, api error InvalidParameterValue: There aren't sufficient free Ipv4 addresses or prefixes"}
{"level":"debug","ts":"2026-10-05T08:41:54.730Z","caller":"ipamd/ipamd.go:1082","msg":"Insufficient IP Addresses due to: InvalidParameterValue\n"}
{"level":"debug","ts":"2026-10-05T08:41:54.730Z","caller":"ipamd/ipamd.go:813","msg":"Error trying to allocate ENI: AllocENI: failed to create ENI: failed to create network interface: operation error EC2: CreateNetworkInterface, https response error StatusCode: 400, RequestID: 04ac634d-ff03-4b3c-81a2-b45a58498fdf, api error InvalidParameterValue: There aren't sufficient free Ipv4 addresses or prefixes"}
{"level":"debug","ts":"2026-10-05T08:41:54.730Z","caller":"ipamd/ipamd.go:1548","msg":"ENI eni-EXAMPLE22 cannot be deleted because it is primary"}
{"level":"debug","ts":"2026-10-05T08:41:57.230Z","caller":"ipamd/ipamd.go:798","msg":"Reconciling ENI/IP pool info because time since last 1m3.934109782s > 1m0s"}
{"level":"debug","ts":"2026-10-05T08:41:57.232Z","caller":"ipamd/ipamd.go:1621","msg":"Total number of interfaces found: 1 "}
{"level":"debug","ts":"2026-10-05T08:41:57.232Z","caller":"awsutils/awsutils.go:787","msg":"Found ENI MAC address: 0a:ff:ec:23:fa:99"}
{"level":"debug","ts":"2026-10-05T08:41:57.243Z","caller":"awsutils/awsutils.go:787","msg":"Found ENI: eni-EXAMPLE22, MAC 0a:ff:ec:23:fa:99, device 0"}
{"level":"debug","ts":"2026-10-05T08:41:57.245Z","caller":"awsutils/awsutils.go:787","msg":"Found IPv4 addresses associated with interface. This is not efa-only interface"}
{"level":"debug","ts":"2026-10-05T08:41:57.258Z","caller":"ipamd/ipamd.go:798","msg":"Reconcile existing ENI eni-EXAMPLE22 IP pool"}
{"level":"info","ts":"2026-10-05T08:41:57.258Z","caller":"ipamd/ipamd.go:1766","msg":"Reconcile and skip primary IP 10.20.0.61 on ENI eni-EXAMPLE22"}
{"level":"debug","ts":"2026-10-05T08:41:57.258Z","caller":"ipamd/ipamd.go:798","msg":"Reconcile existing ENI eni-EXAMPLE22 IP prefixes"}
{"level":"debug","ts":"2026-10-05T08:41:57.258Z","caller":"ipamd/ipamd.go:1693","msg":"Found prefix pool count 0 for eni eni-EXAMPLE22\n"}
{"level":"debug","ts":"2026-10-05T08:41:57.258Z","caller":"ipamd/ipamd.go:798","msg":"Successfully Reconciled ENI/IP pool"}
{"level":"debug","ts":"2026-10-05T08:41:57.258Z","caller":"ipamd/ipamd.go:1738","msg":"Prefix pool stats for network card 0: Total IPs/Prefixes = 0/0, AssignedIPs/CooldownIPs: 0/0, c.maxIPsPerENI = 80"}
{"level":"debug","ts":"2026-10-05T08:41:57.258Z","caller":"ipamd/ipamd.go:798","msg":"Primary IP for ENI eni-EXAMPLE22 is 10.20.0.61"}
{"level":"info","ts":"2026-10-05T08:41:58.940Z","caller":"rpc/rpc_grpc.pb.go:117","msg":"Received AddNetwork for NS /var/run/netns/cni-91e042fe-9a68-55b1-20f5-f615d0301c24, Sandbox cbbe327a5b411dfbc9140241da84239f8c1a68d8a1ff59b2e9773db66aba2110, ifname eth0"}
{"level":"debug","ts":"2026-10-05T08:41:58.940Z","caller":"rpc/rpc_grpc.pb.go:117","msg":"AddNetworkRequest: K8S_POD_NAME:\"pause-68d5b89fc-s4xj4\"  K8S_POD_NAMESPACE:\"default\"  K8S_POD_INFRA_CONTAINER_ID:\"cbbe327a5b411dfbc9140241da84239f8c1a68d8a1ff59b2e9773db66aba2110\"  ContainerID:\"cbbe327a5b411dfbc9140241da84239f8c1a68d8a1ff59b2e9773db66aba2110\"  IfName:\"eth0\"  NetworkName:\"aws-cni\"  Netns:\"/var/run/netns/cni-91e042fe-9a68-55b1-20f5-f615d0301c24\""}
{"level":"info","ts":"2026-10-05T08:41:58.940Z","caller":"rpc/rpc_grpc.pb.go:117","msg":"Required MultiNIC access false, interfaces required 1"}
{"level":"debug","ts":"2026-10-05T08:41:58.940Z","caller":"datastore/data_store.go:713","msg":"AssignPodIPv4Address: IP address pool stats: total 0, assigned 0"}
{"level":"debug","ts":"2026-10-05T08:41:58.940Z","caller":"datastore/data_store.go:713","msg":"AssignPodIPv4Address: ENI eni-EXAMPLE22 does not have available addresses"}
{"level":"error","ts":"2026-10-05T08:41:58.940Z","caller":"datastore/data_store.go:713","msg":"DataStore has no available IP/Prefix addresses"}
{"level":"warn","ts":"2026-10-05T08:41:58.940Z","caller":"rpc/rpc_grpc.pb.go:117","msg":"Failed to assign IPs from network card 0: AssignPodIPAddress: no available IP/Prefix addresses"}
{"level":"error","ts":"2026-10-05T08:41:58.940Z","caller":"rpc/rpc_grpc.pb.go:117","msg":"Returning failure response for AddNetwork: 1 error occurred:\n\t* AssignPodIPAddress: no available IP/Prefix addresses\n\n"}
{"level":"info","ts":"2026-10-05T08:41:58.940Z","caller":"rpc/rpc_grpc.pb.go:117","msg":"Send AddNetworkReply: Success: false IPAddr: [], resp: , err: AssignPodIPAddress: no available IP/Prefix addresses"}
{"level":"info","ts":"2026-10-05T08:41:58.954Z","caller":"rpc/rpc_grpc.pb.go:117","msg":"Received AddNetwork for NS /var/run/netns/cni-5952d6c9-8951-bcd4-4166-6398f6c5375f, Sandbox c8cfb453208538f279939bdeb175b9861686fce526bfa93b1da0807c8a49b38c, ifname eth0"}
{"level":"debug","ts":"2026-10-05T08:41:58.954Z","caller":"rpc/rpc_grpc.pb.go:117","msg":"AddNetworkRequest: K8S_POD_NAME:\"pause-68d5b89fc-9585w\"  K8S_POD_NAMESPACE:\"default\"  K8S_POD_INFRA_CONTAINER_ID:\"c8cfb453208538f279939bdeb175b9861686fce526bfa93b1da0807c8a49b38c\"  ContainerID:\"c8cfb453208538f279939bdeb175b9861686fce526bfa93b1da0807c8a49b38c\"  IfName:\"eth0\"  NetworkName:\"aws-cni\"  Netns:\"/var/run/netns/cni-5952d6c9-8951-bcd4-4166-6398f6c5375f\""}
{"level":"info","ts":"2026-10-05T08:41:58.954Z","caller":"rpc/rpc_grpc.pb.go:117","msg":"Required MultiNIC access false, interfaces required 1"}
{"level":"debug","ts":"2026-10-05T08:41:58.954Z","caller":"datastore/data_store.go:713","msg":"AssignPodIPv4Address: IP address pool stats: total 0, assigned 0"}
{"level":"debug","ts":"2026-10-05T08:41:58.954Z","caller":"datastore/data_store.go:713","msg":"AssignPodIPv4Address: ENI eni-EXAMPLE22 does not have available addresses"}
{"level":"error","ts":"2026-10-05T08:41:58.954Z","caller":"datastore/data_store.go:713","msg":"DataStore has no available IP/Prefix addresses"}
{"level":"warn","ts":"2026-10-05T08:41:58.954Z","caller":"rpc/rpc_grpc.pb.go:117","msg":"Failed to assign IPs from network card 0: AssignPodIPAddress: no available IP/Prefix addresses"}
{"level":"error","ts":"2026-10-05T08:41:58.954Z","caller":"rpc/rpc_grpc.pb.go:117","msg":"Returning failure response for AddNetwork: 1 error occurred:\n\t* AssignPodIPAddress: no available IP/Prefix addresses\n\n"}
{"level":"info","ts":"2026-10-05T08:41:58.954Z","caller":"rpc/rpc_grpc.pb.go:117","msg":"Send AddNetworkReply: Success: false IPAddr: [], resp: , err: AssignPodIPAddress: no available IP/Prefix addresses"}
{"level":"info","ts":"2026-10-05T08:41:58.979Z","caller":"rpc/rpc_grpc.pb.go:135","msg":"Received DelNetwork for Sandbox cbbe327a5b411dfbc9140241da84239f8c1a68d8a1ff59b2e9773db66aba2110"}
{"level":"debug","ts":"2026-10-05T08:41:58.979Z","caller":"rpc/rpc_grpc.pb.go:135","msg":"DelNetworkRequest: K8S_POD_NAME:\"pause-68d5b89fc-s4xj4\"  K8S_POD_NAMESPACE:\"default\"  K8S_POD_INFRA_CONTAINER_ID:\"cbbe327a5b411dfbc9140241da84239f8c1a68d8a1ff59b2e9773db66aba2110\"  Reason:\"PodDeleted\"  ContainerID:\"cbbe327a5b411dfbc9140241da84239f8c1a68d8a1ff59b2e9773db66aba2110\"  IfName:\"eth0\"  NetworkName:\"aws-cni\"  K8S_POD_UID:\"aaffac51-12cc-4f37-ba8c-ada8f6944478\""}
{"level":"debug","ts":"2026-10-05T08:41:58.979Z","caller":"ipamd/rpc_handler.go:353","msg":"UnassignPodIPAddress: IP address pool stats: total 0, assigned 0, sandbox aws-cni/cbbe327a5b411dfbc9140241da84239f8c1a68d8a1ff59b2e9773db66aba2110/eth0"}
{"level":"debug","ts":"2026-10-05T08:41:58.979Z","caller":"ipamd/rpc_handler.go:353","msg":"UnassignPodIPAddress: Failed to find IPAM entry under full key, trying CRI-migrated version"}
{"level":"warn","ts":"2026-10-05T08:41:58.979Z","caller":"ipamd/rpc_handler.go:353","msg":"UnassignPodIPAddress: Failed to find sandbox _migrated-from-cri/cbbe327a5b411dfbc9140241da84239f8c1a68d8a1ff59b2e9773db66aba2110/unknown"}
{"level":"info","ts":"2026-10-05T08:41:58.979Z","caller":"rpc/rpc_grpc.pb.go:135","msg":"Send DelNetworkReply: IPAddress: [], err: 1 error occurred:\n\t* datastore: unknown pod\n\n"}
{"level":"info","ts":"2026-10-05T08:41:58.993Z","caller":"rpc/rpc_grpc.pb.go:135","msg":"Received DelNetwork for Sandbox c8cfb453208538f279939bdeb175b9861686fce526bfa93b1da0807c8a49b38c"}
{"level":"debug","ts":"2026-10-05T08:41:58.993Z","caller":"rpc/rpc_grpc.pb.go:135","msg":"DelNetworkRequest: K8S_POD_NAME:\"pause-68d5b89fc-9585w\"  K8S_POD_NAMESPACE:\"default\"  K8S_POD_INFRA_CONTAINER_ID:\"c8cfb453208538f279939bdeb175b9861686fce526bfa93b1da0807c8a49b38c\"  Reason:\"PodDeleted\"  ContainerID:\"c8cfb453208538f279939bdeb175b9861686fce526bfa93b1da0807c8a49b38c\"  IfName:\"eth0\"  NetworkName:\"aws-cni\"  K8S_POD_UID:\"ab397e7f-fc6b-4c16-8bae-79a096357a31\""}
{"level":"debug","ts":"2026-10-05T08:41:58.993Z","caller":"ipamd/rpc_handler.go:353","msg":"UnassignPodIPAddress: IP address pool stats: total 0, assigned 0, sandbox aws-cni/c8cfb453208538f279939bdeb175b9861686fce526bfa93b1da0807c8a49b38c/eth0"}
{"level":"debug","ts":"2026-10-05T08:41:58.993Z","caller":"ipamd/rpc_handler.go:353","msg":"UnassignPodIPAddress: Failed to find IPAM entry under full key, trying CRI-migrated version"}
{"level":"warn","ts":"2026-10-05T08:41:58.993Z","caller":"ipamd/rpc_handler.go:353","msg":"UnassignPodIPAddress: Failed to find sandbox _migrated-from-cri/c8cfb453208538f279939bdeb175b9861686fce526bfa93b1da0807c8a49b38c/unknown"}
{"level":"info","ts":"2026-10-05T08:41:58.993Z","caller":"rpc/rpc_grpc.pb.go:135","msg":"Send DelNetworkReply: IPAddress: [], err: 1 error occurred:\n\t* datastore: unknown pod\n\n"}
{"level":"debug","ts":"2026-10-05T08:41:59.759Z","caller":"ipamd/ipamd.go:809","msg":"IP pool is too low for Network Card 0: available (0) < ENI target (1) * addrsPerENI (16)"}
{"level":"debug","ts":"2026-10-05T08:41:59.759Z","caller":"ipamd/ipamd.go:2689","msg":"Prefix pool stats for network card 0: Total IPs/Prefixes = 0/0, AssignedIPs/CooldownIPs: 0/0, c.maxIPsPerENI = 80"}
{"level":"debug","ts":"2026-10-05T08:41:59.759Z","caller":"ipamd/ipamd.go:795","msg":"IP stats for Network Card 0 - total IPs: 0, assigned IPs: 0, cooldown IPs: 0"}
{"level":"debug","ts":"2026-10-05T08:41:59.759Z","caller":"ipamd/ipamd.go:813","msg":"Starting to increase pool size for network card 0"}
{"level":"debug","ts":"2026-10-05T08:41:59.759Z","caller":"ipamd/ipamd.go:966","msg":"Node found \"ip-10-20-0-61.ec2.internal\" - no of taints - 0"}
{"level":"debug","ts":"2026-10-05T08:41:59.759Z","caller":"ipamd/ipamd.go:2758","msg":"Prefix target is 1, short of 1 prefixes, free 0 prefixes"}
{"level":"debug","ts":"2026-10-05T08:41:59.759Z","caller":"ipamd/ipamd.go:1248","msg":"ToAllocate: 1, Network Card 0"}
{"level":"debug","ts":"2026-10-05T08:41:59.759Z","caller":"ipamd/ipamd.go:1251","msg":"Found ENI eni-EXAMPLE22 that has less than the maximum number of IP/Prefixes addresses allocated: cur=0, max=5"}
{"level":"info","ts":"2026-10-05T08:41:59.759Z","caller":"ipamd/ipamd.go:1255","msg":"Trying to allocate 1 IP addresses on ENI eni-EXAMPLE22"}
{"level":"debug","ts":"2026-10-05T08:41:59.759Z","caller":"ipamd/ipamd.go:1255","msg":"PD enabled - true"}
{"level":"debug","ts":"2026-10-05T08:42:00.206Z","caller":"awsutils/awsutils.go:2174","msg":"checkAPIErrorAndBroadcastEvent resulted in operation error EC2: AssignPrivateIpAddresses, https response error StatusCode: 400, RequestID: 694ea7e1-9679-40f8-b8b9-5070253a4ac3, api error InsufficientCidrBlocks: The specified subnet does not have enough free cidr blocks to satisfy the request."}
{"level":"error","ts":"2026-10-05T08:42:00.206Z","caller":"ipamd/ipamd.go:1255","msg":"Failed to allocate a private IP/Prefix addresses on ENI eni-EXAMPLE22: operation error EC2: AssignPrivateIpAddresses, https response error StatusCode: 400, RequestID: 694ea7e1-9679-40f8-b8b9-5070253a4ac3, api error InsufficientCidrBlocks: The specified subnet does not have enough free cidr blocks to satisfy the request."}
{"level":"debug","ts":"2026-10-05T08:42:00.206Z","caller":"ipamd/ipamd.go:1256","msg":"containsPrivateIPAddressLimitExceededError encountered operation error EC2: AssignPrivateIpAddresses, https response error StatusCode: 400, RequestID: 694ea7e1-9679-40f8-b8b9-5070253a4ac3, api error InsufficientCidrBlocks: The specified subnet does not have enough free cidr blocks to satisfy the request."}
{"level":"warn","ts":"2026-10-05T08:42:00.206Z","caller":"ipamd/ipamd.go:1113","msg":"failed to allocate all available IPv4 Prefixes on ENI eni-EXAMPLE22, err: operation error EC2: AssignPrivateIpAddresses, https response error StatusCode: 400, RequestID: 694ea7e1-9679-40f8-b8b9-5070253a4ac3, api error InsufficientCidrBlocks: The specified subnet does not have enough free cidr blocks to satisfy the request."}
{"level":"info","ts":"2026-10-05T08:42:00.206Z","caller":"ipamd/ipamd.go:1259","msg":"Trying to allocate 1 IP addresses on ENI eni-EXAMPLE22"}
{"level":"debug","ts":"2026-10-05T08:42:00.206Z","caller":"ipamd/ipamd.go:1259","msg":"PD enabled - true"}
{"level":"debug","ts":"2026-10-05T08:42:00.653Z","caller":"awsutils/awsutils.go:2174","msg":"checkAPIErrorAndBroadcastEvent resulted in operation error EC2: AssignPrivateIpAddresses, https response error StatusCode: 400, RequestID: c533b48e-3ed1-4d07-97ad-dd4c03dd4cfb, api error InsufficientCidrBlocks: The specified subnet does not have enough free cidr blocks to satisfy the request."}
{"level":"error","ts":"2026-10-05T08:42:00.654Z","caller":"ipamd/ipamd.go:1259","msg":"Failed to allocate a private IP/Prefix addresses on ENI eni-EXAMPLE22: operation error EC2: AssignPrivateIpAddresses, https response error StatusCode: 400, RequestID: c533b48e-3ed1-4d07-97ad-dd4c03dd4cfb, api error InsufficientCidrBlocks: The specified subnet does not have enough free cidr blocks to satisfy the request."}
{"level":"debug","ts":"2026-10-05T08:42:00.654Z","caller":"ipamd/ipamd.go:1260","msg":"containsPrivateIPAddressLimitExceededError encountered operation error EC2: AssignPrivateIpAddresses, https response error StatusCode: 400, RequestID: c533b48e-3ed1-4d07-97ad-dd4c03dd4cfb, api error InsufficientCidrBlocks: The specified subnet does not have enough free cidr blocks to satisfy the request."}
{"level":"debug","ts":"2026-10-05T08:42:00.654Z","caller":"ipamd/ipamd.go:1262","msg":"containsInsufficientCIDRsOrSubnetIPs encountered operation error EC2: AssignPrivateIpAddresses, https response error StatusCode: 400, RequestID: c533b48e-3ed1-4d07-97ad-dd4c03dd4cfb, api error InsufficientCidrBlocks: The specified subnet does not have enough free cidr blocks to satisfy the request."}
{"level":"debug","ts":"2026-10-05T08:42:00.654Z","caller":"ipamd/ipamd.go:1262","msg":"Insufficient IP Addresses due to: InsufficientCidrBlocks\n"}
{"level":"debug","ts":"2026-10-05T08:42:00.654Z","caller":"ipamd/ipamd.go:1003","msg":"hasRoomForEni: networkCard=0, currentENIs=1, currentUsableENIs=1, maxENI=3, unmanagedENI=0, trunkEni=0, excludedENI=0, hasRoom=true"}
{"level":"debug","ts":"2026-10-05T08:42:00.654Z","caller":"ipamd/ipamd.go:2758","msg":"Prefix target is 1, short of 1 prefixes, free 0 prefixes"}
{"level":"debug","ts":"2026-10-05T08:42:00.654Z","caller":"ipamd/ipamd.go:2595","msg":"ToAllocate: 1, Network Card 0"}
{"level":"info","ts":"2026-10-05T08:42:00.654Z","caller":"awsutils/awsutils.go:1044","msg":"Trying to allocate 1 IP addresses on new ENI"}
{"level":"debug","ts":"2026-10-05T08:42:00.654Z","caller":"awsutils/awsutils.go:1044","msg":"PD enabled - true"}
{"level":"debug","ts":"2026-10-05T08:42:00.900Z","caller":"awsutils/awsutils.go:1272","msg":"Primary subnet subnet-EXAMPLE1 has no kubernetes.io/role/cni tag, including it for ENI creation (backwards compatibility)"}
{"level":"info","ts":"2026-10-05T08:42:00.900Z","caller":"awsutils/awsutils.go:1044","msg":"Creating ENI with security groups: [sg-EXAMPLE1] in subnet: subnet-EXAMPLE1"}
{"level":"debug","ts":"2026-10-05T08:42:01.131Z","caller":"awsutils/awsutils.go:1449","msg":"checkAPIErrorAndBroadcastEvent resulted in operation error EC2: CreateNetworkInterface, https response error StatusCode: 400, RequestID: d0e54c63-e578-420b-880b-b2f052ace892, api error InvalidParameterValue: There aren't sufficient free Ipv4 addresses or prefixes"}
{"level":"error","ts":"2026-10-05T08:42:01.131Z","caller":"awsutils/awsutils.go:1285","msg":"Failed to CreateNetworkInterface operation error EC2: CreateNetworkInterface, https response error StatusCode: 400, RequestID: d0e54c63-e578-420b-880b-b2f052ace892, api error InvalidParameterValue: There aren't sufficient free Ipv4 addresses or prefixes for subnet subnet-EXAMPLE1"}
{"level":"debug","ts":"2026-10-05T08:42:01.131Z","caller":"awsutils/awsutils.go:1272","msg":"Subnet subnet-EXAMPLE2 has no kubernetes.io/role/cni tag, excluding it from ENI creation"}
{"level":"error","ts":"2026-10-05T08:42:01.131Z","caller":"ipamd/ipamd.go:1004","msg":"Failed to increase pool size due to not able to allocate ENI AllocENI: failed to create ENI: failed to create network interface: operation error EC2: CreateNetworkInterface, https response error StatusCode: 400, RequestID: d0e54c63-e578-420b-880b-b2f052ace892, api error InvalidParameterValue: There aren't sufficient free Ipv4 addresses or prefixes"}
{"level":"warn","ts":"2026-10-05T08:42:01.131Z","caller":"ipamd/ipamd.go:1004","msg":"Failed to allocate 1 IP addresses on an ENI: AllocENI: failed to create ENI: failed to create network interface: operation error EC2: CreateNetworkInterface, https response error StatusCode: 400, RequestID: d0e54c63-e578-420b-880b-b2f052ace892, api error InvalidParameterValue: There aren't sufficient free Ipv4 addresses or prefixes"}
{"level":"debug","ts":"2026-10-05T08:42:01.131Z","caller":"ipamd/ipamd.go:1082","msg":"containsInsufficientCIDRsOrSubnetIPs encountered AllocENI: failed to create ENI: failed to create network interface: operation error EC2: CreateNetworkInterface, https response error StatusCode: 400, RequestID: d0e54c63-e578-420b-880b-b2f052ace892, api error InvalidParameterValue: There aren't sufficient free Ipv4 addresses or prefixes"}
{"level":"debug","ts":"2026-10-05T08:42:01.131Z","caller":"ipamd/ipamd.go:1082","msg":"Insufficient IP Addresses due to: InvalidParameterValue\n"}
{"level":"debug","ts":"2026-10-05T08:42:01.131Z","caller":"ipamd/ipamd.go:813","msg":"Error trying to allocate ENI: AllocENI: failed to create ENI: failed to create network interface: operation error EC2: CreateNetworkInterface, https response error StatusCode: 400, RequestID: d0e54c63-e578-420b-880b-b2f052ace892, api error InvalidParameterValue: There aren't sufficient free Ipv4 addresses or prefixes"}
{"level":"debug","ts":"2026-10-05T08:42:01.131Z","caller":"ipamd/ipamd.go:1548","msg":"ENI eni-EXAMPLE22 cannot be deleted because it is primary"}
{"level":"debug","ts":"2026-10-05T08:42:06.132Z","caller":"ipamd/ipamd.go:809","msg":"IP pool is too low for Network Card 0: available (0) < ENI target (1) * addrsPerENI (16)"}
{"level":"debug","ts":"2026-10-05T08:42:06.132Z","caller":"ipamd/ipamd.go:2689","msg":"Prefix pool stats for network card 0: Total IPs/Prefixes = 0/0, AssignedIPs/CooldownIPs: 0/0, c.maxIPsPerENI = 80"}
{"level":"debug","ts":"2026-10-05T08:42:06.132Z","caller":"ipamd/ipamd.go:795","msg":"IP stats for Network Card 0 - total IPs: 0, assigned IPs: 0, cooldown IPs: 0"}
{"level":"debug","ts":"2026-10-05T08:42:06.132Z","caller":"ipamd/ipamd.go:813","msg":"Starting to increase pool size for network card 0"}
{"level":"debug","ts":"2026-10-05T08:42:06.132Z","caller":"ipamd/ipamd.go:966","msg":"Node found \"ip-10-20-0-61.ec2.internal\" - no of taints - 0"}
{"level":"debug","ts":"2026-10-05T08:42:06.132Z","caller":"ipamd/ipamd.go:2758","msg":"Prefix target is 1, short of 1 prefixes, free 0 prefixes"}
{"level":"debug","ts":"2026-10-05T08:42:06.132Z","caller":"ipamd/ipamd.go:1248","msg":"ToAllocate: 1, Network Card 0"}
{"level":"debug","ts":"2026-10-05T08:42:06.132Z","caller":"ipamd/ipamd.go:1251","msg":"Found ENI eni-EXAMPLE22 that has less than the maximum number of IP/Prefixes addresses allocated: cur=0, max=5"}
{"level":"info","ts":"2026-10-05T08:42:06.132Z","caller":"ipamd/ipamd.go:1255","msg":"Trying to allocate 1 IP addresses on ENI eni-EXAMPLE22"}
{"level":"debug","ts":"2026-10-05T08:42:06.132Z","caller":"ipamd/ipamd.go:1255","msg":"PD enabled - true"}
{"level":"debug","ts":"2026-10-05T08:42:06.553Z","caller":"awsutils/awsutils.go:2174","msg":"checkAPIErrorAndBroadcastEvent resulted in operation error EC2: AssignPrivateIpAddresses, https response error StatusCode: 400, RequestID: 9b831814-7816-4751-ac30-1b8516e04316, api error InsufficientCidrBlocks: The specified subnet does not have enough free cidr blocks to satisfy the request."}
{"level":"error","ts":"2026-10-05T08:42:06.554Z","caller":"ipamd/ipamd.go:1255","msg":"Failed to allocate a private IP/Prefix addresses on ENI eni-EXAMPLE22: operation error EC2: AssignPrivateIpAddresses, https response error StatusCode: 400, RequestID: 9b831814-7816-4751-ac30-1b8516e04316, api error InsufficientCidrBlocks: The specified subnet does not have enough free cidr blocks to satisfy the request."}
{"level":"debug","ts":"2026-10-05T08:42:06.554Z","caller":"ipamd/ipamd.go:1256","msg":"containsPrivateIPAddressLimitExceededError encountered operation error EC2: AssignPrivateIpAddresses, https response error StatusCode: 400, RequestID: 9b831814-7816-4751-ac30-1b8516e04316, api error InsufficientCidrBlocks: The specified subnet does not have enough free cidr blocks to satisfy the request."}
{"level":"warn","ts":"2026-10-05T08:42:06.554Z","caller":"ipamd/ipamd.go:1113","msg":"failed to allocate all available IPv4 Prefixes on ENI eni-EXAMPLE22, err: operation error EC2: AssignPrivateIpAddresses, https response error StatusCode: 400, RequestID: 9b831814-7816-4751-ac30-1b8516e04316, api error InsufficientCidrBlocks: The specified subnet does not have enough free cidr blocks to satisfy the request."}
{"level":"info","ts":"2026-10-05T08:42:06.554Z","caller":"ipamd/ipamd.go:1259","msg":"Trying to allocate 1 IP addresses on ENI eni-EXAMPLE22"}
{"level":"debug","ts":"2026-10-05T08:42:06.554Z","caller":"ipamd/ipamd.go:1259","msg":"PD enabled - true"}
{"level":"debug","ts":"2026-10-05T08:42:06.998Z","caller":"awsutils/awsutils.go:2174","msg":"checkAPIErrorAndBroadcastEvent resulted in operation error EC2: AssignPrivateIpAddresses, https response error StatusCode: 400, RequestID: 995eadbb-6dee-4918-b543-974b9b2c047c, api error InsufficientCidrBlocks: The specified subnet does not have enough free cidr blocks to satisfy the request."}
{"level":"error","ts":"2026-10-05T08:42:06.998Z","caller":"ipamd/ipamd.go:1259","msg":"Failed to allocate a private IP/Prefix addresses on ENI eni-EXAMPLE22: operation error EC2: AssignPrivateIpAddresses, https response error StatusCode: 400, RequestID: 995eadbb-6dee-4918-b543-974b9b2c047c, api error InsufficientCidrBlocks: The specified subnet does not have enough free cidr blocks to satisfy the request."}
{"level":"debug","ts":"2026-10-05T08:42:06.998Z","caller":"ipamd/ipamd.go:1260","msg":"containsPrivateIPAddressLimitExceededError encountered operation error EC2: AssignPrivateIpAddresses, https response error StatusCode: 400, RequestID: 995eadbb-6dee-4918-b543-974b9b2c047c, api error InsufficientCidrBlocks: The specified subnet does not have enough free cidr blocks to satisfy the request."}
{"level":"debug","ts":"2026-10-05T08:42:06.998Z","caller":"ipamd/ipamd.go:1262","msg":"containsInsufficientCIDRsOrSubnetIPs encountered operation error EC2: AssignPrivateIpAddresses, https response error StatusCode: 400, RequestID: 995eadbb-6dee-4918-b543-974b9b2c047c, api error InsufficientCidrBlocks: The specified subnet does not have enough free cidr blocks to satisfy the request."}
{"level":"debug","ts":"2026-10-05T08:42:06.998Z","caller":"ipamd/ipamd.go:1262","msg":"Insufficient IP Addresses due to: InsufficientCidrBlocks\n"}
{"level":"debug","ts":"2026-10-05T08:42:06.999Z","caller":"ipamd/ipamd.go:1003","msg":"hasRoomForEni: networkCard=0, currentENIs=1, currentUsableENIs=1, maxENI=3, unmanagedENI=0, trunkEni=0, excludedENI=0, hasRoom=true"}
{"level":"debug","ts":"2026-10-05T08:42:06.999Z","caller":"ipamd/ipamd.go:2758","msg":"Prefix target is 1, short of 1 prefixes, free 0 prefixes"}
{"level":"debug","ts":"2026-10-05T08:42:06.999Z","caller":"ipamd/ipamd.go:2595","msg":"ToAllocate: 1, Network Card 0"}
{"level":"info","ts":"2026-10-05T08:42:06.999Z","caller":"awsutils/awsutils.go:1044","msg":"Trying to allocate 1 IP addresses on new ENI"}
{"level":"debug","ts":"2026-10-05T08:42:06.999Z","caller":"awsutils/awsutils.go:1044","msg":"PD enabled - true"}
{"level":"debug","ts":"2026-10-05T08:42:07.237Z","caller":"awsutils/awsutils.go:1272","msg":"Primary subnet subnet-EXAMPLE1 has no kubernetes.io/role/cni tag, including it for ENI creation (backwards compatibility)"}
{"level":"info","ts":"2026-10-05T08:42:07.237Z","caller":"awsutils/awsutils.go:1044","msg":"Creating ENI with security groups: [sg-EXAMPLE1] in subnet: subnet-EXAMPLE1"}
{"level":"debug","ts":"2026-10-05T08:42:07.453Z","caller":"awsutils/awsutils.go:1449","msg":"checkAPIErrorAndBroadcastEvent resulted in operation error EC2: CreateNetworkInterface, https response error StatusCode: 400, RequestID: 6acf51d8-aa13-47c3-8515-c0b4f2239f9d, api error InvalidParameterValue: There aren't sufficient free Ipv4 addresses or prefixes"}
{"level":"error","ts":"2026-10-05T08:42:07.453Z","caller":"awsutils/awsutils.go:1285","msg":"Failed to CreateNetworkInterface operation error EC2: CreateNetworkInterface, https response error StatusCode: 400, RequestID: 6acf51d8-aa13-47c3-8515-c0b4f2239f9d, api error InvalidParameterValue: There aren't sufficient free Ipv4 addresses or prefixes for subnet subnet-EXAMPLE1"}
{"level":"debug","ts":"2026-10-05T08:42:07.453Z","caller":"awsutils/awsutils.go:1272","msg":"Subnet subnet-EXAMPLE2 has no kubernetes.io/role/cni tag, excluding it from ENI creation"}
{"level":"error","ts":"2026-10-05T08:42:07.453Z","caller":"ipamd/ipamd.go:1004","msg":"Failed to increase pool size due to not able to allocate ENI AllocENI: failed to create ENI: failed to create network interface: operation error EC2: CreateNetworkInterface, https response error StatusCode: 400, RequestID: 6acf51d8-aa13-47c3-8515-c0b4f2239f9d, api error InvalidParameterValue: There aren't sufficient free Ipv4 addresses or prefixes"}
{"level":"warn","ts":"2026-10-05T08:42:07.453Z","caller":"ipamd/ipamd.go:1004","msg":"Failed to allocate 1 IP addresses on an ENI: AllocENI: failed to create ENI: failed to create network interface: operation error EC2: CreateNetworkInterface, https response error StatusCode: 400, RequestID: 6acf51d8-aa13-47c3-8515-c0b4f2239f9d, api error InvalidParameterValue: There aren't sufficient free Ipv4 addresses or prefixes"}
{"level":"debug","ts":"2026-10-05T08:42:07.453Z","caller":"ipamd/ipamd.go:1082","msg":"containsInsufficientCIDRsOrSubnetIPs encountered AllocENI: failed to create ENI: failed to create network interface: operation error EC2: CreateNetworkInterface, https response error StatusCode: 400, RequestID: 6acf51d8-aa13-47c3-8515-c0b4f2239f9d, api error InvalidParameterValue: There aren't sufficient free Ipv4 addresses or prefixes"}
{"level":"debug","ts":"2026-10-05T08:42:07.453Z","caller":"ipamd/ipamd.go:1082","msg":"Insufficient IP Addresses due to: InvalidParameterValue\n"}
{"level":"debug","ts":"2026-10-05T08:42:07.453Z","caller":"ipamd/ipamd.go:813","msg":"Error trying to allocate ENI: AllocENI: failed to create ENI: failed to create network interface: operation error EC2: CreateNetworkInterface, https response error StatusCode: 400, RequestID: 6acf51d8-aa13-47c3-8515-c0b4f2239f9d, api error InvalidParameterValue: There aren't sufficient free Ipv4 addresses or prefixes"}
{"level":"debug","ts":"2026-10-05T08:42:07.453Z","caller":"ipamd/ipamd.go:1548","msg":"ENI eni-EXAMPLE22 cannot be deleted because it is primary"}
{"level":"info","ts":"2026-10-05T08:42:08.933Z","caller":"rpc/rpc_grpc.pb.go:117","msg":"Received AddNetwork for NS /var/run/netns/cni-56a05b3b-2897-883b-d56a-96198cb8764d, Sandbox f130495941d177dfd43481b95e8a67bd06aef875dc12149539c67859156a6cbf, ifname eth0"}
{"level":"debug","ts":"2026-10-05T08:42:08.933Z","caller":"rpc/rpc_grpc.pb.go:117","msg":"AddNetworkRequest: K8S_POD_NAME:\"pause-68d5b89fc-trsbt\"  K8S_POD_NAMESPACE:\"default\"  K8S_POD_INFRA_CONTAINER_ID:\"f130495941d177dfd43481b95e8a67bd06aef875dc12149539c67859156a6cbf\"  ContainerID:\"f130495941d177dfd43481b95e8a67bd06aef875dc12149539c67859156a6cbf\"  IfName:\"eth0\"  NetworkName:\"aws-cni\"  Netns:\"/var/run/netns/cni-56a05b3b-2897-883b-d56a-96198cb8764d\""}
{"level":"info","ts":"2026-10-05T08:42:08.933Z","caller":"rpc/rpc_grpc.pb.go:117","msg":"Required MultiNIC access false, interfaces required 1"}
{"level":"debug","ts":"2026-10-05T08:42:08.933Z","caller":"datastore/data_store.go:713","msg":"AssignPodIPv4Address: IP address pool stats: total 0, assigned 0"}
{"level":"debug","ts":"2026-10-05T08:42:08.933Z","caller":"datastore/data_store.go:713","msg":"AssignPodIPv4Address: ENI eni-EXAMPLE22 does not have available addresses"}
{"level":"error","ts":"2026-10-05T08:42:08.933Z","caller":"datastore/data_store.go:713","msg":"DataStore has no available IP/Prefix addresses"}
{"level":"warn","ts":"2026-10-05T08:42:08.933Z","caller":"rpc/rpc_grpc.pb.go:117","msg":"Failed to assign IPs from network card 0: AssignPodIPAddress: no available IP/Prefix addresses"}
{"level":"error","ts":"2026-10-05T08:42:08.933Z","caller":"rpc/rpc_grpc.pb.go:117","msg":"Returning failure response for AddNetwork: 1 error occurred:\n\t* AssignPodIPAddress: no available IP/Prefix addresses\n\n"}
{"level":"info","ts":"2026-10-05T08:42:08.933Z","caller":"rpc/rpc_grpc.pb.go:117","msg":"Send AddNetworkReply: Success: false IPAddr: [], resp: , err: AssignPodIPAddress: no available IP/Prefix addresses"}
{"level":"info","ts":"2026-10-05T08:42:08.958Z","caller":"rpc/rpc_grpc.pb.go:135","msg":"Received DelNetwork for Sandbox f130495941d177dfd43481b95e8a67bd06aef875dc12149539c67859156a6cbf"}
{"level":"debug","ts":"2026-10-05T08:42:08.959Z","caller":"rpc/rpc_grpc.pb.go:135","msg":"DelNetworkRequest: K8S_POD_NAME:\"pause-68d5b89fc-trsbt\"  K8S_POD_NAMESPACE:\"default\"  K8S_POD_INFRA_CONTAINER_ID:\"f130495941d177dfd43481b95e8a67bd06aef875dc12149539c67859156a6cbf\"  Reason:\"PodDeleted\"  ContainerID:\"f130495941d177dfd43481b95e8a67bd06aef875dc12149539c67859156a6cbf\"  IfName:\"eth0\"  NetworkName:\"aws-cni\"  K8S_POD_UID:\"c20f32d4-15fe-4764-9034-71a97ec5e097\""}
{"level":"debug","ts":"2026-10-05T08:42:08.959Z","caller":"ipamd/rpc_handler.go:353","msg":"UnassignPodIPAddress: IP address pool stats: total 0, assigned 0, sandbox aws-cni/f130495941d177dfd43481b95e8a67bd06aef875dc12149539c67859156a6cbf/eth0"}
{"level":"debug","ts":"2026-10-05T08:42:08.959Z","caller":"ipamd/rpc_handler.go:353","msg":"UnassignPodIPAddress: Failed to find IPAM entry under full key, trying CRI-migrated version"}
{"level":"warn","ts":"2026-10-05T08:42:08.959Z","caller":"ipamd/rpc_handler.go:353","msg":"UnassignPodIPAddress: Failed to find sandbox _migrated-from-cri/f130495941d177dfd43481b95e8a67bd06aef875dc12149539c67859156a6cbf/unknown"}
{"level":"info","ts":"2026-10-05T08:42:08.959Z","caller":"rpc/rpc_grpc.pb.go:135","msg":"Send DelNetworkReply: IPAddress: [], err: 1 error occurred:\n\t* datastore: unknown pod\n\n"}
{"level":"info","ts":"2026-10-05T08:42:09.931Z","caller":"rpc/rpc_grpc.pb.go:117","msg":"Received AddNetwork for NS /var/run/netns/cni-115f6203-914f-6efe-9904-358be549ecfd, Sandbox 048c5b48180097d95c7fe9b394e6695bba94597a505dcab30f2101db0ffca25d, ifname eth0"}
{"level":"debug","ts":"2026-10-05T08:42:09.932Z","caller":"rpc/rpc_grpc.pb.go:117","msg":"AddNetworkRequest: K8S_POD_NAME:\"pause-68d5b89fc-9585w\"  K8S_POD_NAMESPACE:\"default\"  K8S_POD_INFRA_CONTAINER_ID:\"048c5b48180097d95c7fe9b394e6695bba94597a505dcab30f2101db0ffca25d\"  ContainerID:\"048c5b48180097d95c7fe9b394e6695bba94597a505dcab30f2101db0ffca25d\"  IfName:\"eth0\"  NetworkName:\"aws-cni\"  Netns:\"/var/run/netns/cni-115f6203-914f-6efe-9904-358be549ecfd\""}
{"level":"info","ts":"2026-10-05T08:42:09.932Z","caller":"rpc/rpc_grpc.pb.go:117","msg":"Required MultiNIC access false, interfaces required 1"}
{"level":"debug","ts":"2026-10-05T08:42:09.932Z","caller":"datastore/data_store.go:713","msg":"AssignPodIPv4Address: IP address pool stats: total 0, assigned 0"}
{"level":"debug","ts":"2026-10-05T08:42:09.932Z","caller":"datastore/data_store.go:713","msg":"AssignPodIPv4Address: ENI eni-EXAMPLE22 does not have available addresses"}
{"level":"error","ts":"2026-10-05T08:42:09.932Z","caller":"datastore/data_store.go:713","msg":"DataStore has no available IP/Prefix addresses"}
{"level":"warn","ts":"2026-10-05T08:42:09.932Z","caller":"rpc/rpc_grpc.pb.go:117","msg":"Failed to assign IPs from network card 0: AssignPodIPAddress: no available IP/Prefix addresses"}
{"level":"error","ts":"2026-10-05T08:42:09.932Z","caller":"rpc/rpc_grpc.pb.go:117","msg":"Returning failure response for AddNetwork: 1 error occurred:\n\t* AssignPodIPAddress: no available IP/Prefix addresses\n\n"}
{"level":"info","ts":"2026-10-05T08:42:09.932Z","caller":"rpc/rpc_grpc.pb.go:117","msg":"Send AddNetworkReply: Success: false IPAddr: [], resp: , err: AssignPodIPAddress: no available IP/Prefix addresses"}
{"level":"info","ts":"2026-10-05T08:42:09.959Z","caller":"rpc/rpc_grpc.pb.go:135","msg":"Received DelNetwork for Sandbox 048c5b48180097d95c7fe9b394e6695bba94597a505dcab30f2101db0ffca25d"}
{"level":"debug","ts":"2026-10-05T08:42:09.959Z","caller":"rpc/rpc_grpc.pb.go:135","msg":"DelNetworkRequest: K8S_POD_NAME:\"pause-68d5b89fc-9585w\"  K8S_POD_NAMESPACE:\"default\"  K8S_POD_INFRA_CONTAINER_ID:\"048c5b48180097d95c7fe9b394e6695bba94597a505dcab30f2101db0ffca25d\"  Reason:\"PodDeleted\"  ContainerID:\"048c5b48180097d95c7fe9b394e6695bba94597a505dcab30f2101db0ffca25d\"  IfName:\"eth0\"  NetworkName:\"aws-cni\"  K8S_POD_UID:\"ab397e7f-fc6b-4c16-8bae-79a096357a31\""}
{"level":"debug","ts":"2026-10-05T08:42:09.959Z","caller":"ipamd/rpc_handler.go:353","msg":"UnassignPodIPAddress: IP address pool stats: total 0, assigned 0, sandbox aws-cni/048c5b48180097d95c7fe9b394e6695bba94597a505dcab30f2101db0ffca25d/eth0"}
{"level":"debug","ts":"2026-10-05T08:42:09.959Z","caller":"ipamd/rpc_handler.go:353","msg":"UnassignPodIPAddress: Failed to find IPAM entry under full key, trying CRI-migrated version"}
{"level":"warn","ts":"2026-10-05T08:42:09.959Z","caller":"ipamd/rpc_handler.go:353","msg":"UnassignPodIPAddress: Failed to find sandbox _migrated-from-cri/048c5b48180097d95c7fe9b394e6695bba94597a505dcab30f2101db0ffca25d/unknown"}
{"level":"info","ts":"2026-10-05T08:42:09.959Z","caller":"rpc/rpc_grpc.pb.go:135","msg":"Send DelNetworkReply: IPAddress: [], err: 1 error occurred:\n\t* datastore: unknown pod\n\n"}
{"level":"info","ts":"2026-10-05T08:42:11.930Z","caller":"rpc/rpc_grpc.pb.go:117","msg":"Received AddNetwork for NS /var/run/netns/cni-ccfb90ae-194b-a2aa-4531-c50edc407128, Sandbox 6562c04f95d30bd1a474ec244601c06bbb5824547af0527195e4ccf7ce634efe, ifname eth0"}
{"level":"debug","ts":"2026-10-05T08:42:11.930Z","caller":"rpc/rpc_grpc.pb.go:117","msg":"AddNetworkRequest: K8S_POD_NAME:\"pause-68d5b89fc-s4xj4\"  K8S_POD_NAMESPACE:\"default\"  K8S_POD_INFRA_CONTAINER_ID:\"6562c04f95d30bd1a474ec244601c06bbb5824547af0527195e4ccf7ce634efe\"  ContainerID:\"6562c04f95d30bd1a474ec244601c06bbb5824547af0527195e4ccf7ce634efe\"  IfName:\"eth0\"  NetworkName:\"aws-cni\"  Netns:\"/var/run/netns/cni-ccfb90ae-194b-a2aa-4531-c50edc407128\""}
{"level":"info","ts":"2026-10-05T08:42:11.930Z","caller":"rpc/rpc_grpc.pb.go:117","msg":"Required MultiNIC access false, interfaces required 1"}
{"level":"debug","ts":"2026-10-05T08:42:11.930Z","caller":"datastore/data_store.go:713","msg":"AssignPodIPv4Address: IP address pool stats: total 0, assigned 0"}
{"level":"debug","ts":"2026-10-05T08:42:11.930Z","caller":"datastore/data_store.go:713","msg":"AssignPodIPv4Address: ENI eni-EXAMPLE22 does not have available addresses"}
{"level":"error","ts":"2026-10-05T08:42:11.930Z","caller":"datastore/data_store.go:713","msg":"DataStore has no available IP/Prefix addresses"}
{"level":"warn","ts":"2026-10-05T08:42:11.930Z","caller":"rpc/rpc_grpc.pb.go:117","msg":"Failed to assign IPs from network card 0: AssignPodIPAddress: no available IP/Prefix addresses"}
{"level":"error","ts":"2026-10-05T08:42:11.930Z","caller":"rpc/rpc_grpc.pb.go:117","msg":"Returning failure response for AddNetwork: 1 error occurred:\n\t* AssignPodIPAddress: no available IP/Prefix addresses\n\n"}
{"level":"info","ts":"2026-10-05T08:42:11.930Z","caller":"rpc/rpc_grpc.pb.go:117","msg":"Send AddNetworkReply: Success: false IPAddr: [], resp: , err: AssignPodIPAddress: no available IP/Prefix addresses"}
{"level":"info","ts":"2026-10-05T08:42:11.958Z","caller":"rpc/rpc_grpc.pb.go:135","msg":"Received DelNetwork for Sandbox 6562c04f95d30bd1a474ec244601c06bbb5824547af0527195e4ccf7ce634efe"}
{"level":"debug","ts":"2026-10-05T08:42:11.958Z","caller":"rpc/rpc_grpc.pb.go:135","msg":"DelNetworkRequest: K8S_POD_NAME:\"pause-68d5b89fc-s4xj4\"  K8S_POD_NAMESPACE:\"default\"  K8S_POD_INFRA_CONTAINER_ID:\"6562c04f95d30bd1a474ec244601c06bbb5824547af0527195e4ccf7ce634efe\"  Reason:\"PodDeleted\"  ContainerID:\"6562c04f95d30bd1a474ec244601c06bbb5824547af0527195e4ccf7ce634efe\"  IfName:\"eth0\"  NetworkName:\"aws-cni\"  K8S_POD_UID:\"aaffac51-12cc-4f37-ba8c-ada8f6944478\""}
{"level":"debug","ts":"2026-10-05T08:42:11.958Z","caller":"ipamd/rpc_handler.go:353","msg":"UnassignPodIPAddress: IP address pool stats: total 0, assigned 0, sandbox aws-cni/6562c04f95d30bd1a474ec244601c06bbb5824547af0527195e4ccf7ce634efe/eth0"}
{"level":"debug","ts":"2026-10-05T08:42:11.958Z","caller":"ipamd/rpc_handler.go:353","msg":"UnassignPodIPAddress: Failed to find IPAM entry under full key, trying CRI-migrated version"}
{"level":"warn","ts":"2026-10-05T08:42:11.958Z","caller":"ipamd/rpc_handler.go:353","msg":"UnassignPodIPAddress: Failed to find sandbox _migrated-from-cri/6562c04f95d30bd1a474ec244601c06bbb5824547af0527195e4ccf7ce634efe/unknown"}
{"level":"info","ts":"2026-10-05T08:42:11.958Z","caller":"rpc/rpc_grpc.pb.go:135","msg":"Send DelNetworkReply: IPAddress: [], err: 1 error occurred:\n\t* datastore: unknown pod\n\n"}
{"level":"debug","ts":"2026-10-05T08:42:12.454Z","caller":"ipamd/ipamd.go:809","msg":"IP pool is too low for Network Card 0: available (0) < ENI target (1) * addrsPerENI (16)"}
{"level":"debug","ts":"2026-10-05T08:42:12.455Z","caller":"ipamd/ipamd.go:2689","msg":"Prefix pool stats for network card 0: Total IPs/Prefixes = 0/0, AssignedIPs/CooldownIPs: 0/0, c.maxIPsPerENI = 80"}
{"level":"debug","ts":"2026-10-05T08:42:12.455Z","caller":"ipamd/ipamd.go:795","msg":"IP stats for Network Card 0 - total IPs: 0, assigned IPs: 0, cooldown IPs: 0"}
{"level":"debug","ts":"2026-10-05T08:42:12.455Z","caller":"ipamd/ipamd.go:813","msg":"Starting to increase pool size for network card 0"}
{"level":"debug","ts":"2026-10-05T08:42:12.455Z","caller":"ipamd/ipamd.go:966","msg":"Node found \"ip-10-20-0-61.ec2.internal\" - no of taints - 0"}
{"level":"debug","ts":"2026-10-05T08:42:12.455Z","caller":"ipamd/ipamd.go:2758","msg":"Prefix target is 1, short of 1 prefixes, free 0 prefixes"}
{"level":"debug","ts":"2026-10-05T08:42:12.455Z","caller":"ipamd/ipamd.go:1248","msg":"ToAllocate: 1, Network Card 0"}
{"level":"debug","ts":"2026-10-05T08:42:12.455Z","caller":"ipamd/ipamd.go:1251","msg":"Found ENI eni-EXAMPLE22 that has less than the maximum number of IP/Prefixes addresses allocated: cur=0, max=5"}
{"level":"info","ts":"2026-10-05T08:42:12.455Z","caller":"ipamd/ipamd.go:1255","msg":"Trying to allocate 1 IP addresses on ENI eni-EXAMPLE22"}
{"level":"debug","ts":"2026-10-05T08:42:12.455Z","caller":"ipamd/ipamd.go:1255","msg":"PD enabled - true"}
{"level":"debug","ts":"2026-10-05T08:42:12.844Z","caller":"awsutils/awsutils.go:2174","msg":"checkAPIErrorAndBroadcastEvent resulted in operation error EC2: AssignPrivateIpAddresses, https response error StatusCode: 400, RequestID: 192000f0-fd04-41fb-8473-df0390b11f51, api error InsufficientCidrBlocks: The specified subnet does not have enough free cidr blocks to satisfy the request."}
{"level":"error","ts":"2026-10-05T08:42:12.844Z","caller":"ipamd/ipamd.go:1255","msg":"Failed to allocate a private IP/Prefix addresses on ENI eni-EXAMPLE22: operation error EC2: AssignPrivateIpAddresses, https response error StatusCode: 400, RequestID: 192000f0-fd04-41fb-8473-df0390b11f51, api error InsufficientCidrBlocks: The specified subnet does not have enough free cidr blocks to satisfy the request."}
{"level":"debug","ts":"2026-10-05T08:42:12.844Z","caller":"ipamd/ipamd.go:1256","msg":"containsPrivateIPAddressLimitExceededError encountered operation error EC2: AssignPrivateIpAddresses, https response error StatusCode: 400, RequestID: 192000f0-fd04-41fb-8473-df0390b11f51, api error InsufficientCidrBlocks: The specified subnet does not have enough free cidr blocks to satisfy the request."}
{"level":"warn","ts":"2026-10-05T08:42:12.844Z","caller":"ipamd/ipamd.go:1113","msg":"failed to allocate all available IPv4 Prefixes on ENI eni-EXAMPLE22, err: operation error EC2: AssignPrivateIpAddresses, https response error StatusCode: 400, RequestID: 192000f0-fd04-41fb-8473-df0390b11f51, api error InsufficientCidrBlocks: The specified subnet does not have enough free cidr blocks to satisfy the request."}
{"level":"info","ts":"2026-10-05T08:42:12.844Z","caller":"ipamd/ipamd.go:1259","msg":"Trying to allocate 1 IP addresses on ENI eni-EXAMPLE22"}
{"level":"debug","ts":"2026-10-05T08:42:12.844Z","caller":"ipamd/ipamd.go:1259","msg":"PD enabled - true"}
{"level":"debug","ts":"2026-10-05T08:42:13.219Z","caller":"awsutils/awsutils.go:2174","msg":"checkAPIErrorAndBroadcastEvent resulted in operation error EC2: AssignPrivateIpAddresses, https response error StatusCode: 400, RequestID: b36e4c30-3ea2-40fd-afb4-8c864f98455d, api error InsufficientCidrBlocks: The specified subnet does not have enough free cidr blocks to satisfy the request."}
{"level":"error","ts":"2026-10-05T08:42:13.219Z","caller":"ipamd/ipamd.go:1259","msg":"Failed to allocate a private IP/Prefix addresses on ENI eni-EXAMPLE22: operation error EC2: AssignPrivateIpAddresses, https response error StatusCode: 400, RequestID: b36e4c30-3ea2-40fd-afb4-8c864f98455d, api error InsufficientCidrBlocks: The specified subnet does not have enough free cidr blocks to satisfy the request."}
{"level":"debug","ts":"2026-10-05T08:42:13.219Z","caller":"ipamd/ipamd.go:1260","msg":"containsPrivateIPAddressLimitExceededError encountered operation error EC2: AssignPrivateIpAddresses, https response error StatusCode: 400, RequestID: b36e4c30-3ea2-40fd-afb4-8c864f98455d, api error InsufficientCidrBlocks: The specified subnet does not have enough free cidr blocks to satisfy the request."}
{"level":"debug","ts":"2026-10-05T08:42:13.219Z","caller":"ipamd/ipamd.go:1262","msg":"containsInsufficientCIDRsOrSubnetIPs encountered operation error EC2: AssignPrivateIpAddresses, https response error StatusCode: 400, RequestID: b36e4c30-3ea2-40fd-afb4-8c864f98455d, api error InsufficientCidrBlocks: The specified subnet does not have enough free cidr blocks to satisfy the request."}
{"level":"debug","ts":"2026-10-05T08:42:13.219Z","caller":"ipamd/ipamd.go:1262","msg":"Insufficient IP Addresses due to: InsufficientCidrBlocks\n"}
{"level":"debug","ts":"2026-10-05T08:42:13.219Z","caller":"ipamd/ipamd.go:1003","msg":"hasRoomForEni: networkCard=0, currentENIs=1, currentUsableENIs=1, maxENI=3, unmanagedENI=0, trunkEni=0, excludedENI=0, hasRoom=true"}
{"level":"debug","ts":"2026-10-05T08:42:13.219Z","caller":"ipamd/ipamd.go:2758","msg":"Prefix target is 1, short of 1 prefixes, free 0 prefixes"}
{"level":"debug","ts":"2026-10-05T08:42:13.219Z","caller":"ipamd/ipamd.go:2595","msg":"ToAllocate: 1, Network Card 0"}
{"level":"info","ts":"2026-10-05T08:42:13.219Z","caller":"awsutils/awsutils.go:1044","msg":"Trying to allocate 1 IP addresses on new ENI"}
{"level":"debug","ts":"2026-10-05T08:42:13.219Z","caller":"awsutils/awsutils.go:1044","msg":"PD enabled - true"}
{"level":"debug","ts":"2026-10-05T08:42:13.474Z","caller":"awsutils/awsutils.go:1272","msg":"Primary subnet subnet-EXAMPLE1 has no kubernetes.io/role/cni tag, including it for ENI creation (backwards compatibility)"}
{"level":"info","ts":"2026-10-05T08:42:13.474Z","caller":"awsutils/awsutils.go:1044","msg":"Creating ENI with security groups: [sg-EXAMPLE1] in subnet: subnet-EXAMPLE1"}
{"level":"debug","ts":"2026-10-05T08:42:13.693Z","caller":"awsutils/awsutils.go:1449","msg":"checkAPIErrorAndBroadcastEvent resulted in operation error EC2: CreateNetworkInterface, https response error StatusCode: 400, RequestID: 45eed93b-8724-4e10-92d7-1bcc4010a4d2, api error InvalidParameterValue: There aren't sufficient free Ipv4 addresses or prefixes"}
{"level":"error","ts":"2026-10-05T08:42:13.693Z","caller":"awsutils/awsutils.go:1285","msg":"Failed to CreateNetworkInterface operation error EC2: CreateNetworkInterface, https response error StatusCode: 400, RequestID: 45eed93b-8724-4e10-92d7-1bcc4010a4d2, api error InvalidParameterValue: There aren't sufficient free Ipv4 addresses or prefixes for subnet subnet-EXAMPLE1"}
{"level":"debug","ts":"2026-10-05T08:42:13.693Z","caller":"awsutils/awsutils.go:1272","msg":"Subnet subnet-EXAMPLE2 has no kubernetes.io/role/cni tag, excluding it from ENI creation"}
{"level":"error","ts":"2026-10-05T08:42:13.693Z","caller":"ipamd/ipamd.go:1004","msg":"Failed to increase pool size due to not able to allocate ENI AllocENI: failed to create ENI: failed to create network interface: operation error EC2: CreateNetworkInterface, https response error StatusCode: 400, RequestID: 45eed93b-8724-4e10-92d7-1bcc4010a4d2, api error InvalidParameterValue: There aren't sufficient free Ipv4 addresses or prefixes"}
{"level":"warn","ts":"2026-10-05T08:42:13.693Z","caller":"ipamd/ipamd.go:1004","msg":"Failed to allocate 1 IP addresses on an ENI: AllocENI: failed to create ENI: failed to create network interface: operation error EC2: CreateNetworkInterface, https response error StatusCode: 400, RequestID: 45eed93b-8724-4e10-92d7-1bcc4010a4d2, api error InvalidParameterValue: There aren't sufficient free Ipv4 addresses or prefixes"}
{"level":"debug","ts":"2026-10-05T08:42:13.693Z","caller":"ipamd/ipamd.go:1082","msg":"containsInsufficientCIDRsOrSubnetIPs encountered AllocENI: failed to create ENI: failed to create network interface: operation error EC2: CreateNetworkInterface, https response error StatusCode: 400, RequestID: 45eed93b-8724-4e10-92d7-1bcc4010a4d2, api error InvalidParameterValue: There aren't sufficient free Ipv4 addresses or prefixes"}
{"level":"debug","ts":"2026-10-05T08:42:13.693Z","caller":"ipamd/ipamd.go:1082","msg":"Insufficient IP Addresses due to: InvalidParameterValue\n"}
{"level":"debug","ts":"2026-10-05T08:42:13.693Z","caller":"ipamd/ipamd.go:813","msg":"Error trying to allocate ENI: AllocENI: failed to create ENI: failed to create network interface: operation error EC2: CreateNetworkInterface, https response error StatusCode: 400, RequestID: 45eed93b-8724-4e10-92d7-1bcc4010a4d2, api error InvalidParameterValue: There aren't sufficient free Ipv4 addresses or prefixes"}
{"level":"debug","ts":"2026-10-05T08:42:13.693Z","caller":"ipamd/ipamd.go:1548","msg":"ENI eni-EXAMPLE22 cannot be deleted because it is primary"}
{"level":"debug","ts":"2026-10-05T08:42:18.695Z","caller":"ipamd/ipamd.go:809","msg":"IP pool is too low for Network Card 0: available (0) < ENI target (1) * addrsPerENI (16)"}
{"level":"debug","ts":"2026-10-05T08:42:18.695Z","caller":"ipamd/ipamd.go:2689","msg":"Prefix pool stats for network card 0: Total IPs/Prefixes = 0/0, AssignedIPs/CooldownIPs: 0/0, c.maxIPsPerENI = 80"}
{"level":"debug","ts":"2026-10-05T08:42:18.695Z","caller":"ipamd/ipamd.go:795","msg":"IP stats for Network Card 0 - total IPs: 0, assigned IPs: 0, cooldown IPs: 0"}
{"level":"debug","ts":"2026-10-05T08:42:18.695Z","caller":"ipamd/ipamd.go:813","msg":"Starting to increase pool size for network card 0"}
{"level":"debug","ts":"2026-10-05T08:42:18.695Z","caller":"ipamd/ipamd.go:966","msg":"Node found \"ip-10-20-0-61.ec2.internal\" - no of taints - 0"}
{"level":"debug","ts":"2026-10-05T08:42:18.695Z","caller":"ipamd/ipamd.go:2758","msg":"Prefix target is 1, short of 1 prefixes, free 0 prefixes"}
{"level":"debug","ts":"2026-10-05T08:42:18.695Z","caller":"ipamd/ipamd.go:1248","msg":"ToAllocate: 1, Network Card 0"}
{"level":"debug","ts":"2026-10-05T08:42:18.695Z","caller":"ipamd/ipamd.go:1251","msg":"Found ENI eni-EXAMPLE22 that has less than the maximum number of IP/Prefixes addresses allocated: cur=0, max=5"}
{"level":"info","ts":"2026-10-05T08:42:18.695Z","caller":"ipamd/ipamd.go:1255","msg":"Trying to allocate 1 IP addresses on ENI eni-EXAMPLE22"}
{"level":"debug","ts":"2026-10-05T08:42:18.695Z","caller":"ipamd/ipamd.go:1255","msg":"PD enabled - true"}
{"level":"debug","ts":"2026-10-05T08:42:19.122Z","caller":"awsutils/awsutils.go:2174","msg":"checkAPIErrorAndBroadcastEvent resulted in operation error EC2: AssignPrivateIpAddresses, https response error StatusCode: 400, RequestID: 6a28dc1b-e109-4114-b972-da376892f26e, api error InsufficientCidrBlocks: The specified subnet does not have enough free cidr blocks to satisfy the request."}
{"level":"error","ts":"2026-10-05T08:42:19.122Z","caller":"ipamd/ipamd.go:1255","msg":"Failed to allocate a private IP/Prefix addresses on ENI eni-EXAMPLE22: operation error EC2: AssignPrivateIpAddresses, https response error StatusCode: 400, RequestID: 6a28dc1b-e109-4114-b972-da376892f26e, api error InsufficientCidrBlocks: The specified subnet does not have enough free cidr blocks to satisfy the request."}
{"level":"debug","ts":"2026-10-05T08:42:19.122Z","caller":"ipamd/ipamd.go:1256","msg":"containsPrivateIPAddressLimitExceededError encountered operation error EC2: AssignPrivateIpAddresses, https response error StatusCode: 400, RequestID: 6a28dc1b-e109-4114-b972-da376892f26e, api error InsufficientCidrBlocks: The specified subnet does not have enough free cidr blocks to satisfy the request."}
{"level":"warn","ts":"2026-10-05T08:42:19.122Z","caller":"ipamd/ipamd.go:1113","msg":"failed to allocate all available IPv4 Prefixes on ENI eni-EXAMPLE22, err: operation error EC2: AssignPrivateIpAddresses, https response error StatusCode: 400, RequestID: 6a28dc1b-e109-4114-b972-da376892f26e, api error InsufficientCidrBlocks: The specified subnet does not have enough free cidr blocks to satisfy the request."}
{"level":"info","ts":"2026-10-05T08:42:19.122Z","caller":"ipamd/ipamd.go:1259","msg":"Trying to allocate 1 IP addresses on ENI eni-EXAMPLE22"}
{"level":"debug","ts":"2026-10-05T08:42:19.122Z","caller":"ipamd/ipamd.go:1259","msg":"PD enabled - true"}
{"level":"debug","ts":"2026-10-05T08:42:19.566Z","caller":"awsutils/awsutils.go:2174","msg":"checkAPIErrorAndBroadcastEvent resulted in operation error EC2: AssignPrivateIpAddresses, https response error StatusCode: 400, RequestID: f536c03d-c865-4b8b-99d9-d48d99cf76fb, api error InsufficientCidrBlocks: The specified subnet does not have enough free cidr blocks to satisfy the request."}
{"level":"error","ts":"2026-10-05T08:42:19.566Z","caller":"ipamd/ipamd.go:1259","msg":"Failed to allocate a private IP/Prefix addresses on ENI eni-EXAMPLE22: operation error EC2: AssignPrivateIpAddresses, https response error StatusCode: 400, RequestID: f536c03d-c865-4b8b-99d9-d48d99cf76fb, api error InsufficientCidrBlocks: The specified subnet does not have enough free cidr blocks to satisfy the request."}
{"level":"debug","ts":"2026-10-05T08:42:19.566Z","caller":"ipamd/ipamd.go:1260","msg":"containsPrivateIPAddressLimitExceededError encountered operation error EC2: AssignPrivateIpAddresses, https response error StatusCode: 400, RequestID: f536c03d-c865-4b8b-99d9-d48d99cf76fb, api error InsufficientCidrBlocks: The specified subnet does not have enough free cidr blocks to satisfy the request."}
{"level":"debug","ts":"2026-10-05T08:42:19.566Z","caller":"ipamd/ipamd.go:1262","msg":"containsInsufficientCIDRsOrSubnetIPs encountered operation error EC2: AssignPrivateIpAddresses, https response error StatusCode: 400, RequestID: f536c03d-c865-4b8b-99d9-d48d99cf76fb, api error InsufficientCidrBlocks: The specified subnet does not have enough free cidr blocks to satisfy the request."}
{"level":"debug","ts":"2026-10-05T08:42:19.566Z","caller":"ipamd/ipamd.go:1262","msg":"Insufficient IP Addresses due to: InsufficientCidrBlocks\n"}
{"level":"debug","ts":"2026-10-05T08:42:19.566Z","caller":"ipamd/ipamd.go:1003","msg":"hasRoomForEni: networkCard=0, currentENIs=1, currentUsableENIs=1, maxENI=3, unmanagedENI=0, trunkEni=0, excludedENI=0, hasRoom=true"}
{"level":"debug","ts":"2026-10-05T08:42:19.566Z","caller":"ipamd/ipamd.go:2758","msg":"Prefix target is 1, short of 1 prefixes, free 0 prefixes"}
{"level":"debug","ts":"2026-10-05T08:42:19.566Z","caller":"ipamd/ipamd.go:2595","msg":"ToAllocate: 1, Network Card 0"}
{"level":"info","ts":"2026-10-05T08:42:19.566Z","caller":"awsutils/awsutils.go:1044","msg":"Trying to allocate 1 IP addresses on new ENI"}
{"level":"debug","ts":"2026-10-05T08:42:19.566Z","caller":"awsutils/awsutils.go:1044","msg":"PD enabled - true"}
{"level":"debug","ts":"2026-10-05T08:42:19.793Z","caller":"awsutils/awsutils.go:1272","msg":"Primary subnet subnet-EXAMPLE1 has no kubernetes.io/role/cni tag, including it for ENI creation (backwards compatibility)"}
{"level":"info","ts":"2026-10-05T08:42:19.793Z","caller":"awsutils/awsutils.go:1044","msg":"Creating ENI with security groups: [sg-EXAMPLE1] in subnet: subnet-EXAMPLE1"}
{"level":"debug","ts":"2026-10-05T08:42:20.040Z","caller":"awsutils/awsutils.go:1449","msg":"checkAPIErrorAndBroadcastEvent resulted in operation error EC2: CreateNetworkInterface, https response error StatusCode: 400, RequestID: a309bfbe-3229-4823-b170-34d4358c42b9, api error InvalidParameterValue: There aren't sufficient free Ipv4 addresses or prefixes"}
{"level":"error","ts":"2026-10-05T08:42:20.040Z","caller":"awsutils/awsutils.go:1285","msg":"Failed to CreateNetworkInterface operation error EC2: CreateNetworkInterface, https response error StatusCode: 400, RequestID: a309bfbe-3229-4823-b170-34d4358c42b9, api error InvalidParameterValue: There aren't sufficient free Ipv4 addresses or prefixes for subnet subnet-EXAMPLE1"}
{"level":"debug","ts":"2026-10-05T08:42:20.040Z","caller":"awsutils/awsutils.go:1272","msg":"Subnet subnet-EXAMPLE2 has no kubernetes.io/role/cni tag, excluding it from ENI creation"}
{"level":"error","ts":"2026-10-05T08:42:20.040Z","caller":"ipamd/ipamd.go:1004","msg":"Failed to increase pool size due to not able to allocate ENI AllocENI: failed to create ENI: failed to create network interface: operation error EC2: CreateNetworkInterface, https response error StatusCode: 400, RequestID: a309bfbe-3229-4823-b170-34d4358c42b9, api error InvalidParameterValue: There aren't sufficient free Ipv4 addresses or prefixes"}
{"level":"warn","ts":"2026-10-05T08:42:20.040Z","caller":"ipamd/ipamd.go:1004","msg":"Failed to allocate 1 IP addresses on an ENI: AllocENI: failed to create ENI: failed to create network interface: operation error EC2: CreateNetworkInterface, https response error StatusCode: 400, RequestID: a309bfbe-3229-4823-b170-34d4358c42b9, api error InvalidParameterValue: There aren't sufficient free Ipv4 addresses or prefixes"}
{"level":"debug","ts":"2026-10-05T08:42:20.040Z","caller":"ipamd/ipamd.go:1082","msg":"containsInsufficientCIDRsOrSubnetIPs encountered AllocENI: failed to create ENI: failed to create network interface: operation error EC2: CreateNetworkInterface, https response error StatusCode: 400, RequestID: a309bfbe-3229-4823-b170-34d4358c42b9, api error InvalidParameterValue: There aren't sufficient free Ipv4 addresses or prefixes"}
{"level":"debug","ts":"2026-10-05T08:42:20.040Z","caller":"ipamd/ipamd.go:1082","msg":"Insufficient IP Addresses due to: InvalidParameterValue\n"}
{"level":"debug","ts":"2026-10-05T08:42:20.040Z","caller":"ipamd/ipamd.go:813","msg":"Error trying to allocate ENI: AllocENI: failed to create ENI: failed to create network interface: operation error EC2: CreateNetworkInterface, https response error StatusCode: 400, RequestID: a309bfbe-3229-4823-b170-34d4358c42b9, api error InvalidParameterValue: There aren't sufficient free Ipv4 addresses or prefixes"}
{"level":"debug","ts":"2026-10-05T08:42:20.040Z","caller":"ipamd/ipamd.go:1548","msg":"ENI eni-EXAMPLE22 cannot be deleted because it is primary"}
{"level":"info","ts":"2026-10-05T08:42:20.942Z","caller":"rpc/rpc_grpc.pb.go:117","msg":"Received AddNetwork for NS /var/run/netns/cni-9781edee-437a-c3aa-f08b-675938706c81, Sandbox 40e222f0a7818ebbeaa52c453ced785198b79fce49b83af7cb4adcfba554fa19, ifname eth0"}
{"level":"debug","ts":"2026-10-05T08:42:20.942Z","caller":"rpc/rpc_grpc.pb.go:117","msg":"AddNetworkRequest: K8S_POD_NAME:\"pause-68d5b89fc-trsbt\"  K8S_POD_NAMESPACE:\"default\"  K8S_POD_INFRA_CONTAINER_ID:\"40e222f0a7818ebbeaa52c453ced785198b79fce49b83af7cb4adcfba554fa19\"  ContainerID:\"40e222f0a7818ebbeaa52c453ced785198b79fce49b83af7cb4adcfba554fa19\"  IfName:\"eth0\"  NetworkName:\"aws-cni\"  Netns:\"/var/run/netns/cni-9781edee-437a-c3aa-f08b-675938706c81\""}
{"level":"info","ts":"2026-10-05T08:42:20.942Z","caller":"rpc/rpc_grpc.pb.go:117","msg":"Required MultiNIC access false, interfaces required 1"}
{"level":"debug","ts":"2026-10-05T08:42:20.942Z","caller":"datastore/data_store.go:713","msg":"AssignPodIPv4Address: IP address pool stats: total 0, assigned 0"}
{"level":"debug","ts":"2026-10-05T08:42:20.942Z","caller":"datastore/data_store.go:713","msg":"AssignPodIPv4Address: ENI eni-EXAMPLE22 does not have available addresses"}
{"level":"error","ts":"2026-10-05T08:42:20.942Z","caller":"datastore/data_store.go:713","msg":"DataStore has no available IP/Prefix addresses"}
{"level":"warn","ts":"2026-10-05T08:42:20.942Z","caller":"rpc/rpc_grpc.pb.go:117","msg":"Failed to assign IPs from network card 0: AssignPodIPAddress: no available IP/Prefix addresses"}
{"level":"error","ts":"2026-10-05T08:42:20.942Z","caller":"rpc/rpc_grpc.pb.go:117","msg":"Returning failure response for AddNetwork: 1 error occurred:\n\t* AssignPodIPAddress: no available IP/Prefix addresses\n\n"}
{"level":"info","ts":"2026-10-05T08:42:20.942Z","caller":"rpc/rpc_grpc.pb.go:117","msg":"Send AddNetworkReply: Success: false IPAddr: [], resp: , err: AssignPodIPAddress: no available IP/Prefix addresses"}
{"level":"info","ts":"2026-10-05T08:42:20.952Z","caller":"rpc/rpc_grpc.pb.go:117","msg":"Received AddNetwork for NS /var/run/netns/cni-6b25af04-a161-a51f-cde6-9247201adb5b, Sandbox c8a8193a65c6706215f30aabb1fc73961cd78487d7c3829d31abda4a5c33675b, ifname eth0"}
{"level":"debug","ts":"2026-10-05T08:42:20.953Z","caller":"rpc/rpc_grpc.pb.go:117","msg":"AddNetworkRequest: K8S_POD_NAME:\"pause-68d5b89fc-9585w\"  K8S_POD_NAMESPACE:\"default\"  K8S_POD_INFRA_CONTAINER_ID:\"c8a8193a65c6706215f30aabb1fc73961cd78487d7c3829d31abda4a5c33675b\"  ContainerID:\"c8a8193a65c6706215f30aabb1fc73961cd78487d7c3829d31abda4a5c33675b\"  IfName:\"eth0\"  NetworkName:\"aws-cni\"  Netns:\"/var/run/netns/cni-6b25af04-a161-a51f-cde6-9247201adb5b\""}
{"level":"info","ts":"2026-10-05T08:42:20.953Z","caller":"rpc/rpc_grpc.pb.go:117","msg":"Required MultiNIC access false, interfaces required 1"}
{"level":"debug","ts":"2026-10-05T08:42:20.953Z","caller":"datastore/data_store.go:713","msg":"AssignPodIPv4Address: IP address pool stats: total 0, assigned 0"}
{"level":"debug","ts":"2026-10-05T08:42:20.953Z","caller":"datastore/data_store.go:713","msg":"AssignPodIPv4Address: ENI eni-EXAMPLE22 does not have available addresses"}
{"level":"error","ts":"2026-10-05T08:42:20.953Z","caller":"datastore/data_store.go:713","msg":"DataStore has no available IP/Prefix addresses"}
{"level":"warn","ts":"2026-10-05T08:42:20.953Z","caller":"rpc/rpc_grpc.pb.go:117","msg":"Failed to assign IPs from network card 0: AssignPodIPAddress: no available IP/Prefix addresses"}
{"level":"error","ts":"2026-10-05T08:42:20.953Z","caller":"rpc/rpc_grpc.pb.go:117","msg":"Returning failure response for AddNetwork: 1 error occurred:\n\t* AssignPodIPAddress: no available IP/Prefix addresses\n\n"}
{"level":"info","ts":"2026-10-05T08:42:20.953Z","caller":"rpc/rpc_grpc.pb.go:117","msg":"Send AddNetworkReply: Success: false IPAddr: [], resp: , err: AssignPodIPAddress: no available IP/Prefix addresses"}
{"level":"info","ts":"2026-10-05T08:42:20.988Z","caller":"rpc/rpc_grpc.pb.go:135","msg":"Received DelNetwork for Sandbox 40e222f0a7818ebbeaa52c453ced785198b79fce49b83af7cb4adcfba554fa19"}
{"level":"debug","ts":"2026-10-05T08:42:20.988Z","caller":"rpc/rpc_grpc.pb.go:135","msg":"DelNetworkRequest: K8S_POD_NAME:\"pause-68d5b89fc-trsbt\"  K8S_POD_NAMESPACE:\"default\"  K8S_POD_INFRA_CONTAINER_ID:\"40e222f0a7818ebbeaa52c453ced785198b79fce49b83af7cb4adcfba554fa19\"  Reason:\"PodDeleted\"  ContainerID:\"40e222f0a7818ebbeaa52c453ced785198b79fce49b83af7cb4adcfba554fa19\"  IfName:\"eth0\"  NetworkName:\"aws-cni\"  K8S_POD_UID:\"c20f32d4-15fe-4764-9034-71a97ec5e097\""}
{"level":"debug","ts":"2026-10-05T08:42:20.988Z","caller":"ipamd/rpc_handler.go:353","msg":"UnassignPodIPAddress: IP address pool stats: total 0, assigned 0, sandbox aws-cni/40e222f0a7818ebbeaa52c453ced785198b79fce49b83af7cb4adcfba554fa19/eth0"}
{"level":"debug","ts":"2026-10-05T08:42:20.988Z","caller":"ipamd/rpc_handler.go:353","msg":"UnassignPodIPAddress: Failed to find IPAM entry under full key, trying CRI-migrated version"}
{"level":"warn","ts":"2026-10-05T08:42:20.988Z","caller":"ipamd/rpc_handler.go:353","msg":"UnassignPodIPAddress: Failed to find sandbox _migrated-from-cri/40e222f0a7818ebbeaa52c453ced785198b79fce49b83af7cb4adcfba554fa19/unknown"}
{"level":"info","ts":"2026-10-05T08:42:20.988Z","caller":"rpc/rpc_grpc.pb.go:135","msg":"Send DelNetworkReply: IPAddress: [], err: 1 error occurred:\n\t* datastore: unknown pod\n\n"}
{"level":"info","ts":"2026-10-05T08:42:20.995Z","caller":"rpc/rpc_grpc.pb.go:135","msg":"Received DelNetwork for Sandbox c8a8193a65c6706215f30aabb1fc73961cd78487d7c3829d31abda4a5c33675b"}
{"level":"debug","ts":"2026-10-05T08:42:20.995Z","caller":"rpc/rpc_grpc.pb.go:135","msg":"DelNetworkRequest: K8S_POD_NAME:\"pause-68d5b89fc-9585w\"  K8S_POD_NAMESPACE:\"default\"  K8S_POD_INFRA_CONTAINER_ID:\"c8a8193a65c6706215f30aabb1fc73961cd78487d7c3829d31abda4a5c33675b\"  Reason:\"PodDeleted\"  ContainerID:\"c8a8193a65c6706215f30aabb1fc73961cd78487d7c3829d31abda4a5c33675b\"  IfName:\"eth0\"  NetworkName:\"aws-cni\"  K8S_POD_UID:\"ab397e7f-fc6b-4c16-8bae-79a096357a31\""}
{"level":"debug","ts":"2026-10-05T08:42:20.995Z","caller":"ipamd/rpc_handler.go:353","msg":"UnassignPodIPAddress: IP address pool stats: total 0, assigned 0, sandbox aws-cni/c8a8193a65c6706215f30aabb1fc73961cd78487d7c3829d31abda4a5c33675b/eth0"}
{"level":"debug","ts":"2026-10-05T08:42:20.995Z","caller":"ipamd/rpc_handler.go:353","msg":"UnassignPodIPAddress: Failed to find IPAM entry under full key, trying CRI-migrated version"}
{"level":"warn","ts":"2026-10-05T08:42:20.995Z","caller":"ipamd/rpc_handler.go:353","msg":"UnassignPodIPAddress: Failed to find sandbox _migrated-from-cri/c8a8193a65c6706215f30aabb1fc73961cd78487d7c3829d31abda4a5c33675b/unknown"}
{"level":"info","ts":"2026-10-05T08:42:20.995Z","caller":"rpc/rpc_grpc.pb.go:135","msg":"Send DelNetworkReply: IPAddress: [], err: 1 error occurred:\n\t* datastore: unknown pod\n\n"}
{"level":"debug","ts":"2026-10-05T08:42:25.041Z","caller":"ipamd/ipamd.go:809","msg":"IP pool is too low for Network Card 0: available (0) < ENI target (1) * addrsPerENI (16)"}
{"level":"debug","ts":"2026-10-05T08:42:25.041Z","caller":"ipamd/ipamd.go:2689","msg":"Prefix pool stats for network card 0: Total IPs/Prefixes = 0/0, AssignedIPs/CooldownIPs: 0/0, c.maxIPsPerENI = 80"}
{"level":"debug","ts":"2026-10-05T08:42:25.041Z","caller":"ipamd/ipamd.go:795","msg":"IP stats for Network Card 0 - total IPs: 0, assigned IPs: 0, cooldown IPs: 0"}
{"level":"debug","ts":"2026-10-05T08:42:25.041Z","caller":"ipamd/ipamd.go:813","msg":"Starting to increase pool size for network card 0"}
{"level":"debug","ts":"2026-10-05T08:42:25.041Z","caller":"ipamd/ipamd.go:966","msg":"Node found \"ip-10-20-0-61.ec2.internal\" - no of taints - 0"}
{"level":"debug","ts":"2026-10-05T08:42:25.041Z","caller":"ipamd/ipamd.go:2758","msg":"Prefix target is 1, short of 1 prefixes, free 0 prefixes"}
{"level":"debug","ts":"2026-10-05T08:42:25.041Z","caller":"ipamd/ipamd.go:1248","msg":"ToAllocate: 1, Network Card 0"}
{"level":"debug","ts":"2026-10-05T08:42:25.041Z","caller":"ipamd/ipamd.go:1251","msg":"Found ENI eni-EXAMPLE22 that has less than the maximum number of IP/Prefixes addresses allocated: cur=0, max=5"}
{"level":"info","ts":"2026-10-05T08:42:25.041Z","caller":"ipamd/ipamd.go:1255","msg":"Trying to allocate 1 IP addresses on ENI eni-EXAMPLE22"}
{"level":"debug","ts":"2026-10-05T08:42:25.041Z","caller":"ipamd/ipamd.go:1255","msg":"PD enabled - true"}
{"level":"debug","ts":"2026-10-05T08:42:25.468Z","caller":"awsutils/awsutils.go:2174","msg":"checkAPIErrorAndBroadcastEvent resulted in operation error EC2: AssignPrivateIpAddresses, https response error StatusCode: 400, RequestID: e94a6242-4e02-48ce-94c1-817b155d9a69, api error InsufficientCidrBlocks: The specified subnet does not have enough free cidr blocks to satisfy the request."}
{"level":"error","ts":"2026-10-05T08:42:25.468Z","caller":"ipamd/ipamd.go:1255","msg":"Failed to allocate a private IP/Prefix addresses on ENI eni-EXAMPLE22: operation error EC2: AssignPrivateIpAddresses, https response error StatusCode: 400, RequestID: e94a6242-4e02-48ce-94c1-817b155d9a69, api error InsufficientCidrBlocks: The specified subnet does not have enough free cidr blocks to satisfy the request."}
{"level":"debug","ts":"2026-10-05T08:42:25.468Z","caller":"ipamd/ipamd.go:1256","msg":"containsPrivateIPAddressLimitExceededError encountered operation error EC2: AssignPrivateIpAddresses, https response error StatusCode: 400, RequestID: e94a6242-4e02-48ce-94c1-817b155d9a69, api error InsufficientCidrBlocks: The specified subnet does not have enough free cidr blocks to satisfy the request."}
{"level":"warn","ts":"2026-10-05T08:42:25.468Z","caller":"ipamd/ipamd.go:1113","msg":"failed to allocate all available IPv4 Prefixes on ENI eni-EXAMPLE22, err: operation error EC2: AssignPrivateIpAddresses, https response error StatusCode: 400, RequestID: e94a6242-4e02-48ce-94c1-817b155d9a69, api error InsufficientCidrBlocks: The specified subnet does not have enough free cidr blocks to satisfy the request."}
{"level":"info","ts":"2026-10-05T08:42:25.468Z","caller":"ipamd/ipamd.go:1259","msg":"Trying to allocate 1 IP addresses on ENI eni-EXAMPLE22"}
{"level":"debug","ts":"2026-10-05T08:42:25.468Z","caller":"ipamd/ipamd.go:1259","msg":"PD enabled - true"}
{"level":"debug","ts":"2026-10-05T08:42:25.882Z","caller":"awsutils/awsutils.go:2174","msg":"checkAPIErrorAndBroadcastEvent resulted in operation error EC2: AssignPrivateIpAddresses, https response error StatusCode: 400, RequestID: ab933c4c-e707-4db8-8db0-5e6a426d8565, api error InsufficientCidrBlocks: The specified subnet does not have enough free cidr blocks to satisfy the request."}
{"level":"error","ts":"2026-10-05T08:42:25.882Z","caller":"ipamd/ipamd.go:1259","msg":"Failed to allocate a private IP/Prefix addresses on ENI eni-EXAMPLE22: operation error EC2: AssignPrivateIpAddresses, https response error StatusCode: 400, RequestID: ab933c4c-e707-4db8-8db0-5e6a426d8565, api error InsufficientCidrBlocks: The specified subnet does not have enough free cidr blocks to satisfy the request."}
{"level":"debug","ts":"2026-10-05T08:42:25.882Z","caller":"ipamd/ipamd.go:1260","msg":"containsPrivateIPAddressLimitExceededError encountered operation error EC2: AssignPrivateIpAddresses, https response error StatusCode: 400, RequestID: ab933c4c-e707-4db8-8db0-5e6a426d8565, api error InsufficientCidrBlocks: The specified subnet does not have enough free cidr blocks to satisfy the request."}
{"level":"debug","ts":"2026-10-05T08:42:25.882Z","caller":"ipamd/ipamd.go:1262","msg":"containsInsufficientCIDRsOrSubnetIPs encountered operation error EC2: AssignPrivateIpAddresses, https response error StatusCode: 400, RequestID: ab933c4c-e707-4db8-8db0-5e6a426d8565, api error InsufficientCidrBlocks: The specified subnet does not have enough free cidr blocks to satisfy the request."}
{"level":"debug","ts":"2026-10-05T08:42:25.882Z","caller":"ipamd/ipamd.go:1262","msg":"Insufficient IP Addresses due to: InsufficientCidrBlocks\n"}
{"level":"debug","ts":"2026-10-05T08:42:25.882Z","caller":"ipamd/ipamd.go:1003","msg":"hasRoomForEni: networkCard=0, currentENIs=1, currentUsableENIs=1, maxENI=3, unmanagedENI=0, trunkEni=0, excludedENI=0, hasRoom=true"}
{"level":"debug","ts":"2026-10-05T08:42:25.882Z","caller":"ipamd/ipamd.go:2758","msg":"Prefix target is 1, short of 1 prefixes, free 0 prefixes"}
{"level":"debug","ts":"2026-10-05T08:42:25.882Z","caller":"ipamd/ipamd.go:2595","msg":"ToAllocate: 1, Network Card 0"}
{"level":"info","ts":"2026-10-05T08:42:25.882Z","caller":"awsutils/awsutils.go:1044","msg":"Trying to allocate 1 IP addresses on new ENI"}
{"level":"debug","ts":"2026-10-05T08:42:25.882Z","caller":"awsutils/awsutils.go:1044","msg":"PD enabled - true"}
{"level":"info","ts":"2026-10-05T08:42:25.939Z","caller":"rpc/rpc_grpc.pb.go:117","msg":"Received AddNetwork for NS /var/run/netns/cni-551f49c7-7603-84cd-2d1e-05e531c39cc9, Sandbox 2822c6dc49b43b8d5ba0470fd20c0fb5713538b82370551905d8e57e2be48add, ifname eth0"}
{"level":"debug","ts":"2026-10-05T08:42:25.939Z","caller":"rpc/rpc_grpc.pb.go:117","msg":"AddNetworkRequest: K8S_POD_NAME:\"pause-68d5b89fc-s4xj4\"  K8S_POD_NAMESPACE:\"default\"  K8S_POD_INFRA_CONTAINER_ID:\"2822c6dc49b43b8d5ba0470fd20c0fb5713538b82370551905d8e57e2be48add\"  ContainerID:\"2822c6dc49b43b8d5ba0470fd20c0fb5713538b82370551905d8e57e2be48add\"  IfName:\"eth0\"  NetworkName:\"aws-cni\"  Netns:\"/var/run/netns/cni-551f49c7-7603-84cd-2d1e-05e531c39cc9\""}
{"level":"info","ts":"2026-10-05T08:42:25.939Z","caller":"rpc/rpc_grpc.pb.go:117","msg":"Required MultiNIC access false, interfaces required 1"}
{"level":"debug","ts":"2026-10-05T08:42:25.939Z","caller":"datastore/data_store.go:713","msg":"AssignPodIPv4Address: IP address pool stats: total 0, assigned 0"}
{"level":"debug","ts":"2026-10-05T08:42:25.939Z","caller":"datastore/data_store.go:713","msg":"AssignPodIPv4Address: ENI eni-EXAMPLE22 does not have available addresses"}
{"level":"error","ts":"2026-10-05T08:42:25.939Z","caller":"datastore/data_store.go:713","msg":"DataStore has no available IP/Prefix addresses"}
{"level":"warn","ts":"2026-10-05T08:42:25.939Z","caller":"rpc/rpc_grpc.pb.go:117","msg":"Failed to assign IPs from network card 0: AssignPodIPAddress: no available IP/Prefix addresses"}
{"level":"error","ts":"2026-10-05T08:42:25.939Z","caller":"rpc/rpc_grpc.pb.go:117","msg":"Returning failure response for AddNetwork: 1 error occurred:\n\t* AssignPodIPAddress: no available IP/Prefix addresses\n\n"}
{"level":"info","ts":"2026-10-05T08:42:25.939Z","caller":"rpc/rpc_grpc.pb.go:117","msg":"Send AddNetworkReply: Success: false IPAddr: [], resp: , err: AssignPodIPAddress: no available IP/Prefix addresses"}
{"level":"info","ts":"2026-10-05T08:42:25.971Z","caller":"rpc/rpc_grpc.pb.go:135","msg":"Received DelNetwork for Sandbox 2822c6dc49b43b8d5ba0470fd20c0fb5713538b82370551905d8e57e2be48add"}
{"level":"debug","ts":"2026-10-05T08:42:25.971Z","caller":"rpc/rpc_grpc.pb.go:135","msg":"DelNetworkRequest: K8S_POD_NAME:\"pause-68d5b89fc-s4xj4\"  K8S_POD_NAMESPACE:\"default\"  K8S_POD_INFRA_CONTAINER_ID:\"2822c6dc49b43b8d5ba0470fd20c0fb5713538b82370551905d8e57e2be48add\"  Reason:\"PodDeleted\"  ContainerID:\"2822c6dc49b43b8d5ba0470fd20c0fb5713538b82370551905d8e57e2be48add\"  IfName:\"eth0\"  NetworkName:\"aws-cni\"  K8S_POD_UID:\"aaffac51-12cc-4f37-ba8c-ada8f6944478\""}
{"level":"debug","ts":"2026-10-05T08:42:25.971Z","caller":"ipamd/rpc_handler.go:353","msg":"UnassignPodIPAddress: IP address pool stats: total 0, assigned 0, sandbox aws-cni/2822c6dc49b43b8d5ba0470fd20c0fb5713538b82370551905d8e57e2be48add/eth0"}
{"level":"debug","ts":"2026-10-05T08:42:25.971Z","caller":"ipamd/rpc_handler.go:353","msg":"UnassignPodIPAddress: Failed to find IPAM entry under full key, trying CRI-migrated version"}
{"level":"warn","ts":"2026-10-05T08:42:25.971Z","caller":"ipamd/rpc_handler.go:353","msg":"UnassignPodIPAddress: Failed to find sandbox _migrated-from-cri/2822c6dc49b43b8d5ba0470fd20c0fb5713538b82370551905d8e57e2be48add/unknown"}
{"level":"info","ts":"2026-10-05T08:42:25.971Z","caller":"rpc/rpc_grpc.pb.go:135","msg":"Send DelNetworkReply: IPAddress: [], err: 1 error occurred:\n\t* datastore: unknown pod\n\n"}
{"level":"debug","ts":"2026-10-05T08:42:26.138Z","caller":"awsutils/awsutils.go:1272","msg":"Primary subnet subnet-EXAMPLE1 has no kubernetes.io/role/cni tag, including it for ENI creation (backwards compatibility)"}
{"level":"info","ts":"2026-10-05T08:42:26.138Z","caller":"awsutils/awsutils.go:1044","msg":"Creating ENI with security groups: [sg-EXAMPLE1] in subnet: subnet-EXAMPLE1"}
{"level":"debug","ts":"2026-10-05T08:42:26.361Z","caller":"awsutils/awsutils.go:1449","msg":"checkAPIErrorAndBroadcastEvent resulted in operation error EC2: CreateNetworkInterface, https response error StatusCode: 400, RequestID: 656c7b38-b583-4f02-952b-ecc48fe4879a, api error InvalidParameterValue: There aren't sufficient free Ipv4 addresses or prefixes"}
{"level":"error","ts":"2026-10-05T08:42:26.361Z","caller":"awsutils/awsutils.go:1285","msg":"Failed to CreateNetworkInterface operation error EC2: CreateNetworkInterface, https response error StatusCode: 400, RequestID: 656c7b38-b583-4f02-952b-ecc48fe4879a, api error InvalidParameterValue: There aren't sufficient free Ipv4 addresses or prefixes for subnet subnet-EXAMPLE1"}
{"level":"debug","ts":"2026-10-05T08:42:26.361Z","caller":"awsutils/awsutils.go:1272","msg":"Subnet subnet-EXAMPLE2 has no kubernetes.io/role/cni tag, excluding it from ENI creation"}
{"level":"error","ts":"2026-10-05T08:42:26.361Z","caller":"ipamd/ipamd.go:1004","msg":"Failed to increase pool size due to not able to allocate ENI AllocENI: failed to create ENI: failed to create network interface: operation error EC2: CreateNetworkInterface, https response error StatusCode: 400, RequestID: 656c7b38-b583-4f02-952b-ecc48fe4879a, api error InvalidParameterValue: There aren't sufficient free Ipv4 addresses or prefixes"}
{"level":"warn","ts":"2026-10-05T08:42:26.361Z","caller":"ipamd/ipamd.go:1004","msg":"Failed to allocate 1 IP addresses on an ENI: AllocENI: failed to create ENI: failed to create network interface: operation error EC2: CreateNetworkInterface, https response error StatusCode: 400, RequestID: 656c7b38-b583-4f02-952b-ecc48fe4879a, api error InvalidParameterValue: There aren't sufficient free Ipv4 addresses or prefixes"}
{"level":"debug","ts":"2026-10-05T08:42:26.361Z","caller":"ipamd/ipamd.go:1082","msg":"containsInsufficientCIDRsOrSubnetIPs encountered AllocENI: failed to create ENI: failed to create network interface: operation error EC2: CreateNetworkInterface, https response error StatusCode: 400, RequestID: 656c7b38-b583-4f02-952b-ecc48fe4879a, api error InvalidParameterValue: There aren't sufficient free Ipv4 addresses or prefixes"}
{"level":"debug","ts":"2026-10-05T08:42:26.361Z","caller":"ipamd/ipamd.go:1082","msg":"Insufficient IP Addresses due to: InvalidParameterValue\n"}
{"level":"debug","ts":"2026-10-05T08:42:26.361Z","caller":"ipamd/ipamd.go:813","msg":"Error trying to allocate ENI: AllocENI: failed to create ENI: failed to create network interface: operation error EC2: CreateNetworkInterface, https response error StatusCode: 400, RequestID: 656c7b38-b583-4f02-952b-ecc48fe4879a, api error InvalidParameterValue: There aren't sufficient free Ipv4 addresses or prefixes"}
{"level":"debug","ts":"2026-10-05T08:42:26.361Z","caller":"ipamd/ipamd.go:1548","msg":"ENI eni-EXAMPLE22 cannot be deleted because it is primary"}
{"level":"debug","ts":"2026-10-05T08:42:31.363Z","caller":"ipamd/ipamd.go:809","msg":"IP pool is too low for Network Card 0: available (0) < ENI target (1) * addrsPerENI (16)"}
{"level":"debug","ts":"2026-10-05T08:42:31.363Z","caller":"ipamd/ipamd.go:2689","msg":"Prefix pool stats for network card 0: Total IPs/Prefixes = 0/0, AssignedIPs/CooldownIPs: 0/0, c.maxIPsPerENI = 80"}
{"level":"debug","ts":"2026-10-05T08:42:31.363Z","caller":"ipamd/ipamd.go:795","msg":"IP stats for Network Card 0 - total IPs: 0, assigned IPs: 0, cooldown IPs: 0"}
{"level":"debug","ts":"2026-10-05T08:42:31.363Z","caller":"ipamd/ipamd.go:813","msg":"Starting to increase pool size for network card 0"}
{"level":"debug","ts":"2026-10-05T08:42:31.363Z","caller":"ipamd/ipamd.go:966","msg":"Node found \"ip-10-20-0-61.ec2.internal\" - no of taints - 0"}
{"level":"debug","ts":"2026-10-05T08:42:31.363Z","caller":"ipamd/ipamd.go:2758","msg":"Prefix target is 1, short of 1 prefixes, free 0 prefixes"}
{"level":"debug","ts":"2026-10-05T08:42:31.363Z","caller":"ipamd/ipamd.go:1248","msg":"ToAllocate: 1, Network Card 0"}
{"level":"debug","ts":"2026-10-05T08:42:31.363Z","caller":"ipamd/ipamd.go:1251","msg":"Found ENI eni-EXAMPLE22 that has less than the maximum number of IP/Prefixes addresses allocated: cur=0, max=5"}
{"level":"info","ts":"2026-10-05T08:42:31.363Z","caller":"ipamd/ipamd.go:1255","msg":"Trying to allocate 1 IP addresses on ENI eni-EXAMPLE22"}
{"level":"debug","ts":"2026-10-05T08:42:31.363Z","caller":"ipamd/ipamd.go:1255","msg":"PD enabled - true"}
{"level":"debug","ts":"2026-10-05T08:42:31.805Z","caller":"awsutils/awsutils.go:2174","msg":"checkAPIErrorAndBroadcastEvent resulted in operation error EC2: AssignPrivateIpAddresses, https response error StatusCode: 400, RequestID: 99a6043f-1c59-431f-90d8-8cc3d37503e3, api error InsufficientCidrBlocks: The specified subnet does not have enough free cidr blocks to satisfy the request."}
{"level":"error","ts":"2026-10-05T08:42:31.805Z","caller":"ipamd/ipamd.go:1255","msg":"Failed to allocate a private IP/Prefix addresses on ENI eni-EXAMPLE22: operation error EC2: AssignPrivateIpAddresses, https response error StatusCode: 400, RequestID: 99a6043f-1c59-431f-90d8-8cc3d37503e3, api error InsufficientCidrBlocks: The specified subnet does not have enough free cidr blocks to satisfy the request."}
{"level":"debug","ts":"2026-10-05T08:42:31.805Z","caller":"ipamd/ipamd.go:1256","msg":"containsPrivateIPAddressLimitExceededError encountered operation error EC2: AssignPrivateIpAddresses, https response error StatusCode: 400, RequestID: 99a6043f-1c59-431f-90d8-8cc3d37503e3, api error InsufficientCidrBlocks: The specified subnet does not have enough free cidr blocks to satisfy the request."}
{"level":"warn","ts":"2026-10-05T08:42:31.805Z","caller":"ipamd/ipamd.go:1113","msg":"failed to allocate all available IPv4 Prefixes on ENI eni-EXAMPLE22, err: operation error EC2: AssignPrivateIpAddresses, https response error StatusCode: 400, RequestID: 99a6043f-1c59-431f-90d8-8cc3d37503e3, api error InsufficientCidrBlocks: The specified subnet does not have enough free cidr blocks to satisfy the request."}
{"level":"info","ts":"2026-10-05T08:42:31.805Z","caller":"ipamd/ipamd.go:1259","msg":"Trying to allocate 1 IP addresses on ENI eni-EXAMPLE22"}
{"level":"debug","ts":"2026-10-05T08:42:31.805Z","caller":"ipamd/ipamd.go:1259","msg":"PD enabled - true"}
{"level":"debug","ts":"2026-10-05T08:42:32.256Z","caller":"awsutils/awsutils.go:2174","msg":"checkAPIErrorAndBroadcastEvent resulted in operation error EC2: AssignPrivateIpAddresses, https response error StatusCode: 400, RequestID: 6e97d955-6fcc-4309-b601-ddbd829b61bd, api error InsufficientCidrBlocks: The specified subnet does not have enough free cidr blocks to satisfy the request."}
{"level":"error","ts":"2026-10-05T08:42:32.256Z","caller":"ipamd/ipamd.go:1259","msg":"Failed to allocate a private IP/Prefix addresses on ENI eni-EXAMPLE22: operation error EC2: AssignPrivateIpAddresses, https response error StatusCode: 400, RequestID: 6e97d955-6fcc-4309-b601-ddbd829b61bd, api error InsufficientCidrBlocks: The specified subnet does not have enough free cidr blocks to satisfy the request."}
{"level":"debug","ts":"2026-10-05T08:42:32.256Z","caller":"ipamd/ipamd.go:1260","msg":"containsPrivateIPAddressLimitExceededError encountered operation error EC2: AssignPrivateIpAddresses, https response error StatusCode: 400, RequestID: 6e97d955-6fcc-4309-b601-ddbd829b61bd, api error InsufficientCidrBlocks: The specified subnet does not have enough free cidr blocks to satisfy the request."}
{"level":"debug","ts":"2026-10-05T08:42:32.256Z","caller":"ipamd/ipamd.go:1262","msg":"containsInsufficientCIDRsOrSubnetIPs encountered operation error EC2: AssignPrivateIpAddresses, https response error StatusCode: 400, RequestID: 6e97d955-6fcc-4309-b601-ddbd829b61bd, api error InsufficientCidrBlocks: The specified subnet does not have enough free cidr blocks to satisfy the request."}
{"level":"debug","ts":"2026-10-05T08:42:32.256Z","caller":"ipamd/ipamd.go:1262","msg":"Insufficient IP Addresses due to: InsufficientCidrBlocks\n"}
{"level":"debug","ts":"2026-10-05T08:42:32.256Z","caller":"ipamd/ipamd.go:1003","msg":"hasRoomForEni: networkCard=0, currentENIs=1, currentUsableENIs=1, maxENI=3, unmanagedENI=0, trunkEni=0, excludedENI=0, hasRoom=true"}
{"level":"debug","ts":"2026-10-05T08:42:32.256Z","caller":"ipamd/ipamd.go:2758","msg":"Prefix target is 1, short of 1 prefixes, free 0 prefixes"}
{"level":"debug","ts":"2026-10-05T08:42:32.256Z","caller":"ipamd/ipamd.go:2595","msg":"ToAllocate: 1, Network Card 0"}
{"level":"info","ts":"2026-10-05T08:42:32.256Z","caller":"awsutils/awsutils.go:1044","msg":"Trying to allocate 1 IP addresses on new ENI"}
{"level":"debug","ts":"2026-10-05T08:42:32.256Z","caller":"awsutils/awsutils.go:1044","msg":"PD enabled - true"}
{"level":"debug","ts":"2026-10-05T08:42:32.524Z","caller":"awsutils/awsutils.go:1272","msg":"Primary subnet subnet-EXAMPLE1 has no kubernetes.io/role/cni tag, including it for ENI creation (backwards compatibility)"}
{"level":"info","ts":"2026-10-05T08:42:32.524Z","caller":"awsutils/awsutils.go:1044","msg":"Creating ENI with security groups: [sg-EXAMPLE1] in subnet: subnet-EXAMPLE1"}
{"level":"debug","ts":"2026-10-05T08:42:32.750Z","caller":"awsutils/awsutils.go:1449","msg":"checkAPIErrorAndBroadcastEvent resulted in operation error EC2: CreateNetworkInterface, https response error StatusCode: 400, RequestID: 8063404e-c823-470e-b4c9-731ff41ed3e0, api error InvalidParameterValue: There aren't sufficient free Ipv4 addresses or prefixes"}
{"level":"error","ts":"2026-10-05T08:42:32.750Z","caller":"awsutils/awsutils.go:1285","msg":"Failed to CreateNetworkInterface operation error EC2: CreateNetworkInterface, https response error StatusCode: 400, RequestID: 8063404e-c823-470e-b4c9-731ff41ed3e0, api error InvalidParameterValue: There aren't sufficient free Ipv4 addresses or prefixes for subnet subnet-EXAMPLE1"}
{"level":"debug","ts":"2026-10-05T08:42:32.750Z","caller":"awsutils/awsutils.go:1272","msg":"Subnet subnet-EXAMPLE2 has no kubernetes.io/role/cni tag, excluding it from ENI creation"}
{"level":"error","ts":"2026-10-05T08:42:32.750Z","caller":"ipamd/ipamd.go:1004","msg":"Failed to increase pool size due to not able to allocate ENI AllocENI: failed to create ENI: failed to create network interface: operation error EC2: CreateNetworkInterface, https response error StatusCode: 400, RequestID: 8063404e-c823-470e-b4c9-731ff41ed3e0, api error InvalidParameterValue: There aren't sufficient free Ipv4 addresses or prefixes"}
{"level":"warn","ts":"2026-10-05T08:42:32.750Z","caller":"ipamd/ipamd.go:1004","msg":"Failed to allocate 1 IP addresses on an ENI: AllocENI: failed to create ENI: failed to create network interface: operation error EC2: CreateNetworkInterface, https response error StatusCode: 400, RequestID: 8063404e-c823-470e-b4c9-731ff41ed3e0, api error InvalidParameterValue: There aren't sufficient free Ipv4 addresses or prefixes"}
{"level":"debug","ts":"2026-10-05T08:42:32.750Z","caller":"ipamd/ipamd.go:1082","msg":"containsInsufficientCIDRsOrSubnetIPs encountered AllocENI: failed to create ENI: failed to create network interface: operation error EC2: CreateNetworkInterface, https response error StatusCode: 400, RequestID: 8063404e-c823-470e-b4c9-731ff41ed3e0, api error InvalidParameterValue: There aren't sufficient free Ipv4 addresses or prefixes"}
{"level":"debug","ts":"2026-10-05T08:42:32.750Z","caller":"ipamd/ipamd.go:1082","msg":"Insufficient IP Addresses due to: InvalidParameterValue\n"}
{"level":"debug","ts":"2026-10-05T08:42:32.750Z","caller":"ipamd/ipamd.go:813","msg":"Error trying to allocate ENI: AllocENI: failed to create ENI: failed to create network interface: operation error EC2: CreateNetworkInterface, https response error StatusCode: 400, RequestID: 8063404e-c823-470e-b4c9-731ff41ed3e0, api error InvalidParameterValue: There aren't sufficient free Ipv4 addresses or prefixes"}
{"level":"debug","ts":"2026-10-05T08:42:32.750Z","caller":"ipamd/ipamd.go:1548","msg":"ENI eni-EXAMPLE22 cannot be deleted because it is primary"}
{"level":"info","ts":"2026-10-05T08:42:32.932Z","caller":"rpc/rpc_grpc.pb.go:117","msg":"Received AddNetwork for NS /var/run/netns/cni-9ba492ff-f2fb-3e06-a3c2-9c2f01c0f531, Sandbox 5a501d7566258fae7a5e49a69073464c62819b123caed1c512e95f200d549f0b, ifname eth0"}
{"level":"debug","ts":"2026-10-05T08:42:32.932Z","caller":"rpc/rpc_grpc.pb.go:117","msg":"AddNetworkRequest: K8S_POD_NAME:\"pause-68d5b89fc-trsbt\"  K8S_POD_NAMESPACE:\"default\"  K8S_POD_INFRA_CONTAINER_ID:\"5a501d7566258fae7a5e49a69073464c62819b123caed1c512e95f200d549f0b\"  ContainerID:\"5a501d7566258fae7a5e49a69073464c62819b123caed1c512e95f200d549f0b\"  IfName:\"eth0\"  NetworkName:\"aws-cni\"  Netns:\"/var/run/netns/cni-9ba492ff-f2fb-3e06-a3c2-9c2f01c0f531\""}
{"level":"info","ts":"2026-10-05T08:42:32.932Z","caller":"rpc/rpc_grpc.pb.go:117","msg":"Required MultiNIC access false, interfaces required 1"}
{"level":"debug","ts":"2026-10-05T08:42:32.932Z","caller":"datastore/data_store.go:713","msg":"AssignPodIPv4Address: IP address pool stats: total 0, assigned 0"}
{"level":"debug","ts":"2026-10-05T08:42:32.932Z","caller":"datastore/data_store.go:713","msg":"AssignPodIPv4Address: ENI eni-EXAMPLE22 does not have available addresses"}
{"level":"error","ts":"2026-10-05T08:42:32.932Z","caller":"datastore/data_store.go:713","msg":"DataStore has no available IP/Prefix addresses"}
{"level":"warn","ts":"2026-10-05T08:42:32.932Z","caller":"rpc/rpc_grpc.pb.go:117","msg":"Failed to assign IPs from network card 0: AssignPodIPAddress: no available IP/Prefix addresses"}
{"level":"error","ts":"2026-10-05T08:42:32.932Z","caller":"rpc/rpc_grpc.pb.go:117","msg":"Returning failure response for AddNetwork: 1 error occurred:\n\t* AssignPodIPAddress: no available IP/Prefix addresses\n\n"}
{"level":"info","ts":"2026-10-05T08:42:32.932Z","caller":"rpc/rpc_grpc.pb.go:117","msg":"Send AddNetworkReply: Success: false IPAddr: [], resp: , err: AssignPodIPAddress: no available IP/Prefix addresses"}
{"level":"info","ts":"2026-10-05T08:42:32.957Z","caller":"rpc/rpc_grpc.pb.go:135","msg":"Received DelNetwork for Sandbox 5a501d7566258fae7a5e49a69073464c62819b123caed1c512e95f200d549f0b"}
{"level":"debug","ts":"2026-10-05T08:42:32.957Z","caller":"rpc/rpc_grpc.pb.go:135","msg":"DelNetworkRequest: K8S_POD_NAME:\"pause-68d5b89fc-trsbt\"  K8S_POD_NAMESPACE:\"default\"  K8S_POD_INFRA_CONTAINER_ID:\"5a501d7566258fae7a5e49a69073464c62819b123caed1c512e95f200d549f0b\"  Reason:\"PodDeleted\"  ContainerID:\"5a501d7566258fae7a5e49a69073464c62819b123caed1c512e95f200d549f0b\"  IfName:\"eth0\"  NetworkName:\"aws-cni\"  K8S_POD_UID:\"c20f32d4-15fe-4764-9034-71a97ec5e097\""}
{"level":"debug","ts":"2026-10-05T08:42:32.957Z","caller":"ipamd/rpc_handler.go:353","msg":"UnassignPodIPAddress: IP address pool stats: total 0, assigned 0, sandbox aws-cni/5a501d7566258fae7a5e49a69073464c62819b123caed1c512e95f200d549f0b/eth0"}
{"level":"debug","ts":"2026-10-05T08:42:32.957Z","caller":"ipamd/rpc_handler.go:353","msg":"UnassignPodIPAddress: Failed to find IPAM entry under full key, trying CRI-migrated version"}
{"level":"warn","ts":"2026-10-05T08:42:32.957Z","caller":"ipamd/rpc_handler.go:353","msg":"UnassignPodIPAddress: Failed to find sandbox _migrated-from-cri/5a501d7566258fae7a5e49a69073464c62819b123caed1c512e95f200d549f0b/unknown"}
{"level":"info","ts":"2026-10-05T08:42:32.958Z","caller":"rpc/rpc_grpc.pb.go:135","msg":"Send DelNetworkReply: IPAddress: [], err: 1 error occurred:\n\t* datastore: unknown pod\n\n"}
{"level":"info","ts":"2026-10-05T08:42:34.932Z","caller":"rpc/rpc_grpc.pb.go:117","msg":"Received AddNetwork for NS /var/run/netns/cni-23757fae-59e7-7ec2-4525-c801785e76ce, Sandbox 8388bd1b8583ce11f1ff9d9e059d924c29316976ffb2688c141555f10e652f19, ifname eth0"}
{"level":"debug","ts":"2026-10-05T08:42:34.932Z","caller":"rpc/rpc_grpc.pb.go:117","msg":"AddNetworkRequest: K8S_POD_NAME:\"pause-68d5b89fc-9585w\"  K8S_POD_NAMESPACE:\"default\"  K8S_POD_INFRA_CONTAINER_ID:\"8388bd1b8583ce11f1ff9d9e059d924c29316976ffb2688c141555f10e652f19\"  ContainerID:\"8388bd1b8583ce11f1ff9d9e059d924c29316976ffb2688c141555f10e652f19\"  IfName:\"eth0\"  NetworkName:\"aws-cni\"  Netns:\"/var/run/netns/cni-23757fae-59e7-7ec2-4525-c801785e76ce\""}
{"level":"info","ts":"2026-10-05T08:42:34.932Z","caller":"rpc/rpc_grpc.pb.go:117","msg":"Required MultiNIC access false, interfaces required 1"}
{"level":"debug","ts":"2026-10-05T08:42:34.932Z","caller":"datastore/data_store.go:713","msg":"AssignPodIPv4Address: IP address pool stats: total 0, assigned 0"}
{"level":"debug","ts":"2026-10-05T08:42:34.932Z","caller":"datastore/data_store.go:713","msg":"AssignPodIPv4Address: ENI eni-EXAMPLE22 does not have available addresses"}
{"level":"error","ts":"2026-10-05T08:42:34.932Z","caller":"datastore/data_store.go:713","msg":"DataStore has no available IP/Prefix addresses"}
{"level":"warn","ts":"2026-10-05T08:42:34.932Z","caller":"rpc/rpc_grpc.pb.go:117","msg":"Failed to assign IPs from network card 0: AssignPodIPAddress: no available IP/Prefix addresses"}
{"level":"error","ts":"2026-10-05T08:42:34.932Z","caller":"rpc/rpc_grpc.pb.go:117","msg":"Returning failure response for AddNetwork: 1 error occurred:\n\t* AssignPodIPAddress: no available IP/Prefix addresses\n\n"}
{"level":"info","ts":"2026-10-05T08:42:34.932Z","caller":"rpc/rpc_grpc.pb.go:117","msg":"Send AddNetworkReply: Success: false IPAddr: [], resp: , err: AssignPodIPAddress: no available IP/Prefix addresses"}
{"level":"info","ts":"2026-10-05T08:42:34.960Z","caller":"rpc/rpc_grpc.pb.go:135","msg":"Received DelNetwork for Sandbox 8388bd1b8583ce11f1ff9d9e059d924c29316976ffb2688c141555f10e652f19"}
{"level":"debug","ts":"2026-10-05T08:42:34.960Z","caller":"rpc/rpc_grpc.pb.go:135","msg":"DelNetworkRequest: K8S_POD_NAME:\"pause-68d5b89fc-9585w\"  K8S_POD_NAMESPACE:\"default\"  K8S_POD_INFRA_CONTAINER_ID:\"8388bd1b8583ce11f1ff9d9e059d924c29316976ffb2688c141555f10e652f19\"  Reason:\"PodDeleted\"  ContainerID:\"8388bd1b8583ce11f1ff9d9e059d924c29316976ffb2688c141555f10e652f19\"  IfName:\"eth0\"  NetworkName:\"aws-cni\"  K8S_POD_UID:\"ab397e7f-fc6b-4c16-8bae-79a096357a31\""}
{"level":"debug","ts":"2026-10-05T08:42:34.960Z","caller":"ipamd/rpc_handler.go:353","msg":"UnassignPodIPAddress: IP address pool stats: total 0, assigned 0, sandbox aws-cni/8388bd1b8583ce11f1ff9d9e059d924c29316976ffb2688c141555f10e652f19/eth0"}
{"level":"debug","ts":"2026-10-05T08:42:34.960Z","caller":"ipamd/rpc_handler.go:353","msg":"UnassignPodIPAddress: Failed to find IPAM entry under full key, trying CRI-migrated version"}
{"level":"warn","ts":"2026-10-05T08:42:34.960Z","caller":"ipamd/rpc_handler.go:353","msg":"UnassignPodIPAddress: Failed to find sandbox _migrated-from-cri/8388bd1b8583ce11f1ff9d9e059d924c29316976ffb2688c141555f10e652f19/unknown"}
{"level":"info","ts":"2026-10-05T08:42:34.960Z","caller":"rpc/rpc_grpc.pb.go:135","msg":"Send DelNetworkReply: IPAddress: [], err: 1 error occurred:\n\t* datastore: unknown pod\n\n"}
{"level":"debug","ts":"2026-10-05T08:42:36.288Z","caller":"awsutils/awsutils.go:2417","msg":"Checking for leaked AWS CNI ENIs."}
{"level":"debug","ts":"2026-10-05T08:42:36.451Z","caller":"awsutils/awsutils.go:2426","msg":"No AWS CNI leaked ENIs found."}
{"level":"info","ts":"2026-10-05T08:42:36.932Z","caller":"rpc/rpc_grpc.pb.go:117","msg":"Received AddNetwork for NS /var/run/netns/cni-f79d6816-4699-50c3-158d-56d3e5a49e43, Sandbox a12ed44068968eeab9639143a3667b0f64fdb38f060daeca27b3349566e2911b, ifname eth0"}
{"level":"debug","ts":"2026-10-05T08:42:36.932Z","caller":"rpc/rpc_grpc.pb.go:117","msg":"AddNetworkRequest: K8S_POD_NAME:\"pause-68d5b89fc-s4xj4\"  K8S_POD_NAMESPACE:\"default\"  K8S_POD_INFRA_CONTAINER_ID:\"a12ed44068968eeab9639143a3667b0f64fdb38f060daeca27b3349566e2911b\"  ContainerID:\"a12ed44068968eeab9639143a3667b0f64fdb38f060daeca27b3349566e2911b\"  IfName:\"eth0\"  NetworkName:\"aws-cni\"  Netns:\"/var/run/netns/cni-f79d6816-4699-50c3-158d-56d3e5a49e43\""}
{"level":"info","ts":"2026-10-05T08:42:36.932Z","caller":"rpc/rpc_grpc.pb.go:117","msg":"Required MultiNIC access false, interfaces required 1"}
{"level":"debug","ts":"2026-10-05T08:42:36.932Z","caller":"datastore/data_store.go:713","msg":"AssignPodIPv4Address: IP address pool stats: total 0, assigned 0"}
{"level":"debug","ts":"2026-10-05T08:42:36.932Z","caller":"datastore/data_store.go:713","msg":"AssignPodIPv4Address: ENI eni-EXAMPLE22 does not have available addresses"}
{"level":"error","ts":"2026-10-05T08:42:36.932Z","caller":"datastore/data_store.go:713","msg":"DataStore has no available IP/Prefix addresses"}
{"level":"warn","ts":"2026-10-05T08:42:36.932Z","caller":"rpc/rpc_grpc.pb.go:117","msg":"Failed to assign IPs from network card 0: AssignPodIPAddress: no available IP/Prefix addresses"}
{"level":"error","ts":"2026-10-05T08:42:36.932Z","caller":"rpc/rpc_grpc.pb.go:117","msg":"Returning failure response for AddNetwork: 1 error occurred:\n\t* AssignPodIPAddress: no available IP/Prefix addresses\n\n"}
{"level":"info","ts":"2026-10-05T08:42:36.932Z","caller":"rpc/rpc_grpc.pb.go:117","msg":"Send AddNetworkReply: Success: false IPAddr: [], resp: , err: AssignPodIPAddress: no available IP/Prefix addresses"}
{"level":"info","ts":"2026-10-05T08:42:36.957Z","caller":"rpc/rpc_grpc.pb.go:135","msg":"Received DelNetwork for Sandbox a12ed44068968eeab9639143a3667b0f64fdb38f060daeca27b3349566e2911b"}
{"level":"debug","ts":"2026-10-05T08:42:36.957Z","caller":"rpc/rpc_grpc.pb.go:135","msg":"DelNetworkRequest: K8S_POD_NAME:\"pause-68d5b89fc-s4xj4\"  K8S_POD_NAMESPACE:\"default\"  K8S_POD_INFRA_CONTAINER_ID:\"a12ed44068968eeab9639143a3667b0f64fdb38f060daeca27b3349566e2911b\"  Reason:\"PodDeleted\"  ContainerID:\"a12ed44068968eeab9639143a3667b0f64fdb38f060daeca27b3349566e2911b\"  IfName:\"eth0\"  NetworkName:\"aws-cni\"  K8S_POD_UID:\"aaffac51-12cc-4f37-ba8c-ada8f6944478\""}
{"level":"debug","ts":"2026-10-05T08:42:36.957Z","caller":"ipamd/rpc_handler.go:353","msg":"UnassignPodIPAddress: IP address pool stats: total 0, assigned 0, sandbox aws-cni/a12ed44068968eeab9639143a3667b0f64fdb38f060daeca27b3349566e2911b/eth0"}
{"level":"debug","ts":"2026-10-05T08:42:36.957Z","caller":"ipamd/rpc_handler.go:353","msg":"UnassignPodIPAddress: Failed to find IPAM entry under full key, trying CRI-migrated version"}
{"level":"warn","ts":"2026-10-05T08:42:36.957Z","caller":"ipamd/rpc_handler.go:353","msg":"UnassignPodIPAddress: Failed to find sandbox _migrated-from-cri/a12ed44068968eeab9639143a3667b0f64fdb38f060daeca27b3349566e2911b/unknown"}
{"level":"info","ts":"2026-10-05T08:42:36.957Z","caller":"rpc/rpc_grpc.pb.go:135","msg":"Send DelNetworkReply: IPAddress: [], err: 1 error occurred:\n\t* datastore: unknown pod\n\n"}
{"level":"debug","ts":"2026-10-05T08:42:37.751Z","caller":"ipamd/ipamd.go:809","msg":"IP pool is too low for Network Card 0: available (0) < ENI target (1) * addrsPerENI (16)"}
{"level":"debug","ts":"2026-10-05T08:42:37.751Z","caller":"ipamd/ipamd.go:2689","msg":"Prefix pool stats for network card 0: Total IPs/Prefixes = 0/0, AssignedIPs/CooldownIPs: 0/0, c.maxIPsPerENI = 80"}
{"level":"debug","ts":"2026-10-05T08:42:37.751Z","caller":"ipamd/ipamd.go:795","msg":"IP stats for Network Card 0 - total IPs: 0, assigned IPs: 0, cooldown IPs: 0"}
{"level":"debug","ts":"2026-10-05T08:42:37.751Z","caller":"ipamd/ipamd.go:813","msg":"Starting to increase pool size for network card 0"}
{"level":"debug","ts":"2026-10-05T08:42:37.751Z","caller":"ipamd/ipamd.go:966","msg":"Node found \"ip-10-20-0-61.ec2.internal\" - no of taints - 0"}
{"level":"debug","ts":"2026-10-05T08:42:37.751Z","caller":"ipamd/ipamd.go:2758","msg":"Prefix target is 1, short of 1 prefixes, free 0 prefixes"}
{"level":"debug","ts":"2026-10-05T08:42:37.751Z","caller":"ipamd/ipamd.go:1248","msg":"ToAllocate: 1, Network Card 0"}
{"level":"debug","ts":"2026-10-05T08:42:37.751Z","caller":"ipamd/ipamd.go:1251","msg":"Found ENI eni-EXAMPLE22 that has less than the maximum number of IP/Prefixes addresses allocated: cur=0, max=5"}
{"level":"info","ts":"2026-10-05T08:42:37.751Z","caller":"ipamd/ipamd.go:1255","msg":"Trying to allocate 1 IP addresses on ENI eni-EXAMPLE22"}
{"level":"debug","ts":"2026-10-05T08:42:37.751Z","caller":"ipamd/ipamd.go:1255","msg":"PD enabled - true"}
{"level":"debug","ts":"2026-10-05T08:42:38.121Z","caller":"awsutils/awsutils.go:2174","msg":"checkAPIErrorAndBroadcastEvent resulted in operation error EC2: AssignPrivateIpAddresses, https response error StatusCode: 400, RequestID: 16dfe14f-3603-4f19-acb3-3081db07b976, api error InsufficientCidrBlocks: The specified subnet does not have enough free cidr blocks to satisfy the request."}
{"level":"error","ts":"2026-10-05T08:42:38.121Z","caller":"ipamd/ipamd.go:1255","msg":"Failed to allocate a private IP/Prefix addresses on ENI eni-EXAMPLE22: operation error EC2: AssignPrivateIpAddresses, https response error StatusCode: 400, RequestID: 16dfe14f-3603-4f19-acb3-3081db07b976, api error InsufficientCidrBlocks: The specified subnet does not have enough free cidr blocks to satisfy the request."}
{"level":"debug","ts":"2026-10-05T08:42:38.121Z","caller":"ipamd/ipamd.go:1256","msg":"containsPrivateIPAddressLimitExceededError encountered operation error EC2: AssignPrivateIpAddresses, https response error StatusCode: 400, RequestID: 16dfe14f-3603-4f19-acb3-3081db07b976, api error InsufficientCidrBlocks: The specified subnet does not have enough free cidr blocks to satisfy the request."}
{"level":"warn","ts":"2026-10-05T08:42:38.121Z","caller":"ipamd/ipamd.go:1113","msg":"failed to allocate all available IPv4 Prefixes on ENI eni-EXAMPLE22, err: operation error EC2: AssignPrivateIpAddresses, https response error StatusCode: 400, RequestID: 16dfe14f-3603-4f19-acb3-3081db07b976, api error InsufficientCidrBlocks: The specified subnet does not have enough free cidr blocks to satisfy the request."}
{"level":"info","ts":"2026-10-05T08:42:38.121Z","caller":"ipamd/ipamd.go:1259","msg":"Trying to allocate 1 IP addresses on ENI eni-EXAMPLE22"}
{"level":"debug","ts":"2026-10-05T08:42:38.121Z","caller":"ipamd/ipamd.go:1259","msg":"PD enabled - true"}
{"level":"debug","ts":"2026-10-05T08:42:38.538Z","caller":"awsutils/awsutils.go:2174","msg":"checkAPIErrorAndBroadcastEvent resulted in operation error EC2: AssignPrivateIpAddresses, https response error StatusCode: 400, RequestID: c89349d7-8622-4e78-bae5-8a22941bb07d, api error InsufficientCidrBlocks: The specified subnet does not have enough free cidr blocks to satisfy the request."}
{"level":"error","ts":"2026-10-05T08:42:38.538Z","caller":"ipamd/ipamd.go:1259","msg":"Failed to allocate a private IP/Prefix addresses on ENI eni-EXAMPLE22: operation error EC2: AssignPrivateIpAddresses, https response error StatusCode: 400, RequestID: c89349d7-8622-4e78-bae5-8a22941bb07d, api error InsufficientCidrBlocks: The specified subnet does not have enough free cidr blocks to satisfy the request."}
{"level":"debug","ts":"2026-10-05T08:42:38.538Z","caller":"ipamd/ipamd.go:1260","msg":"containsPrivateIPAddressLimitExceededError encountered operation error EC2: AssignPrivateIpAddresses, https response error StatusCode: 400, RequestID: c89349d7-8622-4e78-bae5-8a22941bb07d, api error InsufficientCidrBlocks: The specified subnet does not have enough free cidr blocks to satisfy the request."}
{"level":"debug","ts":"2026-10-05T08:42:38.538Z","caller":"ipamd/ipamd.go:1262","msg":"containsInsufficientCIDRsOrSubnetIPs encountered operation error EC2: AssignPrivateIpAddresses, https response error StatusCode: 400, RequestID: c89349d7-8622-4e78-bae5-8a22941bb07d, api error InsufficientCidrBlocks: The specified subnet does not have enough free cidr blocks to satisfy the request."}
{"level":"debug","ts":"2026-10-05T08:42:38.538Z","caller":"ipamd/ipamd.go:1262","msg":"Insufficient IP Addresses due to: InsufficientCidrBlocks\n"}
{"level":"debug","ts":"2026-10-05T08:42:38.538Z","caller":"ipamd/ipamd.go:1003","msg":"hasRoomForEni: networkCard=0, currentENIs=1, currentUsableENIs=1, maxENI=3, unmanagedENI=0, trunkEni=0, excludedENI=0, hasRoom=true"}
{"level":"debug","ts":"2026-10-05T08:42:38.538Z","caller":"ipamd/ipamd.go:2758","msg":"Prefix target is 1, short of 1 prefixes, free 0 prefixes"}
{"level":"debug","ts":"2026-10-05T08:42:38.538Z","caller":"ipamd/ipamd.go:2595","msg":"ToAllocate: 1, Network Card 0"}
{"level":"info","ts":"2026-10-05T08:42:38.538Z","caller":"awsutils/awsutils.go:1044","msg":"Trying to allocate 1 IP addresses on new ENI"}
{"level":"debug","ts":"2026-10-05T08:42:38.538Z","caller":"awsutils/awsutils.go:1044","msg":"PD enabled - true"}
{"level":"debug","ts":"2026-10-05T08:42:38.794Z","caller":"awsutils/awsutils.go:1272","msg":"Primary subnet subnet-EXAMPLE1 has no kubernetes.io/role/cni tag, including it for ENI creation (backwards compatibility)"}
{"level":"info","ts":"2026-10-05T08:42:38.795Z","caller":"awsutils/awsutils.go:1044","msg":"Creating ENI with security groups: [sg-EXAMPLE1] in subnet: subnet-EXAMPLE1"}
{"level":"debug","ts":"2026-10-05T08:42:39.018Z","caller":"awsutils/awsutils.go:1449","msg":"checkAPIErrorAndBroadcastEvent resulted in operation error EC2: CreateNetworkInterface, https response error StatusCode: 400, RequestID: 9925bbae-04d1-41e6-a9f7-575d9b744c37, api error InvalidParameterValue: There aren't sufficient free Ipv4 addresses or prefixes"}
{"level":"error","ts":"2026-10-05T08:42:39.018Z","caller":"awsutils/awsutils.go:1285","msg":"Failed to CreateNetworkInterface operation error EC2: CreateNetworkInterface, https response error StatusCode: 400, RequestID: 9925bbae-04d1-41e6-a9f7-575d9b744c37, api error InvalidParameterValue: There aren't sufficient free Ipv4 addresses or prefixes for subnet subnet-EXAMPLE1"}
{"level":"debug","ts":"2026-10-05T08:42:39.018Z","caller":"awsutils/awsutils.go:1272","msg":"Subnet subnet-EXAMPLE2 has no kubernetes.io/role/cni tag, excluding it from ENI creation"}
{"level":"error","ts":"2026-10-05T08:42:39.018Z","caller":"ipamd/ipamd.go:1004","msg":"Failed to increase pool size due to not able to allocate ENI AllocENI: failed to create ENI: failed to create network interface: operation error EC2: CreateNetworkInterface, https response error StatusCode: 400, RequestID: 9925bbae-04d1-41e6-a9f7-575d9b744c37, api error InvalidParameterValue: There aren't sufficient free Ipv4 addresses or prefixes"}
{"level":"warn","ts":"2026-10-05T08:42:39.018Z","caller":"ipamd/ipamd.go:1004","msg":"Failed to allocate 1 IP addresses on an ENI: AllocENI: failed to create ENI: failed to create network interface: operation error EC2: CreateNetworkInterface, https response error StatusCode: 400, RequestID: 9925bbae-04d1-41e6-a9f7-575d9b744c37, api error InvalidParameterValue: There aren't sufficient free Ipv4 addresses or prefixes"}
{"level":"debug","ts":"2026-10-05T08:42:39.018Z","caller":"ipamd/ipamd.go:1082","msg":"containsInsufficientCIDRsOrSubnetIPs encountered AllocENI: failed to create ENI: failed to create network interface: operation error EC2: CreateNetworkInterface, https response error StatusCode: 400, RequestID: 9925bbae-04d1-41e6-a9f7-575d9b744c37, api error InvalidParameterValue: There aren't sufficient free Ipv4 addresses or prefixes"}
{"level":"debug","ts":"2026-10-05T08:42:39.019Z","caller":"ipamd/ipamd.go:1082","msg":"Insufficient IP Addresses due to: InvalidParameterValue\n"}
{"level":"debug","ts":"2026-10-05T08:42:39.019Z","caller":"ipamd/ipamd.go:813","msg":"Error trying to allocate ENI: AllocENI: failed to create ENI: failed to create network interface: operation error EC2: CreateNetworkInterface, https response error StatusCode: 400, RequestID: 9925bbae-04d1-41e6-a9f7-575d9b744c37, api error InvalidParameterValue: There aren't sufficient free Ipv4 addresses or prefixes"}
{"level":"debug","ts":"2026-10-05T08:42:39.019Z","caller":"ipamd/ipamd.go:1548","msg":"ENI eni-EXAMPLE22 cannot be deleted because it is primary"}
{"level":"debug","ts":"2026-10-05T08:42:44.020Z","caller":"ipamd/ipamd.go:809","msg":"IP pool is too low for Network Card 0: available (0) < ENI target (1) * addrsPerENI (16)"}
{"level":"debug","ts":"2026-10-05T08:42:44.020Z","caller":"ipamd/ipamd.go:2689","msg":"Prefix pool stats for network card 0: Total IPs/Prefixes = 0/0, AssignedIPs/CooldownIPs: 0/0, c.maxIPsPerENI = 80"}
{"level":"debug","ts":"2026-10-05T08:42:44.020Z","caller":"ipamd/ipamd.go:795","msg":"IP stats for Network Card 0 - total IPs: 0, assigned IPs: 0, cooldown IPs: 0"}
{"level":"debug","ts":"2026-10-05T08:42:44.020Z","caller":"ipamd/ipamd.go:813","msg":"Starting to increase pool size for network card 0"}
{"level":"debug","ts":"2026-10-05T08:42:44.020Z","caller":"ipamd/ipamd.go:966","msg":"Node found \"ip-10-20-0-61.ec2.internal\" - no of taints - 0"}
{"level":"debug","ts":"2026-10-05T08:42:44.020Z","caller":"ipamd/ipamd.go:2758","msg":"Prefix target is 1, short of 1 prefixes, free 0 prefixes"}
{"level":"debug","ts":"2026-10-05T08:42:44.020Z","caller":"ipamd/ipamd.go:1248","msg":"ToAllocate: 1, Network Card 0"}
{"level":"debug","ts":"2026-10-05T08:42:44.021Z","caller":"ipamd/ipamd.go:1251","msg":"Found ENI eni-EXAMPLE22 that has less than the maximum number of IP/Prefixes addresses allocated: cur=0, max=5"}
{"level":"info","ts":"2026-10-05T08:42:44.021Z","caller":"ipamd/ipamd.go:1255","msg":"Trying to allocate 1 IP addresses on ENI eni-EXAMPLE22"}
{"level":"debug","ts":"2026-10-05T08:42:44.021Z","caller":"ipamd/ipamd.go:1255","msg":"PD enabled - true"}
{"level":"debug","ts":"2026-10-05T08:42:44.444Z","caller":"awsutils/awsutils.go:2174","msg":"checkAPIErrorAndBroadcastEvent resulted in operation error EC2: AssignPrivateIpAddresses, https response error StatusCode: 400, RequestID: 0123702a-3d32-4996-a427-ca562b6c2f40, api error InsufficientCidrBlocks: The specified subnet does not have enough free cidr blocks to satisfy the request."}
{"level":"error","ts":"2026-10-05T08:42:44.444Z","caller":"ipamd/ipamd.go:1255","msg":"Failed to allocate a private IP/Prefix addresses on ENI eni-EXAMPLE22: operation error EC2: AssignPrivateIpAddresses, https response error StatusCode: 400, RequestID: 0123702a-3d32-4996-a427-ca562b6c2f40, api error InsufficientCidrBlocks: The specified subnet does not have enough free cidr blocks to satisfy the request."}
{"level":"debug","ts":"2026-10-05T08:42:44.444Z","caller":"ipamd/ipamd.go:1256","msg":"containsPrivateIPAddressLimitExceededError encountered operation error EC2: AssignPrivateIpAddresses, https response error StatusCode: 400, RequestID: 0123702a-3d32-4996-a427-ca562b6c2f40, api error InsufficientCidrBlocks: The specified subnet does not have enough free cidr blocks to satisfy the request."}
{"level":"warn","ts":"2026-10-05T08:42:44.444Z","caller":"ipamd/ipamd.go:1113","msg":"failed to allocate all available IPv4 Prefixes on ENI eni-EXAMPLE22, err: operation error EC2: AssignPrivateIpAddresses, https response error StatusCode: 400, RequestID: 0123702a-3d32-4996-a427-ca562b6c2f40, api error InsufficientCidrBlocks: The specified subnet does not have enough free cidr blocks to satisfy the request."}
{"level":"info","ts":"2026-10-05T08:42:44.444Z","caller":"ipamd/ipamd.go:1259","msg":"Trying to allocate 1 IP addresses on ENI eni-EXAMPLE22"}
{"level":"debug","ts":"2026-10-05T08:42:44.444Z","caller":"ipamd/ipamd.go:1259","msg":"PD enabled - true"}
{"level":"debug","ts":"2026-10-05T08:42:44.844Z","caller":"awsutils/awsutils.go:2174","msg":"checkAPIErrorAndBroadcastEvent resulted in operation error EC2: AssignPrivateIpAddresses, https response error StatusCode: 400, RequestID: 99f56d6b-035a-4d8b-b436-5d559e7a3999, api error InsufficientCidrBlocks: The specified subnet does not have enough free cidr blocks to satisfy the request."}
{"level":"error","ts":"2026-10-05T08:42:44.844Z","caller":"ipamd/ipamd.go:1259","msg":"Failed to allocate a private IP/Prefix addresses on ENI eni-EXAMPLE22: operation error EC2: AssignPrivateIpAddresses, https response error StatusCode: 400, RequestID: 99f56d6b-035a-4d8b-b436-5d559e7a3999, api error InsufficientCidrBlocks: The specified subnet does not have enough free cidr blocks to satisfy the request."}
{"level":"debug","ts":"2026-10-05T08:42:44.844Z","caller":"ipamd/ipamd.go:1260","msg":"containsPrivateIPAddressLimitExceededError encountered operation error EC2: AssignPrivateIpAddresses, https response error StatusCode: 400, RequestID: 99f56d6b-035a-4d8b-b436-5d559e7a3999, api error InsufficientCidrBlocks: The specified subnet does not have enough free cidr blocks to satisfy the request."}
{"level":"debug","ts":"2026-10-05T08:42:44.844Z","caller":"ipamd/ipamd.go:1262","msg":"containsInsufficientCIDRsOrSubnetIPs encountered operation error EC2: AssignPrivateIpAddresses, https response error StatusCode: 400, RequestID: 99f56d6b-035a-4d8b-b436-5d559e7a3999, api error InsufficientCidrBlocks: The specified subnet does not have enough free cidr blocks to satisfy the request."}
{"level":"debug","ts":"2026-10-05T08:42:44.844Z","caller":"ipamd/ipamd.go:1262","msg":"Insufficient IP Addresses due to: InsufficientCidrBlocks\n"}
{"level":"debug","ts":"2026-10-05T08:42:44.844Z","caller":"ipamd/ipamd.go:1003","msg":"hasRoomForEni: networkCard=0, currentENIs=1, currentUsableENIs=1, maxENI=3, unmanagedENI=0, trunkEni=0, excludedENI=0, hasRoom=true"}
{"level":"debug","ts":"2026-10-05T08:42:44.844Z","caller":"ipamd/ipamd.go:2758","msg":"Prefix target is 1, short of 1 prefixes, free 0 prefixes"}
{"level":"debug","ts":"2026-10-05T08:42:44.844Z","caller":"ipamd/ipamd.go:2595","msg":"ToAllocate: 1, Network Card 0"}
{"level":"info","ts":"2026-10-05T08:42:44.844Z","caller":"awsutils/awsutils.go:1044","msg":"Trying to allocate 1 IP addresses on new ENI"}
{"level":"debug","ts":"2026-10-05T08:42:44.844Z","caller":"awsutils/awsutils.go:1044","msg":"PD enabled - true"}
{"level":"debug","ts":"2026-10-05T08:42:45.100Z","caller":"awsutils/awsutils.go:1272","msg":"Primary subnet subnet-EXAMPLE1 has no kubernetes.io/role/cni tag, including it for ENI creation (backwards compatibility)"}
{"level":"info","ts":"2026-10-05T08:42:45.100Z","caller":"awsutils/awsutils.go:1044","msg":"Creating ENI with security groups: [sg-EXAMPLE1] in subnet: subnet-EXAMPLE1"}
{"level":"debug","ts":"2026-10-05T08:42:45.342Z","caller":"awsutils/awsutils.go:1449","msg":"checkAPIErrorAndBroadcastEvent resulted in operation error EC2: CreateNetworkInterface, https response error StatusCode: 400, RequestID: c18131c3-09e0-4e2f-a808-aee19ff20590, api error InvalidParameterValue: There aren't sufficient free Ipv4 addresses or prefixes"}
{"level":"error","ts":"2026-10-05T08:42:45.343Z","caller":"awsutils/awsutils.go:1285","msg":"Failed to CreateNetworkInterface operation error EC2: CreateNetworkInterface, https response error StatusCode: 400, RequestID: c18131c3-09e0-4e2f-a808-aee19ff20590, api error InvalidParameterValue: There aren't sufficient free Ipv4 addresses or prefixes for subnet subnet-EXAMPLE1"}
{"level":"debug","ts":"2026-10-05T08:42:45.343Z","caller":"awsutils/awsutils.go:1272","msg":"Subnet subnet-EXAMPLE2 has no kubernetes.io/role/cni tag, excluding it from ENI creation"}
{"level":"error","ts":"2026-10-05T08:42:45.343Z","caller":"ipamd/ipamd.go:1004","msg":"Failed to increase pool size due to not able to allocate ENI AllocENI: failed to create ENI: failed to create network interface: operation error EC2: CreateNetworkInterface, https response error StatusCode: 400, RequestID: c18131c3-09e0-4e2f-a808-aee19ff20590, api error InvalidParameterValue: There aren't sufficient free Ipv4 addresses or prefixes"}
{"level":"warn","ts":"2026-10-05T08:42:45.343Z","caller":"ipamd/ipamd.go:1004","msg":"Failed to allocate 1 IP addresses on an ENI: AllocENI: failed to create ENI: failed to create network interface: operation error EC2: CreateNetworkInterface, https response error StatusCode: 400, RequestID: c18131c3-09e0-4e2f-a808-aee19ff20590, api error InvalidParameterValue: There aren't sufficient free Ipv4 addresses or prefixes"}
{"level":"debug","ts":"2026-10-05T08:42:45.343Z","caller":"ipamd/ipamd.go:1082","msg":"containsInsufficientCIDRsOrSubnetIPs encountered AllocENI: failed to create ENI: failed to create network interface: operation error EC2: CreateNetworkInterface, https response error StatusCode: 400, RequestID: c18131c3-09e0-4e2f-a808-aee19ff20590, api error InvalidParameterValue: There aren't sufficient free Ipv4 addresses or prefixes"}
{"level":"debug","ts":"2026-10-05T08:42:45.343Z","caller":"ipamd/ipamd.go:1082","msg":"Insufficient IP Addresses due to: InvalidParameterValue\n"}
{"level":"debug","ts":"2026-10-05T08:42:45.343Z","caller":"ipamd/ipamd.go:813","msg":"Error trying to allocate ENI: AllocENI: failed to create ENI: failed to create network interface: operation error EC2: CreateNetworkInterface, https response error StatusCode: 400, RequestID: c18131c3-09e0-4e2f-a808-aee19ff20590, api error InvalidParameterValue: There aren't sufficient free Ipv4 addresses or prefixes"}
{"level":"debug","ts":"2026-10-05T08:42:45.343Z","caller":"ipamd/ipamd.go:1548","msg":"ENI eni-EXAMPLE22 cannot be deleted because it is primary"}
{"level":"info","ts":"2026-10-05T08:42:45.932Z","caller":"rpc/rpc_grpc.pb.go:117","msg":"Received AddNetwork for NS /var/run/netns/cni-19494f73-f5f9-6307-722d-348c9ee2aacf, Sandbox 0b2ab1ca1bdf36e5185fc4d4429fa23535020c1d4f84f69d8c990f45408f9ef2, ifname eth0"}
{"level":"debug","ts":"2026-10-05T08:42:45.932Z","caller":"rpc/rpc_grpc.pb.go:117","msg":"AddNetworkRequest: K8S_POD_NAME:\"pause-68d5b89fc-9585w\"  K8S_POD_NAMESPACE:\"default\"  K8S_POD_INFRA_CONTAINER_ID:\"0b2ab1ca1bdf36e5185fc4d4429fa23535020c1d4f84f69d8c990f45408f9ef2\"  ContainerID:\"0b2ab1ca1bdf36e5185fc4d4429fa23535020c1d4f84f69d8c990f45408f9ef2\"  IfName:\"eth0\"  NetworkName:\"aws-cni\"  Netns:\"/var/run/netns/cni-19494f73-f5f9-6307-722d-348c9ee2aacf\""}
{"level":"info","ts":"2026-10-05T08:42:45.932Z","caller":"rpc/rpc_grpc.pb.go:117","msg":"Required MultiNIC access false, interfaces required 1"}
{"level":"debug","ts":"2026-10-05T08:42:45.932Z","caller":"datastore/data_store.go:713","msg":"AssignPodIPv4Address: IP address pool stats: total 0, assigned 0"}
{"level":"debug","ts":"2026-10-05T08:42:45.932Z","caller":"datastore/data_store.go:713","msg":"AssignPodIPv4Address: ENI eni-EXAMPLE22 does not have available addresses"}
{"level":"error","ts":"2026-10-05T08:42:45.932Z","caller":"datastore/data_store.go:713","msg":"DataStore has no available IP/Prefix addresses"}
{"level":"warn","ts":"2026-10-05T08:42:45.932Z","caller":"rpc/rpc_grpc.pb.go:117","msg":"Failed to assign IPs from network card 0: AssignPodIPAddress: no available IP/Prefix addresses"}
{"level":"error","ts":"2026-10-05T08:42:45.932Z","caller":"rpc/rpc_grpc.pb.go:117","msg":"Returning failure response for AddNetwork: 1 error occurred:\n\t* AssignPodIPAddress: no available IP/Prefix addresses\n\n"}
{"level":"info","ts":"2026-10-05T08:42:45.932Z","caller":"rpc/rpc_grpc.pb.go:117","msg":"Send AddNetworkReply: Success: false IPAddr: [], resp: , err: AssignPodIPAddress: no available IP/Prefix addresses"}
{"level":"info","ts":"2026-10-05T08:42:45.958Z","caller":"rpc/rpc_grpc.pb.go:135","msg":"Received DelNetwork for Sandbox 0b2ab1ca1bdf36e5185fc4d4429fa23535020c1d4f84f69d8c990f45408f9ef2"}
{"level":"debug","ts":"2026-10-05T08:42:45.958Z","caller":"rpc/rpc_grpc.pb.go:135","msg":"DelNetworkRequest: K8S_POD_NAME:\"pause-68d5b89fc-9585w\"  K8S_POD_NAMESPACE:\"default\"  K8S_POD_INFRA_CONTAINER_ID:\"0b2ab1ca1bdf36e5185fc4d4429fa23535020c1d4f84f69d8c990f45408f9ef2\"  Reason:\"PodDeleted\"  ContainerID:\"0b2ab1ca1bdf36e5185fc4d4429fa23535020c1d4f84f69d8c990f45408f9ef2\"  IfName:\"eth0\"  NetworkName:\"aws-cni\"  K8S_POD_UID:\"ab397e7f-fc6b-4c16-8bae-79a096357a31\""}
{"level":"debug","ts":"2026-10-05T08:42:45.958Z","caller":"ipamd/rpc_handler.go:353","msg":"UnassignPodIPAddress: IP address pool stats: total 0, assigned 0, sandbox aws-cni/0b2ab1ca1bdf36e5185fc4d4429fa23535020c1d4f84f69d8c990f45408f9ef2/eth0"}
{"level":"debug","ts":"2026-10-05T08:42:45.958Z","caller":"ipamd/rpc_handler.go:353","msg":"UnassignPodIPAddress: Failed to find IPAM entry under full key, trying CRI-migrated version"}
{"level":"warn","ts":"2026-10-05T08:42:45.958Z","caller":"ipamd/rpc_handler.go:353","msg":"UnassignPodIPAddress: Failed to find sandbox _migrated-from-cri/0b2ab1ca1bdf36e5185fc4d4429fa23535020c1d4f84f69d8c990f45408f9ef2/unknown"}
{"level":"info","ts":"2026-10-05T08:42:45.958Z","caller":"rpc/rpc_grpc.pb.go:135","msg":"Send DelNetworkReply: IPAddress: [], err: 1 error occurred:\n\t* datastore: unknown pod\n\n"}
{"level":"info","ts":"2026-10-05T08:42:46.930Z","caller":"rpc/rpc_grpc.pb.go:117","msg":"Received AddNetwork for NS /var/run/netns/cni-9930b403-983e-2de2-d75f-53c29530096e, Sandbox 3d2957980b670254174e211b3d342394ef033a5beaf4717d081b53bbc10d98b4, ifname eth0"}
{"level":"debug","ts":"2026-10-05T08:42:46.931Z","caller":"rpc/rpc_grpc.pb.go:117","msg":"AddNetworkRequest: K8S_POD_NAME:\"pause-68d5b89fc-trsbt\"  K8S_POD_NAMESPACE:\"default\"  K8S_POD_INFRA_CONTAINER_ID:\"3d2957980b670254174e211b3d342394ef033a5beaf4717d081b53bbc10d98b4\"  ContainerID:\"3d2957980b670254174e211b3d342394ef033a5beaf4717d081b53bbc10d98b4\"  IfName:\"eth0\"  NetworkName:\"aws-cni\"  Netns:\"/var/run/netns/cni-9930b403-983e-2de2-d75f-53c29530096e\""}
{"level":"info","ts":"2026-10-05T08:42:46.931Z","caller":"rpc/rpc_grpc.pb.go:117","msg":"Required MultiNIC access false, interfaces required 1"}
{"level":"debug","ts":"2026-10-05T08:42:46.931Z","caller":"datastore/data_store.go:713","msg":"AssignPodIPv4Address: IP address pool stats: total 0, assigned 0"}
{"level":"debug","ts":"2026-10-05T08:42:46.931Z","caller":"datastore/data_store.go:713","msg":"AssignPodIPv4Address: ENI eni-EXAMPLE22 does not have available addresses"}
{"level":"error","ts":"2026-10-05T08:42:46.931Z","caller":"datastore/data_store.go:713","msg":"DataStore has no available IP/Prefix addresses"}
{"level":"warn","ts":"2026-10-05T08:42:46.931Z","caller":"rpc/rpc_grpc.pb.go:117","msg":"Failed to assign IPs from network card 0: AssignPodIPAddress: no available IP/Prefix addresses"}
{"level":"error","ts":"2026-10-05T08:42:46.931Z","caller":"rpc/rpc_grpc.pb.go:117","msg":"Returning failure response for AddNetwork: 1 error occurred:\n\t* AssignPodIPAddress: no available IP/Prefix addresses\n\n"}
{"level":"info","ts":"2026-10-05T08:42:46.931Z","caller":"rpc/rpc_grpc.pb.go:117","msg":"Send AddNetworkReply: Success: false IPAddr: [], resp: , err: AssignPodIPAddress: no available IP/Prefix addresses"}
{"level":"info","ts":"2026-10-05T08:42:46.955Z","caller":"rpc/rpc_grpc.pb.go:135","msg":"Received DelNetwork for Sandbox 3d2957980b670254174e211b3d342394ef033a5beaf4717d081b53bbc10d98b4"}
{"level":"debug","ts":"2026-10-05T08:42:46.956Z","caller":"rpc/rpc_grpc.pb.go:135","msg":"DelNetworkRequest: K8S_POD_NAME:\"pause-68d5b89fc-trsbt\"  K8S_POD_NAMESPACE:\"default\"  K8S_POD_INFRA_CONTAINER_ID:\"3d2957980b670254174e211b3d342394ef033a5beaf4717d081b53bbc10d98b4\"  Reason:\"PodDeleted\"  ContainerID:\"3d2957980b670254174e211b3d342394ef033a5beaf4717d081b53bbc10d98b4\"  IfName:\"eth0\"  NetworkName:\"aws-cni\"  K8S_POD_UID:\"c20f32d4-15fe-4764-9034-71a97ec5e097\""}
{"level":"debug","ts":"2026-10-05T08:42:46.956Z","caller":"ipamd/rpc_handler.go:353","msg":"UnassignPodIPAddress: IP address pool stats: total 0, assigned 0, sandbox aws-cni/3d2957980b670254174e211b3d342394ef033a5beaf4717d081b53bbc10d98b4/eth0"}
{"level":"debug","ts":"2026-10-05T08:42:46.956Z","caller":"ipamd/rpc_handler.go:353","msg":"UnassignPodIPAddress: Failed to find IPAM entry under full key, trying CRI-migrated version"}
{"level":"warn","ts":"2026-10-05T08:42:46.956Z","caller":"ipamd/rpc_handler.go:353","msg":"UnassignPodIPAddress: Failed to find sandbox _migrated-from-cri/3d2957980b670254174e211b3d342394ef033a5beaf4717d081b53bbc10d98b4/unknown"}
{"level":"info","ts":"2026-10-05T08:42:46.956Z","caller":"rpc/rpc_grpc.pb.go:135","msg":"Send DelNetworkReply: IPAddress: [], err: 1 error occurred:\n\t* datastore: unknown pod\n\n"}
{"level":"debug","ts":"2026-10-05T08:42:50.345Z","caller":"ipamd/ipamd.go:809","msg":"IP pool is too low for Network Card 0: available (0) < ENI target (1) * addrsPerENI (16)"}
{"level":"debug","ts":"2026-10-05T08:42:50.345Z","caller":"ipamd/ipamd.go:2689","msg":"Prefix pool stats for network card 0: Total IPs/Prefixes = 0/0, AssignedIPs/CooldownIPs: 0/0, c.maxIPsPerENI = 80"}
{"level":"debug","ts":"2026-10-05T08:42:50.345Z","caller":"ipamd/ipamd.go:795","msg":"IP stats for Network Card 0 - total IPs: 0, assigned IPs: 0, cooldown IPs: 0"}
{"level":"debug","ts":"2026-10-05T08:42:50.345Z","caller":"ipamd/ipamd.go:813","msg":"Starting to increase pool size for network card 0"}
{"level":"debug","ts":"2026-10-05T08:42:50.345Z","caller":"ipamd/ipamd.go:966","msg":"Node found \"ip-10-20-0-61.ec2.internal\" - no of taints - 0"}
{"level":"debug","ts":"2026-10-05T08:42:50.345Z","caller":"ipamd/ipamd.go:2758","msg":"Prefix target is 1, short of 1 prefixes, free 0 prefixes"}
{"level":"debug","ts":"2026-10-05T08:42:50.345Z","caller":"ipamd/ipamd.go:1248","msg":"ToAllocate: 1, Network Card 0"}
{"level":"debug","ts":"2026-10-05T08:42:50.345Z","caller":"ipamd/ipamd.go:1251","msg":"Found ENI eni-EXAMPLE22 that has less than the maximum number of IP/Prefixes addresses allocated: cur=0, max=5"}
{"level":"info","ts":"2026-10-05T08:42:50.345Z","caller":"ipamd/ipamd.go:1255","msg":"Trying to allocate 1 IP addresses on ENI eni-EXAMPLE22"}
{"level":"debug","ts":"2026-10-05T08:42:50.345Z","caller":"ipamd/ipamd.go:1255","msg":"PD enabled - true"}
{"level":"debug","ts":"2026-10-05T08:42:50.756Z","caller":"awsutils/awsutils.go:2174","msg":"checkAPIErrorAndBroadcastEvent resulted in operation error EC2: AssignPrivateIpAddresses, https response error StatusCode: 400, RequestID: 7bb6265a-a3e1-466b-b20b-70579d9805fd, api error InsufficientCidrBlocks: The specified subnet does not have enough free cidr blocks to satisfy the request."}
{"level":"error","ts":"2026-10-05T08:42:50.756Z","caller":"ipamd/ipamd.go:1255","msg":"Failed to allocate a private IP/Prefix addresses on ENI eni-EXAMPLE22: operation error EC2: AssignPrivateIpAddresses, https response error StatusCode: 400, RequestID: 7bb6265a-a3e1-466b-b20b-70579d9805fd, api error InsufficientCidrBlocks: The specified subnet does not have enough free cidr blocks to satisfy the request."}
{"level":"debug","ts":"2026-10-05T08:42:50.756Z","caller":"ipamd/ipamd.go:1256","msg":"containsPrivateIPAddressLimitExceededError encountered operation error EC2: AssignPrivateIpAddresses, https response error StatusCode: 400, RequestID: 7bb6265a-a3e1-466b-b20b-70579d9805fd, api error InsufficientCidrBlocks: The specified subnet does not have enough free cidr blocks to satisfy the request."}
{"level":"warn","ts":"2026-10-05T08:42:50.756Z","caller":"ipamd/ipamd.go:1113","msg":"failed to allocate all available IPv4 Prefixes on ENI eni-EXAMPLE22, err: operation error EC2: AssignPrivateIpAddresses, https response error StatusCode: 400, RequestID: 7bb6265a-a3e1-466b-b20b-70579d9805fd, api error InsufficientCidrBlocks: The specified subnet does not have enough free cidr blocks to satisfy the request."}
{"level":"info","ts":"2026-10-05T08:42:50.756Z","caller":"ipamd/ipamd.go:1259","msg":"Trying to allocate 1 IP addresses on ENI eni-EXAMPLE22"}
{"level":"debug","ts":"2026-10-05T08:42:50.756Z","caller":"ipamd/ipamd.go:1259","msg":"PD enabled - true"}
{"level":"info","ts":"2026-10-05T08:42:50.930Z","caller":"rpc/rpc_grpc.pb.go:117","msg":"Received AddNetwork for NS /var/run/netns/cni-ec3a344c-5085-a451-83c1-a7e164f8884d, Sandbox 414f1defc4b599794ff607f81c0e70417484c18908729b6299b2dfca050748a9, ifname eth0"}
{"level":"debug","ts":"2026-10-05T08:42:50.930Z","caller":"rpc/rpc_grpc.pb.go:117","msg":"AddNetworkRequest: K8S_POD_NAME:\"pause-68d5b89fc-s4xj4\"  K8S_POD_NAMESPACE:\"default\"  K8S_POD_INFRA_CONTAINER_ID:\"414f1defc4b599794ff607f81c0e70417484c18908729b6299b2dfca050748a9\"  ContainerID:\"414f1defc4b599794ff607f81c0e70417484c18908729b6299b2dfca050748a9\"  IfName:\"eth0\"  NetworkName:\"aws-cni\"  Netns:\"/var/run/netns/cni-ec3a344c-5085-a451-83c1-a7e164f8884d\""}
{"level":"info","ts":"2026-10-05T08:42:50.930Z","caller":"rpc/rpc_grpc.pb.go:117","msg":"Required MultiNIC access false, interfaces required 1"}
{"level":"debug","ts":"2026-10-05T08:42:50.930Z","caller":"datastore/data_store.go:713","msg":"AssignPodIPv4Address: IP address pool stats: total 0, assigned 0"}
{"level":"debug","ts":"2026-10-05T08:42:50.930Z","caller":"datastore/data_store.go:713","msg":"AssignPodIPv4Address: ENI eni-EXAMPLE22 does not have available addresses"}
{"level":"error","ts":"2026-10-05T08:42:50.930Z","caller":"datastore/data_store.go:713","msg":"DataStore has no available IP/Prefix addresses"}
{"level":"warn","ts":"2026-10-05T08:42:50.930Z","caller":"rpc/rpc_grpc.pb.go:117","msg":"Failed to assign IPs from network card 0: AssignPodIPAddress: no available IP/Prefix addresses"}
{"level":"error","ts":"2026-10-05T08:42:50.930Z","caller":"rpc/rpc_grpc.pb.go:117","msg":"Returning failure response for AddNetwork: 1 error occurred:\n\t* AssignPodIPAddress: no available IP/Prefix addresses\n\n"}
{"level":"info","ts":"2026-10-05T08:42:50.930Z","caller":"rpc/rpc_grpc.pb.go:117","msg":"Send AddNetworkReply: Success: false IPAddr: [], resp: , err: AssignPodIPAddress: no available IP/Prefix addresses"}
{"level":"info","ts":"2026-10-05T08:42:50.956Z","caller":"rpc/rpc_grpc.pb.go:135","msg":"Received DelNetwork for Sandbox 414f1defc4b599794ff607f81c0e70417484c18908729b6299b2dfca050748a9"}
{"level":"debug","ts":"2026-10-05T08:42:50.956Z","caller":"rpc/rpc_grpc.pb.go:135","msg":"DelNetworkRequest: K8S_POD_NAME:\"pause-68d5b89fc-s4xj4\"  K8S_POD_NAMESPACE:\"default\"  K8S_POD_INFRA_CONTAINER_ID:\"414f1defc4b599794ff607f81c0e70417484c18908729b6299b2dfca050748a9\"  Reason:\"PodDeleted\"  ContainerID:\"414f1defc4b599794ff607f81c0e70417484c18908729b6299b2dfca050748a9\"  IfName:\"eth0\"  NetworkName:\"aws-cni\"  K8S_POD_UID:\"aaffac51-12cc-4f37-ba8c-ada8f6944478\""}
{"level":"debug","ts":"2026-10-05T08:42:50.956Z","caller":"ipamd/rpc_handler.go:353","msg":"UnassignPodIPAddress: IP address pool stats: total 0, assigned 0, sandbox aws-cni/414f1defc4b599794ff607f81c0e70417484c18908729b6299b2dfca050748a9/eth0"}
{"level":"debug","ts":"2026-10-05T08:42:50.956Z","caller":"ipamd/rpc_handler.go:353","msg":"UnassignPodIPAddress: Failed to find IPAM entry under full key, trying CRI-migrated version"}
{"level":"warn","ts":"2026-10-05T08:42:50.956Z","caller":"ipamd/rpc_handler.go:353","msg":"UnassignPodIPAddress: Failed to find sandbox _migrated-from-cri/414f1defc4b599794ff607f81c0e70417484c18908729b6299b2dfca050748a9/unknown"}
{"level":"info","ts":"2026-10-05T08:42:50.956Z","caller":"rpc/rpc_grpc.pb.go:135","msg":"Send DelNetworkReply: IPAddress: [], err: 1 error occurred:\n\t* datastore: unknown pod\n\n"}
{"level":"debug","ts":"2026-10-05T08:42:51.283Z","caller":"awsutils/awsutils.go:2174","msg":"checkAPIErrorAndBroadcastEvent resulted in operation error EC2: AssignPrivateIpAddresses, https response error StatusCode: 400, RequestID: d5e40fd0-21db-4330-a2e0-ee97e5a1423d, api error InsufficientCidrBlocks: The specified subnet does not have enough free cidr blocks to satisfy the request."}
{"level":"error","ts":"2026-10-05T08:42:51.283Z","caller":"ipamd/ipamd.go:1259","msg":"Failed to allocate a private IP/Prefix addresses on ENI eni-EXAMPLE22: operation error EC2: AssignPrivateIpAddresses, https response error StatusCode: 400, RequestID: d5e40fd0-21db-4330-a2e0-ee97e5a1423d, api error InsufficientCidrBlocks: The specified subnet does not have enough free cidr blocks to satisfy the request."}
{"level":"debug","ts":"2026-10-05T08:42:51.283Z","caller":"ipamd/ipamd.go:1260","msg":"containsPrivateIPAddressLimitExceededError encountered operation error EC2: AssignPrivateIpAddresses, https response error StatusCode: 400, RequestID: d5e40fd0-21db-4330-a2e0-ee97e5a1423d, api error InsufficientCidrBlocks: The specified subnet does not have enough free cidr blocks to satisfy the request."}
{"level":"debug","ts":"2026-10-05T08:42:51.284Z","caller":"ipamd/ipamd.go:1262","msg":"containsInsufficientCIDRsOrSubnetIPs encountered operation error EC2: AssignPrivateIpAddresses, https response error StatusCode: 400, RequestID: d5e40fd0-21db-4330-a2e0-ee97e5a1423d, api error InsufficientCidrBlocks: The specified subnet does not have enough free cidr blocks to satisfy the request."}
{"level":"debug","ts":"2026-10-05T08:42:51.284Z","caller":"ipamd/ipamd.go:1262","msg":"Insufficient IP Addresses due to: InsufficientCidrBlocks\n"}
{"level":"debug","ts":"2026-10-05T08:42:51.284Z","caller":"ipamd/ipamd.go:1003","msg":"hasRoomForEni: networkCard=0, currentENIs=1, currentUsableENIs=1, maxENI=3, unmanagedENI=0, trunkEni=0, excludedENI=0, hasRoom=true"}
{"level":"debug","ts":"2026-10-05T08:42:51.284Z","caller":"ipamd/ipamd.go:2758","msg":"Prefix target is 1, short of 1 prefixes, free 0 prefixes"}
{"level":"debug","ts":"2026-10-05T08:42:51.284Z","caller":"ipamd/ipamd.go:2595","msg":"ToAllocate: 1, Network Card 0"}
{"level":"info","ts":"2026-10-05T08:42:51.284Z","caller":"awsutils/awsutils.go:1044","msg":"Trying to allocate 1 IP addresses on new ENI"}
{"level":"debug","ts":"2026-10-05T08:42:51.284Z","caller":"awsutils/awsutils.go:1044","msg":"PD enabled - true"}
{"level":"debug","ts":"2026-10-05T08:42:51.522Z","caller":"awsutils/awsutils.go:1272","msg":"Primary subnet subnet-EXAMPLE1 has no kubernetes.io/role/cni tag, including it for ENI creation (backwards compatibility)"}
{"level":"info","ts":"2026-10-05T08:42:51.522Z","caller":"awsutils/awsutils.go:1044","msg":"Creating ENI with security groups: [sg-EXAMPLE1] in subnet: subnet-EXAMPLE1"}
{"level":"debug","ts":"2026-10-05T08:42:51.790Z","caller":"awsutils/awsutils.go:1449","msg":"checkAPIErrorAndBroadcastEvent resulted in operation error EC2: CreateNetworkInterface, https response error StatusCode: 400, RequestID: ad278f3e-3457-4a65-b87d-5651d7787ce4, api error InvalidParameterValue: There aren't sufficient free Ipv4 addresses or prefixes"}
{"level":"error","ts":"2026-10-05T08:42:51.790Z","caller":"awsutils/awsutils.go:1285","msg":"Failed to CreateNetworkInterface operation error EC2: CreateNetworkInterface, https response error StatusCode: 400, RequestID: ad278f3e-3457-4a65-b87d-5651d7787ce4, api error InvalidParameterValue: There aren't sufficient free Ipv4 addresses or prefixes for subnet subnet-EXAMPLE1"}
{"level":"debug","ts":"2026-10-05T08:42:51.790Z","caller":"awsutils/awsutils.go:1272","msg":"Subnet subnet-EXAMPLE2 has no kubernetes.io/role/cni tag, excluding it from ENI creation"}
{"level":"error","ts":"2026-10-05T08:42:51.790Z","caller":"ipamd/ipamd.go:1004","msg":"Failed to increase pool size due to not able to allocate ENI AllocENI: failed to create ENI: failed to create network interface: operation error EC2: CreateNetworkInterface, https response error StatusCode: 400, RequestID: ad278f3e-3457-4a65-b87d-5651d7787ce4, api error InvalidParameterValue: There aren't sufficient free Ipv4 addresses or prefixes"}
{"level":"warn","ts":"2026-10-05T08:42:51.790Z","caller":"ipamd/ipamd.go:1004","msg":"Failed to allocate 1 IP addresses on an ENI: AllocENI: failed to create ENI: failed to create network interface: operation error EC2: CreateNetworkInterface, https response error StatusCode: 400, RequestID: ad278f3e-3457-4a65-b87d-5651d7787ce4, api error InvalidParameterValue: There aren't sufficient free Ipv4 addresses or prefixes"}
{"level":"debug","ts":"2026-10-05T08:42:51.790Z","caller":"ipamd/ipamd.go:1082","msg":"containsInsufficientCIDRsOrSubnetIPs encountered AllocENI: failed to create ENI: failed to create network interface: operation error EC2: CreateNetworkInterface, https response error StatusCode: 400, RequestID: ad278f3e-3457-4a65-b87d-5651d7787ce4, api error InvalidParameterValue: There aren't sufficient free Ipv4 addresses or prefixes"}
{"level":"debug","ts":"2026-10-05T08:42:51.790Z","caller":"ipamd/ipamd.go:1082","msg":"Insufficient IP Addresses due to: InvalidParameterValue\n"}
{"level":"debug","ts":"2026-10-05T08:42:51.790Z","caller":"ipamd/ipamd.go:813","msg":"Error trying to allocate ENI: AllocENI: failed to create ENI: failed to create network interface: operation error EC2: CreateNetworkInterface, https response error StatusCode: 400, RequestID: ad278f3e-3457-4a65-b87d-5651d7787ce4, api error InvalidParameterValue: There aren't sufficient free Ipv4 addresses or prefixes"}
{"level":"debug","ts":"2026-10-05T08:42:51.790Z","caller":"ipamd/ipamd.go:1548","msg":"ENI eni-EXAMPLE22 cannot be deleted because it is primary"}
{"level":"debug","ts":"2026-10-05T08:42:56.791Z","caller":"ipamd/ipamd.go:809","msg":"IP pool is too low for Network Card 0: available (0) < ENI target (1) * addrsPerENI (16)"}
{"level":"debug","ts":"2026-10-05T08:42:56.791Z","caller":"ipamd/ipamd.go:2689","msg":"Prefix pool stats for network card 0: Total IPs/Prefixes = 0/0, AssignedIPs/CooldownIPs: 0/0, c.maxIPsPerENI = 80"}
{"level":"debug","ts":"2026-10-05T08:42:56.791Z","caller":"ipamd/ipamd.go:795","msg":"IP stats for Network Card 0 - total IPs: 0, assigned IPs: 0, cooldown IPs: 0"}
{"level":"debug","ts":"2026-10-05T08:42:56.791Z","caller":"ipamd/ipamd.go:813","msg":"Starting to increase pool size for network card 0"}
{"level":"debug","ts":"2026-10-05T08:42:56.791Z","caller":"ipamd/ipamd.go:966","msg":"Node found \"ip-10-20-0-61.ec2.internal\" - no of taints - 0"}
{"level":"debug","ts":"2026-10-05T08:42:56.791Z","caller":"ipamd/ipamd.go:2758","msg":"Prefix target is 1, short of 1 prefixes, free 0 prefixes"}
{"level":"debug","ts":"2026-10-05T08:42:56.791Z","caller":"ipamd/ipamd.go:1248","msg":"ToAllocate: 1, Network Card 0"}
{"level":"debug","ts":"2026-10-05T08:42:56.791Z","caller":"ipamd/ipamd.go:1251","msg":"Found ENI eni-EXAMPLE22 that has less than the maximum number of IP/Prefixes addresses allocated: cur=0, max=5"}
{"level":"info","ts":"2026-10-05T08:42:56.791Z","caller":"ipamd/ipamd.go:1255","msg":"Trying to allocate 1 IP addresses on ENI eni-EXAMPLE22"}
{"level":"debug","ts":"2026-10-05T08:42:56.791Z","caller":"ipamd/ipamd.go:1255","msg":"PD enabled - true"}
{"level":"debug","ts":"2026-10-05T08:42:57.170Z","caller":"awsutils/awsutils.go:2174","msg":"checkAPIErrorAndBroadcastEvent resulted in operation error EC2: AssignPrivateIpAddresses, https response error StatusCode: 400, RequestID: 5beb43f3-77c3-4ee4-9109-db625c71592f, api error InsufficientCidrBlocks: The specified subnet does not have enough free cidr blocks to satisfy the request."}
{"level":"error","ts":"2026-10-05T08:42:57.170Z","caller":"ipamd/ipamd.go:1255","msg":"Failed to allocate a private IP/Prefix addresses on ENI eni-EXAMPLE22: operation error EC2: AssignPrivateIpAddresses, https response error StatusCode: 400, RequestID: 5beb43f3-77c3-4ee4-9109-db625c71592f, api error InsufficientCidrBlocks: The specified subnet does not have enough free cidr blocks to satisfy the request."}
{"level":"debug","ts":"2026-10-05T08:42:57.170Z","caller":"ipamd/ipamd.go:1256","msg":"containsPrivateIPAddressLimitExceededError encountered operation error EC2: AssignPrivateIpAddresses, https response error StatusCode: 400, RequestID: 5beb43f3-77c3-4ee4-9109-db625c71592f, api error InsufficientCidrBlocks: The specified subnet does not have enough free cidr blocks to satisfy the request."}
{"level":"warn","ts":"2026-10-05T08:42:57.170Z","caller":"ipamd/ipamd.go:1113","msg":"failed to allocate all available IPv4 Prefixes on ENI eni-EXAMPLE22, err: operation error EC2: AssignPrivateIpAddresses, https response error StatusCode: 400, RequestID: 5beb43f3-77c3-4ee4-9109-db625c71592f, api error InsufficientCidrBlocks: The specified subnet does not have enough free cidr blocks to satisfy the request."}
{"level":"info","ts":"2026-10-05T08:42:57.170Z","caller":"ipamd/ipamd.go:1259","msg":"Trying to allocate 1 IP addresses on ENI eni-EXAMPLE22"}
{"level":"debug","ts":"2026-10-05T08:42:57.170Z","caller":"ipamd/ipamd.go:1259","msg":"PD enabled - true"}
{"level":"debug","ts":"2026-10-05T08:42:57.698Z","caller":"awsutils/awsutils.go:2174","msg":"checkAPIErrorAndBroadcastEvent resulted in operation error EC2: AssignPrivateIpAddresses, https response error StatusCode: 400, RequestID: a0d30f00-fcb2-4515-b461-5a849b2bd0a8, api error InsufficientCidrBlocks: The specified subnet does not have enough free cidr blocks to satisfy the request."}
{"level":"error","ts":"2026-10-05T08:42:57.698Z","caller":"ipamd/ipamd.go:1259","msg":"Failed to allocate a private IP/Prefix addresses on ENI eni-EXAMPLE22: operation error EC2: AssignPrivateIpAddresses, https response error StatusCode: 400, RequestID: a0d30f00-fcb2-4515-b461-5a849b2bd0a8, api error InsufficientCidrBlocks: The specified subnet does not have enough free cidr blocks to satisfy the request."}
{"level":"debug","ts":"2026-10-05T08:42:57.698Z","caller":"ipamd/ipamd.go:1260","msg":"containsPrivateIPAddressLimitExceededError encountered operation error EC2: AssignPrivateIpAddresses, https response error StatusCode: 400, RequestID: a0d30f00-fcb2-4515-b461-5a849b2bd0a8, api error InsufficientCidrBlocks: The specified subnet does not have enough free cidr blocks to satisfy the request."}
{"level":"debug","ts":"2026-10-05T08:42:57.698Z","caller":"ipamd/ipamd.go:1262","msg":"containsInsufficientCIDRsOrSubnetIPs encountered operation error EC2: AssignPrivateIpAddresses, https response error StatusCode: 400, RequestID: a0d30f00-fcb2-4515-b461-5a849b2bd0a8, api error InsufficientCidrBlocks: The specified subnet does not have enough free cidr blocks to satisfy the request."}
{"level":"debug","ts":"2026-10-05T08:42:57.698Z","caller":"ipamd/ipamd.go:1262","msg":"Insufficient IP Addresses due to: InsufficientCidrBlocks\n"}
{"level":"debug","ts":"2026-10-05T08:42:57.698Z","caller":"ipamd/ipamd.go:1003","msg":"hasRoomForEni: networkCard=0, currentENIs=1, currentUsableENIs=1, maxENI=3, unmanagedENI=0, trunkEni=0, excludedENI=0, hasRoom=true"}
{"level":"debug","ts":"2026-10-05T08:42:57.698Z","caller":"ipamd/ipamd.go:2758","msg":"Prefix target is 1, short of 1 prefixes, free 0 prefixes"}
{"level":"debug","ts":"2026-10-05T08:42:57.698Z","caller":"ipamd/ipamd.go:2595","msg":"ToAllocate: 1, Network Card 0"}
{"level":"info","ts":"2026-10-05T08:42:57.699Z","caller":"awsutils/awsutils.go:1044","msg":"Trying to allocate 1 IP addresses on new ENI"}
{"level":"debug","ts":"2026-10-05T08:42:57.699Z","caller":"awsutils/awsutils.go:1044","msg":"PD enabled - true"}
{"level":"debug","ts":"2026-10-05T08:42:57.932Z","caller":"awsutils/awsutils.go:1272","msg":"Primary subnet subnet-EXAMPLE1 has no kubernetes.io/role/cni tag, including it for ENI creation (backwards compatibility)"}
{"level":"info","ts":"2026-10-05T08:42:57.933Z","caller":"awsutils/awsutils.go:1044","msg":"Creating ENI with security groups: [sg-EXAMPLE1] in subnet: subnet-EXAMPLE1"}
{"level":"info","ts":"2026-10-05T08:42:57.944Z","caller":"rpc/rpc_grpc.pb.go:117","msg":"Received AddNetwork for NS /var/run/netns/cni-9466db22-e077-aa5c-e29c-8368870c9d67, Sandbox e46dde0d7228b9b790fbfeaa1960c1b4deee56fc07adc4a5522e3a489c555760, ifname eth0"}
{"level":"debug","ts":"2026-10-05T08:42:57.944Z","caller":"rpc/rpc_grpc.pb.go:117","msg":"AddNetworkRequest: K8S_POD_NAME:\"pause-68d5b89fc-trsbt\"  K8S_POD_NAMESPACE:\"default\"  K8S_POD_INFRA_CONTAINER_ID:\"e46dde0d7228b9b790fbfeaa1960c1b4deee56fc07adc4a5522e3a489c555760\"  ContainerID:\"e46dde0d7228b9b790fbfeaa1960c1b4deee56fc07adc4a5522e3a489c555760\"  IfName:\"eth0\"  NetworkName:\"aws-cni\"  Netns:\"/var/run/netns/cni-9466db22-e077-aa5c-e29c-8368870c9d67\""}
{"level":"info","ts":"2026-10-05T08:42:57.944Z","caller":"rpc/rpc_grpc.pb.go:117","msg":"Required MultiNIC access false, interfaces required 1"}
{"level":"debug","ts":"2026-10-05T08:42:57.944Z","caller":"datastore/data_store.go:713","msg":"AssignPodIPv4Address: IP address pool stats: total 0, assigned 0"}
{"level":"debug","ts":"2026-10-05T08:42:57.944Z","caller":"datastore/data_store.go:713","msg":"AssignPodIPv4Address: ENI eni-EXAMPLE22 does not have available addresses"}
{"level":"error","ts":"2026-10-05T08:42:57.944Z","caller":"datastore/data_store.go:713","msg":"DataStore has no available IP/Prefix addresses"}
{"level":"warn","ts":"2026-10-05T08:42:57.944Z","caller":"rpc/rpc_grpc.pb.go:117","msg":"Failed to assign IPs from network card 0: AssignPodIPAddress: no available IP/Prefix addresses"}
{"level":"error","ts":"2026-10-05T08:42:57.944Z","caller":"rpc/rpc_grpc.pb.go:117","msg":"Returning failure response for AddNetwork: 1 error occurred:\n\t* AssignPodIPAddress: no available IP/Prefix addresses\n\n"}
{"level":"info","ts":"2026-10-05T08:42:57.944Z","caller":"rpc/rpc_grpc.pb.go:117","msg":"Send AddNetworkReply: Success: false IPAddr: [], resp: , err: AssignPodIPAddress: no available IP/Prefix addresses"}
{"level":"info","ts":"2026-10-05T08:42:57.944Z","caller":"rpc/rpc_grpc.pb.go:117","msg":"Received AddNetwork for NS /var/run/netns/cni-cecd55d5-7822-8e47-eb13-84d65181db7b, Sandbox 047bff650dca8a1b79407330a2832d852189fec7f6e4aad398f103ed4ee6f7e9, ifname eth0"}
{"level":"debug","ts":"2026-10-05T08:42:57.944Z","caller":"rpc/rpc_grpc.pb.go:117","msg":"AddNetworkRequest: K8S_POD_NAME:\"pause-68d5b89fc-9585w\"  K8S_POD_NAMESPACE:\"default\"  K8S_POD_INFRA_CONTAINER_ID:\"047bff650dca8a1b79407330a2832d852189fec7f6e4aad398f103ed4ee6f7e9\"  ContainerID:\"047bff650dca8a1b79407330a2832d852189fec7f6e4aad398f103ed4ee6f7e9\"  IfName:\"eth0\"  NetworkName:\"aws-cni\"  Netns:\"/var/run/netns/cni-cecd55d5-7822-8e47-eb13-84d65181db7b\""}
{"level":"info","ts":"2026-10-05T08:42:57.944Z","caller":"rpc/rpc_grpc.pb.go:117","msg":"Required MultiNIC access false, interfaces required 1"}
{"level":"debug","ts":"2026-10-05T08:42:57.944Z","caller":"datastore/data_store.go:713","msg":"AssignPodIPv4Address: IP address pool stats: total 0, assigned 0"}
{"level":"debug","ts":"2026-10-05T08:42:57.944Z","caller":"datastore/data_store.go:713","msg":"AssignPodIPv4Address: ENI eni-EXAMPLE22 does not have available addresses"}
{"level":"error","ts":"2026-10-05T08:42:57.944Z","caller":"datastore/data_store.go:713","msg":"DataStore has no available IP/Prefix addresses"}
{"level":"warn","ts":"2026-10-05T08:42:57.944Z","caller":"rpc/rpc_grpc.pb.go:117","msg":"Failed to assign IPs from network card 0: AssignPodIPAddress: no available IP/Prefix addresses"}
{"level":"error","ts":"2026-10-05T08:42:57.944Z","caller":"rpc/rpc_grpc.pb.go:117","msg":"Returning failure response for AddNetwork: 1 error occurred:\n\t* AssignPodIPAddress: no available IP/Prefix addresses\n\n"}
{"level":"info","ts":"2026-10-05T08:42:57.944Z","caller":"rpc/rpc_grpc.pb.go:117","msg":"Send AddNetworkReply: Success: false IPAddr: [], resp: , err: AssignPodIPAddress: no available IP/Prefix addresses"}
{"level":"info","ts":"2026-10-05T08:42:57.977Z","caller":"rpc/rpc_grpc.pb.go:135","msg":"Received DelNetwork for Sandbox 047bff650dca8a1b79407330a2832d852189fec7f6e4aad398f103ed4ee6f7e9"}
{"level":"debug","ts":"2026-10-05T08:42:57.977Z","caller":"rpc/rpc_grpc.pb.go:135","msg":"DelNetworkRequest: K8S_POD_NAME:\"pause-68d5b89fc-9585w\"  K8S_POD_NAMESPACE:\"default\"  K8S_POD_INFRA_CONTAINER_ID:\"047bff650dca8a1b79407330a2832d852189fec7f6e4aad398f103ed4ee6f7e9\"  Reason:\"PodDeleted\"  ContainerID:\"047bff650dca8a1b79407330a2832d852189fec7f6e4aad398f103ed4ee6f7e9\"  IfName:\"eth0\"  NetworkName:\"aws-cni\"  K8S_POD_UID:\"ab397e7f-fc6b-4c16-8bae-79a096357a31\""}
{"level":"debug","ts":"2026-10-05T08:42:57.977Z","caller":"ipamd/rpc_handler.go:353","msg":"UnassignPodIPAddress: IP address pool stats: total 0, assigned 0, sandbox aws-cni/047bff650dca8a1b79407330a2832d852189fec7f6e4aad398f103ed4ee6f7e9/eth0"}
{"level":"debug","ts":"2026-10-05T08:42:57.977Z","caller":"ipamd/rpc_handler.go:353","msg":"UnassignPodIPAddress: Failed to find IPAM entry under full key, trying CRI-migrated version"}
{"level":"warn","ts":"2026-10-05T08:42:57.977Z","caller":"ipamd/rpc_handler.go:353","msg":"UnassignPodIPAddress: Failed to find sandbox _migrated-from-cri/047bff650dca8a1b79407330a2832d852189fec7f6e4aad398f103ed4ee6f7e9/unknown"}
{"level":"info","ts":"2026-10-05T08:42:57.977Z","caller":"rpc/rpc_grpc.pb.go:135","msg":"Send DelNetworkReply: IPAddress: [], err: 1 error occurred:\n\t* datastore: unknown pod\n\n"}
{"level":"info","ts":"2026-10-05T08:42:57.983Z","caller":"rpc/rpc_grpc.pb.go:135","msg":"Received DelNetwork for Sandbox e46dde0d7228b9b790fbfeaa1960c1b4deee56fc07adc4a5522e3a489c555760"}
{"level":"debug","ts":"2026-10-05T08:42:57.983Z","caller":"rpc/rpc_grpc.pb.go:135","msg":"DelNetworkRequest: K8S_POD_NAME:\"pause-68d5b89fc-trsbt\"  K8S_POD_NAMESPACE:\"default\"  K8S_POD_INFRA_CONTAINER_ID:\"e46dde0d7228b9b790fbfeaa1960c1b4deee56fc07adc4a5522e3a489c555760\"  Reason:\"PodDeleted\"  ContainerID:\"e46dde0d7228b9b790fbfeaa1960c1b4deee56fc07adc4a5522e3a489c555760\"  IfName:\"eth0\"  NetworkName:\"aws-cni\"  K8S_POD_UID:\"c20f32d4-15fe-4764-9034-71a97ec5e097\""}
{"level":"debug","ts":"2026-10-05T08:42:57.983Z","caller":"ipamd/rpc_handler.go:353","msg":"UnassignPodIPAddress: IP address pool stats: total 0, assigned 0, sandbox aws-cni/e46dde0d7228b9b790fbfeaa1960c1b4deee56fc07adc4a5522e3a489c555760/eth0"}
{"level":"debug","ts":"2026-10-05T08:42:57.983Z","caller":"ipamd/rpc_handler.go:353","msg":"UnassignPodIPAddress: Failed to find IPAM entry under full key, trying CRI-migrated version"}
{"level":"warn","ts":"2026-10-05T08:42:57.983Z","caller":"ipamd/rpc_handler.go:353","msg":"UnassignPodIPAddress: Failed to find sandbox _migrated-from-cri/e46dde0d7228b9b790fbfeaa1960c1b4deee56fc07adc4a5522e3a489c555760/unknown"}
{"level":"info","ts":"2026-10-05T08:42:57.983Z","caller":"rpc/rpc_grpc.pb.go:135","msg":"Send DelNetworkReply: IPAddress: [], err: 1 error occurred:\n\t* datastore: unknown pod\n\n"}
{"level":"debug","ts":"2026-10-05T08:42:58.173Z","caller":"awsutils/awsutils.go:1449","msg":"checkAPIErrorAndBroadcastEvent resulted in operation error EC2: CreateNetworkInterface, https response error StatusCode: 400, RequestID: ec4c5948-06d4-4855-a456-fc5677fbfc83, api error InvalidParameterValue: There aren't sufficient free Ipv4 addresses or prefixes"}
{"level":"error","ts":"2026-10-05T08:42:58.173Z","caller":"awsutils/awsutils.go:1285","msg":"Failed to CreateNetworkInterface operation error EC2: CreateNetworkInterface, https response error StatusCode: 400, RequestID: ec4c5948-06d4-4855-a456-fc5677fbfc83, api error InvalidParameterValue: There aren't sufficient free Ipv4 addresses or prefixes for subnet subnet-EXAMPLE1"}
{"level":"debug","ts":"2026-10-05T08:42:58.173Z","caller":"awsutils/awsutils.go:1272","msg":"Subnet subnet-EXAMPLE2 has no kubernetes.io/role/cni tag, excluding it from ENI creation"}
{"level":"error","ts":"2026-10-05T08:42:58.173Z","caller":"ipamd/ipamd.go:1004","msg":"Failed to increase pool size due to not able to allocate ENI AllocENI: failed to create ENI: failed to create network interface: operation error EC2: CreateNetworkInterface, https response error StatusCode: 400, RequestID: ec4c5948-06d4-4855-a456-fc5677fbfc83, api error InvalidParameterValue: There aren't sufficient free Ipv4 addresses or prefixes"}
{"level":"warn","ts":"2026-10-05T08:42:58.173Z","caller":"ipamd/ipamd.go:1004","msg":"Failed to allocate 1 IP addresses on an ENI: AllocENI: failed to create ENI: failed to create network interface: operation error EC2: CreateNetworkInterface, https response error StatusCode: 400, RequestID: ec4c5948-06d4-4855-a456-fc5677fbfc83, api error InvalidParameterValue: There aren't sufficient free Ipv4 addresses or prefixes"}
{"level":"debug","ts":"2026-10-05T08:42:58.173Z","caller":"ipamd/ipamd.go:1082","msg":"containsInsufficientCIDRsOrSubnetIPs encountered AllocENI: failed to create ENI: failed to create network interface: operation error EC2: CreateNetworkInterface, https response error StatusCode: 400, RequestID: ec4c5948-06d4-4855-a456-fc5677fbfc83, api error InvalidParameterValue: There aren't sufficient free Ipv4 addresses or prefixes"}
{"level":"debug","ts":"2026-10-05T08:42:58.173Z","caller":"ipamd/ipamd.go:1082","msg":"Insufficient IP Addresses due to: InvalidParameterValue\n"}
{"level":"debug","ts":"2026-10-05T08:42:58.173Z","caller":"ipamd/ipamd.go:813","msg":"Error trying to allocate ENI: AllocENI: failed to create ENI: failed to create network interface: operation error EC2: CreateNetworkInterface, https response error StatusCode: 400, RequestID: ec4c5948-06d4-4855-a456-fc5677fbfc83, api error InvalidParameterValue: There aren't sufficient free Ipv4 addresses or prefixes"}
{"level":"debug","ts":"2026-10-05T08:42:58.173Z","caller":"ipamd/ipamd.go:1548","msg":"ENI eni-EXAMPLE22 cannot be deleted because it is primary"}
{"level":"debug","ts":"2026-10-05T08:43:00.674Z","caller":"ipamd/ipamd.go:798","msg":"Reconciling ENI/IP pool info because time since last 1m3.415160361s > 1m0s"}
{"level":"debug","ts":"2026-10-05T08:43:00.675Z","caller":"ipamd/ipamd.go:1621","msg":"Total number of interfaces found: 1 "}
{"level":"debug","ts":"2026-10-05T08:43:00.675Z","caller":"awsutils/awsutils.go:787","msg":"Found ENI MAC address: 0a:ff:ec:23:fa:99"}
{"level":"debug","ts":"2026-10-05T08:43:00.678Z","caller":"awsutils/awsutils.go:787","msg":"Found ENI: eni-EXAMPLE22, MAC 0a:ff:ec:23:fa:99, device 0"}
{"level":"debug","ts":"2026-10-05T08:43:00.680Z","caller":"awsutils/awsutils.go:787","msg":"Found IPv4 addresses associated with interface. This is not efa-only interface"}
{"level":"debug","ts":"2026-10-05T08:43:00.683Z","caller":"ipamd/ipamd.go:798","msg":"Reconcile existing ENI eni-EXAMPLE22 IP pool"}
{"level":"info","ts":"2026-10-05T08:43:00.683Z","caller":"ipamd/ipamd.go:1766","msg":"Reconcile and skip primary IP 10.20.0.61 on ENI eni-EXAMPLE22"}
{"level":"debug","ts":"2026-10-05T08:43:00.683Z","caller":"ipamd/ipamd.go:798","msg":"Reconcile existing ENI eni-EXAMPLE22 IP prefixes"}
{"level":"debug","ts":"2026-10-05T08:43:00.683Z","caller":"ipamd/ipamd.go:1693","msg":"Found prefix pool count 0 for eni eni-EXAMPLE22\n"}
{"level":"debug","ts":"2026-10-05T08:43:00.683Z","caller":"ipamd/ipamd.go:798","msg":"Successfully Reconciled ENI/IP pool"}
{"level":"debug","ts":"2026-10-05T08:43:00.683Z","caller":"ipamd/ipamd.go:1738","msg":"Prefix pool stats for network card 0: Total IPs/Prefixes = 0/0, AssignedIPs/CooldownIPs: 0/0, c.maxIPsPerENI = 80"}
{"level":"debug","ts":"2026-10-05T08:43:00.683Z","caller":"ipamd/ipamd.go:798","msg":"Primary IP for ENI eni-EXAMPLE22 is 10.20.0.61"}
{"level":"debug","ts":"2026-10-05T08:43:03.185Z","caller":"ipamd/ipamd.go:809","msg":"IP pool is too low for Network Card 0: available (0) < ENI target (1) * addrsPerENI (16)"}
{"level":"debug","ts":"2026-10-05T08:43:03.185Z","caller":"ipamd/ipamd.go:2689","msg":"Prefix pool stats for network card 0: Total IPs/Prefixes = 0/0, AssignedIPs/CooldownIPs: 0/0, c.maxIPsPerENI = 80"}
{"level":"debug","ts":"2026-10-05T08:43:03.185Z","caller":"ipamd/ipamd.go:795","msg":"IP stats for Network Card 0 - total IPs: 0, assigned IPs: 0, cooldown IPs: 0"}
{"level":"debug","ts":"2026-10-05T08:43:03.185Z","caller":"ipamd/ipamd.go:813","msg":"Starting to increase pool size for network card 0"}
{"level":"debug","ts":"2026-10-05T08:43:03.185Z","caller":"ipamd/ipamd.go:966","msg":"Node found \"ip-10-20-0-61.ec2.internal\" - no of taints - 0"}
{"level":"debug","ts":"2026-10-05T08:43:03.185Z","caller":"ipamd/ipamd.go:2758","msg":"Prefix target is 1, short of 1 prefixes, free 0 prefixes"}
{"level":"debug","ts":"2026-10-05T08:43:03.185Z","caller":"ipamd/ipamd.go:1248","msg":"ToAllocate: 1, Network Card 0"}
{"level":"debug","ts":"2026-10-05T08:43:03.185Z","caller":"ipamd/ipamd.go:1251","msg":"Found ENI eni-EXAMPLE22 that has less than the maximum number of IP/Prefixes addresses allocated: cur=0, max=5"}
{"level":"info","ts":"2026-10-05T08:43:03.185Z","caller":"ipamd/ipamd.go:1255","msg":"Trying to allocate 1 IP addresses on ENI eni-EXAMPLE22"}
{"level":"debug","ts":"2026-10-05T08:43:03.185Z","caller":"ipamd/ipamd.go:1255","msg":"PD enabled - true"}
{"level":"debug","ts":"2026-10-05T08:43:03.653Z","caller":"awsutils/awsutils.go:2174","msg":"checkAPIErrorAndBroadcastEvent resulted in operation error EC2: AssignPrivateIpAddresses, https response error StatusCode: 400, RequestID: 9714d355-903a-41d4-abc9-56957db99e78, api error InsufficientCidrBlocks: The specified subnet does not have enough free cidr blocks to satisfy the request."}
{"level":"error","ts":"2026-10-05T08:43:03.653Z","caller":"ipamd/ipamd.go:1255","msg":"Failed to allocate a private IP/Prefix addresses on ENI eni-EXAMPLE22: operation error EC2: AssignPrivateIpAddresses, https response error StatusCode: 400, RequestID: 9714d355-903a-41d4-abc9-56957db99e78, api error InsufficientCidrBlocks: The specified subnet does not have enough free cidr blocks to satisfy the request."}
{"level":"debug","ts":"2026-10-05T08:43:03.653Z","caller":"ipamd/ipamd.go:1256","msg":"containsPrivateIPAddressLimitExceededError encountered operation error EC2: AssignPrivateIpAddresses, https response error StatusCode: 400, RequestID: 9714d355-903a-41d4-abc9-56957db99e78, api error InsufficientCidrBlocks: The specified subnet does not have enough free cidr blocks to satisfy the request."}
{"level":"warn","ts":"2026-10-05T08:43:03.653Z","caller":"ipamd/ipamd.go:1113","msg":"failed to allocate all available IPv4 Prefixes on ENI eni-EXAMPLE22, err: operation error EC2: AssignPrivateIpAddresses, https response error StatusCode: 400, RequestID: 9714d355-903a-41d4-abc9-56957db99e78, api error InsufficientCidrBlocks: The specified subnet does not have enough free cidr blocks to satisfy the request."}
{"level":"info","ts":"2026-10-05T08:43:03.653Z","caller":"ipamd/ipamd.go:1259","msg":"Trying to allocate 1 IP addresses on ENI eni-EXAMPLE22"}
{"level":"debug","ts":"2026-10-05T08:43:03.653Z","caller":"ipamd/ipamd.go:1259","msg":"PD enabled - true"}
{"level":"debug","ts":"2026-10-05T08:43:04.098Z","caller":"awsutils/awsutils.go:2174","msg":"checkAPIErrorAndBroadcastEvent resulted in operation error EC2: AssignPrivateIpAddresses, https response error StatusCode: 400, RequestID: 58703642-158e-4bba-948f-73c5196f071e, api error InsufficientCidrBlocks: The specified subnet does not have enough free cidr blocks to satisfy the request."}
{"level":"error","ts":"2026-10-05T08:43:04.098Z","caller":"ipamd/ipamd.go:1259","msg":"Failed to allocate a private IP/Prefix addresses on ENI eni-EXAMPLE22: operation error EC2: AssignPrivateIpAddresses, https response error StatusCode: 400, RequestID: 58703642-158e-4bba-948f-73c5196f071e, api error InsufficientCidrBlocks: The specified subnet does not have enough free cidr blocks to satisfy the request."}
{"level":"debug","ts":"2026-10-05T08:43:04.098Z","caller":"ipamd/ipamd.go:1260","msg":"containsPrivateIPAddressLimitExceededError encountered operation error EC2: AssignPrivateIpAddresses, https response error StatusCode: 400, RequestID: 58703642-158e-4bba-948f-73c5196f071e, api error InsufficientCidrBlocks: The specified subnet does not have enough free cidr blocks to satisfy the request."}
{"level":"debug","ts":"2026-10-05T08:43:04.098Z","caller":"ipamd/ipamd.go:1262","msg":"containsInsufficientCIDRsOrSubnetIPs encountered operation error EC2: AssignPrivateIpAddresses, https response error StatusCode: 400, RequestID: 58703642-158e-4bba-948f-73c5196f071e, api error InsufficientCidrBlocks: The specified subnet does not have enough free cidr blocks to satisfy the request."}
{"level":"debug","ts":"2026-10-05T08:43:04.098Z","caller":"ipamd/ipamd.go:1262","msg":"Insufficient IP Addresses due to: InsufficientCidrBlocks\n"}
{"level":"debug","ts":"2026-10-05T08:43:04.098Z","caller":"ipamd/ipamd.go:1003","msg":"hasRoomForEni: networkCard=0, currentENIs=1, currentUsableENIs=1, maxENI=3, unmanagedENI=0, trunkEni=0, excludedENI=0, hasRoom=true"}
{"level":"debug","ts":"2026-10-05T08:43:04.098Z","caller":"ipamd/ipamd.go:2758","msg":"Prefix target is 1, short of 1 prefixes, free 0 prefixes"}
{"level":"debug","ts":"2026-10-05T08:43:04.098Z","caller":"ipamd/ipamd.go:2595","msg":"ToAllocate: 1, Network Card 0"}
{"level":"info","ts":"2026-10-05T08:43:04.098Z","caller":"awsutils/awsutils.go:1044","msg":"Trying to allocate 1 IP addresses on new ENI"}
{"level":"debug","ts":"2026-10-05T08:43:04.098Z","caller":"awsutils/awsutils.go:1044","msg":"PD enabled - true"}
{"level":"debug","ts":"2026-10-05T08:43:04.351Z","caller":"awsutils/awsutils.go:1272","msg":"Primary subnet subnet-EXAMPLE1 has no kubernetes.io/role/cni tag, including it for ENI creation (backwards compatibility)"}
{"level":"info","ts":"2026-10-05T08:43:04.351Z","caller":"awsutils/awsutils.go:1044","msg":"Creating ENI with security groups: [sg-EXAMPLE1] in subnet: subnet-EXAMPLE1"}
{"level":"debug","ts":"2026-10-05T08:43:04.593Z","caller":"awsutils/awsutils.go:1449","msg":"checkAPIErrorAndBroadcastEvent resulted in operation error EC2: CreateNetworkInterface, https response error StatusCode: 400, RequestID: c6556994-8ea5-488e-870c-e4048f5d1865, api error InvalidParameterValue: There aren't sufficient free Ipv4 addresses or prefixes"}
{"level":"error","ts":"2026-10-05T08:43:04.593Z","caller":"awsutils/awsutils.go:1285","msg":"Failed to CreateNetworkInterface operation error EC2: CreateNetworkInterface, https response error StatusCode: 400, RequestID: c6556994-8ea5-488e-870c-e4048f5d1865, api error InvalidParameterValue: There aren't sufficient free Ipv4 addresses or prefixes for subnet subnet-EXAMPLE1"}
{"level":"debug","ts":"2026-10-05T08:43:04.593Z","caller":"awsutils/awsutils.go:1272","msg":"Subnet subnet-EXAMPLE2 has no kubernetes.io/role/cni tag, excluding it from ENI creation"}
{"level":"error","ts":"2026-10-05T08:43:04.593Z","caller":"ipamd/ipamd.go:1004","msg":"Failed to increase pool size due to not able to allocate ENI AllocENI: failed to create ENI: failed to create network interface: operation error EC2: CreateNetworkInterface, https response error StatusCode: 400, RequestID: c6556994-8ea5-488e-870c-e4048f5d1865, api error InvalidParameterValue: There aren't sufficient free Ipv4 addresses or prefixes"}
{"level":"warn","ts":"2026-10-05T08:43:04.593Z","caller":"ipamd/ipamd.go:1004","msg":"Failed to allocate 1 IP addresses on an ENI: AllocENI: failed to create ENI: failed to create network interface: operation error EC2: CreateNetworkInterface, https response error StatusCode: 400, RequestID: c6556994-8ea5-488e-870c-e4048f5d1865, api error InvalidParameterValue: There aren't sufficient free Ipv4 addresses or prefixes"}
{"level":"debug","ts":"2026-10-05T08:43:04.593Z","caller":"ipamd/ipamd.go:1082","msg":"containsInsufficientCIDRsOrSubnetIPs encountered AllocENI: failed to create ENI: failed to create network interface: operation error EC2: CreateNetworkInterface, https response error StatusCode: 400, RequestID: c6556994-8ea5-488e-870c-e4048f5d1865, api error InvalidParameterValue: There aren't sufficient free Ipv4 addresses or prefixes"}
{"level":"debug","ts":"2026-10-05T08:43:04.593Z","caller":"ipamd/ipamd.go:1082","msg":"Insufficient IP Addresses due to: InvalidParameterValue\n"}
{"level":"debug","ts":"2026-10-05T08:43:04.593Z","caller":"ipamd/ipamd.go:813","msg":"Error trying to allocate ENI: AllocENI: failed to create ENI: failed to create network interface: operation error EC2: CreateNetworkInterface, https response error StatusCode: 400, RequestID: c6556994-8ea5-488e-870c-e4048f5d1865, api error InvalidParameterValue: There aren't sufficient free Ipv4 addresses or prefixes"}
{"level":"debug","ts":"2026-10-05T08:43:04.593Z","caller":"ipamd/ipamd.go:1548","msg":"ENI eni-EXAMPLE22 cannot be deleted because it is primary"}
{"level":"info","ts":"2026-10-05T08:43:04.932Z","caller":"rpc/rpc_grpc.pb.go:117","msg":"Received AddNetwork for NS /var/run/netns/cni-f93743e7-c204-62ec-52c9-12fec7f1d81c, Sandbox 61fa23a4b859167965c8b2b9224cd7c94709fbbacf72a2ae5ae3df94407694da, ifname eth0"}
{"level":"debug","ts":"2026-10-05T08:43:04.932Z","caller":"rpc/rpc_grpc.pb.go:117","msg":"AddNetworkRequest: K8S_POD_NAME:\"pause-68d5b89fc-s4xj4\"  K8S_POD_NAMESPACE:\"default\"  K8S_POD_INFRA_CONTAINER_ID:\"61fa23a4b859167965c8b2b9224cd7c94709fbbacf72a2ae5ae3df94407694da\"  ContainerID:\"61fa23a4b859167965c8b2b9224cd7c94709fbbacf72a2ae5ae3df94407694da\"  IfName:\"eth0\"  NetworkName:\"aws-cni\"  Netns:\"/var/run/netns/cni-f93743e7-c204-62ec-52c9-12fec7f1d81c\""}
{"level":"info","ts":"2026-10-05T08:43:04.932Z","caller":"rpc/rpc_grpc.pb.go:117","msg":"Required MultiNIC access false, interfaces required 1"}
{"level":"debug","ts":"2026-10-05T08:43:04.932Z","caller":"datastore/data_store.go:713","msg":"AssignPodIPv4Address: IP address pool stats: total 0, assigned 0"}
{"level":"debug","ts":"2026-10-05T08:43:04.932Z","caller":"datastore/data_store.go:713","msg":"AssignPodIPv4Address: ENI eni-EXAMPLE22 does not have available addresses"}
{"level":"error","ts":"2026-10-05T08:43:04.932Z","caller":"datastore/data_store.go:713","msg":"DataStore has no available IP/Prefix addresses"}
{"level":"warn","ts":"2026-10-05T08:43:04.932Z","caller":"rpc/rpc_grpc.pb.go:117","msg":"Failed to assign IPs from network card 0: AssignPodIPAddress: no available IP/Prefix addresses"}
{"level":"error","ts":"2026-10-05T08:43:04.932Z","caller":"rpc/rpc_grpc.pb.go:117","msg":"Returning failure response for AddNetwork: 1 error occurred:\n\t* AssignPodIPAddress: no available IP/Prefix addresses\n\n"}
{"level":"info","ts":"2026-10-05T08:43:04.932Z","caller":"rpc/rpc_grpc.pb.go:117","msg":"Send AddNetworkReply: Success: false IPAddr: [], resp: , err: AssignPodIPAddress: no available IP/Prefix addresses"}
{"level":"info","ts":"2026-10-05T08:43:04.965Z","caller":"rpc/rpc_grpc.pb.go:135","msg":"Received DelNetwork for Sandbox 61fa23a4b859167965c8b2b9224cd7c94709fbbacf72a2ae5ae3df94407694da"}
{"level":"debug","ts":"2026-10-05T08:43:04.965Z","caller":"rpc/rpc_grpc.pb.go:135","msg":"DelNetworkRequest: K8S_POD_NAME:\"pause-68d5b89fc-s4xj4\"  K8S_POD_NAMESPACE:\"default\"  K8S_POD_INFRA_CONTAINER_ID:\"61fa23a4b859167965c8b2b9224cd7c94709fbbacf72a2ae5ae3df94407694da\"  Reason:\"PodDeleted\"  ContainerID:\"61fa23a4b859167965c8b2b9224cd7c94709fbbacf72a2ae5ae3df94407694da\"  IfName:\"eth0\"  NetworkName:\"aws-cni\"  K8S_POD_UID:\"aaffac51-12cc-4f37-ba8c-ada8f6944478\""}
{"level":"debug","ts":"2026-10-05T08:43:04.965Z","caller":"ipamd/rpc_handler.go:353","msg":"UnassignPodIPAddress: IP address pool stats: total 0, assigned 0, sandbox aws-cni/61fa23a4b859167965c8b2b9224cd7c94709fbbacf72a2ae5ae3df94407694da/eth0"}
{"level":"debug","ts":"2026-10-05T08:43:04.965Z","caller":"ipamd/rpc_handler.go:353","msg":"UnassignPodIPAddress: Failed to find IPAM entry under full key, trying CRI-migrated version"}
{"level":"warn","ts":"2026-10-05T08:43:04.965Z","caller":"ipamd/rpc_handler.go:353","msg":"UnassignPodIPAddress: Failed to find sandbox _migrated-from-cri/61fa23a4b859167965c8b2b9224cd7c94709fbbacf72a2ae5ae3df94407694da/unknown"}
{"level":"info","ts":"2026-10-05T08:43:04.965Z","caller":"rpc/rpc_grpc.pb.go:135","msg":"Send DelNetworkReply: IPAddress: [], err: 1 error occurred:\n\t* datastore: unknown pod\n\n"}
{"level":"info","ts":"2026-10-05T08:43:08.931Z","caller":"rpc/rpc_grpc.pb.go:117","msg":"Received AddNetwork for NS /var/run/netns/cni-6adf6a97-bf62-6aea-93b1-fd263e936315, Sandbox e62453e999738567823fc04d5665465844250575e7dd7a659eff2ffdd128066a, ifname eth0"}
{"level":"debug","ts":"2026-10-05T08:43:08.931Z","caller":"rpc/rpc_grpc.pb.go:117","msg":"AddNetworkRequest: K8S_POD_NAME:\"pause-68d5b89fc-trsbt\"  K8S_POD_NAMESPACE:\"default\"  K8S_POD_INFRA_CONTAINER_ID:\"e62453e999738567823fc04d5665465844250575e7dd7a659eff2ffdd128066a\"  ContainerID:\"e62453e999738567823fc04d5665465844250575e7dd7a659eff2ffdd128066a\"  IfName:\"eth0\"  NetworkName:\"aws-cni\"  Netns:\"/var/run/netns/cni-6adf6a97-bf62-6aea-93b1-fd263e936315\""}
{"level":"info","ts":"2026-10-05T08:43:08.931Z","caller":"rpc/rpc_grpc.pb.go:117","msg":"Required MultiNIC access false, interfaces required 1"}
{"level":"debug","ts":"2026-10-05T08:43:08.931Z","caller":"datastore/data_store.go:713","msg":"AssignPodIPv4Address: IP address pool stats: total 0, assigned 0"}
{"level":"debug","ts":"2026-10-05T08:43:08.931Z","caller":"datastore/data_store.go:713","msg":"AssignPodIPv4Address: ENI eni-EXAMPLE22 does not have available addresses"}
{"level":"error","ts":"2026-10-05T08:43:08.931Z","caller":"datastore/data_store.go:713","msg":"DataStore has no available IP/Prefix addresses"}
{"level":"warn","ts":"2026-10-05T08:43:08.931Z","caller":"rpc/rpc_grpc.pb.go:117","msg":"Failed to assign IPs from network card 0: AssignPodIPAddress: no available IP/Prefix addresses"}
{"level":"error","ts":"2026-10-05T08:43:08.931Z","caller":"rpc/rpc_grpc.pb.go:117","msg":"Returning failure response for AddNetwork: 1 error occurred:\n\t* AssignPodIPAddress: no available IP/Prefix addresses\n\n"}
{"level":"info","ts":"2026-10-05T08:43:08.931Z","caller":"rpc/rpc_grpc.pb.go:117","msg":"Send AddNetworkReply: Success: false IPAddr: [], resp: , err: AssignPodIPAddress: no available IP/Prefix addresses"}
{"level":"info","ts":"2026-10-05T08:43:08.956Z","caller":"rpc/rpc_grpc.pb.go:135","msg":"Received DelNetwork for Sandbox e62453e999738567823fc04d5665465844250575e7dd7a659eff2ffdd128066a"}
{"level":"debug","ts":"2026-10-05T08:43:08.956Z","caller":"rpc/rpc_grpc.pb.go:135","msg":"DelNetworkRequest: K8S_POD_NAME:\"pause-68d5b89fc-trsbt\"  K8S_POD_NAMESPACE:\"default\"  K8S_POD_INFRA_CONTAINER_ID:\"e62453e999738567823fc04d5665465844250575e7dd7a659eff2ffdd128066a\"  Reason:\"PodDeleted\"  ContainerID:\"e62453e999738567823fc04d5665465844250575e7dd7a659eff2ffdd128066a\"  IfName:\"eth0\"  NetworkName:\"aws-cni\"  K8S_POD_UID:\"c20f32d4-15fe-4764-9034-71a97ec5e097\""}
{"level":"debug","ts":"2026-10-05T08:43:08.956Z","caller":"ipamd/rpc_handler.go:353","msg":"UnassignPodIPAddress: IP address pool stats: total 0, assigned 0, sandbox aws-cni/e62453e999738567823fc04d5665465844250575e7dd7a659eff2ffdd128066a/eth0"}
{"level":"debug","ts":"2026-10-05T08:43:08.956Z","caller":"ipamd/rpc_handler.go:353","msg":"UnassignPodIPAddress: Failed to find IPAM entry under full key, trying CRI-migrated version"}
{"level":"warn","ts":"2026-10-05T08:43:08.956Z","caller":"ipamd/rpc_handler.go:353","msg":"UnassignPodIPAddress: Failed to find sandbox _migrated-from-cri/e62453e999738567823fc04d5665465844250575e7dd7a659eff2ffdd128066a/unknown"}
{"level":"info","ts":"2026-10-05T08:43:08.956Z","caller":"rpc/rpc_grpc.pb.go:135","msg":"Send DelNetworkReply: IPAddress: [], err: 1 error occurred:\n\t* datastore: unknown pod\n\n"}
{"level":"debug","ts":"2026-10-05T08:43:09.596Z","caller":"ipamd/ipamd.go:809","msg":"IP pool is too low for Network Card 0: available (0) < ENI target (1) * addrsPerENI (16)"}
{"level":"debug","ts":"2026-10-05T08:43:09.596Z","caller":"ipamd/ipamd.go:2689","msg":"Prefix pool stats for network card 0: Total IPs/Prefixes = 0/0, AssignedIPs/CooldownIPs: 0/0, c.maxIPsPerENI = 80"}
{"level":"debug","ts":"2026-10-05T08:43:09.596Z","caller":"ipamd/ipamd.go:795","msg":"IP stats for Network Card 0 - total IPs: 0, assigned IPs: 0, cooldown IPs: 0"}
{"level":"debug","ts":"2026-10-05T08:43:09.596Z","caller":"ipamd/ipamd.go:813","msg":"Starting to increase pool size for network card 0"}
{"level":"debug","ts":"2026-10-05T08:43:09.596Z","caller":"ipamd/ipamd.go:966","msg":"Node found \"ip-10-20-0-61.ec2.internal\" - no of taints - 0"}
{"level":"debug","ts":"2026-10-05T08:43:09.596Z","caller":"ipamd/ipamd.go:2758","msg":"Prefix target is 1, short of 1 prefixes, free 0 prefixes"}
{"level":"debug","ts":"2026-10-05T08:43:09.596Z","caller":"ipamd/ipamd.go:1248","msg":"ToAllocate: 1, Network Card 0"}
{"level":"debug","ts":"2026-10-05T08:43:09.596Z","caller":"ipamd/ipamd.go:1251","msg":"Found ENI eni-EXAMPLE22 that has less than the maximum number of IP/Prefixes addresses allocated: cur=0, max=5"}
{"level":"info","ts":"2026-10-05T08:43:09.596Z","caller":"ipamd/ipamd.go:1255","msg":"Trying to allocate 1 IP addresses on ENI eni-EXAMPLE22"}
{"level":"debug","ts":"2026-10-05T08:43:09.596Z","caller":"ipamd/ipamd.go:1255","msg":"PD enabled - true"}
{"level":"debug","ts":"2026-10-05T08:43:10.091Z","caller":"awsutils/awsutils.go:2174","msg":"checkAPIErrorAndBroadcastEvent resulted in operation error EC2: AssignPrivateIpAddresses, https response error StatusCode: 400, RequestID: aaf260d4-ba5f-4048-abe5-b6ed3a4ada5a, api error InsufficientCidrBlocks: The specified subnet does not have enough free cidr blocks to satisfy the request."}
{"level":"error","ts":"2026-10-05T08:43:10.091Z","caller":"ipamd/ipamd.go:1255","msg":"Failed to allocate a private IP/Prefix addresses on ENI eni-EXAMPLE22: operation error EC2: AssignPrivateIpAddresses, https response error StatusCode: 400, RequestID: aaf260d4-ba5f-4048-abe5-b6ed3a4ada5a, api error InsufficientCidrBlocks: The specified subnet does not have enough free cidr blocks to satisfy the request."}
{"level":"debug","ts":"2026-10-05T08:43:10.091Z","caller":"ipamd/ipamd.go:1256","msg":"containsPrivateIPAddressLimitExceededError encountered operation error EC2: AssignPrivateIpAddresses, https response error StatusCode: 400, RequestID: aaf260d4-ba5f-4048-abe5-b6ed3a4ada5a, api error InsufficientCidrBlocks: The specified subnet does not have enough free cidr blocks to satisfy the request."}
{"level":"warn","ts":"2026-10-05T08:43:10.091Z","caller":"ipamd/ipamd.go:1113","msg":"failed to allocate all available IPv4 Prefixes on ENI eni-EXAMPLE22, err: operation error EC2: AssignPrivateIpAddresses, https response error StatusCode: 400, RequestID: aaf260d4-ba5f-4048-abe5-b6ed3a4ada5a, api error InsufficientCidrBlocks: The specified subnet does not have enough free cidr blocks to satisfy the request."}
{"level":"info","ts":"2026-10-05T08:43:10.091Z","caller":"ipamd/ipamd.go:1259","msg":"Trying to allocate 1 IP addresses on ENI eni-EXAMPLE22"}
{"level":"debug","ts":"2026-10-05T08:43:10.091Z","caller":"ipamd/ipamd.go:1259","msg":"PD enabled - true"}
{"level":"debug","ts":"2026-10-05T08:43:10.495Z","caller":"awsutils/awsutils.go:2174","msg":"checkAPIErrorAndBroadcastEvent resulted in operation error EC2: AssignPrivateIpAddresses, https response error StatusCode: 400, RequestID: e1c18762-0a38-4a5b-bac3-f646e31a6f15, api error InsufficientCidrBlocks: The specified subnet does not have enough free cidr blocks to satisfy the request."}
{"level":"error","ts":"2026-10-05T08:43:10.495Z","caller":"ipamd/ipamd.go:1259","msg":"Failed to allocate a private IP/Prefix addresses on ENI eni-EXAMPLE22: operation error EC2: AssignPrivateIpAddresses, https response error StatusCode: 400, RequestID: e1c18762-0a38-4a5b-bac3-f646e31a6f15, api error InsufficientCidrBlocks: The specified subnet does not have enough free cidr blocks to satisfy the request."}
{"level":"debug","ts":"2026-10-05T08:43:10.495Z","caller":"ipamd/ipamd.go:1260","msg":"containsPrivateIPAddressLimitExceededError encountered operation error EC2: AssignPrivateIpAddresses, https response error StatusCode: 400, RequestID: e1c18762-0a38-4a5b-bac3-f646e31a6f15, api error InsufficientCidrBlocks: The specified subnet does not have enough free cidr blocks to satisfy the request."}
{"level":"debug","ts":"2026-10-05T08:43:10.495Z","caller":"ipamd/ipamd.go:1262","msg":"containsInsufficientCIDRsOrSubnetIPs encountered operation error EC2: AssignPrivateIpAddresses, https response error StatusCode: 400, RequestID: e1c18762-0a38-4a5b-bac3-f646e31a6f15, api error InsufficientCidrBlocks: The specified subnet does not have enough free cidr blocks to satisfy the request."}
{"level":"debug","ts":"2026-10-05T08:43:10.495Z","caller":"ipamd/ipamd.go:1262","msg":"Insufficient IP Addresses due to: InsufficientCidrBlocks\n"}
{"level":"debug","ts":"2026-10-05T08:43:10.495Z","caller":"ipamd/ipamd.go:1003","msg":"hasRoomForEni: networkCard=0, currentENIs=1, currentUsableENIs=1, maxENI=3, unmanagedENI=0, trunkEni=0, excludedENI=0, hasRoom=true"}
{"level":"debug","ts":"2026-10-05T08:43:10.495Z","caller":"ipamd/ipamd.go:2758","msg":"Prefix target is 1, short of 1 prefixes, free 0 prefixes"}
{"level":"debug","ts":"2026-10-05T08:43:10.495Z","caller":"ipamd/ipamd.go:2595","msg":"ToAllocate: 1, Network Card 0"}
{"level":"info","ts":"2026-10-05T08:43:10.495Z","caller":"awsutils/awsutils.go:1044","msg":"Trying to allocate 1 IP addresses on new ENI"}
{"level":"debug","ts":"2026-10-05T08:43:10.495Z","caller":"awsutils/awsutils.go:1044","msg":"PD enabled - true"}
{"level":"debug","ts":"2026-10-05T08:43:10.746Z","caller":"awsutils/awsutils.go:1272","msg":"Primary subnet subnet-EXAMPLE1 has no kubernetes.io/role/cni tag, including it for ENI creation (backwards compatibility)"}
{"level":"info","ts":"2026-10-05T08:43:10.746Z","caller":"awsutils/awsutils.go:1044","msg":"Creating ENI with security groups: [sg-EXAMPLE1] in subnet: subnet-EXAMPLE1"}
{"level":"debug","ts":"2026-10-05T08:43:11.006Z","caller":"awsutils/awsutils.go:1449","msg":"checkAPIErrorAndBroadcastEvent resulted in operation error EC2: CreateNetworkInterface, https response error StatusCode: 400, RequestID: 9896fd14-7101-41c2-8275-6e56318e2dae, api error InvalidParameterValue: There aren't sufficient free Ipv4 addresses or prefixes"}
{"level":"error","ts":"2026-10-05T08:43:11.006Z","caller":"awsutils/awsutils.go:1285","msg":"Failed to CreateNetworkInterface operation error EC2: CreateNetworkInterface, https response error StatusCode: 400, RequestID: 9896fd14-7101-41c2-8275-6e56318e2dae, api error InvalidParameterValue: There aren't sufficient free Ipv4 addresses or prefixes for subnet subnet-EXAMPLE1"}
{"level":"debug","ts":"2026-10-05T08:43:11.006Z","caller":"awsutils/awsutils.go:1272","msg":"Subnet subnet-EXAMPLE2 has no kubernetes.io/role/cni tag, excluding it from ENI creation"}
{"level":"error","ts":"2026-10-05T08:43:11.006Z","caller":"ipamd/ipamd.go:1004","msg":"Failed to increase pool size due to not able to allocate ENI AllocENI: failed to create ENI: failed to create network interface: operation error EC2: CreateNetworkInterface, https response error StatusCode: 400, RequestID: 9896fd14-7101-41c2-8275-6e56318e2dae, api error InvalidParameterValue: There aren't sufficient free Ipv4 addresses or prefixes"}
{"level":"warn","ts":"2026-10-05T08:43:11.006Z","caller":"ipamd/ipamd.go:1004","msg":"Failed to allocate 1 IP addresses on an ENI: AllocENI: failed to create ENI: failed to create network interface: operation error EC2: CreateNetworkInterface, https response error StatusCode: 400, RequestID: 9896fd14-7101-41c2-8275-6e56318e2dae, api error InvalidParameterValue: There aren't sufficient free Ipv4 addresses or prefixes"}
{"level":"debug","ts":"2026-10-05T08:43:11.006Z","caller":"ipamd/ipamd.go:1082","msg":"containsInsufficientCIDRsOrSubnetIPs encountered AllocENI: failed to create ENI: failed to create network interface: operation error EC2: CreateNetworkInterface, https response error StatusCode: 400, RequestID: 9896fd14-7101-41c2-8275-6e56318e2dae, api error InvalidParameterValue: There aren't sufficient free Ipv4 addresses or prefixes"}
{"level":"debug","ts":"2026-10-05T08:43:11.006Z","caller":"ipamd/ipamd.go:1082","msg":"Insufficient IP Addresses due to: InvalidParameterValue\n"}
{"level":"debug","ts":"2026-10-05T08:43:11.006Z","caller":"ipamd/ipamd.go:813","msg":"Error trying to allocate ENI: AllocENI: failed to create ENI: failed to create network interface: operation error EC2: CreateNetworkInterface, https response error StatusCode: 400, RequestID: 9896fd14-7101-41c2-8275-6e56318e2dae, api error InvalidParameterValue: There aren't sufficient free Ipv4 addresses or prefixes"}
{"level":"debug","ts":"2026-10-05T08:43:11.006Z","caller":"ipamd/ipamd.go:1548","msg":"ENI eni-EXAMPLE22 cannot be deleted because it is primary"}
{"level":"info","ts":"2026-10-05T08:43:11.930Z","caller":"rpc/rpc_grpc.pb.go:117","msg":"Received AddNetwork for NS /var/run/netns/cni-653206be-6eab-2065-3cd6-2f095d30a88b, Sandbox d731a353784c48aef8107cc97c34ff73990fc10406fa495285775f6ae2b31ee6, ifname eth0"}
{"level":"debug","ts":"2026-10-05T08:43:11.930Z","caller":"rpc/rpc_grpc.pb.go:117","msg":"AddNetworkRequest: K8S_POD_NAME:\"pause-68d5b89fc-9585w\"  K8S_POD_NAMESPACE:\"default\"  K8S_POD_INFRA_CONTAINER_ID:\"d731a353784c48aef8107cc97c34ff73990fc10406fa495285775f6ae2b31ee6\"  ContainerID:\"d731a353784c48aef8107cc97c34ff73990fc10406fa495285775f6ae2b31ee6\"  IfName:\"eth0\"  NetworkName:\"aws-cni\"  Netns:\"/var/run/netns/cni-653206be-6eab-2065-3cd6-2f095d30a88b\""}
{"level":"info","ts":"2026-10-05T08:43:11.930Z","caller":"rpc/rpc_grpc.pb.go:117","msg":"Required MultiNIC access false, interfaces required 1"}
{"level":"debug","ts":"2026-10-05T08:43:11.930Z","caller":"datastore/data_store.go:713","msg":"AssignPodIPv4Address: IP address pool stats: total 0, assigned 0"}
{"level":"debug","ts":"2026-10-05T08:43:11.930Z","caller":"datastore/data_store.go:713","msg":"AssignPodIPv4Address: ENI eni-EXAMPLE22 does not have available addresses"}
{"level":"error","ts":"2026-10-05T08:43:11.930Z","caller":"datastore/data_store.go:713","msg":"DataStore has no available IP/Prefix addresses"}
{"level":"warn","ts":"2026-10-05T08:43:11.930Z","caller":"rpc/rpc_grpc.pb.go:117","msg":"Failed to assign IPs from network card 0: AssignPodIPAddress: no available IP/Prefix addresses"}
{"level":"error","ts":"2026-10-05T08:43:11.930Z","caller":"rpc/rpc_grpc.pb.go:117","msg":"Returning failure response for AddNetwork: 1 error occurred:\n\t* AssignPodIPAddress: no available IP/Prefix addresses\n\n"}
{"level":"info","ts":"2026-10-05T08:43:11.930Z","caller":"rpc/rpc_grpc.pb.go:117","msg":"Send AddNetworkReply: Success: false IPAddr: [], resp: , err: AssignPodIPAddress: no available IP/Prefix addresses"}
{"level":"info","ts":"2026-10-05T08:43:11.955Z","caller":"rpc/rpc_grpc.pb.go:135","msg":"Received DelNetwork for Sandbox d731a353784c48aef8107cc97c34ff73990fc10406fa495285775f6ae2b31ee6"}
{"level":"debug","ts":"2026-10-05T08:43:11.955Z","caller":"rpc/rpc_grpc.pb.go:135","msg":"DelNetworkRequest: K8S_POD_NAME:\"pause-68d5b89fc-9585w\"  K8S_POD_NAMESPACE:\"default\"  K8S_POD_INFRA_CONTAINER_ID:\"d731a353784c48aef8107cc97c34ff73990fc10406fa495285775f6ae2b31ee6\"  Reason:\"PodDeleted\"  ContainerID:\"d731a353784c48aef8107cc97c34ff73990fc10406fa495285775f6ae2b31ee6\"  IfName:\"eth0\"  NetworkName:\"aws-cni\"  K8S_POD_UID:\"ab397e7f-fc6b-4c16-8bae-79a096357a31\""}
{"level":"debug","ts":"2026-10-05T08:43:11.955Z","caller":"ipamd/rpc_handler.go:353","msg":"UnassignPodIPAddress: IP address pool stats: total 0, assigned 0, sandbox aws-cni/d731a353784c48aef8107cc97c34ff73990fc10406fa495285775f6ae2b31ee6/eth0"}
{"level":"debug","ts":"2026-10-05T08:43:11.955Z","caller":"ipamd/rpc_handler.go:353","msg":"UnassignPodIPAddress: Failed to find IPAM entry under full key, trying CRI-migrated version"}
{"level":"warn","ts":"2026-10-05T08:43:11.955Z","caller":"ipamd/rpc_handler.go:353","msg":"UnassignPodIPAddress: Failed to find sandbox _migrated-from-cri/d731a353784c48aef8107cc97c34ff73990fc10406fa495285775f6ae2b31ee6/unknown"}
{"level":"info","ts":"2026-10-05T08:43:11.955Z","caller":"rpc/rpc_grpc.pb.go:135","msg":"Send DelNetworkReply: IPAddress: [], err: 1 error occurred:\n\t* datastore: unknown pod\n\n"}
{"level":"debug","ts":"2026-10-05T08:43:16.008Z","caller":"ipamd/ipamd.go:809","msg":"IP pool is too low for Network Card 0: available (0) < ENI target (1) * addrsPerENI (16)"}
{"level":"debug","ts":"2026-10-05T08:43:16.008Z","caller":"ipamd/ipamd.go:2689","msg":"Prefix pool stats for network card 0: Total IPs/Prefixes = 0/0, AssignedIPs/CooldownIPs: 0/0, c.maxIPsPerENI = 80"}
{"level":"debug","ts":"2026-10-05T08:43:16.008Z","caller":"ipamd/ipamd.go:795","msg":"IP stats for Network Card 0 - total IPs: 0, assigned IPs: 0, cooldown IPs: 0"}
{"level":"debug","ts":"2026-10-05T08:43:16.008Z","caller":"ipamd/ipamd.go:813","msg":"Starting to increase pool size for network card 0"}
{"level":"debug","ts":"2026-10-05T08:43:16.008Z","caller":"ipamd/ipamd.go:966","msg":"Node found \"ip-10-20-0-61.ec2.internal\" - no of taints - 0"}
{"level":"debug","ts":"2026-10-05T08:43:16.008Z","caller":"ipamd/ipamd.go:2758","msg":"Prefix target is 1, short of 1 prefixes, free 0 prefixes"}
{"level":"debug","ts":"2026-10-05T08:43:16.008Z","caller":"ipamd/ipamd.go:1248","msg":"ToAllocate: 1, Network Card 0"}
{"level":"debug","ts":"2026-10-05T08:43:16.008Z","caller":"ipamd/ipamd.go:1251","msg":"Found ENI eni-EXAMPLE22 that has less than the maximum number of IP/Prefixes addresses allocated: cur=0, max=5"}
{"level":"info","ts":"2026-10-05T08:43:16.008Z","caller":"ipamd/ipamd.go:1255","msg":"Trying to allocate 1 IP addresses on ENI eni-EXAMPLE22"}
{"level":"debug","ts":"2026-10-05T08:43:16.008Z","caller":"ipamd/ipamd.go:1255","msg":"PD enabled - true"}
{"level":"debug","ts":"2026-10-05T08:43:16.492Z","caller":"awsutils/awsutils.go:2174","msg":"checkAPIErrorAndBroadcastEvent resulted in operation error EC2: AssignPrivateIpAddresses, https response error StatusCode: 400, RequestID: 6cf5ec5a-e85b-4431-b754-d4d94cf85c71, api error InsufficientCidrBlocks: The specified subnet does not have enough free cidr blocks to satisfy the request."}
{"level":"error","ts":"2026-10-05T08:43:16.492Z","caller":"ipamd/ipamd.go:1255","msg":"Failed to allocate a private IP/Prefix addresses on ENI eni-EXAMPLE22: operation error EC2: AssignPrivateIpAddresses, https response error StatusCode: 400, RequestID: 6cf5ec5a-e85b-4431-b754-d4d94cf85c71, api error InsufficientCidrBlocks: The specified subnet does not have enough free cidr blocks to satisfy the request."}
{"level":"debug","ts":"2026-10-05T08:43:16.492Z","caller":"ipamd/ipamd.go:1256","msg":"containsPrivateIPAddressLimitExceededError encountered operation error EC2: AssignPrivateIpAddresses, https response error StatusCode: 400, RequestID: 6cf5ec5a-e85b-4431-b754-d4d94cf85c71, api error InsufficientCidrBlocks: The specified subnet does not have enough free cidr blocks to satisfy the request."}
{"level":"warn","ts":"2026-10-05T08:43:16.492Z","caller":"ipamd/ipamd.go:1113","msg":"failed to allocate all available IPv4 Prefixes on ENI eni-EXAMPLE22, err: operation error EC2: AssignPrivateIpAddresses, https response error StatusCode: 400, RequestID: 6cf5ec5a-e85b-4431-b754-d4d94cf85c71, api error InsufficientCidrBlocks: The specified subnet does not have enough free cidr blocks to satisfy the request."}
{"level":"info","ts":"2026-10-05T08:43:16.492Z","caller":"ipamd/ipamd.go:1259","msg":"Trying to allocate 1 IP addresses on ENI eni-EXAMPLE22"}
{"level":"debug","ts":"2026-10-05T08:43:16.492Z","caller":"ipamd/ipamd.go:1259","msg":"PD enabled - true"}
{"level":"debug","ts":"2026-10-05T08:43:16.869Z","caller":"awsutils/awsutils.go:2174","msg":"checkAPIErrorAndBroadcastEvent resulted in operation error EC2: AssignPrivateIpAddresses, https response error StatusCode: 400, RequestID: 4837d768-1e52-4887-a1d9-af6050a4b6e9, api error InsufficientCidrBlocks: The specified subnet does not have enough free cidr blocks to satisfy the request."}
{"level":"error","ts":"2026-10-05T08:43:16.869Z","caller":"ipamd/ipamd.go:1259","msg":"Failed to allocate a private IP/Prefix addresses on ENI eni-EXAMPLE22: operation error EC2: AssignPrivateIpAddresses, https response error StatusCode: 400, RequestID: 4837d768-1e52-4887-a1d9-af6050a4b6e9, api error InsufficientCidrBlocks: The specified subnet does not have enough free cidr blocks to satisfy the request."}
{"level":"debug","ts":"2026-10-05T08:43:16.869Z","caller":"ipamd/ipamd.go:1260","msg":"containsPrivateIPAddressLimitExceededError encountered operation error EC2: AssignPrivateIpAddresses, https response error StatusCode: 400, RequestID: 4837d768-1e52-4887-a1d9-af6050a4b6e9, api error InsufficientCidrBlocks: The specified subnet does not have enough free cidr blocks to satisfy the request."}
{"level":"debug","ts":"2026-10-05T08:43:16.869Z","caller":"ipamd/ipamd.go:1262","msg":"containsInsufficientCIDRsOrSubnetIPs encountered operation error EC2: AssignPrivateIpAddresses, https response error StatusCode: 400, RequestID: 4837d768-1e52-4887-a1d9-af6050a4b6e9, api error InsufficientCidrBlocks: The specified subnet does not have enough free cidr blocks to satisfy the request."}
{"level":"debug","ts":"2026-10-05T08:43:16.869Z","caller":"ipamd/ipamd.go:1262","msg":"Insufficient IP Addresses due to: InsufficientCidrBlocks\n"}
{"level":"debug","ts":"2026-10-05T08:43:16.869Z","caller":"ipamd/ipamd.go:1003","msg":"hasRoomForEni: networkCard=0, currentENIs=1, currentUsableENIs=1, maxENI=3, unmanagedENI=0, trunkEni=0, excludedENI=0, hasRoom=true"}
{"level":"debug","ts":"2026-10-05T08:43:16.869Z","caller":"ipamd/ipamd.go:2758","msg":"Prefix target is 1, short of 1 prefixes, free 0 prefixes"}
{"level":"debug","ts":"2026-10-05T08:43:16.869Z","caller":"ipamd/ipamd.go:2595","msg":"ToAllocate: 1, Network Card 0"}
{"level":"info","ts":"2026-10-05T08:43:16.869Z","caller":"awsutils/awsutils.go:1044","msg":"Trying to allocate 1 IP addresses on new ENI"}
{"level":"debug","ts":"2026-10-05T08:43:16.869Z","caller":"awsutils/awsutils.go:1044","msg":"PD enabled - true"}
{"level":"debug","ts":"2026-10-05T08:43:17.118Z","caller":"awsutils/awsutils.go:1272","msg":"Primary subnet subnet-EXAMPLE1 has no kubernetes.io/role/cni tag, including it for ENI creation (backwards compatibility)"}
{"level":"info","ts":"2026-10-05T08:43:17.118Z","caller":"awsutils/awsutils.go:1044","msg":"Creating ENI with security groups: [sg-EXAMPLE1] in subnet: subnet-EXAMPLE1"}
{"level":"debug","ts":"2026-10-05T08:43:17.355Z","caller":"awsutils/awsutils.go:1449","msg":"checkAPIErrorAndBroadcastEvent resulted in operation error EC2: CreateNetworkInterface, https response error StatusCode: 400, RequestID: 8bf082cd-c5b4-43de-90c4-36df511e3610, api error InvalidParameterValue: There aren't sufficient free Ipv4 addresses or prefixes"}
{"level":"error","ts":"2026-10-05T08:43:17.355Z","caller":"awsutils/awsutils.go:1285","msg":"Failed to CreateNetworkInterface operation error EC2: CreateNetworkInterface, https response error StatusCode: 400, RequestID: 8bf082cd-c5b4-43de-90c4-36df511e3610, api error InvalidParameterValue: There aren't sufficient free Ipv4 addresses or prefixes for subnet subnet-EXAMPLE1"}
{"level":"debug","ts":"2026-10-05T08:43:17.355Z","caller":"awsutils/awsutils.go:1272","msg":"Subnet subnet-EXAMPLE2 has no kubernetes.io/role/cni tag, excluding it from ENI creation"}
{"level":"error","ts":"2026-10-05T08:43:17.355Z","caller":"ipamd/ipamd.go:1004","msg":"Failed to increase pool size due to not able to allocate ENI AllocENI: failed to create ENI: failed to create network interface: operation error EC2: CreateNetworkInterface, https response error StatusCode: 400, RequestID: 8bf082cd-c5b4-43de-90c4-36df511e3610, api error InvalidParameterValue: There aren't sufficient free Ipv4 addresses or prefixes"}
{"level":"warn","ts":"2026-10-05T08:43:17.355Z","caller":"ipamd/ipamd.go:1004","msg":"Failed to allocate 1 IP addresses on an ENI: AllocENI: failed to create ENI: failed to create network interface: operation error EC2: CreateNetworkInterface, https response error StatusCode: 400, RequestID: 8bf082cd-c5b4-43de-90c4-36df511e3610, api error InvalidParameterValue: There aren't sufficient free Ipv4 addresses or prefixes"}
{"level":"debug","ts":"2026-10-05T08:43:17.355Z","caller":"ipamd/ipamd.go:1082","msg":"containsInsufficientCIDRsOrSubnetIPs encountered AllocENI: failed to create ENI: failed to create network interface: operation error EC2: CreateNetworkInterface, https response error StatusCode: 400, RequestID: 8bf082cd-c5b4-43de-90c4-36df511e3610, api error InvalidParameterValue: There aren't sufficient free Ipv4 addresses or prefixes"}
{"level":"debug","ts":"2026-10-05T08:43:17.355Z","caller":"ipamd/ipamd.go:1082","msg":"Insufficient IP Addresses due to: InvalidParameterValue\n"}
{"level":"debug","ts":"2026-10-05T08:43:17.355Z","caller":"ipamd/ipamd.go:813","msg":"Error trying to allocate ENI: AllocENI: failed to create ENI: failed to create network interface: operation error EC2: CreateNetworkInterface, https response error StatusCode: 400, RequestID: 8bf082cd-c5b4-43de-90c4-36df511e3610, api error InvalidParameterValue: There aren't sufficient free Ipv4 addresses or prefixes"}
{"level":"debug","ts":"2026-10-05T08:43:17.355Z","caller":"ipamd/ipamd.go:1548","msg":"ENI eni-EXAMPLE22 cannot be deleted because it is primary"}
{"level":"info","ts":"2026-10-05T08:43:19.937Z","caller":"rpc/rpc_grpc.pb.go:117","msg":"Received AddNetwork for NS /var/run/netns/cni-77153ece-9bcc-4ca8-7ddd-a6c44cebaae8, Sandbox 2fc41901238bceb592a127cde6413e7cfb178f6724f97e09fc3a888940b7c214, ifname eth0"}
{"level":"debug","ts":"2026-10-05T08:43:19.938Z","caller":"rpc/rpc_grpc.pb.go:117","msg":"AddNetworkRequest: K8S_POD_NAME:\"pause-68d5b89fc-trsbt\"  K8S_POD_NAMESPACE:\"default\"  K8S_POD_INFRA_CONTAINER_ID:\"2fc41901238bceb592a127cde6413e7cfb178f6724f97e09fc3a888940b7c214\"  ContainerID:\"2fc41901238bceb592a127cde6413e7cfb178f6724f97e09fc3a888940b7c214\"  IfName:\"eth0\"  NetworkName:\"aws-cni\"  Netns:\"/var/run/netns/cni-77153ece-9bcc-4ca8-7ddd-a6c44cebaae8\""}
{"level":"info","ts":"2026-10-05T08:43:19.938Z","caller":"rpc/rpc_grpc.pb.go:117","msg":"Required MultiNIC access false, interfaces required 1"}
{"level":"debug","ts":"2026-10-05T08:43:19.938Z","caller":"datastore/data_store.go:713","msg":"AssignPodIPv4Address: IP address pool stats: total 0, assigned 0"}
{"level":"debug","ts":"2026-10-05T08:43:19.938Z","caller":"datastore/data_store.go:713","msg":"AssignPodIPv4Address: ENI eni-EXAMPLE22 does not have available addresses"}
{"level":"error","ts":"2026-10-05T08:43:19.938Z","caller":"datastore/data_store.go:713","msg":"DataStore has no available IP/Prefix addresses"}
{"level":"warn","ts":"2026-10-05T08:43:19.938Z","caller":"rpc/rpc_grpc.pb.go:117","msg":"Failed to assign IPs from network card 0: AssignPodIPAddress: no available IP/Prefix addresses"}
{"level":"error","ts":"2026-10-05T08:43:19.938Z","caller":"rpc/rpc_grpc.pb.go:117","msg":"Returning failure response for AddNetwork: 1 error occurred:\n\t* AssignPodIPAddress: no available IP/Prefix addresses\n\n"}
{"level":"info","ts":"2026-10-05T08:43:19.938Z","caller":"rpc/rpc_grpc.pb.go:117","msg":"Send AddNetworkReply: Success: false IPAddr: [], resp: , err: AssignPodIPAddress: no available IP/Prefix addresses"}
{"level":"info","ts":"2026-10-05T08:43:19.950Z","caller":"rpc/rpc_grpc.pb.go:117","msg":"Received AddNetwork for NS /var/run/netns/cni-d3ede963-dc58-bfd4-8a0c-cdebc8a0ae75, Sandbox 51e33ac44423e5dd07f8e96e082e4f750db4a9487b130eb1c141ece7dfe41f4d, ifname eth0"}
{"level":"debug","ts":"2026-10-05T08:43:19.950Z","caller":"rpc/rpc_grpc.pb.go:117","msg":"AddNetworkRequest: K8S_POD_NAME:\"pause-68d5b89fc-s4xj4\"  K8S_POD_NAMESPACE:\"default\"  K8S_POD_INFRA_CONTAINER_ID:\"51e33ac44423e5dd07f8e96e082e4f750db4a9487b130eb1c141ece7dfe41f4d\"  ContainerID:\"51e33ac44423e5dd07f8e96e082e4f750db4a9487b130eb1c141ece7dfe41f4d\"  IfName:\"eth0\"  NetworkName:\"aws-cni\"  Netns:\"/var/run/netns/cni-d3ede963-dc58-bfd4-8a0c-cdebc8a0ae75\""}
{"level":"info","ts":"2026-10-05T08:43:19.950Z","caller":"rpc/rpc_grpc.pb.go:117","msg":"Required MultiNIC access false, interfaces required 1"}
{"level":"debug","ts":"2026-10-05T08:43:19.952Z","caller":"datastore/data_store.go:713","msg":"AssignPodIPv4Address: IP address pool stats: total 0, assigned 0"}
{"level":"debug","ts":"2026-10-05T08:43:19.952Z","caller":"datastore/data_store.go:713","msg":"AssignPodIPv4Address: ENI eni-EXAMPLE22 does not have available addresses"}
{"level":"error","ts":"2026-10-05T08:43:19.952Z","caller":"datastore/data_store.go:713","msg":"DataStore has no available IP/Prefix addresses"}
{"level":"warn","ts":"2026-10-05T08:43:19.952Z","caller":"rpc/rpc_grpc.pb.go:117","msg":"Failed to assign IPs from network card 0: AssignPodIPAddress: no available IP/Prefix addresses"}
{"level":"error","ts":"2026-10-05T08:43:19.952Z","caller":"rpc/rpc_grpc.pb.go:117","msg":"Returning failure response for AddNetwork: 1 error occurred:\n\t* AssignPodIPAddress: no available IP/Prefix addresses\n\n"}
{"level":"info","ts":"2026-10-05T08:43:19.952Z","caller":"rpc/rpc_grpc.pb.go:117","msg":"Send AddNetworkReply: Success: false IPAddr: [], resp: , err: AssignPodIPAddress: no available IP/Prefix addresses"}
{"level":"info","ts":"2026-10-05T08:43:19.977Z","caller":"rpc/rpc_grpc.pb.go:135","msg":"Received DelNetwork for Sandbox 2fc41901238bceb592a127cde6413e7cfb178f6724f97e09fc3a888940b7c214"}
{"level":"debug","ts":"2026-10-05T08:43:19.977Z","caller":"rpc/rpc_grpc.pb.go:135","msg":"DelNetworkRequest: K8S_POD_NAME:\"pause-68d5b89fc-trsbt\"  K8S_POD_NAMESPACE:\"default\"  K8S_POD_INFRA_CONTAINER_ID:\"2fc41901238bceb592a127cde6413e7cfb178f6724f97e09fc3a888940b7c214\"  Reason:\"PodDeleted\"  ContainerID:\"2fc41901238bceb592a127cde6413e7cfb178f6724f97e09fc3a888940b7c214\"  IfName:\"eth0\"  NetworkName:\"aws-cni\"  K8S_POD_UID:\"c20f32d4-15fe-4764-9034-71a97ec5e097\""}
{"level":"debug","ts":"2026-10-05T08:43:19.977Z","caller":"ipamd/rpc_handler.go:353","msg":"UnassignPodIPAddress: IP address pool stats: total 0, assigned 0, sandbox aws-cni/2fc41901238bceb592a127cde6413e7cfb178f6724f97e09fc3a888940b7c214/eth0"}
{"level":"debug","ts":"2026-10-05T08:43:19.977Z","caller":"ipamd/rpc_handler.go:353","msg":"UnassignPodIPAddress: Failed to find IPAM entry under full key, trying CRI-migrated version"}
{"level":"warn","ts":"2026-10-05T08:43:19.977Z","caller":"ipamd/rpc_handler.go:353","msg":"UnassignPodIPAddress: Failed to find sandbox _migrated-from-cri/2fc41901238bceb592a127cde6413e7cfb178f6724f97e09fc3a888940b7c214/unknown"}
{"level":"info","ts":"2026-10-05T08:43:19.977Z","caller":"rpc/rpc_grpc.pb.go:135","msg":"Send DelNetworkReply: IPAddress: [], err: 1 error occurred:\n\t* datastore: unknown pod\n\n"}
{"level":"info","ts":"2026-10-05T08:43:19.991Z","caller":"rpc/rpc_grpc.pb.go:135","msg":"Received DelNetwork for Sandbox 51e33ac44423e5dd07f8e96e082e4f750db4a9487b130eb1c141ece7dfe41f4d"}
{"level":"debug","ts":"2026-10-05T08:43:19.991Z","caller":"rpc/rpc_grpc.pb.go:135","msg":"DelNetworkRequest: K8S_POD_NAME:\"pause-68d5b89fc-s4xj4\"  K8S_POD_NAMESPACE:\"default\"  K8S_POD_INFRA_CONTAINER_ID:\"51e33ac44423e5dd07f8e96e082e4f750db4a9487b130eb1c141ece7dfe41f4d\"  Reason:\"PodDeleted\"  ContainerID:\"51e33ac44423e5dd07f8e96e082e4f750db4a9487b130eb1c141ece7dfe41f4d\"  IfName:\"eth0\"  NetworkName:\"aws-cni\"  K8S_POD_UID:\"aaffac51-12cc-4f37-ba8c-ada8f6944478\""}
{"level":"debug","ts":"2026-10-05T08:43:19.991Z","caller":"ipamd/rpc_handler.go:353","msg":"UnassignPodIPAddress: IP address pool stats: total 0, assigned 0, sandbox aws-cni/51e33ac44423e5dd07f8e96e082e4f750db4a9487b130eb1c141ece7dfe41f4d/eth0"}
{"level":"debug","ts":"2026-10-05T08:43:19.991Z","caller":"ipamd/rpc_handler.go:353","msg":"UnassignPodIPAddress: Failed to find IPAM entry under full key, trying CRI-migrated version"}
{"level":"warn","ts":"2026-10-05T08:43:19.991Z","caller":"ipamd/rpc_handler.go:353","msg":"UnassignPodIPAddress: Failed to find sandbox _migrated-from-cri/51e33ac44423e5dd07f8e96e082e4f750db4a9487b130eb1c141ece7dfe41f4d/unknown"}
{"level":"info","ts":"2026-10-05T08:43:19.991Z","caller":"rpc/rpc_grpc.pb.go:135","msg":"Send DelNetworkReply: IPAddress: [], err: 1 error occurred:\n\t* datastore: unknown pod\n\n"}
{"level":"debug","ts":"2026-10-05T08:43:22.356Z","caller":"ipamd/ipamd.go:809","msg":"IP pool is too low for Network Card 0: available (0) < ENI target (1) * addrsPerENI (16)"}
{"level":"debug","ts":"2026-10-05T08:43:22.356Z","caller":"ipamd/ipamd.go:2689","msg":"Prefix pool stats for network card 0: Total IPs/Prefixes = 0/0, AssignedIPs/CooldownIPs: 0/0, c.maxIPsPerENI = 80"}
{"level":"debug","ts":"2026-10-05T08:43:22.356Z","caller":"ipamd/ipamd.go:795","msg":"IP stats for Network Card 0 - total IPs: 0, assigned IPs: 0, cooldown IPs: 0"}
{"level":"debug","ts":"2026-10-05T08:43:22.356Z","caller":"ipamd/ipamd.go:813","msg":"Starting to increase pool size for network card 0"}
{"level":"debug","ts":"2026-10-05T08:43:22.356Z","caller":"ipamd/ipamd.go:966","msg":"Node found \"ip-10-20-0-61.ec2.internal\" - no of taints - 0"}
{"level":"debug","ts":"2026-10-05T08:43:22.356Z","caller":"ipamd/ipamd.go:2758","msg":"Prefix target is 1, short of 1 prefixes, free 0 prefixes"}
{"level":"debug","ts":"2026-10-05T08:43:22.356Z","caller":"ipamd/ipamd.go:1248","msg":"ToAllocate: 1, Network Card 0"}
{"level":"debug","ts":"2026-10-05T08:43:22.357Z","caller":"ipamd/ipamd.go:1251","msg":"Found ENI eni-EXAMPLE22 that has less than the maximum number of IP/Prefixes addresses allocated: cur=0, max=5"}
{"level":"info","ts":"2026-10-05T08:43:22.357Z","caller":"ipamd/ipamd.go:1255","msg":"Trying to allocate 1 IP addresses on ENI eni-EXAMPLE22"}
{"level":"debug","ts":"2026-10-05T08:43:22.357Z","caller":"ipamd/ipamd.go:1255","msg":"PD enabled - true"}
{"level":"debug","ts":"2026-10-05T08:43:22.730Z","caller":"awsutils/awsutils.go:2174","msg":"checkAPIErrorAndBroadcastEvent resulted in operation error EC2: AssignPrivateIpAddresses, https response error StatusCode: 400, RequestID: d0535c3e-7903-4400-92f4-90d3718dd489, api error InsufficientCidrBlocks: The specified subnet does not have enough free cidr blocks to satisfy the request."}
{"level":"error","ts":"2026-10-05T08:43:22.730Z","caller":"ipamd/ipamd.go:1255","msg":"Failed to allocate a private IP/Prefix addresses on ENI eni-EXAMPLE22: operation error EC2: AssignPrivateIpAddresses, https response error StatusCode: 400, RequestID: d0535c3e-7903-4400-92f4-90d3718dd489, api error InsufficientCidrBlocks: The specified subnet does not have enough free cidr blocks to satisfy the request."}
{"level":"debug","ts":"2026-10-05T08:43:22.730Z","caller":"ipamd/ipamd.go:1256","msg":"containsPrivateIPAddressLimitExceededError encountered operation error EC2: AssignPrivateIpAddresses, https response error StatusCode: 400, RequestID: d0535c3e-7903-4400-92f4-90d3718dd489, api error InsufficientCidrBlocks: The specified subnet does not have enough free cidr blocks to satisfy the request."}
{"level":"warn","ts":"2026-10-05T08:43:22.730Z","caller":"ipamd/ipamd.go:1113","msg":"failed to allocate all available IPv4 Prefixes on ENI eni-EXAMPLE22, err: operation error EC2: AssignPrivateIpAddresses, https response error StatusCode: 400, RequestID: d0535c3e-7903-4400-92f4-90d3718dd489, api error InsufficientCidrBlocks: The specified subnet does not have enough free cidr blocks to satisfy the request."}
{"level":"info","ts":"2026-10-05T08:43:22.730Z","caller":"ipamd/ipamd.go:1259","msg":"Trying to allocate 1 IP addresses on ENI eni-EXAMPLE22"}
{"level":"debug","ts":"2026-10-05T08:43:22.730Z","caller":"ipamd/ipamd.go:1259","msg":"PD enabled - true"}
{"level":"debug","ts":"2026-10-05T08:43:23.129Z","caller":"awsutils/awsutils.go:2174","msg":"checkAPIErrorAndBroadcastEvent resulted in operation error EC2: AssignPrivateIpAddresses, https response error StatusCode: 400, RequestID: bb7933a3-f63b-4175-aef8-abb9128a3bd8, api error InsufficientCidrBlocks: The specified subnet does not have enough free cidr blocks to satisfy the request."}
{"level":"error","ts":"2026-10-05T08:43:23.129Z","caller":"ipamd/ipamd.go:1259","msg":"Failed to allocate a private IP/Prefix addresses on ENI eni-EXAMPLE22: operation error EC2: AssignPrivateIpAddresses, https response error StatusCode: 400, RequestID: bb7933a3-f63b-4175-aef8-abb9128a3bd8, api error InsufficientCidrBlocks: The specified subnet does not have enough free cidr blocks to satisfy the request."}
{"level":"debug","ts":"2026-10-05T08:43:23.129Z","caller":"ipamd/ipamd.go:1260","msg":"containsPrivateIPAddressLimitExceededError encountered operation error EC2: AssignPrivateIpAddresses, https response error StatusCode: 400, RequestID: bb7933a3-f63b-4175-aef8-abb9128a3bd8, api error InsufficientCidrBlocks: The specified subnet does not have enough free cidr blocks to satisfy the request."}
{"level":"debug","ts":"2026-10-05T08:43:23.129Z","caller":"ipamd/ipamd.go:1262","msg":"containsInsufficientCIDRsOrSubnetIPs encountered operation error EC2: AssignPrivateIpAddresses, https response error StatusCode: 400, RequestID: bb7933a3-f63b-4175-aef8-abb9128a3bd8, api error InsufficientCidrBlocks: The specified subnet does not have enough free cidr blocks to satisfy the request."}
{"level":"debug","ts":"2026-10-05T08:43:23.130Z","caller":"ipamd/ipamd.go:1262","msg":"Insufficient IP Addresses due to: InsufficientCidrBlocks\n"}
{"level":"debug","ts":"2026-10-05T08:43:23.130Z","caller":"ipamd/ipamd.go:1003","msg":"hasRoomForEni: networkCard=0, currentENIs=1, currentUsableENIs=1, maxENI=3, unmanagedENI=0, trunkEni=0, excludedENI=0, hasRoom=true"}
{"level":"debug","ts":"2026-10-05T08:43:23.130Z","caller":"ipamd/ipamd.go:2758","msg":"Prefix target is 1, short of 1 prefixes, free 0 prefixes"}
{"level":"debug","ts":"2026-10-05T08:43:23.130Z","caller":"ipamd/ipamd.go:2595","msg":"ToAllocate: 1, Network Card 0"}
{"level":"info","ts":"2026-10-05T08:43:23.130Z","caller":"awsutils/awsutils.go:1044","msg":"Trying to allocate 1 IP addresses on new ENI"}
{"level":"debug","ts":"2026-10-05T08:43:23.130Z","caller":"awsutils/awsutils.go:1044","msg":"PD enabled - true"}
{"level":"debug","ts":"2026-10-05T08:43:23.490Z","caller":"awsutils/awsutils.go:1272","msg":"Primary subnet subnet-EXAMPLE1 has no kubernetes.io/role/cni tag, including it for ENI creation (backwards compatibility)"}
{"level":"info","ts":"2026-10-05T08:43:23.490Z","caller":"awsutils/awsutils.go:1044","msg":"Creating ENI with security groups: [sg-EXAMPLE1] in subnet: subnet-EXAMPLE1"}
{"level":"debug","ts":"2026-10-05T08:43:23.770Z","caller":"awsutils/awsutils.go:1449","msg":"checkAPIErrorAndBroadcastEvent resulted in operation error EC2: CreateNetworkInterface, https response error StatusCode: 400, RequestID: eaaf2cac-9665-4c0d-b7da-d1304ecfdf1d, api error InvalidParameterValue: There aren't sufficient free Ipv4 addresses or prefixes"}
{"level":"error","ts":"2026-10-05T08:43:23.770Z","caller":"awsutils/awsutils.go:1285","msg":"Failed to CreateNetworkInterface operation error EC2: CreateNetworkInterface, https response error StatusCode: 400, RequestID: eaaf2cac-9665-4c0d-b7da-d1304ecfdf1d, api error InvalidParameterValue: There aren't sufficient free Ipv4 addresses or prefixes for subnet subnet-EXAMPLE1"}
{"level":"debug","ts":"2026-10-05T08:43:23.770Z","caller":"awsutils/awsutils.go:1272","msg":"Subnet subnet-EXAMPLE2 has no kubernetes.io/role/cni tag, excluding it from ENI creation"}
{"level":"error","ts":"2026-10-05T08:43:23.770Z","caller":"ipamd/ipamd.go:1004","msg":"Failed to increase pool size due to not able to allocate ENI AllocENI: failed to create ENI: failed to create network interface: operation error EC2: CreateNetworkInterface, https response error StatusCode: 400, RequestID: eaaf2cac-9665-4c0d-b7da-d1304ecfdf1d, api error InvalidParameterValue: There aren't sufficient free Ipv4 addresses or prefixes"}
{"level":"warn","ts":"2026-10-05T08:43:23.770Z","caller":"ipamd/ipamd.go:1004","msg":"Failed to allocate 1 IP addresses on an ENI: AllocENI: failed to create ENI: failed to create network interface: operation error EC2: CreateNetworkInterface, https response error StatusCode: 400, RequestID: eaaf2cac-9665-4c0d-b7da-d1304ecfdf1d, api error InvalidParameterValue: There aren't sufficient free Ipv4 addresses or prefixes"}
{"level":"debug","ts":"2026-10-05T08:43:23.770Z","caller":"ipamd/ipamd.go:1082","msg":"containsInsufficientCIDRsOrSubnetIPs encountered AllocENI: failed to create ENI: failed to create network interface: operation error EC2: CreateNetworkInterface, https response error StatusCode: 400, RequestID: eaaf2cac-9665-4c0d-b7da-d1304ecfdf1d, api error InvalidParameterValue: There aren't sufficient free Ipv4 addresses or prefixes"}
{"level":"debug","ts":"2026-10-05T08:43:23.770Z","caller":"ipamd/ipamd.go:1082","msg":"Insufficient IP Addresses due to: InvalidParameterValue\n"}
{"level":"debug","ts":"2026-10-05T08:43:23.770Z","caller":"ipamd/ipamd.go:813","msg":"Error trying to allocate ENI: AllocENI: failed to create ENI: failed to create network interface: operation error EC2: CreateNetworkInterface, https response error StatusCode: 400, RequestID: eaaf2cac-9665-4c0d-b7da-d1304ecfdf1d, api error InvalidParameterValue: There aren't sufficient free Ipv4 addresses or prefixes"}
{"level":"debug","ts":"2026-10-05T08:43:23.770Z","caller":"ipamd/ipamd.go:1548","msg":"ENI eni-EXAMPLE22 cannot be deleted because it is primary"}
{"level":"info","ts":"2026-10-05T08:43:26.930Z","caller":"rpc/rpc_grpc.pb.go:117","msg":"Received AddNetwork for NS /var/run/netns/cni-2bd1de89-f3aa-7c07-b8b2-68536e687b64, Sandbox a518c34678624550061180368d60678889ef6c8d7980ff160952b291afe6c8f2, ifname eth0"}
{"level":"debug","ts":"2026-10-05T08:43:26.930Z","caller":"rpc/rpc_grpc.pb.go:117","msg":"AddNetworkRequest: K8S_POD_NAME:\"pause-68d5b89fc-9585w\"  K8S_POD_NAMESPACE:\"default\"  K8S_POD_INFRA_CONTAINER_ID:\"a518c34678624550061180368d60678889ef6c8d7980ff160952b291afe6c8f2\"  ContainerID:\"a518c34678624550061180368d60678889ef6c8d7980ff160952b291afe6c8f2\"  IfName:\"eth0\"  NetworkName:\"aws-cni\"  Netns:\"/var/run/netns/cni-2bd1de89-f3aa-7c07-b8b2-68536e687b64\""}
{"level":"info","ts":"2026-10-05T08:43:26.930Z","caller":"rpc/rpc_grpc.pb.go:117","msg":"Required MultiNIC access false, interfaces required 1"}
{"level":"debug","ts":"2026-10-05T08:43:26.930Z","caller":"datastore/data_store.go:713","msg":"AssignPodIPv4Address: IP address pool stats: total 0, assigned 0"}
{"level":"debug","ts":"2026-10-05T08:43:26.930Z","caller":"datastore/data_store.go:713","msg":"AssignPodIPv4Address: ENI eni-EXAMPLE22 does not have available addresses"}
{"level":"error","ts":"2026-10-05T08:43:26.930Z","caller":"datastore/data_store.go:713","msg":"DataStore has no available IP/Prefix addresses"}
{"level":"warn","ts":"2026-10-05T08:43:26.930Z","caller":"rpc/rpc_grpc.pb.go:117","msg":"Failed to assign IPs from network card 0: AssignPodIPAddress: no available IP/Prefix addresses"}
{"level":"error","ts":"2026-10-05T08:43:26.930Z","caller":"rpc/rpc_grpc.pb.go:117","msg":"Returning failure response for AddNetwork: 1 error occurred:\n\t* AssignPodIPAddress: no available IP/Prefix addresses\n\n"}
{"level":"info","ts":"2026-10-05T08:43:26.930Z","caller":"rpc/rpc_grpc.pb.go:117","msg":"Send AddNetworkReply: Success: false IPAddr: [], resp: , err: AssignPodIPAddress: no available IP/Prefix addresses"}
{"level":"info","ts":"2026-10-05T08:43:26.956Z","caller":"rpc/rpc_grpc.pb.go:135","msg":"Received DelNetwork for Sandbox a518c34678624550061180368d60678889ef6c8d7980ff160952b291afe6c8f2"}
{"level":"debug","ts":"2026-10-05T08:43:26.956Z","caller":"rpc/rpc_grpc.pb.go:135","msg":"DelNetworkRequest: K8S_POD_NAME:\"pause-68d5b89fc-9585w\"  K8S_POD_NAMESPACE:\"default\"  K8S_POD_INFRA_CONTAINER_ID:\"a518c34678624550061180368d60678889ef6c8d7980ff160952b291afe6c8f2\"  Reason:\"PodDeleted\"  ContainerID:\"a518c34678624550061180368d60678889ef6c8d7980ff160952b291afe6c8f2\"  IfName:\"eth0\"  NetworkName:\"aws-cni\"  K8S_POD_UID:\"ab397e7f-fc6b-4c16-8bae-79a096357a31\""}
{"level":"debug","ts":"2026-10-05T08:43:26.956Z","caller":"ipamd/rpc_handler.go:353","msg":"UnassignPodIPAddress: IP address pool stats: total 0, assigned 0, sandbox aws-cni/a518c34678624550061180368d60678889ef6c8d7980ff160952b291afe6c8f2/eth0"}
{"level":"debug","ts":"2026-10-05T08:43:26.956Z","caller":"ipamd/rpc_handler.go:353","msg":"UnassignPodIPAddress: Failed to find IPAM entry under full key, trying CRI-migrated version"}
{"level":"warn","ts":"2026-10-05T08:43:26.956Z","caller":"ipamd/rpc_handler.go:353","msg":"UnassignPodIPAddress: Failed to find sandbox _migrated-from-cri/a518c34678624550061180368d60678889ef6c8d7980ff160952b291afe6c8f2/unknown"}
{"level":"info","ts":"2026-10-05T08:43:26.956Z","caller":"rpc/rpc_grpc.pb.go:135","msg":"Send DelNetworkReply: IPAddress: [], err: 1 error occurred:\n\t* datastore: unknown pod\n\n"}
{"level":"debug","ts":"2026-10-05T08:43:28.770Z","caller":"ipamd/ipamd.go:809","msg":"IP pool is too low for Network Card 0: available (0) < ENI target (1) * addrsPerENI (16)"}
{"level":"debug","ts":"2026-10-05T08:43:28.770Z","caller":"ipamd/ipamd.go:2689","msg":"Prefix pool stats for network card 0: Total IPs/Prefixes = 0/0, AssignedIPs/CooldownIPs: 0/0, c.maxIPsPerENI = 80"}
{"level":"debug","ts":"2026-10-05T08:43:28.770Z","caller":"ipamd/ipamd.go:795","msg":"IP stats for Network Card 0 - total IPs: 0, assigned IPs: 0, cooldown IPs: 0"}
{"level":"debug","ts":"2026-10-05T08:43:28.770Z","caller":"ipamd/ipamd.go:813","msg":"Starting to increase pool size for network card 0"}
{"level":"debug","ts":"2026-10-05T08:43:28.770Z","caller":"ipamd/ipamd.go:966","msg":"Node found \"ip-10-20-0-61.ec2.internal\" - no of taints - 0"}
{"level":"debug","ts":"2026-10-05T08:43:28.770Z","caller":"ipamd/ipamd.go:2758","msg":"Prefix target is 1, short of 1 prefixes, free 0 prefixes"}
{"level":"debug","ts":"2026-10-05T08:43:28.770Z","caller":"ipamd/ipamd.go:1248","msg":"ToAllocate: 1, Network Card 0"}
{"level":"debug","ts":"2026-10-05T08:43:28.770Z","caller":"ipamd/ipamd.go:1251","msg":"Found ENI eni-EXAMPLE22 that has less than the maximum number of IP/Prefixes addresses allocated: cur=0, max=5"}
{"level":"info","ts":"2026-10-05T08:43:28.770Z","caller":"ipamd/ipamd.go:1255","msg":"Trying to allocate 1 IP addresses on ENI eni-EXAMPLE22"}
{"level":"debug","ts":"2026-10-05T08:43:28.770Z","caller":"ipamd/ipamd.go:1255","msg":"PD enabled - true"}
{"level":"debug","ts":"2026-10-05T08:43:29.200Z","caller":"awsutils/awsutils.go:2174","msg":"checkAPIErrorAndBroadcastEvent resulted in operation error EC2: AssignPrivateIpAddresses, https response error StatusCode: 400, RequestID: 85893fd0-5ced-4c6b-ab77-293b0b69f0b8, api error InsufficientCidrBlocks: The specified subnet does not have enough free cidr blocks to satisfy the request."}
{"level":"error","ts":"2026-10-05T08:43:29.200Z","caller":"ipamd/ipamd.go:1255","msg":"Failed to allocate a private IP/Prefix addresses on ENI eni-EXAMPLE22: operation error EC2: AssignPrivateIpAddresses, https response error StatusCode: 400, RequestID: 85893fd0-5ced-4c6b-ab77-293b0b69f0b8, api error InsufficientCidrBlocks: The specified subnet does not have enough free cidr blocks to satisfy the request."}
{"level":"debug","ts":"2026-10-05T08:43:29.200Z","caller":"ipamd/ipamd.go:1256","msg":"containsPrivateIPAddressLimitExceededError encountered operation error EC2: AssignPrivateIpAddresses, https response error StatusCode: 400, RequestID: 85893fd0-5ced-4c6b-ab77-293b0b69f0b8, api error InsufficientCidrBlocks: The specified subnet does not have enough free cidr blocks to satisfy the request."}
{"level":"warn","ts":"2026-10-05T08:43:29.200Z","caller":"ipamd/ipamd.go:1113","msg":"failed to allocate all available IPv4 Prefixes on ENI eni-EXAMPLE22, err: operation error EC2: AssignPrivateIpAddresses, https response error StatusCode: 400, RequestID: 85893fd0-5ced-4c6b-ab77-293b0b69f0b8, api error InsufficientCidrBlocks: The specified subnet does not have enough free cidr blocks to satisfy the request."}
{"level":"info","ts":"2026-10-05T08:43:29.200Z","caller":"ipamd/ipamd.go:1259","msg":"Trying to allocate 1 IP addresses on ENI eni-EXAMPLE22"}
{"level":"debug","ts":"2026-10-05T08:43:29.200Z","caller":"ipamd/ipamd.go:1259","msg":"PD enabled - true"}
{"level":"debug","ts":"2026-10-05T08:43:29.644Z","caller":"awsutils/awsutils.go:2174","msg":"checkAPIErrorAndBroadcastEvent resulted in operation error EC2: AssignPrivateIpAddresses, https response error StatusCode: 400, RequestID: 916d8006-1308-42a3-b63e-df88c5ba3297, api error InsufficientCidrBlocks: The specified subnet does not have enough free cidr blocks to satisfy the request."}
{"level":"error","ts":"2026-10-05T08:43:29.645Z","caller":"ipamd/ipamd.go:1259","msg":"Failed to allocate a private IP/Prefix addresses on ENI eni-EXAMPLE22: operation error EC2: AssignPrivateIpAddresses, https response error StatusCode: 400, RequestID: 916d8006-1308-42a3-b63e-df88c5ba3297, api error InsufficientCidrBlocks: The specified subnet does not have enough free cidr blocks to satisfy the request."}
{"level":"debug","ts":"2026-10-05T08:43:29.645Z","caller":"ipamd/ipamd.go:1260","msg":"containsPrivateIPAddressLimitExceededError encountered operation error EC2: AssignPrivateIpAddresses, https response error StatusCode: 400, RequestID: 916d8006-1308-42a3-b63e-df88c5ba3297, api error InsufficientCidrBlocks: The specified subnet does not have enough free cidr blocks to satisfy the request."}
{"level":"debug","ts":"2026-10-05T08:43:29.645Z","caller":"ipamd/ipamd.go:1262","msg":"containsInsufficientCIDRsOrSubnetIPs encountered operation error EC2: AssignPrivateIpAddresses, https response error StatusCode: 400, RequestID: 916d8006-1308-42a3-b63e-df88c5ba3297, api error InsufficientCidrBlocks: The specified subnet does not have enough free cidr blocks to satisfy the request."}
{"level":"debug","ts":"2026-10-05T08:43:29.645Z","caller":"ipamd/ipamd.go:1262","msg":"Insufficient IP Addresses due to: InsufficientCidrBlocks\n"}
{"level":"debug","ts":"2026-10-05T08:43:29.645Z","caller":"ipamd/ipamd.go:1003","msg":"hasRoomForEni: networkCard=0, currentENIs=1, currentUsableENIs=1, maxENI=3, unmanagedENI=0, trunkEni=0, excludedENI=0, hasRoom=true"}
{"level":"debug","ts":"2026-10-05T08:43:29.645Z","caller":"ipamd/ipamd.go:2758","msg":"Prefix target is 1, short of 1 prefixes, free 0 prefixes"}
{"level":"debug","ts":"2026-10-05T08:43:29.645Z","caller":"ipamd/ipamd.go:2595","msg":"ToAllocate: 1, Network Card 0"}
{"level":"info","ts":"2026-10-05T08:43:29.645Z","caller":"awsutils/awsutils.go:1044","msg":"Trying to allocate 1 IP addresses on new ENI"}
{"level":"debug","ts":"2026-10-05T08:43:29.645Z","caller":"awsutils/awsutils.go:1044","msg":"PD enabled - true"}
{"level":"debug","ts":"2026-10-05T08:43:29.915Z","caller":"awsutils/awsutils.go:1272","msg":"Primary subnet subnet-EXAMPLE1 has no kubernetes.io/role/cni tag, including it for ENI creation (backwards compatibility)"}
{"level":"info","ts":"2026-10-05T08:43:29.915Z","caller":"awsutils/awsutils.go:1044","msg":"Creating ENI with security groups: [sg-EXAMPLE1] in subnet: subnet-EXAMPLE1"}
{"level":"debug","ts":"2026-10-05T08:43:30.181Z","caller":"awsutils/awsutils.go:1449","msg":"checkAPIErrorAndBroadcastEvent resulted in operation error EC2: CreateNetworkInterface, https response error StatusCode: 400, RequestID: 4dcb0a14-7df8-4785-80e5-6f1f0dd11e50, api error InvalidParameterValue: There aren't sufficient free Ipv4 addresses or prefixes"}
{"level":"error","ts":"2026-10-05T08:43:30.181Z","caller":"awsutils/awsutils.go:1285","msg":"Failed to CreateNetworkInterface operation error EC2: CreateNetworkInterface, https response error StatusCode: 400, RequestID: 4dcb0a14-7df8-4785-80e5-6f1f0dd11e50, api error InvalidParameterValue: There aren't sufficient free Ipv4 addresses or prefixes for subnet subnet-EXAMPLE1"}
{"level":"debug","ts":"2026-10-05T08:43:30.181Z","caller":"awsutils/awsutils.go:1272","msg":"Subnet subnet-EXAMPLE2 has no kubernetes.io/role/cni tag, excluding it from ENI creation"}
{"level":"error","ts":"2026-10-05T08:43:30.181Z","caller":"ipamd/ipamd.go:1004","msg":"Failed to increase pool size due to not able to allocate ENI AllocENI: failed to create ENI: failed to create network interface: operation error EC2: CreateNetworkInterface, https response error StatusCode: 400, RequestID: 4dcb0a14-7df8-4785-80e5-6f1f0dd11e50, api error InvalidParameterValue: There aren't sufficient free Ipv4 addresses or prefixes"}
{"level":"warn","ts":"2026-10-05T08:43:30.181Z","caller":"ipamd/ipamd.go:1004","msg":"Failed to allocate 1 IP addresses on an ENI: AllocENI: failed to create ENI: failed to create network interface: operation error EC2: CreateNetworkInterface, https response error StatusCode: 400, RequestID: 4dcb0a14-7df8-4785-80e5-6f1f0dd11e50, api error InvalidParameterValue: There aren't sufficient free Ipv4 addresses or prefixes"}
{"level":"debug","ts":"2026-10-05T08:43:30.181Z","caller":"ipamd/ipamd.go:1082","msg":"containsInsufficientCIDRsOrSubnetIPs encountered AllocENI: failed to create ENI: failed to create network interface: operation error EC2: CreateNetworkInterface, https response error StatusCode: 400, RequestID: 4dcb0a14-7df8-4785-80e5-6f1f0dd11e50, api error InvalidParameterValue: There aren't sufficient free Ipv4 addresses or prefixes"}
{"level":"debug","ts":"2026-10-05T08:43:30.181Z","caller":"ipamd/ipamd.go:1082","msg":"Insufficient IP Addresses due to: InvalidParameterValue\n"}
{"level":"debug","ts":"2026-10-05T08:43:30.181Z","caller":"ipamd/ipamd.go:813","msg":"Error trying to allocate ENI: AllocENI: failed to create ENI: failed to create network interface: operation error EC2: CreateNetworkInterface, https response error StatusCode: 400, RequestID: 4dcb0a14-7df8-4785-80e5-6f1f0dd11e50, api error InvalidParameterValue: There aren't sufficient free Ipv4 addresses or prefixes"}
{"level":"debug","ts":"2026-10-05T08:43:30.181Z","caller":"ipamd/ipamd.go:1548","msg":"ENI eni-EXAMPLE22 cannot be deleted because it is primary"}
{"level":"info","ts":"2026-10-05T08:43:31.930Z","caller":"rpc/rpc_grpc.pb.go:117","msg":"Received AddNetwork for NS /var/run/netns/cni-fab97c6e-fbcf-20fa-8c83-a6272f73aa48, Sandbox a43435689762d4a52f394eb733ecc0ebf1aad8f8d6058028e17cdd3fe6a81963, ifname eth0"}
{"level":"debug","ts":"2026-10-05T08:43:31.930Z","caller":"rpc/rpc_grpc.pb.go:117","msg":"AddNetworkRequest: K8S_POD_NAME:\"pause-68d5b89fc-s4xj4\"  K8S_POD_NAMESPACE:\"default\"  K8S_POD_INFRA_CONTAINER_ID:\"a43435689762d4a52f394eb733ecc0ebf1aad8f8d6058028e17cdd3fe6a81963\"  ContainerID:\"a43435689762d4a52f394eb733ecc0ebf1aad8f8d6058028e17cdd3fe6a81963\"  IfName:\"eth0\"  NetworkName:\"aws-cni\"  Netns:\"/var/run/netns/cni-fab97c6e-fbcf-20fa-8c83-a6272f73aa48\""}
{"level":"info","ts":"2026-10-05T08:43:31.930Z","caller":"rpc/rpc_grpc.pb.go:117","msg":"Required MultiNIC access false, interfaces required 1"}
{"level":"debug","ts":"2026-10-05T08:43:31.930Z","caller":"datastore/data_store.go:713","msg":"AssignPodIPv4Address: IP address pool stats: total 0, assigned 0"}
{"level":"debug","ts":"2026-10-05T08:43:31.930Z","caller":"datastore/data_store.go:713","msg":"AssignPodIPv4Address: ENI eni-EXAMPLE22 does not have available addresses"}
{"level":"error","ts":"2026-10-05T08:43:31.930Z","caller":"datastore/data_store.go:713","msg":"DataStore has no available IP/Prefix addresses"}
{"level":"warn","ts":"2026-10-05T08:43:31.930Z","caller":"rpc/rpc_grpc.pb.go:117","msg":"Failed to assign IPs from network card 0: AssignPodIPAddress: no available IP/Prefix addresses"}
{"level":"error","ts":"2026-10-05T08:43:31.930Z","caller":"rpc/rpc_grpc.pb.go:117","msg":"Returning failure response for AddNetwork: 1 error occurred:\n\t* AssignPodIPAddress: no available IP/Prefix addresses\n\n"}
{"level":"info","ts":"2026-10-05T08:43:31.930Z","caller":"rpc/rpc_grpc.pb.go:117","msg":"Send AddNetworkReply: Success: false IPAddr: [], resp: , err: AssignPodIPAddress: no available IP/Prefix addresses"}
{"level":"info","ts":"2026-10-05T08:43:31.956Z","caller":"rpc/rpc_grpc.pb.go:135","msg":"Received DelNetwork for Sandbox a43435689762d4a52f394eb733ecc0ebf1aad8f8d6058028e17cdd3fe6a81963"}
{"level":"debug","ts":"2026-10-05T08:43:31.956Z","caller":"rpc/rpc_grpc.pb.go:135","msg":"DelNetworkRequest: K8S_POD_NAME:\"pause-68d5b89fc-s4xj4\"  K8S_POD_NAMESPACE:\"default\"  K8S_POD_INFRA_CONTAINER_ID:\"a43435689762d4a52f394eb733ecc0ebf1aad8f8d6058028e17cdd3fe6a81963\"  Reason:\"PodDeleted\"  ContainerID:\"a43435689762d4a52f394eb733ecc0ebf1aad8f8d6058028e17cdd3fe6a81963\"  IfName:\"eth0\"  NetworkName:\"aws-cni\"  K8S_POD_UID:\"aaffac51-12cc-4f37-ba8c-ada8f6944478\""}
{"level":"debug","ts":"2026-10-05T08:43:31.956Z","caller":"ipamd/rpc_handler.go:353","msg":"UnassignPodIPAddress: IP address pool stats: total 0, assigned 0, sandbox aws-cni/a43435689762d4a52f394eb733ecc0ebf1aad8f8d6058028e17cdd3fe6a81963/eth0"}
{"level":"debug","ts":"2026-10-05T08:43:31.956Z","caller":"ipamd/rpc_handler.go:353","msg":"UnassignPodIPAddress: Failed to find IPAM entry under full key, trying CRI-migrated version"}
{"level":"warn","ts":"2026-10-05T08:43:31.956Z","caller":"ipamd/rpc_handler.go:353","msg":"UnassignPodIPAddress: Failed to find sandbox _migrated-from-cri/a43435689762d4a52f394eb733ecc0ebf1aad8f8d6058028e17cdd3fe6a81963/unknown"}
{"level":"info","ts":"2026-10-05T08:43:31.956Z","caller":"rpc/rpc_grpc.pb.go:135","msg":"Send DelNetworkReply: IPAddress: [], err: 1 error occurred:\n\t* datastore: unknown pod\n\n"}
{"level":"info","ts":"2026-10-05T08:43:32.931Z","caller":"rpc/rpc_grpc.pb.go:117","msg":"Received AddNetwork for NS /var/run/netns/cni-6609a30f-ab28-7a11-4ef0-b66dd593dc27, Sandbox 7ca6fdddc829cf2e5977bfcc8fd046704f92cd59f78c6a256e7fc1adebf5d364, ifname eth0"}
{"level":"debug","ts":"2026-10-05T08:43:32.931Z","caller":"rpc/rpc_grpc.pb.go:117","msg":"AddNetworkRequest: K8S_POD_NAME:\"pause-68d5b89fc-trsbt\"  K8S_POD_NAMESPACE:\"default\"  K8S_POD_INFRA_CONTAINER_ID:\"7ca6fdddc829cf2e5977bfcc8fd046704f92cd59f78c6a256e7fc1adebf5d364\"  ContainerID:\"7ca6fdddc829cf2e5977bfcc8fd046704f92cd59f78c6a256e7fc1adebf5d364\"  IfName:\"eth0\"  NetworkName:\"aws-cni\"  Netns:\"/var/run/netns/cni-6609a30f-ab28-7a11-4ef0-b66dd593dc27\""}
{"level":"info","ts":"2026-10-05T08:43:32.931Z","caller":"rpc/rpc_grpc.pb.go:117","msg":"Required MultiNIC access false, interfaces required 1"}
{"level":"debug","ts":"2026-10-05T08:43:32.931Z","caller":"datastore/data_store.go:713","msg":"AssignPodIPv4Address: IP address pool stats: total 0, assigned 0"}
{"level":"debug","ts":"2026-10-05T08:43:32.931Z","caller":"datastore/data_store.go:713","msg":"AssignPodIPv4Address: ENI eni-EXAMPLE22 does not have available addresses"}
{"level":"error","ts":"2026-10-05T08:43:32.931Z","caller":"datastore/data_store.go:713","msg":"DataStore has no available IP/Prefix addresses"}
{"level":"warn","ts":"2026-10-05T08:43:32.931Z","caller":"rpc/rpc_grpc.pb.go:117","msg":"Failed to assign IPs from network card 0: AssignPodIPAddress: no available IP/Prefix addresses"}
{"level":"error","ts":"2026-10-05T08:43:32.931Z","caller":"rpc/rpc_grpc.pb.go:117","msg":"Returning failure response for AddNetwork: 1 error occurred:\n\t* AssignPodIPAddress: no available IP/Prefix addresses\n\n"}
{"level":"info","ts":"2026-10-05T08:43:32.931Z","caller":"rpc/rpc_grpc.pb.go:117","msg":"Send AddNetworkReply: Success: false IPAddr: [], resp: , err: AssignPodIPAddress: no available IP/Prefix addresses"}
{"level":"info","ts":"2026-10-05T08:43:32.955Z","caller":"rpc/rpc_grpc.pb.go:135","msg":"Received DelNetwork for Sandbox 7ca6fdddc829cf2e5977bfcc8fd046704f92cd59f78c6a256e7fc1adebf5d364"}
{"level":"debug","ts":"2026-10-05T08:43:32.956Z","caller":"rpc/rpc_grpc.pb.go:135","msg":"DelNetworkRequest: K8S_POD_NAME:\"pause-68d5b89fc-trsbt\"  K8S_POD_NAMESPACE:\"default\"  K8S_POD_INFRA_CONTAINER_ID:\"7ca6fdddc829cf2e5977bfcc8fd046704f92cd59f78c6a256e7fc1adebf5d364\"  Reason:\"PodDeleted\"  ContainerID:\"7ca6fdddc829cf2e5977bfcc8fd046704f92cd59f78c6a256e7fc1adebf5d364\"  IfName:\"eth0\"  NetworkName:\"aws-cni\"  K8S_POD_UID:\"c20f32d4-15fe-4764-9034-71a97ec5e097\""}
{"level":"debug","ts":"2026-10-05T08:43:32.956Z","caller":"ipamd/rpc_handler.go:353","msg":"UnassignPodIPAddress: IP address pool stats: total 0, assigned 0, sandbox aws-cni/7ca6fdddc829cf2e5977bfcc8fd046704f92cd59f78c6a256e7fc1adebf5d364/eth0"}
{"level":"debug","ts":"2026-10-05T08:43:32.956Z","caller":"ipamd/rpc_handler.go:353","msg":"UnassignPodIPAddress: Failed to find IPAM entry under full key, trying CRI-migrated version"}
{"level":"warn","ts":"2026-10-05T08:43:32.956Z","caller":"ipamd/rpc_handler.go:353","msg":"UnassignPodIPAddress: Failed to find sandbox _migrated-from-cri/7ca6fdddc829cf2e5977bfcc8fd046704f92cd59f78c6a256e7fc1adebf5d364/unknown"}
{"level":"info","ts":"2026-10-05T08:43:32.956Z","caller":"rpc/rpc_grpc.pb.go:135","msg":"Send DelNetworkReply: IPAddress: [], err: 1 error occurred:\n\t* datastore: unknown pod\n\n"}
