{"level":"info","ts":"2026-10-05T08:38:32.996Z","caller":"logger/logger.go:52","msg":"Constructed new logger instance"}
{"level":"info","ts":"2026-10-05T08:38:32.997Z","caller":"netlinkwrapper/netlink.go:27","msg":"Initialized new logger as an existing instance was not found"}
{"level":"info","ts":"2026-10-05T08:38:33.047Z","caller":"logger/logger.go:52","msg":"Constructed new logger instance"}
{"level":"info","ts":"2026-10-05T08:38:33.047Z","caller":"netlinkwrapper/netlink.go:27","msg":"Initialized new logger as an existing instance was not found"}
{"level":"info","ts":"2026-10-05T08:38:33.073Z","caller":"aws-k8s-agent/main.go:52","msg":"Starting L-IPAMD   ..."}
{"level":"info","ts":"2026-10-05T08:38:33.073Z","caller":"aws-k8s-agent/main.go:52","msg":"Waiting to connect API server for upto 30s..."}
{"level":"info","ts":"2026-10-05T08:38:33.074Z","caller":"aws-k8s-agent/main.go:127","msg":"Testing communication with server ..."}
{"level":"info","ts":"2026-10-05T08:38:33.081Z","caller":"wait/loop.go:53","msg":"Successful communication with the Cluster! Cluster Version is: v1.36.4-eks-cfb47f5"}
{"level":"info","ts":"2026-10-05T08:38:33.081Z","caller":"aws-k8s-agent/main.go:52","msg":"API server connectivity established."}
{"level":"info","ts":"2026-10-05T08:38:33.087Z","caller":"aws-k8s-agent/main.go:136","msg":"Cache-based Kubernetes client successfully created."}
{"level":"info","ts":"2026-10-05T08:38:33.088Z","caller":"aws-k8s-agent/main.go:136","msg":"k8sClient created successfully"}
{"level":"debug","ts":"2026-10-05T08:38:33.189Z","caller":"eventrecorder/eventrecorder.go:68","msg":"Pod found aws-node-h9lm2 - labels - 5"}
{"level":"debug","ts":"2026-10-05T08:38:33.198Z","caller":"awssession/session.go:44","msg":"HTTP_TIMEOUT env is not set or set to less than 10 seconds, defaulting to httpTimeout to 10s"}
{"level":"debug","ts":"2026-10-05T08:38:33.201Z","caller":"ipamd/ipamd.go:414","msg":"Discovered region: us-east-1"}
{"level":"info","ts":"2026-10-05T08:38:33.201Z","caller":"ipamd/ipamd.go:414","msg":"Custom networking enabled false"}
{"level":"info","ts":"2026-10-05T08:38:33.201Z","caller":"ipamd/ipamd.go:414","msg":"Subnet discovery enabled true"}
{"level":"debug","ts":"2026-10-05T08:38:33.202Z","caller":"awsutils/awsutils.go:471","msg":"Found availability zone: us-east-1b "}
{"level":"debug","ts":"2026-10-05T08:38:33.203Z","caller":"awsutils/awsutils.go:471","msg":"Discovered the instance primary IPv4 address: 10.20.0.45"}
{"level":"debug","ts":"2026-10-05T08:38:33.205Z","caller":"awsutils/awsutils.go:471","msg":"Found instance-id: i-EXAMPLE11 "}
{"level":"debug","ts":"2026-10-05T08:38:33.206Z","caller":"awsutils/awsutils.go:471","msg":"Found instance-type: t3.medium "}
{"level":"debug","ts":"2026-10-05T08:38:33.208Z","caller":"awsutils/awsutils.go:471","msg":"Found primary interface's MAC address: 0a:ff:c7:36:15:eb"}
{"level":"debug","ts":"2026-10-05T08:38:33.210Z","caller":"awsutils/awsutils.go:471","msg":"eni-EXAMPLE21 is the primary ENI of this instance"}
{"level":"debug","ts":"2026-10-05T08:38:33.214Z","caller":"awsutils/awsutils.go:471","msg":"Found subnet-id: subnet-EXAMPLE1 "}
{"level":"debug","ts":"2026-10-05T08:38:33.215Z","caller":"awsutils/awsutils.go:471","msg":"Found vpc-id: vpc-EXAMPLE1 "}
{"level":"debug","ts":"2026-10-05T08:38:33.215Z","caller":"ipamd/ipamd.go:423","msg":"Using WARM_ENI_TARGET 1"}
{"level":"debug","ts":"2026-10-05T08:38:33.215Z","caller":"ipamd/ipamd.go:424","msg":"Using WARM_IP_TARGET 0"}
{"level":"debug","ts":"2026-10-05T08:38:33.215Z","caller":"ipamd/ipamd.go:425","msg":"Using MINIMUM_IP_TARGET 0"}
{"level":"debug","ts":"2026-10-05T08:38:33.215Z","caller":"ipamd/ipamd.go:426","msg":"Using WARM_PREFIX_TARGET 1"}
{"level":"debug","ts":"2026-10-05T08:38:33.215Z","caller":"ipamd/ipamd.go:2809","msg":"Check if instance supports Prefix Delegation"}
{"level":"debug","ts":"2026-10-05T08:38:33.215Z","caller":"awsutils/awsutils.go:2120","msg":"Instance hypervisor family nitro"}
{"level":"debug","ts":"2026-10-05T08:38:33.215Z","caller":"ipamd/ipamd.go:2809","msg":"Instance supports Prefix Delegation"}
{"level":"info","ts":"2026-10-05T08:38:33.216Z","caller":"ipamd/ipamd.go:449","msg":"Prefix Delegation enabled true"}
{"level":"debug","ts":"2026-10-05T08:38:33.216Z","caller":"ipamd/ipamd.go:453","msg":"Start node init"}
{"level":"debug","ts":"2026-10-05T08:38:33.216Z","caller":"ipamd/ipamd.go:2779","msg":"max prefix 5 max ips 80"}
{"level":"debug","ts":"2026-10-05T08:38:33.216Z","caller":"ipamd/ipamd.go:464","msg":"Max ip per ENI 80 and max prefixes per ENI 5"}
{"level":"info","ts":"2026-10-05T08:38:33.216Z","caller":"awsutils/awsutils.go:2417","msg":"Will attempt to clean up AWS CNI leaked ENIs after waiting 4m27s."}
{"level":"info","ts":"2026-10-05T08:38:33.216Z","caller":"ipamd/ipamd.go:476","msg":"Setting up host network... "}
{"level":"debug","ts":"2026-10-05T08:38:33.216Z","caller":"netlinkwrapper/netlink.go:138","msg":"netlink operation succeeded on attempt 1 of 5"}
{"level":"debug","ts":"2026-10-05T08:38:33.217Z","caller":"networkutils/network.go:309","msg":"Found the Link that uses mac address 0a:ff:c7:36:15:eb and its index is 2 (attempt 1/5)"}
{"level":"debug","ts":"2026-10-05T08:38:33.217Z","caller":"networkutils/network.go:467","msg":"Trying to find primary interface that has mac : 0a:ff:c7:36:15:eb"}
{"level":"debug","ts":"2026-10-05T08:38:33.217Z","caller":"networkutils/network.go:467","msg":"Discovered interface: lo, mac: "}
{"level":"debug","ts":"2026-10-05T08:38:33.217Z","caller":"networkutils/network.go:467","msg":"Discovered interface: ens5, mac: 0a:ff:c7:36:15:eb"}
{"level":"info","ts":"2026-10-05T08:38:33.217Z","caller":"networkutils/network.go:467","msg":"Discovered primary interface: ens5"}
{"level":"debug","ts":"2026-10-05T08:38:33.219Z","caller":"networkutils/network.go:478","msg":"Adding 10.20.0.0/24 CIDR to NAT chain"}
{"level":"debug","ts":"2026-10-05T08:38:33.219Z","caller":"networkutils/network.go:478","msg":"Total CIDRs to program - 1"}
{"level":"debug","ts":"2026-10-05T08:38:33.219Z","caller":"networkutils/network.go:478","msg":"Setup Host Network: iptables -N AWS-SNAT-CHAIN-0 -t nat"}
{"level":"debug","ts":"2026-10-05T08:38:33.221Z","caller":"networkutils/network.go:478","msg":"Setup Host Network: iptables -A POSTROUTING -m comment --comment \"AWS SNAT CHAIN\" -j AWS-SNAT-CHAIN-0"}
{"level":"debug","ts":"2026-10-05T08:38:33.221Z","caller":"networkutils/network.go:478","msg":"Setup Host Network: iptables -A AWS-SNAT-CHAIN-0 -d 10.20.0.0/24 -m comment --comment AWS SNAT CHAIN -t nat -j RETURN"}
{"level":"debug","ts":"2026-10-05T08:38:33.221Z","caller":"networkutils/network.go:691","msg":"Setup Host Network: loading existing iptables nat rules with chain prefix AWS-SNAT-CHAIN"}
{"level":"debug","ts":"2026-10-05T08:38:33.226Z","caller":"networkutils/network.go:691","msg":"host network setup: found potentially stale rule for chain AWS-SNAT-CHAIN-0: [-N AWS-SNAT-CHAIN-0]"}
{"level":"debug","ts":"2026-10-05T08:38:33.226Z","caller":"networkutils/network.go:564","msg":"Setup Host Network: computing stale iptables rules for nat table with chain prefix AWS-SNAT-CHAIN"}
{"level":"debug","ts":"2026-10-05T08:38:33.226Z","caller":"networkutils/network.go:564","msg":"Setup Host Network: active chain found: AWS-SNAT-CHAIN-0"}
{"level":"debug","ts":"2026-10-05T08:38:33.226Z","caller":"networkutils/network.go:478","msg":"iptableRules: [nat/POSTROUTING rule first SNAT rules for non-VPC outbound traffic shouldExist true rule [-m comment --comment AWS SNAT CHAIN -j AWS-SNAT-CHAIN-0] nat/AWS-SNAT-CHAIN-0 rule AWS-SNAT-CHAIN-0 shouldExist true rule [-d 10.20.0.0/24 -m comment --comment AWS SNAT CHAIN -j RETURN] nat/AWS-SNAT-CHAIN-0 rule last SNAT rule for non-VPC outbound traffic shouldExist true rule [! -o vlan+ -m comment --comment AWS, SNAT -m addrtype ! --dst-type LOCAL -j SNAT --to-source 10.20.0.45 --random-fully] mangle/PREROUTING rule connmark for primary ENI shouldExist true rule [-m comment --comment AWS, primary ENI -i ens5 -m addrtype --dst-type LOCAL --limit-iface-in -j CONNMARK --set-mark 0x80/0x80] mangle/PREROUTING rule connmark restore for primary ENI shouldExist true rule [-m comment --comment AWS, primary ENI -i eni+ -j CONNMARK --restore-mark --mask 0x80] mangle/PREROUTING rule connmark restore for primary ENI from vlan shouldExist true rule [-m comment --comment AWS, primary ENI -i vlan+ -j CONNMARK --restore-mark --mask 0x80]]"}
{"level":"debug","ts":"2026-10-05T08:38:33.227Z","caller":"networkutils/network.go:482","msg":"execute iptable rule : first SNAT rules for non-VPC outbound traffic"}
{"level":"debug","ts":"2026-10-05T08:38:33.228Z","caller":"networkutils/network.go:482","msg":"rule nat/POSTROUTING rule first SNAT rules for non-VPC outbound traffic shouldExist true rule [-m comment --comment AWS SNAT CHAIN -j AWS-SNAT-CHAIN-0] exists false, err <nil>"}
{"level":"debug","ts":"2026-10-05T08:38:33.231Z","caller":"networkutils/network.go:482","msg":"execute iptable rule : AWS-SNAT-CHAIN-0"}
{"level":"debug","ts":"2026-10-05T08:38:33.233Z","caller":"networkutils/network.go:482","msg":"rule nat/AWS-SNAT-CHAIN-0 rule AWS-SNAT-CHAIN-0 shouldExist true rule [-d 10.20.0.0/24 -m comment --comment AWS SNAT CHAIN -j RETURN] exists false, err <nil>"}
{"level":"debug","ts":"2026-10-05T08:38:33.237Z","caller":"networkutils/network.go:482","msg":"execute iptable rule : last SNAT rule for non-VPC outbound traffic"}
{"level":"debug","ts":"2026-10-05T08:38:33.240Z","caller":"networkutils/network.go:482","msg":"rule nat/AWS-SNAT-CHAIN-0 rule last SNAT rule for non-VPC outbound traffic shouldExist true rule [! -o vlan+ -m comment --comment AWS, SNAT -m addrtype ! --dst-type LOCAL -j SNAT --to-source 10.20.0.45 --random-fully] exists false, err <nil>"}
{"level":"debug","ts":"2026-10-05T08:38:33.243Z","caller":"networkutils/network.go:482","msg":"execute iptable rule : connmark for primary ENI"}
{"level":"debug","ts":"2026-10-05T08:38:33.256Z","caller":"networkutils/network.go:482","msg":"rule mangle/PREROUTING rule connmark for primary ENI shouldExist true rule [-m comment --comment AWS, primary ENI -i ens5 -m addrtype --dst-type LOCAL --limit-iface-in -j CONNMARK --set-mark 0x80/0x80] exists false, err <nil>"}
{"level":"debug","ts":"2026-10-05T08:38:33.261Z","caller":"networkutils/network.go:482","msg":"execute iptable rule : connmark restore for primary ENI"}
{"level":"debug","ts":"2026-10-05T08:38:33.266Z","caller":"networkutils/network.go:482","msg":"rule mangle/PREROUTING rule connmark restore for primary ENI shouldExist true rule [-m comment --comment AWS, primary ENI -i eni+ -j CONNMARK --restore-mark --mask 0x80] exists false, err <nil>"}
{"level":"debug","ts":"2026-10-05T08:38:33.271Z","caller":"networkutils/network.go:482","msg":"execute iptable rule : connmark restore for primary ENI from vlan"}
{"level":"debug","ts":"2026-10-05T08:38:33.274Z","caller":"networkutils/network.go:482","msg":"rule mangle/PREROUTING rule connmark restore for primary ENI from vlan shouldExist true rule [-m comment --comment AWS, primary ENI -i vlan+ -j CONNMARK --restore-mark --mask 0x80] exists false, err <nil>"}
{"level":"info","ts":"2026-10-05T08:38:33.277Z","caller":"networkutils/nftables_connmark.go:135","msg":"chain does not exists nat-prerouting: conn.Execute failed: netlink receive: no such file or directory"}
{"level":"info","ts":"2026-10-05T08:38:33.277Z","caller":"networkutils/nftables_connmark.go:139","msg":"chain does not exists snat-mark: conn.Execute failed: netlink receive: no such file or directory"}
{"level":"debug","ts":"2026-10-05T08:38:33.277Z","caller":"networkutils/nftables_connmark.go:147","msg":"base chain nat-prerouting: rules missing or out of order (fib=false jump=false restore=false ordered=false stale=0); flushing and reinstalling all 3 rules"}
{"level":"debug","ts":"2026-10-05T08:38:33.475Z","caller":"awsutils/awsutils.go:1743","msg":"Total number of interfaces found: 1 "}
{"level":"debug","ts":"2026-10-05T08:38:33.475Z","caller":"awsutils/awsutils.go:787","msg":"Found ENI MAC address: 0a:ff:c7:36:15:eb"}
{"level":"debug","ts":"2026-10-05T08:38:33.479Z","caller":"awsutils/awsutils.go:787","msg":"Found ENI: eni-EXAMPLE21, MAC 0a:ff:c7:36:15:eb, device 0"}
{"level":"debug","ts":"2026-10-05T08:38:33.481Z","caller":"awsutils/awsutils.go:787","msg":"Found IPv4 addresses associated with interface. This is not efa-only interface"}
{"level":"info","ts":"2026-10-05T08:38:33.681Z","caller":"ipamd/ipamd.go:489","msg":"Got network card index 0 for ENI eni-EXAMPLE21"}
{"level":"info","ts":"2026-10-05T08:38:33.681Z","caller":"ipamd/ipamd.go:489","msg":"eni-EXAMPLE21 is of type: interface"}
{"level":"debug","ts":"2026-10-05T08:38:33.681Z","caller":"ipamd/ipamd.go:453","msg":"DescribeAllENIs success: ENIs: 1, tagged: 1"}
{"level":"info","ts":"2026-10-05T08:38:33.681Z","caller":"ipamd/ipamd.go:501","msg":"initialized datastore for network cards index 0"}
{"level":"debug","ts":"2026-10-05T08:38:33.681Z","caller":"ipamd/ipamd.go:453","msg":"Discovered ENI eni-EXAMPLE21, trying to set it up"}
{"level":"debug","ts":"2026-10-05T08:38:33.681Z","caller":"ipamd/ipamd.go:532","msg":"Tagging ENI eni-EXAMPLE21 with missing tags: map[cluster.k8s.amazonaws.com/name:eks-ipv4-lab eks:eni:owner:amazon-vpc-cni node.k8s.amazonaws.com/instance_id:i-EXAMPLE11]"}
{"level":"debug","ts":"2026-10-05T08:38:33.899Z","caller":"retry/retry.go:70","msg":"Successfully tagged ENI: eni-EXAMPLE21"}
{"level":"debug","ts":"2026-10-05T08:38:33.899Z","caller":"ipamd/ipamd.go:1313","msg":"DataStore add an ENI eni-EXAMPLE21"}
{"level":"debug","ts":"2026-10-05T08:38:34.125Z","caller":"ipamd/ipamd.go:2913","msg":"IsSubnetExcluded: subnet subnet-EXAMPLE1 has no kubernetes.io/role/cni tag, not excluded"}
{"level":"info","ts":"2026-10-05T08:38:34.125Z","caller":"ipamd/ipamd.go:541","msg":"Found ENIs having 1 secondary IPs and 0 Prefixes"}
{"level":"debug","ts":"2026-10-05T08:38:34.125Z","caller":"ipamd/ipamd.go:1394","msg":"Prefix pool stats for network card 0: Total IPs/Prefixes = 0/0, AssignedIPs/CooldownIPs: 0/0, c.maxIPsPerENI = 80"}
{"level":"debug","ts":"2026-10-05T08:38:34.125Z","caller":"ipamd/ipamd.go:1415","msg":"Prefix pool stats for network card 0: Total IPs/Prefixes = 0/0, AssignedIPs/CooldownIPs: 0/0, c.maxIPsPerENI = 80"}
{"level":"info","ts":"2026-10-05T08:38:34.125Z","caller":"ipamd/ipamd.go:453","msg":"ENI eni-EXAMPLE21 set up."}
{"level":"info","ts":"2026-10-05T08:38:34.125Z","caller":"datastore/data_store.go:1767","msg":"Begin ipam state recovery from backing store"}
{"level":"debug","ts":"2026-10-05T08:38:34.126Z","caller":"datastore/data_store.go:1767","msg":"backing store doesn't exists, assuming bootstrap on a new node"}
{"level":"debug","ts":"2026-10-05T08:38:34.126Z","caller":"ipamd/ipamd.go:569","msg":"checkAndHandleAllENIExclusion: completed ENI exclusion check"}
{"level":"debug","ts":"2026-10-05T08:38:34.126Z","caller":"ipamd/ipamd.go:575","msg":"tryUnassignIPsFromENIs"}
{"level":"debug","ts":"2026-10-05T08:38:34.126Z","caller":"ipamd/ipamd.go:2445","msg":"No freeable IPs"}
{"level":"debug","ts":"2026-10-05T08:38:34.126Z","caller":"netlinkwrapper/netlink.go:204","msg":"netlink operation succeeded on attempt 1 of 5"}
{"level":"debug","ts":"2026-10-05T08:38:34.126Z","caller":"ipamd/ipamd.go:730","msg":"Update Rule List with set []"}
{"level":"info","ts":"2026-10-05T08:38:34.127Z","caller":"awsutils/awsutils.go:749","msg":"Found primary SG sg-EXAMPLE1, added to ipamd cache"}
{"level":"debug","ts":"2026-10-05T08:38:34.127Z","caller":"awsutils/awsutils.go:767","msg":"Update ENI eni-EXAMPLE21 with security groups [sg-EXAMPLE1]"}
{"level":"info","ts":"2026-10-05T08:38:34.555Z","caller":"ipamd/ipamd.go:609","msg":"Get Node Info for: ip-10-20-0-45.ec2.internal"}
{"level":"debug","ts":"2026-10-05T08:38:34.656Z","caller":"ipamd/ipamd.go:681","msg":"IP pool is too low for Network Card 0: available (0) < ENI target (1) * addrsPerENI (16)"}
{"level":"debug","ts":"2026-10-05T08:38:34.656Z","caller":"ipamd/ipamd.go:2689","msg":"Prefix pool stats for network card 0: Total IPs/Prefixes = 0/0, AssignedIPs/CooldownIPs: 0/0, c.maxIPsPerENI = 80"}
{"level":"debug","ts":"2026-10-05T08:38:34.657Z","caller":"ipamd/ipamd.go:669","msg":"is datastore pool low for networkCard 0, decision true"}
{"level":"debug","ts":"2026-10-05T08:38:34.657Z","caller":"ipamd/ipamd.go:684","msg":"Starting to increase pool size for network card 0"}
{"level":"debug","ts":"2026-10-05T08:38:34.657Z","caller":"ipamd/ipamd.go:966","msg":"Node found \"ip-10-20-0-45.ec2.internal\" - no of taints - 1"}
{"level":"debug","ts":"2026-10-05T08:38:34.657Z","caller":"ipamd/ipamd.go:2758","msg":"Prefix target is 1, short of 1 prefixes, free 0 prefixes"}
{"level":"debug","ts":"2026-10-05T08:38:34.657Z","caller":"ipamd/ipamd.go:1248","msg":"ToAllocate: 1, Network Card 0"}
{"level":"debug","ts":"2026-10-05T08:38:34.657Z","caller":"ipamd/ipamd.go:1251","msg":"Found ENI eni-EXAMPLE21 that has less than the maximum number of IP/Prefixes addresses allocated: cur=0, max=5"}
{"level":"info","ts":"2026-10-05T08:38:34.657Z","caller":"ipamd/ipamd.go:1255","msg":"Trying to allocate 1 IP addresses on ENI eni-EXAMPLE21"}
{"level":"debug","ts":"2026-10-05T08:38:34.657Z","caller":"ipamd/ipamd.go:1255","msg":"PD enabled - true"}
{"level":"debug","ts":"2026-10-05T08:38:35.096Z","caller":"awsutils/awsutils.go:2174","msg":"checkAPIErrorAndBroadcastEvent resulted in operation error EC2: AssignPrivateIpAddresses, https response error StatusCode: 400, RequestID: e3d8054d-4a06-4ed9-9183-d66869db0857, api error InsufficientCidrBlocks: The specified subnet does not have enough free cidr blocks to satisfy the request."}
{"level":"error","ts":"2026-10-05T08:38:35.096Z","caller":"ipamd/ipamd.go:1255","msg":"Failed to allocate a private IP/Prefix addresses on ENI eni-EXAMPLE21: operation error EC2: AssignPrivateIpAddresses, https response error StatusCode: 400, RequestID: e3d8054d-4a06-4ed9-9183-d66869db0857, api error InsufficientCidrBlocks: The specified subnet does not have enough free cidr blocks to satisfy the request."}
{"level":"debug","ts":"2026-10-05T08:38:35.096Z","caller":"ipamd/ipamd.go:1256","msg":"containsPrivateIPAddressLimitExceededError encountered operation error EC2: AssignPrivateIpAddresses, https response error StatusCode: 400, RequestID: e3d8054d-4a06-4ed9-9183-d66869db0857, api error InsufficientCidrBlocks: The specified subnet does not have enough free cidr blocks to satisfy the request."}
{"level":"warn","ts":"2026-10-05T08:38:35.096Z","caller":"ipamd/ipamd.go:1113","msg":"failed to allocate all available IPv4 Prefixes on ENI eni-EXAMPLE21, err: operation error EC2: AssignPrivateIpAddresses, https response error StatusCode: 400, RequestID: e3d8054d-4a06-4ed9-9183-d66869db0857, api error InsufficientCidrBlocks: The specified subnet does not have enough free cidr blocks to satisfy the request."}
{"level":"info","ts":"2026-10-05T08:38:35.096Z","caller":"ipamd/ipamd.go:1259","msg":"Trying to allocate 1 IP addresses on ENI eni-EXAMPLE21"}
{"level":"debug","ts":"2026-10-05T08:38:35.096Z","caller":"ipamd/ipamd.go:1259","msg":"PD enabled - true"}
{"level":"debug","ts":"2026-10-05T08:38:35.530Z","caller":"awsutils/awsutils.go:2174","msg":"checkAPIErrorAndBroadcastEvent resulted in operation error EC2: AssignPrivateIpAddresses, https response error StatusCode: 400, RequestID: 13f6f4aa-4678-4861-b801-8d492fb6e726, api error InsufficientCidrBlocks: The specified subnet does not have enough free cidr blocks to satisfy the request."}
{"level":"error","ts":"2026-10-05T08:38:35.530Z","caller":"ipamd/ipamd.go:1259","msg":"Failed to allocate a private IP/Prefix addresses on ENI eni-EXAMPLE21: operation error EC2: AssignPrivateIpAddresses, https response error StatusCode: 400, RequestID: 13f6f4aa-4678-4861-b801-8d492fb6e726, api error InsufficientCidrBlocks: The specified subnet does not have enough free cidr blocks to satisfy the request."}
{"level":"debug","ts":"2026-10-05T08:38:35.530Z","caller":"ipamd/ipamd.go:1260","msg":"containsPrivateIPAddressLimitExceededError encountered operation error EC2: AssignPrivateIpAddresses, https response error StatusCode: 400, RequestID: 13f6f4aa-4678-4861-b801-8d492fb6e726, api error InsufficientCidrBlocks: The specified subnet does not have enough free cidr blocks to satisfy the request."}
{"level":"debug","ts":"2026-10-05T08:38:35.530Z","caller":"ipamd/ipamd.go:1262","msg":"containsInsufficientCIDRsOrSubnetIPs encountered operation error EC2: AssignPrivateIpAddresses, https response error StatusCode: 400, RequestID: 13f6f4aa-4678-4861-b801-8d492fb6e726, api error InsufficientCidrBlocks: The specified subnet does not have enough free cidr blocks to satisfy the request."}
{"level":"debug","ts":"2026-10-05T08:38:35.530Z","caller":"ipamd/ipamd.go:1262","msg":"Insufficient IP Addresses due to: InsufficientCidrBlocks\n"}
{"level":"debug","ts":"2026-10-05T08:38:35.530Z","caller":"ipamd/ipamd.go:1003","msg":"hasRoomForEni: networkCard=0, currentENIs=1, currentUsableENIs=1, maxENI=3, unmanagedENI=0, trunkEni=0, excludedENI=0, hasRoom=true"}
{"level":"debug","ts":"2026-10-05T08:38:35.530Z","caller":"ipamd/ipamd.go:2758","msg":"Prefix target is 1, short of 1 prefixes, free 0 prefixes"}
{"level":"debug","ts":"2026-10-05T08:38:35.530Z","caller":"ipamd/ipamd.go:2595","msg":"ToAllocate: 1, Network Card 0"}
{"level":"info","ts":"2026-10-05T08:38:35.530Z","caller":"awsutils/awsutils.go:1044","msg":"Trying to allocate 1 IP addresses on new ENI"}
{"level":"debug","ts":"2026-10-05T08:38:35.530Z","caller":"awsutils/awsutils.go:1044","msg":"PD enabled - true"}
{"level":"debug","ts":"2026-10-05T08:38:35.721Z","caller":"awsutils/awsutils.go:1272","msg":"Primary subnet subnet-EXAMPLE1 has no kubernetes.io/role/cni tag, including it for ENI creation (backwards compatibility)"}
{"level":"info","ts":"2026-10-05T08:38:35.721Z","caller":"awsutils/awsutils.go:1044","msg":"Creating ENI with security groups: [sg-EXAMPLE1] in subnet: subnet-EXAMPLE1"}
{"level":"debug","ts":"2026-10-05T08:38:35.940Z","caller":"awsutils/awsutils.go:1449","msg":"checkAPIErrorAndBroadcastEvent resulted in operation error EC2: CreateNetworkInterface, https response error StatusCode: 400, RequestID: da2431d6-8167-4629-a96d-06c930c3ec5d, api error InvalidParameterValue: There aren't sufficient free Ipv4 addresses or prefixes"}
{"level":"error","ts":"2026-10-05T08:38:35.940Z","caller":"awsutils/awsutils.go:1285","msg":"Failed to CreateNetworkInterface operation error EC2: CreateNetworkInterface, https response error StatusCode: 400, RequestID: da2431d6-8167-4629-a96d-06c930c3ec5d, api error InvalidParameterValue: There aren't sufficient free Ipv4 addresses or prefixes for subnet subnet-EXAMPLE1"}
{"level":"debug","ts":"2026-10-05T08:38:35.940Z","caller":"awsutils/awsutils.go:1272","msg":"Subnet subnet-EXAMPLE2 has no kubernetes.io/role/cni tag, excluding it from ENI creation"}
{"level":"error","ts":"2026-10-05T08:38:35.940Z","caller":"ipamd/ipamd.go:1004","msg":"Failed to increase pool size due to not able to allocate ENI AllocENI: failed to create ENI: failed to create network interface: operation error EC2: CreateNetworkInterface, https response error StatusCode: 400, RequestID: da2431d6-8167-4629-a96d-06c930c3ec5d, api error InvalidParameterValue: There aren't sufficient free Ipv4 addresses or prefixes"}
{"level":"warn","ts":"2026-10-05T08:38:35.940Z","caller":"ipamd/ipamd.go:1004","msg":"Failed to allocate 1 IP addresses on an ENI: AllocENI: failed to create ENI: failed to create network interface: operation error EC2: CreateNetworkInterface, https response error StatusCode: 400, RequestID: da2431d6-8167-4629-a96d-06c930c3ec5d, api error InvalidParameterValue: There aren't sufficient free Ipv4 addresses or prefixes"}
{"level":"debug","ts":"2026-10-05T08:38:35.940Z","caller":"ipamd/ipamd.go:1082","msg":"containsInsufficientCIDRsOrSubnetIPs encountered AllocENI: failed to create ENI: failed to create network interface: operation error EC2: CreateNetworkInterface, https response error StatusCode: 400, RequestID: da2431d6-8167-4629-a96d-06c930c3ec5d, api error InvalidParameterValue: There aren't sufficient free Ipv4 addresses or prefixes"}
{"level":"debug","ts":"2026-10-05T08:38:35.940Z","caller":"ipamd/ipamd.go:1082","msg":"Insufficient IP Addresses due to: InvalidParameterValue\n"}
{"level":"debug","ts":"2026-10-05T08:38:35.941Z","caller":"ipamd/ipamd.go:684","msg":"Error trying to allocate ENI: AllocENI: failed to create ENI: failed to create network interface: operation error EC2: CreateNetworkInterface, https response error StatusCode: 400, RequestID: da2431d6-8167-4629-a96d-06c930c3ec5d, api error InvalidParameterValue: There aren't sufficient free Ipv4 addresses or prefixes"}
{"level":"debug","ts":"2026-10-05T08:38:35.941Z","caller":"ipamd/ipamd.go:453","msg":"node init completed successfully"}
{"level":"info","ts":"2026-10-05T08:38:35.941Z","caller":"ipamd/rpc_handler.go:492","msg":"Serving RPC Handler version  on unix:/var/run/aws-node/ipamd.sock"}
{"level":"info","ts":"2026-10-05T08:38:35.941Z","caller":"runtime/asm_amd64.s:1771","msg":"Setting up shutdown hook."}
{"level":"info","ts":"2026-10-05T08:38:35.941Z","caller":"runtime/asm_amd64.s:1771","msg":"IP pool manager - max pods: 110, warm IP target: 0, warm prefix target: 1, warm ENI target: 1, minimum IP target: 0"}
{"level":"info","ts":"2026-10-05T08:38:35.941Z","caller":"runtime/asm_amd64.s:1771","msg":"Serving metrics on port 61678"}
{"level":"info","ts":"2026-10-05T08:38:35.941Z","caller":"ipamd/introspect.go:55","msg":"Serving introspection endpoints on 127.0.0.1:61679"}
{"level":"info","ts":"2026-10-05T08:38:36.532Z","caller":"rpc/rpc_grpc.pb.go:117","msg":"Received AddNetwork for NS /var/run/netns/cni-70deee86-3aa8-ece4-ca02-82c7e01a8337, Sandbox eb2b4544ef2be942eb92ee0181f1e09fbd0bc64a2e4f1ea73091ada7b25b8661, ifname eth0"}
{"level":"debug","ts":"2026-10-05T08:38:36.532Z","caller":"rpc/rpc_grpc.pb.go:117","msg":"AddNetworkRequest: K8S_POD_NAME:\"coredns-79f8dffc57-fwslz\"  K8S_POD_NAMESPACE:\"kube-system\"  K8S_POD_INFRA_CONTAINER_ID:\"eb2b4544ef2be942eb92ee0181f1e09fbd0bc64a2e4f1ea73091ada7b25b8661\"  ContainerID:\"eb2b4544ef2be942eb92ee0181f1e09fbd0bc64a2e4f1ea73091ada7b25b8661\"  IfName:\"eth0\"  NetworkName:\"aws-cni\"  Netns:\"/var/run/netns/cni-70deee86-3aa8-ece4-ca02-82c7e01a8337\""}
{"level":"info","ts":"2026-10-05T08:38:36.532Z","caller":"rpc/rpc_grpc.pb.go:117","msg":"Required MultiNIC access false, interfaces required 1"}
{"level":"debug","ts":"2026-10-05T08:38:36.532Z","caller":"datastore/data_store.go:713","msg":"AssignPodIPv4Address: IP address pool stats: total 0, assigned 0"}
{"level":"debug","ts":"2026-10-05T08:38:36.532Z","caller":"datastore/data_store.go:713","msg":"AssignPodIPv4Address: ENI eni-EXAMPLE21 does not have available addresses"}
{"level":"error","ts":"2026-10-05T08:38:36.532Z","caller":"datastore/data_store.go:713","msg":"DataStore has no available IP/Prefix addresses"}
{"level":"warn","ts":"2026-10-05T08:38:36.532Z","caller":"rpc/rpc_grpc.pb.go:117","msg":"Failed to assign IPs from network card 0: AssignPodIPAddress: no available IP/Prefix addresses"}
{"level":"error","ts":"2026-10-05T08:38:36.532Z","caller":"rpc/rpc_grpc.pb.go:117","msg":"Returning failure response for AddNetwork: 1 error occurred:\n\t* AssignPodIPAddress: no available IP/Prefix addresses\n\n"}
{"level":"info","ts":"2026-10-05T08:38:36.532Z","caller":"rpc/rpc_grpc.pb.go:117","msg":"Send AddNetworkReply: Success: false IPAddr: [], resp: , err: AssignPodIPAddress: no available IP/Prefix addresses"}
{"level":"info","ts":"2026-10-05T08:38:36.551Z","caller":"rpc/rpc_grpc.pb.go:117","msg":"Received AddNetwork for NS /var/run/netns/cni-6eb105f5-521c-a2d7-3279-9c51d2663cad, Sandbox b6f1090c2f873d23d8cfbdeb70888d2ec2ce53c9fc9f5c2dada670d3b59037c5, ifname eth0"}
{"level":"debug","ts":"2026-10-05T08:38:36.551Z","caller":"rpc/rpc_grpc.pb.go:117","msg":"AddNetworkRequest: K8S_POD_NAME:\"coredns-79f8dffc57-cv2lj\"  K8S_POD_NAMESPACE:\"kube-system\"  K8S_POD_INFRA_CONTAINER_ID:\"b6f1090c2f873d23d8cfbdeb70888d2ec2ce53c9fc9f5c2dada670d3b59037c5\"  ContainerID:\"b6f1090c2f873d23d8cfbdeb70888d2ec2ce53c9fc9f5c2dada670d3b59037c5\"  IfName:\"eth0\"  NetworkName:\"aws-cni\"  Netns:\"/var/run/netns/cni-6eb105f5-521c-a2d7-3279-9c51d2663cad\""}
{"level":"info","ts":"2026-10-05T08:38:36.551Z","caller":"rpc/rpc_grpc.pb.go:117","msg":"Required MultiNIC access false, interfaces required 1"}
{"level":"debug","ts":"2026-10-05T08:38:36.551Z","caller":"datastore/data_store.go:713","msg":"AssignPodIPv4Address: IP address pool stats: total 0, assigned 0"}
{"level":"debug","ts":"2026-10-05T08:38:36.551Z","caller":"datastore/data_store.go:713","msg":"AssignPodIPv4Address: ENI eni-EXAMPLE21 does not have available addresses"}
{"level":"error","ts":"2026-10-05T08:38:36.551Z","caller":"datastore/data_store.go:713","msg":"DataStore has no available IP/Prefix addresses"}
{"level":"warn","ts":"2026-10-05T08:38:36.552Z","caller":"rpc/rpc_grpc.pb.go:117","msg":"Failed to assign IPs from network card 0: AssignPodIPAddress: no available IP/Prefix addresses"}
{"level":"error","ts":"2026-10-05T08:38:36.552Z","caller":"rpc/rpc_grpc.pb.go:117","msg":"Returning failure response for AddNetwork: 1 error occurred:\n\t* AssignPodIPAddress: no available IP/Prefix addresses\n\n"}
{"level":"info","ts":"2026-10-05T08:38:36.552Z","caller":"rpc/rpc_grpc.pb.go:117","msg":"Send AddNetworkReply: Success: false IPAddr: [], resp: , err: AssignPodIPAddress: no available IP/Prefix addresses"}
{"level":"info","ts":"2026-10-05T08:38:36.568Z","caller":"rpc/rpc_grpc.pb.go:135","msg":"Received DelNetwork for Sandbox eb2b4544ef2be942eb92ee0181f1e09fbd0bc64a2e4f1ea73091ada7b25b8661"}
{"level":"debug","ts":"2026-10-05T08:38:36.568Z","caller":"rpc/rpc_grpc.pb.go:135","msg":"DelNetworkRequest: K8S_POD_NAME:\"coredns-79f8dffc57-fwslz\"  K8S_POD_NAMESPACE:\"kube-system\"  K8S_POD_INFRA_CONTAINER_ID:\"eb2b4544ef2be942eb92ee0181f1e09fbd0bc64a2e4f1ea73091ada7b25b8661\"  Reason:\"PodDeleted\"  ContainerID:\"eb2b4544ef2be942eb92ee0181f1e09fbd0bc64a2e4f1ea73091ada7b25b8661\"  IfName:\"eth0\"  NetworkName:\"aws-cni\"  K8S_POD_UID:\"ad241f1d-d89e-4886-8d30-e22384a0b925\""}
{"level":"debug","ts":"2026-10-05T08:38:36.568Z","caller":"ipamd/rpc_handler.go:353","msg":"UnassignPodIPAddress: IP address pool stats: total 0, assigned 0, sandbox aws-cni/eb2b4544ef2be942eb92ee0181f1e09fbd0bc64a2e4f1ea73091ada7b25b8661/eth0"}
{"level":"debug","ts":"2026-10-05T08:38:36.568Z","caller":"ipamd/rpc_handler.go:353","msg":"UnassignPodIPAddress: Failed to find IPAM entry under full key, trying CRI-migrated version"}
{"level":"warn","ts":"2026-10-05T08:38:36.568Z","caller":"ipamd/rpc_handler.go:353","msg":"UnassignPodIPAddress: Failed to find sandbox _migrated-from-cri/eb2b4544ef2be942eb92ee0181f1e09fbd0bc64a2e4f1ea73091ada7b25b8661/unknown"}
{"level":"info","ts":"2026-10-05T08:38:36.568Z","caller":"rpc/rpc_grpc.pb.go:135","msg":"Send DelNetworkReply: IPAddress: [], err: 1 error occurred:\n\t* datastore: unknown pod\n\n"}
{"level":"info","ts":"2026-10-05T08:38:36.587Z","caller":"rpc/rpc_grpc.pb.go:135","msg":"Received DelNetwork for Sandbox b6f1090c2f873d23d8cfbdeb70888d2ec2ce53c9fc9f5c2dada670d3b59037c5"}
{"level":"debug","ts":"2026-10-05T08:38:36.587Z","caller":"rpc/rpc_grpc.pb.go:135","msg":"DelNetworkRequest: K8S_POD_NAME:\"coredns-79f8dffc57-cv2lj\"  K8S_POD_NAMESPACE:\"kube-system\"  K8S_POD_INFRA_CONTAINER_ID:\"b6f1090c2f873d23d8cfbdeb70888d2ec2ce53c9fc9f5c2dada670d3b59037c5\"  Reason:\"PodDeleted\"  ContainerID:\"b6f1090c2f873d23d8cfbdeb70888d2ec2ce53c9fc9f5c2dada670d3b59037c5\"  IfName:\"eth0\"  NetworkName:\"aws-cni\"  K8S_POD_UID:\"080397ba-9aa0-4db1-b449-5fe2b0811692\""}
{"level":"debug","ts":"2026-10-05T08:38:36.587Z","caller":"ipamd/rpc_handler.go:353","msg":"UnassignPodIPAddress: IP address pool stats: total 0, assigned 0, sandbox aws-cni/b6f1090c2f873d23d8cfbdeb70888d2ec2ce53c9fc9f5c2dada670d3b59037c5/eth0"}
{"level":"debug","ts":"2026-10-05T08:38:36.587Z","caller":"ipamd/rpc_handler.go:353","msg":"UnassignPodIPAddress: Failed to find IPAM entry under full key, trying CRI-migrated version"}
{"level":"warn","ts":"2026-10-05T08:38:36.587Z","caller":"ipamd/rpc_handler.go:353","msg":"UnassignPodIPAddress: Failed to find sandbox _migrated-from-cri/b6f1090c2f873d23d8cfbdeb70888d2ec2ce53c9fc9f5c2dada670d3b59037c5/unknown"}
{"level":"info","ts":"2026-10-05T08:38:36.587Z","caller":"rpc/rpc_grpc.pb.go:135","msg":"Send DelNetworkReply: IPAddress: [], err: 1 error occurred:\n\t* datastore: unknown pod\n\n"}
{"level":"debug","ts":"2026-10-05T08:38:38.441Z","caller":"ipamd/ipamd.go:809","msg":"IP pool is too low for Network Card 0: available (0) < ENI target (1) * addrsPerENI (16)"}
{"level":"debug","ts":"2026-10-05T08:38:38.441Z","caller":"ipamd/ipamd.go:2689","msg":"Prefix pool stats for network card 0: Total IPs/Prefixes = 0/0, AssignedIPs/CooldownIPs: 0/0, c.maxIPsPerENI = 80"}
{"level":"debug","ts":"2026-10-05T08:38:38.441Z","caller":"ipamd/ipamd.go:795","msg":"IP stats for Network Card 0 - total IPs: 0, assigned IPs: 0, cooldown IPs: 0"}
{"level":"debug","ts":"2026-10-05T08:38:38.441Z","caller":"ipamd/ipamd.go:813","msg":"Starting to increase pool size for network card 0"}
{"level":"debug","ts":"2026-10-05T08:38:38.441Z","caller":"ipamd/ipamd.go:966","msg":"Node found \"ip-10-20-0-45.ec2.internal\" - no of taints - 0"}
{"level":"debug","ts":"2026-10-05T08:38:38.441Z","caller":"ipamd/ipamd.go:2758","msg":"Prefix target is 1, short of 1 prefixes, free 0 prefixes"}
{"level":"debug","ts":"2026-10-05T08:38:38.441Z","caller":"ipamd/ipamd.go:1248","msg":"ToAllocate: 1, Network Card 0"}
{"level":"debug","ts":"2026-10-05T08:38:38.441Z","caller":"ipamd/ipamd.go:1251","msg":"Found ENI eni-EXAMPLE21 that has less than the maximum number of IP/Prefixes addresses allocated: cur=0, max=5"}
{"level":"info","ts":"2026-10-05T08:38:38.441Z","caller":"ipamd/ipamd.go:1255","msg":"Trying to allocate 1 IP addresses on ENI eni-EXAMPLE21"}
{"level":"debug","ts":"2026-10-05T08:38:38.441Z","caller":"ipamd/ipamd.go:1255","msg":"PD enabled - true"}
{"level":"debug","ts":"2026-10-05T08:38:38.844Z","caller":"awsutils/awsutils.go:2174","msg":"checkAPIErrorAndBroadcastEvent resulted in operation error EC2: AssignPrivateIpAddresses, https response error StatusCode: 400, RequestID: 381fb58f-741b-4363-856c-8f729303626f, api error InsufficientCidrBlocks: The specified subnet does not have enough free cidr blocks to satisfy the request."}
{"level":"error","ts":"2026-10-05T08:38:38.844Z","caller":"ipamd/ipamd.go:1255","msg":"Failed to allocate a private IP/Prefix addresses on ENI eni-EXAMPLE21: operation error EC2: AssignPrivateIpAddresses, https response error StatusCode: 400, RequestID: 381fb58f-741b-4363-856c-8f729303626f, api error InsufficientCidrBlocks: The specified subnet does not have enough free cidr blocks to satisfy the request."}
{"level":"debug","ts":"2026-10-05T08:38:38.844Z","caller":"ipamd/ipamd.go:1256","msg":"containsPrivateIPAddressLimitExceededError encountered operation error EC2: AssignPrivateIpAddresses, https response error StatusCode: 400, RequestID: 381fb58f-741b-4363-856c-8f729303626f, api error InsufficientCidrBlocks: The specified subnet does not have enough free cidr blocks to satisfy the request."}
{"level":"warn","ts":"2026-10-05T08:38:38.844Z","caller":"ipamd/ipamd.go:1113","msg":"failed to allocate all available IPv4 Prefixes on ENI eni-EXAMPLE21, err: operation error EC2: AssignPrivateIpAddresses, https response error StatusCode: 400, RequestID: 381fb58f-741b-4363-856c-8f729303626f, api error InsufficientCidrBlocks: The specified subnet does not have enough free cidr blocks to satisfy the request."}
{"level":"info","ts":"2026-10-05T08:38:38.844Z","caller":"ipamd/ipamd.go:1259","msg":"Trying to allocate 1 IP addresses on ENI eni-EXAMPLE21"}
{"level":"debug","ts":"2026-10-05T08:38:38.844Z","caller":"ipamd/ipamd.go:1259","msg":"PD enabled - true"}
{"level":"debug","ts":"2026-10-05T08:38:39.274Z","caller":"awsutils/awsutils.go:2174","msg":"checkAPIErrorAndBroadcastEvent resulted in operation error EC2: AssignPrivateIpAddresses, https response error StatusCode: 400, RequestID: 988a8a3b-ef09-405a-bfb0-f2c5e8654160, api error InsufficientCidrBlocks: The specified subnet does not have enough free cidr blocks to satisfy the request."}
{"level":"error","ts":"2026-10-05T08:38:39.274Z","caller":"ipamd/ipamd.go:1259","msg":"Failed to allocate a private IP/Prefix addresses on ENI eni-EXAMPLE21: operation error EC2: AssignPrivateIpAddresses, https response error StatusCode: 400, RequestID: 988a8a3b-ef09-405a-bfb0-f2c5e8654160, api error InsufficientCidrBlocks: The specified subnet does not have enough free cidr blocks to satisfy the request."}
{"level":"debug","ts":"2026-10-05T08:38:39.274Z","caller":"ipamd/ipamd.go:1260","msg":"containsPrivateIPAddressLimitExceededError encountered operation error EC2: AssignPrivateIpAddresses, https response error StatusCode: 400, RequestID: 988a8a3b-ef09-405a-bfb0-f2c5e8654160, api error InsufficientCidrBlocks: The specified subnet does not have enough free cidr blocks to satisfy the request."}
{"level":"debug","ts":"2026-10-05T08:38:39.274Z","caller":"ipamd/ipamd.go:1262","msg":"containsInsufficientCIDRsOrSubnetIPs encountered operation error EC2: AssignPrivateIpAddresses, https response error StatusCode: 400, RequestID: 988a8a3b-ef09-405a-bfb0-f2c5e8654160, api error InsufficientCidrBlocks: The specified subnet does not have enough free cidr blocks to satisfy the request."}
{"level":"debug","ts":"2026-10-05T08:38:39.274Z","caller":"ipamd/ipamd.go:1262","msg":"Insufficient IP Addresses due to: InsufficientCidrBlocks\n"}
{"level":"debug","ts":"2026-10-05T08:38:39.274Z","caller":"ipamd/ipamd.go:1003","msg":"hasRoomForEni: networkCard=0, currentENIs=1, currentUsableENIs=1, maxENI=3, unmanagedENI=0, trunkEni=0, excludedENI=0, hasRoom=true"}
{"level":"debug","ts":"2026-10-05T08:38:39.274Z","caller":"ipamd/ipamd.go:2758","msg":"Prefix target is 1, short of 1 prefixes, free 0 prefixes"}
{"level":"debug","ts":"2026-10-05T08:38:39.274Z","caller":"ipamd/ipamd.go:2595","msg":"ToAllocate: 1, Network Card 0"}
{"level":"info","ts":"2026-10-05T08:38:39.274Z","caller":"awsutils/awsutils.go:1044","msg":"Trying to allocate 1 IP addresses on new ENI"}
{"level":"debug","ts":"2026-10-05T08:38:39.274Z","caller":"awsutils/awsutils.go:1044","msg":"PD enabled - true"}
{"level":"debug","ts":"2026-10-05T08:38:39.512Z","caller":"awsutils/awsutils.go:1272","msg":"Primary subnet subnet-EXAMPLE1 has no kubernetes.io/role/cni tag, including it for ENI creation (backwards compatibility)"}
{"level":"info","ts":"2026-10-05T08:38:39.512Z","caller":"awsutils/awsutils.go:1044","msg":"Creating ENI with security groups: [sg-EXAMPLE1] in subnet: subnet-EXAMPLE1"}
{"level":"debug","ts":"2026-10-05T08:38:39.796Z","caller":"awsutils/awsutils.go:1449","msg":"checkAPIErrorAndBroadcastEvent resulted in operation error EC2: CreateNetworkInterface, https response error StatusCode: 400, RequestID: 02d8f1c8-d34c-4103-b8ec-84f18367ca1a, api error InvalidParameterValue: There aren't sufficient free Ipv4 addresses or prefixes"}
{"level":"error","ts":"2026-10-05T08:38:39.796Z","caller":"awsutils/awsutils.go:1285","msg":"Failed to CreateNetworkInterface operation error EC2: CreateNetworkInterface, https response error StatusCode: 400, RequestID: 02d8f1c8-d34c-4103-b8ec-84f18367ca1a, api error InvalidParameterValue: There aren't sufficient free Ipv4 addresses or prefixes for subnet subnet-EXAMPLE1"}
{"level":"debug","ts":"2026-10-05T08:38:39.796Z","caller":"awsutils/awsutils.go:1272","msg":"Subnet subnet-EXAMPLE2 has no kubernetes.io/role/cni tag, excluding it from ENI creation"}
{"level":"error","ts":"2026-10-05T08:38:39.797Z","caller":"ipamd/ipamd.go:1004","msg":"Failed to increase pool size due to not able to allocate ENI AllocENI: failed to create ENI: failed to create network interface: operation error EC2: CreateNetworkInterface, https response error StatusCode: 400, RequestID: 02d8f1c8-d34c-4103-b8ec-84f18367ca1a, api error InvalidParameterValue: There aren't sufficient free Ipv4 addresses or prefixes"}
{"level":"warn","ts":"2026-10-05T08:38:39.797Z","caller":"ipamd/ipamd.go:1004","msg":"Failed to allocate 1 IP addresses on an ENI: AllocENI: failed to create ENI: failed to create network interface: operation error EC2: CreateNetworkInterface, https response error StatusCode: 400, RequestID: 02d8f1c8-d34c-4103-b8ec-84f18367ca1a, api error InvalidParameterValue: There aren't sufficient free Ipv4 addresses or prefixes"}
{"level":"debug","ts":"2026-10-05T08:38:39.797Z","caller":"ipamd/ipamd.go:1082","msg":"containsInsufficientCIDRsOrSubnetIPs encountered AllocENI: failed to create ENI: failed to create network interface: operation error EC2: CreateNetworkInterface, https response error StatusCode: 400, RequestID: 02d8f1c8-d34c-4103-b8ec-84f18367ca1a, api error InvalidParameterValue: There aren't sufficient free Ipv4 addresses or prefixes"}
{"level":"debug","ts":"2026-10-05T08:38:39.797Z","caller":"ipamd/ipamd.go:1082","msg":"Insufficient IP Addresses due to: InvalidParameterValue\n"}
{"level":"debug","ts":"2026-10-05T08:38:39.797Z","caller":"ipamd/ipamd.go:813","msg":"Error trying to allocate ENI: AllocENI: failed to create ENI: failed to create network interface: operation error EC2: CreateNetworkInterface, https response error StatusCode: 400, RequestID: 02d8f1c8-d34c-4103-b8ec-84f18367ca1a, api error InvalidParameterValue: There aren't sufficient free Ipv4 addresses or prefixes"}
{"level":"debug","ts":"2026-10-05T08:38:39.797Z","caller":"ipamd/ipamd.go:1548","msg":"ENI eni-EXAMPLE21 cannot be deleted because it is primary"}
{"level":"debug","ts":"2026-10-05T08:38:42.298Z","caller":"ipamd/ipamd.go:798","msg":"Reconciling ENI/IP pool info because time since last 2562047h47m16.854775807s > 1m0s"}
{"level":"debug","ts":"2026-10-05T08:38:42.299Z","caller":"ipamd/ipamd.go:1621","msg":"Total number of interfaces found: 1 "}
{"level":"debug","ts":"2026-10-05T08:38:42.299Z","caller":"awsutils/awsutils.go:787","msg":"Found ENI MAC address: 0a:ff:c7:36:15:eb"}
{"level":"debug","ts":"2026-10-05T08:38:42.302Z","caller":"awsutils/awsutils.go:787","msg":"Found ENI: eni-EXAMPLE21, MAC 0a:ff:c7:36:15:eb, device 0"}
{"level":"debug","ts":"2026-10-05T08:38:42.304Z","caller":"awsutils/awsutils.go:787","msg":"Found IPv4 addresses associated with interface. This is not efa-only interface"}
{"level":"debug","ts":"2026-10-05T08:38:42.308Z","caller":"ipamd/ipamd.go:798","msg":"Reconcile existing ENI eni-EXAMPLE21 IP pool"}
{"level":"info","ts":"2026-10-05T08:38:42.308Z","caller":"ipamd/ipamd.go:1766","msg":"Reconcile and skip primary IP 10.20.0.45 on ENI eni-EXAMPLE21"}
{"level":"debug","ts":"2026-10-05T08:38:42.308Z","caller":"ipamd/ipamd.go:798","msg":"Reconcile existing ENI eni-EXAMPLE21 IP prefixes"}
{"level":"debug","ts":"2026-10-05T08:38:42.308Z","caller":"ipamd/ipamd.go:1693","msg":"Found prefix pool count 0 for eni eni-EXAMPLE21\n"}
{"level":"debug","ts":"2026-10-05T08:38:42.308Z","caller":"ipamd/ipamd.go:798","msg":"Successfully Reconciled ENI/IP pool"}
{"level":"debug","ts":"2026-10-05T08:38:42.308Z","caller":"ipamd/ipamd.go:1738","msg":"Prefix pool stats for network card 0: Total IPs/Prefixes = 0/0, AssignedIPs/CooldownIPs: 0/0, c.maxIPsPerENI = 80"}
{"level":"debug","ts":"2026-10-05T08:38:42.308Z","caller":"ipamd/ipamd.go:798","msg":"Primary IP for ENI eni-EXAMPLE21 is 10.20.0.45"}
{"level":"debug","ts":"2026-10-05T08:38:44.809Z","caller":"ipamd/ipamd.go:809","msg":"IP pool is too low for Network Card 0: available (0) < ENI target (1) * addrsPerENI (16)"}
{"level":"debug","ts":"2026-10-05T08:38:44.809Z","caller":"ipamd/ipamd.go:2689","msg":"Prefix pool stats for network card 0: Total IPs/Prefixes = 0/0, AssignedIPs/CooldownIPs: 0/0, c.maxIPsPerENI = 80"}
{"level":"debug","ts":"2026-10-05T08:38:44.809Z","caller":"ipamd/ipamd.go:795","msg":"IP stats for Network Card 0 - total IPs: 0, assigned IPs: 0, cooldown IPs: 0"}
{"level":"debug","ts":"2026-10-05T08:38:44.809Z","caller":"ipamd/ipamd.go:813","msg":"Starting to increase pool size for network card 0"}
{"level":"debug","ts":"2026-10-05T08:38:44.809Z","caller":"ipamd/ipamd.go:966","msg":"Node found \"ip-10-20-0-45.ec2.internal\" - no of taints - 0"}
{"level":"debug","ts":"2026-10-05T08:38:44.809Z","caller":"ipamd/ipamd.go:2758","msg":"Prefix target is 1, short of 1 prefixes, free 0 prefixes"}
{"level":"debug","ts":"2026-10-05T08:38:44.809Z","caller":"ipamd/ipamd.go:1248","msg":"ToAllocate: 1, Network Card 0"}
{"level":"debug","ts":"2026-10-05T08:38:44.809Z","caller":"ipamd/ipamd.go:1251","msg":"Found ENI eni-EXAMPLE21 that has less than the maximum number of IP/Prefixes addresses allocated: cur=0, max=5"}
{"level":"info","ts":"2026-10-05T08:38:44.809Z","caller":"ipamd/ipamd.go:1255","msg":"Trying to allocate 1 IP addresses on ENI eni-EXAMPLE21"}
{"level":"debug","ts":"2026-10-05T08:38:44.809Z","caller":"ipamd/ipamd.go:1255","msg":"PD enabled - true"}
{"level":"debug","ts":"2026-10-05T08:38:45.261Z","caller":"awsutils/awsutils.go:2174","msg":"checkAPIErrorAndBroadcastEvent resulted in operation error EC2: AssignPrivateIpAddresses, https response error StatusCode: 400, RequestID: b27bdf2f-a8d2-4536-8219-243c48609bd2, api error InsufficientCidrBlocks: The specified subnet does not have enough free cidr blocks to satisfy the request."}
{"level":"error","ts":"2026-10-05T08:38:45.261Z","caller":"ipamd/ipamd.go:1255","msg":"Failed to allocate a private IP/Prefix addresses on ENI eni-EXAMPLE21: operation error EC2: AssignPrivateIpAddresses, https response error StatusCode: 400, RequestID: b27bdf2f-a8d2-4536-8219-243c48609bd2, api error InsufficientCidrBlocks: The specified subnet does not have enough free cidr blocks to satisfy the request."}
{"level":"debug","ts":"2026-10-05T08:38:45.261Z","caller":"ipamd/ipamd.go:1256","msg":"containsPrivateIPAddressLimitExceededError encountered operation error EC2: AssignPrivateIpAddresses, https response error StatusCode: 400, RequestID: b27bdf2f-a8d2-4536-8219-243c48609bd2, api error InsufficientCidrBlocks: The specified subnet does not have enough free cidr blocks to satisfy the request."}
{"level":"warn","ts":"2026-10-05T08:38:45.261Z","caller":"ipamd/ipamd.go:1113","msg":"failed to allocate all available IPv4 Prefixes on ENI eni-EXAMPLE21, err: operation error EC2: AssignPrivateIpAddresses, https response error StatusCode: 400, RequestID: b27bdf2f-a8d2-4536-8219-243c48609bd2, api error InsufficientCidrBlocks: The specified subnet does not have enough free cidr blocks to satisfy the request."}
{"level":"info","ts":"2026-10-05T08:38:45.261Z","caller":"ipamd/ipamd.go:1259","msg":"Trying to allocate 1 IP addresses on ENI eni-EXAMPLE21"}
{"level":"debug","ts":"2026-10-05T08:38:45.261Z","caller":"ipamd/ipamd.go:1259","msg":"PD enabled - true"}
{"level":"debug","ts":"2026-10-05T08:38:45.711Z","caller":"awsutils/awsutils.go:2174","msg":"checkAPIErrorAndBroadcastEvent resulted in operation error EC2: AssignPrivateIpAddresses, https response error StatusCode: 400, RequestID: e5a7136d-c7e1-42ae-a8a9-ba1318424e4a, api error InsufficientCidrBlocks: The specified subnet does not have enough free cidr blocks to satisfy the request."}
{"level":"error","ts":"2026-10-05T08:38:45.711Z","caller":"ipamd/ipamd.go:1259","msg":"Failed to allocate a private IP/Prefix addresses on ENI eni-EXAMPLE21: operation error EC2: AssignPrivateIpAddresses, https response error StatusCode: 400, RequestID: e5a7136d-c7e1-42ae-a8a9-ba1318424e4a, api error InsufficientCidrBlocks: The specified subnet does not have enough free cidr blocks to satisfy the request."}
{"level":"debug","ts":"2026-10-05T08:38:45.711Z","caller":"ipamd/ipamd.go:1260","msg":"containsPrivateIPAddressLimitExceededError encountered operation error EC2: AssignPrivateIpAddresses, https response error StatusCode: 400, RequestID: e5a7136d-c7e1-42ae-a8a9-ba1318424e4a, api error InsufficientCidrBlocks: The specified subnet does not have enough free cidr blocks to satisfy the request."}
{"level":"debug","ts":"2026-10-05T08:38:45.711Z","caller":"ipamd/ipamd.go:1262","msg":"containsInsufficientCIDRsOrSubnetIPs encountered operation error EC2: AssignPrivateIpAddresses, https response error StatusCode: 400, RequestID: e5a7136d-c7e1-42ae-a8a9-ba1318424e4a, api error InsufficientCidrBlocks: The specified subnet does not have enough free cidr blocks to satisfy the request."}
{"level":"debug","ts":"2026-10-05T08:38:45.711Z","caller":"ipamd/ipamd.go:1262","msg":"Insufficient IP Addresses due to: InsufficientCidrBlocks\n"}
{"level":"debug","ts":"2026-10-05T08:38:45.711Z","caller":"ipamd/ipamd.go:1003","msg":"hasRoomForEni: networkCard=0, currentENIs=1, currentUsableENIs=1, maxENI=3, unmanagedENI=0, trunkEni=0, excludedENI=0, hasRoom=true"}
{"level":"debug","ts":"2026-10-05T08:38:45.711Z","caller":"ipamd/ipamd.go:2758","msg":"Prefix target is 1, short of 1 prefixes, free 0 prefixes"}
{"level":"debug","ts":"2026-10-05T08:38:45.711Z","caller":"ipamd/ipamd.go:2595","msg":"ToAllocate: 1, Network Card 0"}
{"level":"info","ts":"2026-10-05T08:38:45.711Z","caller":"awsutils/awsutils.go:1044","msg":"Trying to allocate 1 IP addresses on new ENI"}
{"level":"debug","ts":"2026-10-05T08:38:45.711Z","caller":"awsutils/awsutils.go:1044","msg":"PD enabled - true"}
{"level":"debug","ts":"2026-10-05T08:38:45.952Z","caller":"awsutils/awsutils.go:1272","msg":"Primary subnet subnet-EXAMPLE1 has no kubernetes.io/role/cni tag, including it for ENI creation (backwards compatibility)"}
{"level":"info","ts":"2026-10-05T08:38:45.952Z","caller":"awsutils/awsutils.go:1044","msg":"Creating ENI with security groups: [sg-EXAMPLE1] in subnet: subnet-EXAMPLE1"}
{"level":"debug","ts":"2026-10-05T08:38:46.208Z","caller":"awsutils/awsutils.go:1449","msg":"checkAPIErrorAndBroadcastEvent resulted in operation error EC2: CreateNetworkInterface, https response error StatusCode: 400, RequestID: 2aff180d-7b34-4ed1-bdf9-f5ed907c91e5, api error InvalidParameterValue: There aren't sufficient free Ipv4 addresses or prefixes"}
{"level":"error","ts":"2026-10-05T08:38:46.208Z","caller":"awsutils/awsutils.go:1285","msg":"Failed to CreateNetworkInterface operation error EC2: CreateNetworkInterface, https response error StatusCode: 400, RequestID: 2aff180d-7b34-4ed1-bdf9-f5ed907c91e5, api error InvalidParameterValue: There aren't sufficient free Ipv4 addresses or prefixes for subnet subnet-EXAMPLE1"}
{"level":"debug","ts":"2026-10-05T08:38:46.208Z","caller":"awsutils/awsutils.go:1272","msg":"Subnet subnet-EXAMPLE2 has no kubernetes.io/role/cni tag, excluding it from ENI creation"}
{"level":"error","ts":"2026-10-05T08:38:46.208Z","caller":"ipamd/ipamd.go:1004","msg":"Failed to increase pool size due to not able to allocate ENI AllocENI: failed to create ENI: failed to create network interface: operation error EC2: CreateNetworkInterface, https response error StatusCode: 400, RequestID: 2aff180d-7b34-4ed1-bdf9-f5ed907c91e5, api error InvalidParameterValue: There aren't sufficient free Ipv4 addresses or prefixes"}
{"level":"warn","ts":"2026-10-05T08:38:46.208Z","caller":"ipamd/ipamd.go:1004","msg":"Failed to allocate 1 IP addresses on an ENI: AllocENI: failed to create ENI: failed to create network interface: operation error EC2: CreateNetworkInterface, https response error StatusCode: 400, RequestID: 2aff180d-7b34-4ed1-bdf9-f5ed907c91e5, api error InvalidParameterValue: There aren't sufficient free Ipv4 addresses or prefixes"}
{"level":"debug","ts":"2026-10-05T08:38:46.208Z","caller":"ipamd/ipamd.go:1082","msg":"containsInsufficientCIDRsOrSubnetIPs encountered AllocENI: failed to create ENI: failed to create network interface: operation error EC2: CreateNetworkInterface, https response error StatusCode: 400, RequestID: 2aff180d-7b34-4ed1-bdf9-f5ed907c91e5, api error InvalidParameterValue: There aren't sufficient free Ipv4 addresses or prefixes"}
{"level":"debug","ts":"2026-10-05T08:38:46.208Z","caller":"ipamd/ipamd.go:1082","msg":"Insufficient IP Addresses due to: InvalidParameterValue\n"}
{"level":"debug","ts":"2026-10-05T08:38:46.208Z","caller":"ipamd/ipamd.go:813","msg":"Error trying to allocate ENI: AllocENI: failed to create ENI: failed to create network interface: operation error EC2: CreateNetworkInterface, https response error StatusCode: 400, RequestID: 2aff180d-7b34-4ed1-bdf9-f5ed907c91e5, api error InvalidParameterValue: There aren't sufficient free Ipv4 addresses or prefixes"}
{"level":"debug","ts":"2026-10-05T08:38:46.208Z","caller":"ipamd/ipamd.go:1548","msg":"ENI eni-EXAMPLE21 cannot be deleted because it is primary"}
{"level":"info","ts":"2026-10-05T08:38:46.699Z","caller":"rpc/rpc_grpc.pb.go:117","msg":"Received AddNetwork for NS /var/run/netns/cni-a3c3fa73-0d19-2884-5c19-4d82755df254, Sandbox 0777910caee3b1f762d68be5f7c1f2e9e52285ac8c0c9099be0adf2cdef3dfba, ifname eth0"}
{"level":"debug","ts":"2026-10-05T08:38:46.699Z","caller":"rpc/rpc_grpc.pb.go:117","msg":"AddNetworkRequest: K8S_POD_NAME:\"coredns-79f8dffc57-cv2lj\"  K8S_POD_NAMESPACE:\"kube-system\"  K8S_POD_INFRA_CONTAINER_ID:\"0777910caee3b1f762d68be5f7c1f2e9e52285ac8c0c9099be0adf2cdef3dfba\"  ContainerID:\"0777910caee3b1f762d68be5f7c1f2e9e52285ac8c0c9099be0adf2cdef3dfba\"  IfName:\"eth0\"  NetworkName:\"aws-cni\"  Netns:\"/var/run/netns/cni-a3c3fa73-0d19-2884-5c19-4d82755df254\""}
{"level":"info","ts":"2026-10-05T08:38:46.699Z","caller":"rpc/rpc_grpc.pb.go:117","msg":"Required MultiNIC access false, interfaces required 1"}
{"level":"debug","ts":"2026-10-05T08:38:46.699Z","caller":"datastore/data_store.go:713","msg":"AssignPodIPv4Address: IP address pool stats: total 0, assigned 0"}
{"level":"debug","ts":"2026-10-05T08:38:46.699Z","caller":"datastore/data_store.go:713","msg":"AssignPodIPv4Address: ENI eni-EXAMPLE21 does not have available addresses"}
{"level":"error","ts":"2026-10-05T08:38:46.699Z","caller":"datastore/data_store.go:713","msg":"DataStore has no available IP/Prefix addresses"}
{"level":"warn","ts":"2026-10-05T08:38:46.699Z","caller":"rpc/rpc_grpc.pb.go:117","msg":"Failed to assign IPs from network card 0: AssignPodIPAddress: no available IP/Prefix addresses"}
{"level":"error","ts":"2026-10-05T08:38:46.699Z","caller":"rpc/rpc_grpc.pb.go:117","msg":"Returning failure response for AddNetwork: 1 error occurred:\n\t* AssignPodIPAddress: no available IP/Prefix addresses\n\n"}
{"level":"info","ts":"2026-10-05T08:38:46.699Z","caller":"rpc/rpc_grpc.pb.go:117","msg":"Send AddNetworkReply: Success: false IPAddr: [], resp: , err: AssignPodIPAddress: no available IP/Prefix addresses"}
{"level":"info","ts":"2026-10-05T08:38:46.723Z","caller":"rpc/rpc_grpc.pb.go:135","msg":"Received DelNetwork for Sandbox 0777910caee3b1f762d68be5f7c1f2e9e52285ac8c0c9099be0adf2cdef3dfba"}
{"level":"debug","ts":"2026-10-05T08:38:46.723Z","caller":"rpc/rpc_grpc.pb.go:135","msg":"DelNetworkRequest: K8S_POD_NAME:\"coredns-79f8dffc57-cv2lj\"  K8S_POD_NAMESPACE:\"kube-system\"  K8S_POD_INFRA_CONTAINER_ID:\"0777910caee3b1f762d68be5f7c1f2e9e52285ac8c0c9099be0adf2cdef3dfba\"  Reason:\"PodDeleted\"  ContainerID:\"0777910caee3b1f762d68be5f7c1f2e9e52285ac8c0c9099be0adf2cdef3dfba\"  IfName:\"eth0\"  NetworkName:\"aws-cni\"  K8S_POD_UID:\"080397ba-9aa0-4db1-b449-5fe2b0811692\""}
{"level":"debug","ts":"2026-10-05T08:38:46.723Z","caller":"ipamd/rpc_handler.go:353","msg":"UnassignPodIPAddress: IP address pool stats: total 0, assigned 0, sandbox aws-cni/0777910caee3b1f762d68be5f7c1f2e9e52285ac8c0c9099be0adf2cdef3dfba/eth0"}
{"level":"debug","ts":"2026-10-05T08:38:46.723Z","caller":"ipamd/rpc_handler.go:353","msg":"UnassignPodIPAddress: Failed to find IPAM entry under full key, trying CRI-migrated version"}
{"level":"warn","ts":"2026-10-05T08:38:46.723Z","caller":"ipamd/rpc_handler.go:353","msg":"UnassignPodIPAddress: Failed to find sandbox _migrated-from-cri/0777910caee3b1f762d68be5f7c1f2e9e52285ac8c0c9099be0adf2cdef3dfba/unknown"}
{"level":"info","ts":"2026-10-05T08:38:46.723Z","caller":"rpc/rpc_grpc.pb.go:135","msg":"Send DelNetworkReply: IPAddress: [], err: 1 error occurred:\n\t* datastore: unknown pod\n\n"}
{"level":"info","ts":"2026-10-05T08:38:48.697Z","caller":"rpc/rpc_grpc.pb.go:117","msg":"Received AddNetwork for NS /var/run/netns/cni-950ffbf1-f632-30b7-22ea-d1e1976476ce, Sandbox 2d3a61520382bbad108d76f5376f58372721710376d9bd19e456faaa5e10dfb1, ifname eth0"}
{"level":"debug","ts":"2026-10-05T08:38:48.698Z","caller":"rpc/rpc_grpc.pb.go:117","msg":"AddNetworkRequest: K8S_POD_NAME:\"coredns-79f8dffc57-fwslz\"  K8S_POD_NAMESPACE:\"kube-system\"  K8S_POD_INFRA_CONTAINER_ID:\"2d3a61520382bbad108d76f5376f58372721710376d9bd19e456faaa5e10dfb1\"  ContainerID:\"2d3a61520382bbad108d76f5376f58372721710376d9bd19e456faaa5e10dfb1\"  IfName:\"eth0\"  NetworkName:\"aws-cni\"  Netns:\"/var/run/netns/cni-950ffbf1-f632-30b7-22ea-d1e1976476ce\""}
{"level":"info","ts":"2026-10-05T08:38:48.698Z","caller":"rpc/rpc_grpc.pb.go:117","msg":"Required MultiNIC access false, interfaces required 1"}
{"level":"debug","ts":"2026-10-05T08:38:48.698Z","caller":"datastore/data_store.go:713","msg":"AssignPodIPv4Address: IP address pool stats: total 0, assigned 0"}
{"level":"debug","ts":"2026-10-05T08:38:48.698Z","caller":"datastore/data_store.go:713","msg":"AssignPodIPv4Address: ENI eni-EXAMPLE21 does not have available addresses"}
{"level":"error","ts":"2026-10-05T08:38:48.698Z","caller":"datastore/data_store.go:713","msg":"DataStore has no available IP/Prefix addresses"}
{"level":"warn","ts":"2026-10-05T08:38:48.698Z","caller":"rpc/rpc_grpc.pb.go:117","msg":"Failed to assign IPs from network card 0: AssignPodIPAddress: no available IP/Prefix addresses"}
{"level":"error","ts":"2026-10-05T08:38:48.698Z","caller":"rpc/rpc_grpc.pb.go:117","msg":"Returning failure response for AddNetwork: 1 error occurred:\n\t* AssignPodIPAddress: no available IP/Prefix addresses\n\n"}
{"level":"info","ts":"2026-10-05T08:38:48.698Z","caller":"rpc/rpc_grpc.pb.go:117","msg":"Send AddNetworkReply: Success: false IPAddr: [], resp: , err: AssignPodIPAddress: no available IP/Prefix addresses"}
{"level":"info","ts":"2026-10-05T08:38:48.722Z","caller":"rpc/rpc_grpc.pb.go:135","msg":"Received DelNetwork for Sandbox 2d3a61520382bbad108d76f5376f58372721710376d9bd19e456faaa5e10dfb1"}
{"level":"debug","ts":"2026-10-05T08:38:48.722Z","caller":"rpc/rpc_grpc.pb.go:135","msg":"DelNetworkRequest: K8S_POD_NAME:\"coredns-79f8dffc57-fwslz\"  K8S_POD_NAMESPACE:\"kube-system\"  K8S_POD_INFRA_CONTAINER_ID:\"2d3a61520382bbad108d76f5376f58372721710376d9bd19e456faaa5e10dfb1\"  Reason:\"PodDeleted\"  ContainerID:\"2d3a61520382bbad108d76f5376f58372721710376d9bd19e456faaa5e10dfb1\"  IfName:\"eth0\"  NetworkName:\"aws-cni\"  K8S_POD_UID:\"ad241f1d-d89e-4886-8d30-e22384a0b925\""}
{"level":"debug","ts":"2026-10-05T08:38:48.722Z","caller":"ipamd/rpc_handler.go:353","msg":"UnassignPodIPAddress: IP address pool stats: total 0, assigned 0, sandbox aws-cni/2d3a61520382bbad108d76f5376f58372721710376d9bd19e456faaa5e10dfb1/eth0"}
{"level":"debug","ts":"2026-10-05T08:38:48.722Z","caller":"ipamd/rpc_handler.go:353","msg":"UnassignPodIPAddress: Failed to find IPAM entry under full key, trying CRI-migrated version"}
{"level":"warn","ts":"2026-10-05T08:38:48.722Z","caller":"ipamd/rpc_handler.go:353","msg":"UnassignPodIPAddress: Failed to find sandbox _migrated-from-cri/2d3a61520382bbad108d76f5376f58372721710376d9bd19e456faaa5e10dfb1/unknown"}
{"level":"info","ts":"2026-10-05T08:38:48.722Z","caller":"rpc/rpc_grpc.pb.go:135","msg":"Send DelNetworkReply: IPAddress: [], err: 1 error occurred:\n\t* datastore: unknown pod\n\n"}
{"level":"debug","ts":"2026-10-05T08:38:51.210Z","caller":"ipamd/ipamd.go:809","msg":"IP pool is too low for Network Card 0: available (0) < ENI target (1) * addrsPerENI (16)"}
{"level":"debug","ts":"2026-10-05T08:38:51.210Z","caller":"ipamd/ipamd.go:2689","msg":"Prefix pool stats for network card 0: Total IPs/Prefixes = 0/0, AssignedIPs/CooldownIPs: 0/0, c.maxIPsPerENI = 80"}
{"level":"debug","ts":"2026-10-05T08:38:51.210Z","caller":"ipamd/ipamd.go:795","msg":"IP stats for Network Card 0 - total IPs: 0, assigned IPs: 0, cooldown IPs: 0"}
{"level":"debug","ts":"2026-10-05T08:38:51.210Z","caller":"ipamd/ipamd.go:813","msg":"Starting to increase pool size for network card 0"}
{"level":"debug","ts":"2026-10-05T08:38:51.210Z","caller":"ipamd/ipamd.go:966","msg":"Node found \"ip-10-20-0-45.ec2.internal\" - no of taints - 0"}
{"level":"debug","ts":"2026-10-05T08:38:51.210Z","caller":"ipamd/ipamd.go:2758","msg":"Prefix target is 1, short of 1 prefixes, free 0 prefixes"}
{"level":"debug","ts":"2026-10-05T08:38:51.210Z","caller":"ipamd/ipamd.go:1248","msg":"ToAllocate: 1, Network Card 0"}
{"level":"debug","ts":"2026-10-05T08:38:51.210Z","caller":"ipamd/ipamd.go:1251","msg":"Found ENI eni-EXAMPLE21 that has less than the maximum number of IP/Prefixes addresses allocated: cur=0, max=5"}
{"level":"info","ts":"2026-10-05T08:38:51.210Z","caller":"ipamd/ipamd.go:1255","msg":"Trying to allocate 1 IP addresses on ENI eni-EXAMPLE21"}
{"level":"debug","ts":"2026-10-05T08:38:51.210Z","caller":"ipamd/ipamd.go:1255","msg":"PD enabled - true"}
{"level":"debug","ts":"2026-10-05T08:38:51.627Z","caller":"awsutils/awsutils.go:2174","msg":"checkAPIErrorAndBroadcastEvent resulted in operation error EC2: AssignPrivateIpAddresses, https response error StatusCode: 400, RequestID: 998cd1b7-0826-42ad-836e-9ab8f50e8dc8, api error InsufficientCidrBlocks: The specified subnet does not have enough free cidr blocks to satisfy the request."}
{"level":"error","ts":"2026-10-05T08:38:51.627Z","caller":"ipamd/ipamd.go:1255","msg":"Failed to allocate a private IP/Prefix addresses on ENI eni-EXAMPLE21: operation error EC2: AssignPrivateIpAddresses, https response error StatusCode: 400, RequestID: 998cd1b7-0826-42ad-836e-9ab8f50e8dc8, api error InsufficientCidrBlocks: The specified subnet does not have enough free cidr blocks to satisfy the request."}
{"level":"debug","ts":"2026-10-05T08:38:51.627Z","caller":"ipamd/ipamd.go:1256","msg":"containsPrivateIPAddressLimitExceededError encountered operation error EC2: AssignPrivateIpAddresses, https response error StatusCode: 400, RequestID: 998cd1b7-0826-42ad-836e-9ab8f50e8dc8, api error InsufficientCidrBlocks: The specified subnet does not have enough free cidr blocks to satisfy the request."}
{"level":"warn","ts":"2026-10-05T08:38:51.627Z","caller":"ipamd/ipamd.go:1113","msg":"failed to allocate all available IPv4 Prefixes on ENI eni-EXAMPLE21, err: operation error EC2: AssignPrivateIpAddresses, https response error StatusCode: 400, RequestID: 998cd1b7-0826-42ad-836e-9ab8f50e8dc8, api error InsufficientCidrBlocks: The specified subnet does not have enough free cidr blocks to satisfy the request."}
{"level":"info","ts":"2026-10-05T08:38:51.627Z","caller":"ipamd/ipamd.go:1259","msg":"Trying to allocate 1 IP addresses on ENI eni-EXAMPLE21"}
{"level":"debug","ts":"2026-10-05T08:38:51.627Z","caller":"ipamd/ipamd.go:1259","msg":"PD enabled - true"}
{"level":"debug","ts":"2026-10-05T08:38:51.992Z","caller":"awsutils/awsutils.go:2174","msg":"checkAPIErrorAndBroadcastEvent resulted in operation error EC2: AssignPrivateIpAddresses, https response error StatusCode: 400, RequestID: d8871a7b-7bba-46b0-bae1-d99f8b947aa4, api error InsufficientCidrBlocks: The specified subnet does not have enough free cidr blocks to satisfy the request."}
{"level":"error","ts":"2026-10-05T08:38:51.992Z","caller":"ipamd/ipamd.go:1259","msg":"Failed to allocate a private IP/Prefix addresses on ENI eni-EXAMPLE21: operation error EC2: AssignPrivateIpAddresses, https response error StatusCode: 400, RequestID: d8871a7b-7bba-46b0-bae1-d99f8b947aa4, api error InsufficientCidrBlocks: The specified subnet does not have enough free cidr blocks to satisfy the request."}
{"level":"debug","ts":"2026-10-05T08:38:51.992Z","caller":"ipamd/ipamd.go:1260","msg":"containsPrivateIPAddressLimitExceededError encountered operation error EC2: AssignPrivateIpAddresses, https response error StatusCode: 400, RequestID: d8871a7b-7bba-46b0-bae1-d99f8b947aa4, api error InsufficientCidrBlocks: The specified subnet does not have enough free cidr blocks to satisfy the request."}
{"level":"debug","ts":"2026-10-05T08:38:51.992Z","caller":"ipamd/ipamd.go:1262","msg":"containsInsufficientCIDRsOrSubnetIPs encountered operation error EC2: AssignPrivateIpAddresses, https response error StatusCode: 400, RequestID: d8871a7b-7bba-46b0-bae1-d99f8b947aa4, api error InsufficientCidrBlocks: The specified subnet does not have enough free cidr blocks to satisfy the request."}
{"level":"debug","ts":"2026-10-05T08:38:51.992Z","caller":"ipamd/ipamd.go:1262","msg":"Insufficient IP Addresses due to: InsufficientCidrBlocks\n"}
{"level":"debug","ts":"2026-10-05T08:38:51.992Z","caller":"ipamd/ipamd.go:1003","msg":"hasRoomForEni: networkCard=0, currentENIs=1, currentUsableENIs=1, maxENI=3, unmanagedENI=0, trunkEni=0, excludedENI=0, hasRoom=true"}
{"level":"debug","ts":"2026-10-05T08:38:51.992Z","caller":"ipamd/ipamd.go:2758","msg":"Prefix target is 1, short of 1 prefixes, free 0 prefixes"}
{"level":"debug","ts":"2026-10-05T08:38:51.992Z","caller":"ipamd/ipamd.go:2595","msg":"ToAllocate: 1, Network Card 0"}
{"level":"info","ts":"2026-10-05T08:38:51.992Z","caller":"awsutils/awsutils.go:1044","msg":"Trying to allocate 1 IP addresses on new ENI"}
{"level":"debug","ts":"2026-10-05T08:38:51.992Z","caller":"awsutils/awsutils.go:1044","msg":"PD enabled - true"}
{"level":"debug","ts":"2026-10-05T08:38:52.227Z","caller":"awsutils/awsutils.go:1272","msg":"Primary subnet subnet-EXAMPLE1 has no kubernetes.io/role/cni tag, including it for ENI creation (backwards compatibility)"}
{"level":"info","ts":"2026-10-05T08:38:52.227Z","caller":"awsutils/awsutils.go:1044","msg":"Creating ENI with security groups: [sg-EXAMPLE1] in subnet: subnet-EXAMPLE1"}
{"level":"debug","ts":"2026-10-05T08:38:52.456Z","caller":"awsutils/awsutils.go:1449","msg":"checkAPIErrorAndBroadcastEvent resulted in operation error EC2: CreateNetworkInterface, https response error StatusCode: 400, RequestID: c95e6e1b-5a59-4708-8422-197346d21cfd, api error InvalidParameterValue: There aren't sufficient free Ipv4 addresses or prefixes"}
{"level":"error","ts":"2026-10-05T08:38:52.456Z","caller":"awsutils/awsutils.go:1285","msg":"Failed to CreateNetworkInterface operation error EC2: CreateNetworkInterface, https response error StatusCode: 400, RequestID: c95e6e1b-5a59-4708-8422-197346d21cfd, api error InvalidParameterValue: There aren't sufficient free Ipv4 addresses or prefixes for subnet subnet-EXAMPLE1"}
{"level":"debug","ts":"2026-10-05T08:38:52.456Z","caller":"awsutils/awsutils.go:1272","msg":"Subnet subnet-EXAMPLE2 has no kubernetes.io/role/cni tag, excluding it from ENI creation"}
{"level":"error","ts":"2026-10-05T08:38:52.456Z","caller":"ipamd/ipamd.go:1004","msg":"Failed to increase pool size due to not able to allocate ENI AllocENI: failed to create ENI: failed to create network interface: operation error EC2: CreateNetworkInterface, https response error StatusCode: 400, RequestID: c95e6e1b-5a59-4708-8422-197346d21cfd, api error InvalidParameterValue: There aren't sufficient free Ipv4 addresses or prefixes"}
{"level":"warn","ts":"2026-10-05T08:38:52.456Z","caller":"ipamd/ipamd.go:1004","msg":"Failed to allocate 1 IP addresses on an ENI: AllocENI: failed to create ENI: failed to create network interface: operation error EC2: CreateNetworkInterface, https response error StatusCode: 400, RequestID: c95e6e1b-5a59-4708-8422-197346d21cfd, api error InvalidParameterValue: There aren't sufficient free Ipv4 addresses or prefixes"}
{"level":"debug","ts":"2026-10-05T08:38:52.456Z","caller":"ipamd/ipamd.go:1082","msg":"containsInsufficientCIDRsOrSubnetIPs encountered AllocENI: failed to create ENI: failed to create network interface: operation error EC2: CreateNetworkInterface, https response error StatusCode: 400, RequestID: c95e6e1b-5a59-4708-8422-197346d21cfd, api error InvalidParameterValue: There aren't sufficient free Ipv4 addresses or prefixes"}
{"level":"debug","ts":"2026-10-05T08:38:52.456Z","caller":"ipamd/ipamd.go:1082","msg":"Insufficient IP Addresses due to: InvalidParameterValue\n"}
{"level":"debug","ts":"2026-10-05T08:38:52.456Z","caller":"ipamd/ipamd.go:813","msg":"Error trying to allocate ENI: AllocENI: failed to create ENI: failed to create network interface: operation error EC2: CreateNetworkInterface, https response error StatusCode: 400, RequestID: c95e6e1b-5a59-4708-8422-197346d21cfd, api error InvalidParameterValue: There aren't sufficient free Ipv4 addresses or prefixes"}
{"level":"debug","ts":"2026-10-05T08:38:52.456Z","caller":"ipamd/ipamd.go:1548","msg":"ENI eni-EXAMPLE21 cannot be deleted because it is primary"}
{"level":"debug","ts":"2026-10-05T08:38:57.457Z","caller":"ipamd/ipamd.go:809","msg":"IP pool is too low for Network Card 0: available (0) < ENI target (1) * addrsPerENI (16)"}
{"level":"debug","ts":"2026-10-05T08:38:57.458Z","caller":"ipamd/ipamd.go:2689","msg":"Prefix pool stats for network card 0: Total IPs/Prefixes = 0/0, AssignedIPs/CooldownIPs: 0/0, c.maxIPsPerENI = 80"}
{"level":"debug","ts":"2026-10-05T08:38:57.458Z","caller":"ipamd/ipamd.go:795","msg":"IP stats for Network Card 0 - total IPs: 0, assigned IPs: 0, cooldown IPs: 0"}
{"level":"debug","ts":"2026-10-05T08:38:57.458Z","caller":"ipamd/ipamd.go:813","msg":"Starting to increase pool size for network card 0"}
{"level":"debug","ts":"2026-10-05T08:38:57.458Z","caller":"ipamd/ipamd.go:966","msg":"Node found \"ip-10-20-0-45.ec2.internal\" - no of taints - 0"}
{"level":"debug","ts":"2026-10-05T08:38:57.458Z","caller":"ipamd/ipamd.go:2758","msg":"Prefix target is 1, short of 1 prefixes, free 0 prefixes"}
{"level":"debug","ts":"2026-10-05T08:38:57.458Z","caller":"ipamd/ipamd.go:1248","msg":"ToAllocate: 1, Network Card 0"}
{"level":"debug","ts":"2026-10-05T08:38:57.458Z","caller":"ipamd/ipamd.go:1251","msg":"Found ENI eni-EXAMPLE21 that has less than the maximum number of IP/Prefixes addresses allocated: cur=0, max=5"}
{"level":"info","ts":"2026-10-05T08:38:57.458Z","caller":"ipamd/ipamd.go:1255","msg":"Trying to allocate 1 IP addresses on ENI eni-EXAMPLE21"}
{"level":"debug","ts":"2026-10-05T08:38:57.458Z","caller":"ipamd/ipamd.go:1255","msg":"PD enabled - true"}
{"level":"info","ts":"2026-10-05T08:38:57.697Z","caller":"rpc/rpc_grpc.pb.go:117","msg":"Received AddNetwork for NS /var/run/netns/cni-bff1b096-d83d-94b3-12f5-ab4a74f1d69a, Sandbox 1d792017a322fad7fec320283e3b4eb535f4e7c95c428a4166cd981373724514, ifname eth0"}
{"level":"debug","ts":"2026-10-05T08:38:57.698Z","caller":"rpc/rpc_grpc.pb.go:117","msg":"AddNetworkRequest: K8S_POD_NAME:\"coredns-79f8dffc57-cv2lj\"  K8S_POD_NAMESPACE:\"kube-system\"  K8S_POD_INFRA_CONTAINER_ID:\"1d792017a322fad7fec320283e3b4eb535f4e7c95c428a4166cd981373724514\"  ContainerID:\"1d792017a322fad7fec320283e3b4eb535f4e7c95c428a4166cd981373724514\"  IfName:\"eth0\"  NetworkName:\"aws-cni\"  Netns:\"/var/run/netns/cni-bff1b096-d83d-94b3-12f5-ab4a74f1d69a\""}
{"level":"info","ts":"2026-10-05T08:38:57.698Z","caller":"rpc/rpc_grpc.pb.go:117","msg":"Required MultiNIC access false, interfaces required 1"}
{"level":"debug","ts":"2026-10-05T08:38:57.698Z","caller":"datastore/data_store.go:713","msg":"AssignPodIPv4Address: IP address pool stats: total 0, assigned 0"}
{"level":"debug","ts":"2026-10-05T08:38:57.698Z","caller":"datastore/data_store.go:713","msg":"AssignPodIPv4Address: ENI eni-EXAMPLE21 does not have available addresses"}
{"level":"error","ts":"2026-10-05T08:38:57.698Z","caller":"datastore/data_store.go:713","msg":"DataStore has no available IP/Prefix addresses"}
{"level":"warn","ts":"2026-10-05T08:38:57.698Z","caller":"rpc/rpc_grpc.pb.go:117","msg":"Failed to assign IPs from network card 0: AssignPodIPAddress: no available IP/Prefix addresses"}
{"level":"error","ts":"2026-10-05T08:38:57.698Z","caller":"rpc/rpc_grpc.pb.go:117","msg":"Returning failure response for AddNetwork: 1 error occurred:\n\t* AssignPodIPAddress: no available IP/Prefix addresses\n\n"}
{"level":"info","ts":"2026-10-05T08:38:57.698Z","caller":"rpc/rpc_grpc.pb.go:117","msg":"Send AddNetworkReply: Success: false IPAddr: [], resp: , err: AssignPodIPAddress: no available IP/Prefix addresses"}
{"level":"info","ts":"2026-10-05T08:38:57.722Z","caller":"rpc/rpc_grpc.pb.go:135","msg":"Received DelNetwork for Sandbox 1d792017a322fad7fec320283e3b4eb535f4e7c95c428a4166cd981373724514"}
{"level":"debug","ts":"2026-10-05T08:38:57.722Z","caller":"rpc/rpc_grpc.pb.go:135","msg":"DelNetworkRequest: K8S_POD_NAME:\"coredns-79f8dffc57-cv2lj\"  K8S_POD_NAMESPACE:\"kube-system\"  K8S_POD_INFRA_CONTAINER_ID:\"1d792017a322fad7fec320283e3b4eb535f4e7c95c428a4166cd981373724514\"  Reason:\"PodDeleted\"  ContainerID:\"1d792017a322fad7fec320283e3b4eb535f4e7c95c428a4166cd981373724514\"  IfName:\"eth0\"  NetworkName:\"aws-cni\"  K8S_POD_UID:\"080397ba-9aa0-4db1-b449-5fe2b0811692\""}
{"level":"debug","ts":"2026-10-05T08:38:57.722Z","caller":"ipamd/rpc_handler.go:353","msg":"UnassignPodIPAddress: IP address pool stats: total 0, assigned 0, sandbox aws-cni/1d792017a322fad7fec320283e3b4eb535f4e7c95c428a4166cd981373724514/eth0"}
{"level":"debug","ts":"2026-10-05T08:38:57.722Z","caller":"ipamd/rpc_handler.go:353","msg":"UnassignPodIPAddress: Failed to find IPAM entry under full key, trying CRI-migrated version"}
{"level":"warn","ts":"2026-10-05T08:38:57.722Z","caller":"ipamd/rpc_handler.go:353","msg":"UnassignPodIPAddress: Failed to find sandbox _migrated-from-cri/1d792017a322fad7fec320283e3b4eb535f4e7c95c428a4166cd981373724514/unknown"}
{"level":"info","ts":"2026-10-05T08:38:57.722Z","caller":"rpc/rpc_grpc.pb.go:135","msg":"Send DelNetworkReply: IPAddress: [], err: 1 error occurred:\n\t* datastore: unknown pod\n\n"}
{"level":"debug","ts":"2026-10-05T08:38:57.854Z","caller":"awsutils/awsutils.go:2174","msg":"checkAPIErrorAndBroadcastEvent resulted in operation error EC2: AssignPrivateIpAddresses, https response error StatusCode: 400, RequestID: 976f077c-ac66-42b3-9ba7-dbe5591e5b73, api error InsufficientCidrBlocks: The specified subnet does not have enough free cidr blocks to satisfy the request."}
{"level":"error","ts":"2026-10-05T08:38:57.854Z","caller":"ipamd/ipamd.go:1255","msg":"Failed to allocate a private IP/Prefix addresses on ENI eni-EXAMPLE21: operation error EC2: AssignPrivateIpAddresses, https response error StatusCode: 400, RequestID: 976f077c-ac66-42b3-9ba7-dbe5591e5b73, api error InsufficientCidrBlocks: The specified subnet does not have enough free cidr blocks to satisfy the request."}
{"level":"debug","ts":"2026-10-05T08:38:57.854Z","caller":"ipamd/ipamd.go:1256","msg":"containsPrivateIPAddressLimitExceededError encountered operation error EC2: AssignPrivateIpAddresses, https response error StatusCode: 400, RequestID: 976f077c-ac66-42b3-9ba7-dbe5591e5b73, api error InsufficientCidrBlocks: The specified subnet does not have enough free cidr blocks to satisfy the request."}
{"level":"warn","ts":"2026-10-05T08:38:57.854Z","caller":"ipamd/ipamd.go:1113","msg":"failed to allocate all available IPv4 Prefixes on ENI eni-EXAMPLE21, err: operation error EC2: AssignPrivateIpAddresses, https response error StatusCode: 400, RequestID: 976f077c-ac66-42b3-9ba7-dbe5591e5b73, api error InsufficientCidrBlocks: The specified subnet does not have enough free cidr blocks to satisfy the request."}
{"level":"info","ts":"2026-10-05T08:38:57.854Z","caller":"ipamd/ipamd.go:1259","msg":"Trying to allocate 1 IP addresses on ENI eni-EXAMPLE21"}
{"level":"debug","ts":"2026-10-05T08:38:57.854Z","caller":"ipamd/ipamd.go:1259","msg":"PD enabled - true"}
{"level":"debug","ts":"2026-10-05T08:38:58.368Z","caller":"awsutils/awsutils.go:2174","msg":"checkAPIErrorAndBroadcastEvent resulted in operation error EC2: AssignPrivateIpAddresses, https response error StatusCode: 400, RequestID: bfb938b6-4aff-4ba4-acd7-4a93b5ad19c9, api error InsufficientCidrBlocks: The specified subnet does not have enough free cidr blocks to satisfy the request."}
{"level":"error","ts":"2026-10-05T08:38:58.368Z","caller":"ipamd/ipamd.go:1259","msg":"Failed to allocate a private IP/Prefix addresses on ENI eni-EXAMPLE21: operation error EC2: AssignPrivateIpAddresses, https response error StatusCode: 400, RequestID: bfb938b6-4aff-4ba4-acd7-4a93b5ad19c9, api error InsufficientCidrBlocks: The specified subnet does not have enough free cidr blocks to satisfy the request."}
{"level":"debug","ts":"2026-10-05T08:38:58.368Z","caller":"ipamd/ipamd.go:1260","msg":"containsPrivateIPAddressLimitExceededError encountered operation error EC2: AssignPrivateIpAddresses, https response error StatusCode: 400, RequestID: bfb938b6-4aff-4ba4-acd7-4a93b5ad19c9, api error InsufficientCidrBlocks: The specified subnet does not have enough free cidr blocks to satisfy the request."}
{"level":"debug","ts":"2026-10-05T08:38:58.368Z","caller":"ipamd/ipamd.go:1262","msg":"containsInsufficientCIDRsOrSubnetIPs encountered operation error EC2: AssignPrivateIpAddresses, https response error StatusCode: 400, RequestID: bfb938b6-4aff-4ba4-acd7-4a93b5ad19c9, api error InsufficientCidrBlocks: The specified subnet does not have enough free cidr blocks to satisfy the request."}
{"level":"debug","ts":"2026-10-05T08:38:58.368Z","caller":"ipamd/ipamd.go:1262","msg":"Insufficient IP Addresses due to: InsufficientCidrBlocks\n"}
{"level":"debug","ts":"2026-10-05T08:38:58.368Z","caller":"ipamd/ipamd.go:1003","msg":"hasRoomForEni: networkCard=0, currentENIs=1, currentUsableENIs=1, maxENI=3, unmanagedENI=0, trunkEni=0, excludedENI=0, hasRoom=true"}
{"level":"debug","ts":"2026-10-05T08:38:58.368Z","caller":"ipamd/ipamd.go:2758","msg":"Prefix target is 1, short of 1 prefixes, free 0 prefixes"}
{"level":"debug","ts":"2026-10-05T08:38:58.368Z","caller":"ipamd/ipamd.go:2595","msg":"ToAllocate: 1, Network Card 0"}
{"level":"info","ts":"2026-10-05T08:38:58.368Z","caller":"awsutils/awsutils.go:1044","msg":"Trying to allocate 1 IP addresses on new ENI"}
{"level":"debug","ts":"2026-10-05T08:38:58.368Z","caller":"awsutils/awsutils.go:1044","msg":"PD enabled - true"}
{"level":"debug","ts":"2026-10-05T08:38:58.736Z","caller":"awsutils/awsutils.go:1272","msg":"Primary subnet subnet-EXAMPLE1 has no kubernetes.io/role/cni tag, including it for ENI creation (backwards compatibility)"}
{"level":"info","ts":"2026-10-05T08:38:58.736Z","caller":"awsutils/awsutils.go:1044","msg":"Creating ENI with security groups: [sg-EXAMPLE1] in subnet: subnet-EXAMPLE1"}
{"level":"debug","ts":"2026-10-05T08:38:58.989Z","caller":"awsutils/awsutils.go:1449","msg":"checkAPIErrorAndBroadcastEvent resulted in operation error EC2: CreateNetworkInterface, https response error StatusCode: 400, RequestID: 3fb4f054-0022-4477-ad99-fb7c003d3032, api error InvalidParameterValue: There aren't sufficient free Ipv4 addresses or prefixes"}
{"level":"error","ts":"2026-10-05T08:38:58.989Z","caller":"awsutils/awsutils.go:1285","msg":"Failed to CreateNetworkInterface operation error EC2: CreateNetworkInterface, https response error StatusCode: 400, RequestID: 3fb4f054-0022-4477-ad99-fb7c003d3032, api error InvalidParameterValue: There aren't sufficient free Ipv4 addresses or prefixes for subnet subnet-EXAMPLE1"}
{"level":"debug","ts":"2026-10-05T08:38:58.989Z","caller":"awsutils/awsutils.go:1272","msg":"Subnet subnet-EXAMPLE2 has no kubernetes.io/role/cni tag, excluding it from ENI creation"}
{"level":"error","ts":"2026-10-05T08:38:58.989Z","caller":"ipamd/ipamd.go:1004","msg":"Failed to increase pool size due to not able to allocate ENI AllocENI: failed to create ENI: failed to create network interface: operation error EC2: CreateNetworkInterface, https response error StatusCode: 400, RequestID: 3fb4f054-0022-4477-ad99-fb7c003d3032, api error InvalidParameterValue: There aren't sufficient free Ipv4 addresses or prefixes"}
{"level":"warn","ts":"2026-10-05T08:38:58.989Z","caller":"ipamd/ipamd.go:1004","msg":"Failed to allocate 1 IP addresses on an ENI: AllocENI: failed to create ENI: failed to create network interface: operation error EC2: CreateNetworkInterface, https response error StatusCode: 400, RequestID: 3fb4f054-0022-4477-ad99-fb7c003d3032, api error InvalidParameterValue: There aren't sufficient free Ipv4 addresses or prefixes"}
{"level":"debug","ts":"2026-10-05T08:38:58.989Z","caller":"ipamd/ipamd.go:1082","msg":"containsInsufficientCIDRsOrSubnetIPs encountered AllocENI: failed to create ENI: failed to create network interface: operation error EC2: CreateNetworkInterface, https response error StatusCode: 400, RequestID: 3fb4f054-0022-4477-ad99-fb7c003d3032, api error InvalidParameterValue: There aren't sufficient free Ipv4 addresses or prefixes"}
{"level":"debug","ts":"2026-10-05T08:38:58.989Z","caller":"ipamd/ipamd.go:1082","msg":"Insufficient IP Addresses due to: InvalidParameterValue\n"}
{"level":"debug","ts":"2026-10-05T08:38:58.989Z","caller":"ipamd/ipamd.go:813","msg":"Error trying to allocate ENI: AllocENI: failed to create ENI: failed to create network interface: operation error EC2: CreateNetworkInterface, https response error StatusCode: 400, RequestID: 3fb4f054-0022-4477-ad99-fb7c003d3032, api error InvalidParameterValue: There aren't sufficient free Ipv4 addresses or prefixes"}
{"level":"debug","ts":"2026-10-05T08:38:58.989Z","caller":"ipamd/ipamd.go:1548","msg":"ENI eni-EXAMPLE21 cannot be deleted because it is primary"}
{"level":"info","ts":"2026-10-05T08:38:59.700Z","caller":"rpc/rpc_grpc.pb.go:117","msg":"Received AddNetwork for NS /var/run/netns/cni-61d7f758-54ff-3662-ad77-6900b7609638, Sandbox 24359d7921ec7ae626260692c526540a0d3caf0dad30a27dea42112ce78f4c8b, ifname eth0"}
{"level":"debug","ts":"2026-10-05T08:38:59.700Z","caller":"rpc/rpc_grpc.pb.go:117","msg":"AddNetworkRequest: K8S_POD_NAME:\"coredns-79f8dffc57-fwslz\"  K8S_POD_NAMESPACE:\"kube-system\"  K8S_POD_INFRA_CONTAINER_ID:\"24359d7921ec7ae626260692c526540a0d3caf0dad30a27dea42112ce78f4c8b\"  ContainerID:\"24359d7921ec7ae626260692c526540a0d3caf0dad30a27dea42112ce78f4c8b\"  IfName:\"eth0\"  NetworkName:\"aws-cni\"  Netns:\"/var/run/netns/cni-61d7f758-54ff-3662-ad77-6900b7609638\""}
{"level":"info","ts":"2026-10-05T08:38:59.700Z","caller":"rpc/rpc_grpc.pb.go:117","msg":"Required MultiNIC access false, interfaces required 1"}
{"level":"debug","ts":"2026-10-05T08:38:59.700Z","caller":"datastore/data_store.go:713","msg":"AssignPodIPv4Address: IP address pool stats: total 0, assigned 0"}
{"level":"debug","ts":"2026-10-05T08:38:59.700Z","caller":"datastore/data_store.go:713","msg":"AssignPodIPv4Address: ENI eni-EXAMPLE21 does not have available addresses"}
{"level":"error","ts":"2026-10-05T08:38:59.700Z","caller":"datastore/data_store.go:713","msg":"DataStore has no available IP/Prefix addresses"}
{"level":"warn","ts":"2026-10-05T08:38:59.700Z","caller":"rpc/rpc_grpc.pb.go:117","msg":"Failed to assign IPs from network card 0: AssignPodIPAddress: no available IP/Prefix addresses"}
{"level":"error","ts":"2026-10-05T08:38:59.700Z","caller":"rpc/rpc_grpc.pb.go:117","msg":"Returning failure response for AddNetwork: 1 error occurred:\n\t* AssignPodIPAddress: no available IP/Prefix addresses\n\n"}
{"level":"info","ts":"2026-10-05T08:38:59.700Z","caller":"rpc/rpc_grpc.pb.go:117","msg":"Send AddNetworkReply: Success: false IPAddr: [], resp: , err: AssignPodIPAddress: no available IP/Prefix addresses"}
{"level":"info","ts":"2026-10-05T08:38:59.725Z","caller":"rpc/rpc_grpc.pb.go:135","msg":"Received DelNetwork for Sandbox 24359d7921ec7ae626260692c526540a0d3caf0dad30a27dea42112ce78f4c8b"}
{"level":"debug","ts":"2026-10-05T08:38:59.725Z","caller":"rpc/rpc_grpc.pb.go:135","msg":"DelNetworkRequest: K8S_POD_NAME:\"coredns-79f8dffc57-fwslz\"  K8S_POD_NAMESPACE:\"kube-system\"  K8S_POD_INFRA_CONTAINER_ID:\"24359d7921ec7ae626260692c526540a0d3caf0dad30a27dea42112ce78f4c8b\"  Reason:\"PodDeleted\"  ContainerID:\"24359d7921ec7ae626260692c526540a0d3caf0dad30a27dea42112ce78f4c8b\"  IfName:\"eth0\"  NetworkName:\"aws-cni\"  K8S_POD_UID:\"ad241f1d-d89e-4886-8d30-e22384a0b925\""}
{"level":"debug","ts":"2026-10-05T08:38:59.725Z","caller":"ipamd/rpc_handler.go:353","msg":"UnassignPodIPAddress: IP address pool stats: total 0, assigned 0, sandbox aws-cni/24359d7921ec7ae626260692c526540a0d3caf0dad30a27dea42112ce78f4c8b/eth0"}
{"level":"debug","ts":"2026-10-05T08:38:59.725Z","caller":"ipamd/rpc_handler.go:353","msg":"UnassignPodIPAddress: Failed to find IPAM entry under full key, trying CRI-migrated version"}
{"level":"warn","ts":"2026-10-05T08:38:59.725Z","caller":"ipamd/rpc_handler.go:353","msg":"UnassignPodIPAddress: Failed to find sandbox _migrated-from-cri/24359d7921ec7ae626260692c526540a0d3caf0dad30a27dea42112ce78f4c8b/unknown"}
{"level":"info","ts":"2026-10-05T08:38:59.725Z","caller":"rpc/rpc_grpc.pb.go:135","msg":"Send DelNetworkReply: IPAddress: [], err: 1 error occurred:\n\t* datastore: unknown pod\n\n"}
{"level":"debug","ts":"2026-10-05T08:39:03.992Z","caller":"ipamd/ipamd.go:809","msg":"IP pool is too low for Network Card 0: available (0) < ENI target (1) * addrsPerENI (16)"}
{"level":"debug","ts":"2026-10-05T08:39:03.993Z","caller":"ipamd/ipamd.go:2689","msg":"Prefix pool stats for network card 0: Total IPs/Prefixes = 0/0, AssignedIPs/CooldownIPs: 0/0, c.maxIPsPerENI = 80"}
{"level":"debug","ts":"2026-10-05T08:39:03.993Z","caller":"ipamd/ipamd.go:795","msg":"IP stats for Network Card 0 - total IPs: 0, assigned IPs: 0, cooldown IPs: 0"}
{"level":"debug","ts":"2026-10-05T08:39:03.993Z","caller":"ipamd/ipamd.go:813","msg":"Starting to increase pool size for network card 0"}
{"level":"debug","ts":"2026-10-05T08:39:03.993Z","caller":"ipamd/ipamd.go:966","msg":"Node found \"ip-10-20-0-45.ec2.internal\" - no of taints - 0"}
{"level":"debug","ts":"2026-10-05T08:39:03.993Z","caller":"ipamd/ipamd.go:2758","msg":"Prefix target is 1, short of 1 prefixes, free 0 prefixes"}
{"level":"debug","ts":"2026-10-05T08:39:03.993Z","caller":"ipamd/ipamd.go:1248","msg":"ToAllocate: 1, Network Card 0"}
{"level":"debug","ts":"2026-10-05T08:39:03.993Z","caller":"ipamd/ipamd.go:1251","msg":"Found ENI eni-EXAMPLE21 that has less than the maximum number of IP/Prefixes addresses allocated: cur=0, max=5"}
{"level":"info","ts":"2026-10-05T08:39:03.993Z","caller":"ipamd/ipamd.go:1255","msg":"Trying to allocate 1 IP addresses on ENI eni-EXAMPLE21"}
{"level":"debug","ts":"2026-10-05T08:39:03.993Z","caller":"ipamd/ipamd.go:1255","msg":"PD enabled - true"}
{"level":"debug","ts":"2026-10-05T08:39:04.425Z","caller":"awsutils/awsutils.go:2174","msg":"checkAPIErrorAndBroadcastEvent resulted in operation error EC2: AssignPrivateIpAddresses, https response error StatusCode: 400, RequestID: 57671e10-ab99-439f-86aa-d1deaf532ada, api error InsufficientCidrBlocks: The specified subnet does not have enough free cidr blocks to satisfy the request."}
{"level":"error","ts":"2026-10-05T08:39:04.425Z","caller":"ipamd/ipamd.go:1255","msg":"Failed to allocate a private IP/Prefix addresses on ENI eni-EXAMPLE21: operation error EC2: AssignPrivateIpAddresses, https response error StatusCode: 400, RequestID: 57671e10-ab99-439f-86aa-d1deaf532ada, api error InsufficientCidrBlocks: The specified subnet does not have enough free cidr blocks to satisfy the request."}
{"level":"debug","ts":"2026-10-05T08:39:04.426Z","caller":"ipamd/ipamd.go:1256","msg":"containsPrivateIPAddressLimitExceededError encountered operation error EC2: AssignPrivateIpAddresses, https response error StatusCode: 400, RequestID: 57671e10-ab99-439f-86aa-d1deaf532ada, api error InsufficientCidrBlocks: The specified subnet does not have enough free cidr blocks to satisfy the request."}
{"level":"warn","ts":"2026-10-05T08:39:04.426Z","caller":"ipamd/ipamd.go:1113","msg":"failed to allocate all available IPv4 Prefixes on ENI eni-EXAMPLE21, err: operation error EC2: AssignPrivateIpAddresses, https response error StatusCode: 400, RequestID: 57671e10-ab99-439f-86aa-d1deaf532ada, api error InsufficientCidrBlocks: The specified subnet does not have enough free cidr blocks to satisfy the request."}
{"level":"info","ts":"2026-10-05T08:39:04.426Z","caller":"ipamd/ipamd.go:1259","msg":"Trying to allocate 1 IP addresses on ENI eni-EXAMPLE21"}
{"level":"debug","ts":"2026-10-05T08:39:04.426Z","caller":"ipamd/ipamd.go:1259","msg":"PD enabled - true"}
{"level":"debug","ts":"2026-10-05T08:39:04.862Z","caller":"awsutils/awsutils.go:2174","msg":"checkAPIErrorAndBroadcastEvent resulted in operation error EC2: AssignPrivateIpAddresses, https response error StatusCode: 400, RequestID: 700e5b07-4326-4e08-9f9c-6f5db0ec610a, api error InsufficientCidrBlocks: The specified subnet does not have enough free cidr blocks to satisfy the request."}
{"level":"error","ts":"2026-10-05T08:39:04.862Z","caller":"ipamd/ipamd.go:1259","msg":"Failed to allocate a private IP/Prefix addresses on ENI eni-EXAMPLE21: operation error EC2: AssignPrivateIpAddresses, https response error StatusCode: 400, RequestID: 700e5b07-4326-4e08-9f9c-6f5db0ec610a, api error InsufficientCidrBlocks: The specified subnet does not have enough free cidr blocks to satisfy the request."}
{"level":"debug","ts":"2026-10-05T08:39:04.862Z","caller":"ipamd/ipamd.go:1260","msg":"containsPrivateIPAddressLimitExceededError encountered operation error EC2: AssignPrivateIpAddresses, https response error StatusCode: 400, RequestID: 700e5b07-4326-4e08-9f9c-6f5db0ec610a, api error InsufficientCidrBlocks: The specified subnet does not have enough free cidr blocks to satisfy the request."}
{"level":"debug","ts":"2026-10-05T08:39:04.862Z","caller":"ipamd/ipamd.go:1262","msg":"containsInsufficientCIDRsOrSubnetIPs encountered operation error EC2: AssignPrivateIpAddresses, https response error StatusCode: 400, RequestID: 700e5b07-4326-4e08-9f9c-6f5db0ec610a, api error InsufficientCidrBlocks: The specified subnet does not have enough free cidr blocks to satisfy the request."}
{"level":"debug","ts":"2026-10-05T08:39:04.862Z","caller":"ipamd/ipamd.go:1262","msg":"Insufficient IP Addresses due to: InsufficientCidrBlocks\n"}
{"level":"debug","ts":"2026-10-05T08:39:04.862Z","caller":"ipamd/ipamd.go:1003","msg":"hasRoomForEni: networkCard=0, currentENIs=1, currentUsableENIs=1, maxENI=3, unmanagedENI=0, trunkEni=0, excludedENI=0, hasRoom=true"}
{"level":"debug","ts":"2026-10-05T08:39:04.862Z","caller":"ipamd/ipamd.go:2758","msg":"Prefix target is 1, short of 1 prefixes, free 0 prefixes"}
{"level":"debug","ts":"2026-10-05T08:39:04.862Z","caller":"ipamd/ipamd.go:2595","msg":"ToAllocate: 1, Network Card 0"}
{"level":"info","ts":"2026-10-05T08:39:04.862Z","caller":"awsutils/awsutils.go:1044","msg":"Trying to allocate 1 IP addresses on new ENI"}
{"level":"debug","ts":"2026-10-05T08:39:04.862Z","caller":"awsutils/awsutils.go:1044","msg":"PD enabled - true"}
{"level":"debug","ts":"2026-10-05T08:39:05.093Z","caller":"awsutils/awsutils.go:1272","msg":"Primary subnet subnet-EXAMPLE1 has no kubernetes.io/role/cni tag, including it for ENI creation (backwards compatibility)"}
{"level":"info","ts":"2026-10-05T08:39:05.093Z","caller":"awsutils/awsutils.go:1044","msg":"Creating ENI with security groups: [sg-EXAMPLE1] in subnet: subnet-EXAMPLE1"}
{"level":"debug","ts":"2026-10-05T08:39:05.364Z","caller":"awsutils/awsutils.go:1449","msg":"checkAPIErrorAndBroadcastEvent resulted in operation error EC2: CreateNetworkInterface, https response error StatusCode: 400, RequestID: 408b1747-b085-4cf5-9330-31eb6a74dc5d, api error InvalidParameterValue: There aren't sufficient free Ipv4 addresses or prefixes"}
{"level":"error","ts":"2026-10-05T08:39:05.364Z","caller":"awsutils/awsutils.go:1285","msg":"Failed to CreateNetworkInterface operation error EC2: CreateNetworkInterface, https response error StatusCode: 400, RequestID: 408b1747-b085-4cf5-9330-31eb6a74dc5d, api error InvalidParameterValue: There aren't sufficient free Ipv4 addresses or prefixes for subnet subnet-EXAMPLE1"}
{"level":"debug","ts":"2026-10-05T08:39:05.364Z","caller":"awsutils/awsutils.go:1272","msg":"Subnet subnet-EXAMPLE2 has no kubernetes.io/role/cni tag, excluding it from ENI creation"}
{"level":"error","ts":"2026-10-05T08:39:05.364Z","caller":"ipamd/ipamd.go:1004","msg":"Failed to increase pool size due to not able to allocate ENI AllocENI: failed to create ENI: failed to create network interface: operation error EC2: CreateNetworkInterface, https response error StatusCode: 400, RequestID: 408b1747-b085-4cf5-9330-31eb6a74dc5d, api error InvalidParameterValue: There aren't sufficient free Ipv4 addresses or prefixes"}
{"level":"warn","ts":"2026-10-05T08:39:05.364Z","caller":"ipamd/ipamd.go:1004","msg":"Failed to allocate 1 IP addresses on an ENI: AllocENI: failed to create ENI: failed to create network interface: operation error EC2: CreateNetworkInterface, https response error StatusCode: 400, RequestID: 408b1747-b085-4cf5-9330-31eb6a74dc5d, api error InvalidParameterValue: There aren't sufficient free Ipv4 addresses or prefixes"}
{"level":"debug","ts":"2026-10-05T08:39:05.364Z","caller":"ipamd/ipamd.go:1082","msg":"containsInsufficientCIDRsOrSubnetIPs encountered AllocENI: failed to create ENI: failed to create network interface: operation error EC2: CreateNetworkInterface, https response error StatusCode: 400, RequestID: 408b1747-b085-4cf5-9330-31eb6a74dc5d, api error InvalidParameterValue: There aren't sufficient free Ipv4 addresses or prefixes"}
{"level":"debug","ts":"2026-10-05T08:39:05.364Z","caller":"ipamd/ipamd.go:1082","msg":"Insufficient IP Addresses due to: InvalidParameterValue\n"}
{"level":"debug","ts":"2026-10-05T08:39:05.364Z","caller":"ipamd/ipamd.go:813","msg":"Error trying to allocate ENI: AllocENI: failed to create ENI: failed to create network interface: operation error EC2: CreateNetworkInterface, https response error StatusCode: 400, RequestID: 408b1747-b085-4cf5-9330-31eb6a74dc5d, api error InvalidParameterValue: There aren't sufficient free Ipv4 addresses or prefixes"}
{"level":"debug","ts":"2026-10-05T08:39:05.364Z","caller":"ipamd/ipamd.go:1548","msg":"ENI eni-EXAMPLE21 cannot be deleted because it is primary"}
{"level":"debug","ts":"2026-10-05T08:39:10.365Z","caller":"ipamd/ipamd.go:809","msg":"IP pool is too low for Network Card 0: available (0) < ENI target (1) * addrsPerENI (16)"}
{"level":"debug","ts":"2026-10-05T08:39:10.365Z","caller":"ipamd/ipamd.go:2689","msg":"Prefix pool stats for network card 0: Total IPs/Prefixes = 0/0, AssignedIPs/CooldownIPs: 0/0, c.maxIPsPerENI = 80"}
{"level":"debug","ts":"2026-10-05T08:39:10.365Z","caller":"ipamd/ipamd.go:795","msg":"IP stats for Network Card 0 - total IPs: 0, assigned IPs: 0, cooldown IPs: 0"}
{"level":"debug","ts":"2026-10-05T08:39:10.365Z","caller":"ipamd/ipamd.go:813","msg":"Starting to increase pool size for network card 0"}
{"level":"debug","ts":"2026-10-05T08:39:10.365Z","caller":"ipamd/ipamd.go:966","msg":"Node found \"ip-10-20-0-45.ec2.internal\" - no of taints - 0"}
{"level":"debug","ts":"2026-10-05T08:39:10.365Z","caller":"ipamd/ipamd.go:2758","msg":"Prefix target is 1, short of 1 prefixes, free 0 prefixes"}
{"level":"debug","ts":"2026-10-05T08:39:10.365Z","caller":"ipamd/ipamd.go:1248","msg":"ToAllocate: 1, Network Card 0"}
{"level":"debug","ts":"2026-10-05T08:39:10.365Z","caller":"ipamd/ipamd.go:1251","msg":"Found ENI eni-EXAMPLE21 that has less than the maximum number of IP/Prefixes addresses allocated: cur=0, max=5"}
{"level":"info","ts":"2026-10-05T08:39:10.365Z","caller":"ipamd/ipamd.go:1255","msg":"Trying to allocate 1 IP addresses on ENI eni-EXAMPLE21"}
{"level":"debug","ts":"2026-10-05T08:39:10.365Z","caller":"ipamd/ipamd.go:1255","msg":"PD enabled - true"}
{"level":"info","ts":"2026-10-05T08:39:10.709Z","caller":"rpc/rpc_grpc.pb.go:117","msg":"Received AddNetwork for NS /var/run/netns/cni-191a0e63-0162-097b-384a-1822b77473a8, Sandbox c1b9e2bec236a4805764f5380ba73cdc365b13edf1888ed16a14049130824b58, ifname eth0"}
{"level":"debug","ts":"2026-10-05T08:39:10.709Z","caller":"rpc/rpc_grpc.pb.go:117","msg":"AddNetworkRequest: K8S_POD_NAME:\"coredns-79f8dffc57-cv2lj\"  K8S_POD_NAMESPACE:\"kube-system\"  K8S_POD_INFRA_CONTAINER_ID:\"c1b9e2bec236a4805764f5380ba73cdc365b13edf1888ed16a14049130824b58\"  ContainerID:\"c1b9e2bec236a4805764f5380ba73cdc365b13edf1888ed16a14049130824b58\"  IfName:\"eth0\"  NetworkName:\"aws-cni\"  Netns:\"/var/run/netns/cni-191a0e63-0162-097b-384a-1822b77473a8\""}
{"level":"info","ts":"2026-10-05T08:39:10.709Z","caller":"rpc/rpc_grpc.pb.go:117","msg":"Required MultiNIC access false, interfaces required 1"}
{"level":"debug","ts":"2026-10-05T08:39:10.709Z","caller":"datastore/data_store.go:713","msg":"AssignPodIPv4Address: IP address pool stats: total 0, assigned 0"}
{"level":"debug","ts":"2026-10-05T08:39:10.709Z","caller":"datastore/data_store.go:713","msg":"AssignPodIPv4Address: ENI eni-EXAMPLE21 does not have available addresses"}
{"level":"error","ts":"2026-10-05T08:39:10.709Z","caller":"datastore/data_store.go:713","msg":"DataStore has no available IP/Prefix addresses"}
{"level":"warn","ts":"2026-10-05T08:39:10.709Z","caller":"rpc/rpc_grpc.pb.go:117","msg":"Failed to assign IPs from network card 0: AssignPodIPAddress: no available IP/Prefix addresses"}
{"level":"error","ts":"2026-10-05T08:39:10.709Z","caller":"rpc/rpc_grpc.pb.go:117","msg":"Returning failure response for AddNetwork: 1 error occurred:\n\t* AssignPodIPAddress: no available IP/Prefix addresses\n\n"}
{"level":"info","ts":"2026-10-05T08:39:10.709Z","caller":"rpc/rpc_grpc.pb.go:117","msg":"Send AddNetworkReply: Success: false IPAddr: [], resp: , err: AssignPodIPAddress: no available IP/Prefix addresses"}
{"level":"info","ts":"2026-10-05T08:39:10.739Z","caller":"rpc/rpc_grpc.pb.go:135","msg":"Received DelNetwork for Sandbox c1b9e2bec236a4805764f5380ba73cdc365b13edf1888ed16a14049130824b58"}
{"level":"debug","ts":"2026-10-05T08:39:10.739Z","caller":"rpc/rpc_grpc.pb.go:135","msg":"DelNetworkRequest: K8S_POD_NAME:\"coredns-79f8dffc57-cv2lj\"  K8S_POD_NAMESPACE:\"kube-system\"  K8S_POD_INFRA_CONTAINER_ID:\"c1b9e2bec236a4805764f5380ba73cdc365b13edf1888ed16a14049130824b58\"  Reason:\"PodDeleted\"  ContainerID:\"c1b9e2bec236a4805764f5380ba73cdc365b13edf1888ed16a14049130824b58\"  IfName:\"eth0\"  NetworkName:\"aws-cni\"  K8S_POD_UID:\"080397ba-9aa0-4db1-b449-5fe2b0811692\""}
{"level":"debug","ts":"2026-10-05T08:39:10.739Z","caller":"ipamd/rpc_handler.go:353","msg":"UnassignPodIPAddress: IP address pool stats: total 0, assigned 0, sandbox aws-cni/c1b9e2bec236a4805764f5380ba73cdc365b13edf1888ed16a14049130824b58/eth0"}
{"level":"debug","ts":"2026-10-05T08:39:10.739Z","caller":"ipamd/rpc_handler.go:353","msg":"UnassignPodIPAddress: Failed to find IPAM entry under full key, trying CRI-migrated version"}
{"level":"warn","ts":"2026-10-05T08:39:10.739Z","caller":"ipamd/rpc_handler.go:353","msg":"UnassignPodIPAddress: Failed to find sandbox _migrated-from-cri/c1b9e2bec236a4805764f5380ba73cdc365b13edf1888ed16a14049130824b58/unknown"}
{"level":"info","ts":"2026-10-05T08:39:10.739Z","caller":"rpc/rpc_grpc.pb.go:135","msg":"Send DelNetworkReply: IPAddress: [], err: 1 error occurred:\n\t* datastore: unknown pod\n\n"}
{"level":"debug","ts":"2026-10-05T08:39:10.808Z","caller":"awsutils/awsutils.go:2174","msg":"checkAPIErrorAndBroadcastEvent resulted in operation error EC2: AssignPrivateIpAddresses, https response error StatusCode: 400, RequestID: 5882e2b1-e3ab-4405-b888-10fc7597d7c0, api error InsufficientCidrBlocks: The specified subnet does not have enough free cidr blocks to satisfy the request."}
{"level":"error","ts":"2026-10-05T08:39:10.809Z","caller":"ipamd/ipamd.go:1255","msg":"Failed to allocate a private IP/Prefix addresses on ENI eni-EXAMPLE21: operation error EC2: AssignPrivateIpAddresses, https response error StatusCode: 400, RequestID: 5882e2b1-e3ab-4405-b888-10fc7597d7c0, api error InsufficientCidrBlocks: The specified subnet does not have enough free cidr blocks to satisfy the request."}
{"level":"debug","ts":"2026-10-05T08:39:10.809Z","caller":"ipamd/ipamd.go:1256","msg":"containsPrivateIPAddressLimitExceededError encountered operation error EC2: AssignPrivateIpAddresses, https response error StatusCode: 400, RequestID: 5882e2b1-e3ab-4405-b888-10fc7597d7c0, api error InsufficientCidrBlocks: The specified subnet does not have enough free cidr blocks to satisfy the request."}
{"level":"warn","ts":"2026-10-05T08:39:10.809Z","caller":"ipamd/ipamd.go:1113","msg":"failed to allocate all available IPv4 Prefixes on ENI eni-EXAMPLE21, err: operation error EC2: AssignPrivateIpAddresses, https response error StatusCode: 400, RequestID: 5882e2b1-e3ab-4405-b888-10fc7597d7c0, api error InsufficientCidrBlocks: The specified subnet does not have enough free cidr blocks to satisfy the request."}
{"level":"info","ts":"2026-10-05T08:39:10.809Z","caller":"ipamd/ipamd.go:1259","msg":"Trying to allocate 1 IP addresses on ENI eni-EXAMPLE21"}
{"level":"debug","ts":"2026-10-05T08:39:10.809Z","caller":"ipamd/ipamd.go:1259","msg":"PD enabled - true"}
{"level":"debug","ts":"2026-10-05T08:39:11.241Z","caller":"awsutils/awsutils.go:2174","msg":"checkAPIErrorAndBroadcastEvent resulted in operation error EC2: AssignPrivateIpAddresses, https response error StatusCode: 400, RequestID: 40520462-5868-4a16-9d92-0f4572b12dc7, api error InsufficientCidrBlocks: The specified subnet does not have enough free cidr blocks to satisfy the request."}
{"level":"error","ts":"2026-10-05T08:39:11.241Z","caller":"ipamd/ipamd.go:1259","msg":"Failed to allocate a private IP/Prefix addresses on ENI eni-EXAMPLE21: operation error EC2: AssignPrivateIpAddresses, https response error StatusCode: 400, RequestID: 40520462-5868-4a16-9d92-0f4572b12dc7, api error InsufficientCidrBlocks: The specified subnet does not have enough free cidr blocks to satisfy the request."}
{"level":"debug","ts":"2026-10-05T08:39:11.241Z","caller":"ipamd/ipamd.go:1260","msg":"containsPrivateIPAddressLimitExceededError encountered operation error EC2: AssignPrivateIpAddresses, https response error StatusCode: 400, RequestID: 40520462-5868-4a16-9d92-0f4572b12dc7, api error InsufficientCidrBlocks: The specified subnet does not have enough free cidr blocks to satisfy the request."}
{"level":"debug","ts":"2026-10-05T08:39:11.241Z","caller":"ipamd/ipamd.go:1262","msg":"containsInsufficientCIDRsOrSubnetIPs encountered operation error EC2: AssignPrivateIpAddresses, https response error StatusCode: 400, RequestID: 40520462-5868-4a16-9d92-0f4572b12dc7, api error InsufficientCidrBlocks: The specified subnet does not have enough free cidr blocks to satisfy the request."}
{"level":"debug","ts":"2026-10-05T08:39:11.241Z","caller":"ipamd/ipamd.go:1262","msg":"Insufficient IP Addresses due to: InsufficientCidrBlocks\n"}
{"level":"debug","ts":"2026-10-05T08:39:11.241Z","caller":"ipamd/ipamd.go:1003","msg":"hasRoomForEni: networkCard=0, currentENIs=1, currentUsableENIs=1, maxENI=3, unmanagedENI=0, trunkEni=0, excludedENI=0, hasRoom=true"}
{"level":"debug","ts":"2026-10-05T08:39:11.241Z","caller":"ipamd/ipamd.go:2758","msg":"Prefix target is 1, short of 1 prefixes, free 0 prefixes"}
{"level":"debug","ts":"2026-10-05T08:39:11.241Z","caller":"ipamd/ipamd.go:2595","msg":"ToAllocate: 1, Network Card 0"}
{"level":"info","ts":"2026-10-05T08:39:11.241Z","caller":"awsutils/awsutils.go:1044","msg":"Trying to allocate 1 IP addresses on new ENI"}
{"level":"debug","ts":"2026-10-05T08:39:11.241Z","caller":"awsutils/awsutils.go:1044","msg":"PD enabled - true"}
{"level":"debug","ts":"2026-10-05T08:39:11.494Z","caller":"awsutils/awsutils.go:1272","msg":"Primary subnet subnet-EXAMPLE1 has no kubernetes.io/role/cni tag, including it for ENI creation (backwards compatibility)"}
{"level":"info","ts":"2026-10-05T08:39:11.494Z","caller":"awsutils/awsutils.go:1044","msg":"Creating ENI with security groups: [sg-EXAMPLE1] in subnet: subnet-EXAMPLE1"}
{"level":"debug","ts":"2026-10-05T08:39:11.782Z","caller":"awsutils/awsutils.go:1449","msg":"checkAPIErrorAndBroadcastEvent resulted in operation error EC2: CreateNetworkInterface, https response error StatusCode: 400, RequestID: b941871d-da8d-4523-aea8-d26608430c27, api error InvalidParameterValue: There aren't sufficient free Ipv4 addresses or prefixes"}
{"level":"error","ts":"2026-10-05T08:39:11.782Z","caller":"awsutils/awsutils.go:1285","msg":"Failed to CreateNetworkInterface operation error EC2: CreateNetworkInterface, https response error StatusCode: 400, RequestID: b941871d-da8d-4523-aea8-d26608430c27, api error InvalidParameterValue: There aren't sufficient free Ipv4 addresses or prefixes for subnet subnet-EXAMPLE1"}
{"level":"debug","ts":"2026-10-05T08:39:11.782Z","caller":"awsutils/awsutils.go:1272","msg":"Subnet subnet-EXAMPLE2 has no kubernetes.io/role/cni tag, excluding it from ENI creation"}
{"level":"error","ts":"2026-10-05T08:39:11.782Z","caller":"ipamd/ipamd.go:1004","msg":"Failed to increase pool size due to not able to allocate ENI AllocENI: failed to create ENI: failed to create network interface: operation error EC2: CreateNetworkInterface, https response error StatusCode: 400, RequestID: b941871d-da8d-4523-aea8-d26608430c27, api error InvalidParameterValue: There aren't sufficient free Ipv4 addresses or prefixes"}
{"level":"warn","ts":"2026-10-05T08:39:11.782Z","caller":"ipamd/ipamd.go:1004","msg":"Failed to allocate 1 IP addresses on an ENI: AllocENI: failed to create ENI: failed to create network interface: operation error EC2: CreateNetworkInterface, https response error StatusCode: 400, RequestID: b941871d-da8d-4523-aea8-d26608430c27, api error InvalidParameterValue: There aren't sufficient free Ipv4 addresses or prefixes"}
{"level":"debug","ts":"2026-10-05T08:39:11.782Z","caller":"ipamd/ipamd.go:1082","msg":"containsInsufficientCIDRsOrSubnetIPs encountered AllocENI: failed to create ENI: failed to create network interface: operation error EC2: CreateNetworkInterface, https response error StatusCode: 400, RequestID: b941871d-da8d-4523-aea8-d26608430c27, api error InvalidParameterValue: There aren't sufficient free Ipv4 addresses or prefixes"}
{"level":"debug","ts":"2026-10-05T08:39:11.782Z","caller":"ipamd/ipamd.go:1082","msg":"Insufficient IP Addresses due to: InvalidParameterValue\n"}
{"level":"debug","ts":"2026-10-05T08:39:11.782Z","caller":"ipamd/ipamd.go:813","msg":"Error trying to allocate ENI: AllocENI: failed to create ENI: failed to create network interface: operation error EC2: CreateNetworkInterface, https response error StatusCode: 400, RequestID: b941871d-da8d-4523-aea8-d26608430c27, api error InvalidParameterValue: There aren't sufficient free Ipv4 addresses or prefixes"}
{"level":"debug","ts":"2026-10-05T08:39:11.782Z","caller":"ipamd/ipamd.go:1548","msg":"ENI eni-EXAMPLE21 cannot be deleted because it is primary"}
{"level":"info","ts":"2026-10-05T08:39:14.696Z","caller":"rpc/rpc_grpc.pb.go:117","msg":"Received AddNetwork for NS /var/run/netns/cni-066f49e8-14f8-a103-cbae-4f6a14e509ca, Sandbox 2043d31762f8373a854ec985d111895ee6ebfa44791a86176634ccc35ed9e50c, ifname eth0"}
{"level":"debug","ts":"2026-10-05T08:39:14.696Z","caller":"rpc/rpc_grpc.pb.go:117","msg":"AddNetworkRequest: K8S_POD_NAME:\"coredns-79f8dffc57-fwslz\"  K8S_POD_NAMESPACE:\"kube-system\"  K8S_POD_INFRA_CONTAINER_ID:\"2043d31762f8373a854ec985d111895ee6ebfa44791a86176634ccc35ed9e50c\"  ContainerID:\"2043d31762f8373a854ec985d111895ee6ebfa44791a86176634ccc35ed9e50c\"  IfName:\"eth0\"  NetworkName:\"aws-cni\"  Netns:\"/var/run/netns/cni-066f49e8-14f8-a103-cbae-4f6a14e509ca\""}
{"level":"info","ts":"2026-10-05T08:39:14.696Z","caller":"rpc/rpc_grpc.pb.go:117","msg":"Required MultiNIC access false, interfaces required 1"}
{"level":"debug","ts":"2026-10-05T08:39:14.696Z","caller":"datastore/data_store.go:713","msg":"AssignPodIPv4Address: IP address pool stats: total 0, assigned 0"}
{"level":"debug","ts":"2026-10-05T08:39:14.696Z","caller":"datastore/data_store.go:713","msg":"AssignPodIPv4Address: ENI eni-EXAMPLE21 does not have available addresses"}
{"level":"error","ts":"2026-10-05T08:39:14.696Z","caller":"datastore/data_store.go:713","msg":"DataStore has no available IP/Prefix addresses"}
{"level":"warn","ts":"2026-10-05T08:39:14.696Z","caller":"rpc/rpc_grpc.pb.go:117","msg":"Failed to assign IPs from network card 0: AssignPodIPAddress: no available IP/Prefix addresses"}
{"level":"error","ts":"2026-10-05T08:39:14.696Z","caller":"rpc/rpc_grpc.pb.go:117","msg":"Returning failure response for AddNetwork: 1 error occurred:\n\t* AssignPodIPAddress: no available IP/Prefix addresses\n\n"}
{"level":"info","ts":"2026-10-05T08:39:14.696Z","caller":"rpc/rpc_grpc.pb.go:117","msg":"Send AddNetworkReply: Success: false IPAddr: [], resp: , err: AssignPodIPAddress: no available IP/Prefix addresses"}
{"level":"info","ts":"2026-10-05T08:39:14.719Z","caller":"rpc/rpc_grpc.pb.go:135","msg":"Received DelNetwork for Sandbox 2043d31762f8373a854ec985d111895ee6ebfa44791a86176634ccc35ed9e50c"}
{"level":"debug","ts":"2026-10-05T08:39:14.719Z","caller":"rpc/rpc_grpc.pb.go:135","msg":"DelNetworkRequest: K8S_POD_NAME:\"coredns-79f8dffc57-fwslz\"  K8S_POD_NAMESPACE:\"kube-system\"  K8S_POD_INFRA_CONTAINER_ID:\"2043d31762f8373a854ec985d111895ee6ebfa44791a86176634ccc35ed9e50c\"  Reason:\"PodDeleted\"  ContainerID:\"2043d31762f8373a854ec985d111895ee6ebfa44791a86176634ccc35ed9e50c\"  IfName:\"eth0\"  NetworkName:\"aws-cni\"  K8S_POD_UID:\"ad241f1d-d89e-4886-8d30-e22384a0b925\""}
{"level":"debug","ts":"2026-10-05T08:39:14.719Z","caller":"ipamd/rpc_handler.go:353","msg":"UnassignPodIPAddress: IP address pool stats: total 0, assigned 0, sandbox aws-cni/2043d31762f8373a854ec985d111895ee6ebfa44791a86176634ccc35ed9e50c/eth0"}
{"level":"debug","ts":"2026-10-05T08:39:14.719Z","caller":"ipamd/rpc_handler.go:353","msg":"UnassignPodIPAddress: Failed to find IPAM entry under full key, trying CRI-migrated version"}
{"level":"warn","ts":"2026-10-05T08:39:14.719Z","caller":"ipamd/rpc_handler.go:353","msg":"UnassignPodIPAddress: Failed to find sandbox _migrated-from-cri/2043d31762f8373a854ec985d111895ee6ebfa44791a86176634ccc35ed9e50c/unknown"}
{"level":"info","ts":"2026-10-05T08:39:14.719Z","caller":"rpc/rpc_grpc.pb.go:135","msg":"Send DelNetworkReply: IPAddress: [], err: 1 error occurred:\n\t* datastore: unknown pod\n\n"}
{"level":"debug","ts":"2026-10-05T08:39:16.784Z","caller":"ipamd/ipamd.go:809","msg":"IP pool is too low for Network Card 0: available (0) < ENI target (1) * addrsPerENI (16)"}
{"level":"debug","ts":"2026-10-05T08:39:16.784Z","caller":"ipamd/ipamd.go:2689","msg":"Prefix pool stats for network card 0: Total IPs/Prefixes = 0/0, AssignedIPs/CooldownIPs: 0/0, c.maxIPsPerENI = 80"}
{"level":"debug","ts":"2026-10-05T08:39:16.784Z","caller":"ipamd/ipamd.go:795","msg":"IP stats for Network Card 0 - total IPs: 0, assigned IPs: 0, cooldown IPs: 0"}
{"level":"debug","ts":"2026-10-05T08:39:16.784Z","caller":"ipamd/ipamd.go:813","msg":"Starting to increase pool size for network card 0"}
{"level":"debug","ts":"2026-10-05T08:39:16.784Z","caller":"ipamd/ipamd.go:966","msg":"Node found \"ip-10-20-0-45.ec2.internal\" - no of taints - 0"}
{"level":"debug","ts":"2026-10-05T08:39:16.784Z","caller":"ipamd/ipamd.go:2758","msg":"Prefix target is 1, short of 1 prefixes, free 0 prefixes"}
{"level":"debug","ts":"2026-10-05T08:39:16.784Z","caller":"ipamd/ipamd.go:1248","msg":"ToAllocate: 1, Network Card 0"}
{"level":"debug","ts":"2026-10-05T08:39:16.784Z","caller":"ipamd/ipamd.go:1251","msg":"Found ENI eni-EXAMPLE21 that has less than the maximum number of IP/Prefixes addresses allocated: cur=0, max=5"}
{"level":"info","ts":"2026-10-05T08:39:16.784Z","caller":"ipamd/ipamd.go:1255","msg":"Trying to allocate 1 IP addresses on ENI eni-EXAMPLE21"}
{"level":"debug","ts":"2026-10-05T08:39:16.784Z","caller":"ipamd/ipamd.go:1255","msg":"PD enabled - true"}
{"level":"debug","ts":"2026-10-05T08:39:17.193Z","caller":"awsutils/awsutils.go:2174","msg":"checkAPIErrorAndBroadcastEvent resulted in operation error EC2: AssignPrivateIpAddresses, https response error StatusCode: 400, RequestID: 6b91d798-6989-4ab9-a81f-49f11e8b08db, api error InsufficientCidrBlocks: The specified subnet does not have enough free cidr blocks to satisfy the request."}
{"level":"error","ts":"2026-10-05T08:39:17.193Z","caller":"ipamd/ipamd.go:1255","msg":"Failed to allocate a private IP/Prefix addresses on ENI eni-EXAMPLE21: operation error EC2: AssignPrivateIpAddresses, https response error StatusCode: 400, RequestID: 6b91d798-6989-4ab9-a81f-49f11e8b08db, api error InsufficientCidrBlocks: The specified subnet does not have enough free cidr blocks to satisfy the request."}
{"level":"debug","ts":"2026-10-05T08:39:17.193Z","caller":"ipamd/ipamd.go:1256","msg":"containsPrivateIPAddressLimitExceededError encountered operation error EC2: AssignPrivateIpAddresses, https response error StatusCode: 400, RequestID: 6b91d798-6989-4ab9-a81f-49f11e8b08db, api error InsufficientCidrBlocks: The specified subnet does not have enough free cidr blocks to satisfy the request."}
{"level":"warn","ts":"2026-10-05T08:39:17.193Z","caller":"ipamd/ipamd.go:1113","msg":"failed to allocate all available IPv4 Prefixes on ENI eni-EXAMPLE21, err: operation error EC2: AssignPrivateIpAddresses, https response error StatusCode: 400, RequestID: 6b91d798-6989-4ab9-a81f-49f11e8b08db, api error InsufficientCidrBlocks: The specified subnet does not have enough free cidr blocks to satisfy the request."}
{"level":"info","ts":"2026-10-05T08:39:17.193Z","caller":"ipamd/ipamd.go:1259","msg":"Trying to allocate 1 IP addresses on ENI eni-EXAMPLE21"}
{"level":"debug","ts":"2026-10-05T08:39:17.193Z","caller":"ipamd/ipamd.go:1259","msg":"PD enabled - true"}
{"level":"debug","ts":"2026-10-05T08:39:17.622Z","caller":"awsutils/awsutils.go:2174","msg":"checkAPIErrorAndBroadcastEvent resulted in operation error EC2: AssignPrivateIpAddresses, https response error StatusCode: 400, RequestID: 1727021b-d7af-4063-8a4b-f5b12d7bc22b, api error InsufficientCidrBlocks: The specified subnet does not have enough free cidr blocks to satisfy the request."}
{"level":"error","ts":"2026-10-05T08:39:17.622Z","caller":"ipamd/ipamd.go:1259","msg":"Failed to allocate a private IP/Prefix addresses on ENI eni-EXAMPLE21: operation error EC2: AssignPrivateIpAddresses, https response error StatusCode: 400, RequestID: 1727021b-d7af-4063-8a4b-f5b12d7bc22b, api error InsufficientCidrBlocks: The specified subnet does not have enough free cidr blocks to satisfy the request."}
{"level":"debug","ts":"2026-10-05T08:39:17.622Z","caller":"ipamd/ipamd.go:1260","msg":"containsPrivateIPAddressLimitExceededError encountered operation error EC2: AssignPrivateIpAddresses, https response error StatusCode: 400, RequestID: 1727021b-d7af-4063-8a4b-f5b12d7bc22b, api error InsufficientCidrBlocks: The specified subnet does not have enough free cidr blocks to satisfy the request."}
{"level":"debug","ts":"2026-10-05T08:39:17.622Z","caller":"ipamd/ipamd.go:1262","msg":"containsInsufficientCIDRsOrSubnetIPs encountered operation error EC2: AssignPrivateIpAddresses, https response error StatusCode: 400, RequestID: 1727021b-d7af-4063-8a4b-f5b12d7bc22b, api error InsufficientCidrBlocks: The specified subnet does not have enough free cidr blocks to satisfy the request."}
{"level":"debug","ts":"2026-10-05T08:39:17.622Z","caller":"ipamd/ipamd.go:1262","msg":"Insufficient IP Addresses due to: InsufficientCidrBlocks\n"}
{"level":"debug","ts":"2026-10-05T08:39:17.622Z","caller":"ipamd/ipamd.go:1003","msg":"hasRoomForEni: networkCard=0, currentENIs=1, currentUsableENIs=1, maxENI=3, unmanagedENI=0, trunkEni=0, excludedENI=0, hasRoom=true"}
{"level":"debug","ts":"2026-10-05T08:39:17.622Z","caller":"ipamd/ipamd.go:2758","msg":"Prefix target is 1, short of 1 prefixes, free 0 prefixes"}
{"level":"debug","ts":"2026-10-05T08:39:17.622Z","caller":"ipamd/ipamd.go:2595","msg":"ToAllocate: 1, Network Card 0"}
{"level":"info","ts":"2026-10-05T08:39:17.622Z","caller":"awsutils/awsutils.go:1044","msg":"Trying to allocate 1 IP addresses on new ENI"}
{"level":"debug","ts":"2026-10-05T08:39:17.622Z","caller":"awsutils/awsutils.go:1044","msg":"PD enabled - true"}
{"level":"debug","ts":"2026-10-05T08:39:17.895Z","caller":"awsutils/awsutils.go:1272","msg":"Primary subnet subnet-EXAMPLE1 has no kubernetes.io/role/cni tag, including it for ENI creation (backwards compatibility)"}
{"level":"info","ts":"2026-10-05T08:39:17.895Z","caller":"awsutils/awsutils.go:1044","msg":"Creating ENI with security groups: [sg-EXAMPLE1] in subnet: subnet-EXAMPLE1"}
{"level":"debug","ts":"2026-10-05T08:39:18.138Z","caller":"awsutils/awsutils.go:1449","msg":"checkAPIErrorAndBroadcastEvent resulted in operation error EC2: CreateNetworkInterface, https response error StatusCode: 400, RequestID: 5c0af34a-62fa-4baa-af23-291607390e8a, api error InvalidParameterValue: There aren't sufficient free Ipv4 addresses or prefixes"}
{"level":"error","ts":"2026-10-05T08:39:18.138Z","caller":"awsutils/awsutils.go:1285","msg":"Failed to CreateNetworkInterface operation error EC2: CreateNetworkInterface, https response error StatusCode: 400, RequestID: 5c0af34a-62fa-4baa-af23-291607390e8a, api error InvalidParameterValue: There aren't sufficient free Ipv4 addresses or prefixes for subnet subnet-EXAMPLE1"}
{"level":"debug","ts":"2026-10-05T08:39:18.138Z","caller":"awsutils/awsutils.go:1272","msg":"Subnet subnet-EXAMPLE2 has no kubernetes.io/role/cni tag, excluding it from ENI creation"}
{"level":"error","ts":"2026-10-05T08:39:18.138Z","caller":"ipamd/ipamd.go:1004","msg":"Failed to increase pool size due to not able to allocate ENI AllocENI: failed to create ENI: failed to create network interface: operation error EC2: CreateNetworkInterface, https response error StatusCode: 400, RequestID: 5c0af34a-62fa-4baa-af23-291607390e8a, api error InvalidParameterValue: There aren't sufficient free Ipv4 addresses or prefixes"}
{"level":"warn","ts":"2026-10-05T08:39:18.138Z","caller":"ipamd/ipamd.go:1004","msg":"Failed to allocate 1 IP addresses on an ENI: AllocENI: failed to create ENI: failed to create network interface: operation error EC2: CreateNetworkInterface, https response error StatusCode: 400, RequestID: 5c0af34a-62fa-4baa-af23-291607390e8a, api error InvalidParameterValue: There aren't sufficient free Ipv4 addresses or prefixes"}
{"level":"debug","ts":"2026-10-05T08:39:18.138Z","caller":"ipamd/ipamd.go:1082","msg":"containsInsufficientCIDRsOrSubnetIPs encountered AllocENI: failed to create ENI: failed to create network interface: operation error EC2: CreateNetworkInterface, https response error StatusCode: 400, RequestID: 5c0af34a-62fa-4baa-af23-291607390e8a, api error InvalidParameterValue: There aren't sufficient free Ipv4 addresses or prefixes"}
{"level":"debug","ts":"2026-10-05T08:39:18.138Z","caller":"ipamd/ipamd.go:1082","msg":"Insufficient IP Addresses due to: InvalidParameterValue\n"}
{"level":"debug","ts":"2026-10-05T08:39:18.138Z","caller":"ipamd/ipamd.go:813","msg":"Error trying to allocate ENI: AllocENI: failed to create ENI: failed to create network interface: operation error EC2: CreateNetworkInterface, https response error StatusCode: 400, RequestID: 5c0af34a-62fa-4baa-af23-291607390e8a, api error InvalidParameterValue: There aren't sufficient free Ipv4 addresses or prefixes"}
{"level":"debug","ts":"2026-10-05T08:39:18.138Z","caller":"ipamd/ipamd.go:1548","msg":"ENI eni-EXAMPLE21 cannot be deleted because it is primary"}
{"level":"debug","ts":"2026-10-05T08:39:23.141Z","caller":"ipamd/ipamd.go:809","msg":"IP pool is too low for Network Card 0: available (0) < ENI target (1) * addrsPerENI (16)"}
{"level":"debug","ts":"2026-10-05T08:39:23.141Z","caller":"ipamd/ipamd.go:2689","msg":"Prefix pool stats for network card 0: Total IPs/Prefixes = 0/0, AssignedIPs/CooldownIPs: 0/0, c.maxIPsPerENI = 80"}
{"level":"debug","ts":"2026-10-05T08:39:23.141Z","caller":"ipamd/ipamd.go:795","msg":"IP stats for Network Card 0 - total IPs: 0, assigned IPs: 0, cooldown IPs: 0"}
{"level":"debug","ts":"2026-10-05T08:39:23.141Z","caller":"ipamd/ipamd.go:813","msg":"Starting to increase pool size for network card 0"}
{"level":"debug","ts":"2026-10-05T08:39:23.141Z","caller":"ipamd/ipamd.go:966","msg":"Node found \"ip-10-20-0-45.ec2.internal\" - no of taints - 0"}
{"level":"debug","ts":"2026-10-05T08:39:23.141Z","caller":"ipamd/ipamd.go:2758","msg":"Prefix target is 1, short of 1 prefixes, free 0 prefixes"}
{"level":"debug","ts":"2026-10-05T08:39:23.141Z","caller":"ipamd/ipamd.go:1248","msg":"ToAllocate: 1, Network Card 0"}
{"level":"debug","ts":"2026-10-05T08:39:23.141Z","caller":"ipamd/ipamd.go:1251","msg":"Found ENI eni-EXAMPLE21 that has less than the maximum number of IP/Prefixes addresses allocated: cur=0, max=5"}
{"level":"info","ts":"2026-10-05T08:39:23.142Z","caller":"ipamd/ipamd.go:1255","msg":"Trying to allocate 1 IP addresses on ENI eni-EXAMPLE21"}
{"level":"debug","ts":"2026-10-05T08:39:23.142Z","caller":"ipamd/ipamd.go:1255","msg":"PD enabled - true"}
{"level":"debug","ts":"2026-10-05T08:39:23.618Z","caller":"awsutils/awsutils.go:2174","msg":"checkAPIErrorAndBroadcastEvent resulted in operation error EC2: AssignPrivateIpAddresses, https response error StatusCode: 400, RequestID: 0b75ba79-065a-4217-b4f5-d0669316a602, api error InsufficientCidrBlocks: The specified subnet does not have enough free cidr blocks to satisfy the request."}
{"level":"error","ts":"2026-10-05T08:39:23.618Z","caller":"ipamd/ipamd.go:1255","msg":"Failed to allocate a private IP/Prefix addresses on ENI eni-EXAMPLE21: operation error EC2: AssignPrivateIpAddresses, https response error StatusCode: 400, RequestID: 0b75ba79-065a-4217-b4f5-d0669316a602, api error InsufficientCidrBlocks: The specified subnet does not have enough free cidr blocks to satisfy the request."}
{"level":"debug","ts":"2026-10-05T08:39:23.618Z","caller":"ipamd/ipamd.go:1256","msg":"containsPrivateIPAddressLimitExceededError encountered operation error EC2: AssignPrivateIpAddresses, https response error StatusCode: 400, RequestID: 0b75ba79-065a-4217-b4f5-d0669316a602, api error InsufficientCidrBlocks: The specified subnet does not have enough free cidr blocks to satisfy the request."}
{"level":"warn","ts":"2026-10-05T08:39:23.618Z","caller":"ipamd/ipamd.go:1113","msg":"failed to allocate all available IPv4 Prefixes on ENI eni-EXAMPLE21, err: operation error EC2: AssignPrivateIpAddresses, https response error StatusCode: 400, RequestID: 0b75ba79-065a-4217-b4f5-d0669316a602, api error InsufficientCidrBlocks: The specified subnet does not have enough free cidr blocks to satisfy the request."}
{"level":"info","ts":"2026-10-05T08:39:23.618Z","caller":"ipamd/ipamd.go:1259","msg":"Trying to allocate 1 IP addresses on ENI eni-EXAMPLE21"}
{"level":"debug","ts":"2026-10-05T08:39:23.618Z","caller":"ipamd/ipamd.go:1259","msg":"PD enabled - true"}
{"level":"debug","ts":"2026-10-05T08:39:24.032Z","caller":"awsutils/awsutils.go:2174","msg":"checkAPIErrorAndBroadcastEvent resulted in operation error EC2: AssignPrivateIpAddresses, https response error StatusCode: 400, RequestID: ef969b8d-8d31-4be3-9e45-073f737135b3, api error InsufficientCidrBlocks: The specified subnet does not have enough free cidr blocks to satisfy the request."}
{"level":"error","ts":"2026-10-05T08:39:24.032Z","caller":"ipamd/ipamd.go:1259","msg":"Failed to allocate a private IP/Prefix addresses on ENI eni-EXAMPLE21: operation error EC2: AssignPrivateIpAddresses, https response error StatusCode: 400, RequestID: ef969b8d-8d31-4be3-9e45-073f737135b3, api error InsufficientCidrBlocks: The specified subnet does not have enough free cidr blocks to satisfy the request."}
{"level":"debug","ts":"2026-10-05T08:39:24.032Z","caller":"ipamd/ipamd.go:1260","msg":"containsPrivateIPAddressLimitExceededError encountered operation error EC2: AssignPrivateIpAddresses, https response error StatusCode: 400, RequestID: ef969b8d-8d31-4be3-9e45-073f737135b3, api error InsufficientCidrBlocks: The specified subnet does not have enough free cidr blocks to satisfy the request."}
{"level":"debug","ts":"2026-10-05T08:39:24.032Z","caller":"ipamd/ipamd.go:1262","msg":"containsInsufficientCIDRsOrSubnetIPs encountered operation error EC2: AssignPrivateIpAddresses, https response error StatusCode: 400, RequestID: ef969b8d-8d31-4be3-9e45-073f737135b3, api error InsufficientCidrBlocks: The specified subnet does not have enough free cidr blocks to satisfy the request."}
{"level":"debug","ts":"2026-10-05T08:39:24.032Z","caller":"ipamd/ipamd.go:1262","msg":"Insufficient IP Addresses due to: InsufficientCidrBlocks\n"}
{"level":"debug","ts":"2026-10-05T08:39:24.032Z","caller":"ipamd/ipamd.go:1003","msg":"hasRoomForEni: networkCard=0, currentENIs=1, currentUsableENIs=1, maxENI=3, unmanagedENI=0, trunkEni=0, excludedENI=0, hasRoom=true"}
{"level":"debug","ts":"2026-10-05T08:39:24.032Z","caller":"ipamd/ipamd.go:2758","msg":"Prefix target is 1, short of 1 prefixes, free 0 prefixes"}
{"level":"debug","ts":"2026-10-05T08:39:24.032Z","caller":"ipamd/ipamd.go:2595","msg":"ToAllocate: 1, Network Card 0"}
{"level":"info","ts":"2026-10-05T08:39:24.032Z","caller":"awsutils/awsutils.go:1044","msg":"Trying to allocate 1 IP addresses on new ENI"}
{"level":"debug","ts":"2026-10-05T08:39:24.032Z","caller":"awsutils/awsutils.go:1044","msg":"PD enabled - true"}
{"level":"debug","ts":"2026-10-05T08:39:24.316Z","caller":"awsutils/awsutils.go:1272","msg":"Primary subnet subnet-EXAMPLE1 has no kubernetes.io/role/cni tag, including it for ENI creation (backwards compatibility)"}
{"level":"info","ts":"2026-10-05T08:39:24.316Z","caller":"awsutils/awsutils.go:1044","msg":"Creating ENI with security groups: [sg-EXAMPLE1] in subnet: subnet-EXAMPLE1"}
{"level":"debug","ts":"2026-10-05T08:39:24.587Z","caller":"awsutils/awsutils.go:1449","msg":"checkAPIErrorAndBroadcastEvent resulted in operation error EC2: CreateNetworkInterface, https response error StatusCode: 400, RequestID: be389038-2281-4941-ad60-7f54d59e2d75, api error InvalidParameterValue: There aren't sufficient free Ipv4 addresses or prefixes"}
{"level":"error","ts":"2026-10-05T08:39:24.588Z","caller":"awsutils/awsutils.go:1285","msg":"Failed to CreateNetworkInterface operation error EC2: CreateNetworkInterface, https response error StatusCode: 400, RequestID: be389038-2281-4941-ad60-7f54d59e2d75, api error InvalidParameterValue: There aren't sufficient free Ipv4 addresses or prefixes for subnet subnet-EXAMPLE1"}
{"level":"debug","ts":"2026-10-05T08:39:24.588Z","caller":"awsutils/awsutils.go:1272","msg":"Subnet subnet-EXAMPLE2 has no kubernetes.io/role/cni tag, excluding it from ENI creation"}
{"level":"error","ts":"2026-10-05T08:39:24.588Z","caller":"ipamd/ipamd.go:1004","msg":"Failed to increase pool size due to not able to allocate ENI AllocENI: failed to create ENI: failed to create network interface: operation error EC2: CreateNetworkInterface, https response error StatusCode: 400, RequestID: be389038-2281-4941-ad60-7f54d59e2d75, api error InvalidParameterValue: There aren't sufficient free Ipv4 addresses or prefixes"}
{"level":"warn","ts":"2026-10-05T08:39:24.588Z","caller":"ipamd/ipamd.go:1004","msg":"Failed to allocate 1 IP addresses on an ENI: AllocENI: failed to create ENI: failed to create network interface: operation error EC2: CreateNetworkInterface, https response error StatusCode: 400, RequestID: be389038-2281-4941-ad60-7f54d59e2d75, api error InvalidParameterValue: There aren't sufficient free Ipv4 addresses or prefixes"}
{"level":"debug","ts":"2026-10-05T08:39:24.588Z","caller":"ipamd/ipamd.go:1082","msg":"containsInsufficientCIDRsOrSubnetIPs encountered AllocENI: failed to create ENI: failed to create network interface: operation error EC2: CreateNetworkInterface, https response error StatusCode: 400, RequestID: be389038-2281-4941-ad60-7f54d59e2d75, api error InvalidParameterValue: There aren't sufficient free Ipv4 addresses or prefixes"}
{"level":"debug","ts":"2026-10-05T08:39:24.588Z","caller":"ipamd/ipamd.go:1082","msg":"Insufficient IP Addresses due to: InvalidParameterValue\n"}
{"level":"debug","ts":"2026-10-05T08:39:24.588Z","caller":"ipamd/ipamd.go:813","msg":"Error trying to allocate ENI: AllocENI: failed to create ENI: failed to create network interface: operation error EC2: CreateNetworkInterface, https response error StatusCode: 400, RequestID: be389038-2281-4941-ad60-7f54d59e2d75, api error InvalidParameterValue: There aren't sufficient free Ipv4 addresses or prefixes"}
{"level":"debug","ts":"2026-10-05T08:39:24.588Z","caller":"ipamd/ipamd.go:1548","msg":"ENI eni-EXAMPLE21 cannot be deleted because it is primary"}
{"level":"info","ts":"2026-10-05T08:39:24.696Z","caller":"rpc/rpc_grpc.pb.go:117","msg":"Received AddNetwork for NS /var/run/netns/cni-4db3395c-9a2e-e86f-ff0f-43effbcdbb15, Sandbox 69aaa8c676b9302b7ccc9de179c00c7e4ad83addc10f9a28239593776708825a, ifname eth0"}
{"level":"debug","ts":"2026-10-05T08:39:24.696Z","caller":"rpc/rpc_grpc.pb.go:117","msg":"AddNetworkRequest: K8S_POD_NAME:\"coredns-79f8dffc57-cv2lj\"  K8S_POD_NAMESPACE:\"kube-system\"  K8S_POD_INFRA_CONTAINER_ID:\"69aaa8c676b9302b7ccc9de179c00c7e4ad83addc10f9a28239593776708825a\"  ContainerID:\"69aaa8c676b9302b7ccc9de179c00c7e4ad83addc10f9a28239593776708825a\"  IfName:\"eth0\"  NetworkName:\"aws-cni\"  Netns:\"/var/run/netns/cni-4db3395c-9a2e-e86f-ff0f-43effbcdbb15\""}
{"level":"info","ts":"2026-10-05T08:39:24.696Z","caller":"rpc/rpc_grpc.pb.go:117","msg":"Required MultiNIC access false, interfaces required 1"}
{"level":"debug","ts":"2026-10-05T08:39:24.696Z","caller":"datastore/data_store.go:713","msg":"AssignPodIPv4Address: IP address pool stats: total 0, assigned 0"}
{"level":"debug","ts":"2026-10-05T08:39:24.696Z","caller":"datastore/data_store.go:713","msg":"AssignPodIPv4Address: ENI eni-EXAMPLE21 does not have available addresses"}
{"level":"error","ts":"2026-10-05T08:39:24.696Z","caller":"datastore/data_store.go:713","msg":"DataStore has no available IP/Prefix addresses"}
{"level":"warn","ts":"2026-10-05T08:39:24.696Z","caller":"rpc/rpc_grpc.pb.go:117","msg":"Failed to assign IPs from network card 0: AssignPodIPAddress: no available IP/Prefix addresses"}
{"level":"error","ts":"2026-10-05T08:39:24.696Z","caller":"rpc/rpc_grpc.pb.go:117","msg":"Returning failure response for AddNetwork: 1 error occurred:\n\t* AssignPodIPAddress: no available IP/Prefix addresses\n\n"}
{"level":"info","ts":"2026-10-05T08:39:24.696Z","caller":"rpc/rpc_grpc.pb.go:117","msg":"Send AddNetworkReply: Success: false IPAddr: [], resp: , err: AssignPodIPAddress: no available IP/Prefix addresses"}
{"level":"info","ts":"2026-10-05T08:39:24.720Z","caller":"rpc/rpc_grpc.pb.go:135","msg":"Received DelNetwork for Sandbox 69aaa8c676b9302b7ccc9de179c00c7e4ad83addc10f9a28239593776708825a"}
{"level":"debug","ts":"2026-10-05T08:39:24.720Z","caller":"rpc/rpc_grpc.pb.go:135","msg":"DelNetworkRequest: K8S_POD_NAME:\"coredns-79f8dffc57-cv2lj\"  K8S_POD_NAMESPACE:\"kube-system\"  K8S_POD_INFRA_CONTAINER_ID:\"69aaa8c676b9302b7ccc9de179c00c7e4ad83addc10f9a28239593776708825a\"  Reason:\"PodDeleted\"  ContainerID:\"69aaa8c676b9302b7ccc9de179c00c7e4ad83addc10f9a28239593776708825a\"  IfName:\"eth0\"  NetworkName:\"aws-cni\"  K8S_POD_UID:\"080397ba-9aa0-4db1-b449-5fe2b0811692\""}
{"level":"debug","ts":"2026-10-05T08:39:24.720Z","caller":"ipamd/rpc_handler.go:353","msg":"UnassignPodIPAddress: IP address pool stats: total 0, assigned 0, sandbox aws-cni/69aaa8c676b9302b7ccc9de179c00c7e4ad83addc10f9a28239593776708825a/eth0"}
{"level":"debug","ts":"2026-10-05T08:39:24.720Z","caller":"ipamd/rpc_handler.go:353","msg":"UnassignPodIPAddress: Failed to find IPAM entry under full key, trying CRI-migrated version"}
{"level":"warn","ts":"2026-10-05T08:39:24.720Z","caller":"ipamd/rpc_handler.go:353","msg":"UnassignPodIPAddress: Failed to find sandbox _migrated-from-cri/69aaa8c676b9302b7ccc9de179c00c7e4ad83addc10f9a28239593776708825a/unknown"}
{"level":"info","ts":"2026-10-05T08:39:24.720Z","caller":"rpc/rpc_grpc.pb.go:135","msg":"Send DelNetworkReply: IPAddress: [], err: 1 error occurred:\n\t* datastore: unknown pod\n\n"}
{"level":"info","ts":"2026-10-05T08:39:27.696Z","caller":"rpc/rpc_grpc.pb.go:117","msg":"Received AddNetwork for NS /var/run/netns/cni-ad1b89aa-c5a4-70ba-df11-bebc9539e45b, Sandbox 350774fc95f40a2409ef10eab76d702677e888656bde43e7cf7c2d24bc7774dd, ifname eth0"}
{"level":"debug","ts":"2026-10-05T08:39:27.696Z","caller":"rpc/rpc_grpc.pb.go:117","msg":"AddNetworkRequest: K8S_POD_NAME:\"coredns-79f8dffc57-fwslz\"  K8S_POD_NAMESPACE:\"kube-system\"  K8S_POD_INFRA_CONTAINER_ID:\"350774fc95f40a2409ef10eab76d702677e888656bde43e7cf7c2d24bc7774dd\"  ContainerID:\"350774fc95f40a2409ef10eab76d702677e888656bde43e7cf7c2d24bc7774dd\"  IfName:\"eth0\"  NetworkName:\"aws-cni\"  Netns:\"/var/run/netns/cni-ad1b89aa-c5a4-70ba-df11-bebc9539e45b\""}
{"level":"info","ts":"2026-10-05T08:39:27.696Z","caller":"rpc/rpc_grpc.pb.go:117","msg":"Required MultiNIC access false, interfaces required 1"}
{"level":"debug","ts":"2026-10-05T08:39:27.696Z","caller":"datastore/data_store.go:713","msg":"AssignPodIPv4Address: IP address pool stats: total 0, assigned 0"}
{"level":"debug","ts":"2026-10-05T08:39:27.696Z","caller":"datastore/data_store.go:713","msg":"AssignPodIPv4Address: ENI eni-EXAMPLE21 does not have available addresses"}
{"level":"error","ts":"2026-10-05T08:39:27.696Z","caller":"datastore/data_store.go:713","msg":"DataStore has no available IP/Prefix addresses"}
{"level":"warn","ts":"2026-10-05T08:39:27.696Z","caller":"rpc/rpc_grpc.pb.go:117","msg":"Failed to assign IPs from network card 0: AssignPodIPAddress: no available IP/Prefix addresses"}
{"level":"error","ts":"2026-10-05T08:39:27.696Z","caller":"rpc/rpc_grpc.pb.go:117","msg":"Returning failure response for AddNetwork: 1 error occurred:\n\t* AssignPodIPAddress: no available IP/Prefix addresses\n\n"}
{"level":"info","ts":"2026-10-05T08:39:27.696Z","caller":"rpc/rpc_grpc.pb.go:117","msg":"Send AddNetworkReply: Success: false IPAddr: [], resp: , err: AssignPodIPAddress: no available IP/Prefix addresses"}
{"level":"info","ts":"2026-10-05T08:39:27.719Z","caller":"rpc/rpc_grpc.pb.go:135","msg":"Received DelNetwork for Sandbox 350774fc95f40a2409ef10eab76d702677e888656bde43e7cf7c2d24bc7774dd"}
{"level":"debug","ts":"2026-10-05T08:39:27.719Z","caller":"rpc/rpc_grpc.pb.go:135","msg":"DelNetworkRequest: K8S_POD_NAME:\"coredns-79f8dffc57-fwslz\"  K8S_POD_NAMESPACE:\"kube-system\"  K8S_POD_INFRA_CONTAINER_ID:\"350774fc95f40a2409ef10eab76d702677e888656bde43e7cf7c2d24bc7774dd\"  Reason:\"PodDeleted\"  ContainerID:\"350774fc95f40a2409ef10eab76d702677e888656bde43e7cf7c2d24bc7774dd\"  IfName:\"eth0\"  NetworkName:\"aws-cni\"  K8S_POD_UID:\"ad241f1d-d89e-4886-8d30-e22384a0b925\""}
{"level":"debug","ts":"2026-10-05T08:39:27.719Z","caller":"ipamd/rpc_handler.go:353","msg":"UnassignPodIPAddress: IP address pool stats: total 0, assigned 0, sandbox aws-cni/350774fc95f40a2409ef10eab76d702677e888656bde43e7cf7c2d24bc7774dd/eth0"}
{"level":"debug","ts":"2026-10-05T08:39:27.719Z","caller":"ipamd/rpc_handler.go:353","msg":"UnassignPodIPAddress: Failed to find IPAM entry under full key, trying CRI-migrated version"}
{"level":"warn","ts":"2026-10-05T08:39:27.719Z","caller":"ipamd/rpc_handler.go:353","msg":"UnassignPodIPAddress: Failed to find sandbox _migrated-from-cri/350774fc95f40a2409ef10eab76d702677e888656bde43e7cf7c2d24bc7774dd/unknown"}
{"level":"info","ts":"2026-10-05T08:39:27.719Z","caller":"rpc/rpc_grpc.pb.go:135","msg":"Send DelNetworkReply: IPAddress: [], err: 1 error occurred:\n\t* datastore: unknown pod\n\n"}
{"level":"debug","ts":"2026-10-05T08:39:29.588Z","caller":"ipamd/ipamd.go:809","msg":"IP pool is too low for Network Card 0: available (0) < ENI target (1) * addrsPerENI (16)"}
{"level":"debug","ts":"2026-10-05T08:39:29.588Z","caller":"ipamd/ipamd.go:2689","msg":"Prefix pool stats for network card 0: Total IPs/Prefixes = 0/0, AssignedIPs/CooldownIPs: 0/0, c.maxIPsPerENI = 80"}
{"level":"debug","ts":"2026-10-05T08:39:29.588Z","caller":"ipamd/ipamd.go:795","msg":"IP stats for Network Card 0 - total IPs: 0, assigned IPs: 0, cooldown IPs: 0"}
{"level":"debug","ts":"2026-10-05T08:39:29.588Z","caller":"ipamd/ipamd.go:813","msg":"Starting to increase pool size for network card 0"}
{"level":"debug","ts":"2026-10-05T08:39:29.588Z","caller":"ipamd/ipamd.go:966","msg":"Node found \"ip-10-20-0-45.ec2.internal\" - no of taints - 0"}
{"level":"debug","ts":"2026-10-05T08:39:29.588Z","caller":"ipamd/ipamd.go:2758","msg":"Prefix target is 1, short of 1 prefixes, free 0 prefixes"}
{"level":"debug","ts":"2026-10-05T08:39:29.588Z","caller":"ipamd/ipamd.go:1248","msg":"ToAllocate: 1, Network Card 0"}
{"level":"debug","ts":"2026-10-05T08:39:29.588Z","caller":"ipamd/ipamd.go:1251","msg":"Found ENI eni-EXAMPLE21 that has less than the maximum number of IP/Prefixes addresses allocated: cur=0, max=5"}
{"level":"info","ts":"2026-10-05T08:39:29.588Z","caller":"ipamd/ipamd.go:1255","msg":"Trying to allocate 1 IP addresses on ENI eni-EXAMPLE21"}
{"level":"debug","ts":"2026-10-05T08:39:29.588Z","caller":"ipamd/ipamd.go:1255","msg":"PD enabled - true"}
{"level":"debug","ts":"2026-10-05T08:39:30.011Z","caller":"awsutils/awsutils.go:2174","msg":"checkAPIErrorAndBroadcastEvent resulted in operation error EC2: AssignPrivateIpAddresses, https response error StatusCode: 400, RequestID: e79d9448-4a79-4c92-a807-2897040aa441, api error InsufficientCidrBlocks: The specified subnet does not have enough free cidr blocks to satisfy the request."}
{"level":"error","ts":"2026-10-05T08:39:30.011Z","caller":"ipamd/ipamd.go:1255","msg":"Failed to allocate a private IP/Prefix addresses on ENI eni-EXAMPLE21: operation error EC2: AssignPrivateIpAddresses, https response error StatusCode: 400, RequestID: e79d9448-4a79-4c92-a807-2897040aa441, api error InsufficientCidrBlocks: The specified subnet does not have enough free cidr blocks to satisfy the request."}
{"level":"debug","ts":"2026-10-05T08:39:30.011Z","caller":"ipamd/ipamd.go:1256","msg":"containsPrivateIPAddressLimitExceededError encountered operation error EC2: AssignPrivateIpAddresses, https response error StatusCode: 400, RequestID: e79d9448-4a79-4c92-a807-2897040aa441, api error InsufficientCidrBlocks: The specified subnet does not have enough free cidr blocks to satisfy the request."}
{"level":"warn","ts":"2026-10-05T08:39:30.011Z","caller":"ipamd/ipamd.go:1113","msg":"failed to allocate all available IPv4 Prefixes on ENI eni-EXAMPLE21, err: operation error EC2: AssignPrivateIpAddresses, https response error StatusCode: 400, RequestID: e79d9448-4a79-4c92-a807-2897040aa441, api error InsufficientCidrBlocks: The specified subnet does not have enough free cidr blocks to satisfy the request."}
{"level":"info","ts":"2026-10-05T08:39:30.011Z","caller":"ipamd/ipamd.go:1259","msg":"Trying to allocate 1 IP addresses on ENI eni-EXAMPLE21"}
{"level":"debug","ts":"2026-10-05T08:39:30.011Z","caller":"ipamd/ipamd.go:1259","msg":"PD enabled - true"}
{"level":"debug","ts":"2026-10-05T08:39:30.486Z","caller":"awsutils/awsutils.go:2174","msg":"checkAPIErrorAndBroadcastEvent resulted in operation error EC2: AssignPrivateIpAddresses, https response error StatusCode: 400, RequestID: f4fe7889-b5f5-46ae-b011-851d0c4d0704, api error InsufficientCidrBlocks: The specified subnet does not have enough free cidr blocks to satisfy the request."}
{"level":"error","ts":"2026-10-05T08:39:30.486Z","caller":"ipamd/ipamd.go:1259","msg":"Failed to allocate a private IP/Prefix addresses on ENI eni-EXAMPLE21: operation error EC2: AssignPrivateIpAddresses, https response error StatusCode: 400, RequestID: f4fe7889-b5f5-46ae-b011-851d0c4d0704, api error InsufficientCidrBlocks: The specified subnet does not have enough free cidr blocks to satisfy the request."}
{"level":"debug","ts":"2026-10-05T08:39:30.486Z","caller":"ipamd/ipamd.go:1260","msg":"containsPrivateIPAddressLimitExceededError encountered operation error EC2: AssignPrivateIpAddresses, https response error StatusCode: 400, RequestID: f4fe7889-b5f5-46ae-b011-851d0c4d0704, api error InsufficientCidrBlocks: The specified subnet does not have enough free cidr blocks to satisfy the request."}
{"level":"debug","ts":"2026-10-05T08:39:30.486Z","caller":"ipamd/ipamd.go:1262","msg":"containsInsufficientCIDRsOrSubnetIPs encountered operation error EC2: AssignPrivateIpAddresses, https response error StatusCode: 400, RequestID: f4fe7889-b5f5-46ae-b011-851d0c4d0704, api error InsufficientCidrBlocks: The specified subnet does not have enough free cidr blocks to satisfy the request."}
{"level":"debug","ts":"2026-10-05T08:39:30.486Z","caller":"ipamd/ipamd.go:1262","msg":"Insufficient IP Addresses due to: InsufficientCidrBlocks\n"}
{"level":"debug","ts":"2026-10-05T08:39:30.486Z","caller":"ipamd/ipamd.go:1003","msg":"hasRoomForEni: networkCard=0, currentENIs=1, currentUsableENIs=1, maxENI=3, unmanagedENI=0, trunkEni=0, excludedENI=0, hasRoom=true"}
{"level":"debug","ts":"2026-10-05T08:39:30.486Z","caller":"ipamd/ipamd.go:2758","msg":"Prefix target is 1, short of 1 prefixes, free 0 prefixes"}
{"level":"debug","ts":"2026-10-05T08:39:30.486Z","caller":"ipamd/ipamd.go:2595","msg":"ToAllocate: 1, Network Card 0"}
{"level":"info","ts":"2026-10-05T08:39:30.486Z","caller":"awsutils/awsutils.go:1044","msg":"Trying to allocate 1 IP addresses on new ENI"}
{"level":"debug","ts":"2026-10-05T08:39:30.486Z","caller":"awsutils/awsutils.go:1044","msg":"PD enabled - true"}
{"level":"debug","ts":"2026-10-05T08:39:30.749Z","caller":"awsutils/awsutils.go:1272","msg":"Primary subnet subnet-EXAMPLE1 has no kubernetes.io/role/cni tag, including it for ENI creation (backwards compatibility)"}
{"level":"info","ts":"2026-10-05T08:39:30.749Z","caller":"awsutils/awsutils.go:1044","msg":"Creating ENI with security groups: [sg-EXAMPLE1] in subnet: subnet-EXAMPLE1"}
{"level":"debug","ts":"2026-10-05T08:39:31.001Z","caller":"awsutils/awsutils.go:1449","msg":"checkAPIErrorAndBroadcastEvent resulted in operation error EC2: CreateNetworkInterface, https response error StatusCode: 400, RequestID: ec866d86-f4e9-435f-b2e7-d0bff93f87d1, api error InvalidParameterValue: There aren't sufficient free Ipv4 addresses or prefixes"}
{"level":"error","ts":"2026-10-05T08:39:31.001Z","caller":"awsutils/awsutils.go:1285","msg":"Failed to CreateNetworkInterface operation error EC2: CreateNetworkInterface, https response error StatusCode: 400, RequestID: ec866d86-f4e9-435f-b2e7-d0bff93f87d1, api error InvalidParameterValue: There aren't sufficient free Ipv4 addresses or prefixes for subnet subnet-EXAMPLE1"}
{"level":"debug","ts":"2026-10-05T08:39:31.001Z","caller":"awsutils/awsutils.go:1272","msg":"Subnet subnet-EXAMPLE2 has no kubernetes.io/role/cni tag, excluding it from ENI creation"}
{"level":"error","ts":"2026-10-05T08:39:31.001Z","caller":"ipamd/ipamd.go:1004","msg":"Failed to increase pool size due to not able to allocate ENI AllocENI: failed to create ENI: failed to create network interface: operation error EC2: CreateNetworkInterface, https response error StatusCode: 400, RequestID: ec866d86-f4e9-435f-b2e7-d0bff93f87d1, api error InvalidParameterValue: There aren't sufficient free Ipv4 addresses or prefixes"}
{"level":"warn","ts":"2026-10-05T08:39:31.001Z","caller":"ipamd/ipamd.go:1004","msg":"Failed to allocate 1 IP addresses on an ENI: AllocENI: failed to create ENI: failed to create network interface: operation error EC2: CreateNetworkInterface, https response error StatusCode: 400, RequestID: ec866d86-f4e9-435f-b2e7-d0bff93f87d1, api error InvalidParameterValue: There aren't sufficient free Ipv4 addresses or prefixes"}
{"level":"debug","ts":"2026-10-05T08:39:31.001Z","caller":"ipamd/ipamd.go:1082","msg":"containsInsufficientCIDRsOrSubnetIPs encountered AllocENI: failed to create ENI: failed to create network interface: operation error EC2: CreateNetworkInterface, https response error StatusCode: 400, RequestID: ec866d86-f4e9-435f-b2e7-d0bff93f87d1, api error InvalidParameterValue: There aren't sufficient free Ipv4 addresses or prefixes"}
{"level":"debug","ts":"2026-10-05T08:39:31.001Z","caller":"ipamd/ipamd.go:1082","msg":"Insufficient IP Addresses due to: InvalidParameterValue\n"}
{"level":"debug","ts":"2026-10-05T08:39:31.001Z","caller":"ipamd/ipamd.go:813","msg":"Error trying to allocate ENI: AllocENI: failed to create ENI: failed to create network interface: operation error EC2: CreateNetworkInterface, https response error StatusCode: 400, RequestID: ec866d86-f4e9-435f-b2e7-d0bff93f87d1, api error InvalidParameterValue: There aren't sufficient free Ipv4 addresses or prefixes"}
{"level":"debug","ts":"2026-10-05T08:39:31.001Z","caller":"ipamd/ipamd.go:1548","msg":"ENI eni-EXAMPLE21 cannot be deleted because it is primary"}
{"level":"debug","ts":"2026-10-05T08:39:36.002Z","caller":"ipamd/ipamd.go:809","msg":"IP pool is too low for Network Card 0: available (0) < ENI target (1) * addrsPerENI (16)"}
{"level":"debug","ts":"2026-10-05T08:39:36.002Z","caller":"ipamd/ipamd.go:2689","msg":"Prefix pool stats for network card 0: Total IPs/Prefixes = 0/0, AssignedIPs/CooldownIPs: 0/0, c.maxIPsPerENI = 80"}
{"level":"debug","ts":"2026-10-05T08:39:36.002Z","caller":"ipamd/ipamd.go:795","msg":"IP stats for Network Card 0 - total IPs: 0, assigned IPs: 0, cooldown IPs: 0"}
{"level":"debug","ts":"2026-10-05T08:39:36.002Z","caller":"ipamd/ipamd.go:813","msg":"Starting to increase pool size for network card 0"}
{"level":"debug","ts":"2026-10-05T08:39:36.002Z","caller":"ipamd/ipamd.go:966","msg":"Node found \"ip-10-20-0-45.ec2.internal\" - no of taints - 0"}
{"level":"debug","ts":"2026-10-05T08:39:36.002Z","caller":"ipamd/ipamd.go:2758","msg":"Prefix target is 1, short of 1 prefixes, free 0 prefixes"}
{"level":"debug","ts":"2026-10-05T08:39:36.002Z","caller":"ipamd/ipamd.go:1248","msg":"ToAllocate: 1, Network Card 0"}
{"level":"debug","ts":"2026-10-05T08:39:36.002Z","caller":"ipamd/ipamd.go:1251","msg":"Found ENI eni-EXAMPLE21 that has less than the maximum number of IP/Prefixes addresses allocated: cur=0, max=5"}
{"level":"info","ts":"2026-10-05T08:39:36.002Z","caller":"ipamd/ipamd.go:1255","msg":"Trying to allocate 1 IP addresses on ENI eni-EXAMPLE21"}
{"level":"debug","ts":"2026-10-05T08:39:36.002Z","caller":"ipamd/ipamd.go:1255","msg":"PD enabled - true"}
{"level":"debug","ts":"2026-10-05T08:39:36.395Z","caller":"awsutils/awsutils.go:2174","msg":"checkAPIErrorAndBroadcastEvent resulted in operation error EC2: AssignPrivateIpAddresses, https response error StatusCode: 400, RequestID: e6704910-cdeb-45b7-8eed-5130fe3d6107, api error InsufficientCidrBlocks: The specified subnet does not have enough free cidr blocks to satisfy the request."}
{"level":"error","ts":"2026-10-05T08:39:36.395Z","caller":"ipamd/ipamd.go:1255","msg":"Failed to allocate a private IP/Prefix addresses on ENI eni-EXAMPLE21: operation error EC2: AssignPrivateIpAddresses, https response error StatusCode: 400, RequestID: e6704910-cdeb-45b7-8eed-5130fe3d6107, api error InsufficientCidrBlocks: The specified subnet does not have enough free cidr blocks to satisfy the request."}
{"level":"debug","ts":"2026-10-05T08:39:36.395Z","caller":"ipamd/ipamd.go:1256","msg":"containsPrivateIPAddressLimitExceededError encountered operation error EC2: AssignPrivateIpAddresses, https response error StatusCode: 400, RequestID: e6704910-cdeb-45b7-8eed-5130fe3d6107, api error InsufficientCidrBlocks: The specified subnet does not have enough free cidr blocks to satisfy the request."}
{"level":"warn","ts":"2026-10-05T08:39:36.395Z","caller":"ipamd/ipamd.go:1113","msg":"failed to allocate all available IPv4 Prefixes on ENI eni-EXAMPLE21, err: operation error EC2: AssignPrivateIpAddresses, https response error StatusCode: 400, RequestID: e6704910-cdeb-45b7-8eed-5130fe3d6107, api error InsufficientCidrBlocks: The specified subnet does not have enough free cidr blocks to satisfy the request."}
{"level":"info","ts":"2026-10-05T08:39:36.395Z","caller":"ipamd/ipamd.go:1259","msg":"Trying to allocate 1 IP addresses on ENI eni-EXAMPLE21"}
{"level":"debug","ts":"2026-10-05T08:39:36.395Z","caller":"ipamd/ipamd.go:1259","msg":"PD enabled - true"}
{"level":"debug","ts":"2026-10-05T08:39:36.861Z","caller":"awsutils/awsutils.go:2174","msg":"checkAPIErrorAndBroadcastEvent resulted in operation error EC2: AssignPrivateIpAddresses, https response error StatusCode: 400, RequestID: f16a406c-df9a-4ec2-b403-d083d286807a, api error InsufficientCidrBlocks: The specified subnet does not have enough free cidr blocks to satisfy the request."}
{"level":"error","ts":"2026-10-05T08:39:36.861Z","caller":"ipamd/ipamd.go:1259","msg":"Failed to allocate a private IP/Prefix addresses on ENI eni-EXAMPLE21: operation error EC2: AssignPrivateIpAddresses, https response error StatusCode: 400, RequestID: f16a406c-df9a-4ec2-b403-d083d286807a, api error InsufficientCidrBlocks: The specified subnet does not have enough free cidr blocks to satisfy the request."}
{"level":"debug","ts":"2026-10-05T08:39:36.861Z","caller":"ipamd/ipamd.go:1260","msg":"containsPrivateIPAddressLimitExceededError encountered operation error EC2: AssignPrivateIpAddresses, https response error StatusCode: 400, RequestID: f16a406c-df9a-4ec2-b403-d083d286807a, api error InsufficientCidrBlocks: The specified subnet does not have enough free cidr blocks to satisfy the request."}
{"level":"debug","ts":"2026-10-05T08:39:36.861Z","caller":"ipamd/ipamd.go:1262","msg":"containsInsufficientCIDRsOrSubnetIPs encountered operation error EC2: AssignPrivateIpAddresses, https response error StatusCode: 400, RequestID: f16a406c-df9a-4ec2-b403-d083d286807a, api error InsufficientCidrBlocks: The specified subnet does not have enough free cidr blocks to satisfy the request."}
{"level":"debug","ts":"2026-10-05T08:39:36.861Z","caller":"ipamd/ipamd.go:1262","msg":"Insufficient IP Addresses due to: InsufficientCidrBlocks\n"}
{"level":"debug","ts":"2026-10-05T08:39:36.861Z","caller":"ipamd/ipamd.go:1003","msg":"hasRoomForEni: networkCard=0, currentENIs=1, currentUsableENIs=1, maxENI=3, unmanagedENI=0, trunkEni=0, excludedENI=0, hasRoom=true"}
{"level":"debug","ts":"2026-10-05T08:39:36.861Z","caller":"ipamd/ipamd.go:2758","msg":"Prefix target is 1, short of 1 prefixes, free 0 prefixes"}
{"level":"debug","ts":"2026-10-05T08:39:36.861Z","caller":"ipamd/ipamd.go:2595","msg":"ToAllocate: 1, Network Card 0"}
{"level":"info","ts":"2026-10-05T08:39:36.861Z","caller":"awsutils/awsutils.go:1044","msg":"Trying to allocate 1 IP addresses on new ENI"}
{"level":"debug","ts":"2026-10-05T08:39:36.861Z","caller":"awsutils/awsutils.go:1044","msg":"PD enabled - true"}
{"level":"debug","ts":"2026-10-05T08:39:37.128Z","caller":"awsutils/awsutils.go:1272","msg":"Primary subnet subnet-EXAMPLE1 has no kubernetes.io/role/cni tag, including it for ENI creation (backwards compatibility)"}
{"level":"info","ts":"2026-10-05T08:39:37.128Z","caller":"awsutils/awsutils.go:1044","msg":"Creating ENI with security groups: [sg-EXAMPLE1] in subnet: subnet-EXAMPLE1"}
{"level":"debug","ts":"2026-10-05T08:39:37.389Z","caller":"awsutils/awsutils.go:1449","msg":"checkAPIErrorAndBroadcastEvent resulted in operation error EC2: CreateNetworkInterface, https response error StatusCode: 400, RequestID: 2b9d66ad-27c3-43e8-a2dc-c0c2240cf1a5, api error InvalidParameterValue: There aren't sufficient free Ipv4 addresses or prefixes"}
{"level":"error","ts":"2026-10-05T08:39:37.389Z","caller":"awsutils/awsutils.go:1285","msg":"Failed to CreateNetworkInterface operation error EC2: CreateNetworkInterface, https response error StatusCode: 400, RequestID: 2b9d66ad-27c3-43e8-a2dc-c0c2240cf1a5, api error InvalidParameterValue: There aren't sufficient free Ipv4 addresses or prefixes for subnet subnet-EXAMPLE1"}
{"level":"debug","ts":"2026-10-05T08:39:37.389Z","caller":"awsutils/awsutils.go:1272","msg":"Subnet subnet-EXAMPLE2 has no kubernetes.io/role/cni tag, excluding it from ENI creation"}
{"level":"error","ts":"2026-10-05T08:39:37.389Z","caller":"ipamd/ipamd.go:1004","msg":"Failed to increase pool size due to not able to allocate ENI AllocENI: failed to create ENI: failed to create network interface: operation error EC2: CreateNetworkInterface, https response error StatusCode: 400, RequestID: 2b9d66ad-27c3-43e8-a2dc-c0c2240cf1a5, api error InvalidParameterValue: There aren't sufficient free Ipv4 addresses or prefixes"}
{"level":"warn","ts":"2026-10-05T08:39:37.389Z","caller":"ipamd/ipamd.go:1004","msg":"Failed to allocate 1 IP addresses on an ENI: AllocENI: failed to create ENI: failed to create network interface: operation error EC2: CreateNetworkInterface, https response error StatusCode: 400, RequestID: 2b9d66ad-27c3-43e8-a2dc-c0c2240cf1a5, api error InvalidParameterValue: There aren't sufficient free Ipv4 addresses or prefixes"}
{"level":"debug","ts":"2026-10-05T08:39:37.389Z","caller":"ipamd/ipamd.go:1082","msg":"containsInsufficientCIDRsOrSubnetIPs encountered AllocENI: failed to create ENI: failed to create network interface: operation error EC2: CreateNetworkInterface, https response error StatusCode: 400, RequestID: 2b9d66ad-27c3-43e8-a2dc-c0c2240cf1a5, api error InvalidParameterValue: There aren't sufficient free Ipv4 addresses or prefixes"}
{"level":"debug","ts":"2026-10-05T08:39:37.389Z","caller":"ipamd/ipamd.go:1082","msg":"Insufficient IP Addresses due to: InvalidParameterValue\n"}
{"level":"debug","ts":"2026-10-05T08:39:37.390Z","caller":"ipamd/ipamd.go:813","msg":"Error trying to allocate ENI: AllocENI: failed to create ENI: failed to create network interface: operation error EC2: CreateNetworkInterface, https response error StatusCode: 400, RequestID: 2b9d66ad-27c3-43e8-a2dc-c0c2240cf1a5, api error InvalidParameterValue: There aren't sufficient free Ipv4 addresses or prefixes"}
{"level":"debug","ts":"2026-10-05T08:39:37.390Z","caller":"ipamd/ipamd.go:1548","msg":"ENI eni-EXAMPLE21 cannot be deleted because it is primary"}
{"level":"info","ts":"2026-10-05T08:39:37.698Z","caller":"rpc/rpc_grpc.pb.go:117","msg":"Received AddNetwork for NS /var/run/netns/cni-dcf8fae7-d6a0-4f60-59de-4bebe537adb3, Sandbox b8e410c4e19d204bd5684deacbb6a4b998a488b07f8a0ae909c7b7057d65a99a, ifname eth0"}
{"level":"debug","ts":"2026-10-05T08:39:37.698Z","caller":"rpc/rpc_grpc.pb.go:117","msg":"AddNetworkRequest: K8S_POD_NAME:\"coredns-79f8dffc57-cv2lj\"  K8S_POD_NAMESPACE:\"kube-system\"  K8S_POD_INFRA_CONTAINER_ID:\"b8e410c4e19d204bd5684deacbb6a4b998a488b07f8a0ae909c7b7057d65a99a\"  ContainerID:\"b8e410c4e19d204bd5684deacbb6a4b998a488b07f8a0ae909c7b7057d65a99a\"  IfName:\"eth0\"  NetworkName:\"aws-cni\"  Netns:\"/var/run/netns/cni-dcf8fae7-d6a0-4f60-59de-4bebe537adb3\""}
{"level":"info","ts":"2026-10-05T08:39:37.698Z","caller":"rpc/rpc_grpc.pb.go:117","msg":"Required MultiNIC access false, interfaces required 1"}
{"level":"debug","ts":"2026-10-05T08:39:37.698Z","caller":"datastore/data_store.go:713","msg":"AssignPodIPv4Address: IP address pool stats: total 0, assigned 0"}
{"level":"debug","ts":"2026-10-05T08:39:37.698Z","caller":"datastore/data_store.go:713","msg":"AssignPodIPv4Address: ENI eni-EXAMPLE21 does not have available addresses"}
{"level":"error","ts":"2026-10-05T08:39:37.698Z","caller":"datastore/data_store.go:713","msg":"DataStore has no available IP/Prefix addresses"}
{"level":"warn","ts":"2026-10-05T08:39:37.698Z","caller":"rpc/rpc_grpc.pb.go:117","msg":"Failed to assign IPs from network card 0: AssignPodIPAddress: no available IP/Prefix addresses"}
{"level":"error","ts":"2026-10-05T08:39:37.698Z","caller":"rpc/rpc_grpc.pb.go:117","msg":"Returning failure response for AddNetwork: 1 error occurred:\n\t* AssignPodIPAddress: no available IP/Prefix addresses\n\n"}
{"level":"info","ts":"2026-10-05T08:39:37.698Z","caller":"rpc/rpc_grpc.pb.go:117","msg":"Send AddNetworkReply: Success: false IPAddr: [], resp: , err: AssignPodIPAddress: no available IP/Prefix addresses"}
{"level":"info","ts":"2026-10-05T08:39:37.721Z","caller":"rpc/rpc_grpc.pb.go:135","msg":"Received DelNetwork for Sandbox b8e410c4e19d204bd5684deacbb6a4b998a488b07f8a0ae909c7b7057d65a99a"}
{"level":"debug","ts":"2026-10-05T08:39:37.721Z","caller":"rpc/rpc_grpc.pb.go:135","msg":"DelNetworkRequest: K8S_POD_NAME:\"coredns-79f8dffc57-cv2lj\"  K8S_POD_NAMESPACE:\"kube-system\"  K8S_POD_INFRA_CONTAINER_ID:\"b8e410c4e19d204bd5684deacbb6a4b998a488b07f8a0ae909c7b7057d65a99a\"  Reason:\"PodDeleted\"  ContainerID:\"b8e410c4e19d204bd5684deacbb6a4b998a488b07f8a0ae909c7b7057d65a99a\"  IfName:\"eth0\"  NetworkName:\"aws-cni\"  K8S_POD_UID:\"080397ba-9aa0-4db1-b449-5fe2b0811692\""}
{"level":"debug","ts":"2026-10-05T08:39:37.721Z","caller":"ipamd/rpc_handler.go:353","msg":"UnassignPodIPAddress: IP address pool stats: total 0, assigned 0, sandbox aws-cni/b8e410c4e19d204bd5684deacbb6a4b998a488b07f8a0ae909c7b7057d65a99a/eth0"}
{"level":"debug","ts":"2026-10-05T08:39:37.721Z","caller":"ipamd/rpc_handler.go:353","msg":"UnassignPodIPAddress: Failed to find IPAM entry under full key, trying CRI-migrated version"}
{"level":"warn","ts":"2026-10-05T08:39:37.721Z","caller":"ipamd/rpc_handler.go:353","msg":"UnassignPodIPAddress: Failed to find sandbox _migrated-from-cri/b8e410c4e19d204bd5684deacbb6a4b998a488b07f8a0ae909c7b7057d65a99a/unknown"}
{"level":"info","ts":"2026-10-05T08:39:37.721Z","caller":"rpc/rpc_grpc.pb.go:135","msg":"Send DelNetworkReply: IPAddress: [], err: 1 error occurred:\n\t* datastore: unknown pod\n\n"}
{"level":"debug","ts":"2026-10-05T08:39:42.393Z","caller":"ipamd/ipamd.go:809","msg":"IP pool is too low for Network Card 0: available (0) < ENI target (1) * addrsPerENI (16)"}
{"level":"debug","ts":"2026-10-05T08:39:42.393Z","caller":"ipamd/ipamd.go:2689","msg":"Prefix pool stats for network card 0: Total IPs/Prefixes = 0/0, AssignedIPs/CooldownIPs: 0/0, c.maxIPsPerENI = 80"}
{"level":"debug","ts":"2026-10-05T08:39:42.393Z","caller":"ipamd/ipamd.go:795","msg":"IP stats for Network Card 0 - total IPs: 0, assigned IPs: 0, cooldown IPs: 0"}
{"level":"debug","ts":"2026-10-05T08:39:42.393Z","caller":"ipamd/ipamd.go:813","msg":"Starting to increase pool size for network card 0"}
{"level":"debug","ts":"2026-10-05T08:39:42.393Z","caller":"ipamd/ipamd.go:966","msg":"Node found \"ip-10-20-0-45.ec2.internal\" - no of taints - 0"}
{"level":"debug","ts":"2026-10-05T08:39:42.393Z","caller":"ipamd/ipamd.go:2758","msg":"Prefix target is 1, short of 1 prefixes, free 0 prefixes"}
{"level":"debug","ts":"2026-10-05T08:39:42.393Z","caller":"ipamd/ipamd.go:1248","msg":"ToAllocate: 1, Network Card 0"}
{"level":"debug","ts":"2026-10-05T08:39:42.393Z","caller":"ipamd/ipamd.go:1251","msg":"Found ENI eni-EXAMPLE21 that has less than the maximum number of IP/Prefixes addresses allocated: cur=0, max=5"}
{"level":"info","ts":"2026-10-05T08:39:42.393Z","caller":"ipamd/ipamd.go:1255","msg":"Trying to allocate 1 IP addresses on ENI eni-EXAMPLE21"}
{"level":"debug","ts":"2026-10-05T08:39:42.393Z","caller":"ipamd/ipamd.go:1255","msg":"PD enabled - true"}
{"level":"info","ts":"2026-10-05T08:39:42.697Z","caller":"rpc/rpc_grpc.pb.go:117","msg":"Received AddNetwork for NS /var/run/netns/cni-c6f0394a-aa85-a9e6-6dc0-34ceec87313f, Sandbox 2a8b876736f5c04375f81d67c8305ce048b81f04edceba75e6fffbae71ec2499, ifname eth0"}
{"level":"debug","ts":"2026-10-05T08:39:42.697Z","caller":"rpc/rpc_grpc.pb.go:117","msg":"AddNetworkRequest: K8S_POD_NAME:\"coredns-79f8dffc57-fwslz\"  K8S_POD_NAMESPACE:\"kube-system\"  K8S_POD_INFRA_CONTAINER_ID:\"2a8b876736f5c04375f81d67c8305ce048b81f04edceba75e6fffbae71ec2499\"  ContainerID:\"2a8b876736f5c04375f81d67c8305ce048b81f04edceba75e6fffbae71ec2499\"  IfName:\"eth0\"  NetworkName:\"aws-cni\"  Netns:\"/var/run/netns/cni-c6f0394a-aa85-a9e6-6dc0-34ceec87313f\""}
{"level":"info","ts":"2026-10-05T08:39:42.697Z","caller":"rpc/rpc_grpc.pb.go:117","msg":"Required MultiNIC access false, interfaces required 1"}
{"level":"debug","ts":"2026-10-05T08:39:42.697Z","caller":"datastore/data_store.go:713","msg":"AssignPodIPv4Address: IP address pool stats: total 0, assigned 0"}
{"level":"debug","ts":"2026-10-05T08:39:42.697Z","caller":"datastore/data_store.go:713","msg":"AssignPodIPv4Address: ENI eni-EXAMPLE21 does not have available addresses"}
{"level":"error","ts":"2026-10-05T08:39:42.697Z","caller":"datastore/data_store.go:713","msg":"DataStore has no available IP/Prefix addresses"}
{"level":"warn","ts":"2026-10-05T08:39:42.697Z","caller":"rpc/rpc_grpc.pb.go:117","msg":"Failed to assign IPs from network card 0: AssignPodIPAddress: no available IP/Prefix addresses"}
{"level":"error","ts":"2026-10-05T08:39:42.697Z","caller":"rpc/rpc_grpc.pb.go:117","msg":"Returning failure response for AddNetwork: 1 error occurred:\n\t* AssignPodIPAddress: no available IP/Prefix addresses\n\n"}
{"level":"info","ts":"2026-10-05T08:39:42.697Z","caller":"rpc/rpc_grpc.pb.go:117","msg":"Send AddNetworkReply: Success: false IPAddr: [], resp: , err: AssignPodIPAddress: no available IP/Prefix addresses"}
{"level":"info","ts":"2026-10-05T08:39:42.721Z","caller":"rpc/rpc_grpc.pb.go:135","msg":"Received DelNetwork for Sandbox 2a8b876736f5c04375f81d67c8305ce048b81f04edceba75e6fffbae71ec2499"}
{"level":"debug","ts":"2026-10-05T08:39:42.721Z","caller":"rpc/rpc_grpc.pb.go:135","msg":"DelNetworkRequest: K8S_POD_NAME:\"coredns-79f8dffc57-fwslz\"  K8S_POD_NAMESPACE:\"kube-system\"  K8S_POD_INFRA_CONTAINER_ID:\"2a8b876736f5c04375f81d67c8305ce048b81f04edceba75e6fffbae71ec2499\"  Reason:\"PodDeleted\"  ContainerID:\"2a8b876736f5c04375f81d67c8305ce048b81f04edceba75e6fffbae71ec2499\"  IfName:\"eth0\"  NetworkName:\"aws-cni\"  K8S_POD_UID:\"ad241f1d-d89e-4886-8d30-e22384a0b925\""}
{"level":"debug","ts":"2026-10-05T08:39:42.721Z","caller":"ipamd/rpc_handler.go:353","msg":"UnassignPodIPAddress: IP address pool stats: total 0, assigned 0, sandbox aws-cni/2a8b876736f5c04375f81d67c8305ce048b81f04edceba75e6fffbae71ec2499/eth0"}
{"level":"debug","ts":"2026-10-05T08:39:42.721Z","caller":"ipamd/rpc_handler.go:353","msg":"UnassignPodIPAddress: Failed to find IPAM entry under full key, trying CRI-migrated version"}
{"level":"warn","ts":"2026-10-05T08:39:42.721Z","caller":"ipamd/rpc_handler.go:353","msg":"UnassignPodIPAddress: Failed to find sandbox _migrated-from-cri/2a8b876736f5c04375f81d67c8305ce048b81f04edceba75e6fffbae71ec2499/unknown"}
{"level":"info","ts":"2026-10-05T08:39:42.721Z","caller":"rpc/rpc_grpc.pb.go:135","msg":"Send DelNetworkReply: IPAddress: [], err: 1 error occurred:\n\t* datastore: unknown pod\n\n"}
{"level":"debug","ts":"2026-10-05T08:39:42.897Z","caller":"awsutils/awsutils.go:2174","msg":"checkAPIErrorAndBroadcastEvent resulted in operation error EC2: AssignPrivateIpAddresses, https response error StatusCode: 400, RequestID: 237a7fe5-fe76-468d-80e5-4e478a7068ea, api error InsufficientCidrBlocks: The specified subnet does not have enough free cidr blocks to satisfy the request."}
{"level":"error","ts":"2026-10-05T08:39:42.897Z","caller":"ipamd/ipamd.go:1255","msg":"Failed to allocate a private IP/Prefix addresses on ENI eni-EXAMPLE21: operation error EC2: AssignPrivateIpAddresses, https response error StatusCode: 400, RequestID: 237a7fe5-fe76-468d-80e5-4e478a7068ea, api error InsufficientCidrBlocks: The specified subnet does not have enough free cidr blocks to satisfy the request."}
{"level":"debug","ts":"2026-10-05T08:39:42.897Z","caller":"ipamd/ipamd.go:1256","msg":"containsPrivateIPAddressLimitExceededError encountered operation error EC2: AssignPrivateIpAddresses, https response error StatusCode: 400, RequestID: 237a7fe5-fe76-468d-80e5-4e478a7068ea, api error InsufficientCidrBlocks: The specified subnet does not have enough free cidr blocks to satisfy the request."}
{"level":"warn","ts":"2026-10-05T08:39:42.897Z","caller":"ipamd/ipamd.go:1113","msg":"failed to allocate all available IPv4 Prefixes on ENI eni-EXAMPLE21, err: operation error EC2: AssignPrivateIpAddresses, https response error StatusCode: 400, RequestID: 237a7fe5-fe76-468d-80e5-4e478a7068ea, api error InsufficientCidrBlocks: The specified subnet does not have enough free cidr blocks to satisfy the request."}
{"level":"info","ts":"2026-10-05T08:39:42.897Z","caller":"ipamd/ipamd.go:1259","msg":"Trying to allocate 1 IP addresses on ENI eni-EXAMPLE21"}
{"level":"debug","ts":"2026-10-05T08:39:42.897Z","caller":"ipamd/ipamd.go:1259","msg":"PD enabled - true"}
{"level":"debug","ts":"2026-10-05T08:39:43.331Z","caller":"awsutils/awsutils.go:2174","msg":"checkAPIErrorAndBroadcastEvent resulted in operation error EC2: AssignPrivateIpAddresses, https response error StatusCode: 400, RequestID: 1c471c23-b7bc-4f2f-9b2f-176b715638d7, api error InsufficientCidrBlocks: The specified subnet does not have enough free cidr blocks to satisfy the request."}
{"level":"error","ts":"2026-10-05T08:39:43.331Z","caller":"ipamd/ipamd.go:1259","msg":"Failed to allocate a private IP/Prefix addresses on ENI eni-EXAMPLE21: operation error EC2: AssignPrivateIpAddresses, https response error StatusCode: 400, RequestID: 1c471c23-b7bc-4f2f-9b2f-176b715638d7, api error InsufficientCidrBlocks: The specified subnet does not have enough free cidr blocks to satisfy the request."}
{"level":"debug","ts":"2026-10-05T08:39:43.331Z","caller":"ipamd/ipamd.go:1260","msg":"containsPrivateIPAddressLimitExceededError encountered operation error EC2: AssignPrivateIpAddresses, https response error StatusCode: 400, RequestID: 1c471c23-b7bc-4f2f-9b2f-176b715638d7, api error InsufficientCidrBlocks: The specified subnet does not have enough free cidr blocks to satisfy the request."}
{"level":"debug","ts":"2026-10-05T08:39:43.331Z","caller":"ipamd/ipamd.go:1262","msg":"containsInsufficientCIDRsOrSubnetIPs encountered operation error EC2: AssignPrivateIpAddresses, https response error StatusCode: 400, RequestID: 1c471c23-b7bc-4f2f-9b2f-176b715638d7, api error InsufficientCidrBlocks: The specified subnet does not have enough free cidr blocks to satisfy the request."}
{"level":"debug","ts":"2026-10-05T08:39:43.331Z","caller":"ipamd/ipamd.go:1262","msg":"Insufficient IP Addresses due to: InsufficientCidrBlocks\n"}
{"level":"debug","ts":"2026-10-05T08:39:43.331Z","caller":"ipamd/ipamd.go:1003","msg":"hasRoomForEni: networkCard=0, currentENIs=1, currentUsableENIs=1, maxENI=3, unmanagedENI=0, trunkEni=0, excludedENI=0, hasRoom=true"}
{"level":"debug","ts":"2026-10-05T08:39:43.331Z","caller":"ipamd/ipamd.go:2758","msg":"Prefix target is 1, short of 1 prefixes, free 0 prefixes"}
{"level":"debug","ts":"2026-10-05T08:39:43.331Z","caller":"ipamd/ipamd.go:2595","msg":"ToAllocate: 1, Network Card 0"}
{"level":"info","ts":"2026-10-05T08:39:43.331Z","caller":"awsutils/awsutils.go:1044","msg":"Trying to allocate 1 IP addresses on new ENI"}
{"level":"debug","ts":"2026-10-05T08:39:43.331Z","caller":"awsutils/awsutils.go:1044","msg":"PD enabled - true"}
{"level":"debug","ts":"2026-10-05T08:39:43.589Z","caller":"awsutils/awsutils.go:1272","msg":"Primary subnet subnet-EXAMPLE1 has no kubernetes.io/role/cni tag, including it for ENI creation (backwards compatibility)"}
{"level":"info","ts":"2026-10-05T08:39:43.589Z","caller":"awsutils/awsutils.go:1044","msg":"Creating ENI with security groups: [sg-EXAMPLE1] in subnet: subnet-EXAMPLE1"}
{"level":"debug","ts":"2026-10-05T08:39:43.833Z","caller":"awsutils/awsutils.go:1449","msg":"checkAPIErrorAndBroadcastEvent resulted in operation error EC2: CreateNetworkInterface, https response error StatusCode: 400, RequestID: 8c3f39e0-43e9-4319-823d-06468c184940, api error InvalidParameterValue: There aren't sufficient free Ipv4 addresses or prefixes"}
{"level":"error","ts":"2026-10-05T08:39:43.833Z","caller":"awsutils/awsutils.go:1285","msg":"Failed to CreateNetworkInterface operation error EC2: CreateNetworkInterface, https response error StatusCode: 400, RequestID: 8c3f39e0-43e9-4319-823d-06468c184940, api error InvalidParameterValue: There aren't sufficient free Ipv4 addresses or prefixes for subnet subnet-EXAMPLE1"}
{"level":"debug","ts":"2026-10-05T08:39:43.833Z","caller":"awsutils/awsutils.go:1272","msg":"Subnet subnet-EXAMPLE2 has no kubernetes.io/role/cni tag, excluding it from ENI creation"}
{"level":"error","ts":"2026-10-05T08:39:43.833Z","caller":"ipamd/ipamd.go:1004","msg":"Failed to increase pool size due to not able to allocate ENI AllocENI: failed to create ENI: failed to create network interface: operation error EC2: CreateNetworkInterface, https response error StatusCode: 400, RequestID: 8c3f39e0-43e9-4319-823d-06468c184940, api error InvalidParameterValue: There aren't sufficient free Ipv4 addresses or prefixes"}
{"level":"warn","ts":"2026-10-05T08:39:43.833Z","caller":"ipamd/ipamd.go:1004","msg":"Failed to allocate 1 IP addresses on an ENI: AllocENI: failed to create ENI: failed to create network interface: operation error EC2: CreateNetworkInterface, https response error StatusCode: 400, RequestID: 8c3f39e0-43e9-4319-823d-06468c184940, api error InvalidParameterValue: There aren't sufficient free Ipv4 addresses or prefixes"}
{"level":"debug","ts":"2026-10-05T08:39:43.833Z","caller":"ipamd/ipamd.go:1082","msg":"containsInsufficientCIDRsOrSubnetIPs encountered AllocENI: failed to create ENI: failed to create network interface: operation error EC2: CreateNetworkInterface, https response error StatusCode: 400, RequestID: 8c3f39e0-43e9-4319-823d-06468c184940, api error InvalidParameterValue: There aren't sufficient free Ipv4 addresses or prefixes"}
{"level":"debug","ts":"2026-10-05T08:39:43.833Z","caller":"ipamd/ipamd.go:1082","msg":"Insufficient IP Addresses due to: InvalidParameterValue\n"}
{"level":"debug","ts":"2026-10-05T08:39:43.833Z","caller":"ipamd/ipamd.go:813","msg":"Error trying to allocate ENI: AllocENI: failed to create ENI: failed to create network interface: operation error EC2: CreateNetworkInterface, https response error StatusCode: 400, RequestID: 8c3f39e0-43e9-4319-823d-06468c184940, api error InvalidParameterValue: There aren't sufficient free Ipv4 addresses or prefixes"}
{"level":"debug","ts":"2026-10-05T08:39:43.833Z","caller":"ipamd/ipamd.go:1548","msg":"ENI eni-EXAMPLE21 cannot be deleted because it is primary"}
{"level":"debug","ts":"2026-10-05T08:39:46.334Z","caller":"ipamd/ipamd.go:798","msg":"Reconciling ENI/IP pool info because time since last 1m4.02601312s > 1m0s"}
{"level":"debug","ts":"2026-10-05T08:39:46.335Z","caller":"ipamd/ipamd.go:1621","msg":"Total number of interfaces found: 1 "}
{"level":"debug","ts":"2026-10-05T08:39:46.335Z","caller":"awsutils/awsutils.go:787","msg":"Found ENI MAC address: 0a:ff:c7:36:15:eb"}
{"level":"debug","ts":"2026-10-05T08:39:46.338Z","caller":"awsutils/awsutils.go:787","msg":"Found ENI: eni-EXAMPLE21, MAC 0a:ff:c7:36:15:eb, device 0"}
{"level":"debug","ts":"2026-10-05T08:39:46.340Z","caller":"awsutils/awsutils.go:787","msg":"Found IPv4 addresses associated with interface. This is not efa-only interface"}
{"level":"debug","ts":"2026-10-05T08:39:46.343Z","caller":"ipamd/ipamd.go:798","msg":"Reconcile existing ENI eni-EXAMPLE21 IP pool"}
{"level":"info","ts":"2026-10-05T08:39:46.343Z","caller":"ipamd/ipamd.go:1766","msg":"Reconcile and skip primary IP 10.20.0.45 on ENI eni-EXAMPLE21"}
{"level":"debug","ts":"2026-10-05T08:39:46.343Z","caller":"ipamd/ipamd.go:798","msg":"Reconcile existing ENI eni-EXAMPLE21 IP prefixes"}
{"level":"debug","ts":"2026-10-05T08:39:46.343Z","caller":"ipamd/ipamd.go:1693","msg":"Found prefix pool count 0 for eni eni-EXAMPLE21\n"}
{"level":"debug","ts":"2026-10-05T08:39:46.343Z","caller":"ipamd/ipamd.go:798","msg":"Successfully Reconciled ENI/IP pool"}
{"level":"debug","ts":"2026-10-05T08:39:46.343Z","caller":"ipamd/ipamd.go:1738","msg":"Prefix pool stats for network card 0: Total IPs/Prefixes = 0/0, AssignedIPs/CooldownIPs: 0/0, c.maxIPsPerENI = 80"}
{"level":"debug","ts":"2026-10-05T08:39:46.343Z","caller":"ipamd/ipamd.go:798","msg":"Primary IP for ENI eni-EXAMPLE21 is 10.20.0.45"}
{"level":"debug","ts":"2026-10-05T08:39:48.844Z","caller":"ipamd/ipamd.go:809","msg":"IP pool is too low for Network Card 0: available (0) < ENI target (1) * addrsPerENI (16)"}
{"level":"debug","ts":"2026-10-05T08:39:48.844Z","caller":"ipamd/ipamd.go:2689","msg":"Prefix pool stats for network card 0: Total IPs/Prefixes = 0/0, AssignedIPs/CooldownIPs: 0/0, c.maxIPsPerENI = 80"}
{"level":"debug","ts":"2026-10-05T08:39:48.844Z","caller":"ipamd/ipamd.go:795","msg":"IP stats for Network Card 0 - total IPs: 0, assigned IPs: 0, cooldown IPs: 0"}
{"level":"debug","ts":"2026-10-05T08:39:48.844Z","caller":"ipamd/ipamd.go:813","msg":"Starting to increase pool size for network card 0"}
{"level":"debug","ts":"2026-10-05T08:39:48.844Z","caller":"ipamd/ipamd.go:966","msg":"Node found \"ip-10-20-0-45.ec2.internal\" - no of taints - 0"}
{"level":"debug","ts":"2026-10-05T08:39:48.844Z","caller":"ipamd/ipamd.go:2758","msg":"Prefix target is 1, short of 1 prefixes, free 0 prefixes"}
{"level":"debug","ts":"2026-10-05T08:39:48.844Z","caller":"ipamd/ipamd.go:1248","msg":"ToAllocate: 1, Network Card 0"}
{"level":"debug","ts":"2026-10-05T08:39:48.844Z","caller":"ipamd/ipamd.go:1251","msg":"Found ENI eni-EXAMPLE21 that has less than the maximum number of IP/Prefixes addresses allocated: cur=0, max=5"}
{"level":"info","ts":"2026-10-05T08:39:48.844Z","caller":"ipamd/ipamd.go:1255","msg":"Trying to allocate 1 IP addresses on ENI eni-EXAMPLE21"}
{"level":"debug","ts":"2026-10-05T08:39:48.844Z","caller":"ipamd/ipamd.go:1255","msg":"PD enabled - true"}
{"level":"debug","ts":"2026-10-05T08:39:49.254Z","caller":"awsutils/awsutils.go:2174","msg":"checkAPIErrorAndBroadcastEvent resulted in operation error EC2: AssignPrivateIpAddresses, https response error StatusCode: 400, RequestID: bed44adc-8137-4c65-8cea-028bf1d88c9c, api error InsufficientCidrBlocks: The specified subnet does not have enough free cidr blocks to satisfy the request."}
{"level":"error","ts":"2026-10-05T08:39:49.254Z","caller":"ipamd/ipamd.go:1255","msg":"Failed to allocate a private IP/Prefix addresses on ENI eni-EXAMPLE21: operation error EC2: AssignPrivateIpAddresses, https response error StatusCode: 400, RequestID: bed44adc-8137-4c65-8cea-028bf1d88c9c, api error InsufficientCidrBlocks: The specified subnet does not have enough free cidr blocks to satisfy the request."}
{"level":"debug","ts":"2026-10-05T08:39:49.254Z","caller":"ipamd/ipamd.go:1256","msg":"containsPrivateIPAddressLimitExceededError encountered operation error EC2: AssignPrivateIpAddresses, https response error StatusCode: 400, RequestID: bed44adc-8137-4c65-8cea-028bf1d88c9c, api error InsufficientCidrBlocks: The specified subnet does not have enough free cidr blocks to satisfy the request."}
{"level":"warn","ts":"2026-10-05T08:39:49.254Z","caller":"ipamd/ipamd.go:1113","msg":"failed to allocate all available IPv4 Prefixes on ENI eni-EXAMPLE21, err: operation error EC2: AssignPrivateIpAddresses, https response error StatusCode: 400, RequestID: bed44adc-8137-4c65-8cea-028bf1d88c9c, api error InsufficientCidrBlocks: The specified subnet does not have enough free cidr blocks to satisfy the request."}
{"level":"info","ts":"2026-10-05T08:39:49.254Z","caller":"ipamd/ipamd.go:1259","msg":"Trying to allocate 1 IP addresses on ENI eni-EXAMPLE21"}
{"level":"debug","ts":"2026-10-05T08:39:49.254Z","caller":"ipamd/ipamd.go:1259","msg":"PD enabled - true"}
{"level":"debug","ts":"2026-10-05T08:39:49.672Z","caller":"awsutils/awsutils.go:2174","msg":"checkAPIErrorAndBroadcastEvent resulted in operation error EC2: AssignPrivateIpAddresses, https response error StatusCode: 400, RequestID: 18612fe1-b57a-4b35-a50c-1d474f2716fc, api error InsufficientCidrBlocks: The specified subnet does not have enough free cidr blocks to satisfy the request."}
{"level":"error","ts":"2026-10-05T08:39:49.672Z","caller":"ipamd/ipamd.go:1259","msg":"Failed to allocate a private IP/Prefix addresses on ENI eni-EXAMPLE21: operation error EC2: AssignPrivateIpAddresses, https response error StatusCode: 400, RequestID: 18612fe1-b57a-4b35-a50c-1d474f2716fc, api error InsufficientCidrBlocks: The specified subnet does not have enough free cidr blocks to satisfy the request."}
{"level":"debug","ts":"2026-10-05T08:39:49.672Z","caller":"ipamd/ipamd.go:1260","msg":"containsPrivateIPAddressLimitExceededError encountered operation error EC2: AssignPrivateIpAddresses, https response error StatusCode: 400, RequestID: 18612fe1-b57a-4b35-a50c-1d474f2716fc, api error InsufficientCidrBlocks: The specified subnet does not have enough free cidr blocks to satisfy the request."}
{"level":"debug","ts":"2026-10-05T08:39:49.672Z","caller":"ipamd/ipamd.go:1262","msg":"containsInsufficientCIDRsOrSubnetIPs encountered operation error EC2: AssignPrivateIpAddresses, https response error StatusCode: 400, RequestID: 18612fe1-b57a-4b35-a50c-1d474f2716fc, api error InsufficientCidrBlocks: The specified subnet does not have enough free cidr blocks to satisfy the request."}
{"level":"debug","ts":"2026-10-05T08:39:49.672Z","caller":"ipamd/ipamd.go:1262","msg":"Insufficient IP Addresses due to: InsufficientCidrBlocks\n"}
{"level":"debug","ts":"2026-10-05T08:39:49.672Z","caller":"ipamd/ipamd.go:1003","msg":"hasRoomForEni: networkCard=0, currentENIs=1, currentUsableENIs=1, maxENI=3, unmanagedENI=0, trunkEni=0, excludedENI=0, hasRoom=true"}
{"level":"debug","ts":"2026-10-05T08:39:49.672Z","caller":"ipamd/ipamd.go:2758","msg":"Prefix target is 1, short of 1 prefixes, free 0 prefixes"}
{"level":"debug","ts":"2026-10-05T08:39:49.672Z","caller":"ipamd/ipamd.go:2595","msg":"ToAllocate: 1, Network Card 0"}
{"level":"info","ts":"2026-10-05T08:39:49.672Z","caller":"awsutils/awsutils.go:1044","msg":"Trying to allocate 1 IP addresses on new ENI"}
{"level":"debug","ts":"2026-10-05T08:39:49.672Z","caller":"awsutils/awsutils.go:1044","msg":"PD enabled - true"}
{"level":"debug","ts":"2026-10-05T08:39:50.035Z","caller":"awsutils/awsutils.go:1272","msg":"Primary subnet subnet-EXAMPLE1 has no kubernetes.io/role/cni tag, including it for ENI creation (backwards compatibility)"}
{"level":"info","ts":"2026-10-05T08:39:50.035Z","caller":"awsutils/awsutils.go:1044","msg":"Creating ENI with security groups: [sg-EXAMPLE1] in subnet: subnet-EXAMPLE1"}
{"level":"debug","ts":"2026-10-05T08:39:50.259Z","caller":"awsutils/awsutils.go:1449","msg":"checkAPIErrorAndBroadcastEvent resulted in operation error EC2: CreateNetworkInterface, https response error StatusCode: 400, RequestID: 402d9d0d-829f-4b93-b31a-91b52041c5a2, api error InvalidParameterValue: There aren't sufficient free Ipv4 addresses or prefixes"}
{"level":"error","ts":"2026-10-05T08:39:50.259Z","caller":"awsutils/awsutils.go:1285","msg":"Failed to CreateNetworkInterface operation error EC2: CreateNetworkInterface, https response error StatusCode: 400, RequestID: 402d9d0d-829f-4b93-b31a-91b52041c5a2, api error InvalidParameterValue: There aren't sufficient free Ipv4 addresses or prefixes for subnet subnet-EXAMPLE1"}
{"level":"debug","ts":"2026-10-05T08:39:50.259Z","caller":"awsutils/awsutils.go:1272","msg":"Subnet subnet-EXAMPLE2 has no kubernetes.io/role/cni tag, excluding it from ENI creation"}
{"level":"error","ts":"2026-10-05T08:39:50.259Z","caller":"ipamd/ipamd.go:1004","msg":"Failed to increase pool size due to not able to allocate ENI AllocENI: failed to create ENI: failed to create network interface: operation error EC2: CreateNetworkInterface, https response error StatusCode: 400, RequestID: 402d9d0d-829f-4b93-b31a-91b52041c5a2, api error InvalidParameterValue: There aren't sufficient free Ipv4 addresses or prefixes"}
{"level":"warn","ts":"2026-10-05T08:39:50.259Z","caller":"ipamd/ipamd.go:1004","msg":"Failed to allocate 1 IP addresses on an ENI: AllocENI: failed to create ENI: failed to create network interface: operation error EC2: CreateNetworkInterface, https response error StatusCode: 400, RequestID: 402d9d0d-829f-4b93-b31a-91b52041c5a2, api error InvalidParameterValue: There aren't sufficient free Ipv4 addresses or prefixes"}
{"level":"debug","ts":"2026-10-05T08:39:50.259Z","caller":"ipamd/ipamd.go:1082","msg":"containsInsufficientCIDRsOrSubnetIPs encountered AllocENI: failed to create ENI: failed to create network interface: operation error EC2: CreateNetworkInterface, https response error StatusCode: 400, RequestID: 402d9d0d-829f-4b93-b31a-91b52041c5a2, api error InvalidParameterValue: There aren't sufficient free Ipv4 addresses or prefixes"}
{"level":"debug","ts":"2026-10-05T08:39:50.259Z","caller":"ipamd/ipamd.go:1082","msg":"Insufficient IP Addresses due to: InvalidParameterValue\n"}
{"level":"debug","ts":"2026-10-05T08:39:50.259Z","caller":"ipamd/ipamd.go:813","msg":"Error trying to allocate ENI: AllocENI: failed to create ENI: failed to create network interface: operation error EC2: CreateNetworkInterface, https response error StatusCode: 400, RequestID: 402d9d0d-829f-4b93-b31a-91b52041c5a2, api error InvalidParameterValue: There aren't sufficient free Ipv4 addresses or prefixes"}
{"level":"debug","ts":"2026-10-05T08:39:50.259Z","caller":"ipamd/ipamd.go:1548","msg":"ENI eni-EXAMPLE21 cannot be deleted because it is primary"}
{"level":"info","ts":"2026-10-05T08:39:52.704Z","caller":"rpc/rpc_grpc.pb.go:117","msg":"Received AddNetwork for NS /var/run/netns/cni-da56ea34-c8b4-22dc-b155-46b125b69974, Sandbox 233b21721b33ccbe0b75577485a2830df104466db4b702fa90f25c87a5061fea, ifname eth0"}
{"level":"debug","ts":"2026-10-05T08:39:52.704Z","caller":"rpc/rpc_grpc.pb.go:117","msg":"AddNetworkRequest: K8S_POD_NAME:\"coredns-79f8dffc57-cv2lj\"  K8S_POD_NAMESPACE:\"kube-system\"  K8S_POD_INFRA_CONTAINER_ID:\"233b21721b33ccbe0b75577485a2830df104466db4b702fa90f25c87a5061fea\"  ContainerID:\"233b21721b33ccbe0b75577485a2830df104466db4b702fa90f25c87a5061fea\"  IfName:\"eth0\"  NetworkName:\"aws-cni\"  Netns:\"/var/run/netns/cni-da56ea34-c8b4-22dc-b155-46b125b69974\""}
{"level":"info","ts":"2026-10-05T08:39:52.704Z","caller":"rpc/rpc_grpc.pb.go:117","msg":"Required MultiNIC access false, interfaces required 1"}
{"level":"debug","ts":"2026-10-05T08:39:52.704Z","caller":"datastore/data_store.go:713","msg":"AssignPodIPv4Address: IP address pool stats: total 0, assigned 0"}
{"level":"debug","ts":"2026-10-05T08:39:52.704Z","caller":"datastore/data_store.go:713","msg":"AssignPodIPv4Address: ENI eni-EXAMPLE21 does not have available addresses"}
{"level":"error","ts":"2026-10-05T08:39:52.704Z","caller":"datastore/data_store.go:713","msg":"DataStore has no available IP/Prefix addresses"}
{"level":"warn","ts":"2026-10-05T08:39:52.704Z","caller":"rpc/rpc_grpc.pb.go:117","msg":"Failed to assign IPs from network card 0: AssignPodIPAddress: no available IP/Prefix addresses"}
{"level":"error","ts":"2026-10-05T08:39:52.704Z","caller":"rpc/rpc_grpc.pb.go:117","msg":"Returning failure response for AddNetwork: 1 error occurred:\n\t* AssignPodIPAddress: no available IP/Prefix addresses\n\n"}
{"level":"info","ts":"2026-10-05T08:39:52.704Z","caller":"rpc/rpc_grpc.pb.go:117","msg":"Send AddNetworkReply: Success: false IPAddr: [], resp: , err: AssignPodIPAddress: no available IP/Prefix addresses"}
{"level":"info","ts":"2026-10-05T08:39:52.728Z","caller":"rpc/rpc_grpc.pb.go:135","msg":"Received DelNetwork for Sandbox 233b21721b33ccbe0b75577485a2830df104466db4b702fa90f25c87a5061fea"}
{"level":"debug","ts":"2026-10-05T08:39:52.728Z","caller":"rpc/rpc_grpc.pb.go:135","msg":"DelNetworkRequest: K8S_POD_NAME:\"coredns-79f8dffc57-cv2lj\"  K8S_POD_NAMESPACE:\"kube-system\"  K8S_POD_INFRA_CONTAINER_ID:\"233b21721b33ccbe0b75577485a2830df104466db4b702fa90f25c87a5061fea\"  Reason:\"PodDeleted\"  ContainerID:\"233b21721b33ccbe0b75577485a2830df104466db4b702fa90f25c87a5061fea\"  IfName:\"eth0\"  NetworkName:\"aws-cni\"  K8S_POD_UID:\"080397ba-9aa0-4db1-b449-5fe2b0811692\""}
{"level":"debug","ts":"2026-10-05T08:39:52.728Z","caller":"ipamd/rpc_handler.go:353","msg":"UnassignPodIPAddress: IP address pool stats: total 0, assigned 0, sandbox aws-cni/233b21721b33ccbe0b75577485a2830df104466db4b702fa90f25c87a5061fea/eth0"}
{"level":"debug","ts":"2026-10-05T08:39:52.728Z","caller":"ipamd/rpc_handler.go:353","msg":"UnassignPodIPAddress: Failed to find IPAM entry under full key, trying CRI-migrated version"}
{"level":"warn","ts":"2026-10-05T08:39:52.728Z","caller":"ipamd/rpc_handler.go:353","msg":"UnassignPodIPAddress: Failed to find sandbox _migrated-from-cri/233b21721b33ccbe0b75577485a2830df104466db4b702fa90f25c87a5061fea/unknown"}
{"level":"info","ts":"2026-10-05T08:39:52.728Z","caller":"rpc/rpc_grpc.pb.go:135","msg":"Send DelNetworkReply: IPAddress: [], err: 1 error occurred:\n\t* datastore: unknown pod\n\n"}
{"level":"info","ts":"2026-10-05T08:39:53.696Z","caller":"rpc/rpc_grpc.pb.go:117","msg":"Received AddNetwork for NS /var/run/netns/cni-1094073b-94a6-e494-b45f-ac53abaabe64, Sandbox 380938c42c6af26e27f59b09aeb7039ec877e2587153456599cadfd9166b55ce, ifname eth0"}
{"level":"debug","ts":"2026-10-05T08:39:53.696Z","caller":"rpc/rpc_grpc.pb.go:117","msg":"AddNetworkRequest: K8S_POD_NAME:\"coredns-79f8dffc57-fwslz\"  K8S_POD_NAMESPACE:\"kube-system\"  K8S_POD_INFRA_CONTAINER_ID:\"380938c42c6af26e27f59b09aeb7039ec877e2587153456599cadfd9166b55ce\"  ContainerID:\"380938c42c6af26e27f59b09aeb7039ec877e2587153456599cadfd9166b55ce\"  IfName:\"eth0\"  NetworkName:\"aws-cni\"  Netns:\"/var/run/netns/cni-1094073b-94a6-e494-b45f-ac53abaabe64\""}
{"level":"info","ts":"2026-10-05T08:39:53.696Z","caller":"rpc/rpc_grpc.pb.go:117","msg":"Required MultiNIC access false, interfaces required 1"}
{"level":"debug","ts":"2026-10-05T08:39:53.696Z","caller":"datastore/data_store.go:713","msg":"AssignPodIPv4Address: IP address pool stats: total 0, assigned 0"}
{"level":"debug","ts":"2026-10-05T08:39:53.696Z","caller":"datastore/data_store.go:713","msg":"AssignPodIPv4Address: ENI eni-EXAMPLE21 does not have available addresses"}
{"level":"error","ts":"2026-10-05T08:39:53.696Z","caller":"datastore/data_store.go:713","msg":"DataStore has no available IP/Prefix addresses"}
{"level":"warn","ts":"2026-10-05T08:39:53.696Z","caller":"rpc/rpc_grpc.pb.go:117","msg":"Failed to assign IPs from network card 0: AssignPodIPAddress: no available IP/Prefix addresses"}
{"level":"error","ts":"2026-10-05T08:39:53.696Z","caller":"rpc/rpc_grpc.pb.go:117","msg":"Returning failure response for AddNetwork: 1 error occurred:\n\t* AssignPodIPAddress: no available IP/Prefix addresses\n\n"}
{"level":"info","ts":"2026-10-05T08:39:53.696Z","caller":"rpc/rpc_grpc.pb.go:117","msg":"Send AddNetworkReply: Success: false IPAddr: [], resp: , err: AssignPodIPAddress: no available IP/Prefix addresses"}
{"level":"info","ts":"2026-10-05T08:39:53.720Z","caller":"rpc/rpc_grpc.pb.go:135","msg":"Received DelNetwork for Sandbox 380938c42c6af26e27f59b09aeb7039ec877e2587153456599cadfd9166b55ce"}
{"level":"debug","ts":"2026-10-05T08:39:53.720Z","caller":"rpc/rpc_grpc.pb.go:135","msg":"DelNetworkRequest: K8S_POD_NAME:\"coredns-79f8dffc57-fwslz\"  K8S_POD_NAMESPACE:\"kube-system\"  K8S_POD_INFRA_CONTAINER_ID:\"380938c42c6af26e27f59b09aeb7039ec877e2587153456599cadfd9166b55ce\"  Reason:\"PodDeleted\"  ContainerID:\"380938c42c6af26e27f59b09aeb7039ec877e2587153456599cadfd9166b55ce\"  IfName:\"eth0\"  NetworkName:\"aws-cni\"  K8S_POD_UID:\"ad241f1d-d89e-4886-8d30-e22384a0b925\""}
{"level":"debug","ts":"2026-10-05T08:39:53.720Z","caller":"ipamd/rpc_handler.go:353","msg":"UnassignPodIPAddress: IP address pool stats: total 0, assigned 0, sandbox aws-cni/380938c42c6af26e27f59b09aeb7039ec877e2587153456599cadfd9166b55ce/eth0"}
{"level":"debug","ts":"2026-10-05T08:39:53.720Z","caller":"ipamd/rpc_handler.go:353","msg":"UnassignPodIPAddress: Failed to find IPAM entry under full key, trying CRI-migrated version"}
{"level":"warn","ts":"2026-10-05T08:39:53.720Z","caller":"ipamd/rpc_handler.go:353","msg":"UnassignPodIPAddress: Failed to find sandbox _migrated-from-cri/380938c42c6af26e27f59b09aeb7039ec877e2587153456599cadfd9166b55ce/unknown"}
{"level":"info","ts":"2026-10-05T08:39:53.720Z","caller":"rpc/rpc_grpc.pb.go:135","msg":"Send DelNetworkReply: IPAddress: [], err: 1 error occurred:\n\t* datastore: unknown pod\n\n"}
{"level":"debug","ts":"2026-10-05T08:39:55.260Z","caller":"ipamd/ipamd.go:809","msg":"IP pool is too low for Network Card 0: available (0) < ENI target (1) * addrsPerENI (16)"}
{"level":"debug","ts":"2026-10-05T08:39:55.260Z","caller":"ipamd/ipamd.go:2689","msg":"Prefix pool stats for network card 0: Total IPs/Prefixes = 0/0, AssignedIPs/CooldownIPs: 0/0, c.maxIPsPerENI = 80"}
{"level":"debug","ts":"2026-10-05T08:39:55.260Z","caller":"ipamd/ipamd.go:795","msg":"IP stats for Network Card 0 - total IPs: 0, assigned IPs: 0, cooldown IPs: 0"}
{"level":"debug","ts":"2026-10-05T08:39:55.260Z","caller":"ipamd/ipamd.go:813","msg":"Starting to increase pool size for network card 0"}
{"level":"debug","ts":"2026-10-05T08:39:55.260Z","caller":"ipamd/ipamd.go:966","msg":"Node found \"ip-10-20-0-45.ec2.internal\" - no of taints - 0"}
{"level":"debug","ts":"2026-10-05T08:39:55.260Z","caller":"ipamd/ipamd.go:2758","msg":"Prefix target is 1, short of 1 prefixes, free 0 prefixes"}
{"level":"debug","ts":"2026-10-05T08:39:55.260Z","caller":"ipamd/ipamd.go:1248","msg":"ToAllocate: 1, Network Card 0"}
{"level":"debug","ts":"2026-10-05T08:39:55.260Z","caller":"ipamd/ipamd.go:1251","msg":"Found ENI eni-EXAMPLE21 that has less than the maximum number of IP/Prefixes addresses allocated: cur=0, max=5"}
{"level":"info","ts":"2026-10-05T08:39:55.260Z","caller":"ipamd/ipamd.go:1255","msg":"Trying to allocate 1 IP addresses on ENI eni-EXAMPLE21"}
{"level":"debug","ts":"2026-10-05T08:39:55.260Z","caller":"ipamd/ipamd.go:1255","msg":"PD enabled - true"}
{"level":"debug","ts":"2026-10-05T08:39:55.719Z","caller":"awsutils/awsutils.go:2174","msg":"checkAPIErrorAndBroadcastEvent resulted in operation error EC2: AssignPrivateIpAddresses, https response error StatusCode: 400, RequestID: 919cf02f-8f18-49b9-9d08-fb42411b14a3, api error InsufficientCidrBlocks: The specified subnet does not have enough free cidr blocks to satisfy the request."}
{"level":"error","ts":"2026-10-05T08:39:55.719Z","caller":"ipamd/ipamd.go:1255","msg":"Failed to allocate a private IP/Prefix addresses on ENI eni-EXAMPLE21: operation error EC2: AssignPrivateIpAddresses, https response error StatusCode: 400, RequestID: 919cf02f-8f18-49b9-9d08-fb42411b14a3, api error InsufficientCidrBlocks: The specified subnet does not have enough free cidr blocks to satisfy the request."}
{"level":"debug","ts":"2026-10-05T08:39:55.719Z","caller":"ipamd/ipamd.go:1256","msg":"containsPrivateIPAddressLimitExceededError encountered operation error EC2: AssignPrivateIpAddresses, https response error StatusCode: 400, RequestID: 919cf02f-8f18-49b9-9d08-fb42411b14a3, api error InsufficientCidrBlocks: The specified subnet does not have enough free cidr blocks to satisfy the request."}
{"level":"warn","ts":"2026-10-05T08:39:55.719Z","caller":"ipamd/ipamd.go:1113","msg":"failed to allocate all available IPv4 Prefixes on ENI eni-EXAMPLE21, err: operation error EC2: AssignPrivateIpAddresses, https response error StatusCode: 400, RequestID: 919cf02f-8f18-49b9-9d08-fb42411b14a3, api error InsufficientCidrBlocks: The specified subnet does not have enough free cidr blocks to satisfy the request."}
{"level":"info","ts":"2026-10-05T08:39:55.719Z","caller":"ipamd/ipamd.go:1259","msg":"Trying to allocate 1 IP addresses on ENI eni-EXAMPLE21"}
{"level":"debug","ts":"2026-10-05T08:39:55.719Z","caller":"ipamd/ipamd.go:1259","msg":"PD enabled - true"}
{"level":"debug","ts":"2026-10-05T08:39:56.160Z","caller":"awsutils/awsutils.go:2174","msg":"checkAPIErrorAndBroadcastEvent resulted in operation error EC2: AssignPrivateIpAddresses, https response error StatusCode: 400, RequestID: 9187d841-0577-4670-8ec6-4dd7a3c3ea4c, api error InsufficientCidrBlocks: The specified subnet does not have enough free cidr blocks to satisfy the request."}
{"level":"error","ts":"2026-10-05T08:39:56.160Z","caller":"ipamd/ipamd.go:1259","msg":"Failed to allocate a private IP/Prefix addresses on ENI eni-EXAMPLE21: operation error EC2: AssignPrivateIpAddresses, https response error StatusCode: 400, RequestID: 9187d841-0577-4670-8ec6-4dd7a3c3ea4c, api error InsufficientCidrBlocks: The specified subnet does not have enough free cidr blocks to satisfy the request."}
{"level":"debug","ts":"2026-10-05T08:39:56.160Z","caller":"ipamd/ipamd.go:1260","msg":"containsPrivateIPAddressLimitExceededError encountered operation error EC2: AssignPrivateIpAddresses, https response error StatusCode: 400, RequestID: 9187d841-0577-4670-8ec6-4dd7a3c3ea4c, api error InsufficientCidrBlocks: The specified subnet does not have enough free cidr blocks to satisfy the request."}
{"level":"debug","ts":"2026-10-05T08:39:56.160Z","caller":"ipamd/ipamd.go:1262","msg":"containsInsufficientCIDRsOrSubnetIPs encountered operation error EC2: AssignPrivateIpAddresses, https response error StatusCode: 400, RequestID: 9187d841-0577-4670-8ec6-4dd7a3c3ea4c, api error InsufficientCidrBlocks: The specified subnet does not have enough free cidr blocks to satisfy the request."}
{"level":"debug","ts":"2026-10-05T08:39:56.160Z","caller":"ipamd/ipamd.go:1262","msg":"Insufficient IP Addresses due to: InsufficientCidrBlocks\n"}
{"level":"debug","ts":"2026-10-05T08:39:56.160Z","caller":"ipamd/ipamd.go:1003","msg":"hasRoomForEni: networkCard=0, currentENIs=1, currentUsableENIs=1, maxENI=3, unmanagedENI=0, trunkEni=0, excludedENI=0, hasRoom=true"}
{"level":"debug","ts":"2026-10-05T08:39:56.160Z","caller":"ipamd/ipamd.go:2758","msg":"Prefix target is 1, short of 1 prefixes, free 0 prefixes"}
{"level":"debug","ts":"2026-10-05T08:39:56.160Z","caller":"ipamd/ipamd.go:2595","msg":"ToAllocate: 1, Network Card 0"}
{"level":"info","ts":"2026-10-05T08:39:56.160Z","caller":"awsutils/awsutils.go:1044","msg":"Trying to allocate 1 IP addresses on new ENI"}
{"level":"debug","ts":"2026-10-05T08:39:56.160Z","caller":"awsutils/awsutils.go:1044","msg":"PD enabled - true"}
{"level":"debug","ts":"2026-10-05T08:39:56.417Z","caller":"awsutils/awsutils.go:1272","msg":"Primary subnet subnet-EXAMPLE1 has no kubernetes.io/role/cni tag, including it for ENI creation (backwards compatibility)"}
{"level":"info","ts":"2026-10-05T08:39:56.417Z","caller":"awsutils/awsutils.go:1044","msg":"Creating ENI with security groups: [sg-EXAMPLE1] in subnet: subnet-EXAMPLE1"}
{"level":"debug","ts":"2026-10-05T08:39:56.689Z","caller":"awsutils/awsutils.go:1449","msg":"checkAPIErrorAndBroadcastEvent resulted in operation error EC2: CreateNetworkInterface, https response error StatusCode: 400, RequestID: 5d08bd53-cb66-4536-b002-f63d3e5bbd98, api error InvalidParameterValue: There aren't sufficient free Ipv4 addresses or prefixes"}
{"level":"error","ts":"2026-10-05T08:39:56.689Z","caller":"awsutils/awsutils.go:1285","msg":"Failed to CreateNetworkInterface operation error EC2: CreateNetworkInterface, https response error StatusCode: 400, RequestID: 5d08bd53-cb66-4536-b002-f63d3e5bbd98, api error InvalidParameterValue: There aren't sufficient free Ipv4 addresses or prefixes for subnet subnet-EXAMPLE1"}
{"level":"debug","ts":"2026-10-05T08:39:56.689Z","caller":"awsutils/awsutils.go:1272","msg":"Subnet subnet-EXAMPLE2 has no kubernetes.io/role/cni tag, excluding it from ENI creation"}
{"level":"error","ts":"2026-10-05T08:39:56.689Z","caller":"ipamd/ipamd.go:1004","msg":"Failed to increase pool size due to not able to allocate ENI AllocENI: failed to create ENI: failed to create network interface: operation error EC2: CreateNetworkInterface, https response error StatusCode: 400, RequestID: 5d08bd53-cb66-4536-b002-f63d3e5bbd98, api error InvalidParameterValue: There aren't sufficient free Ipv4 addresses or prefixes"}
{"level":"warn","ts":"2026-10-05T08:39:56.689Z","caller":"ipamd/ipamd.go:1004","msg":"Failed to allocate 1 IP addresses on an ENI: AllocENI: failed to create ENI: failed to create network interface: operation error EC2: CreateNetworkInterface, https response error StatusCode: 400, RequestID: 5d08bd53-cb66-4536-b002-f63d3e5bbd98, api error InvalidParameterValue: There aren't sufficient free Ipv4 addresses or prefixes"}
{"level":"debug","ts":"2026-10-05T08:39:56.689Z","caller":"ipamd/ipamd.go:1082","msg":"containsInsufficientCIDRsOrSubnetIPs encountered AllocENI: failed to create ENI: failed to create network interface: operation error EC2: CreateNetworkInterface, https response error StatusCode: 400, RequestID: 5d08bd53-cb66-4536-b002-f63d3e5bbd98, api error InvalidParameterValue: There aren't sufficient free Ipv4 addresses or prefixes"}
{"level":"debug","ts":"2026-10-05T08:39:56.689Z","caller":"ipamd/ipamd.go:1082","msg":"Insufficient IP Addresses due to: InvalidParameterValue\n"}
{"level":"debug","ts":"2026-10-05T08:39:56.689Z","caller":"ipamd/ipamd.go:813","msg":"Error trying to allocate ENI: AllocENI: failed to create ENI: failed to create network interface: operation error EC2: CreateNetworkInterface, https response error StatusCode: 400, RequestID: 5d08bd53-cb66-4536-b002-f63d3e5bbd98, api error InvalidParameterValue: There aren't sufficient free Ipv4 addresses or prefixes"}
{"level":"debug","ts":"2026-10-05T08:39:56.689Z","caller":"ipamd/ipamd.go:1548","msg":"ENI eni-EXAMPLE21 cannot be deleted because it is primary"}
{"level":"debug","ts":"2026-10-05T08:40:01.691Z","caller":"ipamd/ipamd.go:809","msg":"IP pool is too low for Network Card 0: available (0) < ENI target (1) * addrsPerENI (16)"}
{"level":"debug","ts":"2026-10-05T08:40:01.691Z","caller":"ipamd/ipamd.go:2689","msg":"Prefix pool stats for network card 0: Total IPs/Prefixes = 0/0, AssignedIPs/CooldownIPs: 0/0, c.maxIPsPerENI = 80"}
{"level":"debug","ts":"2026-10-05T08:40:01.691Z","caller":"ipamd/ipamd.go:795","msg":"IP stats for Network Card 0 - total IPs: 0, assigned IPs: 0, cooldown IPs: 0"}
{"level":"debug","ts":"2026-10-05T08:40:01.691Z","caller":"ipamd/ipamd.go:813","msg":"Starting to increase pool size for network card 0"}
{"level":"debug","ts":"2026-10-05T08:40:01.691Z","caller":"ipamd/ipamd.go:966","msg":"Node found \"ip-10-20-0-45.ec2.internal\" - no of taints - 0"}
{"level":"debug","ts":"2026-10-05T08:40:01.691Z","caller":"ipamd/ipamd.go:2758","msg":"Prefix target is 1, short of 1 prefixes, free 0 prefixes"}
{"level":"debug","ts":"2026-10-05T08:40:01.691Z","caller":"ipamd/ipamd.go:1248","msg":"ToAllocate: 1, Network Card 0"}
{"level":"debug","ts":"2026-10-05T08:40:01.691Z","caller":"ipamd/ipamd.go:1251","msg":"Found ENI eni-EXAMPLE21 that has less than the maximum number of IP/Prefixes addresses allocated: cur=0, max=5"}
{"level":"info","ts":"2026-10-05T08:40:01.691Z","caller":"ipamd/ipamd.go:1255","msg":"Trying to allocate 1 IP addresses on ENI eni-EXAMPLE21"}
{"level":"debug","ts":"2026-10-05T08:40:01.691Z","caller":"ipamd/ipamd.go:1255","msg":"PD enabled - true"}
{"level":"debug","ts":"2026-10-05T08:40:02.110Z","caller":"awsutils/awsutils.go:2174","msg":"checkAPIErrorAndBroadcastEvent resulted in operation error EC2: AssignPrivateIpAddresses, https response error StatusCode: 400, RequestID: e12f88ae-5f40-4672-b2ea-e449cc0befc7, api error InsufficientCidrBlocks: The specified subnet does not have enough free cidr blocks to satisfy the request."}
{"level":"error","ts":"2026-10-05T08:40:02.110Z","caller":"ipamd/ipamd.go:1255","msg":"Failed to allocate a private IP/Prefix addresses on ENI eni-EXAMPLE21: operation error EC2: AssignPrivateIpAddresses, https response error StatusCode: 400, RequestID: e12f88ae-5f40-4672-b2ea-e449cc0befc7, api error InsufficientCidrBlocks: The specified subnet does not have enough free cidr blocks to satisfy the request."}
{"level":"debug","ts":"2026-10-05T08:40:02.110Z","caller":"ipamd/ipamd.go:1256","msg":"containsPrivateIPAddressLimitExceededError encountered operation error EC2: AssignPrivateIpAddresses, https response error StatusCode: 400, RequestID: e12f88ae-5f40-4672-b2ea-e449cc0befc7, api error InsufficientCidrBlocks: The specified subnet does not have enough free cidr blocks to satisfy the request."}
{"level":"warn","ts":"2026-10-05T08:40:02.110Z","caller":"ipamd/ipamd.go:1113","msg":"failed to allocate all available IPv4 Prefixes on ENI eni-EXAMPLE21, err: operation error EC2: AssignPrivateIpAddresses, https response error StatusCode: 400, RequestID: e12f88ae-5f40-4672-b2ea-e449cc0befc7, api error InsufficientCidrBlocks: The specified subnet does not have enough free cidr blocks to satisfy the request."}
{"level":"info","ts":"2026-10-05T08:40:02.110Z","caller":"ipamd/ipamd.go:1259","msg":"Trying to allocate 1 IP addresses on ENI eni-EXAMPLE21"}
{"level":"debug","ts":"2026-10-05T08:40:02.110Z","caller":"ipamd/ipamd.go:1259","msg":"PD enabled - true"}
{"level":"debug","ts":"2026-10-05T08:40:02.570Z","caller":"awsutils/awsutils.go:2174","msg":"checkAPIErrorAndBroadcastEvent resulted in operation error EC2: AssignPrivateIpAddresses, https response error StatusCode: 400, RequestID: 494eb230-d8ec-4d70-a6b3-fa9ab62b12e9, api error InsufficientCidrBlocks: The specified subnet does not have enough free cidr blocks to satisfy the request."}
{"level":"error","ts":"2026-10-05T08:40:02.570Z","caller":"ipamd/ipamd.go:1259","msg":"Failed to allocate a private IP/Prefix addresses on ENI eni-EXAMPLE21: operation error EC2: AssignPrivateIpAddresses, https response error StatusCode: 400, RequestID: 494eb230-d8ec-4d70-a6b3-fa9ab62b12e9, api error InsufficientCidrBlocks: The specified subnet does not have enough free cidr blocks to satisfy the request."}
{"level":"debug","ts":"2026-10-05T08:40:02.570Z","caller":"ipamd/ipamd.go:1260","msg":"containsPrivateIPAddressLimitExceededError encountered operation error EC2: AssignPrivateIpAddresses, https response error StatusCode: 400, RequestID: 494eb230-d8ec-4d70-a6b3-fa9ab62b12e9, api error InsufficientCidrBlocks: The specified subnet does not have enough free cidr blocks to satisfy the request."}
{"level":"debug","ts":"2026-10-05T08:40:02.570Z","caller":"ipamd/ipamd.go:1262","msg":"containsInsufficientCIDRsOrSubnetIPs encountered operation error EC2: AssignPrivateIpAddresses, https response error StatusCode: 400, RequestID: 494eb230-d8ec-4d70-a6b3-fa9ab62b12e9, api error InsufficientCidrBlocks: The specified subnet does not have enough free cidr blocks to satisfy the request."}
{"level":"debug","ts":"2026-10-05T08:40:02.570Z","caller":"ipamd/ipamd.go:1262","msg":"Insufficient IP Addresses due to: InsufficientCidrBlocks\n"}
{"level":"debug","ts":"2026-10-05T08:40:02.570Z","caller":"ipamd/ipamd.go:1003","msg":"hasRoomForEni: networkCard=0, currentENIs=1, currentUsableENIs=1, maxENI=3, unmanagedENI=0, trunkEni=0, excludedENI=0, hasRoom=true"}
{"level":"debug","ts":"2026-10-05T08:40:02.570Z","caller":"ipamd/ipamd.go:2758","msg":"Prefix target is 1, short of 1 prefixes, free 0 prefixes"}
{"level":"debug","ts":"2026-10-05T08:40:02.570Z","caller":"ipamd/ipamd.go:2595","msg":"ToAllocate: 1, Network Card 0"}
{"level":"info","ts":"2026-10-05T08:40:02.570Z","caller":"awsutils/awsutils.go:1044","msg":"Trying to allocate 1 IP addresses on new ENI"}
{"level":"debug","ts":"2026-10-05T08:40:02.570Z","caller":"awsutils/awsutils.go:1044","msg":"PD enabled - true"}
{"level":"debug","ts":"2026-10-05T08:40:02.831Z","caller":"awsutils/awsutils.go:1272","msg":"Primary subnet subnet-EXAMPLE1 has no kubernetes.io/role/cni tag, including it for ENI creation (backwards compatibility)"}
{"level":"info","ts":"2026-10-05T08:40:02.831Z","caller":"awsutils/awsutils.go:1044","msg":"Creating ENI with security groups: [sg-EXAMPLE1] in subnet: subnet-EXAMPLE1"}
{"level":"debug","ts":"2026-10-05T08:40:03.298Z","caller":"awsutils/awsutils.go:1449","msg":"checkAPIErrorAndBroadcastEvent resulted in operation error EC2: CreateNetworkInterface, https response error StatusCode: 400, RequestID: b1e11839-dc2f-49a7-a7d0-3006dc6a1340, api error InvalidParameterValue: There aren't sufficient free Ipv4 addresses or prefixes"}
{"level":"error","ts":"2026-10-05T08:40:03.298Z","caller":"awsutils/awsutils.go:1285","msg":"Failed to CreateNetworkInterface operation error EC2: CreateNetworkInterface, https response error StatusCode: 400, RequestID: b1e11839-dc2f-49a7-a7d0-3006dc6a1340, api error InvalidParameterValue: There aren't sufficient free Ipv4 addresses or prefixes for subnet subnet-EXAMPLE1"}
{"level":"debug","ts":"2026-10-05T08:40:03.298Z","caller":"awsutils/awsutils.go:1272","msg":"Subnet subnet-EXAMPLE2 has no kubernetes.io/role/cni tag, excluding it from ENI creation"}
{"level":"error","ts":"2026-10-05T08:40:03.298Z","caller":"ipamd/ipamd.go:1004","msg":"Failed to increase pool size due to not able to allocate ENI AllocENI: failed to create ENI: failed to create network interface: operation error EC2: CreateNetworkInterface, https response error StatusCode: 400, RequestID: b1e11839-dc2f-49a7-a7d0-3006dc6a1340, api error InvalidParameterValue: There aren't sufficient free Ipv4 addresses or prefixes"}
{"level":"warn","ts":"2026-10-05T08:40:03.298Z","caller":"ipamd/ipamd.go:1004","msg":"Failed to allocate 1 IP addresses on an ENI: AllocENI: failed to create ENI: failed to create network interface: operation error EC2: CreateNetworkInterface, https response error StatusCode: 400, RequestID: b1e11839-dc2f-49a7-a7d0-3006dc6a1340, api error InvalidParameterValue: There aren't sufficient free Ipv4 addresses or prefixes"}
{"level":"debug","ts":"2026-10-05T08:40:03.298Z","caller":"ipamd/ipamd.go:1082","msg":"containsInsufficientCIDRsOrSubnetIPs encountered AllocENI: failed to create ENI: failed to create network interface: operation error EC2: CreateNetworkInterface, https response error StatusCode: 400, RequestID: b1e11839-dc2f-49a7-a7d0-3006dc6a1340, api error InvalidParameterValue: There aren't sufficient free Ipv4 addresses or prefixes"}
{"level":"debug","ts":"2026-10-05T08:40:03.298Z","caller":"ipamd/ipamd.go:1082","msg":"Insufficient IP Addresses due to: InvalidParameterValue\n"}
{"level":"debug","ts":"2026-10-05T08:40:03.298Z","caller":"ipamd/ipamd.go:813","msg":"Error trying to allocate ENI: AllocENI: failed to create ENI: failed to create network interface: operation error EC2: CreateNetworkInterface, https response error StatusCode: 400, RequestID: b1e11839-dc2f-49a7-a7d0-3006dc6a1340, api error InvalidParameterValue: There aren't sufficient free Ipv4 addresses or prefixes"}
{"level":"debug","ts":"2026-10-05T08:40:03.298Z","caller":"ipamd/ipamd.go:1548","msg":"ENI eni-EXAMPLE21 cannot be deleted because it is primary"}
{"level":"info","ts":"2026-10-05T08:40:06.706Z","caller":"rpc/rpc_grpc.pb.go:117","msg":"Received AddNetwork for NS /var/run/netns/cni-a48c0df9-cbe0-90a4-c79d-eec40589ec88, Sandbox 454bcf947996e009f96465b07d4d7b9a4cf89056fddb99abb4086ff2950a1686, ifname eth0"}
{"level":"debug","ts":"2026-10-05T08:40:06.706Z","caller":"rpc/rpc_grpc.pb.go:117","msg":"AddNetworkRequest: K8S_POD_NAME:\"coredns-79f8dffc57-cv2lj\"  K8S_POD_NAMESPACE:\"kube-system\"  K8S_POD_INFRA_CONTAINER_ID:\"454bcf947996e009f96465b07d4d7b9a4cf89056fddb99abb4086ff2950a1686\"  ContainerID:\"454bcf947996e009f96465b07d4d7b9a4cf89056fddb99abb4086ff2950a1686\"  IfName:\"eth0\"  NetworkName:\"aws-cni\"  Netns:\"/var/run/netns/cni-a48c0df9-cbe0-90a4-c79d-eec40589ec88\""}
{"level":"info","ts":"2026-10-05T08:40:06.706Z","caller":"rpc/rpc_grpc.pb.go:117","msg":"Required MultiNIC access false, interfaces required 1"}
{"level":"debug","ts":"2026-10-05T08:40:06.706Z","caller":"datastore/data_store.go:713","msg":"AssignPodIPv4Address: IP address pool stats: total 0, assigned 0"}
{"level":"debug","ts":"2026-10-05T08:40:06.706Z","caller":"datastore/data_store.go:713","msg":"AssignPodIPv4Address: ENI eni-EXAMPLE21 does not have available addresses"}
{"level":"error","ts":"2026-10-05T08:40:06.706Z","caller":"datastore/data_store.go:713","msg":"DataStore has no available IP/Prefix addresses"}
{"level":"warn","ts":"2026-10-05T08:40:06.706Z","caller":"rpc/rpc_grpc.pb.go:117","msg":"Failed to assign IPs from network card 0: AssignPodIPAddress: no available IP/Prefix addresses"}
{"level":"error","ts":"2026-10-05T08:40:06.706Z","caller":"rpc/rpc_grpc.pb.go:117","msg":"Returning failure response for AddNetwork: 1 error occurred:\n\t* AssignPodIPAddress: no available IP/Prefix addresses\n\n"}
{"level":"info","ts":"2026-10-05T08:40:06.707Z","caller":"rpc/rpc_grpc.pb.go:117","msg":"Send AddNetworkReply: Success: false IPAddr: [], resp: , err: AssignPodIPAddress: no available IP/Prefix addresses"}
{"level":"info","ts":"2026-10-05T08:40:06.711Z","caller":"rpc/rpc_grpc.pb.go:117","msg":"Received AddNetwork for NS /var/run/netns/cni-049b3b14-23f5-5b92-e734-7b292382c677, Sandbox a67c533ca1490c40e13404ed8e51d3a96989a10657ecb29542465a90a6ab19c8, ifname eth0"}
{"level":"debug","ts":"2026-10-05T08:40:06.711Z","caller":"rpc/rpc_grpc.pb.go:117","msg":"AddNetworkRequest: K8S_POD_NAME:\"coredns-79f8dffc57-fwslz\"  K8S_POD_NAMESPACE:\"kube-system\"  K8S_POD_INFRA_CONTAINER_ID:\"a67c533ca1490c40e13404ed8e51d3a96989a10657ecb29542465a90a6ab19c8\"  ContainerID:\"a67c533ca1490c40e13404ed8e51d3a96989a10657ecb29542465a90a6ab19c8\"  IfName:\"eth0\"  NetworkName:\"aws-cni\"  Netns:\"/var/run/netns/cni-049b3b14-23f5-5b92-e734-7b292382c677\""}
{"level":"info","ts":"2026-10-05T08:40:06.711Z","caller":"rpc/rpc_grpc.pb.go:117","msg":"Required MultiNIC access false, interfaces required 1"}
{"level":"debug","ts":"2026-10-05T08:40:06.711Z","caller":"datastore/data_store.go:713","msg":"AssignPodIPv4Address: IP address pool stats: total 0, assigned 0"}
{"level":"debug","ts":"2026-10-05T08:40:06.711Z","caller":"datastore/data_store.go:713","msg":"AssignPodIPv4Address: ENI eni-EXAMPLE21 does not have available addresses"}
{"level":"error","ts":"2026-10-05T08:40:06.711Z","caller":"datastore/data_store.go:713","msg":"DataStore has no available IP/Prefix addresses"}
{"level":"warn","ts":"2026-10-05T08:40:06.711Z","caller":"rpc/rpc_grpc.pb.go:117","msg":"Failed to assign IPs from network card 0: AssignPodIPAddress: no available IP/Prefix addresses"}
{"level":"error","ts":"2026-10-05T08:40:06.712Z","caller":"rpc/rpc_grpc.pb.go:117","msg":"Returning failure response for AddNetwork: 1 error occurred:\n\t* AssignPodIPAddress: no available IP/Prefix addresses\n\n"}
{"level":"info","ts":"2026-10-05T08:40:06.712Z","caller":"rpc/rpc_grpc.pb.go:117","msg":"Send AddNetworkReply: Success: false IPAddr: [], resp: , err: AssignPodIPAddress: no available IP/Prefix addresses"}
{"level":"info","ts":"2026-10-05T08:40:06.748Z","caller":"rpc/rpc_grpc.pb.go:135","msg":"Received DelNetwork for Sandbox 454bcf947996e009f96465b07d4d7b9a4cf89056fddb99abb4086ff2950a1686"}
{"level":"debug","ts":"2026-10-05T08:40:06.748Z","caller":"rpc/rpc_grpc.pb.go:135","msg":"DelNetworkRequest: K8S_POD_NAME:\"coredns-79f8dffc57-cv2lj\"  K8S_POD_NAMESPACE:\"kube-system\"  K8S_POD_INFRA_CONTAINER_ID:\"454bcf947996e009f96465b07d4d7b9a4cf89056fddb99abb4086ff2950a1686\"  Reason:\"PodDeleted\"  ContainerID:\"454bcf947996e009f96465b07d4d7b9a4cf89056fddb99abb4086ff2950a1686\"  IfName:\"eth0\"  NetworkName:\"aws-cni\"  K8S_POD_UID:\"080397ba-9aa0-4db1-b449-5fe2b0811692\""}
{"level":"info","ts":"2026-10-05T08:40:06.748Z","caller":"rpc/rpc_grpc.pb.go:135","msg":"Received DelNetwork for Sandbox a67c533ca1490c40e13404ed8e51d3a96989a10657ecb29542465a90a6ab19c8"}
{"level":"debug","ts":"2026-10-05T08:40:06.748Z","caller":"ipamd/rpc_handler.go:353","msg":"UnassignPodIPAddress: IP address pool stats: total 0, assigned 0, sandbox aws-cni/454bcf947996e009f96465b07d4d7b9a4cf89056fddb99abb4086ff2950a1686/eth0"}
{"level":"debug","ts":"2026-10-05T08:40:06.748Z","caller":"rpc/rpc_grpc.pb.go:135","msg":"DelNetworkRequest: K8S_POD_NAME:\"coredns-79f8dffc57-fwslz\"  K8S_POD_NAMESPACE:\"kube-system\"  K8S_POD_INFRA_CONTAINER_ID:\"a67c533ca1490c40e13404ed8e51d3a96989a10657ecb29542465a90a6ab19c8\"  Reason:\"PodDeleted\"  ContainerID:\"a67c533ca1490c40e13404ed8e51d3a96989a10657ecb29542465a90a6ab19c8\"  IfName:\"eth0\"  NetworkName:\"aws-cni\"  K8S_POD_UID:\"ad241f1d-d89e-4886-8d30-e22384a0b925\""}
{"level":"debug","ts":"2026-10-05T08:40:06.748Z","caller":"ipamd/rpc_handler.go:353","msg":"UnassignPodIPAddress: Failed to find IPAM entry under full key, trying CRI-migrated version"}
{"level":"warn","ts":"2026-10-05T08:40:06.748Z","caller":"ipamd/rpc_handler.go:353","msg":"UnassignPodIPAddress: Failed to find sandbox _migrated-from-cri/454bcf947996e009f96465b07d4d7b9a4cf89056fddb99abb4086ff2950a1686/unknown"}
{"level":"info","ts":"2026-10-05T08:40:06.748Z","caller":"rpc/rpc_grpc.pb.go:135","msg":"Send DelNetworkReply: IPAddress: [], err: 1 error occurred:\n\t* datastore: unknown pod\n\n"}
{"level":"debug","ts":"2026-10-05T08:40:06.748Z","caller":"ipamd/rpc_handler.go:353","msg":"UnassignPodIPAddress: IP address pool stats: total 0, assigned 0, sandbox aws-cni/a67c533ca1490c40e13404ed8e51d3a96989a10657ecb29542465a90a6ab19c8/eth0"}
{"level":"debug","ts":"2026-10-05T08:40:06.748Z","caller":"ipamd/rpc_handler.go:353","msg":"UnassignPodIPAddress: Failed to find IPAM entry under full key, trying CRI-migrated version"}
{"level":"warn","ts":"2026-10-05T08:40:06.748Z","caller":"ipamd/rpc_handler.go:353","msg":"UnassignPodIPAddress: Failed to find sandbox _migrated-from-cri/a67c533ca1490c40e13404ed8e51d3a96989a10657ecb29542465a90a6ab19c8/unknown"}
{"level":"info","ts":"2026-10-05T08:40:06.748Z","caller":"rpc/rpc_grpc.pb.go:135","msg":"Send DelNetworkReply: IPAddress: [], err: 1 error occurred:\n\t* datastore: unknown pod\n\n"}
{"level":"debug","ts":"2026-10-05T08:40:08.300Z","caller":"ipamd/ipamd.go:809","msg":"IP pool is too low for Network Card 0: available (0) < ENI target (1) * addrsPerENI (16)"}
{"level":"debug","ts":"2026-10-05T08:40:08.300Z","caller":"ipamd/ipamd.go:2689","msg":"Prefix pool stats for network card 0: Total IPs/Prefixes = 0/0, AssignedIPs/CooldownIPs: 0/0, c.maxIPsPerENI = 80"}
{"level":"debug","ts":"2026-10-05T08:40:08.300Z","caller":"ipamd/ipamd.go:795","msg":"IP stats for Network Card 0 - total IPs: 0, assigned IPs: 0, cooldown IPs: 0"}
{"level":"debug","ts":"2026-10-05T08:40:08.300Z","caller":"ipamd/ipamd.go:813","msg":"Starting to increase pool size for network card 0"}
{"level":"debug","ts":"2026-10-05T08:40:08.300Z","caller":"ipamd/ipamd.go:966","msg":"Node found \"ip-10-20-0-45.ec2.internal\" - no of taints - 0"}
{"level":"debug","ts":"2026-10-05T08:40:08.300Z","caller":"ipamd/ipamd.go:2758","msg":"Prefix target is 1, short of 1 prefixes, free 0 prefixes"}
{"level":"debug","ts":"2026-10-05T08:40:08.300Z","caller":"ipamd/ipamd.go:1248","msg":"ToAllocate: 1, Network Card 0"}
{"level":"debug","ts":"2026-10-05T08:40:08.300Z","caller":"ipamd/ipamd.go:1251","msg":"Found ENI eni-EXAMPLE21 that has less than the maximum number of IP/Prefixes addresses allocated: cur=0, max=5"}
{"level":"info","ts":"2026-10-05T08:40:08.300Z","caller":"ipamd/ipamd.go:1255","msg":"Trying to allocate 1 IP addresses on ENI eni-EXAMPLE21"}
{"level":"debug","ts":"2026-10-05T08:40:08.300Z","caller":"ipamd/ipamd.go:1255","msg":"PD enabled - true"}
{"level":"debug","ts":"2026-10-05T08:40:08.759Z","caller":"awsutils/awsutils.go:2174","msg":"checkAPIErrorAndBroadcastEvent resulted in operation error EC2: AssignPrivateIpAddresses, https response error StatusCode: 400, RequestID: ef2f6685-4d79-4f17-a538-89bb430bd2c0, api error InsufficientCidrBlocks: The specified subnet does not have enough free cidr blocks to satisfy the request."}
{"level":"error","ts":"2026-10-05T08:40:08.759Z","caller":"ipamd/ipamd.go:1255","msg":"Failed to allocate a private IP/Prefix addresses on ENI eni-EXAMPLE21: operation error EC2: AssignPrivateIpAddresses, https response error StatusCode: 400, RequestID: ef2f6685-4d79-4f17-a538-89bb430bd2c0, api error InsufficientCidrBlocks: The specified subnet does not have enough free cidr blocks to satisfy the request."}
{"level":"debug","ts":"2026-10-05T08:40:08.759Z","caller":"ipamd/ipamd.go:1256","msg":"containsPrivateIPAddressLimitExceededError encountered operation error EC2: AssignPrivateIpAddresses, https response error StatusCode: 400, RequestID: ef2f6685-4d79-4f17-a538-89bb430bd2c0, api error InsufficientCidrBlocks: The specified subnet does not have enough free cidr blocks to satisfy the request."}
{"level":"warn","ts":"2026-10-05T08:40:08.760Z","caller":"ipamd/ipamd.go:1113","msg":"failed to allocate all available IPv4 Prefixes on ENI eni-EXAMPLE21, err: operation error EC2: AssignPrivateIpAddresses, https response error StatusCode: 400, RequestID: ef2f6685-4d79-4f17-a538-89bb430bd2c0, api error InsufficientCidrBlocks: The specified subnet does not have enough free cidr blocks to satisfy the request."}
{"level":"info","ts":"2026-10-05T08:40:08.760Z","caller":"ipamd/ipamd.go:1259","msg":"Trying to allocate 1 IP addresses on ENI eni-EXAMPLE21"}
{"level":"debug","ts":"2026-10-05T08:40:08.760Z","caller":"ipamd/ipamd.go:1259","msg":"PD enabled - true"}
{"level":"debug","ts":"2026-10-05T08:40:09.183Z","caller":"awsutils/awsutils.go:2174","msg":"checkAPIErrorAndBroadcastEvent resulted in operation error EC2: AssignPrivateIpAddresses, https response error StatusCode: 400, RequestID: b747c7ac-a007-4237-b50b-f7f83e0a7abb, api error InsufficientCidrBlocks: The specified subnet does not have enough free cidr blocks to satisfy the request."}
{"level":"error","ts":"2026-10-05T08:40:09.183Z","caller":"ipamd/ipamd.go:1259","msg":"Failed to allocate a private IP/Prefix addresses on ENI eni-EXAMPLE21: operation error EC2: AssignPrivateIpAddresses, https response error StatusCode: 400, RequestID: b747c7ac-a007-4237-b50b-f7f83e0a7abb, api error InsufficientCidrBlocks: The specified subnet does not have enough free cidr blocks to satisfy the request."}
{"level":"debug","ts":"2026-10-05T08:40:09.183Z","caller":"ipamd/ipamd.go:1260","msg":"containsPrivateIPAddressLimitExceededError encountered operation error EC2: AssignPrivateIpAddresses, https response error StatusCode: 400, RequestID: b747c7ac-a007-4237-b50b-f7f83e0a7abb, api error InsufficientCidrBlocks: The specified subnet does not have enough free cidr blocks to satisfy the request."}
{"level":"debug","ts":"2026-10-05T08:40:09.183Z","caller":"ipamd/ipamd.go:1262","msg":"containsInsufficientCIDRsOrSubnetIPs encountered operation error EC2: AssignPrivateIpAddresses, https response error StatusCode: 400, RequestID: b747c7ac-a007-4237-b50b-f7f83e0a7abb, api error InsufficientCidrBlocks: The specified subnet does not have enough free cidr blocks to satisfy the request."}
{"level":"debug","ts":"2026-10-05T08:40:09.183Z","caller":"ipamd/ipamd.go:1262","msg":"Insufficient IP Addresses due to: InsufficientCidrBlocks\n"}
{"level":"debug","ts":"2026-10-05T08:40:09.183Z","caller":"ipamd/ipamd.go:1003","msg":"hasRoomForEni: networkCard=0, currentENIs=1, currentUsableENIs=1, maxENI=3, unmanagedENI=0, trunkEni=0, excludedENI=0, hasRoom=true"}
{"level":"debug","ts":"2026-10-05T08:40:09.183Z","caller":"ipamd/ipamd.go:2758","msg":"Prefix target is 1, short of 1 prefixes, free 0 prefixes"}
{"level":"debug","ts":"2026-10-05T08:40:09.183Z","caller":"ipamd/ipamd.go:2595","msg":"ToAllocate: 1, Network Card 0"}
{"level":"info","ts":"2026-10-05T08:40:09.183Z","caller":"awsutils/awsutils.go:1044","msg":"Trying to allocate 1 IP addresses on new ENI"}
{"level":"debug","ts":"2026-10-05T08:40:09.183Z","caller":"awsutils/awsutils.go:1044","msg":"PD enabled - true"}
{"level":"debug","ts":"2026-10-05T08:40:09.434Z","caller":"awsutils/awsutils.go:1272","msg":"Primary subnet subnet-EXAMPLE1 has no kubernetes.io/role/cni tag, including it for ENI creation (backwards compatibility)"}
{"level":"info","ts":"2026-10-05T08:40:09.434Z","caller":"awsutils/awsutils.go:1044","msg":"Creating ENI with security groups: [sg-EXAMPLE1] in subnet: subnet-EXAMPLE1"}
{"level":"debug","ts":"2026-10-05T08:40:09.687Z","caller":"awsutils/awsutils.go:1449","msg":"checkAPIErrorAndBroadcastEvent resulted in operation error EC2: CreateNetworkInterface, https response error StatusCode: 400, RequestID: f92aaab8-00ae-4f15-8497-ee2357cb10cd, api error InvalidParameterValue: There aren't sufficient free Ipv4 addresses or prefixes"}
{"level":"error","ts":"2026-10-05T08:40:09.687Z","caller":"awsutils/awsutils.go:1285","msg":"Failed to CreateNetworkInterface operation error EC2: CreateNetworkInterface, https response error StatusCode: 400, RequestID: f92aaab8-00ae-4f15-8497-ee2357cb10cd, api error InvalidParameterValue: There aren't sufficient free Ipv4 addresses or prefixes for subnet subnet-EXAMPLE1"}
{"level":"debug","ts":"2026-10-05T08:40:09.687Z","caller":"awsutils/awsutils.go:1272","msg":"Subnet subnet-EXAMPLE2 has no kubernetes.io/role/cni tag, excluding it from ENI creation"}
{"level":"error","ts":"2026-10-05T08:40:09.687Z","caller":"ipamd/ipamd.go:1004","msg":"Failed to increase pool size due to not able to allocate ENI AllocENI: failed to create ENI: failed to create network interface: operation error EC2: CreateNetworkInterface, https response error StatusCode: 400, RequestID: f92aaab8-00ae-4f15-8497-ee2357cb10cd, api error InvalidParameterValue: There aren't sufficient free Ipv4 addresses or prefixes"}
{"level":"warn","ts":"2026-10-05T08:40:09.688Z","caller":"ipamd/ipamd.go:1004","msg":"Failed to allocate 1 IP addresses on an ENI: AllocENI: failed to create ENI: failed to create network interface: operation error EC2: CreateNetworkInterface, https response error StatusCode: 400, RequestID: f92aaab8-00ae-4f15-8497-ee2357cb10cd, api error InvalidParameterValue: There aren't sufficient free Ipv4 addresses or prefixes"}
{"level":"debug","ts":"2026-10-05T08:40:09.688Z","caller":"ipamd/ipamd.go:1082","msg":"containsInsufficientCIDRsOrSubnetIPs encountered AllocENI: failed to create ENI: failed to create network interface: operation error EC2: CreateNetworkInterface, https response error StatusCode: 400, RequestID: f92aaab8-00ae-4f15-8497-ee2357cb10cd, api error InvalidParameterValue: There aren't sufficient free Ipv4 addresses or prefixes"}
{"level":"debug","ts":"2026-10-05T08:40:09.688Z","caller":"ipamd/ipamd.go:1082","msg":"Insufficient IP Addresses due to: InvalidParameterValue\n"}
{"level":"debug","ts":"2026-10-05T08:40:09.688Z","caller":"ipamd/ipamd.go:813","msg":"Error trying to allocate ENI: AllocENI: failed to create ENI: failed to create network interface: operation error EC2: CreateNetworkInterface, https response error StatusCode: 400, RequestID: f92aaab8-00ae-4f15-8497-ee2357cb10cd, api error InvalidParameterValue: There aren't sufficient free Ipv4 addresses or prefixes"}
{"level":"debug","ts":"2026-10-05T08:40:09.688Z","caller":"ipamd/ipamd.go:1548","msg":"ENI eni-EXAMPLE21 cannot be deleted because it is primary"}
{"level":"debug","ts":"2026-10-05T08:40:14.688Z","caller":"ipamd/ipamd.go:809","msg":"IP pool is too low for Network Card 0: available (0) < ENI target (1) * addrsPerENI (16)"}
{"level":"debug","ts":"2026-10-05T08:40:14.689Z","caller":"ipamd/ipamd.go:2689","msg":"Prefix pool stats for network card 0: Total IPs/Prefixes = 0/0, AssignedIPs/CooldownIPs: 0/0, c.maxIPsPerENI = 80"}
{"level":"debug","ts":"2026-10-05T08:40:14.689Z","caller":"ipamd/ipamd.go:795","msg":"IP stats for Network Card 0 - total IPs: 0, assigned IPs: 0, cooldown IPs: 0"}
{"level":"debug","ts":"2026-10-05T08:40:14.689Z","caller":"ipamd/ipamd.go:813","msg":"Starting to increase pool size for network card 0"}
{"level":"debug","ts":"2026-10-05T08:40:14.689Z","caller":"ipamd/ipamd.go:966","msg":"Node found \"ip-10-20-0-45.ec2.internal\" - no of taints - 0"}
{"level":"debug","ts":"2026-10-05T08:40:14.689Z","caller":"ipamd/ipamd.go:2758","msg":"Prefix target is 1, short of 1 prefixes, free 0 prefixes"}
{"level":"debug","ts":"2026-10-05T08:40:14.689Z","caller":"ipamd/ipamd.go:1248","msg":"ToAllocate: 1, Network Card 0"}
{"level":"debug","ts":"2026-10-05T08:40:14.689Z","caller":"ipamd/ipamd.go:1251","msg":"Found ENI eni-EXAMPLE21 that has less than the maximum number of IP/Prefixes addresses allocated: cur=0, max=5"}
{"level":"info","ts":"2026-10-05T08:40:14.689Z","caller":"ipamd/ipamd.go:1255","msg":"Trying to allocate 1 IP addresses on ENI eni-EXAMPLE21"}
{"level":"debug","ts":"2026-10-05T08:40:14.689Z","caller":"ipamd/ipamd.go:1255","msg":"PD enabled - true"}
{"level":"debug","ts":"2026-10-05T08:40:15.161Z","caller":"awsutils/awsutils.go:2174","msg":"checkAPIErrorAndBroadcastEvent resulted in operation error EC2: AssignPrivateIpAddresses, https response error StatusCode: 400, RequestID: 28fd45af-fc43-4673-83dd-8a6c830e7231, api error InsufficientCidrBlocks: The specified subnet does not have enough free cidr blocks to satisfy the request."}
{"level":"error","ts":"2026-10-05T08:40:15.161Z","caller":"ipamd/ipamd.go:1255","msg":"Failed to allocate a private IP/Prefix addresses on ENI eni-EXAMPLE21: operation error EC2: AssignPrivateIpAddresses, https response error StatusCode: 400, RequestID: 28fd45af-fc43-4673-83dd-8a6c830e7231, api error InsufficientCidrBlocks: The specified subnet does not have enough free cidr blocks to satisfy the request."}
{"level":"debug","ts":"2026-10-05T08:40:15.161Z","caller":"ipamd/ipamd.go:1256","msg":"containsPrivateIPAddressLimitExceededError encountered operation error EC2: AssignPrivateIpAddresses, https response error StatusCode: 400, RequestID: 28fd45af-fc43-4673-83dd-8a6c830e7231, api error InsufficientCidrBlocks: The specified subnet does not have enough free cidr blocks to satisfy the request."}
{"level":"warn","ts":"2026-10-05T08:40:15.161Z","caller":"ipamd/ipamd.go:1113","msg":"failed to allocate all available IPv4 Prefixes on ENI eni-EXAMPLE21, err: operation error EC2: AssignPrivateIpAddresses, https response error StatusCode: 400, RequestID: 28fd45af-fc43-4673-83dd-8a6c830e7231, api error InsufficientCidrBlocks: The specified subnet does not have enough free cidr blocks to satisfy the request."}
{"level":"info","ts":"2026-10-05T08:40:15.161Z","caller":"ipamd/ipamd.go:1259","msg":"Trying to allocate 1 IP addresses on ENI eni-EXAMPLE21"}
{"level":"debug","ts":"2026-10-05T08:40:15.161Z","caller":"ipamd/ipamd.go:1259","msg":"PD enabled - true"}
{"level":"debug","ts":"2026-10-05T08:40:15.593Z","caller":"awsutils/awsutils.go:2174","msg":"checkAPIErrorAndBroadcastEvent resulted in operation error EC2: AssignPrivateIpAddresses, https response error StatusCode: 400, RequestID: 650c3553-5b16-4856-b2d4-596555bc58e2, api error InsufficientCidrBlocks: The specified subnet does not have enough free cidr blocks to satisfy the request."}
{"level":"error","ts":"2026-10-05T08:40:15.593Z","caller":"ipamd/ipamd.go:1259","msg":"Failed to allocate a private IP/Prefix addresses on ENI eni-EXAMPLE21: operation error EC2: AssignPrivateIpAddresses, https response error StatusCode: 400, RequestID: 650c3553-5b16-4856-b2d4-596555bc58e2, api error InsufficientCidrBlocks: The specified subnet does not have enough free cidr blocks to satisfy the request."}
{"level":"debug","ts":"2026-10-05T08:40:15.593Z","caller":"ipamd/ipamd.go:1260","msg":"containsPrivateIPAddressLimitExceededError encountered operation error EC2: AssignPrivateIpAddresses, https response error StatusCode: 400, RequestID: 650c3553-5b16-4856-b2d4-596555bc58e2, api error InsufficientCidrBlocks: The specified subnet does not have enough free cidr blocks to satisfy the request."}
{"level":"debug","ts":"2026-10-05T08:40:15.593Z","caller":"ipamd/ipamd.go:1262","msg":"containsInsufficientCIDRsOrSubnetIPs encountered operation error EC2: AssignPrivateIpAddresses, https response error StatusCode: 400, RequestID: 650c3553-5b16-4856-b2d4-596555bc58e2, api error InsufficientCidrBlocks: The specified subnet does not have enough free cidr blocks to satisfy the request."}
{"level":"debug","ts":"2026-10-05T08:40:15.593Z","caller":"ipamd/ipamd.go:1262","msg":"Insufficient IP Addresses due to: InsufficientCidrBlocks\n"}
{"level":"debug","ts":"2026-10-05T08:40:15.593Z","caller":"ipamd/ipamd.go:1003","msg":"hasRoomForEni: networkCard=0, currentENIs=1, currentUsableENIs=1, maxENI=3, unmanagedENI=0, trunkEni=0, excludedENI=0, hasRoom=true"}
{"level":"debug","ts":"2026-10-05T08:40:15.593Z","caller":"ipamd/ipamd.go:2758","msg":"Prefix target is 1, short of 1 prefixes, free 0 prefixes"}
{"level":"debug","ts":"2026-10-05T08:40:15.593Z","caller":"ipamd/ipamd.go:2595","msg":"ToAllocate: 1, Network Card 0"}
{"level":"info","ts":"2026-10-05T08:40:15.593Z","caller":"awsutils/awsutils.go:1044","msg":"Trying to allocate 1 IP addresses on new ENI"}
{"level":"debug","ts":"2026-10-05T08:40:15.593Z","caller":"awsutils/awsutils.go:1044","msg":"PD enabled - true"}
{"level":"debug","ts":"2026-10-05T08:40:15.785Z","caller":"awsutils/awsutils.go:1272","msg":"Primary subnet subnet-EXAMPLE1 has no kubernetes.io/role/cni tag, including it for ENI creation (backwards compatibility)"}
{"level":"info","ts":"2026-10-05T08:40:15.785Z","caller":"awsutils/awsutils.go:1044","msg":"Creating ENI with security groups: [sg-EXAMPLE1] in subnet: subnet-EXAMPLE1"}
{"level":"debug","ts":"2026-10-05T08:40:16.035Z","caller":"awsutils/awsutils.go:1449","msg":"checkAPIErrorAndBroadcastEvent resulted in operation error EC2: CreateNetworkInterface, https response error StatusCode: 400, RequestID: 83f0ebf5-cc2d-4401-9d61-e45f40ad9106, api error InvalidParameterValue: There aren't sufficient free Ipv4 addresses or prefixes"}
{"level":"error","ts":"2026-10-05T08:40:16.035Z","caller":"awsutils/awsutils.go:1285","msg":"Failed to CreateNetworkInterface operation error EC2: CreateNetworkInterface, https response error StatusCode: 400, RequestID: 83f0ebf5-cc2d-4401-9d61-e45f40ad9106, api error InvalidParameterValue: There aren't sufficient free Ipv4 addresses or prefixes for subnet subnet-EXAMPLE1"}
{"level":"debug","ts":"2026-10-05T08:40:16.035Z","caller":"awsutils/awsutils.go:1272","msg":"Subnet subnet-EXAMPLE2 has no kubernetes.io/role/cni tag, excluding it from ENI creation"}
{"level":"error","ts":"2026-10-05T08:40:16.035Z","caller":"ipamd/ipamd.go:1004","msg":"Failed to increase pool size due to not able to allocate ENI AllocENI: failed to create ENI: failed to create network interface: operation error EC2: CreateNetworkInterface, https response error StatusCode: 400, RequestID: 83f0ebf5-cc2d-4401-9d61-e45f40ad9106, api error InvalidParameterValue: There aren't sufficient free Ipv4 addresses or prefixes"}
{"level":"warn","ts":"2026-10-05T08:40:16.035Z","caller":"ipamd/ipamd.go:1004","msg":"Failed to allocate 1 IP addresses on an ENI: AllocENI: failed to create ENI: failed to create network interface: operation error EC2: CreateNetworkInterface, https response error StatusCode: 400, RequestID: 83f0ebf5-cc2d-4401-9d61-e45f40ad9106, api error InvalidParameterValue: There aren't sufficient free Ipv4 addresses or prefixes"}
{"level":"debug","ts":"2026-10-05T08:40:16.035Z","caller":"ipamd/ipamd.go:1082","msg":"containsInsufficientCIDRsOrSubnetIPs encountered AllocENI: failed to create ENI: failed to create network interface: operation error EC2: CreateNetworkInterface, https response error StatusCode: 400, RequestID: 83f0ebf5-cc2d-4401-9d61-e45f40ad9106, api error InvalidParameterValue: There aren't sufficient free Ipv4 addresses or prefixes"}
{"level":"debug","ts":"2026-10-05T08:40:16.035Z","caller":"ipamd/ipamd.go:1082","msg":"Insufficient IP Addresses due to: InvalidParameterValue\n"}
{"level":"debug","ts":"2026-10-05T08:40:16.035Z","caller":"ipamd/ipamd.go:813","msg":"Error trying to allocate ENI: AllocENI: failed to create ENI: failed to create network interface: operation error EC2: CreateNetworkInterface, https response error StatusCode: 400, RequestID: 83f0ebf5-cc2d-4401-9d61-e45f40ad9106, api error InvalidParameterValue: There aren't sufficient free Ipv4 addresses or prefixes"}
{"level":"debug","ts":"2026-10-05T08:40:16.035Z","caller":"ipamd/ipamd.go:1548","msg":"ENI eni-EXAMPLE21 cannot be deleted because it is primary"}
{"level":"info","ts":"2026-10-05T08:40:18.709Z","caller":"rpc/rpc_grpc.pb.go:117","msg":"Received AddNetwork for NS /var/run/netns/cni-38dcfa91-497f-ec37-34f5-5c631ecb582f, Sandbox 1abaa3caa14bd71480be556997d9d96635ff86f9ba7eeb0e4428c5b6a7a1f1f5, ifname eth0"}
{"level":"debug","ts":"2026-10-05T08:40:18.709Z","caller":"rpc/rpc_grpc.pb.go:117","msg":"AddNetworkRequest: K8S_POD_NAME:\"coredns-79f8dffc57-cv2lj\"  K8S_POD_NAMESPACE:\"kube-system\"  K8S_POD_INFRA_CONTAINER_ID:\"1abaa3caa14bd71480be556997d9d96635ff86f9ba7eeb0e4428c5b6a7a1f1f5\"  ContainerID:\"1abaa3caa14bd71480be556997d9d96635ff86f9ba7eeb0e4428c5b6a7a1f1f5\"  IfName:\"eth0\"  NetworkName:\"aws-cni\"  Netns:\"/var/run/netns/cni-38dcfa91-497f-ec37-34f5-5c631ecb582f\""}
{"level":"info","ts":"2026-10-05T08:40:18.709Z","caller":"rpc/rpc_grpc.pb.go:117","msg":"Required MultiNIC access false, interfaces required 1"}
{"level":"debug","ts":"2026-10-05T08:40:18.709Z","caller":"datastore/data_store.go:713","msg":"AssignPodIPv4Address: IP address pool stats: total 0, assigned 0"}
{"level":"debug","ts":"2026-10-05T08:40:18.709Z","caller":"datastore/data_store.go:713","msg":"AssignPodIPv4Address: ENI eni-EXAMPLE21 does not have available addresses"}
{"level":"error","ts":"2026-10-05T08:40:18.709Z","caller":"datastore/data_store.go:713","msg":"DataStore has no available IP/Prefix addresses"}
{"level":"warn","ts":"2026-10-05T08:40:18.709Z","caller":"rpc/rpc_grpc.pb.go:117","msg":"Failed to assign IPs from network card 0: AssignPodIPAddress: no available IP/Prefix addresses"}
{"level":"error","ts":"2026-10-05T08:40:18.709Z","caller":"rpc/rpc_grpc.pb.go:117","msg":"Returning failure response for AddNetwork: 1 error occurred:\n\t* AssignPodIPAddress: no available IP/Prefix addresses\n\n"}
{"level":"info","ts":"2026-10-05T08:40:18.709Z","caller":"rpc/rpc_grpc.pb.go:117","msg":"Send AddNetworkReply: Success: false IPAddr: [], resp: , err: AssignPodIPAddress: no available IP/Prefix addresses"}
{"level":"info","ts":"2026-10-05T08:40:18.711Z","caller":"rpc/rpc_grpc.pb.go:117","msg":"Received AddNetwork for NS /var/run/netns/cni-36a87c33-36f7-6b79-5e62-27e4db276dcc, Sandbox e89b64c8d71ac1fa7049400cd110170ff4edd62ccdf763f176a14a5ada678c66, ifname eth0"}
{"level":"debug","ts":"2026-10-05T08:40:18.711Z","caller":"rpc/rpc_grpc.pb.go:117","msg":"AddNetworkRequest: K8S_POD_NAME:\"coredns-79f8dffc57-fwslz\"  K8S_POD_NAMESPACE:\"kube-system\"  K8S_POD_INFRA_CONTAINER_ID:\"e89b64c8d71ac1fa7049400cd110170ff4edd62ccdf763f176a14a5ada678c66\"  ContainerID:\"e89b64c8d71ac1fa7049400cd110170ff4edd62ccdf763f176a14a5ada678c66\"  IfName:\"eth0\"  NetworkName:\"aws-cni\"  Netns:\"/var/run/netns/cni-36a87c33-36f7-6b79-5e62-27e4db276dcc\""}
{"level":"info","ts":"2026-10-05T08:40:18.711Z","caller":"rpc/rpc_grpc.pb.go:117","msg":"Required MultiNIC access false, interfaces required 1"}
{"level":"debug","ts":"2026-10-05T08:40:18.711Z","caller":"datastore/data_store.go:713","msg":"AssignPodIPv4Address: IP address pool stats: total 0, assigned 0"}
{"level":"debug","ts":"2026-10-05T08:40:18.711Z","caller":"datastore/data_store.go:713","msg":"AssignPodIPv4Address: ENI eni-EXAMPLE21 does not have available addresses"}
{"level":"error","ts":"2026-10-05T08:40:18.711Z","caller":"datastore/data_store.go:713","msg":"DataStore has no available IP/Prefix addresses"}
{"level":"warn","ts":"2026-10-05T08:40:18.711Z","caller":"rpc/rpc_grpc.pb.go:117","msg":"Failed to assign IPs from network card 0: AssignPodIPAddress: no available IP/Prefix addresses"}
{"level":"error","ts":"2026-10-05T08:40:18.711Z","caller":"rpc/rpc_grpc.pb.go:117","msg":"Returning failure response for AddNetwork: 1 error occurred:\n\t* AssignPodIPAddress: no available IP/Prefix addresses\n\n"}
{"level":"info","ts":"2026-10-05T08:40:18.711Z","caller":"rpc/rpc_grpc.pb.go:117","msg":"Send AddNetworkReply: Success: false IPAddr: [], resp: , err: AssignPodIPAddress: no available IP/Prefix addresses"}
{"level":"info","ts":"2026-10-05T08:40:18.744Z","caller":"rpc/rpc_grpc.pb.go:135","msg":"Received DelNetwork for Sandbox 1abaa3caa14bd71480be556997d9d96635ff86f9ba7eeb0e4428c5b6a7a1f1f5"}
{"level":"debug","ts":"2026-10-05T08:40:18.744Z","caller":"rpc/rpc_grpc.pb.go:135","msg":"DelNetworkRequest: K8S_POD_NAME:\"coredns-79f8dffc57-cv2lj\"  K8S_POD_NAMESPACE:\"kube-system\"  K8S_POD_INFRA_CONTAINER_ID:\"1abaa3caa14bd71480be556997d9d96635ff86f9ba7eeb0e4428c5b6a7a1f1f5\"  Reason:\"PodDeleted\"  ContainerID:\"1abaa3caa14bd71480be556997d9d96635ff86f9ba7eeb0e4428c5b6a7a1f1f5\"  IfName:\"eth0\"  NetworkName:\"aws-cni\"  K8S_POD_UID:\"080397ba-9aa0-4db1-b449-5fe2b0811692\""}
{"level":"debug","ts":"2026-10-05T08:40:18.744Z","caller":"ipamd/rpc_handler.go:353","msg":"UnassignPodIPAddress: IP address pool stats: total 0, assigned 0, sandbox aws-cni/1abaa3caa14bd71480be556997d9d96635ff86f9ba7eeb0e4428c5b6a7a1f1f5/eth0"}
{"level":"debug","ts":"2026-10-05T08:40:18.744Z","caller":"ipamd/rpc_handler.go:353","msg":"UnassignPodIPAddress: Failed to find IPAM entry under full key, trying CRI-migrated version"}
{"level":"warn","ts":"2026-10-05T08:40:18.744Z","caller":"ipamd/rpc_handler.go:353","msg":"UnassignPodIPAddress: Failed to find sandbox _migrated-from-cri/1abaa3caa14bd71480be556997d9d96635ff86f9ba7eeb0e4428c5b6a7a1f1f5/unknown"}
{"level":"info","ts":"2026-10-05T08:40:18.744Z","caller":"rpc/rpc_grpc.pb.go:135","msg":"Send DelNetworkReply: IPAddress: [], err: 1 error occurred:\n\t* datastore: unknown pod\n\n"}
{"level":"info","ts":"2026-10-05T08:40:18.746Z","caller":"rpc/rpc_grpc.pb.go:135","msg":"Received DelNetwork for Sandbox e89b64c8d71ac1fa7049400cd110170ff4edd62ccdf763f176a14a5ada678c66"}
{"level":"debug","ts":"2026-10-05T08:40:18.746Z","caller":"rpc/rpc_grpc.pb.go:135","msg":"DelNetworkRequest: K8S_POD_NAME:\"coredns-79f8dffc57-fwslz\"  K8S_POD_NAMESPACE:\"kube-system\"  K8S_POD_INFRA_CONTAINER_ID:\"e89b64c8d71ac1fa7049400cd110170ff4edd62ccdf763f176a14a5ada678c66\"  Reason:\"PodDeleted\"  ContainerID:\"e89b64c8d71ac1fa7049400cd110170ff4edd62ccdf763f176a14a5ada678c66\"  IfName:\"eth0\"  NetworkName:\"aws-cni\"  K8S_POD_UID:\"ad241f1d-d89e-4886-8d30-e22384a0b925\""}
{"level":"debug","ts":"2026-10-05T08:40:18.746Z","caller":"ipamd/rpc_handler.go:353","msg":"UnassignPodIPAddress: IP address pool stats: total 0, assigned 0, sandbox aws-cni/e89b64c8d71ac1fa7049400cd110170ff4edd62ccdf763f176a14a5ada678c66/eth0"}
{"level":"debug","ts":"2026-10-05T08:40:18.746Z","caller":"ipamd/rpc_handler.go:353","msg":"UnassignPodIPAddress: Failed to find IPAM entry under full key, trying CRI-migrated version"}
{"level":"warn","ts":"2026-10-05T08:40:18.746Z","caller":"ipamd/rpc_handler.go:353","msg":"UnassignPodIPAddress: Failed to find sandbox _migrated-from-cri/e89b64c8d71ac1fa7049400cd110170ff4edd62ccdf763f176a14a5ada678c66/unknown"}
{"level":"info","ts":"2026-10-05T08:40:18.746Z","caller":"rpc/rpc_grpc.pb.go:135","msg":"Send DelNetworkReply: IPAddress: [], err: 1 error occurred:\n\t* datastore: unknown pod\n\n"}
{"level":"debug","ts":"2026-10-05T08:40:21.036Z","caller":"ipamd/ipamd.go:809","msg":"IP pool is too low for Network Card 0: available (0) < ENI target (1) * addrsPerENI (16)"}
{"level":"debug","ts":"2026-10-05T08:40:21.036Z","caller":"ipamd/ipamd.go:2689","msg":"Prefix pool stats for network card 0: Total IPs/Prefixes = 0/0, AssignedIPs/CooldownIPs: 0/0, c.maxIPsPerENI = 80"}
{"level":"debug","ts":"2026-10-05T08:40:21.036Z","caller":"ipamd/ipamd.go:795","msg":"IP stats for Network Card 0 - total IPs: 0, assigned IPs: 0, cooldown IPs: 0"}
{"level":"debug","ts":"2026-10-05T08:40:21.036Z","caller":"ipamd/ipamd.go:813","msg":"Starting to increase pool size for network card 0"}
{"level":"debug","ts":"2026-10-05T08:40:21.036Z","caller":"ipamd/ipamd.go:966","msg":"Node found \"ip-10-20-0-45.ec2.internal\" - no of taints - 0"}
{"level":"debug","ts":"2026-10-05T08:40:21.036Z","caller":"ipamd/ipamd.go:2758","msg":"Prefix target is 1, short of 1 prefixes, free 0 prefixes"}
{"level":"debug","ts":"2026-10-05T08:40:21.036Z","caller":"ipamd/ipamd.go:1248","msg":"ToAllocate: 1, Network Card 0"}
{"level":"debug","ts":"2026-10-05T08:40:21.036Z","caller":"ipamd/ipamd.go:1251","msg":"Found ENI eni-EXAMPLE21 that has less than the maximum number of IP/Prefixes addresses allocated: cur=0, max=5"}
{"level":"info","ts":"2026-10-05T08:40:21.036Z","caller":"ipamd/ipamd.go:1255","msg":"Trying to allocate 1 IP addresses on ENI eni-EXAMPLE21"}
{"level":"debug","ts":"2026-10-05T08:40:21.036Z","caller":"ipamd/ipamd.go:1255","msg":"PD enabled - true"}
{"level":"debug","ts":"2026-10-05T08:40:21.455Z","caller":"awsutils/awsutils.go:2174","msg":"checkAPIErrorAndBroadcastEvent resulted in operation error EC2: AssignPrivateIpAddresses, https response error StatusCode: 400, RequestID: 8b9e0700-0ce9-4146-8e7d-3385154acf0d, api error InsufficientCidrBlocks: The specified subnet does not have enough free cidr blocks to satisfy the request."}
{"level":"error","ts":"2026-10-05T08:40:21.455Z","caller":"ipamd/ipamd.go:1255","msg":"Failed to allocate a private IP/Prefix addresses on ENI eni-EXAMPLE21: operation error EC2: AssignPrivateIpAddresses, https response error StatusCode: 400, RequestID: 8b9e0700-0ce9-4146-8e7d-3385154acf0d, api error InsufficientCidrBlocks: The specified subnet does not have enough free cidr blocks to satisfy the request."}
{"level":"debug","ts":"2026-10-05T08:40:21.455Z","caller":"ipamd/ipamd.go:1256","msg":"containsPrivateIPAddressLimitExceededError encountered operation error EC2: AssignPrivateIpAddresses, https response error StatusCode: 400, RequestID: 8b9e0700-0ce9-4146-8e7d-3385154acf0d, api error InsufficientCidrBlocks: The specified subnet does not have enough free cidr blocks to satisfy the request."}
{"level":"warn","ts":"2026-10-05T08:40:21.455Z","caller":"ipamd/ipamd.go:1113","msg":"failed to allocate all available IPv4 Prefixes on ENI eni-EXAMPLE21, err: operation error EC2: AssignPrivateIpAddresses, https response error StatusCode: 400, RequestID: 8b9e0700-0ce9-4146-8e7d-3385154acf0d, api error InsufficientCidrBlocks: The specified subnet does not have enough free cidr blocks to satisfy the request."}
{"level":"info","ts":"2026-10-05T08:40:21.455Z","caller":"ipamd/ipamd.go:1259","msg":"Trying to allocate 1 IP addresses on ENI eni-EXAMPLE21"}
{"level":"debug","ts":"2026-10-05T08:40:21.455Z","caller":"ipamd/ipamd.go:1259","msg":"PD enabled - true"}
{"level":"debug","ts":"2026-10-05T08:40:21.860Z","caller":"awsutils/awsutils.go:2174","msg":"checkAPIErrorAndBroadcastEvent resulted in operation error EC2: AssignPrivateIpAddresses, https response error StatusCode: 400, RequestID: cee6eb85-f51c-4c3a-b19c-45e82c1308ff, api error InsufficientCidrBlocks: The specified subnet does not have enough free cidr blocks to satisfy the request."}
{"level":"error","ts":"2026-10-05T08:40:21.860Z","caller":"ipamd/ipamd.go:1259","msg":"Failed to allocate a private IP/Prefix addresses on ENI eni-EXAMPLE21: operation error EC2: AssignPrivateIpAddresses, https response error StatusCode: 400, RequestID: cee6eb85-f51c-4c3a-b19c-45e82c1308ff, api error InsufficientCidrBlocks: The specified subnet does not have enough free cidr blocks to satisfy the request."}
{"level":"debug","ts":"2026-10-05T08:40:21.860Z","caller":"ipamd/ipamd.go:1260","msg":"containsPrivateIPAddressLimitExceededError encountered operation error EC2: AssignPrivateIpAddresses, https response error StatusCode: 400, RequestID: cee6eb85-f51c-4c3a-b19c-45e82c1308ff, api error InsufficientCidrBlocks: The specified subnet does not have enough free cidr blocks to satisfy the request."}
{"level":"debug","ts":"2026-10-05T08:40:21.860Z","caller":"ipamd/ipamd.go:1262","msg":"containsInsufficientCIDRsOrSubnetIPs encountered operation error EC2: AssignPrivateIpAddresses, https response error StatusCode: 400, RequestID: cee6eb85-f51c-4c3a-b19c-45e82c1308ff, api error InsufficientCidrBlocks: The specified subnet does not have enough free cidr blocks to satisfy the request."}
{"level":"debug","ts":"2026-10-05T08:40:21.860Z","caller":"ipamd/ipamd.go:1262","msg":"Insufficient IP Addresses due to: InsufficientCidrBlocks\n"}
{"level":"debug","ts":"2026-10-05T08:40:21.860Z","caller":"ipamd/ipamd.go:1003","msg":"hasRoomForEni: networkCard=0, currentENIs=1, currentUsableENIs=1, maxENI=3, unmanagedENI=0, trunkEni=0, excludedENI=0, hasRoom=true"}
{"level":"debug","ts":"2026-10-05T08:40:21.860Z","caller":"ipamd/ipamd.go:2758","msg":"Prefix target is 1, short of 1 prefixes, free 0 prefixes"}
{"level":"debug","ts":"2026-10-05T08:40:21.860Z","caller":"ipamd/ipamd.go:2595","msg":"ToAllocate: 1, Network Card 0"}
{"level":"info","ts":"2026-10-05T08:40:21.860Z","caller":"awsutils/awsutils.go:1044","msg":"Trying to allocate 1 IP addresses on new ENI"}
{"level":"debug","ts":"2026-10-05T08:40:21.860Z","caller":"awsutils/awsutils.go:1044","msg":"PD enabled - true"}
{"level":"debug","ts":"2026-10-05T08:40:22.086Z","caller":"awsutils/awsutils.go:1272","msg":"Primary subnet subnet-EXAMPLE1 has no kubernetes.io/role/cni tag, including it for ENI creation (backwards compatibility)"}
{"level":"info","ts":"2026-10-05T08:40:22.086Z","caller":"awsutils/awsutils.go:1044","msg":"Creating ENI with security groups: [sg-EXAMPLE1] in subnet: subnet-EXAMPLE1"}
{"level":"debug","ts":"2026-10-05T08:40:22.288Z","caller":"awsutils/awsutils.go:1449","msg":"checkAPIErrorAndBroadcastEvent resulted in operation error EC2: CreateNetworkInterface, https response error StatusCode: 400, RequestID: 05193fc7-ff34-46e5-a2c1-31cec5e6460c, api error InvalidParameterValue: There aren't sufficient free Ipv4 addresses or prefixes"}
{"level":"error","ts":"2026-10-05T08:40:22.288Z","caller":"awsutils/awsutils.go:1285","msg":"Failed to CreateNetworkInterface operation error EC2: CreateNetworkInterface, https response error StatusCode: 400, RequestID: 05193fc7-ff34-46e5-a2c1-31cec5e6460c, api error InvalidParameterValue: There aren't sufficient free Ipv4 addresses or prefixes for subnet subnet-EXAMPLE1"}
{"level":"debug","ts":"2026-10-05T08:40:22.288Z","caller":"awsutils/awsutils.go:1272","msg":"Subnet subnet-EXAMPLE2 has no kubernetes.io/role/cni tag, excluding it from ENI creation"}
{"level":"error","ts":"2026-10-05T08:40:22.288Z","caller":"ipamd/ipamd.go:1004","msg":"Failed to increase pool size due to not able to allocate ENI AllocENI: failed to create ENI: failed to create network interface: operation error EC2: CreateNetworkInterface, https response error StatusCode: 400, RequestID: 05193fc7-ff34-46e5-a2c1-31cec5e6460c, api error InvalidParameterValue: There aren't sufficient free Ipv4 addresses or prefixes"}
{"level":"warn","ts":"2026-10-05T08:40:22.288Z","caller":"ipamd/ipamd.go:1004","msg":"Failed to allocate 1 IP addresses on an ENI: AllocENI: failed to create ENI: failed to create network interface: operation error EC2: CreateNetworkInterface, https response error StatusCode: 400, RequestID: 05193fc7-ff34-46e5-a2c1-31cec5e6460c, api error InvalidParameterValue: There aren't sufficient free Ipv4 addresses or prefixes"}
{"level":"debug","ts":"2026-10-05T08:40:22.288Z","caller":"ipamd/ipamd.go:1082","msg":"containsInsufficientCIDRsOrSubnetIPs encountered AllocENI: failed to create ENI: failed to create network interface: operation error EC2: CreateNetworkInterface, https response error StatusCode: 400, RequestID: 05193fc7-ff34-46e5-a2c1-31cec5e6460c, api error InvalidParameterValue: There aren't sufficient free Ipv4 addresses or prefixes"}
{"level":"debug","ts":"2026-10-05T08:40:22.288Z","caller":"ipamd/ipamd.go:1082","msg":"Insufficient IP Addresses due to: InvalidParameterValue\n"}
{"level":"debug","ts":"2026-10-05T08:40:22.288Z","caller":"ipamd/ipamd.go:813","msg":"Error trying to allocate ENI: AllocENI: failed to create ENI: failed to create network interface: operation error EC2: CreateNetworkInterface, https response error StatusCode: 400, RequestID: 05193fc7-ff34-46e5-a2c1-31cec5e6460c, api error InvalidParameterValue: There aren't sufficient free Ipv4 addresses or prefixes"}
{"level":"debug","ts":"2026-10-05T08:40:22.288Z","caller":"ipamd/ipamd.go:1548","msg":"ENI eni-EXAMPLE21 cannot be deleted because it is primary"}
{"level":"debug","ts":"2026-10-05T08:40:27.289Z","caller":"ipamd/ipamd.go:809","msg":"IP pool is too low for Network Card 0: available (0) < ENI target (1) * addrsPerENI (16)"}
{"level":"debug","ts":"2026-10-05T08:40:27.289Z","caller":"ipamd/ipamd.go:2689","msg":"Prefix pool stats for network card 0: Total IPs/Prefixes = 0/0, AssignedIPs/CooldownIPs: 0/0, c.maxIPsPerENI = 80"}
{"level":"debug","ts":"2026-10-05T08:40:27.289Z","caller":"ipamd/ipamd.go:795","msg":"IP stats for Network Card 0 - total IPs: 0, assigned IPs: 0, cooldown IPs: 0"}
{"level":"debug","ts":"2026-10-05T08:40:27.289Z","caller":"ipamd/ipamd.go:813","msg":"Starting to increase pool size for network card 0"}
{"level":"debug","ts":"2026-10-05T08:40:27.289Z","caller":"ipamd/ipamd.go:966","msg":"Node found \"ip-10-20-0-45.ec2.internal\" - no of taints - 0"}
{"level":"debug","ts":"2026-10-05T08:40:27.289Z","caller":"ipamd/ipamd.go:2758","msg":"Prefix target is 1, short of 1 prefixes, free 0 prefixes"}
{"level":"debug","ts":"2026-10-05T08:40:27.289Z","caller":"ipamd/ipamd.go:1248","msg":"ToAllocate: 1, Network Card 0"}
{"level":"debug","ts":"2026-10-05T08:40:27.289Z","caller":"ipamd/ipamd.go:1251","msg":"Found ENI eni-EXAMPLE21 that has less than the maximum number of IP/Prefixes addresses allocated: cur=0, max=5"}
{"level":"info","ts":"2026-10-05T08:40:27.289Z","caller":"ipamd/ipamd.go:1255","msg":"Trying to allocate 1 IP addresses on ENI eni-EXAMPLE21"}
{"level":"debug","ts":"2026-10-05T08:40:27.289Z","caller":"ipamd/ipamd.go:1255","msg":"PD enabled - true"}
{"level":"debug","ts":"2026-10-05T08:40:27.760Z","caller":"awsutils/awsutils.go:2174","msg":"checkAPIErrorAndBroadcastEvent resulted in operation error EC2: AssignPrivateIpAddresses, https response error StatusCode: 400, RequestID: 095d580c-1797-4b20-89e0-9eb3111e6474, api error InsufficientCidrBlocks: The specified subnet does not have enough free cidr blocks to satisfy the request."}
{"level":"error","ts":"2026-10-05T08:40:27.760Z","caller":"ipamd/ipamd.go:1255","msg":"Failed to allocate a private IP/Prefix addresses on ENI eni-EXAMPLE21: operation error EC2: AssignPrivateIpAddresses, https response error StatusCode: 400, RequestID: 095d580c-1797-4b20-89e0-9eb3111e6474, api error InsufficientCidrBlocks: The specified subnet does not have enough free cidr blocks to satisfy the request."}
{"level":"debug","ts":"2026-10-05T08:40:27.760Z","caller":"ipamd/ipamd.go:1256","msg":"containsPrivateIPAddressLimitExceededError encountered operation error EC2: AssignPrivateIpAddresses, https response error StatusCode: 400, RequestID: 095d580c-1797-4b20-89e0-9eb3111e6474, api error InsufficientCidrBlocks: The specified subnet does not have enough free cidr blocks to satisfy the request."}
{"level":"warn","ts":"2026-10-05T08:40:27.760Z","caller":"ipamd/ipamd.go:1113","msg":"failed to allocate all available IPv4 Prefixes on ENI eni-EXAMPLE21, err: operation error EC2: AssignPrivateIpAddresses, https response error StatusCode: 400, RequestID: 095d580c-1797-4b20-89e0-9eb3111e6474, api error InsufficientCidrBlocks: The specified subnet does not have enough free cidr blocks to satisfy the request."}
{"level":"info","ts":"2026-10-05T08:40:27.760Z","caller":"ipamd/ipamd.go:1259","msg":"Trying to allocate 1 IP addresses on ENI eni-EXAMPLE21"}
{"level":"debug","ts":"2026-10-05T08:40:27.760Z","caller":"ipamd/ipamd.go:1259","msg":"PD enabled - true"}
{"level":"debug","ts":"2026-10-05T08:40:28.156Z","caller":"awsutils/awsutils.go:2174","msg":"checkAPIErrorAndBroadcastEvent resulted in operation error EC2: AssignPrivateIpAddresses, https response error StatusCode: 400, RequestID: c91d82ee-c68d-4e03-876d-894d31f17ff3, api error InsufficientCidrBlocks: The specified subnet does not have enough free cidr blocks to satisfy the request."}
{"level":"error","ts":"2026-10-05T08:40:28.156Z","caller":"ipamd/ipamd.go:1259","msg":"Failed to allocate a private IP/Prefix addresses on ENI eni-EXAMPLE21: operation error EC2: AssignPrivateIpAddresses, https response error StatusCode: 400, RequestID: c91d82ee-c68d-4e03-876d-894d31f17ff3, api error InsufficientCidrBlocks: The specified subnet does not have enough free cidr blocks to satisfy the request."}
{"level":"debug","ts":"2026-10-05T08:40:28.156Z","caller":"ipamd/ipamd.go:1260","msg":"containsPrivateIPAddressLimitExceededError encountered operation error EC2: AssignPrivateIpAddresses, https response error StatusCode: 400, RequestID: c91d82ee-c68d-4e03-876d-894d31f17ff3, api error InsufficientCidrBlocks: The specified subnet does not have enough free cidr blocks to satisfy the request."}
{"level":"debug","ts":"2026-10-05T08:40:28.156Z","caller":"ipamd/ipamd.go:1262","msg":"containsInsufficientCIDRsOrSubnetIPs encountered operation error EC2: AssignPrivateIpAddresses, https response error StatusCode: 400, RequestID: c91d82ee-c68d-4e03-876d-894d31f17ff3, api error InsufficientCidrBlocks: The specified subnet does not have enough free cidr blocks to satisfy the request."}
{"level":"debug","ts":"2026-10-05T08:40:28.156Z","caller":"ipamd/ipamd.go:1262","msg":"Insufficient IP Addresses due to: InsufficientCidrBlocks\n"}
{"level":"debug","ts":"2026-10-05T08:40:28.156Z","caller":"ipamd/ipamd.go:1003","msg":"hasRoomForEni: networkCard=0, currentENIs=1, currentUsableENIs=1, maxENI=3, unmanagedENI=0, trunkEni=0, excludedENI=0, hasRoom=true"}
{"level":"debug","ts":"2026-10-05T08:40:28.156Z","caller":"ipamd/ipamd.go:2758","msg":"Prefix target is 1, short of 1 prefixes, free 0 prefixes"}
{"level":"debug","ts":"2026-10-05T08:40:28.156Z","caller":"ipamd/ipamd.go:2595","msg":"ToAllocate: 1, Network Card 0"}
{"level":"info","ts":"2026-10-05T08:40:28.156Z","caller":"awsutils/awsutils.go:1044","msg":"Trying to allocate 1 IP addresses on new ENI"}
{"level":"debug","ts":"2026-10-05T08:40:28.156Z","caller":"awsutils/awsutils.go:1044","msg":"PD enabled - true"}
{"level":"debug","ts":"2026-10-05T08:40:28.396Z","caller":"awsutils/awsutils.go:1272","msg":"Primary subnet subnet-EXAMPLE1 has no kubernetes.io/role/cni tag, including it for ENI creation (backwards compatibility)"}
{"level":"info","ts":"2026-10-05T08:40:28.396Z","caller":"awsutils/awsutils.go:1044","msg":"Creating ENI with security groups: [sg-EXAMPLE1] in subnet: subnet-EXAMPLE1"}
{"level":"debug","ts":"2026-10-05T08:40:28.636Z","caller":"awsutils/awsutils.go:1449","msg":"checkAPIErrorAndBroadcastEvent resulted in operation error EC2: CreateNetworkInterface, https response error StatusCode: 400, RequestID: 81c050a1-1dec-4dc1-95cd-320f1e4fe8e4, api error InvalidParameterValue: There aren't sufficient free Ipv4 addresses or prefixes"}
{"level":"error","ts":"2026-10-05T08:40:28.636Z","caller":"awsutils/awsutils.go:1285","msg":"Failed to CreateNetworkInterface operation error EC2: CreateNetworkInterface, https response error StatusCode: 400, RequestID: 81c050a1-1dec-4dc1-95cd-320f1e4fe8e4, api error InvalidParameterValue: There aren't sufficient free Ipv4 addresses or prefixes for subnet subnet-EXAMPLE1"}
{"level":"debug","ts":"2026-10-05T08:40:28.636Z","caller":"awsutils/awsutils.go:1272","msg":"Subnet subnet-EXAMPLE2 has no kubernetes.io/role/cni tag, excluding it from ENI creation"}
{"level":"error","ts":"2026-10-05T08:40:28.636Z","caller":"ipamd/ipamd.go:1004","msg":"Failed to increase pool size due to not able to allocate ENI AllocENI: failed to create ENI: failed to create network interface: operation error EC2: CreateNetworkInterface, https response error StatusCode: 400, RequestID: 81c050a1-1dec-4dc1-95cd-320f1e4fe8e4, api error InvalidParameterValue: There aren't sufficient free Ipv4 addresses or prefixes"}
{"level":"warn","ts":"2026-10-05T08:40:28.636Z","caller":"ipamd/ipamd.go:1004","msg":"Failed to allocate 1 IP addresses on an ENI: AllocENI: failed to create ENI: failed to create network interface: operation error EC2: CreateNetworkInterface, https response error StatusCode: 400, RequestID: 81c050a1-1dec-4dc1-95cd-320f1e4fe8e4, api error InvalidParameterValue: There aren't sufficient free Ipv4 addresses or prefixes"}
{"level":"debug","ts":"2026-10-05T08:40:28.636Z","caller":"ipamd/ipamd.go:1082","msg":"containsInsufficientCIDRsOrSubnetIPs encountered AllocENI: failed to create ENI: failed to create network interface: operation error EC2: CreateNetworkInterface, https response error StatusCode: 400, RequestID: 81c050a1-1dec-4dc1-95cd-320f1e4fe8e4, api error InvalidParameterValue: There aren't sufficient free Ipv4 addresses or prefixes"}
{"level":"debug","ts":"2026-10-05T08:40:28.636Z","caller":"ipamd/ipamd.go:1082","msg":"Insufficient IP Addresses due to: InvalidParameterValue\n"}
{"level":"debug","ts":"2026-10-05T08:40:28.636Z","caller":"ipamd/ipamd.go:813","msg":"Error trying to allocate ENI: AllocENI: failed to create ENI: failed to create network interface: operation error EC2: CreateNetworkInterface, https response error StatusCode: 400, RequestID: 81c050a1-1dec-4dc1-95cd-320f1e4fe8e4, api error InvalidParameterValue: There aren't sufficient free Ipv4 addresses or prefixes"}
{"level":"debug","ts":"2026-10-05T08:40:28.636Z","caller":"ipamd/ipamd.go:1548","msg":"ENI eni-EXAMPLE21 cannot be deleted because it is primary"}
{"level":"info","ts":"2026-10-05T08:40:32.696Z","caller":"rpc/rpc_grpc.pb.go:117","msg":"Received AddNetwork for NS /var/run/netns/cni-a0a13eb8-cc3a-8d75-f88b-a521413781ab, Sandbox 3b4001063908f884c6080c8f84a43936d26a6550da1cf8aad150195995776d19, ifname eth0"}
{"level":"debug","ts":"2026-10-05T08:40:32.696Z","caller":"rpc/rpc_grpc.pb.go:117","msg":"AddNetworkRequest: K8S_POD_NAME:\"coredns-79f8dffc57-fwslz\"  K8S_POD_NAMESPACE:\"kube-system\"  K8S_POD_INFRA_CONTAINER_ID:\"3b4001063908f884c6080c8f84a43936d26a6550da1cf8aad150195995776d19\"  ContainerID:\"3b4001063908f884c6080c8f84a43936d26a6550da1cf8aad150195995776d19\"  IfName:\"eth0\"  NetworkName:\"aws-cni\"  Netns:\"/var/run/netns/cni-a0a13eb8-cc3a-8d75-f88b-a521413781ab\""}
{"level":"info","ts":"2026-10-05T08:40:32.696Z","caller":"rpc/rpc_grpc.pb.go:117","msg":"Required MultiNIC access false, interfaces required 1"}
{"level":"debug","ts":"2026-10-05T08:40:32.696Z","caller":"datastore/data_store.go:713","msg":"AssignPodIPv4Address: IP address pool stats: total 0, assigned 0"}
{"level":"debug","ts":"2026-10-05T08:40:32.696Z","caller":"datastore/data_store.go:713","msg":"AssignPodIPv4Address: ENI eni-EXAMPLE21 does not have available addresses"}
{"level":"error","ts":"2026-10-05T08:40:32.696Z","caller":"datastore/data_store.go:713","msg":"DataStore has no available IP/Prefix addresses"}
{"level":"warn","ts":"2026-10-05T08:40:32.696Z","caller":"rpc/rpc_grpc.pb.go:117","msg":"Failed to assign IPs from network card 0: AssignPodIPAddress: no available IP/Prefix addresses"}
{"level":"error","ts":"2026-10-05T08:40:32.696Z","caller":"rpc/rpc_grpc.pb.go:117","msg":"Returning failure response for AddNetwork: 1 error occurred:\n\t* AssignPodIPAddress: no available IP/Prefix addresses\n\n"}
{"level":"info","ts":"2026-10-05T08:40:32.696Z","caller":"rpc/rpc_grpc.pb.go:117","msg":"Send AddNetworkReply: Success: false IPAddr: [], resp: , err: AssignPodIPAddress: no available IP/Prefix addresses"}
{"level":"info","ts":"2026-10-05T08:40:32.719Z","caller":"rpc/rpc_grpc.pb.go:135","msg":"Received DelNetwork for Sandbox 3b4001063908f884c6080c8f84a43936d26a6550da1cf8aad150195995776d19"}
{"level":"debug","ts":"2026-10-05T08:40:32.720Z","caller":"rpc/rpc_grpc.pb.go:135","msg":"DelNetworkRequest: K8S_POD_NAME:\"coredns-79f8dffc57-fwslz\"  K8S_POD_NAMESPACE:\"kube-system\"  K8S_POD_INFRA_CONTAINER_ID:\"3b4001063908f884c6080c8f84a43936d26a6550da1cf8aad150195995776d19\"  Reason:\"PodDeleted\"  ContainerID:\"3b4001063908f884c6080c8f84a43936d26a6550da1cf8aad150195995776d19\"  IfName:\"eth0\"  NetworkName:\"aws-cni\"  K8S_POD_UID:\"ad241f1d-d89e-4886-8d30-e22384a0b925\""}
{"level":"debug","ts":"2026-10-05T08:40:32.720Z","caller":"ipamd/rpc_handler.go:353","msg":"UnassignPodIPAddress: IP address pool stats: total 0, assigned 0, sandbox aws-cni/3b4001063908f884c6080c8f84a43936d26a6550da1cf8aad150195995776d19/eth0"}
{"level":"debug","ts":"2026-10-05T08:40:32.720Z","caller":"ipamd/rpc_handler.go:353","msg":"UnassignPodIPAddress: Failed to find IPAM entry under full key, trying CRI-migrated version"}
{"level":"warn","ts":"2026-10-05T08:40:32.720Z","caller":"ipamd/rpc_handler.go:353","msg":"UnassignPodIPAddress: Failed to find sandbox _migrated-from-cri/3b4001063908f884c6080c8f84a43936d26a6550da1cf8aad150195995776d19/unknown"}
{"level":"info","ts":"2026-10-05T08:40:32.720Z","caller":"rpc/rpc_grpc.pb.go:135","msg":"Send DelNetworkReply: IPAddress: [], err: 1 error occurred:\n\t* datastore: unknown pod\n\n"}
{"level":"debug","ts":"2026-10-05T08:40:33.638Z","caller":"ipamd/ipamd.go:809","msg":"IP pool is too low for Network Card 0: available (0) < ENI target (1) * addrsPerENI (16)"}
{"level":"debug","ts":"2026-10-05T08:40:33.638Z","caller":"ipamd/ipamd.go:2689","msg":"Prefix pool stats for network card 0: Total IPs/Prefixes = 0/0, AssignedIPs/CooldownIPs: 0/0, c.maxIPsPerENI = 80"}
{"level":"debug","ts":"2026-10-05T08:40:33.638Z","caller":"ipamd/ipamd.go:795","msg":"IP stats for Network Card 0 - total IPs: 0, assigned IPs: 0, cooldown IPs: 0"}
{"level":"debug","ts":"2026-10-05T08:40:33.638Z","caller":"ipamd/ipamd.go:813","msg":"Starting to increase pool size for network card 0"}
{"level":"debug","ts":"2026-10-05T08:40:33.638Z","caller":"ipamd/ipamd.go:966","msg":"Node found \"ip-10-20-0-45.ec2.internal\" - no of taints - 0"}
{"level":"debug","ts":"2026-10-05T08:40:33.638Z","caller":"ipamd/ipamd.go:2758","msg":"Prefix target is 1, short of 1 prefixes, free 0 prefixes"}
{"level":"debug","ts":"2026-10-05T08:40:33.638Z","caller":"ipamd/ipamd.go:1248","msg":"ToAllocate: 1, Network Card 0"}
{"level":"debug","ts":"2026-10-05T08:40:33.638Z","caller":"ipamd/ipamd.go:1251","msg":"Found ENI eni-EXAMPLE21 that has less than the maximum number of IP/Prefixes addresses allocated: cur=0, max=5"}
{"level":"info","ts":"2026-10-05T08:40:33.638Z","caller":"ipamd/ipamd.go:1255","msg":"Trying to allocate 1 IP addresses on ENI eni-EXAMPLE21"}
{"level":"debug","ts":"2026-10-05T08:40:33.638Z","caller":"ipamd/ipamd.go:1255","msg":"PD enabled - true"}
{"level":"info","ts":"2026-10-05T08:40:33.695Z","caller":"rpc/rpc_grpc.pb.go:117","msg":"Received AddNetwork for NS /var/run/netns/cni-a0fee7b2-61d9-44dd-da05-e404f09b2359, Sandbox cfc7ba1491407f0aa097e36718f39885f96494324dbd301cbfea85749fbd082a, ifname eth0"}
{"level":"debug","ts":"2026-10-05T08:40:33.696Z","caller":"rpc/rpc_grpc.pb.go:117","msg":"AddNetworkRequest: K8S_POD_NAME:\"coredns-79f8dffc57-cv2lj\"  K8S_POD_NAMESPACE:\"kube-system\"  K8S_POD_INFRA_CONTAINER_ID:\"cfc7ba1491407f0aa097e36718f39885f96494324dbd301cbfea85749fbd082a\"  ContainerID:\"cfc7ba1491407f0aa097e36718f39885f96494324dbd301cbfea85749fbd082a\"  IfName:\"eth0\"  NetworkName:\"aws-cni\"  Netns:\"/var/run/netns/cni-a0fee7b2-61d9-44dd-da05-e404f09b2359\""}
{"level":"info","ts":"2026-10-05T08:40:33.696Z","caller":"rpc/rpc_grpc.pb.go:117","msg":"Required MultiNIC access false, interfaces required 1"}
{"level":"debug","ts":"2026-10-05T08:40:33.696Z","caller":"datastore/data_store.go:713","msg":"AssignPodIPv4Address: IP address pool stats: total 0, assigned 0"}
{"level":"debug","ts":"2026-10-05T08:40:33.696Z","caller":"datastore/data_store.go:713","msg":"AssignPodIPv4Address: ENI eni-EXAMPLE21 does not have available addresses"}
{"level":"error","ts":"2026-10-05T08:40:33.696Z","caller":"datastore/data_store.go:713","msg":"DataStore has no available IP/Prefix addresses"}
{"level":"warn","ts":"2026-10-05T08:40:33.696Z","caller":"rpc/rpc_grpc.pb.go:117","msg":"Failed to assign IPs from network card 0: AssignPodIPAddress: no available IP/Prefix addresses"}
{"level":"error","ts":"2026-10-05T08:40:33.696Z","caller":"rpc/rpc_grpc.pb.go:117","msg":"Returning failure response for AddNetwork: 1 error occurred:\n\t* AssignPodIPAddress: no available IP/Prefix addresses\n\n"}
{"level":"info","ts":"2026-10-05T08:40:33.696Z","caller":"rpc/rpc_grpc.pb.go:117","msg":"Send AddNetworkReply: Success: false IPAddr: [], resp: , err: AssignPodIPAddress: no available IP/Prefix addresses"}
{"level":"info","ts":"2026-10-05T08:40:33.720Z","caller":"rpc/rpc_grpc.pb.go:135","msg":"Received DelNetwork for Sandbox cfc7ba1491407f0aa097e36718f39885f96494324dbd301cbfea85749fbd082a"}
{"level":"debug","ts":"2026-10-05T08:40:33.720Z","caller":"rpc/rpc_grpc.pb.go:135","msg":"DelNetworkRequest: K8S_POD_NAME:\"coredns-79f8dffc57-cv2lj\"  K8S_POD_NAMESPACE:\"kube-system\"  K8S_POD_INFRA_CONTAINER_ID:\"cfc7ba1491407f0aa097e36718f39885f96494324dbd301cbfea85749fbd082a\"  Reason:\"PodDeleted\"  ContainerID:\"cfc7ba1491407f0aa097e36718f39885f96494324dbd301cbfea85749fbd082a\"  IfName:\"eth0\"  NetworkName:\"aws-cni\"  K8S_POD_UID:\"080397ba-9aa0-4db1-b449-5fe2b0811692\""}
{"level":"debug","ts":"2026-10-05T08:40:33.720Z","caller":"ipamd/rpc_handler.go:353","msg":"UnassignPodIPAddress: IP address pool stats: total 0, assigned 0, sandbox aws-cni/cfc7ba1491407f0aa097e36718f39885f96494324dbd301cbfea85749fbd082a/eth0"}
{"level":"debug","ts":"2026-10-05T08:40:33.720Z","caller":"ipamd/rpc_handler.go:353","msg":"UnassignPodIPAddress: Failed to find IPAM entry under full key, trying CRI-migrated version"}
{"level":"warn","ts":"2026-10-05T08:40:33.720Z","caller":"ipamd/rpc_handler.go:353","msg":"UnassignPodIPAddress: Failed to find sandbox _migrated-from-cri/cfc7ba1491407f0aa097e36718f39885f96494324dbd301cbfea85749fbd082a/unknown"}
{"level":"info","ts":"2026-10-05T08:40:33.720Z","caller":"rpc/rpc_grpc.pb.go:135","msg":"Send DelNetworkReply: IPAddress: [], err: 1 error occurred:\n\t* datastore: unknown pod\n\n"}
{"level":"debug","ts":"2026-10-05T08:40:34.082Z","caller":"awsutils/awsutils.go:2174","msg":"checkAPIErrorAndBroadcastEvent resulted in operation error EC2: AssignPrivateIpAddresses, https response error StatusCode: 400, RequestID: 84629969-c398-4c65-9353-ee05fecbcfad, api error InsufficientCidrBlocks: The specified subnet does not have enough free cidr blocks to satisfy the request."}
{"level":"error","ts":"2026-10-05T08:40:34.082Z","caller":"ipamd/ipamd.go:1255","msg":"Failed to allocate a private IP/Prefix addresses on ENI eni-EXAMPLE21: operation error EC2: AssignPrivateIpAddresses, https response error StatusCode: 400, RequestID: 84629969-c398-4c65-9353-ee05fecbcfad, api error InsufficientCidrBlocks: The specified subnet does not have enough free cidr blocks to satisfy the request."}
{"level":"debug","ts":"2026-10-05T08:40:34.082Z","caller":"ipamd/ipamd.go:1256","msg":"containsPrivateIPAddressLimitExceededError encountered operation error EC2: AssignPrivateIpAddresses, https response error StatusCode: 400, RequestID: 84629969-c398-4c65-9353-ee05fecbcfad, api error InsufficientCidrBlocks: The specified subnet does not have enough free cidr blocks to satisfy the request."}
{"level":"warn","ts":"2026-10-05T08:40:34.082Z","caller":"ipamd/ipamd.go:1113","msg":"failed to allocate all available IPv4 Prefixes on ENI eni-EXAMPLE21, err: operation error EC2: AssignPrivateIpAddresses, https response error StatusCode: 400, RequestID: 84629969-c398-4c65-9353-ee05fecbcfad, api error InsufficientCidrBlocks: The specified subnet does not have enough free cidr blocks to satisfy the request."}
{"level":"info","ts":"2026-10-05T08:40:34.082Z","caller":"ipamd/ipamd.go:1259","msg":"Trying to allocate 1 IP addresses on ENI eni-EXAMPLE21"}
{"level":"debug","ts":"2026-10-05T08:40:34.082Z","caller":"ipamd/ipamd.go:1259","msg":"PD enabled - true"}
{"level":"debug","ts":"2026-10-05T08:40:34.573Z","caller":"awsutils/awsutils.go:2174","msg":"checkAPIErrorAndBroadcastEvent resulted in operation error EC2: AssignPrivateIpAddresses, https response error StatusCode: 400, RequestID: 288030b4-8cfe-4bf9-8e7f-ea65075b35c9, api error InsufficientCidrBlocks: The specified subnet does not have enough free cidr blocks to satisfy the request."}
{"level":"error","ts":"2026-10-05T08:40:34.573Z","caller":"ipamd/ipamd.go:1259","msg":"Failed to allocate a private IP/Prefix addresses on ENI eni-EXAMPLE21: operation error EC2: AssignPrivateIpAddresses, https response error StatusCode: 400, RequestID: 288030b4-8cfe-4bf9-8e7f-ea65075b35c9, api error InsufficientCidrBlocks: The specified subnet does not have enough free cidr blocks to satisfy the request."}
{"level":"debug","ts":"2026-10-05T08:40:34.573Z","caller":"ipamd/ipamd.go:1260","msg":"containsPrivateIPAddressLimitExceededError encountered operation error EC2: AssignPrivateIpAddresses, https response error StatusCode: 400, RequestID: 288030b4-8cfe-4bf9-8e7f-ea65075b35c9, api error InsufficientCidrBlocks: The specified subnet does not have enough free cidr blocks to satisfy the request."}
{"level":"debug","ts":"2026-10-05T08:40:34.573Z","caller":"ipamd/ipamd.go:1262","msg":"containsInsufficientCIDRsOrSubnetIPs encountered operation error EC2: AssignPrivateIpAddresses, https response error StatusCode: 400, RequestID: 288030b4-8cfe-4bf9-8e7f-ea65075b35c9, api error InsufficientCidrBlocks: The specified subnet does not have enough free cidr blocks to satisfy the request."}
{"level":"debug","ts":"2026-10-05T08:40:34.573Z","caller":"ipamd/ipamd.go:1262","msg":"Insufficient IP Addresses due to: InsufficientCidrBlocks\n"}
{"level":"debug","ts":"2026-10-05T08:40:34.573Z","caller":"ipamd/ipamd.go:1003","msg":"hasRoomForEni: networkCard=0, currentENIs=1, currentUsableENIs=1, maxENI=3, unmanagedENI=0, trunkEni=0, excludedENI=0, hasRoom=true"}
{"level":"debug","ts":"2026-10-05T08:40:34.573Z","caller":"ipamd/ipamd.go:2758","msg":"Prefix target is 1, short of 1 prefixes, free 0 prefixes"}
{"level":"debug","ts":"2026-10-05T08:40:34.573Z","caller":"ipamd/ipamd.go:2595","msg":"ToAllocate: 1, Network Card 0"}
{"level":"info","ts":"2026-10-05T08:40:34.573Z","caller":"awsutils/awsutils.go:1044","msg":"Trying to allocate 1 IP addresses on new ENI"}
{"level":"debug","ts":"2026-10-05T08:40:34.573Z","caller":"awsutils/awsutils.go:1044","msg":"PD enabled - true"}
{"level":"debug","ts":"2026-10-05T08:40:34.746Z","caller":"awsutils/awsutils.go:1272","msg":"Primary subnet subnet-EXAMPLE1 has no kubernetes.io/role/cni tag, including it for ENI creation (backwards compatibility)"}
{"level":"info","ts":"2026-10-05T08:40:34.746Z","caller":"awsutils/awsutils.go:1044","msg":"Creating ENI with security groups: [sg-EXAMPLE1] in subnet: subnet-EXAMPLE1"}
{"level":"debug","ts":"2026-10-05T08:40:34.992Z","caller":"awsutils/awsutils.go:1449","msg":"checkAPIErrorAndBroadcastEvent resulted in operation error EC2: CreateNetworkInterface, https response error StatusCode: 400, RequestID: edb8704e-8178-4738-a667-65c8463d1261, api error InvalidParameterValue: There aren't sufficient free Ipv4 addresses or prefixes"}
{"level":"error","ts":"2026-10-05T08:40:34.993Z","caller":"awsutils/awsutils.go:1285","msg":"Failed to CreateNetworkInterface operation error EC2: CreateNetworkInterface, https response error StatusCode: 400, RequestID: edb8704e-8178-4738-a667-65c8463d1261, api error InvalidParameterValue: There aren't sufficient free Ipv4 addresses or prefixes for subnet subnet-EXAMPLE1"}
{"level":"debug","ts":"2026-10-05T08:40:34.993Z","caller":"awsutils/awsutils.go:1272","msg":"Subnet subnet-EXAMPLE2 has no kubernetes.io/role/cni tag, excluding it from ENI creation"}
{"level":"error","ts":"2026-10-05T08:40:34.993Z","caller":"ipamd/ipamd.go:1004","msg":"Failed to increase pool size due to not able to allocate ENI AllocENI: failed to create ENI: failed to create network interface: operation error EC2: CreateNetworkInterface, https response error StatusCode: 400, RequestID: edb8704e-8178-4738-a667-65c8463d1261, api error InvalidParameterValue: There aren't sufficient free Ipv4 addresses or prefixes"}
{"level":"warn","ts":"2026-10-05T08:40:34.993Z","caller":"ipamd/ipamd.go:1004","msg":"Failed to allocate 1 IP addresses on an ENI: AllocENI: failed to create ENI: failed to create network interface: operation error EC2: CreateNetworkInterface, https response error StatusCode: 400, RequestID: edb8704e-8178-4738-a667-65c8463d1261, api error InvalidParameterValue: There aren't sufficient free Ipv4 addresses or prefixes"}
{"level":"debug","ts":"2026-10-05T08:40:34.993Z","caller":"ipamd/ipamd.go:1082","msg":"containsInsufficientCIDRsOrSubnetIPs encountered AllocENI: failed to create ENI: failed to create network interface: operation error EC2: CreateNetworkInterface, https response error StatusCode: 400, RequestID: edb8704e-8178-4738-a667-65c8463d1261, api error InvalidParameterValue: There aren't sufficient free Ipv4 addresses or prefixes"}
{"level":"debug","ts":"2026-10-05T08:40:34.993Z","caller":"ipamd/ipamd.go:1082","msg":"Insufficient IP Addresses due to: InvalidParameterValue\n"}
{"level":"debug","ts":"2026-10-05T08:40:34.993Z","caller":"ipamd/ipamd.go:813","msg":"Error trying to allocate ENI: AllocENI: failed to create ENI: failed to create network interface: operation error EC2: CreateNetworkInterface, https response error StatusCode: 400, RequestID: edb8704e-8178-4738-a667-65c8463d1261, api error InvalidParameterValue: There aren't sufficient free Ipv4 addresses or prefixes"}
{"level":"debug","ts":"2026-10-05T08:40:34.993Z","caller":"ipamd/ipamd.go:1548","msg":"ENI eni-EXAMPLE21 cannot be deleted because it is primary"}
{"level":"debug","ts":"2026-10-05T08:40:39.995Z","caller":"ipamd/ipamd.go:809","msg":"IP pool is too low for Network Card 0: available (0) < ENI target (1) * addrsPerENI (16)"}
{"level":"debug","ts":"2026-10-05T08:40:39.995Z","caller":"ipamd/ipamd.go:2689","msg":"Prefix pool stats for network card 0: Total IPs/Prefixes = 0/0, AssignedIPs/CooldownIPs: 0/0, c.maxIPsPerENI = 80"}
{"level":"debug","ts":"2026-10-05T08:40:39.995Z","caller":"ipamd/ipamd.go:795","msg":"IP stats for Network Card 0 - total IPs: 0, assigned IPs: 0, cooldown IPs: 0"}
{"level":"debug","ts":"2026-10-05T08:40:39.995Z","caller":"ipamd/ipamd.go:813","msg":"Starting to increase pool size for network card 0"}
{"level":"debug","ts":"2026-10-05T08:40:39.995Z","caller":"ipamd/ipamd.go:966","msg":"Node found \"ip-10-20-0-45.ec2.internal\" - no of taints - 0"}
{"level":"debug","ts":"2026-10-05T08:40:39.995Z","caller":"ipamd/ipamd.go:2758","msg":"Prefix target is 1, short of 1 prefixes, free 0 prefixes"}
{"level":"debug","ts":"2026-10-05T08:40:39.995Z","caller":"ipamd/ipamd.go:1248","msg":"ToAllocate: 1, Network Card 0"}
{"level":"debug","ts":"2026-10-05T08:40:39.995Z","caller":"ipamd/ipamd.go:1251","msg":"Found ENI eni-EXAMPLE21 that has less than the maximum number of IP/Prefixes addresses allocated: cur=0, max=5"}
{"level":"info","ts":"2026-10-05T08:40:39.995Z","caller":"ipamd/ipamd.go:1255","msg":"Trying to allocate 1 IP addresses on ENI eni-EXAMPLE21"}
{"level":"debug","ts":"2026-10-05T08:40:39.995Z","caller":"ipamd/ipamd.go:1255","msg":"PD enabled - true"}
{"level":"debug","ts":"2026-10-05T08:40:40.371Z","caller":"awsutils/awsutils.go:2174","msg":"checkAPIErrorAndBroadcastEvent resulted in operation error EC2: AssignPrivateIpAddresses, https response error StatusCode: 400, RequestID: 13cefef2-a633-42e3-9ab6-69802f93962d, api error InsufficientCidrBlocks: The specified subnet does not have enough free cidr blocks to satisfy the request."}
{"level":"error","ts":"2026-10-05T08:40:40.371Z","caller":"ipamd/ipamd.go:1255","msg":"Failed to allocate a private IP/Prefix addresses on ENI eni-EXAMPLE21: operation error EC2: AssignPrivateIpAddresses, https response error StatusCode: 400, RequestID: 13cefef2-a633-42e3-9ab6-69802f93962d, api error InsufficientCidrBlocks: The specified subnet does not have enough free cidr blocks to satisfy the request."}
{"level":"debug","ts":"2026-10-05T08:40:40.371Z","caller":"ipamd/ipamd.go:1256","msg":"containsPrivateIPAddressLimitExceededError encountered operation error EC2: AssignPrivateIpAddresses, https response error StatusCode: 400, RequestID: 13cefef2-a633-42e3-9ab6-69802f93962d, api error InsufficientCidrBlocks: The specified subnet does not have enough free cidr blocks to satisfy the request."}
{"level":"warn","ts":"2026-10-05T08:40:40.371Z","caller":"ipamd/ipamd.go:1113","msg":"failed to allocate all available IPv4 Prefixes on ENI eni-EXAMPLE21, err: operation error EC2: AssignPrivateIpAddresses, https response error StatusCode: 400, RequestID: 13cefef2-a633-42e3-9ab6-69802f93962d, api error InsufficientCidrBlocks: The specified subnet does not have enough free cidr blocks to satisfy the request."}
{"level":"info","ts":"2026-10-05T08:40:40.371Z","caller":"ipamd/ipamd.go:1259","msg":"Trying to allocate 1 IP addresses on ENI eni-EXAMPLE21"}
{"level":"debug","ts":"2026-10-05T08:40:40.371Z","caller":"ipamd/ipamd.go:1259","msg":"PD enabled - true"}
{"level":"debug","ts":"2026-10-05T08:40:40.831Z","caller":"awsutils/awsutils.go:2174","msg":"checkAPIErrorAndBroadcastEvent resulted in operation error EC2: AssignPrivateIpAddresses, https response error StatusCode: 400, RequestID: 607c3534-10ee-4851-8b42-d0d9bcb4599e, api error InsufficientCidrBlocks: The specified subnet does not have enough free cidr blocks to satisfy the request."}
{"level":"error","ts":"2026-10-05T08:40:40.831Z","caller":"ipamd/ipamd.go:1259","msg":"Failed to allocate a private IP/Prefix addresses on ENI eni-EXAMPLE21: operation error EC2: AssignPrivateIpAddresses, https response error StatusCode: 400, RequestID: 607c3534-10ee-4851-8b42-d0d9bcb4599e, api error InsufficientCidrBlocks: The specified subnet does not have enough free cidr blocks to satisfy the request."}
{"level":"debug","ts":"2026-10-05T08:40:40.831Z","caller":"ipamd/ipamd.go:1260","msg":"containsPrivateIPAddressLimitExceededError encountered operation error EC2: AssignPrivateIpAddresses, https response error StatusCode: 400, RequestID: 607c3534-10ee-4851-8b42-d0d9bcb4599e, api error InsufficientCidrBlocks: The specified subnet does not have enough free cidr blocks to satisfy the request."}
{"level":"debug","ts":"2026-10-05T08:40:40.831Z","caller":"ipamd/ipamd.go:1262","msg":"containsInsufficientCIDRsOrSubnetIPs encountered operation error EC2: AssignPrivateIpAddresses, https response error StatusCode: 400, RequestID: 607c3534-10ee-4851-8b42-d0d9bcb4599e, api error InsufficientCidrBlocks: The specified subnet does not have enough free cidr blocks to satisfy the request."}
{"level":"debug","ts":"2026-10-05T08:40:40.831Z","caller":"ipamd/ipamd.go:1262","msg":"Insufficient IP Addresses due to: InsufficientCidrBlocks\n"}
{"level":"debug","ts":"2026-10-05T08:40:40.831Z","caller":"ipamd/ipamd.go:1003","msg":"hasRoomForEni: networkCard=0, currentENIs=1, currentUsableENIs=1, maxENI=3, unmanagedENI=0, trunkEni=0, excludedENI=0, hasRoom=true"}
{"level":"debug","ts":"2026-10-05T08:40:40.831Z","caller":"ipamd/ipamd.go:2758","msg":"Prefix target is 1, short of 1 prefixes, free 0 prefixes"}
{"level":"debug","ts":"2026-10-05T08:40:40.831Z","caller":"ipamd/ipamd.go:2595","msg":"ToAllocate: 1, Network Card 0"}
{"level":"info","ts":"2026-10-05T08:40:40.831Z","caller":"awsutils/awsutils.go:1044","msg":"Trying to allocate 1 IP addresses on new ENI"}
{"level":"debug","ts":"2026-10-05T08:40:40.831Z","caller":"awsutils/awsutils.go:1044","msg":"PD enabled - true"}
{"level":"debug","ts":"2026-10-05T08:40:41.113Z","caller":"awsutils/awsutils.go:1272","msg":"Primary subnet subnet-EXAMPLE1 has no kubernetes.io/role/cni tag, including it for ENI creation (backwards compatibility)"}
{"level":"info","ts":"2026-10-05T08:40:41.113Z","caller":"awsutils/awsutils.go:1044","msg":"Creating ENI with security groups: [sg-EXAMPLE1] in subnet: subnet-EXAMPLE1"}
{"level":"debug","ts":"2026-10-05T08:40:41.344Z","caller":"awsutils/awsutils.go:1449","msg":"checkAPIErrorAndBroadcastEvent resulted in operation error EC2: CreateNetworkInterface, https response error StatusCode: 400, RequestID: 80afa20d-25be-4541-ad53-269e4e69b1aa, api error InvalidParameterValue: There aren't sufficient free Ipv4 addresses or prefixes"}
{"level":"error","ts":"2026-10-05T08:40:41.344Z","caller":"awsutils/awsutils.go:1285","msg":"Failed to CreateNetworkInterface operation error EC2: CreateNetworkInterface, https response error StatusCode: 400, RequestID: 80afa20d-25be-4541-ad53-269e4e69b1aa, api error InvalidParameterValue: There aren't sufficient free Ipv4 addresses or prefixes for subnet subnet-EXAMPLE1"}
{"level":"debug","ts":"2026-10-05T08:40:41.344Z","caller":"awsutils/awsutils.go:1272","msg":"Subnet subnet-EXAMPLE2 has no kubernetes.io/role/cni tag, excluding it from ENI creation"}
{"level":"error","ts":"2026-10-05T08:40:41.344Z","caller":"ipamd/ipamd.go:1004","msg":"Failed to increase pool size due to not able to allocate ENI AllocENI: failed to create ENI: failed to create network interface: operation error EC2: CreateNetworkInterface, https response error StatusCode: 400, RequestID: 80afa20d-25be-4541-ad53-269e4e69b1aa, api error InvalidParameterValue: There aren't sufficient free Ipv4 addresses or prefixes"}
{"level":"warn","ts":"2026-10-05T08:40:41.344Z","caller":"ipamd/ipamd.go:1004","msg":"Failed to allocate 1 IP addresses on an ENI: AllocENI: failed to create ENI: failed to create network interface: operation error EC2: CreateNetworkInterface, https response error StatusCode: 400, RequestID: 80afa20d-25be-4541-ad53-269e4e69b1aa, api error InvalidParameterValue: There aren't sufficient free Ipv4 addresses or prefixes"}
{"level":"debug","ts":"2026-10-05T08:40:41.344Z","caller":"ipamd/ipamd.go:1082","msg":"containsInsufficientCIDRsOrSubnetIPs encountered AllocENI: failed to create ENI: failed to create network interface: operation error EC2: CreateNetworkInterface, https response error StatusCode: 400, RequestID: 80afa20d-25be-4541-ad53-269e4e69b1aa, api error InvalidParameterValue: There aren't sufficient free Ipv4 addresses or prefixes"}
{"level":"debug","ts":"2026-10-05T08:40:41.344Z","caller":"ipamd/ipamd.go:1082","msg":"Insufficient IP Addresses due to: InvalidParameterValue\n"}
{"level":"debug","ts":"2026-10-05T08:40:41.344Z","caller":"ipamd/ipamd.go:813","msg":"Error trying to allocate ENI: AllocENI: failed to create ENI: failed to create network interface: operation error EC2: CreateNetworkInterface, https response error StatusCode: 400, RequestID: 80afa20d-25be-4541-ad53-269e4e69b1aa, api error InvalidParameterValue: There aren't sufficient free Ipv4 addresses or prefixes"}
{"level":"debug","ts":"2026-10-05T08:40:41.344Z","caller":"ipamd/ipamd.go:1548","msg":"ENI eni-EXAMPLE21 cannot be deleted because it is primary"}
{"level":"info","ts":"2026-10-05T08:40:43.696Z","caller":"rpc/rpc_grpc.pb.go:117","msg":"Received AddNetwork for NS /var/run/netns/cni-2c394797-e77c-0df1-1ed3-a6cb981e630d, Sandbox 644557cc16c5a3b86dfaae0a09d0649129a925d327d237891cf1e619993c8f45, ifname eth0"}
{"level":"debug","ts":"2026-10-05T08:40:43.696Z","caller":"rpc/rpc_grpc.pb.go:117","msg":"AddNetworkRequest: K8S_POD_NAME:\"coredns-79f8dffc57-fwslz\"  K8S_POD_NAMESPACE:\"kube-system\"  K8S_POD_INFRA_CONTAINER_ID:\"644557cc16c5a3b86dfaae0a09d0649129a925d327d237891cf1e619993c8f45\"  ContainerID:\"644557cc16c5a3b86dfaae0a09d0649129a925d327d237891cf1e619993c8f45\"  IfName:\"eth0\"  NetworkName:\"aws-cni\"  Netns:\"/var/run/netns/cni-2c394797-e77c-0df1-1ed3-a6cb981e630d\""}
{"level":"info","ts":"2026-10-05T08:40:43.696Z","caller":"rpc/rpc_grpc.pb.go:117","msg":"Required MultiNIC access false, interfaces required 1"}
{"level":"debug","ts":"2026-10-05T08:40:43.696Z","caller":"datastore/data_store.go:713","msg":"AssignPodIPv4Address: IP address pool stats: total 0, assigned 0"}
{"level":"debug","ts":"2026-10-05T08:40:43.696Z","caller":"datastore/data_store.go:713","msg":"AssignPodIPv4Address: ENI eni-EXAMPLE21 does not have available addresses"}
{"level":"error","ts":"2026-10-05T08:40:43.696Z","caller":"datastore/data_store.go:713","msg":"DataStore has no available IP/Prefix addresses"}
{"level":"warn","ts":"2026-10-05T08:40:43.696Z","caller":"rpc/rpc_grpc.pb.go:117","msg":"Failed to assign IPs from network card 0: AssignPodIPAddress: no available IP/Prefix addresses"}
{"level":"error","ts":"2026-10-05T08:40:43.696Z","caller":"rpc/rpc_grpc.pb.go:117","msg":"Returning failure response for AddNetwork: 1 error occurred:\n\t* AssignPodIPAddress: no available IP/Prefix addresses\n\n"}
{"level":"info","ts":"2026-10-05T08:40:43.696Z","caller":"rpc/rpc_grpc.pb.go:117","msg":"Send AddNetworkReply: Success: false IPAddr: [], resp: , err: AssignPodIPAddress: no available IP/Prefix addresses"}
{"level":"info","ts":"2026-10-05T08:40:43.721Z","caller":"rpc/rpc_grpc.pb.go:135","msg":"Received DelNetwork for Sandbox 644557cc16c5a3b86dfaae0a09d0649129a925d327d237891cf1e619993c8f45"}
{"level":"debug","ts":"2026-10-05T08:40:43.721Z","caller":"rpc/rpc_grpc.pb.go:135","msg":"DelNetworkRequest: K8S_POD_NAME:\"coredns-79f8dffc57-fwslz\"  K8S_POD_NAMESPACE:\"kube-system\"  K8S_POD_INFRA_CONTAINER_ID:\"644557cc16c5a3b86dfaae0a09d0649129a925d327d237891cf1e619993c8f45\"  Reason:\"PodDeleted\"  ContainerID:\"644557cc16c5a3b86dfaae0a09d0649129a925d327d237891cf1e619993c8f45\"  IfName:\"eth0\"  NetworkName:\"aws-cni\"  K8S_POD_UID:\"ad241f1d-d89e-4886-8d30-e22384a0b925\""}
{"level":"debug","ts":"2026-10-05T08:40:43.721Z","caller":"ipamd/rpc_handler.go:353","msg":"UnassignPodIPAddress: IP address pool stats: total 0, assigned 0, sandbox aws-cni/644557cc16c5a3b86dfaae0a09d0649129a925d327d237891cf1e619993c8f45/eth0"}
{"level":"debug","ts":"2026-10-05T08:40:43.721Z","caller":"ipamd/rpc_handler.go:353","msg":"UnassignPodIPAddress: Failed to find IPAM entry under full key, trying CRI-migrated version"}
{"level":"warn","ts":"2026-10-05T08:40:43.721Z","caller":"ipamd/rpc_handler.go:353","msg":"UnassignPodIPAddress: Failed to find sandbox _migrated-from-cri/644557cc16c5a3b86dfaae0a09d0649129a925d327d237891cf1e619993c8f45/unknown"}
{"level":"info","ts":"2026-10-05T08:40:43.721Z","caller":"rpc/rpc_grpc.pb.go:135","msg":"Send DelNetworkReply: IPAddress: [], err: 1 error occurred:\n\t* datastore: unknown pod\n\n"}
{"level":"debug","ts":"2026-10-05T08:40:46.345Z","caller":"ipamd/ipamd.go:809","msg":"IP pool is too low for Network Card 0: available (0) < ENI target (1) * addrsPerENI (16)"}
{"level":"debug","ts":"2026-10-05T08:40:46.345Z","caller":"ipamd/ipamd.go:2689","msg":"Prefix pool stats for network card 0: Total IPs/Prefixes = 0/0, AssignedIPs/CooldownIPs: 0/0, c.maxIPsPerENI = 80"}
{"level":"debug","ts":"2026-10-05T08:40:46.345Z","caller":"ipamd/ipamd.go:795","msg":"IP stats for Network Card 0 - total IPs: 0, assigned IPs: 0, cooldown IPs: 0"}
{"level":"debug","ts":"2026-10-05T08:40:46.345Z","caller":"ipamd/ipamd.go:813","msg":"Starting to increase pool size for network card 0"}
{"level":"debug","ts":"2026-10-05T08:40:46.345Z","caller":"ipamd/ipamd.go:966","msg":"Node found \"ip-10-20-0-45.ec2.internal\" - no of taints - 0"}
{"level":"debug","ts":"2026-10-05T08:40:46.345Z","caller":"ipamd/ipamd.go:2758","msg":"Prefix target is 1, short of 1 prefixes, free 0 prefixes"}
{"level":"debug","ts":"2026-10-05T08:40:46.345Z","caller":"ipamd/ipamd.go:1248","msg":"ToAllocate: 1, Network Card 0"}
{"level":"debug","ts":"2026-10-05T08:40:46.345Z","caller":"ipamd/ipamd.go:1251","msg":"Found ENI eni-EXAMPLE21 that has less than the maximum number of IP/Prefixes addresses allocated: cur=0, max=5"}
{"level":"info","ts":"2026-10-05T08:40:46.345Z","caller":"ipamd/ipamd.go:1255","msg":"Trying to allocate 1 IP addresses on ENI eni-EXAMPLE21"}
{"level":"debug","ts":"2026-10-05T08:40:46.345Z","caller":"ipamd/ipamd.go:1255","msg":"PD enabled - true"}
{"level":"debug","ts":"2026-10-05T08:40:46.755Z","caller":"awsutils/awsutils.go:2174","msg":"checkAPIErrorAndBroadcastEvent resulted in operation error EC2: AssignPrivateIpAddresses, https response error StatusCode: 400, RequestID: 4d829a04-518f-428a-9b70-6a45320da3e3, api error InsufficientCidrBlocks: The specified subnet does not have enough free cidr blocks to satisfy the request."}
{"level":"error","ts":"2026-10-05T08:40:46.755Z","caller":"ipamd/ipamd.go:1255","msg":"Failed to allocate a private IP/Prefix addresses on ENI eni-EXAMPLE21: operation error EC2: AssignPrivateIpAddresses, https response error StatusCode: 400, RequestID: 4d829a04-518f-428a-9b70-6a45320da3e3, api error InsufficientCidrBlocks: The specified subnet does not have enough free cidr blocks to satisfy the request."}
{"level":"debug","ts":"2026-10-05T08:40:46.755Z","caller":"ipamd/ipamd.go:1256","msg":"containsPrivateIPAddressLimitExceededError encountered operation error EC2: AssignPrivateIpAddresses, https response error StatusCode: 400, RequestID: 4d829a04-518f-428a-9b70-6a45320da3e3, api error InsufficientCidrBlocks: The specified subnet does not have enough free cidr blocks to satisfy the request."}
{"level":"warn","ts":"2026-10-05T08:40:46.755Z","caller":"ipamd/ipamd.go:1113","msg":"failed to allocate all available IPv4 Prefixes on ENI eni-EXAMPLE21, err: operation error EC2: AssignPrivateIpAddresses, https response error StatusCode: 400, RequestID: 4d829a04-518f-428a-9b70-6a45320da3e3, api error InsufficientCidrBlocks: The specified subnet does not have enough free cidr blocks to satisfy the request."}
{"level":"info","ts":"2026-10-05T08:40:46.755Z","caller":"ipamd/ipamd.go:1259","msg":"Trying to allocate 1 IP addresses on ENI eni-EXAMPLE21"}
{"level":"debug","ts":"2026-10-05T08:40:46.755Z","caller":"ipamd/ipamd.go:1259","msg":"PD enabled - true"}
{"level":"debug","ts":"2026-10-05T08:40:47.186Z","caller":"awsutils/awsutils.go:2174","msg":"checkAPIErrorAndBroadcastEvent resulted in operation error EC2: AssignPrivateIpAddresses, https response error StatusCode: 400, RequestID: 89a05213-07a3-401d-a688-195d514386ce, api error InsufficientCidrBlocks: The specified subnet does not have enough free cidr blocks to satisfy the request."}
{"level":"error","ts":"2026-10-05T08:40:47.186Z","caller":"ipamd/ipamd.go:1259","msg":"Failed to allocate a private IP/Prefix addresses on ENI eni-EXAMPLE21: operation error EC2: AssignPrivateIpAddresses, https response error StatusCode: 400, RequestID: 89a05213-07a3-401d-a688-195d514386ce, api error InsufficientCidrBlocks: The specified subnet does not have enough free cidr blocks to satisfy the request."}
{"level":"debug","ts":"2026-10-05T08:40:47.186Z","caller":"ipamd/ipamd.go:1260","msg":"containsPrivateIPAddressLimitExceededError encountered operation error EC2: AssignPrivateIpAddresses, https response error StatusCode: 400, RequestID: 89a05213-07a3-401d-a688-195d514386ce, api error InsufficientCidrBlocks: The specified subnet does not have enough free cidr blocks to satisfy the request."}
{"level":"debug","ts":"2026-10-05T08:40:47.186Z","caller":"ipamd/ipamd.go:1262","msg":"containsInsufficientCIDRsOrSubnetIPs encountered operation error EC2: AssignPrivateIpAddresses, https response error StatusCode: 400, RequestID: 89a05213-07a3-401d-a688-195d514386ce, api error InsufficientCidrBlocks: The specified subnet does not have enough free cidr blocks to satisfy the request."}
{"level":"debug","ts":"2026-10-05T08:40:47.186Z","caller":"ipamd/ipamd.go:1262","msg":"Insufficient IP Addresses due to: InsufficientCidrBlocks\n"}
{"level":"debug","ts":"2026-10-05T08:40:47.186Z","caller":"ipamd/ipamd.go:1003","msg":"hasRoomForEni: networkCard=0, currentENIs=1, currentUsableENIs=1, maxENI=3, unmanagedENI=0, trunkEni=0, excludedENI=0, hasRoom=true"}
{"level":"debug","ts":"2026-10-05T08:40:47.186Z","caller":"ipamd/ipamd.go:2758","msg":"Prefix target is 1, short of 1 prefixes, free 0 prefixes"}
{"level":"debug","ts":"2026-10-05T08:40:47.186Z","caller":"ipamd/ipamd.go:2595","msg":"ToAllocate: 1, Network Card 0"}
{"level":"info","ts":"2026-10-05T08:40:47.186Z","caller":"awsutils/awsutils.go:1044","msg":"Trying to allocate 1 IP addresses on new ENI"}
{"level":"debug","ts":"2026-10-05T08:40:47.186Z","caller":"awsutils/awsutils.go:1044","msg":"PD enabled - true"}
{"level":"debug","ts":"2026-10-05T08:40:47.460Z","caller":"awsutils/awsutils.go:1272","msg":"Primary subnet subnet-EXAMPLE1 has no kubernetes.io/role/cni tag, including it for ENI creation (backwards compatibility)"}
{"level":"info","ts":"2026-10-05T08:40:47.460Z","caller":"awsutils/awsutils.go:1044","msg":"Creating ENI with security groups: [sg-EXAMPLE1] in subnet: subnet-EXAMPLE1"}
{"level":"debug","ts":"2026-10-05T08:40:47.675Z","caller":"awsutils/awsutils.go:1449","msg":"checkAPIErrorAndBroadcastEvent resulted in operation error EC2: CreateNetworkInterface, https response error StatusCode: 400, RequestID: bdda4111-201e-4c1e-92e3-3147e49dd22f, api error InvalidParameterValue: There aren't sufficient free Ipv4 addresses or prefixes"}
{"level":"error","ts":"2026-10-05T08:40:47.675Z","caller":"awsutils/awsutils.go:1285","msg":"Failed to CreateNetworkInterface operation error EC2: CreateNetworkInterface, https response error StatusCode: 400, RequestID: bdda4111-201e-4c1e-92e3-3147e49dd22f, api error InvalidParameterValue: There aren't sufficient free Ipv4 addresses or prefixes for subnet subnet-EXAMPLE1"}
{"level":"debug","ts":"2026-10-05T08:40:47.675Z","caller":"awsutils/awsutils.go:1272","msg":"Subnet subnet-EXAMPLE2 has no kubernetes.io/role/cni tag, excluding it from ENI creation"}
{"level":"error","ts":"2026-10-05T08:40:47.675Z","caller":"ipamd/ipamd.go:1004","msg":"Failed to increase pool size due to not able to allocate ENI AllocENI: failed to create ENI: failed to create network interface: operation error EC2: CreateNetworkInterface, https response error StatusCode: 400, RequestID: bdda4111-201e-4c1e-92e3-3147e49dd22f, api error InvalidParameterValue: There aren't sufficient free Ipv4 addresses or prefixes"}
{"level":"warn","ts":"2026-10-05T08:40:47.675Z","caller":"ipamd/ipamd.go:1004","msg":"Failed to allocate 1 IP addresses on an ENI: AllocENI: failed to create ENI: failed to create network interface: operation error EC2: CreateNetworkInterface, https response error StatusCode: 400, RequestID: bdda4111-201e-4c1e-92e3-3147e49dd22f, api error InvalidParameterValue: There aren't sufficient free Ipv4 addresses or prefixes"}
{"level":"debug","ts":"2026-10-05T08:40:47.675Z","caller":"ipamd/ipamd.go:1082","msg":"containsInsufficientCIDRsOrSubnetIPs encountered AllocENI: failed to create ENI: failed to create network interface: operation error EC2: CreateNetworkInterface, https response error StatusCode: 400, RequestID: bdda4111-201e-4c1e-92e3-3147e49dd22f, api error InvalidParameterValue: There aren't sufficient free Ipv4 addresses or prefixes"}
{"level":"debug","ts":"2026-10-05T08:40:47.675Z","caller":"ipamd/ipamd.go:1082","msg":"Insufficient IP Addresses due to: InvalidParameterValue\n"}
{"level":"debug","ts":"2026-10-05T08:40:47.675Z","caller":"ipamd/ipamd.go:813","msg":"Error trying to allocate ENI: AllocENI: failed to create ENI: failed to create network interface: operation error EC2: CreateNetworkInterface, https response error StatusCode: 400, RequestID: bdda4111-201e-4c1e-92e3-3147e49dd22f, api error InvalidParameterValue: There aren't sufficient free Ipv4 addresses or prefixes"}
{"level":"debug","ts":"2026-10-05T08:40:47.676Z","caller":"ipamd/ipamd.go:1548","msg":"ENI eni-EXAMPLE21 cannot be deleted because it is primary"}
{"level":"info","ts":"2026-10-05T08:40:48.697Z","caller":"rpc/rpc_grpc.pb.go:117","msg":"Received AddNetwork for NS /var/run/netns/cni-8dc2a3d7-78b7-ea89-c3c2-470ae4f4b217, Sandbox e995457a78bd816dc429db7fed3127fcb4b41ddcd2c26da302a6427398f7b240, ifname eth0"}
{"level":"debug","ts":"2026-10-05T08:40:48.698Z","caller":"rpc/rpc_grpc.pb.go:117","msg":"AddNetworkRequest: K8S_POD_NAME:\"coredns-79f8dffc57-cv2lj\"  K8S_POD_NAMESPACE:\"kube-system\"  K8S_POD_INFRA_CONTAINER_ID:\"e995457a78bd816dc429db7fed3127fcb4b41ddcd2c26da302a6427398f7b240\"  ContainerID:\"e995457a78bd816dc429db7fed3127fcb4b41ddcd2c26da302a6427398f7b240\"  IfName:\"eth0\"  NetworkName:\"aws-cni\"  Netns:\"/var/run/netns/cni-8dc2a3d7-78b7-ea89-c3c2-470ae4f4b217\""}
{"level":"info","ts":"2026-10-05T08:40:48.698Z","caller":"rpc/rpc_grpc.pb.go:117","msg":"Required MultiNIC access false, interfaces required 1"}
{"level":"debug","ts":"2026-10-05T08:40:48.698Z","caller":"datastore/data_store.go:713","msg":"AssignPodIPv4Address: IP address pool stats: total 0, assigned 0"}
{"level":"debug","ts":"2026-10-05T08:40:48.698Z","caller":"datastore/data_store.go:713","msg":"AssignPodIPv4Address: ENI eni-EXAMPLE21 does not have available addresses"}
{"level":"error","ts":"2026-10-05T08:40:48.698Z","caller":"datastore/data_store.go:713","msg":"DataStore has no available IP/Prefix addresses"}
{"level":"warn","ts":"2026-10-05T08:40:48.698Z","caller":"rpc/rpc_grpc.pb.go:117","msg":"Failed to assign IPs from network card 0: AssignPodIPAddress: no available IP/Prefix addresses"}
{"level":"error","ts":"2026-10-05T08:40:48.698Z","caller":"rpc/rpc_grpc.pb.go:117","msg":"Returning failure response for AddNetwork: 1 error occurred:\n\t* AssignPodIPAddress: no available IP/Prefix addresses\n\n"}
{"level":"info","ts":"2026-10-05T08:40:48.698Z","caller":"rpc/rpc_grpc.pb.go:117","msg":"Send AddNetworkReply: Success: false IPAddr: [], resp: , err: AssignPodIPAddress: no available IP/Prefix addresses"}
{"level":"info","ts":"2026-10-05T08:40:48.722Z","caller":"rpc/rpc_grpc.pb.go:135","msg":"Received DelNetwork for Sandbox e995457a78bd816dc429db7fed3127fcb4b41ddcd2c26da302a6427398f7b240"}
{"level":"debug","ts":"2026-10-05T08:40:48.722Z","caller":"rpc/rpc_grpc.pb.go:135","msg":"DelNetworkRequest: K8S_POD_NAME:\"coredns-79f8dffc57-cv2lj\"  K8S_POD_NAMESPACE:\"kube-system\"  K8S_POD_INFRA_CONTAINER_ID:\"e995457a78bd816dc429db7fed3127fcb4b41ddcd2c26da302a6427398f7b240\"  Reason:\"PodDeleted\"  ContainerID:\"e995457a78bd816dc429db7fed3127fcb4b41ddcd2c26da302a6427398f7b240\"  IfName:\"eth0\"  NetworkName:\"aws-cni\"  K8S_POD_UID:\"080397ba-9aa0-4db1-b449-5fe2b0811692\""}
{"level":"debug","ts":"2026-10-05T08:40:48.722Z","caller":"ipamd/rpc_handler.go:353","msg":"UnassignPodIPAddress: IP address pool stats: total 0, assigned 0, sandbox aws-cni/e995457a78bd816dc429db7fed3127fcb4b41ddcd2c26da302a6427398f7b240/eth0"}
{"level":"debug","ts":"2026-10-05T08:40:48.722Z","caller":"ipamd/rpc_handler.go:353","msg":"UnassignPodIPAddress: Failed to find IPAM entry under full key, trying CRI-migrated version"}
{"level":"warn","ts":"2026-10-05T08:40:48.722Z","caller":"ipamd/rpc_handler.go:353","msg":"UnassignPodIPAddress: Failed to find sandbox _migrated-from-cri/e995457a78bd816dc429db7fed3127fcb4b41ddcd2c26da302a6427398f7b240/unknown"}
{"level":"info","ts":"2026-10-05T08:40:48.722Z","caller":"rpc/rpc_grpc.pb.go:135","msg":"Send DelNetworkReply: IPAddress: [], err: 1 error occurred:\n\t* datastore: unknown pod\n\n"}
{"level":"debug","ts":"2026-10-05T08:40:50.176Z","caller":"ipamd/ipamd.go:798","msg":"Reconciling ENI/IP pool info because time since last 1m3.832669611s > 1m0s"}
{"level":"debug","ts":"2026-10-05T08:40:50.179Z","caller":"ipamd/ipamd.go:1621","msg":"Total number of interfaces found: 1 "}
{"level":"debug","ts":"2026-10-05T08:40:50.179Z","caller":"awsutils/awsutils.go:787","msg":"Found ENI MAC address: 0a:ff:c7:36:15:eb"}
{"level":"debug","ts":"2026-10-05T08:40:50.186Z","caller":"awsutils/awsutils.go:787","msg":"Found ENI: eni-EXAMPLE21, MAC 0a:ff:c7:36:15:eb, device 0"}
{"level":"debug","ts":"2026-10-05T08:40:50.187Z","caller":"awsutils/awsutils.go:787","msg":"Found IPv4 addresses associated with interface. This is not efa-only interface"}
{"level":"debug","ts":"2026-10-05T08:40:50.195Z","caller":"ipamd/ipamd.go:798","msg":"Reconcile existing ENI eni-EXAMPLE21 IP pool"}
{"level":"info","ts":"2026-10-05T08:40:50.195Z","caller":"ipamd/ipamd.go:1766","msg":"Reconcile and skip primary IP 10.20.0.45 on ENI eni-EXAMPLE21"}
{"level":"debug","ts":"2026-10-05T08:40:50.195Z","caller":"ipamd/ipamd.go:798","msg":"Reconcile existing ENI eni-EXAMPLE21 IP prefixes"}
{"level":"debug","ts":"2026-10-05T08:40:50.195Z","caller":"ipamd/ipamd.go:1693","msg":"Found prefix pool count 0 for eni eni-EXAMPLE21\n"}
{"level":"debug","ts":"2026-10-05T08:40:50.195Z","caller":"ipamd/ipamd.go:798","msg":"Successfully Reconciled ENI/IP pool"}
{"level":"debug","ts":"2026-10-05T08:40:50.195Z","caller":"ipamd/ipamd.go:1738","msg":"Prefix pool stats for network card 0: Total IPs/Prefixes = 0/0, AssignedIPs/CooldownIPs: 0/0, c.maxIPsPerENI = 80"}
{"level":"debug","ts":"2026-10-05T08:40:50.195Z","caller":"ipamd/ipamd.go:798","msg":"Primary IP for ENI eni-EXAMPLE21 is 10.20.0.45"}
{"level":"debug","ts":"2026-10-05T08:40:52.695Z","caller":"ipamd/ipamd.go:809","msg":"IP pool is too low for Network Card 0: available (0) < ENI target (1) * addrsPerENI (16)"}
{"level":"debug","ts":"2026-10-05T08:40:52.695Z","caller":"ipamd/ipamd.go:2689","msg":"Prefix pool stats for network card 0: Total IPs/Prefixes = 0/0, AssignedIPs/CooldownIPs: 0/0, c.maxIPsPerENI = 80"}
{"level":"debug","ts":"2026-10-05T08:40:52.695Z","caller":"ipamd/ipamd.go:795","msg":"IP stats for Network Card 0 - total IPs: 0, assigned IPs: 0, cooldown IPs: 0"}
{"level":"debug","ts":"2026-10-05T08:40:52.695Z","caller":"ipamd/ipamd.go:813","msg":"Starting to increase pool size for network card 0"}
{"level":"debug","ts":"2026-10-05T08:40:52.695Z","caller":"ipamd/ipamd.go:966","msg":"Node found \"ip-10-20-0-45.ec2.internal\" - no of taints - 0"}
{"level":"debug","ts":"2026-10-05T08:40:52.695Z","caller":"ipamd/ipamd.go:2758","msg":"Prefix target is 1, short of 1 prefixes, free 0 prefixes"}
{"level":"debug","ts":"2026-10-05T08:40:52.695Z","caller":"ipamd/ipamd.go:1248","msg":"ToAllocate: 1, Network Card 0"}
{"level":"debug","ts":"2026-10-05T08:40:52.695Z","caller":"ipamd/ipamd.go:1251","msg":"Found ENI eni-EXAMPLE21 that has less than the maximum number of IP/Prefixes addresses allocated: cur=0, max=5"}
{"level":"info","ts":"2026-10-05T08:40:52.695Z","caller":"ipamd/ipamd.go:1255","msg":"Trying to allocate 1 IP addresses on ENI eni-EXAMPLE21"}
{"level":"debug","ts":"2026-10-05T08:40:52.695Z","caller":"ipamd/ipamd.go:1255","msg":"PD enabled - true"}
{"level":"debug","ts":"2026-10-05T08:40:53.275Z","caller":"awsutils/awsutils.go:2174","msg":"checkAPIErrorAndBroadcastEvent resulted in operation error EC2: AssignPrivateIpAddresses, https response error StatusCode: 400, RequestID: 1badc1a9-5c3f-48d1-9ad5-9e9f11c5e0ee, api error InsufficientCidrBlocks: The specified subnet does not have enough free cidr blocks to satisfy the request."}
{"level":"error","ts":"2026-10-05T08:40:53.275Z","caller":"ipamd/ipamd.go:1255","msg":"Failed to allocate a private IP/Prefix addresses on ENI eni-EXAMPLE21: operation error EC2: AssignPrivateIpAddresses, https response error StatusCode: 400, RequestID: 1badc1a9-5c3f-48d1-9ad5-9e9f11c5e0ee, api error InsufficientCidrBlocks: The specified subnet does not have enough free cidr blocks to satisfy the request."}
{"level":"debug","ts":"2026-10-05T08:40:53.275Z","caller":"ipamd/ipamd.go:1256","msg":"containsPrivateIPAddressLimitExceededError encountered operation error EC2: AssignPrivateIpAddresses, https response error StatusCode: 400, RequestID: 1badc1a9-5c3f-48d1-9ad5-9e9f11c5e0ee, api error InsufficientCidrBlocks: The specified subnet does not have enough free cidr blocks to satisfy the request."}
{"level":"warn","ts":"2026-10-05T08:40:53.275Z","caller":"ipamd/ipamd.go:1113","msg":"failed to allocate all available IPv4 Prefixes on ENI eni-EXAMPLE21, err: operation error EC2: AssignPrivateIpAddresses, https response error StatusCode: 400, RequestID: 1badc1a9-5c3f-48d1-9ad5-9e9f11c5e0ee, api error InsufficientCidrBlocks: The specified subnet does not have enough free cidr blocks to satisfy the request."}
{"level":"info","ts":"2026-10-05T08:40:53.275Z","caller":"ipamd/ipamd.go:1259","msg":"Trying to allocate 1 IP addresses on ENI eni-EXAMPLE21"}
{"level":"debug","ts":"2026-10-05T08:40:53.275Z","caller":"ipamd/ipamd.go:1259","msg":"PD enabled - true"}
{"level":"debug","ts":"2026-10-05T08:40:53.696Z","caller":"awsutils/awsutils.go:2174","msg":"checkAPIErrorAndBroadcastEvent resulted in operation error EC2: AssignPrivateIpAddresses, https response error StatusCode: 400, RequestID: a67be6ef-92ce-4df9-9337-c44bceb1c4f1, api error InsufficientCidrBlocks: The specified subnet does not have enough free cidr blocks to satisfy the request."}
{"level":"error","ts":"2026-10-05T08:40:53.696Z","caller":"ipamd/ipamd.go:1259","msg":"Failed to allocate a private IP/Prefix addresses on ENI eni-EXAMPLE21: operation error EC2: AssignPrivateIpAddresses, https response error StatusCode: 400, RequestID: a67be6ef-92ce-4df9-9337-c44bceb1c4f1, api error InsufficientCidrBlocks: The specified subnet does not have enough free cidr blocks to satisfy the request."}
{"level":"debug","ts":"2026-10-05T08:40:53.696Z","caller":"ipamd/ipamd.go:1260","msg":"containsPrivateIPAddressLimitExceededError encountered operation error EC2: AssignPrivateIpAddresses, https response error StatusCode: 400, RequestID: a67be6ef-92ce-4df9-9337-c44bceb1c4f1, api error InsufficientCidrBlocks: The specified subnet does not have enough free cidr blocks to satisfy the request."}
{"level":"debug","ts":"2026-10-05T08:40:53.696Z","caller":"ipamd/ipamd.go:1262","msg":"containsInsufficientCIDRsOrSubnetIPs encountered operation error EC2: AssignPrivateIpAddresses, https response error StatusCode: 400, RequestID: a67be6ef-92ce-4df9-9337-c44bceb1c4f1, api error InsufficientCidrBlocks: The specified subnet does not have enough free cidr blocks to satisfy the request."}
{"level":"debug","ts":"2026-10-05T08:40:53.696Z","caller":"ipamd/ipamd.go:1262","msg":"Insufficient IP Addresses due to: InsufficientCidrBlocks\n"}
{"level":"debug","ts":"2026-10-05T08:40:53.696Z","caller":"ipamd/ipamd.go:1003","msg":"hasRoomForEni: networkCard=0, currentENIs=1, currentUsableENIs=1, maxENI=3, unmanagedENI=0, trunkEni=0, excludedENI=0, hasRoom=true"}
{"level":"debug","ts":"2026-10-05T08:40:53.696Z","caller":"ipamd/ipamd.go:2758","msg":"Prefix target is 1, short of 1 prefixes, free 0 prefixes"}
{"level":"debug","ts":"2026-10-05T08:40:53.696Z","caller":"ipamd/ipamd.go:2595","msg":"ToAllocate: 1, Network Card 0"}
{"level":"info","ts":"2026-10-05T08:40:53.696Z","caller":"awsutils/awsutils.go:1044","msg":"Trying to allocate 1 IP addresses on new ENI"}
{"level":"debug","ts":"2026-10-05T08:40:53.696Z","caller":"awsutils/awsutils.go:1044","msg":"PD enabled - true"}
{"level":"debug","ts":"2026-10-05T08:40:53.828Z","caller":"awsutils/awsutils.go:1272","msg":"Primary subnet subnet-EXAMPLE1 has no kubernetes.io/role/cni tag, including it for ENI creation (backwards compatibility)"}
{"level":"info","ts":"2026-10-05T08:40:53.828Z","caller":"awsutils/awsutils.go:1044","msg":"Creating ENI with security groups: [sg-EXAMPLE1] in subnet: subnet-EXAMPLE1"}
{"level":"debug","ts":"2026-10-05T08:40:54.063Z","caller":"awsutils/awsutils.go:1449","msg":"checkAPIErrorAndBroadcastEvent resulted in operation error EC2: CreateNetworkInterface, https response error StatusCode: 400, RequestID: 5e110fc2-11bd-484d-8c72-36e167e22b80, api error InvalidParameterValue: There aren't sufficient free Ipv4 addresses or prefixes"}
{"level":"error","ts":"2026-10-05T08:40:54.063Z","caller":"awsutils/awsutils.go:1285","msg":"Failed to CreateNetworkInterface operation error EC2: CreateNetworkInterface, https response error StatusCode: 400, RequestID: 5e110fc2-11bd-484d-8c72-36e167e22b80, api error InvalidParameterValue: There aren't sufficient free Ipv4 addresses or prefixes for subnet subnet-EXAMPLE1"}
{"level":"debug","ts":"2026-10-05T08:40:54.063Z","caller":"awsutils/awsutils.go:1272","msg":"Subnet subnet-EXAMPLE2 has no kubernetes.io/role/cni tag, excluding it from ENI creation"}
{"level":"error","ts":"2026-10-05T08:40:54.063Z","caller":"ipamd/ipamd.go:1004","msg":"Failed to increase pool size due to not able to allocate ENI AllocENI: failed to create ENI: failed to create network interface: operation error EC2: CreateNetworkInterface, https response error StatusCode: 400, RequestID: 5e110fc2-11bd-484d-8c72-36e167e22b80, api error InvalidParameterValue: There aren't sufficient free Ipv4 addresses or prefixes"}
{"level":"warn","ts":"2026-10-05T08:40:54.063Z","caller":"ipamd/ipamd.go:1004","msg":"Failed to allocate 1 IP addresses on an ENI: AllocENI: failed to create ENI: failed to create network interface: operation error EC2: CreateNetworkInterface, https response error StatusCode: 400, RequestID: 5e110fc2-11bd-484d-8c72-36e167e22b80, api error InvalidParameterValue: There aren't sufficient free Ipv4 addresses or prefixes"}
{"level":"debug","ts":"2026-10-05T08:40:54.063Z","caller":"ipamd/ipamd.go:1082","msg":"containsInsufficientCIDRsOrSubnetIPs encountered AllocENI: failed to create ENI: failed to create network interface: operation error EC2: CreateNetworkInterface, https response error StatusCode: 400, RequestID: 5e110fc2-11bd-484d-8c72-36e167e22b80, api error InvalidParameterValue: There aren't sufficient free Ipv4 addresses or prefixes"}
{"level":"debug","ts":"2026-10-05T08:40:54.063Z","caller":"ipamd/ipamd.go:1082","msg":"Insufficient IP Addresses due to: InvalidParameterValue\n"}
{"level":"debug","ts":"2026-10-05T08:40:54.063Z","caller":"ipamd/ipamd.go:813","msg":"Error trying to allocate ENI: AllocENI: failed to create ENI: failed to create network interface: operation error EC2: CreateNetworkInterface, https response error StatusCode: 400, RequestID: 5e110fc2-11bd-484d-8c72-36e167e22b80, api error InvalidParameterValue: There aren't sufficient free Ipv4 addresses or prefixes"}
{"level":"debug","ts":"2026-10-05T08:40:54.063Z","caller":"ipamd/ipamd.go:1548","msg":"ENI eni-EXAMPLE21 cannot be deleted because it is primary"}
{"level":"info","ts":"2026-10-05T08:40:56.701Z","caller":"rpc/rpc_grpc.pb.go:117","msg":"Received AddNetwork for NS /var/run/netns/cni-c1a7772b-2184-428c-176a-648bc0b57f41, Sandbox 32ae18ec4bc27d24f1077d7367f8c0c2fbc2fc669e0751b6c3ea2afe0cbd3d69, ifname eth0"}
{"level":"debug","ts":"2026-10-05T08:40:56.701Z","caller":"rpc/rpc_grpc.pb.go:117","msg":"AddNetworkRequest: K8S_POD_NAME:\"coredns-79f8dffc57-fwslz\"  K8S_POD_NAMESPACE:\"kube-system\"  K8S_POD_INFRA_CONTAINER_ID:\"32ae18ec4bc27d24f1077d7367f8c0c2fbc2fc669e0751b6c3ea2afe0cbd3d69\"  ContainerID:\"32ae18ec4bc27d24f1077d7367f8c0c2fbc2fc669e0751b6c3ea2afe0cbd3d69\"  IfName:\"eth0\"  NetworkName:\"aws-cni\"  Netns:\"/var/run/netns/cni-c1a7772b-2184-428c-176a-648bc0b57f41\""}
{"level":"info","ts":"2026-10-05T08:40:56.701Z","caller":"rpc/rpc_grpc.pb.go:117","msg":"Required MultiNIC access false, interfaces required 1"}
{"level":"debug","ts":"2026-10-05T08:40:56.701Z","caller":"datastore/data_store.go:713","msg":"AssignPodIPv4Address: IP address pool stats: total 0, assigned 0"}
{"level":"debug","ts":"2026-10-05T08:40:56.701Z","caller":"datastore/data_store.go:713","msg":"AssignPodIPv4Address: ENI eni-EXAMPLE21 does not have available addresses"}
{"level":"error","ts":"2026-10-05T08:40:56.701Z","caller":"datastore/data_store.go:713","msg":"DataStore has no available IP/Prefix addresses"}
{"level":"warn","ts":"2026-10-05T08:40:56.701Z","caller":"rpc/rpc_grpc.pb.go:117","msg":"Failed to assign IPs from network card 0: AssignPodIPAddress: no available IP/Prefix addresses"}
{"level":"error","ts":"2026-10-05T08:40:56.701Z","caller":"rpc/rpc_grpc.pb.go:117","msg":"Returning failure response for AddNetwork: 1 error occurred:\n\t* AssignPodIPAddress: no available IP/Prefix addresses\n\n"}
{"level":"info","ts":"2026-10-05T08:40:56.701Z","caller":"rpc/rpc_grpc.pb.go:117","msg":"Send AddNetworkReply: Success: false IPAddr: [], resp: , err: AssignPodIPAddress: no available IP/Prefix addresses"}
{"level":"info","ts":"2026-10-05T08:40:56.725Z","caller":"rpc/rpc_grpc.pb.go:135","msg":"Received DelNetwork for Sandbox 32ae18ec4bc27d24f1077d7367f8c0c2fbc2fc669e0751b6c3ea2afe0cbd3d69"}
{"level":"debug","ts":"2026-10-05T08:40:56.725Z","caller":"rpc/rpc_grpc.pb.go:135","msg":"DelNetworkRequest: K8S_POD_NAME:\"coredns-79f8dffc57-fwslz\"  K8S_POD_NAMESPACE:\"kube-system\"  K8S_POD_INFRA_CONTAINER_ID:\"32ae18ec4bc27d24f1077d7367f8c0c2fbc2fc669e0751b6c3ea2afe0cbd3d69\"  Reason:\"PodDeleted\"  ContainerID:\"32ae18ec4bc27d24f1077d7367f8c0c2fbc2fc669e0751b6c3ea2afe0cbd3d69\"  IfName:\"eth0\"  NetworkName:\"aws-cni\"  K8S_POD_UID:\"ad241f1d-d89e-4886-8d30-e22384a0b925\""}
{"level":"debug","ts":"2026-10-05T08:40:56.725Z","caller":"ipamd/rpc_handler.go:353","msg":"UnassignPodIPAddress: IP address pool stats: total 0, assigned 0, sandbox aws-cni/32ae18ec4bc27d24f1077d7367f8c0c2fbc2fc669e0751b6c3ea2afe0cbd3d69/eth0"}
{"level":"debug","ts":"2026-10-05T08:40:56.725Z","caller":"ipamd/rpc_handler.go:353","msg":"UnassignPodIPAddress: Failed to find IPAM entry under full key, trying CRI-migrated version"}
{"level":"warn","ts":"2026-10-05T08:40:56.725Z","caller":"ipamd/rpc_handler.go:353","msg":"UnassignPodIPAddress: Failed to find sandbox _migrated-from-cri/32ae18ec4bc27d24f1077d7367f8c0c2fbc2fc669e0751b6c3ea2afe0cbd3d69/unknown"}
{"level":"info","ts":"2026-10-05T08:40:56.725Z","caller":"rpc/rpc_grpc.pb.go:135","msg":"Send DelNetworkReply: IPAddress: [], err: 1 error occurred:\n\t* datastore: unknown pod\n\n"}
{"level":"debug","ts":"2026-10-05T08:40:59.065Z","caller":"ipamd/ipamd.go:809","msg":"IP pool is too low for Network Card 0: available (0) < ENI target (1) * addrsPerENI (16)"}
{"level":"debug","ts":"2026-10-05T08:40:59.065Z","caller":"ipamd/ipamd.go:2689","msg":"Prefix pool stats for network card 0: Total IPs/Prefixes = 0/0, AssignedIPs/CooldownIPs: 0/0, c.maxIPsPerENI = 80"}
{"level":"debug","ts":"2026-10-05T08:40:59.065Z","caller":"ipamd/ipamd.go:795","msg":"IP stats for Network Card 0 - total IPs: 0, assigned IPs: 0, cooldown IPs: 0"}
{"level":"debug","ts":"2026-10-05T08:40:59.065Z","caller":"ipamd/ipamd.go:813","msg":"Starting to increase pool size for network card 0"}
{"level":"debug","ts":"2026-10-05T08:40:59.065Z","caller":"ipamd/ipamd.go:966","msg":"Node found \"ip-10-20-0-45.ec2.internal\" - no of taints - 0"}
{"level":"debug","ts":"2026-10-05T08:40:59.065Z","caller":"ipamd/ipamd.go:2758","msg":"Prefix target is 1, short of 1 prefixes, free 0 prefixes"}
{"level":"debug","ts":"2026-10-05T08:40:59.065Z","caller":"ipamd/ipamd.go:1248","msg":"ToAllocate: 1, Network Card 0"}
{"level":"debug","ts":"2026-10-05T08:40:59.065Z","caller":"ipamd/ipamd.go:1251","msg":"Found ENI eni-EXAMPLE21 that has less than the maximum number of IP/Prefixes addresses allocated: cur=0, max=5"}
{"level":"info","ts":"2026-10-05T08:40:59.065Z","caller":"ipamd/ipamd.go:1255","msg":"Trying to allocate 1 IP addresses on ENI eni-EXAMPLE21"}
{"level":"debug","ts":"2026-10-05T08:40:59.065Z","caller":"ipamd/ipamd.go:1255","msg":"PD enabled - true"}
{"level":"debug","ts":"2026-10-05T08:40:59.454Z","caller":"awsutils/awsutils.go:2174","msg":"checkAPIErrorAndBroadcastEvent resulted in operation error EC2: AssignPrivateIpAddresses, https response error StatusCode: 400, RequestID: ff85a01c-9139-48a9-a1c5-9ef7296b413d, api error InsufficientCidrBlocks: The specified subnet does not have enough free cidr blocks to satisfy the request."}
{"level":"error","ts":"2026-10-05T08:40:59.454Z","caller":"ipamd/ipamd.go:1255","msg":"Failed to allocate a private IP/Prefix addresses on ENI eni-EXAMPLE21: operation error EC2: AssignPrivateIpAddresses, https response error StatusCode: 400, RequestID: ff85a01c-9139-48a9-a1c5-9ef7296b413d, api error InsufficientCidrBlocks: The specified subnet does not have enough free cidr blocks to satisfy the request."}
{"level":"debug","ts":"2026-10-05T08:40:59.454Z","caller":"ipamd/ipamd.go:1256","msg":"containsPrivateIPAddressLimitExceededError encountered operation error EC2: AssignPrivateIpAddresses, https response error StatusCode: 400, RequestID: ff85a01c-9139-48a9-a1c5-9ef7296b413d, api error InsufficientCidrBlocks: The specified subnet does not have enough free cidr blocks to satisfy the request."}
{"level":"warn","ts":"2026-10-05T08:40:59.454Z","caller":"ipamd/ipamd.go:1113","msg":"failed to allocate all available IPv4 Prefixes on ENI eni-EXAMPLE21, err: operation error EC2: AssignPrivateIpAddresses, https response error StatusCode: 400, RequestID: ff85a01c-9139-48a9-a1c5-9ef7296b413d, api error InsufficientCidrBlocks: The specified subnet does not have enough free cidr blocks to satisfy the request."}
{"level":"info","ts":"2026-10-05T08:40:59.454Z","caller":"ipamd/ipamd.go:1259","msg":"Trying to allocate 1 IP addresses on ENI eni-EXAMPLE21"}
{"level":"debug","ts":"2026-10-05T08:40:59.455Z","caller":"ipamd/ipamd.go:1259","msg":"PD enabled - true"}
{"level":"debug","ts":"2026-10-05T08:40:59.831Z","caller":"awsutils/awsutils.go:2174","msg":"checkAPIErrorAndBroadcastEvent resulted in operation error EC2: AssignPrivateIpAddresses, https response error StatusCode: 400, RequestID: a930cdd4-817d-4b12-97ee-b615fc450d85, api error InsufficientCidrBlocks: The specified subnet does not have enough free cidr blocks to satisfy the request."}
{"level":"error","ts":"2026-10-05T08:40:59.831Z","caller":"ipamd/ipamd.go:1259","msg":"Failed to allocate a private IP/Prefix addresses on ENI eni-EXAMPLE21: operation error EC2: AssignPrivateIpAddresses, https response error StatusCode: 400, RequestID: a930cdd4-817d-4b12-97ee-b615fc450d85, api error InsufficientCidrBlocks: The specified subnet does not have enough free cidr blocks to satisfy the request."}
{"level":"debug","ts":"2026-10-05T08:40:59.831Z","caller":"ipamd/ipamd.go:1260","msg":"containsPrivateIPAddressLimitExceededError encountered operation error EC2: AssignPrivateIpAddresses, https response error StatusCode: 400, RequestID: a930cdd4-817d-4b12-97ee-b615fc450d85, api error InsufficientCidrBlocks: The specified subnet does not have enough free cidr blocks to satisfy the request."}
{"level":"debug","ts":"2026-10-05T08:40:59.831Z","caller":"ipamd/ipamd.go:1262","msg":"containsInsufficientCIDRsOrSubnetIPs encountered operation error EC2: AssignPrivateIpAddresses, https response error StatusCode: 400, RequestID: a930cdd4-817d-4b12-97ee-b615fc450d85, api error InsufficientCidrBlocks: The specified subnet does not have enough free cidr blocks to satisfy the request."}
{"level":"debug","ts":"2026-10-05T08:40:59.831Z","caller":"ipamd/ipamd.go:1262","msg":"Insufficient IP Addresses due to: InsufficientCidrBlocks\n"}
{"level":"debug","ts":"2026-10-05T08:40:59.831Z","caller":"ipamd/ipamd.go:1003","msg":"hasRoomForEni: networkCard=0, currentENIs=1, currentUsableENIs=1, maxENI=3, unmanagedENI=0, trunkEni=0, excludedENI=0, hasRoom=true"}
{"level":"debug","ts":"2026-10-05T08:40:59.831Z","caller":"ipamd/ipamd.go:2758","msg":"Prefix target is 1, short of 1 prefixes, free 0 prefixes"}
{"level":"debug","ts":"2026-10-05T08:40:59.831Z","caller":"ipamd/ipamd.go:2595","msg":"ToAllocate: 1, Network Card 0"}
{"level":"info","ts":"2026-10-05T08:40:59.831Z","caller":"awsutils/awsutils.go:1044","msg":"Trying to allocate 1 IP addresses on new ENI"}
{"level":"debug","ts":"2026-10-05T08:40:59.831Z","caller":"awsutils/awsutils.go:1044","msg":"PD enabled - true"}
{"level":"debug","ts":"2026-10-05T08:41:00.088Z","caller":"awsutils/awsutils.go:1272","msg":"Primary subnet subnet-EXAMPLE1 has no kubernetes.io/role/cni tag, including it for ENI creation (backwards compatibility)"}
{"level":"info","ts":"2026-10-05T08:41:00.088Z","caller":"awsutils/awsutils.go:1044","msg":"Creating ENI with security groups: [sg-EXAMPLE1] in subnet: subnet-EXAMPLE1"}
{"level":"debug","ts":"2026-10-05T08:41:00.337Z","caller":"awsutils/awsutils.go:1449","msg":"checkAPIErrorAndBroadcastEvent resulted in operation error EC2: CreateNetworkInterface, https response error StatusCode: 400, RequestID: 426e794f-9de9-4eb5-b9a0-33f28086c9ce, api error InvalidParameterValue: There aren't sufficient free Ipv4 addresses or prefixes"}
{"level":"error","ts":"2026-10-05T08:41:00.337Z","caller":"awsutils/awsutils.go:1285","msg":"Failed to CreateNetworkInterface operation error EC2: CreateNetworkInterface, https response error StatusCode: 400, RequestID: 426e794f-9de9-4eb5-b9a0-33f28086c9ce, api error InvalidParameterValue: There aren't sufficient free Ipv4 addresses or prefixes for subnet subnet-EXAMPLE1"}
{"level":"debug","ts":"2026-10-05T08:41:00.337Z","caller":"awsutils/awsutils.go:1272","msg":"Subnet subnet-EXAMPLE2 has no kubernetes.io/role/cni tag, excluding it from ENI creation"}
{"level":"error","ts":"2026-10-05T08:41:00.337Z","caller":"ipamd/ipamd.go:1004","msg":"Failed to increase pool size due to not able to allocate ENI AllocENI: failed to create ENI: failed to create network interface: operation error EC2: CreateNetworkInterface, https response error StatusCode: 400, RequestID: 426e794f-9de9-4eb5-b9a0-33f28086c9ce, api error InvalidParameterValue: There aren't sufficient free Ipv4 addresses or prefixes"}
{"level":"warn","ts":"2026-10-05T08:41:00.337Z","caller":"ipamd/ipamd.go:1004","msg":"Failed to allocate 1 IP addresses on an ENI: AllocENI: failed to create ENI: failed to create network interface: operation error EC2: CreateNetworkInterface, https response error StatusCode: 400, RequestID: 426e794f-9de9-4eb5-b9a0-33f28086c9ce, api error InvalidParameterValue: There aren't sufficient free Ipv4 addresses or prefixes"}
{"level":"debug","ts":"2026-10-05T08:41:00.337Z","caller":"ipamd/ipamd.go:1082","msg":"containsInsufficientCIDRsOrSubnetIPs encountered AllocENI: failed to create ENI: failed to create network interface: operation error EC2: CreateNetworkInterface, https response error StatusCode: 400, RequestID: 426e794f-9de9-4eb5-b9a0-33f28086c9ce, api error InvalidParameterValue: There aren't sufficient free Ipv4 addresses or prefixes"}
{"level":"debug","ts":"2026-10-05T08:41:00.337Z","caller":"ipamd/ipamd.go:1082","msg":"Insufficient IP Addresses due to: InvalidParameterValue\n"}
{"level":"debug","ts":"2026-10-05T08:41:00.337Z","caller":"ipamd/ipamd.go:813","msg":"Error trying to allocate ENI: AllocENI: failed to create ENI: failed to create network interface: operation error EC2: CreateNetworkInterface, https response error StatusCode: 400, RequestID: 426e794f-9de9-4eb5-b9a0-33f28086c9ce, api error InvalidParameterValue: There aren't sufficient free Ipv4 addresses or prefixes"}
{"level":"debug","ts":"2026-10-05T08:41:00.337Z","caller":"ipamd/ipamd.go:1548","msg":"ENI eni-EXAMPLE21 cannot be deleted because it is primary"}
{"level":"info","ts":"2026-10-05T08:41:00.697Z","caller":"rpc/rpc_grpc.pb.go:117","msg":"Received AddNetwork for NS /var/run/netns/cni-c14f8739-f0ba-8e28-44c0-e6a5a9f9cc06, Sandbox 1c8f7979525d47943f0d548bef7a02c42cbca2add4d243d14b1d10dd7ece7f5a, ifname eth0"}
{"level":"debug","ts":"2026-10-05T08:41:00.697Z","caller":"rpc/rpc_grpc.pb.go:117","msg":"AddNetworkRequest: K8S_POD_NAME:\"coredns-79f8dffc57-cv2lj\"  K8S_POD_NAMESPACE:\"kube-system\"  K8S_POD_INFRA_CONTAINER_ID:\"1c8f7979525d47943f0d548bef7a02c42cbca2add4d243d14b1d10dd7ece7f5a\"  ContainerID:\"1c8f7979525d47943f0d548bef7a02c42cbca2add4d243d14b1d10dd7ece7f5a\"  IfName:\"eth0\"  NetworkName:\"aws-cni\"  Netns:\"/var/run/netns/cni-c14f8739-f0ba-8e28-44c0-e6a5a9f9cc06\""}
{"level":"info","ts":"2026-10-05T08:41:00.697Z","caller":"rpc/rpc_grpc.pb.go:117","msg":"Required MultiNIC access false, interfaces required 1"}
{"level":"debug","ts":"2026-10-05T08:41:00.697Z","caller":"datastore/data_store.go:713","msg":"AssignPodIPv4Address: IP address pool stats: total 0, assigned 0"}
{"level":"debug","ts":"2026-10-05T08:41:00.697Z","caller":"datastore/data_store.go:713","msg":"AssignPodIPv4Address: ENI eni-EXAMPLE21 does not have available addresses"}
{"level":"error","ts":"2026-10-05T08:41:00.697Z","caller":"datastore/data_store.go:713","msg":"DataStore has no available IP/Prefix addresses"}
{"level":"warn","ts":"2026-10-05T08:41:00.697Z","caller":"rpc/rpc_grpc.pb.go:117","msg":"Failed to assign IPs from network card 0: AssignPodIPAddress: no available IP/Prefix addresses"}
{"level":"error","ts":"2026-10-05T08:41:00.697Z","caller":"rpc/rpc_grpc.pb.go:117","msg":"Returning failure response for AddNetwork: 1 error occurred:\n\t* AssignPodIPAddress: no available IP/Prefix addresses\n\n"}
{"level":"info","ts":"2026-10-05T08:41:00.697Z","caller":"rpc/rpc_grpc.pb.go:117","msg":"Send AddNetworkReply: Success: false IPAddr: [], resp: , err: AssignPodIPAddress: no available IP/Prefix addresses"}
{"level":"info","ts":"2026-10-05T08:41:00.724Z","caller":"rpc/rpc_grpc.pb.go:135","msg":"Received DelNetwork for Sandbox 1c8f7979525d47943f0d548bef7a02c42cbca2add4d243d14b1d10dd7ece7f5a"}
{"level":"debug","ts":"2026-10-05T08:41:00.724Z","caller":"rpc/rpc_grpc.pb.go:135","msg":"DelNetworkRequest: K8S_POD_NAME:\"coredns-79f8dffc57-cv2lj\"  K8S_POD_NAMESPACE:\"kube-system\"  K8S_POD_INFRA_CONTAINER_ID:\"1c8f7979525d47943f0d548bef7a02c42cbca2add4d243d14b1d10dd7ece7f5a\"  Reason:\"PodDeleted\"  ContainerID:\"1c8f7979525d47943f0d548bef7a02c42cbca2add4d243d14b1d10dd7ece7f5a\"  IfName:\"eth0\"  NetworkName:\"aws-cni\"  K8S_POD_UID:\"080397ba-9aa0-4db1-b449-5fe2b0811692\""}
{"level":"debug","ts":"2026-10-05T08:41:00.724Z","caller":"ipamd/rpc_handler.go:353","msg":"UnassignPodIPAddress: IP address pool stats: total 0, assigned 0, sandbox aws-cni/1c8f7979525d47943f0d548bef7a02c42cbca2add4d243d14b1d10dd7ece7f5a/eth0"}
{"level":"debug","ts":"2026-10-05T08:41:00.724Z","caller":"ipamd/rpc_handler.go:353","msg":"UnassignPodIPAddress: Failed to find IPAM entry under full key, trying CRI-migrated version"}
{"level":"warn","ts":"2026-10-05T08:41:00.724Z","caller":"ipamd/rpc_handler.go:353","msg":"UnassignPodIPAddress: Failed to find sandbox _migrated-from-cri/1c8f7979525d47943f0d548bef7a02c42cbca2add4d243d14b1d10dd7ece7f5a/unknown"}
{"level":"info","ts":"2026-10-05T08:41:00.724Z","caller":"rpc/rpc_grpc.pb.go:135","msg":"Send DelNetworkReply: IPAddress: [], err: 1 error occurred:\n\t* datastore: unknown pod\n\n"}
{"level":"debug","ts":"2026-10-05T08:41:05.338Z","caller":"ipamd/ipamd.go:809","msg":"IP pool is too low for Network Card 0: available (0) < ENI target (1) * addrsPerENI (16)"}
{"level":"debug","ts":"2026-10-05T08:41:05.338Z","caller":"ipamd/ipamd.go:2689","msg":"Prefix pool stats for network card 0: Total IPs/Prefixes = 0/0, AssignedIPs/CooldownIPs: 0/0, c.maxIPsPerENI = 80"}
{"level":"debug","ts":"2026-10-05T08:41:05.338Z","caller":"ipamd/ipamd.go:795","msg":"IP stats for Network Card 0 - total IPs: 0, assigned IPs: 0, cooldown IPs: 0"}
{"level":"debug","ts":"2026-10-05T08:41:05.338Z","caller":"ipamd/ipamd.go:813","msg":"Starting to increase pool size for network card 0"}
{"level":"debug","ts":"2026-10-05T08:41:05.339Z","caller":"ipamd/ipamd.go:966","msg":"Node found \"ip-10-20-0-45.ec2.internal\" - no of taints - 0"}
{"level":"debug","ts":"2026-10-05T08:41:05.339Z","caller":"ipamd/ipamd.go:2758","msg":"Prefix target is 1, short of 1 prefixes, free 0 prefixes"}
{"level":"debug","ts":"2026-10-05T08:41:05.339Z","caller":"ipamd/ipamd.go:1248","msg":"ToAllocate: 1, Network Card 0"}
{"level":"debug","ts":"2026-10-05T08:41:05.339Z","caller":"ipamd/ipamd.go:1251","msg":"Found ENI eni-EXAMPLE21 that has less than the maximum number of IP/Prefixes addresses allocated: cur=0, max=5"}
{"level":"info","ts":"2026-10-05T08:41:05.339Z","caller":"ipamd/ipamd.go:1255","msg":"Trying to allocate 1 IP addresses on ENI eni-EXAMPLE21"}
{"level":"debug","ts":"2026-10-05T08:41:05.339Z","caller":"ipamd/ipamd.go:1255","msg":"PD enabled - true"}
{"level":"debug","ts":"2026-10-05T08:41:05.800Z","caller":"awsutils/awsutils.go:2174","msg":"checkAPIErrorAndBroadcastEvent resulted in operation error EC2: AssignPrivateIpAddresses, https response error StatusCode: 400, RequestID: 092ff29f-08ff-4798-99c7-ea6c39d9713a, api error InsufficientCidrBlocks: The specified subnet does not have enough free cidr blocks to satisfy the request."}
{"level":"error","ts":"2026-10-05T08:41:05.800Z","caller":"ipamd/ipamd.go:1255","msg":"Failed to allocate a private IP/Prefix addresses on ENI eni-EXAMPLE21: operation error EC2: AssignPrivateIpAddresses, https response error StatusCode: 400, RequestID: 092ff29f-08ff-4798-99c7-ea6c39d9713a, api error InsufficientCidrBlocks: The specified subnet does not have enough free cidr blocks to satisfy the request."}
{"level":"debug","ts":"2026-10-05T08:41:05.800Z","caller":"ipamd/ipamd.go:1256","msg":"containsPrivateIPAddressLimitExceededError encountered operation error EC2: AssignPrivateIpAddresses, https response error StatusCode: 400, RequestID: 092ff29f-08ff-4798-99c7-ea6c39d9713a, api error InsufficientCidrBlocks: The specified subnet does not have enough free cidr blocks to satisfy the request."}
{"level":"warn","ts":"2026-10-05T08:41:05.800Z","caller":"ipamd/ipamd.go:1113","msg":"failed to allocate all available IPv4 Prefixes on ENI eni-EXAMPLE21, err: operation error EC2: AssignPrivateIpAddresses, https response error StatusCode: 400, RequestID: 092ff29f-08ff-4798-99c7-ea6c39d9713a, api error InsufficientCidrBlocks: The specified subnet does not have enough free cidr blocks to satisfy the request."}
{"level":"info","ts":"2026-10-05T08:41:05.800Z","caller":"ipamd/ipamd.go:1259","msg":"Trying to allocate 1 IP addresses on ENI eni-EXAMPLE21"}
{"level":"debug","ts":"2026-10-05T08:41:05.800Z","caller":"ipamd/ipamd.go:1259","msg":"PD enabled - true"}
{"level":"debug","ts":"2026-10-05T08:41:06.177Z","caller":"awsutils/awsutils.go:2174","msg":"checkAPIErrorAndBroadcastEvent resulted in operation error EC2: AssignPrivateIpAddresses, https response error StatusCode: 400, RequestID: 2dafee7d-6a21-467e-82bb-c45f14255897, api error InsufficientCidrBlocks: The specified subnet does not have enough free cidr blocks to satisfy the request."}
{"level":"error","ts":"2026-10-05T08:41:06.177Z","caller":"ipamd/ipamd.go:1259","msg":"Failed to allocate a private IP/Prefix addresses on ENI eni-EXAMPLE21: operation error EC2: AssignPrivateIpAddresses, https response error StatusCode: 400, RequestID: 2dafee7d-6a21-467e-82bb-c45f14255897, api error InsufficientCidrBlocks: The specified subnet does not have enough free cidr blocks to satisfy the request."}
{"level":"debug","ts":"2026-10-05T08:41:06.177Z","caller":"ipamd/ipamd.go:1260","msg":"containsPrivateIPAddressLimitExceededError encountered operation error EC2: AssignPrivateIpAddresses, https response error StatusCode: 400, RequestID: 2dafee7d-6a21-467e-82bb-c45f14255897, api error InsufficientCidrBlocks: The specified subnet does not have enough free cidr blocks to satisfy the request."}
{"level":"debug","ts":"2026-10-05T08:41:06.177Z","caller":"ipamd/ipamd.go:1262","msg":"containsInsufficientCIDRsOrSubnetIPs encountered operation error EC2: AssignPrivateIpAddresses, https response error StatusCode: 400, RequestID: 2dafee7d-6a21-467e-82bb-c45f14255897, api error InsufficientCidrBlocks: The specified subnet does not have enough free cidr blocks to satisfy the request."}
{"level":"debug","ts":"2026-10-05T08:41:06.177Z","caller":"ipamd/ipamd.go:1262","msg":"Insufficient IP Addresses due to: InsufficientCidrBlocks\n"}
{"level":"debug","ts":"2026-10-05T08:41:06.177Z","caller":"ipamd/ipamd.go:1003","msg":"hasRoomForEni: networkCard=0, currentENIs=1, currentUsableENIs=1, maxENI=3, unmanagedENI=0, trunkEni=0, excludedENI=0, hasRoom=true"}
{"level":"debug","ts":"2026-10-05T08:41:06.177Z","caller":"ipamd/ipamd.go:2758","msg":"Prefix target is 1, short of 1 prefixes, free 0 prefixes"}
{"level":"debug","ts":"2026-10-05T08:41:06.178Z","caller":"ipamd/ipamd.go:2595","msg":"ToAllocate: 1, Network Card 0"}
{"level":"info","ts":"2026-10-05T08:41:06.178Z","caller":"awsutils/awsutils.go:1044","msg":"Trying to allocate 1 IP addresses on new ENI"}
{"level":"debug","ts":"2026-10-05T08:41:06.178Z","caller":"awsutils/awsutils.go:1044","msg":"PD enabled - true"}
{"level":"debug","ts":"2026-10-05T08:41:06.408Z","caller":"awsutils/awsutils.go:1272","msg":"Primary subnet subnet-EXAMPLE1 has no kubernetes.io/role/cni tag, including it for ENI creation (backwards compatibility)"}
{"level":"info","ts":"2026-10-05T08:41:06.408Z","caller":"awsutils/awsutils.go:1044","msg":"Creating ENI with security groups: [sg-EXAMPLE1] in subnet: subnet-EXAMPLE1"}
{"level":"debug","ts":"2026-10-05T08:41:06.642Z","caller":"awsutils/awsutils.go:1449","msg":"checkAPIErrorAndBroadcastEvent resulted in operation error EC2: CreateNetworkInterface, https response error StatusCode: 400, RequestID: 562238fa-43cd-41f7-868b-324d38605a75, api error InvalidParameterValue: There aren't sufficient free Ipv4 addresses or prefixes"}
{"level":"error","ts":"2026-10-05T08:41:06.642Z","caller":"awsutils/awsutils.go:1285","msg":"Failed to CreateNetworkInterface operation error EC2: CreateNetworkInterface, https response error StatusCode: 400, RequestID: 562238fa-43cd-41f7-868b-324d38605a75, api error InvalidParameterValue: There aren't sufficient free Ipv4 addresses or prefixes for subnet subnet-EXAMPLE1"}
{"level":"debug","ts":"2026-10-05T08:41:06.642Z","caller":"awsutils/awsutils.go:1272","msg":"Subnet subnet-EXAMPLE2 has no kubernetes.io/role/cni tag, excluding it from ENI creation"}
{"level":"error","ts":"2026-10-05T08:41:06.642Z","caller":"ipamd/ipamd.go:1004","msg":"Failed to increase pool size due to not able to allocate ENI AllocENI: failed to create ENI: failed to create network interface: operation error EC2: CreateNetworkInterface, https response error StatusCode: 400, RequestID: 562238fa-43cd-41f7-868b-324d38605a75, api error InvalidParameterValue: There aren't sufficient free Ipv4 addresses or prefixes"}
{"level":"warn","ts":"2026-10-05T08:41:06.642Z","caller":"ipamd/ipamd.go:1004","msg":"Failed to allocate 1 IP addresses on an ENI: AllocENI: failed to create ENI: failed to create network interface: operation error EC2: CreateNetworkInterface, https response error StatusCode: 400, RequestID: 562238fa-43cd-41f7-868b-324d38605a75, api error InvalidParameterValue: There aren't sufficient free Ipv4 addresses or prefixes"}
{"level":"debug","ts":"2026-10-05T08:41:06.642Z","caller":"ipamd/ipamd.go:1082","msg":"containsInsufficientCIDRsOrSubnetIPs encountered AllocENI: failed to create ENI: failed to create network interface: operation error EC2: CreateNetworkInterface, https response error StatusCode: 400, RequestID: 562238fa-43cd-41f7-868b-324d38605a75, api error InvalidParameterValue: There aren't sufficient free Ipv4 addresses or prefixes"}
{"level":"debug","ts":"2026-10-05T08:41:06.642Z","caller":"ipamd/ipamd.go:1082","msg":"Insufficient IP Addresses due to: InvalidParameterValue\n"}
{"level":"debug","ts":"2026-10-05T08:41:06.642Z","caller":"ipamd/ipamd.go:813","msg":"Error trying to allocate ENI: AllocENI: failed to create ENI: failed to create network interface: operation error EC2: CreateNetworkInterface, https response error StatusCode: 400, RequestID: 562238fa-43cd-41f7-868b-324d38605a75, api error InvalidParameterValue: There aren't sufficient free Ipv4 addresses or prefixes"}
{"level":"debug","ts":"2026-10-05T08:41:06.642Z","caller":"ipamd/ipamd.go:1548","msg":"ENI eni-EXAMPLE21 cannot be deleted because it is primary"}
{"level":"debug","ts":"2026-10-05T08:41:11.642Z","caller":"ipamd/ipamd.go:809","msg":"IP pool is too low for Network Card 0: available (0) < ENI target (1) * addrsPerENI (16)"}
{"level":"debug","ts":"2026-10-05T08:41:11.642Z","caller":"ipamd/ipamd.go:2689","msg":"Prefix pool stats for network card 0: Total IPs/Prefixes = 0/0, AssignedIPs/CooldownIPs: 0/0, c.maxIPsPerENI = 80"}
{"level":"debug","ts":"2026-10-05T08:41:11.642Z","caller":"ipamd/ipamd.go:795","msg":"IP stats for Network Card 0 - total IPs: 0, assigned IPs: 0, cooldown IPs: 0"}
{"level":"debug","ts":"2026-10-05T08:41:11.642Z","caller":"ipamd/ipamd.go:813","msg":"Starting to increase pool size for network card 0"}
{"level":"debug","ts":"2026-10-05T08:41:11.643Z","caller":"ipamd/ipamd.go:966","msg":"Node found \"ip-10-20-0-45.ec2.internal\" - no of taints - 0"}
{"level":"debug","ts":"2026-10-05T08:41:11.643Z","caller":"ipamd/ipamd.go:2758","msg":"Prefix target is 1, short of 1 prefixes, free 0 prefixes"}
{"level":"debug","ts":"2026-10-05T08:41:11.643Z","caller":"ipamd/ipamd.go:1248","msg":"ToAllocate: 1, Network Card 0"}
{"level":"debug","ts":"2026-10-05T08:41:11.643Z","caller":"ipamd/ipamd.go:1251","msg":"Found ENI eni-EXAMPLE21 that has less than the maximum number of IP/Prefixes addresses allocated: cur=0, max=5"}
{"level":"info","ts":"2026-10-05T08:41:11.643Z","caller":"ipamd/ipamd.go:1255","msg":"Trying to allocate 1 IP addresses on ENI eni-EXAMPLE21"}
{"level":"debug","ts":"2026-10-05T08:41:11.643Z","caller":"ipamd/ipamd.go:1255","msg":"PD enabled - true"}
{"level":"info","ts":"2026-10-05T08:41:11.697Z","caller":"rpc/rpc_grpc.pb.go:117","msg":"Received AddNetwork for NS /var/run/netns/cni-85ef6fc6-66bc-7d0b-9d2c-9e303b94db66, Sandbox ee013f3b5a0b547e8246e521408f8e1883dae482b1964f3e9b754fca81168326, ifname eth0"}
{"level":"debug","ts":"2026-10-05T08:41:11.697Z","caller":"rpc/rpc_grpc.pb.go:117","msg":"AddNetworkRequest: K8S_POD_NAME:\"coredns-79f8dffc57-fwslz\"  K8S_POD_NAMESPACE:\"kube-system\"  K8S_POD_INFRA_CONTAINER_ID:\"ee013f3b5a0b547e8246e521408f8e1883dae482b1964f3e9b754fca81168326\"  ContainerID:\"ee013f3b5a0b547e8246e521408f8e1883dae482b1964f3e9b754fca81168326\"  IfName:\"eth0\"  NetworkName:\"aws-cni\"  Netns:\"/var/run/netns/cni-85ef6fc6-66bc-7d0b-9d2c-9e303b94db66\""}
{"level":"info","ts":"2026-10-05T08:41:11.697Z","caller":"rpc/rpc_grpc.pb.go:117","msg":"Required MultiNIC access false, interfaces required 1"}
{"level":"debug","ts":"2026-10-05T08:41:11.697Z","caller":"datastore/data_store.go:713","msg":"AssignPodIPv4Address: IP address pool stats: total 0, assigned 0"}
{"level":"debug","ts":"2026-10-05T08:41:11.697Z","caller":"datastore/data_store.go:713","msg":"AssignPodIPv4Address: ENI eni-EXAMPLE21 does not have available addresses"}
{"level":"error","ts":"2026-10-05T08:41:11.697Z","caller":"datastore/data_store.go:713","msg":"DataStore has no available IP/Prefix addresses"}
{"level":"warn","ts":"2026-10-05T08:41:11.697Z","caller":"rpc/rpc_grpc.pb.go:117","msg":"Failed to assign IPs from network card 0: AssignPodIPAddress: no available IP/Prefix addresses"}
{"level":"error","ts":"2026-10-05T08:41:11.697Z","caller":"rpc/rpc_grpc.pb.go:117","msg":"Returning failure response for AddNetwork: 1 error occurred:\n\t* AssignPodIPAddress: no available IP/Prefix addresses\n\n"}
{"level":"info","ts":"2026-10-05T08:41:11.697Z","caller":"rpc/rpc_grpc.pb.go:117","msg":"Send AddNetworkReply: Success: false IPAddr: [], resp: , err: AssignPodIPAddress: no available IP/Prefix addresses"}
{"level":"info","ts":"2026-10-05T08:41:11.721Z","caller":"rpc/rpc_grpc.pb.go:135","msg":"Received DelNetwork for Sandbox ee013f3b5a0b547e8246e521408f8e1883dae482b1964f3e9b754fca81168326"}
{"level":"debug","ts":"2026-10-05T08:41:11.721Z","caller":"rpc/rpc_grpc.pb.go:135","msg":"DelNetworkRequest: K8S_POD_NAME:\"coredns-79f8dffc57-fwslz\"  K8S_POD_NAMESPACE:\"kube-system\"  K8S_POD_INFRA_CONTAINER_ID:\"ee013f3b5a0b547e8246e521408f8e1883dae482b1964f3e9b754fca81168326\"  Reason:\"PodDeleted\"  ContainerID:\"ee013f3b5a0b547e8246e521408f8e1883dae482b1964f3e9b754fca81168326\"  IfName:\"eth0\"  NetworkName:\"aws-cni\"  K8S_POD_UID:\"ad241f1d-d89e-4886-8d30-e22384a0b925\""}
{"level":"debug","ts":"2026-10-05T08:41:11.721Z","caller":"ipamd/rpc_handler.go:353","msg":"UnassignPodIPAddress: IP address pool stats: total 0, assigned 0, sandbox aws-cni/ee013f3b5a0b547e8246e521408f8e1883dae482b1964f3e9b754fca81168326/eth0"}
{"level":"debug","ts":"2026-10-05T08:41:11.721Z","caller":"ipamd/rpc_handler.go:353","msg":"UnassignPodIPAddress: Failed to find IPAM entry under full key, trying CRI-migrated version"}
{"level":"warn","ts":"2026-10-05T08:41:11.721Z","caller":"ipamd/rpc_handler.go:353","msg":"UnassignPodIPAddress: Failed to find sandbox _migrated-from-cri/ee013f3b5a0b547e8246e521408f8e1883dae482b1964f3e9b754fca81168326/unknown"}
{"level":"info","ts":"2026-10-05T08:41:11.721Z","caller":"rpc/rpc_grpc.pb.go:135","msg":"Send DelNetworkReply: IPAddress: [], err: 1 error occurred:\n\t* datastore: unknown pod\n\n"}
{"level":"debug","ts":"2026-10-05T08:41:12.132Z","caller":"awsutils/awsutils.go:2174","msg":"checkAPIErrorAndBroadcastEvent resulted in operation error EC2: AssignPrivateIpAddresses, https response error StatusCode: 400, RequestID: 1e6ee0b5-01c3-40d3-bfe8-6ab0485be86f, api error InsufficientCidrBlocks: The specified subnet does not have enough free cidr blocks to satisfy the request."}
{"level":"error","ts":"2026-10-05T08:41:12.132Z","caller":"ipamd/ipamd.go:1255","msg":"Failed to allocate a private IP/Prefix addresses on ENI eni-EXAMPLE21: operation error EC2: AssignPrivateIpAddresses, https response error StatusCode: 400, RequestID: 1e6ee0b5-01c3-40d3-bfe8-6ab0485be86f, api error InsufficientCidrBlocks: The specified subnet does not have enough free cidr blocks to satisfy the request."}
{"level":"debug","ts":"2026-10-05T08:41:12.132Z","caller":"ipamd/ipamd.go:1256","msg":"containsPrivateIPAddressLimitExceededError encountered operation error EC2: AssignPrivateIpAddresses, https response error StatusCode: 400, RequestID: 1e6ee0b5-01c3-40d3-bfe8-6ab0485be86f, api error InsufficientCidrBlocks: The specified subnet does not have enough free cidr blocks to satisfy the request."}
{"level":"warn","ts":"2026-10-05T08:41:12.132Z","caller":"ipamd/ipamd.go:1113","msg":"failed to allocate all available IPv4 Prefixes on ENI eni-EXAMPLE21, err: operation error EC2: AssignPrivateIpAddresses, https response error StatusCode: 400, RequestID: 1e6ee0b5-01c3-40d3-bfe8-6ab0485be86f, api error InsufficientCidrBlocks: The specified subnet does not have enough free cidr blocks to satisfy the request."}
{"level":"info","ts":"2026-10-05T08:41:12.132Z","caller":"ipamd/ipamd.go:1259","msg":"Trying to allocate 1 IP addresses on ENI eni-EXAMPLE21"}
{"level":"debug","ts":"2026-10-05T08:41:12.132Z","caller":"ipamd/ipamd.go:1259","msg":"PD enabled - true"}
{"level":"debug","ts":"2026-10-05T08:41:12.548Z","caller":"awsutils/awsutils.go:2174","msg":"checkAPIErrorAndBroadcastEvent resulted in operation error EC2: AssignPrivateIpAddresses, https response error StatusCode: 400, RequestID: 590cff58-234d-4be7-b6b2-304c69e4db58, api error InsufficientCidrBlocks: The specified subnet does not have enough free cidr blocks to satisfy the request."}
{"level":"error","ts":"2026-10-05T08:41:12.548Z","caller":"ipamd/ipamd.go:1259","msg":"Failed to allocate a private IP/Prefix addresses on ENI eni-EXAMPLE21: operation error EC2: AssignPrivateIpAddresses, https response error StatusCode: 400, RequestID: 590cff58-234d-4be7-b6b2-304c69e4db58, api error InsufficientCidrBlocks: The specified subnet does not have enough free cidr blocks to satisfy the request."}
{"level":"debug","ts":"2026-10-05T08:41:12.548Z","caller":"ipamd/ipamd.go:1260","msg":"containsPrivateIPAddressLimitExceededError encountered operation error EC2: AssignPrivateIpAddresses, https response error StatusCode: 400, RequestID: 590cff58-234d-4be7-b6b2-304c69e4db58, api error InsufficientCidrBlocks: The specified subnet does not have enough free cidr blocks to satisfy the request."}
{"level":"debug","ts":"2026-10-05T08:41:12.548Z","caller":"ipamd/ipamd.go:1262","msg":"containsInsufficientCIDRsOrSubnetIPs encountered operation error EC2: AssignPrivateIpAddresses, https response error StatusCode: 400, RequestID: 590cff58-234d-4be7-b6b2-304c69e4db58, api error InsufficientCidrBlocks: The specified subnet does not have enough free cidr blocks to satisfy the request."}
{"level":"debug","ts":"2026-10-05T08:41:12.548Z","caller":"ipamd/ipamd.go:1262","msg":"Insufficient IP Addresses due to: InsufficientCidrBlocks\n"}
{"level":"debug","ts":"2026-10-05T08:41:12.548Z","caller":"ipamd/ipamd.go:1003","msg":"hasRoomForEni: networkCard=0, currentENIs=1, currentUsableENIs=1, maxENI=3, unmanagedENI=0, trunkEni=0, excludedENI=0, hasRoom=true"}
{"level":"debug","ts":"2026-10-05T08:41:12.548Z","caller":"ipamd/ipamd.go:2758","msg":"Prefix target is 1, short of 1 prefixes, free 0 prefixes"}
{"level":"debug","ts":"2026-10-05T08:41:12.548Z","caller":"ipamd/ipamd.go:2595","msg":"ToAllocate: 1, Network Card 0"}
{"level":"info","ts":"2026-10-05T08:41:12.548Z","caller":"awsutils/awsutils.go:1044","msg":"Trying to allocate 1 IP addresses on new ENI"}
{"level":"debug","ts":"2026-10-05T08:41:12.548Z","caller":"awsutils/awsutils.go:1044","msg":"PD enabled - true"}
{"level":"debug","ts":"2026-10-05T08:41:12.799Z","caller":"awsutils/awsutils.go:1272","msg":"Primary subnet subnet-EXAMPLE1 has no kubernetes.io/role/cni tag, including it for ENI creation (backwards compatibility)"}
{"level":"info","ts":"2026-10-05T08:41:12.799Z","caller":"awsutils/awsutils.go:1044","msg":"Creating ENI with security groups: [sg-EXAMPLE1] in subnet: subnet-EXAMPLE1"}
{"level":"debug","ts":"2026-10-05T08:41:13.102Z","caller":"awsutils/awsutils.go:1449","msg":"checkAPIErrorAndBroadcastEvent resulted in operation error EC2: CreateNetworkInterface, https response error StatusCode: 400, RequestID: 229dd0f9-33fb-4338-97e8-f8e5c4cd59d8, api error InvalidParameterValue: There aren't sufficient free Ipv4 addresses or prefixes"}
{"level":"error","ts":"2026-10-05T08:41:13.102Z","caller":"awsutils/awsutils.go:1285","msg":"Failed to CreateNetworkInterface operation error EC2: CreateNetworkInterface, https response error StatusCode: 400, RequestID: 229dd0f9-33fb-4338-97e8-f8e5c4cd59d8, api error InvalidParameterValue: There aren't sufficient free Ipv4 addresses or prefixes for subnet subnet-EXAMPLE1"}
{"level":"debug","ts":"2026-10-05T08:41:13.102Z","caller":"awsutils/awsutils.go:1272","msg":"Subnet subnet-EXAMPLE2 has no kubernetes.io/role/cni tag, excluding it from ENI creation"}
{"level":"error","ts":"2026-10-05T08:41:13.102Z","caller":"ipamd/ipamd.go:1004","msg":"Failed to increase pool size due to not able to allocate ENI AllocENI: failed to create ENI: failed to create network interface: operation error EC2: CreateNetworkInterface, https response error StatusCode: 400, RequestID: 229dd0f9-33fb-4338-97e8-f8e5c4cd59d8, api error InvalidParameterValue: There aren't sufficient free Ipv4 addresses or prefixes"}
{"level":"warn","ts":"2026-10-05T08:41:13.102Z","caller":"ipamd/ipamd.go:1004","msg":"Failed to allocate 1 IP addresses on an ENI: AllocENI: failed to create ENI: failed to create network interface: operation error EC2: CreateNetworkInterface, https response error StatusCode: 400, RequestID: 229dd0f9-33fb-4338-97e8-f8e5c4cd59d8, api error InvalidParameterValue: There aren't sufficient free Ipv4 addresses or prefixes"}
{"level":"debug","ts":"2026-10-05T08:41:13.102Z","caller":"ipamd/ipamd.go:1082","msg":"containsInsufficientCIDRsOrSubnetIPs encountered AllocENI: failed to create ENI: failed to create network interface: operation error EC2: CreateNetworkInterface, https response error StatusCode: 400, RequestID: 229dd0f9-33fb-4338-97e8-f8e5c4cd59d8, api error InvalidParameterValue: There aren't sufficient free Ipv4 addresses or prefixes"}
{"level":"debug","ts":"2026-10-05T08:41:13.102Z","caller":"ipamd/ipamd.go:1082","msg":"Insufficient IP Addresses due to: InvalidParameterValue\n"}
{"level":"debug","ts":"2026-10-05T08:41:13.102Z","caller":"ipamd/ipamd.go:813","msg":"Error trying to allocate ENI: AllocENI: failed to create ENI: failed to create network interface: operation error EC2: CreateNetworkInterface, https response error StatusCode: 400, RequestID: 229dd0f9-33fb-4338-97e8-f8e5c4cd59d8, api error InvalidParameterValue: There aren't sufficient free Ipv4 addresses or prefixes"}
{"level":"debug","ts":"2026-10-05T08:41:13.102Z","caller":"ipamd/ipamd.go:1548","msg":"ENI eni-EXAMPLE21 cannot be deleted because it is primary"}
{"level":"info","ts":"2026-10-05T08:41:13.696Z","caller":"rpc/rpc_grpc.pb.go:117","msg":"Received AddNetwork for NS /var/run/netns/cni-e5e73053-950c-5811-9cad-09c858d29dca, Sandbox 1dfdfa2f16ced3b18eb3d1830f97ac48e2872a3da1b6b179f9cfd20f515f9595, ifname eth0"}
{"level":"debug","ts":"2026-10-05T08:41:13.696Z","caller":"rpc/rpc_grpc.pb.go:117","msg":"AddNetworkRequest: K8S_POD_NAME:\"coredns-79f8dffc57-cv2lj\"  K8S_POD_NAMESPACE:\"kube-system\"  K8S_POD_INFRA_CONTAINER_ID:\"1dfdfa2f16ced3b18eb3d1830f97ac48e2872a3da1b6b179f9cfd20f515f9595\"  ContainerID:\"1dfdfa2f16ced3b18eb3d1830f97ac48e2872a3da1b6b179f9cfd20f515f9595\"  IfName:\"eth0\"  NetworkName:\"aws-cni\"  Netns:\"/var/run/netns/cni-e5e73053-950c-5811-9cad-09c858d29dca\""}
{"level":"info","ts":"2026-10-05T08:41:13.696Z","caller":"rpc/rpc_grpc.pb.go:117","msg":"Required MultiNIC access false, interfaces required 1"}
{"level":"debug","ts":"2026-10-05T08:41:13.696Z","caller":"datastore/data_store.go:713","msg":"AssignPodIPv4Address: IP address pool stats: total 0, assigned 0"}
{"level":"debug","ts":"2026-10-05T08:41:13.696Z","caller":"datastore/data_store.go:713","msg":"AssignPodIPv4Address: ENI eni-EXAMPLE21 does not have available addresses"}
{"level":"error","ts":"2026-10-05T08:41:13.696Z","caller":"datastore/data_store.go:713","msg":"DataStore has no available IP/Prefix addresses"}
{"level":"warn","ts":"2026-10-05T08:41:13.696Z","caller":"rpc/rpc_grpc.pb.go:117","msg":"Failed to assign IPs from network card 0: AssignPodIPAddress: no available IP/Prefix addresses"}
{"level":"error","ts":"2026-10-05T08:41:13.696Z","caller":"rpc/rpc_grpc.pb.go:117","msg":"Returning failure response for AddNetwork: 1 error occurred:\n\t* AssignPodIPAddress: no available IP/Prefix addresses\n\n"}
{"level":"info","ts":"2026-10-05T08:41:13.696Z","caller":"rpc/rpc_grpc.pb.go:117","msg":"Send AddNetworkReply: Success: false IPAddr: [], resp: , err: AssignPodIPAddress: no available IP/Prefix addresses"}
{"level":"info","ts":"2026-10-05T08:41:13.720Z","caller":"rpc/rpc_grpc.pb.go:135","msg":"Received DelNetwork for Sandbox 1dfdfa2f16ced3b18eb3d1830f97ac48e2872a3da1b6b179f9cfd20f515f9595"}
{"level":"debug","ts":"2026-10-05T08:41:13.720Z","caller":"rpc/rpc_grpc.pb.go:135","msg":"DelNetworkRequest: K8S_POD_NAME:\"coredns-79f8dffc57-cv2lj\"  K8S_POD_NAMESPACE:\"kube-system\"  K8S_POD_INFRA_CONTAINER_ID:\"1dfdfa2f16ced3b18eb3d1830f97ac48e2872a3da1b6b179f9cfd20f515f9595\"  Reason:\"PodDeleted\"  ContainerID:\"1dfdfa2f16ced3b18eb3d1830f97ac48e2872a3da1b6b179f9cfd20f515f9595\"  IfName:\"eth0\"  NetworkName:\"aws-cni\"  K8S_POD_UID:\"080397ba-9aa0-4db1-b449-5fe2b0811692\""}
{"level":"debug","ts":"2026-10-05T08:41:13.720Z","caller":"ipamd/rpc_handler.go:353","msg":"UnassignPodIPAddress: IP address pool stats: total 0, assigned 0, sandbox aws-cni/1dfdfa2f16ced3b18eb3d1830f97ac48e2872a3da1b6b179f9cfd20f515f9595/eth0"}
{"level":"debug","ts":"2026-10-05T08:41:13.720Z","caller":"ipamd/rpc_handler.go:353","msg":"UnassignPodIPAddress: Failed to find IPAM entry under full key, trying CRI-migrated version"}
{"level":"warn","ts":"2026-10-05T08:41:13.720Z","caller":"ipamd/rpc_handler.go:353","msg":"UnassignPodIPAddress: Failed to find sandbox _migrated-from-cri/1dfdfa2f16ced3b18eb3d1830f97ac48e2872a3da1b6b179f9cfd20f515f9595/unknown"}
{"level":"info","ts":"2026-10-05T08:41:13.720Z","caller":"rpc/rpc_grpc.pb.go:135","msg":"Send DelNetworkReply: IPAddress: [], err: 1 error occurred:\n\t* datastore: unknown pod\n\n"}
{"level":"debug","ts":"2026-10-05T08:41:18.103Z","caller":"ipamd/ipamd.go:809","msg":"IP pool is too low for Network Card 0: available (0) < ENI target (1) * addrsPerENI (16)"}
{"level":"debug","ts":"2026-10-05T08:41:18.103Z","caller":"ipamd/ipamd.go:2689","msg":"Prefix pool stats for network card 0: Total IPs/Prefixes = 0/0, AssignedIPs/CooldownIPs: 0/0, c.maxIPsPerENI = 80"}
{"level":"debug","ts":"2026-10-05T08:41:18.103Z","caller":"ipamd/ipamd.go:795","msg":"IP stats for Network Card 0 - total IPs: 0, assigned IPs: 0, cooldown IPs: 0"}
{"level":"debug","ts":"2026-10-05T08:41:18.103Z","caller":"ipamd/ipamd.go:813","msg":"Starting to increase pool size for network card 0"}
{"level":"debug","ts":"2026-10-05T08:41:18.103Z","caller":"ipamd/ipamd.go:966","msg":"Node found \"ip-10-20-0-45.ec2.internal\" - no of taints - 0"}
{"level":"debug","ts":"2026-10-05T08:41:18.103Z","caller":"ipamd/ipamd.go:2758","msg":"Prefix target is 1, short of 1 prefixes, free 0 prefixes"}
{"level":"debug","ts":"2026-10-05T08:41:18.103Z","caller":"ipamd/ipamd.go:1248","msg":"ToAllocate: 1, Network Card 0"}
{"level":"debug","ts":"2026-10-05T08:41:18.103Z","caller":"ipamd/ipamd.go:1251","msg":"Found ENI eni-EXAMPLE21 that has less than the maximum number of IP/Prefixes addresses allocated: cur=0, max=5"}
{"level":"info","ts":"2026-10-05T08:41:18.103Z","caller":"ipamd/ipamd.go:1255","msg":"Trying to allocate 1 IP addresses on ENI eni-EXAMPLE21"}
{"level":"debug","ts":"2026-10-05T08:41:18.103Z","caller":"ipamd/ipamd.go:1255","msg":"PD enabled - true"}
{"level":"debug","ts":"2026-10-05T08:41:18.482Z","caller":"awsutils/awsutils.go:2174","msg":"checkAPIErrorAndBroadcastEvent resulted in operation error EC2: AssignPrivateIpAddresses, https response error StatusCode: 400, RequestID: c71d4977-9342-40a9-880c-0239a7c5e3b2, api error InsufficientCidrBlocks: The specified subnet does not have enough free cidr blocks to satisfy the request."}
{"level":"error","ts":"2026-10-05T08:41:18.483Z","caller":"ipamd/ipamd.go:1255","msg":"Failed to allocate a private IP/Prefix addresses on ENI eni-EXAMPLE21: operation error EC2: AssignPrivateIpAddresses, https response error StatusCode: 400, RequestID: c71d4977-9342-40a9-880c-0239a7c5e3b2, api error InsufficientCidrBlocks: The specified subnet does not have enough free cidr blocks to satisfy the request."}
{"level":"debug","ts":"2026-10-05T08:41:18.483Z","caller":"ipamd/ipamd.go:1256","msg":"containsPrivateIPAddressLimitExceededError encountered operation error EC2: AssignPrivateIpAddresses, https response error StatusCode: 400, RequestID: c71d4977-9342-40a9-880c-0239a7c5e3b2, api error InsufficientCidrBlocks: The specified subnet does not have enough free cidr blocks to satisfy the request."}
{"level":"warn","ts":"2026-10-05T08:41:18.483Z","caller":"ipamd/ipamd.go:1113","msg":"failed to allocate all available IPv4 Prefixes on ENI eni-EXAMPLE21, err: operation error EC2: AssignPrivateIpAddresses, https response error StatusCode: 400, RequestID: c71d4977-9342-40a9-880c-0239a7c5e3b2, api error InsufficientCidrBlocks: The specified subnet does not have enough free cidr blocks to satisfy the request."}
{"level":"info","ts":"2026-10-05T08:41:18.483Z","caller":"ipamd/ipamd.go:1259","msg":"Trying to allocate 1 IP addresses on ENI eni-EXAMPLE21"}
{"level":"debug","ts":"2026-10-05T08:41:18.483Z","caller":"ipamd/ipamd.go:1259","msg":"PD enabled - true"}
{"level":"debug","ts":"2026-10-05T08:41:18.937Z","caller":"awsutils/awsutils.go:2174","msg":"checkAPIErrorAndBroadcastEvent resulted in operation error EC2: AssignPrivateIpAddresses, https response error StatusCode: 400, RequestID: cbaa4d5a-2db6-4f67-a400-3d4996270bfe, api error InsufficientCidrBlocks: The specified subnet does not have enough free cidr blocks to satisfy the request."}
{"level":"error","ts":"2026-10-05T08:41:18.937Z","caller":"ipamd/ipamd.go:1259","msg":"Failed to allocate a private IP/Prefix addresses on ENI eni-EXAMPLE21: operation error EC2: AssignPrivateIpAddresses, https response error StatusCode: 400, RequestID: cbaa4d5a-2db6-4f67-a400-3d4996270bfe, api error InsufficientCidrBlocks: The specified subnet does not have enough free cidr blocks to satisfy the request."}
{"level":"debug","ts":"2026-10-05T08:41:18.937Z","caller":"ipamd/ipamd.go:1260","msg":"containsPrivateIPAddressLimitExceededError encountered operation error EC2: AssignPrivateIpAddresses, https response error StatusCode: 400, RequestID: cbaa4d5a-2db6-4f67-a400-3d4996270bfe, api error InsufficientCidrBlocks: The specified subnet does not have enough free cidr blocks to satisfy the request."}
{"level":"debug","ts":"2026-10-05T08:41:18.937Z","caller":"ipamd/ipamd.go:1262","msg":"containsInsufficientCIDRsOrSubnetIPs encountered operation error EC2: AssignPrivateIpAddresses, https response error StatusCode: 400, RequestID: cbaa4d5a-2db6-4f67-a400-3d4996270bfe, api error InsufficientCidrBlocks: The specified subnet does not have enough free cidr blocks to satisfy the request."}
{"level":"debug","ts":"2026-10-05T08:41:18.937Z","caller":"ipamd/ipamd.go:1262","msg":"Insufficient IP Addresses due to: InsufficientCidrBlocks\n"}
{"level":"debug","ts":"2026-10-05T08:41:18.937Z","caller":"ipamd/ipamd.go:1003","msg":"hasRoomForEni: networkCard=0, currentENIs=1, currentUsableENIs=1, maxENI=3, unmanagedENI=0, trunkEni=0, excludedENI=0, hasRoom=true"}
{"level":"debug","ts":"2026-10-05T08:41:18.937Z","caller":"ipamd/ipamd.go:2758","msg":"Prefix target is 1, short of 1 prefixes, free 0 prefixes"}
{"level":"debug","ts":"2026-10-05T08:41:18.937Z","caller":"ipamd/ipamd.go:2595","msg":"ToAllocate: 1, Network Card 0"}
{"level":"info","ts":"2026-10-05T08:41:18.937Z","caller":"awsutils/awsutils.go:1044","msg":"Trying to allocate 1 IP addresses on new ENI"}
{"level":"debug","ts":"2026-10-05T08:41:18.937Z","caller":"awsutils/awsutils.go:1044","msg":"PD enabled - true"}
{"level":"debug","ts":"2026-10-05T08:41:19.147Z","caller":"awsutils/awsutils.go:1272","msg":"Primary subnet subnet-EXAMPLE1 has no kubernetes.io/role/cni tag, including it for ENI creation (backwards compatibility)"}
{"level":"info","ts":"2026-10-05T08:41:19.147Z","caller":"awsutils/awsutils.go:1044","msg":"Creating ENI with security groups: [sg-EXAMPLE1] in subnet: subnet-EXAMPLE1"}
{"level":"debug","ts":"2026-10-05T08:41:19.357Z","caller":"awsutils/awsutils.go:1449","msg":"checkAPIErrorAndBroadcastEvent resulted in operation error EC2: CreateNetworkInterface, https response error StatusCode: 400, RequestID: 8ee18a31-e133-472f-91c6-a56569ff8274, api error InvalidParameterValue: There aren't sufficient free Ipv4 addresses or prefixes"}
{"level":"error","ts":"2026-10-05T08:41:19.357Z","caller":"awsutils/awsutils.go:1285","msg":"Failed to CreateNetworkInterface operation error EC2: CreateNetworkInterface, https response error StatusCode: 400, RequestID: 8ee18a31-e133-472f-91c6-a56569ff8274, api error InvalidParameterValue: There aren't sufficient free Ipv4 addresses or prefixes for subnet subnet-EXAMPLE1"}
{"level":"debug","ts":"2026-10-05T08:41:19.357Z","caller":"awsutils/awsutils.go:1272","msg":"Subnet subnet-EXAMPLE2 has no kubernetes.io/role/cni tag, excluding it from ENI creation"}
{"level":"error","ts":"2026-10-05T08:41:19.357Z","caller":"ipamd/ipamd.go:1004","msg":"Failed to increase pool size due to not able to allocate ENI AllocENI: failed to create ENI: failed to create network interface: operation error EC2: CreateNetworkInterface, https response error StatusCode: 400, RequestID: 8ee18a31-e133-472f-91c6-a56569ff8274, api error InvalidParameterValue: There aren't sufficient free Ipv4 addresses or prefixes"}
{"level":"warn","ts":"2026-10-05T08:41:19.357Z","caller":"ipamd/ipamd.go:1004","msg":"Failed to allocate 1 IP addresses on an ENI: AllocENI: failed to create ENI: failed to create network interface: operation error EC2: CreateNetworkInterface, https response error StatusCode: 400, RequestID: 8ee18a31-e133-472f-91c6-a56569ff8274, api error InvalidParameterValue: There aren't sufficient free Ipv4 addresses or prefixes"}
{"level":"debug","ts":"2026-10-05T08:41:19.357Z","caller":"ipamd/ipamd.go:1082","msg":"containsInsufficientCIDRsOrSubnetIPs encountered AllocENI: failed to create ENI: failed to create network interface: operation error EC2: CreateNetworkInterface, https response error StatusCode: 400, RequestID: 8ee18a31-e133-472f-91c6-a56569ff8274, api error InvalidParameterValue: There aren't sufficient free Ipv4 addresses or prefixes"}
{"level":"debug","ts":"2026-10-05T08:41:19.357Z","caller":"ipamd/ipamd.go:1082","msg":"Insufficient IP Addresses due to: InvalidParameterValue\n"}
{"level":"debug","ts":"2026-10-05T08:41:19.357Z","caller":"ipamd/ipamd.go:813","msg":"Error trying to allocate ENI: AllocENI: failed to create ENI: failed to create network interface: operation error EC2: CreateNetworkInterface, https response error StatusCode: 400, RequestID: 8ee18a31-e133-472f-91c6-a56569ff8274, api error InvalidParameterValue: There aren't sufficient free Ipv4 addresses or prefixes"}
{"level":"debug","ts":"2026-10-05T08:41:19.357Z","caller":"ipamd/ipamd.go:1548","msg":"ENI eni-EXAMPLE21 cannot be deleted because it is primary"}
{"level":"info","ts":"2026-10-05T08:41:23.697Z","caller":"rpc/rpc_grpc.pb.go:117","msg":"Received AddNetwork for NS /var/run/netns/cni-03198cbd-3929-0766-295c-ed6aa2f373ff, Sandbox 2952e2cbab8dc772614bbaea2f30271ca3b0ee07769bda03b34f1f506ed3d1ca, ifname eth0"}
{"level":"debug","ts":"2026-10-05T08:41:23.697Z","caller":"rpc/rpc_grpc.pb.go:117","msg":"AddNetworkRequest: K8S_POD_NAME:\"coredns-79f8dffc57-fwslz\"  K8S_POD_NAMESPACE:\"kube-system\"  K8S_POD_INFRA_CONTAINER_ID:\"2952e2cbab8dc772614bbaea2f30271ca3b0ee07769bda03b34f1f506ed3d1ca\"  ContainerID:\"2952e2cbab8dc772614bbaea2f30271ca3b0ee07769bda03b34f1f506ed3d1ca\"  IfName:\"eth0\"  NetworkName:\"aws-cni\"  Netns:\"/var/run/netns/cni-03198cbd-3929-0766-295c-ed6aa2f373ff\""}
{"level":"info","ts":"2026-10-05T08:41:23.697Z","caller":"rpc/rpc_grpc.pb.go:117","msg":"Required MultiNIC access false, interfaces required 1"}
{"level":"debug","ts":"2026-10-05T08:41:23.697Z","caller":"datastore/data_store.go:713","msg":"AssignPodIPv4Address: IP address pool stats: total 0, assigned 0"}
{"level":"debug","ts":"2026-10-05T08:41:23.697Z","caller":"datastore/data_store.go:713","msg":"AssignPodIPv4Address: ENI eni-EXAMPLE21 does not have available addresses"}
{"level":"error","ts":"2026-10-05T08:41:23.697Z","caller":"datastore/data_store.go:713","msg":"DataStore has no available IP/Prefix addresses"}
{"level":"warn","ts":"2026-10-05T08:41:23.697Z","caller":"rpc/rpc_grpc.pb.go:117","msg":"Failed to assign IPs from network card 0: AssignPodIPAddress: no available IP/Prefix addresses"}
{"level":"error","ts":"2026-10-05T08:41:23.697Z","caller":"rpc/rpc_grpc.pb.go:117","msg":"Returning failure response for AddNetwork: 1 error occurred:\n\t* AssignPodIPAddress: no available IP/Prefix addresses\n\n"}
{"level":"info","ts":"2026-10-05T08:41:23.697Z","caller":"rpc/rpc_grpc.pb.go:117","msg":"Send AddNetworkReply: Success: false IPAddr: [], resp: , err: AssignPodIPAddress: no available IP/Prefix addresses"}
{"level":"info","ts":"2026-10-05T08:41:23.722Z","caller":"rpc/rpc_grpc.pb.go:135","msg":"Received DelNetwork for Sandbox 2952e2cbab8dc772614bbaea2f30271ca3b0ee07769bda03b34f1f506ed3d1ca"}
{"level":"debug","ts":"2026-10-05T08:41:23.722Z","caller":"rpc/rpc_grpc.pb.go:135","msg":"DelNetworkRequest: K8S_POD_NAME:\"coredns-79f8dffc57-fwslz\"  K8S_POD_NAMESPACE:\"kube-system\"  K8S_POD_INFRA_CONTAINER_ID:\"2952e2cbab8dc772614bbaea2f30271ca3b0ee07769bda03b34f1f506ed3d1ca\"  Reason:\"PodDeleted\"  ContainerID:\"2952e2cbab8dc772614bbaea2f30271ca3b0ee07769bda03b34f1f506ed3d1ca\"  IfName:\"eth0\"  NetworkName:\"aws-cni\"  K8S_POD_UID:\"ad241f1d-d89e-4886-8d30-e22384a0b925\""}
{"level":"debug","ts":"2026-10-05T08:41:23.722Z","caller":"ipamd/rpc_handler.go:353","msg":"UnassignPodIPAddress: IP address pool stats: total 0, assigned 0, sandbox aws-cni/2952e2cbab8dc772614bbaea2f30271ca3b0ee07769bda03b34f1f506ed3d1ca/eth0"}
{"level":"debug","ts":"2026-10-05T08:41:23.722Z","caller":"ipamd/rpc_handler.go:353","msg":"UnassignPodIPAddress: Failed to find IPAM entry under full key, trying CRI-migrated version"}
{"level":"warn","ts":"2026-10-05T08:41:23.722Z","caller":"ipamd/rpc_handler.go:353","msg":"UnassignPodIPAddress: Failed to find sandbox _migrated-from-cri/2952e2cbab8dc772614bbaea2f30271ca3b0ee07769bda03b34f1f506ed3d1ca/unknown"}
{"level":"info","ts":"2026-10-05T08:41:23.722Z","caller":"rpc/rpc_grpc.pb.go:135","msg":"Send DelNetworkReply: IPAddress: [], err: 1 error occurred:\n\t* datastore: unknown pod\n\n"}
{"level":"debug","ts":"2026-10-05T08:41:24.358Z","caller":"ipamd/ipamd.go:809","msg":"IP pool is too low for Network Card 0: available (0) < ENI target (1) * addrsPerENI (16)"}
{"level":"debug","ts":"2026-10-05T08:41:24.358Z","caller":"ipamd/ipamd.go:2689","msg":"Prefix pool stats for network card 0: Total IPs/Prefixes = 0/0, AssignedIPs/CooldownIPs: 0/0, c.maxIPsPerENI = 80"}
{"level":"debug","ts":"2026-10-05T08:41:24.358Z","caller":"ipamd/ipamd.go:795","msg":"IP stats for Network Card 0 - total IPs: 0, assigned IPs: 0, cooldown IPs: 0"}
{"level":"debug","ts":"2026-10-05T08:41:24.358Z","caller":"ipamd/ipamd.go:813","msg":"Starting to increase pool size for network card 0"}
{"level":"debug","ts":"2026-10-05T08:41:24.358Z","caller":"ipamd/ipamd.go:966","msg":"Node found \"ip-10-20-0-45.ec2.internal\" - no of taints - 0"}
{"level":"debug","ts":"2026-10-05T08:41:24.358Z","caller":"ipamd/ipamd.go:2758","msg":"Prefix target is 1, short of 1 prefixes, free 0 prefixes"}
{"level":"debug","ts":"2026-10-05T08:41:24.358Z","caller":"ipamd/ipamd.go:1248","msg":"ToAllocate: 1, Network Card 0"}
{"level":"debug","ts":"2026-10-05T08:41:24.358Z","caller":"ipamd/ipamd.go:1251","msg":"Found ENI eni-EXAMPLE21 that has less than the maximum number of IP/Prefixes addresses allocated: cur=0, max=5"}
{"level":"info","ts":"2026-10-05T08:41:24.358Z","caller":"ipamd/ipamd.go:1255","msg":"Trying to allocate 1 IP addresses on ENI eni-EXAMPLE21"}
{"level":"debug","ts":"2026-10-05T08:41:24.358Z","caller":"ipamd/ipamd.go:1255","msg":"PD enabled - true"}
{"level":"debug","ts":"2026-10-05T08:41:24.809Z","caller":"awsutils/awsutils.go:2174","msg":"checkAPIErrorAndBroadcastEvent resulted in operation error EC2: AssignPrivateIpAddresses, https response error StatusCode: 400, RequestID: 5179dc30-7af1-4e15-9635-ff4473f8ec08, api error InsufficientCidrBlocks: The specified subnet does not have enough free cidr blocks to satisfy the request."}
{"level":"error","ts":"2026-10-05T08:41:24.809Z","caller":"ipamd/ipamd.go:1255","msg":"Failed to allocate a private IP/Prefix addresses on ENI eni-EXAMPLE21: operation error EC2: AssignPrivateIpAddresses, https response error StatusCode: 400, RequestID: 5179dc30-7af1-4e15-9635-ff4473f8ec08, api error InsufficientCidrBlocks: The specified subnet does not have enough free cidr blocks to satisfy the request."}
{"level":"debug","ts":"2026-10-05T08:41:24.809Z","caller":"ipamd/ipamd.go:1256","msg":"containsPrivateIPAddressLimitExceededError encountered operation error EC2: AssignPrivateIpAddresses, https response error StatusCode: 400, RequestID: 5179dc30-7af1-4e15-9635-ff4473f8ec08, api error InsufficientCidrBlocks: The specified subnet does not have enough free cidr blocks to satisfy the request."}
{"level":"warn","ts":"2026-10-05T08:41:24.809Z","caller":"ipamd/ipamd.go:1113","msg":"failed to allocate all available IPv4 Prefixes on ENI eni-EXAMPLE21, err: operation error EC2: AssignPrivateIpAddresses, https response error StatusCode: 400, RequestID: 5179dc30-7af1-4e15-9635-ff4473f8ec08, api error InsufficientCidrBlocks: The specified subnet does not have enough free cidr blocks to satisfy the request."}
{"level":"info","ts":"2026-10-05T08:41:24.809Z","caller":"ipamd/ipamd.go:1259","msg":"Trying to allocate 1 IP addresses on ENI eni-EXAMPLE21"}
{"level":"debug","ts":"2026-10-05T08:41:24.809Z","caller":"ipamd/ipamd.go:1259","msg":"PD enabled - true"}
{"level":"debug","ts":"2026-10-05T08:41:25.202Z","caller":"awsutils/awsutils.go:2174","msg":"checkAPIErrorAndBroadcastEvent resulted in operation error EC2: AssignPrivateIpAddresses, https response error StatusCode: 400, RequestID: 8adbfbb3-7ff8-4820-a1d9-ce4ee428ae35, api error InsufficientCidrBlocks: The specified subnet does not have enough free cidr blocks to satisfy the request."}
{"level":"error","ts":"2026-10-05T08:41:25.202Z","caller":"ipamd/ipamd.go:1259","msg":"Failed to allocate a private IP/Prefix addresses on ENI eni-EXAMPLE21: operation error EC2: AssignPrivateIpAddresses, https response error StatusCode: 400, RequestID: 8adbfbb3-7ff8-4820-a1d9-ce4ee428ae35, api error InsufficientCidrBlocks: The specified subnet does not have enough free cidr blocks to satisfy the request."}
{"level":"debug","ts":"2026-10-05T08:41:25.202Z","caller":"ipamd/ipamd.go:1260","msg":"containsPrivateIPAddressLimitExceededError encountered operation error EC2: AssignPrivateIpAddresses, https response error StatusCode: 400, RequestID: 8adbfbb3-7ff8-4820-a1d9-ce4ee428ae35, api error InsufficientCidrBlocks: The specified subnet does not have enough free cidr blocks to satisfy the request."}
{"level":"debug","ts":"2026-10-05T08:41:25.202Z","caller":"ipamd/ipamd.go:1262","msg":"containsInsufficientCIDRsOrSubnetIPs encountered operation error EC2: AssignPrivateIpAddresses, https response error StatusCode: 400, RequestID: 8adbfbb3-7ff8-4820-a1d9-ce4ee428ae35, api error InsufficientCidrBlocks: The specified subnet does not have enough free cidr blocks to satisfy the request."}
{"level":"debug","ts":"2026-10-05T08:41:25.202Z","caller":"ipamd/ipamd.go:1262","msg":"Insufficient IP Addresses due to: InsufficientCidrBlocks\n"}
{"level":"debug","ts":"2026-10-05T08:41:25.202Z","caller":"ipamd/ipamd.go:1003","msg":"hasRoomForEni: networkCard=0, currentENIs=1, currentUsableENIs=1, maxENI=3, unmanagedENI=0, trunkEni=0, excludedENI=0, hasRoom=true"}
{"level":"debug","ts":"2026-10-05T08:41:25.202Z","caller":"ipamd/ipamd.go:2758","msg":"Prefix target is 1, short of 1 prefixes, free 0 prefixes"}
{"level":"debug","ts":"2026-10-05T08:41:25.202Z","caller":"ipamd/ipamd.go:2595","msg":"ToAllocate: 1, Network Card 0"}
{"level":"info","ts":"2026-10-05T08:41:25.202Z","caller":"awsutils/awsutils.go:1044","msg":"Trying to allocate 1 IP addresses on new ENI"}
{"level":"debug","ts":"2026-10-05T08:41:25.202Z","caller":"awsutils/awsutils.go:1044","msg":"PD enabled - true"}
{"level":"debug","ts":"2026-10-05T08:41:25.456Z","caller":"awsutils/awsutils.go:1272","msg":"Primary subnet subnet-EXAMPLE1 has no kubernetes.io/role/cni tag, including it for ENI creation (backwards compatibility)"}
{"level":"info","ts":"2026-10-05T08:41:25.456Z","caller":"awsutils/awsutils.go:1044","msg":"Creating ENI with security groups: [sg-EXAMPLE1] in subnet: subnet-EXAMPLE1"}
{"level":"debug","ts":"2026-10-05T08:41:25.682Z","caller":"awsutils/awsutils.go:1449","msg":"checkAPIErrorAndBroadcastEvent resulted in operation error EC2: CreateNetworkInterface, https response error StatusCode: 400, RequestID: 8b084f31-87e4-41ba-b316-e59c5720421c, api error InvalidParameterValue: There aren't sufficient free Ipv4 addresses or prefixes"}
{"level":"error","ts":"2026-10-05T08:41:25.682Z","caller":"awsutils/awsutils.go:1285","msg":"Failed to CreateNetworkInterface operation error EC2: CreateNetworkInterface, https response error StatusCode: 400, RequestID: 8b084f31-87e4-41ba-b316-e59c5720421c, api error InvalidParameterValue: There aren't sufficient free Ipv4 addresses or prefixes for subnet subnet-EXAMPLE1"}
{"level":"debug","ts":"2026-10-05T08:41:25.682Z","caller":"awsutils/awsutils.go:1272","msg":"Subnet subnet-EXAMPLE2 has no kubernetes.io/role/cni tag, excluding it from ENI creation"}
{"level":"error","ts":"2026-10-05T08:41:25.682Z","caller":"ipamd/ipamd.go:1004","msg":"Failed to increase pool size due to not able to allocate ENI AllocENI: failed to create ENI: failed to create network interface: operation error EC2: CreateNetworkInterface, https response error StatusCode: 400, RequestID: 8b084f31-87e4-41ba-b316-e59c5720421c, api error InvalidParameterValue: There aren't sufficient free Ipv4 addresses or prefixes"}
{"level":"warn","ts":"2026-10-05T08:41:25.682Z","caller":"ipamd/ipamd.go:1004","msg":"Failed to allocate 1 IP addresses on an ENI: AllocENI: failed to create ENI: failed to create network interface: operation error EC2: CreateNetworkInterface, https response error StatusCode: 400, RequestID: 8b084f31-87e4-41ba-b316-e59c5720421c, api error InvalidParameterValue: There aren't sufficient free Ipv4 addresses or prefixes"}
{"level":"debug","ts":"2026-10-05T08:41:25.682Z","caller":"ipamd/ipamd.go:1082","msg":"containsInsufficientCIDRsOrSubnetIPs encountered AllocENI: failed to create ENI: failed to create network interface: operation error EC2: CreateNetworkInterface, https response error StatusCode: 400, RequestID: 8b084f31-87e4-41ba-b316-e59c5720421c, api error InvalidParameterValue: There aren't sufficient free Ipv4 addresses or prefixes"}
{"level":"debug","ts":"2026-10-05T08:41:25.682Z","caller":"ipamd/ipamd.go:1082","msg":"Insufficient IP Addresses due to: InvalidParameterValue\n"}
{"level":"debug","ts":"2026-10-05T08:41:25.682Z","caller":"ipamd/ipamd.go:813","msg":"Error trying to allocate ENI: AllocENI: failed to create ENI: failed to create network interface: operation error EC2: CreateNetworkInterface, https response error StatusCode: 400, RequestID: 8b084f31-87e4-41ba-b316-e59c5720421c, api error InvalidParameterValue: There aren't sufficient free Ipv4 addresses or prefixes"}
{"level":"debug","ts":"2026-10-05T08:41:25.682Z","caller":"ipamd/ipamd.go:1548","msg":"ENI eni-EXAMPLE21 cannot be deleted because it is primary"}
{"level":"info","ts":"2026-10-05T08:41:28.696Z","caller":"rpc/rpc_grpc.pb.go:117","msg":"Received AddNetwork for NS /var/run/netns/cni-373f73ab-9b55-b1c0-d33e-92bf5cedc78a, Sandbox a96384b0aceedef0137d1fef8a3fa7de3b9216db5395e7609a7b69fc4f3bfa8d, ifname eth0"}
{"level":"debug","ts":"2026-10-05T08:41:28.696Z","caller":"rpc/rpc_grpc.pb.go:117","msg":"AddNetworkRequest: K8S_POD_NAME:\"coredns-79f8dffc57-cv2lj\"  K8S_POD_NAMESPACE:\"kube-system\"  K8S_POD_INFRA_CONTAINER_ID:\"a96384b0aceedef0137d1fef8a3fa7de3b9216db5395e7609a7b69fc4f3bfa8d\"  ContainerID:\"a96384b0aceedef0137d1fef8a3fa7de3b9216db5395e7609a7b69fc4f3bfa8d\"  IfName:\"eth0\"  NetworkName:\"aws-cni\"  Netns:\"/var/run/netns/cni-373f73ab-9b55-b1c0-d33e-92bf5cedc78a\""}
{"level":"info","ts":"2026-10-05T08:41:28.696Z","caller":"rpc/rpc_grpc.pb.go:117","msg":"Required MultiNIC access false, interfaces required 1"}
{"level":"debug","ts":"2026-10-05T08:41:28.696Z","caller":"datastore/data_store.go:713","msg":"AssignPodIPv4Address: IP address pool stats: total 0, assigned 0"}
{"level":"debug","ts":"2026-10-05T08:41:28.696Z","caller":"datastore/data_store.go:713","msg":"AssignPodIPv4Address: ENI eni-EXAMPLE21 does not have available addresses"}
{"level":"error","ts":"2026-10-05T08:41:28.696Z","caller":"datastore/data_store.go:713","msg":"DataStore has no available IP/Prefix addresses"}
{"level":"warn","ts":"2026-10-05T08:41:28.696Z","caller":"rpc/rpc_grpc.pb.go:117","msg":"Failed to assign IPs from network card 0: AssignPodIPAddress: no available IP/Prefix addresses"}
{"level":"error","ts":"2026-10-05T08:41:28.696Z","caller":"rpc/rpc_grpc.pb.go:117","msg":"Returning failure response for AddNetwork: 1 error occurred:\n\t* AssignPodIPAddress: no available IP/Prefix addresses\n\n"}
{"level":"info","ts":"2026-10-05T08:41:28.696Z","caller":"rpc/rpc_grpc.pb.go:117","msg":"Send AddNetworkReply: Success: false IPAddr: [], resp: , err: AssignPodIPAddress: no available IP/Prefix addresses"}
{"level":"info","ts":"2026-10-05T08:41:28.726Z","caller":"rpc/rpc_grpc.pb.go:135","msg":"Received DelNetwork for Sandbox a96384b0aceedef0137d1fef8a3fa7de3b9216db5395e7609a7b69fc4f3bfa8d"}
{"level":"debug","ts":"2026-10-05T08:41:28.726Z","caller":"rpc/rpc_grpc.pb.go:135","msg":"DelNetworkRequest: K8S_POD_NAME:\"coredns-79f8dffc57-cv2lj\"  K8S_POD_NAMESPACE:\"kube-system\"  K8S_POD_INFRA_CONTAINER_ID:\"a96384b0aceedef0137d1fef8a3fa7de3b9216db5395e7609a7b69fc4f3bfa8d\"  Reason:\"PodDeleted\"  ContainerID:\"a96384b0aceedef0137d1fef8a3fa7de3b9216db5395e7609a7b69fc4f3bfa8d\"  IfName:\"eth0\"  NetworkName:\"aws-cni\"  K8S_POD_UID:\"080397ba-9aa0-4db1-b449-5fe2b0811692\""}
{"level":"debug","ts":"2026-10-05T08:41:28.726Z","caller":"ipamd/rpc_handler.go:353","msg":"UnassignPodIPAddress: IP address pool stats: total 0, assigned 0, sandbox aws-cni/a96384b0aceedef0137d1fef8a3fa7de3b9216db5395e7609a7b69fc4f3bfa8d/eth0"}
{"level":"debug","ts":"2026-10-05T08:41:28.726Z","caller":"ipamd/rpc_handler.go:353","msg":"UnassignPodIPAddress: Failed to find IPAM entry under full key, trying CRI-migrated version"}
{"level":"warn","ts":"2026-10-05T08:41:28.726Z","caller":"ipamd/rpc_handler.go:353","msg":"UnassignPodIPAddress: Failed to find sandbox _migrated-from-cri/a96384b0aceedef0137d1fef8a3fa7de3b9216db5395e7609a7b69fc4f3bfa8d/unknown"}
{"level":"info","ts":"2026-10-05T08:41:28.726Z","caller":"rpc/rpc_grpc.pb.go:135","msg":"Send DelNetworkReply: IPAddress: [], err: 1 error occurred:\n\t* datastore: unknown pod\n\n"}
{"level":"info","ts":"2026-10-05T08:41:28.749Z","caller":"rpc/rpc_grpc.pb.go:117","msg":"Received AddNetwork for NS /var/run/netns/cni-8154189b-eeae-52d2-b007-43e7e9d0a024, Sandbox 24a8967e2cf0fa98d50e5ca71cc195f7d694819ae955bcb66c9eb17b577cc721, ifname eth0"}
{"level":"debug","ts":"2026-10-05T08:41:28.749Z","caller":"rpc/rpc_grpc.pb.go:117","msg":"AddNetworkRequest: K8S_POD_NAME:\"pause-68d5b89fc-kwqf6\"  K8S_POD_NAMESPACE:\"default\"  K8S_POD_INFRA_CONTAINER_ID:\"24a8967e2cf0fa98d50e5ca71cc195f7d694819ae955bcb66c9eb17b577cc721\"  ContainerID:\"24a8967e2cf0fa98d50e5ca71cc195f7d694819ae955bcb66c9eb17b577cc721\"  IfName:\"eth0\"  NetworkName:\"aws-cni\"  Netns:\"/var/run/netns/cni-8154189b-eeae-52d2-b007-43e7e9d0a024\""}
{"level":"info","ts":"2026-10-05T08:41:28.750Z","caller":"rpc/rpc_grpc.pb.go:117","msg":"Required MultiNIC access false, interfaces required 1"}
{"level":"debug","ts":"2026-10-05T08:41:28.750Z","caller":"datastore/data_store.go:713","msg":"AssignPodIPv4Address: IP address pool stats: total 0, assigned 0"}
{"level":"debug","ts":"2026-10-05T08:41:28.750Z","caller":"datastore/data_store.go:713","msg":"AssignPodIPv4Address: ENI eni-EXAMPLE21 does not have available addresses"}
{"level":"error","ts":"2026-10-05T08:41:28.750Z","caller":"datastore/data_store.go:713","msg":"DataStore has no available IP/Prefix addresses"}
{"level":"warn","ts":"2026-10-05T08:41:28.750Z","caller":"rpc/rpc_grpc.pb.go:117","msg":"Failed to assign IPs from network card 0: AssignPodIPAddress: no available IP/Prefix addresses"}
{"level":"error","ts":"2026-10-05T08:41:28.750Z","caller":"rpc/rpc_grpc.pb.go:117","msg":"Returning failure response for AddNetwork: 1 error occurred:\n\t* AssignPodIPAddress: no available IP/Prefix addresses\n\n"}
{"level":"info","ts":"2026-10-05T08:41:28.750Z","caller":"rpc/rpc_grpc.pb.go:117","msg":"Send AddNetworkReply: Success: false IPAddr: [], resp: , err: AssignPodIPAddress: no available IP/Prefix addresses"}
{"level":"info","ts":"2026-10-05T08:41:28.774Z","caller":"rpc/rpc_grpc.pb.go:135","msg":"Received DelNetwork for Sandbox 24a8967e2cf0fa98d50e5ca71cc195f7d694819ae955bcb66c9eb17b577cc721"}
{"level":"debug","ts":"2026-10-05T08:41:28.774Z","caller":"rpc/rpc_grpc.pb.go:135","msg":"DelNetworkRequest: K8S_POD_NAME:\"pause-68d5b89fc-kwqf6\"  K8S_POD_NAMESPACE:\"default\"  K8S_POD_INFRA_CONTAINER_ID:\"24a8967e2cf0fa98d50e5ca71cc195f7d694819ae955bcb66c9eb17b577cc721\"  Reason:\"PodDeleted\"  ContainerID:\"24a8967e2cf0fa98d50e5ca71cc195f7d694819ae955bcb66c9eb17b577cc721\"  IfName:\"eth0\"  NetworkName:\"aws-cni\"  K8S_POD_UID:\"f1c84b49-6e57-471b-b275-0a0535a8e3e2\""}
{"level":"debug","ts":"2026-10-05T08:41:28.774Z","caller":"ipamd/rpc_handler.go:353","msg":"UnassignPodIPAddress: IP address pool stats: total 0, assigned 0, sandbox aws-cni/24a8967e2cf0fa98d50e5ca71cc195f7d694819ae955bcb66c9eb17b577cc721/eth0"}
{"level":"debug","ts":"2026-10-05T08:41:28.774Z","caller":"ipamd/rpc_handler.go:353","msg":"UnassignPodIPAddress: Failed to find IPAM entry under full key, trying CRI-migrated version"}
{"level":"warn","ts":"2026-10-05T08:41:28.774Z","caller":"ipamd/rpc_handler.go:353","msg":"UnassignPodIPAddress: Failed to find sandbox _migrated-from-cri/24a8967e2cf0fa98d50e5ca71cc195f7d694819ae955bcb66c9eb17b577cc721/unknown"}
{"level":"info","ts":"2026-10-05T08:41:28.774Z","caller":"rpc/rpc_grpc.pb.go:135","msg":"Send DelNetworkReply: IPAddress: [], err: 1 error occurred:\n\t* datastore: unknown pod\n\n"}
{"level":"info","ts":"2026-10-05T08:41:28.799Z","caller":"rpc/rpc_grpc.pb.go:117","msg":"Received AddNetwork for NS /var/run/netns/cni-5339b7d1-28a4-1378-7dec-7ebb4648cae5, Sandbox f1742fa0edbf02ce8cb5aa5ad92e885b3af68b74760fcd85b71b8b77ef5cf8cd, ifname eth0"}
{"level":"debug","ts":"2026-10-05T08:41:28.799Z","caller":"rpc/rpc_grpc.pb.go:117","msg":"AddNetworkRequest: K8S_POD_NAME:\"pause-68d5b89fc-xv2r9\"  K8S_POD_NAMESPACE:\"default\"  K8S_POD_INFRA_CONTAINER_ID:\"f1742fa0edbf02ce8cb5aa5ad92e885b3af68b74760fcd85b71b8b77ef5cf8cd\"  ContainerID:\"f1742fa0edbf02ce8cb5aa5ad92e885b3af68b74760fcd85b71b8b77ef5cf8cd\"  IfName:\"eth0\"  NetworkName:\"aws-cni\"  Netns:\"/var/run/netns/cni-5339b7d1-28a4-1378-7dec-7ebb4648cae5\""}
{"level":"info","ts":"2026-10-05T08:41:28.799Z","caller":"rpc/rpc_grpc.pb.go:117","msg":"Required MultiNIC access false, interfaces required 1"}
{"level":"debug","ts":"2026-10-05T08:41:28.799Z","caller":"datastore/data_store.go:713","msg":"AssignPodIPv4Address: IP address pool stats: total 0, assigned 0"}
{"level":"debug","ts":"2026-10-05T08:41:28.799Z","caller":"datastore/data_store.go:713","msg":"AssignPodIPv4Address: ENI eni-EXAMPLE21 does not have available addresses"}
{"level":"error","ts":"2026-10-05T08:41:28.799Z","caller":"datastore/data_store.go:713","msg":"DataStore has no available IP/Prefix addresses"}
{"level":"warn","ts":"2026-10-05T08:41:28.799Z","caller":"rpc/rpc_grpc.pb.go:117","msg":"Failed to assign IPs from network card 0: AssignPodIPAddress: no available IP/Prefix addresses"}
{"level":"error","ts":"2026-10-05T08:41:28.799Z","caller":"rpc/rpc_grpc.pb.go:117","msg":"Returning failure response for AddNetwork: 1 error occurred:\n\t* AssignPodIPAddress: no available IP/Prefix addresses\n\n"}
{"level":"info","ts":"2026-10-05T08:41:28.799Z","caller":"rpc/rpc_grpc.pb.go:117","msg":"Send AddNetworkReply: Success: false IPAddr: [], resp: , err: AssignPodIPAddress: no available IP/Prefix addresses"}
{"level":"info","ts":"2026-10-05T08:41:28.824Z","caller":"rpc/rpc_grpc.pb.go:135","msg":"Received DelNetwork for Sandbox f1742fa0edbf02ce8cb5aa5ad92e885b3af68b74760fcd85b71b8b77ef5cf8cd"}
{"level":"debug","ts":"2026-10-05T08:41:28.824Z","caller":"rpc/rpc_grpc.pb.go:135","msg":"DelNetworkRequest: K8S_POD_NAME:\"pause-68d5b89fc-xv2r9\"  K8S_POD_NAMESPACE:\"default\"  K8S_POD_INFRA_CONTAINER_ID:\"f1742fa0edbf02ce8cb5aa5ad92e885b3af68b74760fcd85b71b8b77ef5cf8cd\"  Reason:\"PodDeleted\"  ContainerID:\"f1742fa0edbf02ce8cb5aa5ad92e885b3af68b74760fcd85b71b8b77ef5cf8cd\"  IfName:\"eth0\"  NetworkName:\"aws-cni\"  K8S_POD_UID:\"cd4aecc7-3371-4cf3-bd27-460a41c60184\""}
{"level":"debug","ts":"2026-10-05T08:41:28.824Z","caller":"ipamd/rpc_handler.go:353","msg":"UnassignPodIPAddress: IP address pool stats: total 0, assigned 0, sandbox aws-cni/f1742fa0edbf02ce8cb5aa5ad92e885b3af68b74760fcd85b71b8b77ef5cf8cd/eth0"}
{"level":"debug","ts":"2026-10-05T08:41:28.824Z","caller":"ipamd/rpc_handler.go:353","msg":"UnassignPodIPAddress: Failed to find IPAM entry under full key, trying CRI-migrated version"}
{"level":"warn","ts":"2026-10-05T08:41:28.824Z","caller":"ipamd/rpc_handler.go:353","msg":"UnassignPodIPAddress: Failed to find sandbox _migrated-from-cri/f1742fa0edbf02ce8cb5aa5ad92e885b3af68b74760fcd85b71b8b77ef5cf8cd/unknown"}
{"level":"info","ts":"2026-10-05T08:41:28.824Z","caller":"rpc/rpc_grpc.pb.go:135","msg":"Send DelNetworkReply: IPAddress: [], err: 1 error occurred:\n\t* datastore: unknown pod\n\n"}
{"level":"debug","ts":"2026-10-05T08:41:30.684Z","caller":"ipamd/ipamd.go:809","msg":"IP pool is too low for Network Card 0: available (0) < ENI target (1) * addrsPerENI (16)"}
{"level":"debug","ts":"2026-10-05T08:41:30.684Z","caller":"ipamd/ipamd.go:2689","msg":"Prefix pool stats for network card 0: Total IPs/Prefixes = 0/0, AssignedIPs/CooldownIPs: 0/0, c.maxIPsPerENI = 80"}
{"level":"debug","ts":"2026-10-05T08:41:30.684Z","caller":"ipamd/ipamd.go:795","msg":"IP stats for Network Card 0 - total IPs: 0, assigned IPs: 0, cooldown IPs: 0"}
{"level":"debug","ts":"2026-10-05T08:41:30.684Z","caller":"ipamd/ipamd.go:813","msg":"Starting to increase pool size for network card 0"}
{"level":"debug","ts":"2026-10-05T08:41:30.684Z","caller":"ipamd/ipamd.go:966","msg":"Node found \"ip-10-20-0-45.ec2.internal\" - no of taints - 0"}
{"level":"debug","ts":"2026-10-05T08:41:30.684Z","caller":"ipamd/ipamd.go:2758","msg":"Prefix target is 1, short of 1 prefixes, free 0 prefixes"}
{"level":"debug","ts":"2026-10-05T08:41:30.684Z","caller":"ipamd/ipamd.go:1248","msg":"ToAllocate: 1, Network Card 0"}
{"level":"debug","ts":"2026-10-05T08:41:30.684Z","caller":"ipamd/ipamd.go:1251","msg":"Found ENI eni-EXAMPLE21 that has less than the maximum number of IP/Prefixes addresses allocated: cur=0, max=5"}
{"level":"info","ts":"2026-10-05T08:41:30.684Z","caller":"ipamd/ipamd.go:1255","msg":"Trying to allocate 1 IP addresses on ENI eni-EXAMPLE21"}
{"level":"debug","ts":"2026-10-05T08:41:30.684Z","caller":"ipamd/ipamd.go:1255","msg":"PD enabled - true"}
{"level":"debug","ts":"2026-10-05T08:41:31.098Z","caller":"awsutils/awsutils.go:2174","msg":"checkAPIErrorAndBroadcastEvent resulted in operation error EC2: AssignPrivateIpAddresses, https response error StatusCode: 400, RequestID: d847be03-43a6-4631-aae0-88fa09bcfd51, api error InsufficientCidrBlocks: The specified subnet does not have enough free cidr blocks to satisfy the request."}
{"level":"error","ts":"2026-10-05T08:41:31.098Z","caller":"ipamd/ipamd.go:1255","msg":"Failed to allocate a private IP/Prefix addresses on ENI eni-EXAMPLE21: operation error EC2: AssignPrivateIpAddresses, https response error StatusCode: 400, RequestID: d847be03-43a6-4631-aae0-88fa09bcfd51, api error InsufficientCidrBlocks: The specified subnet does not have enough free cidr blocks to satisfy the request."}
{"level":"debug","ts":"2026-10-05T08:41:31.098Z","caller":"ipamd/ipamd.go:1256","msg":"containsPrivateIPAddressLimitExceededError encountered operation error EC2: AssignPrivateIpAddresses, https response error StatusCode: 400, RequestID: d847be03-43a6-4631-aae0-88fa09bcfd51, api error InsufficientCidrBlocks: The specified subnet does not have enough free cidr blocks to satisfy the request."}
{"level":"warn","ts":"2026-10-05T08:41:31.098Z","caller":"ipamd/ipamd.go:1113","msg":"failed to allocate all available IPv4 Prefixes on ENI eni-EXAMPLE21, err: operation error EC2: AssignPrivateIpAddresses, https response error StatusCode: 400, RequestID: d847be03-43a6-4631-aae0-88fa09bcfd51, api error InsufficientCidrBlocks: The specified subnet does not have enough free cidr blocks to satisfy the request."}
{"level":"info","ts":"2026-10-05T08:41:31.098Z","caller":"ipamd/ipamd.go:1259","msg":"Trying to allocate 1 IP addresses on ENI eni-EXAMPLE21"}
{"level":"debug","ts":"2026-10-05T08:41:31.098Z","caller":"ipamd/ipamd.go:1259","msg":"PD enabled - true"}
{"level":"debug","ts":"2026-10-05T08:41:31.467Z","caller":"awsutils/awsutils.go:2174","msg":"checkAPIErrorAndBroadcastEvent resulted in operation error EC2: AssignPrivateIpAddresses, https response error StatusCode: 400, RequestID: e8a1d8c2-086b-4bb4-b070-04f84e11a77f, api error InsufficientCidrBlocks: The specified subnet does not have enough free cidr blocks to satisfy the request."}
{"level":"error","ts":"2026-10-05T08:41:31.467Z","caller":"ipamd/ipamd.go:1259","msg":"Failed to allocate a private IP/Prefix addresses on ENI eni-EXAMPLE21: operation error EC2: AssignPrivateIpAddresses, https response error StatusCode: 400, RequestID: e8a1d8c2-086b-4bb4-b070-04f84e11a77f, api error InsufficientCidrBlocks: The specified subnet does not have enough free cidr blocks to satisfy the request."}
{"level":"debug","ts":"2026-10-05T08:41:31.467Z","caller":"ipamd/ipamd.go:1260","msg":"containsPrivateIPAddressLimitExceededError encountered operation error EC2: AssignPrivateIpAddresses, https response error StatusCode: 400, RequestID: e8a1d8c2-086b-4bb4-b070-04f84e11a77f, api error InsufficientCidrBlocks: The specified subnet does not have enough free cidr blocks to satisfy the request."}
{"level":"debug","ts":"2026-10-05T08:41:31.467Z","caller":"ipamd/ipamd.go:1262","msg":"containsInsufficientCIDRsOrSubnetIPs encountered operation error EC2: AssignPrivateIpAddresses, https response error StatusCode: 400, RequestID: e8a1d8c2-086b-4bb4-b070-04f84e11a77f, api error InsufficientCidrBlocks: The specified subnet does not have enough free cidr blocks to satisfy the request."}
{"level":"debug","ts":"2026-10-05T08:41:31.467Z","caller":"ipamd/ipamd.go:1262","msg":"Insufficient IP Addresses due to: InsufficientCidrBlocks\n"}
{"level":"debug","ts":"2026-10-05T08:41:31.467Z","caller":"ipamd/ipamd.go:1003","msg":"hasRoomForEni: networkCard=0, currentENIs=1, currentUsableENIs=1, maxENI=3, unmanagedENI=0, trunkEni=0, excludedENI=0, hasRoom=true"}
{"level":"debug","ts":"2026-10-05T08:41:31.467Z","caller":"ipamd/ipamd.go:2758","msg":"Prefix target is 1, short of 1 prefixes, free 0 prefixes"}
{"level":"debug","ts":"2026-10-05T08:41:31.467Z","caller":"ipamd/ipamd.go:2595","msg":"ToAllocate: 1, Network Card 0"}
{"level":"info","ts":"2026-10-05T08:41:31.467Z","caller":"awsutils/awsutils.go:1044","msg":"Trying to allocate 1 IP addresses on new ENI"}
{"level":"debug","ts":"2026-10-05T08:41:31.467Z","caller":"awsutils/awsutils.go:1044","msg":"PD enabled - true"}
{"level":"debug","ts":"2026-10-05T08:41:31.694Z","caller":"awsutils/awsutils.go:1272","msg":"Primary subnet subnet-EXAMPLE1 has no kubernetes.io/role/cni tag, including it for ENI creation (backwards compatibility)"}
{"level":"info","ts":"2026-10-05T08:41:31.694Z","caller":"awsutils/awsutils.go:1044","msg":"Creating ENI with security groups: [sg-EXAMPLE1] in subnet: subnet-EXAMPLE1"}
{"level":"debug","ts":"2026-10-05T08:41:31.908Z","caller":"awsutils/awsutils.go:1449","msg":"checkAPIErrorAndBroadcastEvent resulted in operation error EC2: CreateNetworkInterface, https response error StatusCode: 400, RequestID: 31cd0b8f-3959-44c7-a6d0-96727fde9393, api error InvalidParameterValue: There aren't sufficient free Ipv4 addresses or prefixes"}
{"level":"error","ts":"2026-10-05T08:41:31.909Z","caller":"awsutils/awsutils.go:1285","msg":"Failed to CreateNetworkInterface operation error EC2: CreateNetworkInterface, https response error StatusCode: 400, RequestID: 31cd0b8f-3959-44c7-a6d0-96727fde9393, api error InvalidParameterValue: There aren't sufficient free Ipv4 addresses or prefixes for subnet subnet-EXAMPLE1"}
{"level":"debug","ts":"2026-10-05T08:41:31.909Z","caller":"awsutils/awsutils.go:1272","msg":"Subnet subnet-EXAMPLE2 has no kubernetes.io/role/cni tag, excluding it from ENI creation"}
{"level":"error","ts":"2026-10-05T08:41:31.909Z","caller":"ipamd/ipamd.go:1004","msg":"Failed to increase pool size due to not able to allocate ENI AllocENI: failed to create ENI: failed to create network interface: operation error EC2: CreateNetworkInterface, https response error StatusCode: 400, RequestID: 31cd0b8f-3959-44c7-a6d0-96727fde9393, api error InvalidParameterValue: There aren't sufficient free Ipv4 addresses or prefixes"}
{"level":"warn","ts":"2026-10-05T08:41:31.909Z","caller":"ipamd/ipamd.go:1004","msg":"Failed to allocate 1 IP addresses on an ENI: AllocENI: failed to create ENI: failed to create network interface: operation error EC2: CreateNetworkInterface, https response error StatusCode: 400, RequestID: 31cd0b8f-3959-44c7-a6d0-96727fde9393, api error InvalidParameterValue: There aren't sufficient free Ipv4 addresses or prefixes"}
{"level":"debug","ts":"2026-10-05T08:41:31.909Z","caller":"ipamd/ipamd.go:1082","msg":"containsInsufficientCIDRsOrSubnetIPs encountered AllocENI: failed to create ENI: failed to create network interface: operation error EC2: CreateNetworkInterface, https response error StatusCode: 400, RequestID: 31cd0b8f-3959-44c7-a6d0-96727fde9393, api error InvalidParameterValue: There aren't sufficient free Ipv4 addresses or prefixes"}
{"level":"debug","ts":"2026-10-05T08:41:31.909Z","caller":"ipamd/ipamd.go:1082","msg":"Insufficient IP Addresses due to: InvalidParameterValue\n"}
{"level":"debug","ts":"2026-10-05T08:41:31.909Z","caller":"ipamd/ipamd.go:813","msg":"Error trying to allocate ENI: AllocENI: failed to create ENI: failed to create network interface: operation error EC2: CreateNetworkInterface, https response error StatusCode: 400, RequestID: 31cd0b8f-3959-44c7-a6d0-96727fde9393, api error InvalidParameterValue: There aren't sufficient free Ipv4 addresses or prefixes"}
{"level":"debug","ts":"2026-10-05T08:41:31.909Z","caller":"ipamd/ipamd.go:1548","msg":"ENI eni-EXAMPLE21 cannot be deleted because it is primary"}
{"level":"debug","ts":"2026-10-05T08:41:36.909Z","caller":"ipamd/ipamd.go:809","msg":"IP pool is too low for Network Card 0: available (0) < ENI target (1) * addrsPerENI (16)"}
{"level":"debug","ts":"2026-10-05T08:41:36.910Z","caller":"ipamd/ipamd.go:2689","msg":"Prefix pool stats for network card 0: Total IPs/Prefixes = 0/0, AssignedIPs/CooldownIPs: 0/0, c.maxIPsPerENI = 80"}
{"level":"debug","ts":"2026-10-05T08:41:36.910Z","caller":"ipamd/ipamd.go:795","msg":"IP stats for Network Card 0 - total IPs: 0, assigned IPs: 0, cooldown IPs: 0"}
{"level":"debug","ts":"2026-10-05T08:41:36.910Z","caller":"ipamd/ipamd.go:813","msg":"Starting to increase pool size for network card 0"}
{"level":"debug","ts":"2026-10-05T08:41:36.910Z","caller":"ipamd/ipamd.go:966","msg":"Node found \"ip-10-20-0-45.ec2.internal\" - no of taints - 0"}
{"level":"debug","ts":"2026-10-05T08:41:36.910Z","caller":"ipamd/ipamd.go:2758","msg":"Prefix target is 1, short of 1 prefixes, free 0 prefixes"}
{"level":"debug","ts":"2026-10-05T08:41:36.910Z","caller":"ipamd/ipamd.go:1248","msg":"ToAllocate: 1, Network Card 0"}
{"level":"debug","ts":"2026-10-05T08:41:36.910Z","caller":"ipamd/ipamd.go:1251","msg":"Found ENI eni-EXAMPLE21 that has less than the maximum number of IP/Prefixes addresses allocated: cur=0, max=5"}
{"level":"info","ts":"2026-10-05T08:41:36.910Z","caller":"ipamd/ipamd.go:1255","msg":"Trying to allocate 1 IP addresses on ENI eni-EXAMPLE21"}
{"level":"debug","ts":"2026-10-05T08:41:36.910Z","caller":"ipamd/ipamd.go:1255","msg":"PD enabled - true"}
{"level":"debug","ts":"2026-10-05T08:41:37.427Z","caller":"awsutils/awsutils.go:2174","msg":"checkAPIErrorAndBroadcastEvent resulted in operation error EC2: AssignPrivateIpAddresses, https response error StatusCode: 400, RequestID: f844963a-f9d2-4460-a725-ac3a33245f01, api error InsufficientCidrBlocks: The specified subnet does not have enough free cidr blocks to satisfy the request."}
{"level":"error","ts":"2026-10-05T08:41:37.427Z","caller":"ipamd/ipamd.go:1255","msg":"Failed to allocate a private IP/Prefix addresses on ENI eni-EXAMPLE21: operation error EC2: AssignPrivateIpAddresses, https response error StatusCode: 400, RequestID: f844963a-f9d2-4460-a725-ac3a33245f01, api error InsufficientCidrBlocks: The specified subnet does not have enough free cidr blocks to satisfy the request."}
{"level":"debug","ts":"2026-10-05T08:41:37.427Z","caller":"ipamd/ipamd.go:1256","msg":"containsPrivateIPAddressLimitExceededError encountered operation error EC2: AssignPrivateIpAddresses, https response error StatusCode: 400, RequestID: f844963a-f9d2-4460-a725-ac3a33245f01, api error InsufficientCidrBlocks: The specified subnet does not have enough free cidr blocks to satisfy the request."}
{"level":"warn","ts":"2026-10-05T08:41:37.427Z","caller":"ipamd/ipamd.go:1113","msg":"failed to allocate all available IPv4 Prefixes on ENI eni-EXAMPLE21, err: operation error EC2: AssignPrivateIpAddresses, https response error StatusCode: 400, RequestID: f844963a-f9d2-4460-a725-ac3a33245f01, api error InsufficientCidrBlocks: The specified subnet does not have enough free cidr blocks to satisfy the request."}
{"level":"info","ts":"2026-10-05T08:41:37.427Z","caller":"ipamd/ipamd.go:1259","msg":"Trying to allocate 1 IP addresses on ENI eni-EXAMPLE21"}
{"level":"debug","ts":"2026-10-05T08:41:37.427Z","caller":"ipamd/ipamd.go:1259","msg":"PD enabled - true"}
{"level":"debug","ts":"2026-10-05T08:41:37.869Z","caller":"awsutils/awsutils.go:2174","msg":"checkAPIErrorAndBroadcastEvent resulted in operation error EC2: AssignPrivateIpAddresses, https response error StatusCode: 400, RequestID: 040f3e15-66a1-48db-bf15-78a7e59b52df, api error InsufficientCidrBlocks: The specified subnet does not have enough free cidr blocks to satisfy the request."}
{"level":"error","ts":"2026-10-05T08:41:37.869Z","caller":"ipamd/ipamd.go:1259","msg":"Failed to allocate a private IP/Prefix addresses on ENI eni-EXAMPLE21: operation error EC2: AssignPrivateIpAddresses, https response error StatusCode: 400, RequestID: 040f3e15-66a1-48db-bf15-78a7e59b52df, api error InsufficientCidrBlocks: The specified subnet does not have enough free cidr blocks to satisfy the request."}
{"level":"debug","ts":"2026-10-05T08:41:37.869Z","caller":"ipamd/ipamd.go:1260","msg":"containsPrivateIPAddressLimitExceededError encountered operation error EC2: AssignPrivateIpAddresses, https response error StatusCode: 400, RequestID: 040f3e15-66a1-48db-bf15-78a7e59b52df, api error InsufficientCidrBlocks: The specified subnet does not have enough free cidr blocks to satisfy the request."}
{"level":"debug","ts":"2026-10-05T08:41:37.869Z","caller":"ipamd/ipamd.go:1262","msg":"containsInsufficientCIDRsOrSubnetIPs encountered operation error EC2: AssignPrivateIpAddresses, https response error StatusCode: 400, RequestID: 040f3e15-66a1-48db-bf15-78a7e59b52df, api error InsufficientCidrBlocks: The specified subnet does not have enough free cidr blocks to satisfy the request."}
{"level":"debug","ts":"2026-10-05T08:41:37.869Z","caller":"ipamd/ipamd.go:1262","msg":"Insufficient IP Addresses due to: InsufficientCidrBlocks\n"}
{"level":"debug","ts":"2026-10-05T08:41:37.869Z","caller":"ipamd/ipamd.go:1003","msg":"hasRoomForEni: networkCard=0, currentENIs=1, currentUsableENIs=1, maxENI=3, unmanagedENI=0, trunkEni=0, excludedENI=0, hasRoom=true"}
{"level":"debug","ts":"2026-10-05T08:41:37.869Z","caller":"ipamd/ipamd.go:2758","msg":"Prefix target is 1, short of 1 prefixes, free 0 prefixes"}
{"level":"debug","ts":"2026-10-05T08:41:37.869Z","caller":"ipamd/ipamd.go:2595","msg":"ToAllocate: 1, Network Card 0"}
{"level":"info","ts":"2026-10-05T08:41:37.869Z","caller":"awsutils/awsutils.go:1044","msg":"Trying to allocate 1 IP addresses on new ENI"}
{"level":"debug","ts":"2026-10-05T08:41:37.869Z","caller":"awsutils/awsutils.go:1044","msg":"PD enabled - true"}
{"level":"debug","ts":"2026-10-05T08:41:38.040Z","caller":"awsutils/awsutils.go:1272","msg":"Primary subnet subnet-EXAMPLE1 has no kubernetes.io/role/cni tag, including it for ENI creation (backwards compatibility)"}
{"level":"info","ts":"2026-10-05T08:41:38.041Z","caller":"awsutils/awsutils.go:1044","msg":"Creating ENI with security groups: [sg-EXAMPLE1] in subnet: subnet-EXAMPLE1"}
{"level":"debug","ts":"2026-10-05T08:41:38.251Z","caller":"awsutils/awsutils.go:1449","msg":"checkAPIErrorAndBroadcastEvent resulted in operation error EC2: CreateNetworkInterface, https response error StatusCode: 400, RequestID: cf0ccc69-381a-4c71-89bc-8f6dd58a0af9, api error InvalidParameterValue: There aren't sufficient free Ipv4 addresses or prefixes"}
{"level":"error","ts":"2026-10-05T08:41:38.251Z","caller":"awsutils/awsutils.go:1285","msg":"Failed to CreateNetworkInterface operation error EC2: CreateNetworkInterface, https response error StatusCode: 400, RequestID: cf0ccc69-381a-4c71-89bc-8f6dd58a0af9, api error InvalidParameterValue: There aren't sufficient free Ipv4 addresses or prefixes for subnet subnet-EXAMPLE1"}
{"level":"debug","ts":"2026-10-05T08:41:38.251Z","caller":"awsutils/awsutils.go:1272","msg":"Subnet subnet-EXAMPLE2 has no kubernetes.io/role/cni tag, excluding it from ENI creation"}
{"level":"error","ts":"2026-10-05T08:41:38.251Z","caller":"ipamd/ipamd.go:1004","msg":"Failed to increase pool size due to not able to allocate ENI AllocENI: failed to create ENI: failed to create network interface: operation error EC2: CreateNetworkInterface, https response error StatusCode: 400, RequestID: cf0ccc69-381a-4c71-89bc-8f6dd58a0af9, api error InvalidParameterValue: There aren't sufficient free Ipv4 addresses or prefixes"}
{"level":"warn","ts":"2026-10-05T08:41:38.251Z","caller":"ipamd/ipamd.go:1004","msg":"Failed to allocate 1 IP addresses on an ENI: AllocENI: failed to create ENI: failed to create network interface: operation error EC2: CreateNetworkInterface, https response error StatusCode: 400, RequestID: cf0ccc69-381a-4c71-89bc-8f6dd58a0af9, api error InvalidParameterValue: There aren't sufficient free Ipv4 addresses or prefixes"}
{"level":"debug","ts":"2026-10-05T08:41:38.251Z","caller":"ipamd/ipamd.go:1082","msg":"containsInsufficientCIDRsOrSubnetIPs encountered AllocENI: failed to create ENI: failed to create network interface: operation error EC2: CreateNetworkInterface, https response error StatusCode: 400, RequestID: cf0ccc69-381a-4c71-89bc-8f6dd58a0af9, api error InvalidParameterValue: There aren't sufficient free Ipv4 addresses or prefixes"}
{"level":"debug","ts":"2026-10-05T08:41:38.251Z","caller":"ipamd/ipamd.go:1082","msg":"Insufficient IP Addresses due to: InvalidParameterValue\n"}
{"level":"debug","ts":"2026-10-05T08:41:38.251Z","caller":"ipamd/ipamd.go:813","msg":"Error trying to allocate ENI: AllocENI: failed to create ENI: failed to create network interface: operation error EC2: CreateNetworkInterface, https response error StatusCode: 400, RequestID: cf0ccc69-381a-4c71-89bc-8f6dd58a0af9, api error InvalidParameterValue: There aren't sufficient free Ipv4 addresses or prefixes"}
{"level":"debug","ts":"2026-10-05T08:41:38.251Z","caller":"ipamd/ipamd.go:1548","msg":"ENI eni-EXAMPLE21 cannot be deleted because it is primary"}
{"level":"info","ts":"2026-10-05T08:41:38.697Z","caller":"rpc/rpc_grpc.pb.go:117","msg":"Received AddNetwork for NS /var/run/netns/cni-6369f8ef-e783-3f38-97eb-ffd673256a95, Sandbox bfff64dbd32b94ebc6c1b1d1ec46cbde783ad0ed413807073a84f4bf6a7a15e5, ifname eth0"}
{"level":"debug","ts":"2026-10-05T08:41:38.697Z","caller":"rpc/rpc_grpc.pb.go:117","msg":"AddNetworkRequest: K8S_POD_NAME:\"coredns-79f8dffc57-fwslz\"  K8S_POD_NAMESPACE:\"kube-system\"  K8S_POD_INFRA_CONTAINER_ID:\"bfff64dbd32b94ebc6c1b1d1ec46cbde783ad0ed413807073a84f4bf6a7a15e5\"  ContainerID:\"bfff64dbd32b94ebc6c1b1d1ec46cbde783ad0ed413807073a84f4bf6a7a15e5\"  IfName:\"eth0\"  NetworkName:\"aws-cni\"  Netns:\"/var/run/netns/cni-6369f8ef-e783-3f38-97eb-ffd673256a95\""}
{"level":"info","ts":"2026-10-05T08:41:38.697Z","caller":"rpc/rpc_grpc.pb.go:117","msg":"Required MultiNIC access false, interfaces required 1"}
{"level":"debug","ts":"2026-10-05T08:41:38.697Z","caller":"datastore/data_store.go:713","msg":"AssignPodIPv4Address: IP address pool stats: total 0, assigned 0"}
{"level":"debug","ts":"2026-10-05T08:41:38.697Z","caller":"datastore/data_store.go:713","msg":"AssignPodIPv4Address: ENI eni-EXAMPLE21 does not have available addresses"}
{"level":"error","ts":"2026-10-05T08:41:38.697Z","caller":"datastore/data_store.go:713","msg":"DataStore has no available IP/Prefix addresses"}
{"level":"warn","ts":"2026-10-05T08:41:38.697Z","caller":"rpc/rpc_grpc.pb.go:117","msg":"Failed to assign IPs from network card 0: AssignPodIPAddress: no available IP/Prefix addresses"}
{"level":"error","ts":"2026-10-05T08:41:38.697Z","caller":"rpc/rpc_grpc.pb.go:117","msg":"Returning failure response for AddNetwork: 1 error occurred:\n\t* AssignPodIPAddress: no available IP/Prefix addresses\n\n"}
{"level":"info","ts":"2026-10-05T08:41:38.697Z","caller":"rpc/rpc_grpc.pb.go:117","msg":"Send AddNetworkReply: Success: false IPAddr: [], resp: , err: AssignPodIPAddress: no available IP/Prefix addresses"}
{"level":"info","ts":"2026-10-05T08:41:38.722Z","caller":"rpc/rpc_grpc.pb.go:135","msg":"Received DelNetwork for Sandbox bfff64dbd32b94ebc6c1b1d1ec46cbde783ad0ed413807073a84f4bf6a7a15e5"}
{"level":"debug","ts":"2026-10-05T08:41:38.722Z","caller":"rpc/rpc_grpc.pb.go:135","msg":"DelNetworkRequest: K8S_POD_NAME:\"coredns-79f8dffc57-fwslz\"  K8S_POD_NAMESPACE:\"kube-system\"  K8S_POD_INFRA_CONTAINER_ID:\"bfff64dbd32b94ebc6c1b1d1ec46cbde783ad0ed413807073a84f4bf6a7a15e5\"  Reason:\"PodDeleted\"  ContainerID:\"bfff64dbd32b94ebc6c1b1d1ec46cbde783ad0ed413807073a84f4bf6a7a15e5\"  IfName:\"eth0\"  NetworkName:\"aws-cni\"  K8S_POD_UID:\"ad241f1d-d89e-4886-8d30-e22384a0b925\""}
{"level":"debug","ts":"2026-10-05T08:41:38.722Z","caller":"ipamd/rpc_handler.go:353","msg":"UnassignPodIPAddress: IP address pool stats: total 0, assigned 0, sandbox aws-cni/bfff64dbd32b94ebc6c1b1d1ec46cbde783ad0ed413807073a84f4bf6a7a15e5/eth0"}
{"level":"debug","ts":"2026-10-05T08:41:38.722Z","caller":"ipamd/rpc_handler.go:353","msg":"UnassignPodIPAddress: Failed to find IPAM entry under full key, trying CRI-migrated version"}
{"level":"warn","ts":"2026-10-05T08:41:38.722Z","caller":"ipamd/rpc_handler.go:353","msg":"UnassignPodIPAddress: Failed to find sandbox _migrated-from-cri/bfff64dbd32b94ebc6c1b1d1ec46cbde783ad0ed413807073a84f4bf6a7a15e5/unknown"}
{"level":"info","ts":"2026-10-05T08:41:38.722Z","caller":"rpc/rpc_grpc.pb.go:135","msg":"Send DelNetworkReply: IPAddress: [], err: 1 error occurred:\n\t* datastore: unknown pod\n\n"}
{"level":"info","ts":"2026-10-05T08:41:41.696Z","caller":"rpc/rpc_grpc.pb.go:117","msg":"Received AddNetwork for NS /var/run/netns/cni-0d891d45-1534-0430-dfbe-6e48ef772514, Sandbox 768c8bf455cbb55554afe66a35a79aa4122d3f6ea214aa2468d1c2a9f825319f, ifname eth0"}
{"level":"debug","ts":"2026-10-05T08:41:41.696Z","caller":"rpc/rpc_grpc.pb.go:117","msg":"AddNetworkRequest: K8S_POD_NAME:\"pause-68d5b89fc-kwqf6\"  K8S_POD_NAMESPACE:\"default\"  K8S_POD_INFRA_CONTAINER_ID:\"768c8bf455cbb55554afe66a35a79aa4122d3f6ea214aa2468d1c2a9f825319f\"  ContainerID:\"768c8bf455cbb55554afe66a35a79aa4122d3f6ea214aa2468d1c2a9f825319f\"  IfName:\"eth0\"  NetworkName:\"aws-cni\"  Netns:\"/var/run/netns/cni-0d891d45-1534-0430-dfbe-6e48ef772514\""}
{"level":"info","ts":"2026-10-05T08:41:41.696Z","caller":"rpc/rpc_grpc.pb.go:117","msg":"Required MultiNIC access false, interfaces required 1"}
{"level":"debug","ts":"2026-10-05T08:41:41.696Z","caller":"datastore/data_store.go:713","msg":"AssignPodIPv4Address: IP address pool stats: total 0, assigned 0"}
{"level":"debug","ts":"2026-10-05T08:41:41.696Z","caller":"datastore/data_store.go:713","msg":"AssignPodIPv4Address: ENI eni-EXAMPLE21 does not have available addresses"}
{"level":"error","ts":"2026-10-05T08:41:41.696Z","caller":"datastore/data_store.go:713","msg":"DataStore has no available IP/Prefix addresses"}
{"level":"warn","ts":"2026-10-05T08:41:41.696Z","caller":"rpc/rpc_grpc.pb.go:117","msg":"Failed to assign IPs from network card 0: AssignPodIPAddress: no available IP/Prefix addresses"}
{"level":"error","ts":"2026-10-05T08:41:41.696Z","caller":"rpc/rpc_grpc.pb.go:117","msg":"Returning failure response for AddNetwork: 1 error occurred:\n\t* AssignPodIPAddress: no available IP/Prefix addresses\n\n"}
{"level":"info","ts":"2026-10-05T08:41:41.696Z","caller":"rpc/rpc_grpc.pb.go:117","msg":"Send AddNetworkReply: Success: false IPAddr: [], resp: , err: AssignPodIPAddress: no available IP/Prefix addresses"}
{"level":"info","ts":"2026-10-05T08:41:41.721Z","caller":"rpc/rpc_grpc.pb.go:135","msg":"Received DelNetwork for Sandbox 768c8bf455cbb55554afe66a35a79aa4122d3f6ea214aa2468d1c2a9f825319f"}
{"level":"debug","ts":"2026-10-05T08:41:41.721Z","caller":"rpc/rpc_grpc.pb.go:135","msg":"DelNetworkRequest: K8S_POD_NAME:\"pause-68d5b89fc-kwqf6\"  K8S_POD_NAMESPACE:\"default\"  K8S_POD_INFRA_CONTAINER_ID:\"768c8bf455cbb55554afe66a35a79aa4122d3f6ea214aa2468d1c2a9f825319f\"  Reason:\"PodDeleted\"  ContainerID:\"768c8bf455cbb55554afe66a35a79aa4122d3f6ea214aa2468d1c2a9f825319f\"  IfName:\"eth0\"  NetworkName:\"aws-cni\"  K8S_POD_UID:\"f1c84b49-6e57-471b-b275-0a0535a8e3e2\""}
{"level":"debug","ts":"2026-10-05T08:41:41.721Z","caller":"ipamd/rpc_handler.go:353","msg":"UnassignPodIPAddress: IP address pool stats: total 0, assigned 0, sandbox aws-cni/768c8bf455cbb55554afe66a35a79aa4122d3f6ea214aa2468d1c2a9f825319f/eth0"}
{"level":"debug","ts":"2026-10-05T08:41:41.721Z","caller":"ipamd/rpc_handler.go:353","msg":"UnassignPodIPAddress: Failed to find IPAM entry under full key, trying CRI-migrated version"}
{"level":"warn","ts":"2026-10-05T08:41:41.721Z","caller":"ipamd/rpc_handler.go:353","msg":"UnassignPodIPAddress: Failed to find sandbox _migrated-from-cri/768c8bf455cbb55554afe66a35a79aa4122d3f6ea214aa2468d1c2a9f825319f/unknown"}
{"level":"info","ts":"2026-10-05T08:41:41.721Z","caller":"rpc/rpc_grpc.pb.go:135","msg":"Send DelNetworkReply: IPAddress: [], err: 1 error occurred:\n\t* datastore: unknown pod\n\n"}
{"level":"debug","ts":"2026-10-05T08:41:43.254Z","caller":"ipamd/ipamd.go:809","msg":"IP pool is too low for Network Card 0: available (0) < ENI target (1) * addrsPerENI (16)"}
{"level":"debug","ts":"2026-10-05T08:41:43.254Z","caller":"ipamd/ipamd.go:2689","msg":"Prefix pool stats for network card 0: Total IPs/Prefixes = 0/0, AssignedIPs/CooldownIPs: 0/0, c.maxIPsPerENI = 80"}
{"level":"debug","ts":"2026-10-05T08:41:43.254Z","caller":"ipamd/ipamd.go:795","msg":"IP stats for Network Card 0 - total IPs: 0, assigned IPs: 0, cooldown IPs: 0"}
{"level":"debug","ts":"2026-10-05T08:41:43.254Z","caller":"ipamd/ipamd.go:813","msg":"Starting to increase pool size for network card 0"}
{"level":"debug","ts":"2026-10-05T08:41:43.254Z","caller":"ipamd/ipamd.go:966","msg":"Node found \"ip-10-20-0-45.ec2.internal\" - no of taints - 0"}
{"level":"debug","ts":"2026-10-05T08:41:43.254Z","caller":"ipamd/ipamd.go:2758","msg":"Prefix target is 1, short of 1 prefixes, free 0 prefixes"}
{"level":"debug","ts":"2026-10-05T08:41:43.254Z","caller":"ipamd/ipamd.go:1248","msg":"ToAllocate: 1, Network Card 0"}
{"level":"debug","ts":"2026-10-05T08:41:43.254Z","caller":"ipamd/ipamd.go:1251","msg":"Found ENI eni-EXAMPLE21 that has less than the maximum number of IP/Prefixes addresses allocated: cur=0, max=5"}
{"level":"info","ts":"2026-10-05T08:41:43.254Z","caller":"ipamd/ipamd.go:1255","msg":"Trying to allocate 1 IP addresses on ENI eni-EXAMPLE21"}
{"level":"debug","ts":"2026-10-05T08:41:43.254Z","caller":"ipamd/ipamd.go:1255","msg":"PD enabled - true"}
{"level":"debug","ts":"2026-10-05T08:41:43.690Z","caller":"awsutils/awsutils.go:2174","msg":"checkAPIErrorAndBroadcastEvent resulted in operation error EC2: AssignPrivateIpAddresses, https response error StatusCode: 400, RequestID: b5801e41-3de4-4f28-9403-c2712574a07f, api error InsufficientCidrBlocks: The specified subnet does not have enough free cidr blocks to satisfy the request."}
{"level":"error","ts":"2026-10-05T08:41:43.690Z","caller":"ipamd/ipamd.go:1255","msg":"Failed to allocate a private IP/Prefix addresses on ENI eni-EXAMPLE21: operation error EC2: AssignPrivateIpAddresses, https response error StatusCode: 400, RequestID: b5801e41-3de4-4f28-9403-c2712574a07f, api error InsufficientCidrBlocks: The specified subnet does not have enough free cidr blocks to satisfy the request."}
{"level":"debug","ts":"2026-10-05T08:41:43.690Z","caller":"ipamd/ipamd.go:1256","msg":"containsPrivateIPAddressLimitExceededError encountered operation error EC2: AssignPrivateIpAddresses, https response error StatusCode: 400, RequestID: b5801e41-3de4-4f28-9403-c2712574a07f, api error InsufficientCidrBlocks: The specified subnet does not have enough free cidr blocks to satisfy the request."}
{"level":"warn","ts":"2026-10-05T08:41:43.690Z","caller":"ipamd/ipamd.go:1113","msg":"failed to allocate all available IPv4 Prefixes on ENI eni-EXAMPLE21, err: operation error EC2: AssignPrivateIpAddresses, https response error StatusCode: 400, RequestID: b5801e41-3de4-4f28-9403-c2712574a07f, api error InsufficientCidrBlocks: The specified subnet does not have enough free cidr blocks to satisfy the request."}
{"level":"info","ts":"2026-10-05T08:41:43.690Z","caller":"ipamd/ipamd.go:1259","msg":"Trying to allocate 1 IP addresses on ENI eni-EXAMPLE21"}
{"level":"debug","ts":"2026-10-05T08:41:43.690Z","caller":"ipamd/ipamd.go:1259","msg":"PD enabled - true"}
{"level":"info","ts":"2026-10-05T08:41:43.702Z","caller":"rpc/rpc_grpc.pb.go:117","msg":"Received AddNetwork for NS /var/run/netns/cni-84bb3282-6b90-6ab4-64aa-55884f909405, Sandbox 97cea8af9da88ba7fba3df22888f2757ab2978a3bd70422b6c25b17856a8f816, ifname eth0"}
{"level":"debug","ts":"2026-10-05T08:41:43.702Z","caller":"rpc/rpc_grpc.pb.go:117","msg":"AddNetworkRequest: K8S_POD_NAME:\"pause-68d5b89fc-xv2r9\"  K8S_POD_NAMESPACE:\"default\"  K8S_POD_INFRA_CONTAINER_ID:\"97cea8af9da88ba7fba3df22888f2757ab2978a3bd70422b6c25b17856a8f816\"  ContainerID:\"97cea8af9da88ba7fba3df22888f2757ab2978a3bd70422b6c25b17856a8f816\"  IfName:\"eth0\"  NetworkName:\"aws-cni\"  Netns:\"/var/run/netns/cni-84bb3282-6b90-6ab4-64aa-55884f909405\""}
{"level":"info","ts":"2026-10-05T08:41:43.702Z","caller":"rpc/rpc_grpc.pb.go:117","msg":"Required MultiNIC access false, interfaces required 1"}
{"level":"debug","ts":"2026-10-05T08:41:43.702Z","caller":"datastore/data_store.go:713","msg":"AssignPodIPv4Address: IP address pool stats: total 0, assigned 0"}
{"level":"debug","ts":"2026-10-05T08:41:43.702Z","caller":"datastore/data_store.go:713","msg":"AssignPodIPv4Address: ENI eni-EXAMPLE21 does not have available addresses"}
{"level":"error","ts":"2026-10-05T08:41:43.702Z","caller":"datastore/data_store.go:713","msg":"DataStore has no available IP/Prefix addresses"}
{"level":"warn","ts":"2026-10-05T08:41:43.702Z","caller":"rpc/rpc_grpc.pb.go:117","msg":"Failed to assign IPs from network card 0: AssignPodIPAddress: no available IP/Prefix addresses"}
{"level":"error","ts":"2026-10-05T08:41:43.702Z","caller":"rpc/rpc_grpc.pb.go:117","msg":"Returning failure response for AddNetwork: 1 error occurred:\n\t* AssignPodIPAddress: no available IP/Prefix addresses\n\n"}
{"level":"info","ts":"2026-10-05T08:41:43.702Z","caller":"rpc/rpc_grpc.pb.go:117","msg":"Send AddNetworkReply: Success: false IPAddr: [], resp: , err: AssignPodIPAddress: no available IP/Prefix addresses"}
{"level":"info","ts":"2026-10-05T08:41:43.716Z","caller":"rpc/rpc_grpc.pb.go:117","msg":"Received AddNetwork for NS /var/run/netns/cni-bc406833-259f-ae8b-330e-f55d48876f47, Sandbox df9c9d7c54d0dcfa3bfbc8fbd79abde773d4d6af4e7ab203fc0c4c6772d7cdf9, ifname eth0"}
{"level":"debug","ts":"2026-10-05T08:41:43.716Z","caller":"rpc/rpc_grpc.pb.go:117","msg":"AddNetworkRequest: K8S_POD_NAME:\"coredns-79f8dffc57-cv2lj\"  K8S_POD_NAMESPACE:\"kube-system\"  K8S_POD_INFRA_CONTAINER_ID:\"df9c9d7c54d0dcfa3bfbc8fbd79abde773d4d6af4e7ab203fc0c4c6772d7cdf9\"  ContainerID:\"df9c9d7c54d0dcfa3bfbc8fbd79abde773d4d6af4e7ab203fc0c4c6772d7cdf9\"  IfName:\"eth0\"  NetworkName:\"aws-cni\"  Netns:\"/var/run/netns/cni-bc406833-259f-ae8b-330e-f55d48876f47\""}
{"level":"info","ts":"2026-10-05T08:41:43.716Z","caller":"rpc/rpc_grpc.pb.go:117","msg":"Required MultiNIC access false, interfaces required 1"}
{"level":"debug","ts":"2026-10-05T08:41:43.716Z","caller":"datastore/data_store.go:713","msg":"AssignPodIPv4Address: IP address pool stats: total 0, assigned 0"}
{"level":"debug","ts":"2026-10-05T08:41:43.716Z","caller":"datastore/data_store.go:713","msg":"AssignPodIPv4Address: ENI eni-EXAMPLE21 does not have available addresses"}
{"level":"error","ts":"2026-10-05T08:41:43.716Z","caller":"datastore/data_store.go:713","msg":"DataStore has no available IP/Prefix addresses"}
{"level":"warn","ts":"2026-10-05T08:41:43.716Z","caller":"rpc/rpc_grpc.pb.go:117","msg":"Failed to assign IPs from network card 0: AssignPodIPAddress: no available IP/Prefix addresses"}
{"level":"error","ts":"2026-10-05T08:41:43.717Z","caller":"rpc/rpc_grpc.pb.go:117","msg":"Returning failure response for AddNetwork: 1 error occurred:\n\t* AssignPodIPAddress: no available IP/Prefix addresses\n\n"}
{"level":"info","ts":"2026-10-05T08:41:43.717Z","caller":"rpc/rpc_grpc.pb.go:117","msg":"Send AddNetworkReply: Success: false IPAddr: [], resp: , err: AssignPodIPAddress: no available IP/Prefix addresses"}
{"level":"info","ts":"2026-10-05T08:41:43.747Z","caller":"rpc/rpc_grpc.pb.go:135","msg":"Received DelNetwork for Sandbox 97cea8af9da88ba7fba3df22888f2757ab2978a3bd70422b6c25b17856a8f816"}
{"level":"debug","ts":"2026-10-05T08:41:43.747Z","caller":"rpc/rpc_grpc.pb.go:135","msg":"DelNetworkRequest: K8S_POD_NAME:\"pause-68d5b89fc-xv2r9\"  K8S_POD_NAMESPACE:\"default\"  K8S_POD_INFRA_CONTAINER_ID:\"97cea8af9da88ba7fba3df22888f2757ab2978a3bd70422b6c25b17856a8f816\"  Reason:\"PodDeleted\"  ContainerID:\"97cea8af9da88ba7fba3df22888f2757ab2978a3bd70422b6c25b17856a8f816\"  IfName:\"eth0\"  NetworkName:\"aws-cni\"  K8S_POD_UID:\"cd4aecc7-3371-4cf3-bd27-460a41c60184\""}
{"level":"debug","ts":"2026-10-05T08:41:43.747Z","caller":"ipamd/rpc_handler.go:353","msg":"UnassignPodIPAddress: IP address pool stats: total 0, assigned 0, sandbox aws-cni/97cea8af9da88ba7fba3df22888f2757ab2978a3bd70422b6c25b17856a8f816/eth0"}
{"level":"debug","ts":"2026-10-05T08:41:43.747Z","caller":"ipamd/rpc_handler.go:353","msg":"UnassignPodIPAddress: Failed to find IPAM entry under full key, trying CRI-migrated version"}
{"level":"warn","ts":"2026-10-05T08:41:43.747Z","caller":"ipamd/rpc_handler.go:353","msg":"UnassignPodIPAddress: Failed to find sandbox _migrated-from-cri/97cea8af9da88ba7fba3df22888f2757ab2978a3bd70422b6c25b17856a8f816/unknown"}
{"level":"info","ts":"2026-10-05T08:41:43.747Z","caller":"rpc/rpc_grpc.pb.go:135","msg":"Send DelNetworkReply: IPAddress: [], err: 1 error occurred:\n\t* datastore: unknown pod\n\n"}
{"level":"info","ts":"2026-10-05T08:41:43.763Z","caller":"rpc/rpc_grpc.pb.go:135","msg":"Received DelNetwork for Sandbox df9c9d7c54d0dcfa3bfbc8fbd79abde773d4d6af4e7ab203fc0c4c6772d7cdf9"}
{"level":"debug","ts":"2026-10-05T08:41:43.763Z","caller":"rpc/rpc_grpc.pb.go:135","msg":"DelNetworkRequest: K8S_POD_NAME:\"coredns-79f8dffc57-cv2lj\"  K8S_POD_NAMESPACE:\"kube-system\"  K8S_POD_INFRA_CONTAINER_ID:\"df9c9d7c54d0dcfa3bfbc8fbd79abde773d4d6af4e7ab203fc0c4c6772d7cdf9\"  Reason:\"PodDeleted\"  ContainerID:\"df9c9d7c54d0dcfa3bfbc8fbd79abde773d4d6af4e7ab203fc0c4c6772d7cdf9\"  IfName:\"eth0\"  NetworkName:\"aws-cni\"  K8S_POD_UID:\"080397ba-9aa0-4db1-b449-5fe2b0811692\""}
{"level":"debug","ts":"2026-10-05T08:41:43.763Z","caller":"ipamd/rpc_handler.go:353","msg":"UnassignPodIPAddress: IP address pool stats: total 0, assigned 0, sandbox aws-cni/df9c9d7c54d0dcfa3bfbc8fbd79abde773d4d6af4e7ab203fc0c4c6772d7cdf9/eth0"}
{"level":"debug","ts":"2026-10-05T08:41:43.763Z","caller":"ipamd/rpc_handler.go:353","msg":"UnassignPodIPAddress: Failed to find IPAM entry under full key, trying CRI-migrated version"}
{"level":"warn","ts":"2026-10-05T08:41:43.763Z","caller":"ipamd/rpc_handler.go:353","msg":"UnassignPodIPAddress: Failed to find sandbox _migrated-from-cri/df9c9d7c54d0dcfa3bfbc8fbd79abde773d4d6af4e7ab203fc0c4c6772d7cdf9/unknown"}
{"level":"info","ts":"2026-10-05T08:41:43.763Z","caller":"rpc/rpc_grpc.pb.go:135","msg":"Send DelNetworkReply: IPAddress: [], err: 1 error occurred:\n\t* datastore: unknown pod\n\n"}
{"level":"debug","ts":"2026-10-05T08:41:44.113Z","caller":"awsutils/awsutils.go:2174","msg":"checkAPIErrorAndBroadcastEvent resulted in operation error EC2: AssignPrivateIpAddresses, https response error StatusCode: 400, RequestID: 1abc53bb-1792-4c5c-b534-e24b3882381a, api error InsufficientCidrBlocks: The specified subnet does not have enough free cidr blocks to satisfy the request."}
{"level":"error","ts":"2026-10-05T08:41:44.113Z","caller":"ipamd/ipamd.go:1259","msg":"Failed to allocate a private IP/Prefix addresses on ENI eni-EXAMPLE21: operation error EC2: AssignPrivateIpAddresses, https response error StatusCode: 400, RequestID: 1abc53bb-1792-4c5c-b534-e24b3882381a, api error InsufficientCidrBlocks: The specified subnet does not have enough free cidr blocks to satisfy the request."}
{"level":"debug","ts":"2026-10-05T08:41:44.113Z","caller":"ipamd/ipamd.go:1260","msg":"containsPrivateIPAddressLimitExceededError encountered operation error EC2: AssignPrivateIpAddresses, https response error StatusCode: 400, RequestID: 1abc53bb-1792-4c5c-b534-e24b3882381a, api error InsufficientCidrBlocks: The specified subnet does not have enough free cidr blocks to satisfy the request."}
{"level":"debug","ts":"2026-10-05T08:41:44.113Z","caller":"ipamd/ipamd.go:1262","msg":"containsInsufficientCIDRsOrSubnetIPs encountered operation error EC2: AssignPrivateIpAddresses, https response error StatusCode: 400, RequestID: 1abc53bb-1792-4c5c-b534-e24b3882381a, api error InsufficientCidrBlocks: The specified subnet does not have enough free cidr blocks to satisfy the request."}
{"level":"debug","ts":"2026-10-05T08:41:44.113Z","caller":"ipamd/ipamd.go:1262","msg":"Insufficient IP Addresses due to: InsufficientCidrBlocks\n"}
{"level":"debug","ts":"2026-10-05T08:41:44.113Z","caller":"ipamd/ipamd.go:1003","msg":"hasRoomForEni: networkCard=0, currentENIs=1, currentUsableENIs=1, maxENI=3, unmanagedENI=0, trunkEni=0, excludedENI=0, hasRoom=true"}
{"level":"debug","ts":"2026-10-05T08:41:44.113Z","caller":"ipamd/ipamd.go:2758","msg":"Prefix target is 1, short of 1 prefixes, free 0 prefixes"}
{"level":"debug","ts":"2026-10-05T08:41:44.113Z","caller":"ipamd/ipamd.go:2595","msg":"ToAllocate: 1, Network Card 0"}
{"level":"info","ts":"2026-10-05T08:41:44.113Z","caller":"awsutils/awsutils.go:1044","msg":"Trying to allocate 1 IP addresses on new ENI"}
{"level":"debug","ts":"2026-10-05T08:41:44.113Z","caller":"awsutils/awsutils.go:1044","msg":"PD enabled - true"}
{"level":"debug","ts":"2026-10-05T08:41:44.326Z","caller":"awsutils/awsutils.go:1272","msg":"Primary subnet subnet-EXAMPLE1 has no kubernetes.io/role/cni tag, including it for ENI creation (backwards compatibility)"}
{"level":"info","ts":"2026-10-05T08:41:44.326Z","caller":"awsutils/awsutils.go:1044","msg":"Creating ENI with security groups: [sg-EXAMPLE1] in subnet: subnet-EXAMPLE1"}
{"level":"debug","ts":"2026-10-05T08:41:44.595Z","caller":"awsutils/awsutils.go:1449","msg":"checkAPIErrorAndBroadcastEvent resulted in operation error EC2: CreateNetworkInterface, https response error StatusCode: 400, RequestID: 4d02c859-fd68-49a9-8a9a-f3139ba5bc6b, api error InvalidParameterValue: There aren't sufficient free Ipv4 addresses or prefixes"}
{"level":"error","ts":"2026-10-05T08:41:44.595Z","caller":"awsutils/awsutils.go:1285","msg":"Failed to CreateNetworkInterface operation error EC2: CreateNetworkInterface, https response error StatusCode: 400, RequestID: 4d02c859-fd68-49a9-8a9a-f3139ba5bc6b, api error InvalidParameterValue: There aren't sufficient free Ipv4 addresses or prefixes for subnet subnet-EXAMPLE1"}
{"level":"debug","ts":"2026-10-05T08:41:44.595Z","caller":"awsutils/awsutils.go:1272","msg":"Subnet subnet-EXAMPLE2 has no kubernetes.io/role/cni tag, excluding it from ENI creation"}
{"level":"error","ts":"2026-10-05T08:41:44.595Z","caller":"ipamd/ipamd.go:1004","msg":"Failed to increase pool size due to not able to allocate ENI AllocENI: failed to create ENI: failed to create network interface: operation error EC2: CreateNetworkInterface, https response error StatusCode: 400, RequestID: 4d02c859-fd68-49a9-8a9a-f3139ba5bc6b, api error InvalidParameterValue: There aren't sufficient free Ipv4 addresses or prefixes"}
{"level":"warn","ts":"2026-10-05T08:41:44.595Z","caller":"ipamd/ipamd.go:1004","msg":"Failed to allocate 1 IP addresses on an ENI: AllocENI: failed to create ENI: failed to create network interface: operation error EC2: CreateNetworkInterface, https response error StatusCode: 400, RequestID: 4d02c859-fd68-49a9-8a9a-f3139ba5bc6b, api error InvalidParameterValue: There aren't sufficient free Ipv4 addresses or prefixes"}
{"level":"debug","ts":"2026-10-05T08:41:44.595Z","caller":"ipamd/ipamd.go:1082","msg":"containsInsufficientCIDRsOrSubnetIPs encountered AllocENI: failed to create ENI: failed to create network interface: operation error EC2: CreateNetworkInterface, https response error StatusCode: 400, RequestID: 4d02c859-fd68-49a9-8a9a-f3139ba5bc6b, api error InvalidParameterValue: There aren't sufficient free Ipv4 addresses or prefixes"}
{"level":"debug","ts":"2026-10-05T08:41:44.595Z","caller":"ipamd/ipamd.go:1082","msg":"Insufficient IP Addresses due to: InvalidParameterValue\n"}
{"level":"debug","ts":"2026-10-05T08:41:44.595Z","caller":"ipamd/ipamd.go:813","msg":"Error trying to allocate ENI: AllocENI: failed to create ENI: failed to create network interface: operation error EC2: CreateNetworkInterface, https response error StatusCode: 400, RequestID: 4d02c859-fd68-49a9-8a9a-f3139ba5bc6b, api error InvalidParameterValue: There aren't sufficient free Ipv4 addresses or prefixes"}
{"level":"debug","ts":"2026-10-05T08:41:44.595Z","caller":"ipamd/ipamd.go:1548","msg":"ENI eni-EXAMPLE21 cannot be deleted because it is primary"}
{"level":"debug","ts":"2026-10-05T08:41:49.597Z","caller":"ipamd/ipamd.go:809","msg":"IP pool is too low for Network Card 0: available (0) < ENI target (1) * addrsPerENI (16)"}
{"level":"debug","ts":"2026-10-05T08:41:49.597Z","caller":"ipamd/ipamd.go:2689","msg":"Prefix pool stats for network card 0: Total IPs/Prefixes = 0/0, AssignedIPs/CooldownIPs: 0/0, c.maxIPsPerENI = 80"}
{"level":"debug","ts":"2026-10-05T08:41:49.597Z","caller":"ipamd/ipamd.go:795","msg":"IP stats for Network Card 0 - total IPs: 0, assigned IPs: 0, cooldown IPs: 0"}
{"level":"debug","ts":"2026-10-05T08:41:49.597Z","caller":"ipamd/ipamd.go:813","msg":"Starting to increase pool size for network card 0"}
{"level":"debug","ts":"2026-10-05T08:41:49.597Z","caller":"ipamd/ipamd.go:966","msg":"Node found \"ip-10-20-0-45.ec2.internal\" - no of taints - 0"}
{"level":"debug","ts":"2026-10-05T08:41:49.597Z","caller":"ipamd/ipamd.go:2758","msg":"Prefix target is 1, short of 1 prefixes, free 0 prefixes"}
{"level":"debug","ts":"2026-10-05T08:41:49.597Z","caller":"ipamd/ipamd.go:1248","msg":"ToAllocate: 1, Network Card 0"}
{"level":"debug","ts":"2026-10-05T08:41:49.597Z","caller":"ipamd/ipamd.go:1251","msg":"Found ENI eni-EXAMPLE21 that has less than the maximum number of IP/Prefixes addresses allocated: cur=0, max=5"}
{"level":"info","ts":"2026-10-05T08:41:49.597Z","caller":"ipamd/ipamd.go:1255","msg":"Trying to allocate 1 IP addresses on ENI eni-EXAMPLE21"}
{"level":"debug","ts":"2026-10-05T08:41:49.597Z","caller":"ipamd/ipamd.go:1255","msg":"PD enabled - true"}
{"level":"debug","ts":"2026-10-05T08:41:50.015Z","caller":"awsutils/awsutils.go:2174","msg":"checkAPIErrorAndBroadcastEvent resulted in operation error EC2: AssignPrivateIpAddresses, https response error StatusCode: 400, RequestID: 2a018932-f153-4889-a16b-f53fb33f75c0, api error InsufficientCidrBlocks: The specified subnet does not have enough free cidr blocks to satisfy the request."}
{"level":"error","ts":"2026-10-05T08:41:50.015Z","caller":"ipamd/ipamd.go:1255","msg":"Failed to allocate a private IP/Prefix addresses on ENI eni-EXAMPLE21: operation error EC2: AssignPrivateIpAddresses, https response error StatusCode: 400, RequestID: 2a018932-f153-4889-a16b-f53fb33f75c0, api error InsufficientCidrBlocks: The specified subnet does not have enough free cidr blocks to satisfy the request."}
{"level":"debug","ts":"2026-10-05T08:41:50.015Z","caller":"ipamd/ipamd.go:1256","msg":"containsPrivateIPAddressLimitExceededError encountered operation error EC2: AssignPrivateIpAddresses, https response error StatusCode: 400, RequestID: 2a018932-f153-4889-a16b-f53fb33f75c0, api error InsufficientCidrBlocks: The specified subnet does not have enough free cidr blocks to satisfy the request."}
{"level":"warn","ts":"2026-10-05T08:41:50.016Z","caller":"ipamd/ipamd.go:1113","msg":"failed to allocate all available IPv4 Prefixes on ENI eni-EXAMPLE21, err: operation error EC2: AssignPrivateIpAddresses, https response error StatusCode: 400, RequestID: 2a018932-f153-4889-a16b-f53fb33f75c0, api error InsufficientCidrBlocks: The specified subnet does not have enough free cidr blocks to satisfy the request."}
{"level":"info","ts":"2026-10-05T08:41:50.016Z","caller":"ipamd/ipamd.go:1259","msg":"Trying to allocate 1 IP addresses on ENI eni-EXAMPLE21"}
{"level":"debug","ts":"2026-10-05T08:41:50.016Z","caller":"ipamd/ipamd.go:1259","msg":"PD enabled - true"}
{"level":"debug","ts":"2026-10-05T08:41:50.447Z","caller":"awsutils/awsutils.go:2174","msg":"checkAPIErrorAndBroadcastEvent resulted in operation error EC2: AssignPrivateIpAddresses, https response error StatusCode: 400, RequestID: 2fe046ce-5a2f-4ad4-9db9-d4f7fc42fdc8, api error InsufficientCidrBlocks: The specified subnet does not have enough free cidr blocks to satisfy the request."}
{"level":"error","ts":"2026-10-05T08:41:50.447Z","caller":"ipamd/ipamd.go:1259","msg":"Failed to allocate a private IP/Prefix addresses on ENI eni-EXAMPLE21: operation error EC2: AssignPrivateIpAddresses, https response error StatusCode: 400, RequestID: 2fe046ce-5a2f-4ad4-9db9-d4f7fc42fdc8, api error InsufficientCidrBlocks: The specified subnet does not have enough free cidr blocks to satisfy the request."}
{"level":"debug","ts":"2026-10-05T08:41:50.447Z","caller":"ipamd/ipamd.go:1260","msg":"containsPrivateIPAddressLimitExceededError encountered operation error EC2: AssignPrivateIpAddresses, https response error StatusCode: 400, RequestID: 2fe046ce-5a2f-4ad4-9db9-d4f7fc42fdc8, api error InsufficientCidrBlocks: The specified subnet does not have enough free cidr blocks to satisfy the request."}
{"level":"debug","ts":"2026-10-05T08:41:50.447Z","caller":"ipamd/ipamd.go:1262","msg":"containsInsufficientCIDRsOrSubnetIPs encountered operation error EC2: AssignPrivateIpAddresses, https response error StatusCode: 400, RequestID: 2fe046ce-5a2f-4ad4-9db9-d4f7fc42fdc8, api error InsufficientCidrBlocks: The specified subnet does not have enough free cidr blocks to satisfy the request."}
{"level":"debug","ts":"2026-10-05T08:41:50.447Z","caller":"ipamd/ipamd.go:1262","msg":"Insufficient IP Addresses due to: InsufficientCidrBlocks\n"}
{"level":"debug","ts":"2026-10-05T08:41:50.447Z","caller":"ipamd/ipamd.go:1003","msg":"hasRoomForEni: networkCard=0, currentENIs=1, currentUsableENIs=1, maxENI=3, unmanagedENI=0, trunkEni=0, excludedENI=0, hasRoom=true"}
{"level":"debug","ts":"2026-10-05T08:41:50.447Z","caller":"ipamd/ipamd.go:2758","msg":"Prefix target is 1, short of 1 prefixes, free 0 prefixes"}
{"level":"debug","ts":"2026-10-05T08:41:50.447Z","caller":"ipamd/ipamd.go:2595","msg":"ToAllocate: 1, Network Card 0"}
{"level":"info","ts":"2026-10-05T08:41:50.447Z","caller":"awsutils/awsutils.go:1044","msg":"Trying to allocate 1 IP addresses on new ENI"}
{"level":"debug","ts":"2026-10-05T08:41:50.447Z","caller":"awsutils/awsutils.go:1044","msg":"PD enabled - true"}
{"level":"debug","ts":"2026-10-05T08:41:50.565Z","caller":"awsutils/awsutils.go:1272","msg":"Primary subnet subnet-EXAMPLE1 has no kubernetes.io/role/cni tag, including it for ENI creation (backwards compatibility)"}
{"level":"info","ts":"2026-10-05T08:41:50.565Z","caller":"awsutils/awsutils.go:1044","msg":"Creating ENI with security groups: [sg-EXAMPLE1] in subnet: subnet-EXAMPLE1"}
{"level":"info","ts":"2026-10-05T08:41:50.693Z","caller":"rpc/rpc_grpc.pb.go:117","msg":"Received AddNetwork for NS /var/run/netns/cni-f5cf041f-6564-0685-ab64-670b44de3178, Sandbox 89af5860ab2a846d0c308cb23dff0ed03159328fbd6386325bba57eea0508a8b, ifname eth0"}
{"level":"debug","ts":"2026-10-05T08:41:50.694Z","caller":"rpc/rpc_grpc.pb.go:117","msg":"AddNetworkRequest: K8S_POD_NAME:\"coredns-79f8dffc57-fwslz\"  K8S_POD_NAMESPACE:\"kube-system\"  K8S_POD_INFRA_CONTAINER_ID:\"89af5860ab2a846d0c308cb23dff0ed03159328fbd6386325bba57eea0508a8b\"  ContainerID:\"89af5860ab2a846d0c308cb23dff0ed03159328fbd6386325bba57eea0508a8b\"  IfName:\"eth0\"  NetworkName:\"aws-cni\"  Netns:\"/var/run/netns/cni-f5cf041f-6564-0685-ab64-670b44de3178\""}
{"level":"info","ts":"2026-10-05T08:41:50.694Z","caller":"rpc/rpc_grpc.pb.go:117","msg":"Required MultiNIC access false, interfaces required 1"}
{"level":"debug","ts":"2026-10-05T08:41:50.694Z","caller":"datastore/data_store.go:713","msg":"AssignPodIPv4Address: IP address pool stats: total 0, assigned 0"}
{"level":"debug","ts":"2026-10-05T08:41:50.694Z","caller":"datastore/data_store.go:713","msg":"AssignPodIPv4Address: ENI eni-EXAMPLE21 does not have available addresses"}
{"level":"error","ts":"2026-10-05T08:41:50.694Z","caller":"datastore/data_store.go:713","msg":"DataStore has no available IP/Prefix addresses"}
{"level":"warn","ts":"2026-10-05T08:41:50.694Z","caller":"rpc/rpc_grpc.pb.go:117","msg":"Failed to assign IPs from network card 0: AssignPodIPAddress: no available IP/Prefix addresses"}
{"level":"error","ts":"2026-10-05T08:41:50.694Z","caller":"rpc/rpc_grpc.pb.go:117","msg":"Returning failure response for AddNetwork: 1 error occurred:\n\t* AssignPodIPAddress: no available IP/Prefix addresses\n\n"}
{"level":"info","ts":"2026-10-05T08:41:50.694Z","caller":"rpc/rpc_grpc.pb.go:117","msg":"Send AddNetworkReply: Success: false IPAddr: [], resp: , err: AssignPodIPAddress: no available IP/Prefix addresses"}
{"level":"info","ts":"2026-10-05T08:41:50.719Z","caller":"rpc/rpc_grpc.pb.go:135","msg":"Received DelNetwork for Sandbox 89af5860ab2a846d0c308cb23dff0ed03159328fbd6386325bba57eea0508a8b"}
{"level":"debug","ts":"2026-10-05T08:41:50.719Z","caller":"rpc/rpc_grpc.pb.go:135","msg":"DelNetworkRequest: K8S_POD_NAME:\"coredns-79f8dffc57-fwslz\"  K8S_POD_NAMESPACE:\"kube-system\"  K8S_POD_INFRA_CONTAINER_ID:\"89af5860ab2a846d0c308cb23dff0ed03159328fbd6386325bba57eea0508a8b\"  Reason:\"PodDeleted\"  ContainerID:\"89af5860ab2a846d0c308cb23dff0ed03159328fbd6386325bba57eea0508a8b\"  IfName:\"eth0\"  NetworkName:\"aws-cni\"  K8S_POD_UID:\"ad241f1d-d89e-4886-8d30-e22384a0b925\""}
{"level":"debug","ts":"2026-10-05T08:41:50.719Z","caller":"ipamd/rpc_handler.go:353","msg":"UnassignPodIPAddress: IP address pool stats: total 0, assigned 0, sandbox aws-cni/89af5860ab2a846d0c308cb23dff0ed03159328fbd6386325bba57eea0508a8b/eth0"}
{"level":"debug","ts":"2026-10-05T08:41:50.719Z","caller":"ipamd/rpc_handler.go:353","msg":"UnassignPodIPAddress: Failed to find IPAM entry under full key, trying CRI-migrated version"}
{"level":"warn","ts":"2026-10-05T08:41:50.719Z","caller":"ipamd/rpc_handler.go:353","msg":"UnassignPodIPAddress: Failed to find sandbox _migrated-from-cri/89af5860ab2a846d0c308cb23dff0ed03159328fbd6386325bba57eea0508a8b/unknown"}
{"level":"info","ts":"2026-10-05T08:41:50.719Z","caller":"rpc/rpc_grpc.pb.go:135","msg":"Send DelNetworkReply: IPAddress: [], err: 1 error occurred:\n\t* datastore: unknown pod\n\n"}
{"level":"debug","ts":"2026-10-05T08:41:50.793Z","caller":"awsutils/awsutils.go:1449","msg":"checkAPIErrorAndBroadcastEvent resulted in operation error EC2: CreateNetworkInterface, https response error StatusCode: 400, RequestID: 2f579c30-e81b-4f4f-bad6-3cb680c5351a, api error InvalidParameterValue: There aren't sufficient free Ipv4 addresses or prefixes"}
{"level":"error","ts":"2026-10-05T08:41:50.793Z","caller":"awsutils/awsutils.go:1285","msg":"Failed to CreateNetworkInterface operation error EC2: CreateNetworkInterface, https response error StatusCode: 400, RequestID: 2f579c30-e81b-4f4f-bad6-3cb680c5351a, api error InvalidParameterValue: There aren't sufficient free Ipv4 addresses or prefixes for subnet subnet-EXAMPLE1"}
{"level":"debug","ts":"2026-10-05T08:41:50.793Z","caller":"awsutils/awsutils.go:1272","msg":"Subnet subnet-EXAMPLE2 has no kubernetes.io/role/cni tag, excluding it from ENI creation"}
{"level":"error","ts":"2026-10-05T08:41:50.793Z","caller":"ipamd/ipamd.go:1004","msg":"Failed to increase pool size due to not able to allocate ENI AllocENI: failed to create ENI: failed to create network interface: operation error EC2: CreateNetworkInterface, https response error StatusCode: 400, RequestID: 2f579c30-e81b-4f4f-bad6-3cb680c5351a, api error InvalidParameterValue: There aren't sufficient free Ipv4 addresses or prefixes"}
{"level":"warn","ts":"2026-10-05T08:41:50.793Z","caller":"ipamd/ipamd.go:1004","msg":"Failed to allocate 1 IP addresses on an ENI: AllocENI: failed to create ENI: failed to create network interface: operation error EC2: CreateNetworkInterface, https response error StatusCode: 400, RequestID: 2f579c30-e81b-4f4f-bad6-3cb680c5351a, api error InvalidParameterValue: There aren't sufficient free Ipv4 addresses or prefixes"}
{"level":"debug","ts":"2026-10-05T08:41:50.793Z","caller":"ipamd/ipamd.go:1082","msg":"containsInsufficientCIDRsOrSubnetIPs encountered AllocENI: failed to create ENI: failed to create network interface: operation error EC2: CreateNetworkInterface, https response error StatusCode: 400, RequestID: 2f579c30-e81b-4f4f-bad6-3cb680c5351a, api error InvalidParameterValue: There aren't sufficient free Ipv4 addresses or prefixes"}
{"level":"debug","ts":"2026-10-05T08:41:50.793Z","caller":"ipamd/ipamd.go:1082","msg":"Insufficient IP Addresses due to: InvalidParameterValue\n"}
{"level":"debug","ts":"2026-10-05T08:41:50.793Z","caller":"ipamd/ipamd.go:813","msg":"Error trying to allocate ENI: AllocENI: failed to create ENI: failed to create network interface: operation error EC2: CreateNetworkInterface, https response error StatusCode: 400, RequestID: 2f579c30-e81b-4f4f-bad6-3cb680c5351a, api error InvalidParameterValue: There aren't sufficient free Ipv4 addresses or prefixes"}
{"level":"debug","ts":"2026-10-05T08:41:50.793Z","caller":"ipamd/ipamd.go:1548","msg":"ENI eni-EXAMPLE21 cannot be deleted because it is primary"}
{"level":"debug","ts":"2026-10-05T08:41:53.293Z","caller":"ipamd/ipamd.go:798","msg":"Reconciling ENI/IP pool info because time since last 1m3.098273311s > 1m0s"}
{"level":"debug","ts":"2026-10-05T08:41:53.294Z","caller":"ipamd/ipamd.go:1621","msg":"Total number of interfaces found: 1 "}
{"level":"debug","ts":"2026-10-05T08:41:53.294Z","caller":"awsutils/awsutils.go:787","msg":"Found ENI MAC address: 0a:ff:c7:36:15:eb"}
{"level":"debug","ts":"2026-10-05T08:41:53.301Z","caller":"awsutils/awsutils.go:787","msg":"Found ENI: eni-EXAMPLE21, MAC 0a:ff:c7:36:15:eb, device 0"}
{"level":"debug","ts":"2026-10-05T08:41:53.308Z","caller":"awsutils/awsutils.go:787","msg":"Found IPv4 addresses associated with interface. This is not efa-only interface"}
{"level":"debug","ts":"2026-10-05T08:41:53.316Z","caller":"ipamd/ipamd.go:798","msg":"Reconcile existing ENI eni-EXAMPLE21 IP pool"}
{"level":"info","ts":"2026-10-05T08:41:53.316Z","caller":"ipamd/ipamd.go:1766","msg":"Reconcile and skip primary IP 10.20.0.45 on ENI eni-EXAMPLE21"}
{"level":"debug","ts":"2026-10-05T08:41:53.316Z","caller":"ipamd/ipamd.go:798","msg":"Reconcile existing ENI eni-EXAMPLE21 IP prefixes"}
{"level":"debug","ts":"2026-10-05T08:41:53.316Z","caller":"ipamd/ipamd.go:1693","msg":"Found prefix pool count 0 for eni eni-EXAMPLE21\n"}
{"level":"debug","ts":"2026-10-05T08:41:53.316Z","caller":"ipamd/ipamd.go:798","msg":"Successfully Reconciled ENI/IP pool"}
{"level":"debug","ts":"2026-10-05T08:41:53.316Z","caller":"ipamd/ipamd.go:1738","msg":"Prefix pool stats for network card 0: Total IPs/Prefixes = 0/0, AssignedIPs/CooldownIPs: 0/0, c.maxIPsPerENI = 80"}
{"level":"debug","ts":"2026-10-05T08:41:53.316Z","caller":"ipamd/ipamd.go:798","msg":"Primary IP for ENI eni-EXAMPLE21 is 10.20.0.45"}
{"level":"info","ts":"2026-10-05T08:41:55.709Z","caller":"rpc/rpc_grpc.pb.go:117","msg":"Received AddNetwork for NS /var/run/netns/cni-88739a3d-8550-ce04-5929-a4be87fda8e9, Sandbox 25bcb6dc63314df0182abd3395a94d5e0f2f36020aee7166e643e6385f304b11, ifname eth0"}
{"level":"debug","ts":"2026-10-05T08:41:55.709Z","caller":"rpc/rpc_grpc.pb.go:117","msg":"AddNetworkRequest: K8S_POD_NAME:\"pause-68d5b89fc-xv2r9\"  K8S_POD_NAMESPACE:\"default\"  K8S_POD_INFRA_CONTAINER_ID:\"25bcb6dc63314df0182abd3395a94d5e0f2f36020aee7166e643e6385f304b11\"  ContainerID:\"25bcb6dc63314df0182abd3395a94d5e0f2f36020aee7166e643e6385f304b11\"  IfName:\"eth0\"  NetworkName:\"aws-cni\"  Netns:\"/var/run/netns/cni-88739a3d-8550-ce04-5929-a4be87fda8e9\""}
{"level":"info","ts":"2026-10-05T08:41:55.709Z","caller":"rpc/rpc_grpc.pb.go:117","msg":"Required MultiNIC access false, interfaces required 1"}
{"level":"debug","ts":"2026-10-05T08:41:55.709Z","caller":"datastore/data_store.go:713","msg":"AssignPodIPv4Address: IP address pool stats: total 0, assigned 0"}
{"level":"debug","ts":"2026-10-05T08:41:55.709Z","caller":"datastore/data_store.go:713","msg":"AssignPodIPv4Address: ENI eni-EXAMPLE21 does not have available addresses"}
{"level":"error","ts":"2026-10-05T08:41:55.709Z","caller":"datastore/data_store.go:713","msg":"DataStore has no available IP/Prefix addresses"}
{"level":"warn","ts":"2026-10-05T08:41:55.709Z","caller":"rpc/rpc_grpc.pb.go:117","msg":"Failed to assign IPs from network card 0: AssignPodIPAddress: no available IP/Prefix addresses"}
{"level":"error","ts":"2026-10-05T08:41:55.709Z","caller":"rpc/rpc_grpc.pb.go:117","msg":"Returning failure response for AddNetwork: 1 error occurred:\n\t* AssignPodIPAddress: no available IP/Prefix addresses\n\n"}
{"level":"info","ts":"2026-10-05T08:41:55.709Z","caller":"rpc/rpc_grpc.pb.go:117","msg":"Send AddNetworkReply: Success: false IPAddr: [], resp: , err: AssignPodIPAddress: no available IP/Prefix addresses"}
{"level":"info","ts":"2026-10-05T08:41:55.718Z","caller":"rpc/rpc_grpc.pb.go:117","msg":"Received AddNetwork for NS /var/run/netns/cni-63944e62-1923-5053-2fd4-5775e3fb58b0, Sandbox b30a7fe2b9bc98c10d132b552870394d1fc2f3199640593db757478e09e40a6f, ifname eth0"}
{"level":"debug","ts":"2026-10-05T08:41:55.718Z","caller":"rpc/rpc_grpc.pb.go:117","msg":"AddNetworkRequest: K8S_POD_NAME:\"pause-68d5b89fc-kwqf6\"  K8S_POD_NAMESPACE:\"default\"  K8S_POD_INFRA_CONTAINER_ID:\"b30a7fe2b9bc98c10d132b552870394d1fc2f3199640593db757478e09e40a6f\"  ContainerID:\"b30a7fe2b9bc98c10d132b552870394d1fc2f3199640593db757478e09e40a6f\"  IfName:\"eth0\"  NetworkName:\"aws-cni\"  Netns:\"/var/run/netns/cni-63944e62-1923-5053-2fd4-5775e3fb58b0\""}
{"level":"info","ts":"2026-10-05T08:41:55.718Z","caller":"rpc/rpc_grpc.pb.go:117","msg":"Required MultiNIC access false, interfaces required 1"}
{"level":"debug","ts":"2026-10-05T08:41:55.718Z","caller":"datastore/data_store.go:713","msg":"AssignPodIPv4Address: IP address pool stats: total 0, assigned 0"}
{"level":"debug","ts":"2026-10-05T08:41:55.718Z","caller":"datastore/data_store.go:713","msg":"AssignPodIPv4Address: ENI eni-EXAMPLE21 does not have available addresses"}
{"level":"error","ts":"2026-10-05T08:41:55.718Z","caller":"datastore/data_store.go:713","msg":"DataStore has no available IP/Prefix addresses"}
{"level":"warn","ts":"2026-10-05T08:41:55.718Z","caller":"rpc/rpc_grpc.pb.go:117","msg":"Failed to assign IPs from network card 0: AssignPodIPAddress: no available IP/Prefix addresses"}
{"level":"error","ts":"2026-10-05T08:41:55.718Z","caller":"rpc/rpc_grpc.pb.go:117","msg":"Returning failure response for AddNetwork: 1 error occurred:\n\t* AssignPodIPAddress: no available IP/Prefix addresses\n\n"}
{"level":"info","ts":"2026-10-05T08:41:55.718Z","caller":"rpc/rpc_grpc.pb.go:117","msg":"Send AddNetworkReply: Success: false IPAddr: [], resp: , err: AssignPodIPAddress: no available IP/Prefix addresses"}
{"level":"info","ts":"2026-10-05T08:41:55.749Z","caller":"rpc/rpc_grpc.pb.go:135","msg":"Received DelNetwork for Sandbox 25bcb6dc63314df0182abd3395a94d5e0f2f36020aee7166e643e6385f304b11"}
{"level":"debug","ts":"2026-10-05T08:41:55.749Z","caller":"rpc/rpc_grpc.pb.go:135","msg":"DelNetworkRequest: K8S_POD_NAME:\"pause-68d5b89fc-xv2r9\"  K8S_POD_NAMESPACE:\"default\"  K8S_POD_INFRA_CONTAINER_ID:\"25bcb6dc63314df0182abd3395a94d5e0f2f36020aee7166e643e6385f304b11\"  Reason:\"PodDeleted\"  ContainerID:\"25bcb6dc63314df0182abd3395a94d5e0f2f36020aee7166e643e6385f304b11\"  IfName:\"eth0\"  NetworkName:\"aws-cni\"  K8S_POD_UID:\"cd4aecc7-3371-4cf3-bd27-460a41c60184\""}
{"level":"debug","ts":"2026-10-05T08:41:55.749Z","caller":"ipamd/rpc_handler.go:353","msg":"UnassignPodIPAddress: IP address pool stats: total 0, assigned 0, sandbox aws-cni/25bcb6dc63314df0182abd3395a94d5e0f2f36020aee7166e643e6385f304b11/eth0"}
{"level":"debug","ts":"2026-10-05T08:41:55.750Z","caller":"ipamd/rpc_handler.go:353","msg":"UnassignPodIPAddress: Failed to find IPAM entry under full key, trying CRI-migrated version"}
{"level":"warn","ts":"2026-10-05T08:41:55.750Z","caller":"ipamd/rpc_handler.go:353","msg":"UnassignPodIPAddress: Failed to find sandbox _migrated-from-cri/25bcb6dc63314df0182abd3395a94d5e0f2f36020aee7166e643e6385f304b11/unknown"}
{"level":"info","ts":"2026-10-05T08:41:55.750Z","caller":"rpc/rpc_grpc.pb.go:135","msg":"Send DelNetworkReply: IPAddress: [], err: 1 error occurred:\n\t* datastore: unknown pod\n\n"}
{"level":"info","ts":"2026-10-05T08:41:55.760Z","caller":"rpc/rpc_grpc.pb.go:135","msg":"Received DelNetwork for Sandbox b30a7fe2b9bc98c10d132b552870394d1fc2f3199640593db757478e09e40a6f"}
{"level":"debug","ts":"2026-10-05T08:41:55.760Z","caller":"rpc/rpc_grpc.pb.go:135","msg":"DelNetworkRequest: K8S_POD_NAME:\"pause-68d5b89fc-kwqf6\"  K8S_POD_NAMESPACE:\"default\"  K8S_POD_INFRA_CONTAINER_ID:\"b30a7fe2b9bc98c10d132b552870394d1fc2f3199640593db757478e09e40a6f\"  Reason:\"PodDeleted\"  ContainerID:\"b30a7fe2b9bc98c10d132b552870394d1fc2f3199640593db757478e09e40a6f\"  IfName:\"eth0\"  NetworkName:\"aws-cni\"  K8S_POD_UID:\"f1c84b49-6e57-471b-b275-0a0535a8e3e2\""}
{"level":"debug","ts":"2026-10-05T08:41:55.760Z","caller":"ipamd/rpc_handler.go:353","msg":"UnassignPodIPAddress: IP address pool stats: total 0, assigned 0, sandbox aws-cni/b30a7fe2b9bc98c10d132b552870394d1fc2f3199640593db757478e09e40a6f/eth0"}
{"level":"debug","ts":"2026-10-05T08:41:55.760Z","caller":"ipamd/rpc_handler.go:353","msg":"UnassignPodIPAddress: Failed to find IPAM entry under full key, trying CRI-migrated version"}
{"level":"warn","ts":"2026-10-05T08:41:55.760Z","caller":"ipamd/rpc_handler.go:353","msg":"UnassignPodIPAddress: Failed to find sandbox _migrated-from-cri/b30a7fe2b9bc98c10d132b552870394d1fc2f3199640593db757478e09e40a6f/unknown"}
{"level":"info","ts":"2026-10-05T08:41:55.760Z","caller":"rpc/rpc_grpc.pb.go:135","msg":"Send DelNetworkReply: IPAddress: [], err: 1 error occurred:\n\t* datastore: unknown pod\n\n"}
{"level":"debug","ts":"2026-10-05T08:41:55.817Z","caller":"ipamd/ipamd.go:809","msg":"IP pool is too low for Network Card 0: available (0) < ENI target (1) * addrsPerENI (16)"}
{"level":"debug","ts":"2026-10-05T08:41:55.817Z","caller":"ipamd/ipamd.go:2689","msg":"Prefix pool stats for network card 0: Total IPs/Prefixes = 0/0, AssignedIPs/CooldownIPs: 0/0, c.maxIPsPerENI = 80"}
{"level":"debug","ts":"2026-10-05T08:41:55.817Z","caller":"ipamd/ipamd.go:795","msg":"IP stats for Network Card 0 - total IPs: 0, assigned IPs: 0, cooldown IPs: 0"}
{"level":"debug","ts":"2026-10-05T08:41:55.817Z","caller":"ipamd/ipamd.go:813","msg":"Starting to increase pool size for network card 0"}
{"level":"debug","ts":"2026-10-05T08:41:55.817Z","caller":"ipamd/ipamd.go:966","msg":"Node found \"ip-10-20-0-45.ec2.internal\" - no of taints - 0"}
{"level":"debug","ts":"2026-10-05T08:41:55.817Z","caller":"ipamd/ipamd.go:2758","msg":"Prefix target is 1, short of 1 prefixes, free 0 prefixes"}
{"level":"debug","ts":"2026-10-05T08:41:55.817Z","caller":"ipamd/ipamd.go:1248","msg":"ToAllocate: 1, Network Card 0"}
{"level":"debug","ts":"2026-10-05T08:41:55.817Z","caller":"ipamd/ipamd.go:1251","msg":"Found ENI eni-EXAMPLE21 that has less than the maximum number of IP/Prefixes addresses allocated: cur=0, max=5"}
{"level":"info","ts":"2026-10-05T08:41:55.817Z","caller":"ipamd/ipamd.go:1255","msg":"Trying to allocate 1 IP addresses on ENI eni-EXAMPLE21"}
{"level":"debug","ts":"2026-10-05T08:41:55.817Z","caller":"ipamd/ipamd.go:1255","msg":"PD enabled - true"}
{"level":"debug","ts":"2026-10-05T08:41:56.213Z","caller":"awsutils/awsutils.go:2174","msg":"checkAPIErrorAndBroadcastEvent resulted in operation error EC2: AssignPrivateIpAddresses, https response error StatusCode: 400, RequestID: 60b1303c-3a16-4604-809a-be6824d68ace, api error InsufficientCidrBlocks: The specified subnet does not have enough free cidr blocks to satisfy the request."}
{"level":"error","ts":"2026-10-05T08:41:56.213Z","caller":"ipamd/ipamd.go:1255","msg":"Failed to allocate a private IP/Prefix addresses on ENI eni-EXAMPLE21: operation error EC2: AssignPrivateIpAddresses, https response error StatusCode: 400, RequestID: 60b1303c-3a16-4604-809a-be6824d68ace, api error InsufficientCidrBlocks: The specified subnet does not have enough free cidr blocks to satisfy the request."}
{"level":"debug","ts":"2026-10-05T08:41:56.213Z","caller":"ipamd/ipamd.go:1256","msg":"containsPrivateIPAddressLimitExceededError encountered operation error EC2: AssignPrivateIpAddresses, https response error StatusCode: 400, RequestID: 60b1303c-3a16-4604-809a-be6824d68ace, api error InsufficientCidrBlocks: The specified subnet does not have enough free cidr blocks to satisfy the request."}
{"level":"warn","ts":"2026-10-05T08:41:56.213Z","caller":"ipamd/ipamd.go:1113","msg":"failed to allocate all available IPv4 Prefixes on ENI eni-EXAMPLE21, err: operation error EC2: AssignPrivateIpAddresses, https response error StatusCode: 400, RequestID: 60b1303c-3a16-4604-809a-be6824d68ace, api error InsufficientCidrBlocks: The specified subnet does not have enough free cidr blocks to satisfy the request."}
{"level":"info","ts":"2026-10-05T08:41:56.213Z","caller":"ipamd/ipamd.go:1259","msg":"Trying to allocate 1 IP addresses on ENI eni-EXAMPLE21"}
{"level":"debug","ts":"2026-10-05T08:41:56.213Z","caller":"ipamd/ipamd.go:1259","msg":"PD enabled - true"}
{"level":"info","ts":"2026-10-05T08:41:56.699Z","caller":"rpc/rpc_grpc.pb.go:117","msg":"Received AddNetwork for NS /var/run/netns/cni-9221efe8-a693-5002-27f1-bc6751326602, Sandbox e473ae5844133bd79f17ab4e88f60319d12b919980dc0095302e3a579b51723c, ifname eth0"}
{"level":"debug","ts":"2026-10-05T08:41:56.700Z","caller":"rpc/rpc_grpc.pb.go:117","msg":"AddNetworkRequest: K8S_POD_NAME:\"coredns-79f8dffc57-cv2lj\"  K8S_POD_NAMESPACE:\"kube-system\"  K8S_POD_INFRA_CONTAINER_ID:\"e473ae5844133bd79f17ab4e88f60319d12b919980dc0095302e3a579b51723c\"  ContainerID:\"e473ae5844133bd79f17ab4e88f60319d12b919980dc0095302e3a579b51723c\"  IfName:\"eth0\"  NetworkName:\"aws-cni\"  Netns:\"/var/run/netns/cni-9221efe8-a693-5002-27f1-bc6751326602\""}
{"level":"info","ts":"2026-10-05T08:41:56.700Z","caller":"rpc/rpc_grpc.pb.go:117","msg":"Required MultiNIC access false, interfaces required 1"}
{"level":"debug","ts":"2026-10-05T08:41:56.700Z","caller":"datastore/data_store.go:713","msg":"AssignPodIPv4Address: IP address pool stats: total 0, assigned 0"}
{"level":"debug","ts":"2026-10-05T08:41:56.700Z","caller":"datastore/data_store.go:713","msg":"AssignPodIPv4Address: ENI eni-EXAMPLE21 does not have available addresses"}
{"level":"error","ts":"2026-10-05T08:41:56.700Z","caller":"datastore/data_store.go:713","msg":"DataStore has no available IP/Prefix addresses"}
{"level":"warn","ts":"2026-10-05T08:41:56.700Z","caller":"rpc/rpc_grpc.pb.go:117","msg":"Failed to assign IPs from network card 0: AssignPodIPAddress: no available IP/Prefix addresses"}
{"level":"error","ts":"2026-10-05T08:41:56.700Z","caller":"rpc/rpc_grpc.pb.go:117","msg":"Returning failure response for AddNetwork: 1 error occurred:\n\t* AssignPodIPAddress: no available IP/Prefix addresses\n\n"}
{"level":"info","ts":"2026-10-05T08:41:56.700Z","caller":"rpc/rpc_grpc.pb.go:117","msg":"Send AddNetworkReply: Success: false IPAddr: [], resp: , err: AssignPodIPAddress: no available IP/Prefix addresses"}
{"level":"debug","ts":"2026-10-05T08:41:56.701Z","caller":"awsutils/awsutils.go:2174","msg":"checkAPIErrorAndBroadcastEvent resulted in operation error EC2: AssignPrivateIpAddresses, https response error StatusCode: 400, RequestID: c1820d11-caf5-40e2-8c83-38f51e8b453b, api error InsufficientCidrBlocks: The specified subnet does not have enough free cidr blocks to satisfy the request."}
{"level":"error","ts":"2026-10-05T08:41:56.701Z","caller":"ipamd/ipamd.go:1259","msg":"Failed to allocate a private IP/Prefix addresses on ENI eni-EXAMPLE21: operation error EC2: AssignPrivateIpAddresses, https response error StatusCode: 400, RequestID: c1820d11-caf5-40e2-8c83-38f51e8b453b, api error InsufficientCidrBlocks: The specified subnet does not have enough free cidr blocks to satisfy the request."}
{"level":"debug","ts":"2026-10-05T08:41:56.701Z","caller":"ipamd/ipamd.go:1260","msg":"containsPrivateIPAddressLimitExceededError encountered operation error EC2: AssignPrivateIpAddresses, https response error StatusCode: 400, RequestID: c1820d11-caf5-40e2-8c83-38f51e8b453b, api error InsufficientCidrBlocks: The specified subnet does not have enough free cidr blocks to satisfy the request."}
{"level":"debug","ts":"2026-10-05T08:41:56.701Z","caller":"ipamd/ipamd.go:1262","msg":"containsInsufficientCIDRsOrSubnetIPs encountered operation error EC2: AssignPrivateIpAddresses, https response error StatusCode: 400, RequestID: c1820d11-caf5-40e2-8c83-38f51e8b453b, api error InsufficientCidrBlocks: The specified subnet does not have enough free cidr blocks to satisfy the request."}
{"level":"debug","ts":"2026-10-05T08:41:56.701Z","caller":"ipamd/ipamd.go:1262","msg":"Insufficient IP Addresses due to: InsufficientCidrBlocks\n"}
{"level":"debug","ts":"2026-10-05T08:41:56.701Z","caller":"ipamd/ipamd.go:1003","msg":"hasRoomForEni: networkCard=0, currentENIs=1, currentUsableENIs=1, maxENI=3, unmanagedENI=0, trunkEni=0, excludedENI=0, hasRoom=true"}
{"level":"debug","ts":"2026-10-05T08:41:56.701Z","caller":"ipamd/ipamd.go:2758","msg":"Prefix target is 1, short of 1 prefixes, free 0 prefixes"}
{"level":"debug","ts":"2026-10-05T08:41:56.701Z","caller":"ipamd/ipamd.go:2595","msg":"ToAllocate: 1, Network Card 0"}
{"level":"info","ts":"2026-10-05T08:41:56.701Z","caller":"awsutils/awsutils.go:1044","msg":"Trying to allocate 1 IP addresses on new ENI"}
{"level":"debug","ts":"2026-10-05T08:41:56.701Z","caller":"awsutils/awsutils.go:1044","msg":"PD enabled - true"}
{"level":"info","ts":"2026-10-05T08:41:56.726Z","caller":"rpc/rpc_grpc.pb.go:135","msg":"Received DelNetwork for Sandbox e473ae5844133bd79f17ab4e88f60319d12b919980dc0095302e3a579b51723c"}
{"level":"debug","ts":"2026-10-05T08:41:56.726Z","caller":"rpc/rpc_grpc.pb.go:135","msg":"DelNetworkRequest: K8S_POD_NAME:\"coredns-79f8dffc57-cv2lj\"  K8S_POD_NAMESPACE:\"kube-system\"  K8S_POD_INFRA_CONTAINER_ID:\"e473ae5844133bd79f17ab4e88f60319d12b919980dc0095302e3a579b51723c\"  Reason:\"PodDeleted\"  ContainerID:\"e473ae5844133bd79f17ab4e88f60319d12b919980dc0095302e3a579b51723c\"  IfName:\"eth0\"  NetworkName:\"aws-cni\"  K8S_POD_UID:\"080397ba-9aa0-4db1-b449-5fe2b0811692\""}
{"level":"debug","ts":"2026-10-05T08:41:56.726Z","caller":"ipamd/rpc_handler.go:353","msg":"UnassignPodIPAddress: IP address pool stats: total 0, assigned 0, sandbox aws-cni/e473ae5844133bd79f17ab4e88f60319d12b919980dc0095302e3a579b51723c/eth0"}
{"level":"debug","ts":"2026-10-05T08:41:56.726Z","caller":"ipamd/rpc_handler.go:353","msg":"UnassignPodIPAddress: Failed to find IPAM entry under full key, trying CRI-migrated version"}
{"level":"warn","ts":"2026-10-05T08:41:56.726Z","caller":"ipamd/rpc_handler.go:353","msg":"UnassignPodIPAddress: Failed to find sandbox _migrated-from-cri/e473ae5844133bd79f17ab4e88f60319d12b919980dc0095302e3a579b51723c/unknown"}
{"level":"info","ts":"2026-10-05T08:41:56.726Z","caller":"rpc/rpc_grpc.pb.go:135","msg":"Send DelNetworkReply: IPAddress: [], err: 1 error occurred:\n\t* datastore: unknown pod\n\n"}
{"level":"debug","ts":"2026-10-05T08:41:56.932Z","caller":"awsutils/awsutils.go:1272","msg":"Primary subnet subnet-EXAMPLE1 has no kubernetes.io/role/cni tag, including it for ENI creation (backwards compatibility)"}
{"level":"info","ts":"2026-10-05T08:41:56.932Z","caller":"awsutils/awsutils.go:1044","msg":"Creating ENI with security groups: [sg-EXAMPLE1] in subnet: subnet-EXAMPLE1"}
{"level":"debug","ts":"2026-10-05T08:41:57.188Z","caller":"awsutils/awsutils.go:1449","msg":"checkAPIErrorAndBroadcastEvent resulted in operation error EC2: CreateNetworkInterface, https response error StatusCode: 400, RequestID: fff24981-23a9-4216-b7c0-b18f9c330b28, api error InvalidParameterValue: There aren't sufficient free Ipv4 addresses or prefixes"}
{"level":"error","ts":"2026-10-05T08:41:57.188Z","caller":"awsutils/awsutils.go:1285","msg":"Failed to CreateNetworkInterface operation error EC2: CreateNetworkInterface, https response error StatusCode: 400, RequestID: fff24981-23a9-4216-b7c0-b18f9c330b28, api error InvalidParameterValue: There aren't sufficient free Ipv4 addresses or prefixes for subnet subnet-EXAMPLE1"}
{"level":"debug","ts":"2026-10-05T08:41:57.188Z","caller":"awsutils/awsutils.go:1272","msg":"Subnet subnet-EXAMPLE2 has no kubernetes.io/role/cni tag, excluding it from ENI creation"}
{"level":"error","ts":"2026-10-05T08:41:57.188Z","caller":"ipamd/ipamd.go:1004","msg":"Failed to increase pool size due to not able to allocate ENI AllocENI: failed to create ENI: failed to create network interface: operation error EC2: CreateNetworkInterface, https response error StatusCode: 400, RequestID: fff24981-23a9-4216-b7c0-b18f9c330b28, api error InvalidParameterValue: There aren't sufficient free Ipv4 addresses or prefixes"}
{"level":"warn","ts":"2026-10-05T08:41:57.188Z","caller":"ipamd/ipamd.go:1004","msg":"Failed to allocate 1 IP addresses on an ENI: AllocENI: failed to create ENI: failed to create network interface: operation error EC2: CreateNetworkInterface, https response error StatusCode: 400, RequestID: fff24981-23a9-4216-b7c0-b18f9c330b28, api error InvalidParameterValue: There aren't sufficient free Ipv4 addresses or prefixes"}
{"level":"debug","ts":"2026-10-05T08:41:57.188Z","caller":"ipamd/ipamd.go:1082","msg":"containsInsufficientCIDRsOrSubnetIPs encountered AllocENI: failed to create ENI: failed to create network interface: operation error EC2: CreateNetworkInterface, https response error StatusCode: 400, RequestID: fff24981-23a9-4216-b7c0-b18f9c330b28, api error InvalidParameterValue: There aren't sufficient free Ipv4 addresses or prefixes"}
{"level":"debug","ts":"2026-10-05T08:41:57.188Z","caller":"ipamd/ipamd.go:1082","msg":"Insufficient IP Addresses due to: InvalidParameterValue\n"}
{"level":"debug","ts":"2026-10-05T08:41:57.188Z","caller":"ipamd/ipamd.go:813","msg":"Error trying to allocate ENI: AllocENI: failed to create ENI: failed to create network interface: operation error EC2: CreateNetworkInterface, https response error StatusCode: 400, RequestID: fff24981-23a9-4216-b7c0-b18f9c330b28, api error InvalidParameterValue: There aren't sufficient free Ipv4 addresses or prefixes"}
{"level":"debug","ts":"2026-10-05T08:41:57.188Z","caller":"ipamd/ipamd.go:1548","msg":"ENI eni-EXAMPLE21 cannot be deleted because it is primary"}
{"level":"info","ts":"2026-10-05T08:42:01.714Z","caller":"rpc/rpc_grpc.pb.go:117","msg":"Received AddNetwork for NS /var/run/netns/cni-5e398e0e-25c3-dae7-3b3c-d0f3feebaf4f, Sandbox 5f0b212f3772a124303f004f79e9b453c7f3e1e93929230e265ad2ffd8f28f9b, ifname eth0"}
{"level":"debug","ts":"2026-10-05T08:42:01.714Z","caller":"rpc/rpc_grpc.pb.go:117","msg":"AddNetworkRequest: K8S_POD_NAME:\"coredns-79f8dffc57-fwslz\"  K8S_POD_NAMESPACE:\"kube-system\"  K8S_POD_INFRA_CONTAINER_ID:\"5f0b212f3772a124303f004f79e9b453c7f3e1e93929230e265ad2ffd8f28f9b\"  ContainerID:\"5f0b212f3772a124303f004f79e9b453c7f3e1e93929230e265ad2ffd8f28f9b\"  IfName:\"eth0\"  NetworkName:\"aws-cni\"  Netns:\"/var/run/netns/cni-5e398e0e-25c3-dae7-3b3c-d0f3feebaf4f\""}
{"level":"info","ts":"2026-10-05T08:42:01.715Z","caller":"rpc/rpc_grpc.pb.go:117","msg":"Required MultiNIC access false, interfaces required 1"}
{"level":"debug","ts":"2026-10-05T08:42:01.715Z","caller":"datastore/data_store.go:713","msg":"AssignPodIPv4Address: IP address pool stats: total 0, assigned 0"}
{"level":"debug","ts":"2026-10-05T08:42:01.715Z","caller":"datastore/data_store.go:713","msg":"AssignPodIPv4Address: ENI eni-EXAMPLE21 does not have available addresses"}
{"level":"error","ts":"2026-10-05T08:42:01.715Z","caller":"datastore/data_store.go:713","msg":"DataStore has no available IP/Prefix addresses"}
{"level":"warn","ts":"2026-10-05T08:42:01.715Z","caller":"rpc/rpc_grpc.pb.go:117","msg":"Failed to assign IPs from network card 0: AssignPodIPAddress: no available IP/Prefix addresses"}
{"level":"error","ts":"2026-10-05T08:42:01.715Z","caller":"rpc/rpc_grpc.pb.go:117","msg":"Returning failure response for AddNetwork: 1 error occurred:\n\t* AssignPodIPAddress: no available IP/Prefix addresses\n\n"}
{"level":"info","ts":"2026-10-05T08:42:01.715Z","caller":"rpc/rpc_grpc.pb.go:117","msg":"Send AddNetworkReply: Success: false IPAddr: [], resp: , err: AssignPodIPAddress: no available IP/Prefix addresses"}
{"level":"info","ts":"2026-10-05T08:42:01.746Z","caller":"rpc/rpc_grpc.pb.go:135","msg":"Received DelNetwork for Sandbox 5f0b212f3772a124303f004f79e9b453c7f3e1e93929230e265ad2ffd8f28f9b"}
{"level":"debug","ts":"2026-10-05T08:42:01.746Z","caller":"rpc/rpc_grpc.pb.go:135","msg":"DelNetworkRequest: K8S_POD_NAME:\"coredns-79f8dffc57-fwslz\"  K8S_POD_NAMESPACE:\"kube-system\"  K8S_POD_INFRA_CONTAINER_ID:\"5f0b212f3772a124303f004f79e9b453c7f3e1e93929230e265ad2ffd8f28f9b\"  Reason:\"PodDeleted\"  ContainerID:\"5f0b212f3772a124303f004f79e9b453c7f3e1e93929230e265ad2ffd8f28f9b\"  IfName:\"eth0\"  NetworkName:\"aws-cni\"  K8S_POD_UID:\"ad241f1d-d89e-4886-8d30-e22384a0b925\""}
{"level":"debug","ts":"2026-10-05T08:42:01.746Z","caller":"ipamd/rpc_handler.go:353","msg":"UnassignPodIPAddress: IP address pool stats: total 0, assigned 0, sandbox aws-cni/5f0b212f3772a124303f004f79e9b453c7f3e1e93929230e265ad2ffd8f28f9b/eth0"}
{"level":"debug","ts":"2026-10-05T08:42:01.746Z","caller":"ipamd/rpc_handler.go:353","msg":"UnassignPodIPAddress: Failed to find IPAM entry under full key, trying CRI-migrated version"}
{"level":"warn","ts":"2026-10-05T08:42:01.746Z","caller":"ipamd/rpc_handler.go:353","msg":"UnassignPodIPAddress: Failed to find sandbox _migrated-from-cri/5f0b212f3772a124303f004f79e9b453c7f3e1e93929230e265ad2ffd8f28f9b/unknown"}
{"level":"info","ts":"2026-10-05T08:42:01.746Z","caller":"rpc/rpc_grpc.pb.go:135","msg":"Send DelNetworkReply: IPAddress: [], err: 1 error occurred:\n\t* datastore: unknown pod\n\n"}
{"level":"debug","ts":"2026-10-05T08:42:02.191Z","caller":"ipamd/ipamd.go:809","msg":"IP pool is too low for Network Card 0: available (0) < ENI target (1) * addrsPerENI (16)"}
{"level":"debug","ts":"2026-10-05T08:42:02.192Z","caller":"ipamd/ipamd.go:2689","msg":"Prefix pool stats for network card 0: Total IPs/Prefixes = 0/0, AssignedIPs/CooldownIPs: 0/0, c.maxIPsPerENI = 80"}
{"level":"debug","ts":"2026-10-05T08:42:02.192Z","caller":"ipamd/ipamd.go:795","msg":"IP stats for Network Card 0 - total IPs: 0, assigned IPs: 0, cooldown IPs: 0"}
{"level":"debug","ts":"2026-10-05T08:42:02.192Z","caller":"ipamd/ipamd.go:813","msg":"Starting to increase pool size for network card 0"}
{"level":"debug","ts":"2026-10-05T08:42:02.192Z","caller":"ipamd/ipamd.go:966","msg":"Node found \"ip-10-20-0-45.ec2.internal\" - no of taints - 0"}
{"level":"debug","ts":"2026-10-05T08:42:02.192Z","caller":"ipamd/ipamd.go:2758","msg":"Prefix target is 1, short of 1 prefixes, free 0 prefixes"}
{"level":"debug","ts":"2026-10-05T08:42:02.192Z","caller":"ipamd/ipamd.go:1248","msg":"ToAllocate: 1, Network Card 0"}
{"level":"debug","ts":"2026-10-05T08:42:02.192Z","caller":"ipamd/ipamd.go:1251","msg":"Found ENI eni-EXAMPLE21 that has less than the maximum number of IP/Prefixes addresses allocated: cur=0, max=5"}
{"level":"info","ts":"2026-10-05T08:42:02.192Z","caller":"ipamd/ipamd.go:1255","msg":"Trying to allocate 1 IP addresses on ENI eni-EXAMPLE21"}
{"level":"debug","ts":"2026-10-05T08:42:02.192Z","caller":"ipamd/ipamd.go:1255","msg":"PD enabled - true"}
{"level":"debug","ts":"2026-10-05T08:42:02.762Z","caller":"awsutils/awsutils.go:2174","msg":"checkAPIErrorAndBroadcastEvent resulted in operation error EC2: AssignPrivateIpAddresses, https response error StatusCode: 400, RequestID: 3cdd77fb-f6c2-4129-a200-f76db07d020b, api error InsufficientCidrBlocks: The specified subnet does not have enough free cidr blocks to satisfy the request."}
{"level":"error","ts":"2026-10-05T08:42:02.763Z","caller":"ipamd/ipamd.go:1255","msg":"Failed to allocate a private IP/Prefix addresses on ENI eni-EXAMPLE21: operation error EC2: AssignPrivateIpAddresses, https response error StatusCode: 400, RequestID: 3cdd77fb-f6c2-4129-a200-f76db07d020b, api error InsufficientCidrBlocks: The specified subnet does not have enough free cidr blocks to satisfy the request."}
{"level":"debug","ts":"2026-10-05T08:42:02.763Z","caller":"ipamd/ipamd.go:1256","msg":"containsPrivateIPAddressLimitExceededError encountered operation error EC2: AssignPrivateIpAddresses, https response error StatusCode: 400, RequestID: 3cdd77fb-f6c2-4129-a200-f76db07d020b, api error InsufficientCidrBlocks: The specified subnet does not have enough free cidr blocks to satisfy the request."}
{"level":"warn","ts":"2026-10-05T08:42:02.763Z","caller":"ipamd/ipamd.go:1113","msg":"failed to allocate all available IPv4 Prefixes on ENI eni-EXAMPLE21, err: operation error EC2: AssignPrivateIpAddresses, https response error StatusCode: 400, RequestID: 3cdd77fb-f6c2-4129-a200-f76db07d020b, api error InsufficientCidrBlocks: The specified subnet does not have enough free cidr blocks to satisfy the request."}
{"level":"info","ts":"2026-10-05T08:42:02.763Z","caller":"ipamd/ipamd.go:1259","msg":"Trying to allocate 1 IP addresses on ENI eni-EXAMPLE21"}
{"level":"debug","ts":"2026-10-05T08:42:02.763Z","caller":"ipamd/ipamd.go:1259","msg":"PD enabled - true"}
{"level":"debug","ts":"2026-10-05T08:42:03.181Z","caller":"awsutils/awsutils.go:2174","msg":"checkAPIErrorAndBroadcastEvent resulted in operation error EC2: AssignPrivateIpAddresses, https response error StatusCode: 400, RequestID: 7c58cac1-5d85-492d-bf40-ca03f9ed412f, api error InsufficientCidrBlocks: The specified subnet does not have enough free cidr blocks to satisfy the request."}
{"level":"error","ts":"2026-10-05T08:42:03.181Z","caller":"ipamd/ipamd.go:1259","msg":"Failed to allocate a private IP/Prefix addresses on ENI eni-EXAMPLE21: operation error EC2: AssignPrivateIpAddresses, https response error StatusCode: 400, RequestID: 7c58cac1-5d85-492d-bf40-ca03f9ed412f, api error InsufficientCidrBlocks: The specified subnet does not have enough free cidr blocks to satisfy the request."}
{"level":"debug","ts":"2026-10-05T08:42:03.181Z","caller":"ipamd/ipamd.go:1260","msg":"containsPrivateIPAddressLimitExceededError encountered operation error EC2: AssignPrivateIpAddresses, https response error StatusCode: 400, RequestID: 7c58cac1-5d85-492d-bf40-ca03f9ed412f, api error InsufficientCidrBlocks: The specified subnet does not have enough free cidr blocks to satisfy the request."}
{"level":"debug","ts":"2026-10-05T08:42:03.181Z","caller":"ipamd/ipamd.go:1262","msg":"containsInsufficientCIDRsOrSubnetIPs encountered operation error EC2: AssignPrivateIpAddresses, https response error StatusCode: 400, RequestID: 7c58cac1-5d85-492d-bf40-ca03f9ed412f, api error InsufficientCidrBlocks: The specified subnet does not have enough free cidr blocks to satisfy the request."}
{"level":"debug","ts":"2026-10-05T08:42:03.181Z","caller":"ipamd/ipamd.go:1262","msg":"Insufficient IP Addresses due to: InsufficientCidrBlocks\n"}
{"level":"debug","ts":"2026-10-05T08:42:03.182Z","caller":"ipamd/ipamd.go:1003","msg":"hasRoomForEni: networkCard=0, currentENIs=1, currentUsableENIs=1, maxENI=3, unmanagedENI=0, trunkEni=0, excludedENI=0, hasRoom=true"}
{"level":"debug","ts":"2026-10-05T08:42:03.182Z","caller":"ipamd/ipamd.go:2758","msg":"Prefix target is 1, short of 1 prefixes, free 0 prefixes"}
{"level":"debug","ts":"2026-10-05T08:42:03.182Z","caller":"ipamd/ipamd.go:2595","msg":"ToAllocate: 1, Network Card 0"}
{"level":"info","ts":"2026-10-05T08:42:03.182Z","caller":"awsutils/awsutils.go:1044","msg":"Trying to allocate 1 IP addresses on new ENI"}
{"level":"debug","ts":"2026-10-05T08:42:03.182Z","caller":"awsutils/awsutils.go:1044","msg":"PD enabled - true"}
{"level":"debug","ts":"2026-10-05T08:42:03.416Z","caller":"awsutils/awsutils.go:1272","msg":"Primary subnet subnet-EXAMPLE1 has no kubernetes.io/role/cni tag, including it for ENI creation (backwards compatibility)"}
{"level":"info","ts":"2026-10-05T08:42:03.416Z","caller":"awsutils/awsutils.go:1044","msg":"Creating ENI with security groups: [sg-EXAMPLE1] in subnet: subnet-EXAMPLE1"}
{"level":"debug","ts":"2026-10-05T08:42:03.666Z","caller":"awsutils/awsutils.go:1449","msg":"checkAPIErrorAndBroadcastEvent resulted in operation error EC2: CreateNetworkInterface, https response error StatusCode: 400, RequestID: cc6d3e7a-8e79-4b8a-8ab9-b91902567c7d, api error InvalidParameterValue: There aren't sufficient free Ipv4 addresses or prefixes"}
{"level":"error","ts":"2026-10-05T08:42:03.666Z","caller":"awsutils/awsutils.go:1285","msg":"Failed to CreateNetworkInterface operation error EC2: CreateNetworkInterface, https response error StatusCode: 400, RequestID: cc6d3e7a-8e79-4b8a-8ab9-b91902567c7d, api error InvalidParameterValue: There aren't sufficient free Ipv4 addresses or prefixes for subnet subnet-EXAMPLE1"}
{"level":"debug","ts":"2026-10-05T08:42:03.666Z","caller":"awsutils/awsutils.go:1272","msg":"Subnet subnet-EXAMPLE2 has no kubernetes.io/role/cni tag, excluding it from ENI creation"}
{"level":"error","ts":"2026-10-05T08:42:03.667Z","caller":"ipamd/ipamd.go:1004","msg":"Failed to increase pool size due to not able to allocate ENI AllocENI: failed to create ENI: failed to create network interface: operation error EC2: CreateNetworkInterface, https response error StatusCode: 400, RequestID: cc6d3e7a-8e79-4b8a-8ab9-b91902567c7d, api error InvalidParameterValue: There aren't sufficient free Ipv4 addresses or prefixes"}
{"level":"warn","ts":"2026-10-05T08:42:03.667Z","caller":"ipamd/ipamd.go:1004","msg":"Failed to allocate 1 IP addresses on an ENI: AllocENI: failed to create ENI: failed to create network interface: operation error EC2: CreateNetworkInterface, https response error StatusCode: 400, RequestID: cc6d3e7a-8e79-4b8a-8ab9-b91902567c7d, api error InvalidParameterValue: There aren't sufficient free Ipv4 addresses or prefixes"}
{"level":"debug","ts":"2026-10-05T08:42:03.667Z","caller":"ipamd/ipamd.go:1082","msg":"containsInsufficientCIDRsOrSubnetIPs encountered AllocENI: failed to create ENI: failed to create network interface: operation error EC2: CreateNetworkInterface, https response error StatusCode: 400, RequestID: cc6d3e7a-8e79-4b8a-8ab9-b91902567c7d, api error InvalidParameterValue: There aren't sufficient free Ipv4 addresses or prefixes"}
{"level":"debug","ts":"2026-10-05T08:42:03.667Z","caller":"ipamd/ipamd.go:1082","msg":"Insufficient IP Addresses due to: InvalidParameterValue\n"}
{"level":"debug","ts":"2026-10-05T08:42:03.667Z","caller":"ipamd/ipamd.go:813","msg":"Error trying to allocate ENI: AllocENI: failed to create ENI: failed to create network interface: operation error EC2: CreateNetworkInterface, https response error StatusCode: 400, RequestID: cc6d3e7a-8e79-4b8a-8ab9-b91902567c7d, api error InvalidParameterValue: There aren't sufficient free Ipv4 addresses or prefixes"}
{"level":"debug","ts":"2026-10-05T08:42:03.667Z","caller":"ipamd/ipamd.go:1548","msg":"ENI eni-EXAMPLE21 cannot be deleted because it is primary"}
{"level":"info","ts":"2026-10-05T08:42:06.696Z","caller":"rpc/rpc_grpc.pb.go:117","msg":"Received AddNetwork for NS /var/run/netns/cni-e428acdf-41c9-aeb9-9d09-5a6523d3fbac, Sandbox eeee5030ca30963924b449d51b89f2e43bab5e3f4e99ef6df5d2be070c380c75, ifname eth0"}
{"level":"debug","ts":"2026-10-05T08:42:06.696Z","caller":"rpc/rpc_grpc.pb.go:117","msg":"AddNetworkRequest: K8S_POD_NAME:\"pause-68d5b89fc-kwqf6\"  K8S_POD_NAMESPACE:\"default\"  K8S_POD_INFRA_CONTAINER_ID:\"eeee5030ca30963924b449d51b89f2e43bab5e3f4e99ef6df5d2be070c380c75\"  ContainerID:\"eeee5030ca30963924b449d51b89f2e43bab5e3f4e99ef6df5d2be070c380c75\"  IfName:\"eth0\"  NetworkName:\"aws-cni\"  Netns:\"/var/run/netns/cni-e428acdf-41c9-aeb9-9d09-5a6523d3fbac\""}
{"level":"info","ts":"2026-10-05T08:42:06.696Z","caller":"rpc/rpc_grpc.pb.go:117","msg":"Required MultiNIC access false, interfaces required 1"}
{"level":"debug","ts":"2026-10-05T08:42:06.696Z","caller":"datastore/data_store.go:713","msg":"AssignPodIPv4Address: IP address pool stats: total 0, assigned 0"}
{"level":"debug","ts":"2026-10-05T08:42:06.696Z","caller":"datastore/data_store.go:713","msg":"AssignPodIPv4Address: ENI eni-EXAMPLE21 does not have available addresses"}
{"level":"error","ts":"2026-10-05T08:42:06.696Z","caller":"datastore/data_store.go:713","msg":"DataStore has no available IP/Prefix addresses"}
{"level":"warn","ts":"2026-10-05T08:42:06.696Z","caller":"rpc/rpc_grpc.pb.go:117","msg":"Failed to assign IPs from network card 0: AssignPodIPAddress: no available IP/Prefix addresses"}
{"level":"error","ts":"2026-10-05T08:42:06.696Z","caller":"rpc/rpc_grpc.pb.go:117","msg":"Returning failure response for AddNetwork: 1 error occurred:\n\t* AssignPodIPAddress: no available IP/Prefix addresses\n\n"}
{"level":"info","ts":"2026-10-05T08:42:06.696Z","caller":"rpc/rpc_grpc.pb.go:117","msg":"Send AddNetworkReply: Success: false IPAddr: [], resp: , err: AssignPodIPAddress: no available IP/Prefix addresses"}
{"level":"info","ts":"2026-10-05T08:42:06.719Z","caller":"rpc/rpc_grpc.pb.go:135","msg":"Received DelNetwork for Sandbox eeee5030ca30963924b449d51b89f2e43bab5e3f4e99ef6df5d2be070c380c75"}
{"level":"debug","ts":"2026-10-05T08:42:06.719Z","caller":"rpc/rpc_grpc.pb.go:135","msg":"DelNetworkRequest: K8S_POD_NAME:\"pause-68d5b89fc-kwqf6\"  K8S_POD_NAMESPACE:\"default\"  K8S_POD_INFRA_CONTAINER_ID:\"eeee5030ca30963924b449d51b89f2e43bab5e3f4e99ef6df5d2be070c380c75\"  Reason:\"PodDeleted\"  ContainerID:\"eeee5030ca30963924b449d51b89f2e43bab5e3f4e99ef6df5d2be070c380c75\"  IfName:\"eth0\"  NetworkName:\"aws-cni\"  K8S_POD_UID:\"f1c84b49-6e57-471b-b275-0a0535a8e3e2\""}
{"level":"debug","ts":"2026-10-05T08:42:06.719Z","caller":"ipamd/rpc_handler.go:353","msg":"UnassignPodIPAddress: IP address pool stats: total 0, assigned 0, sandbox aws-cni/eeee5030ca30963924b449d51b89f2e43bab5e3f4e99ef6df5d2be070c380c75/eth0"}
{"level":"debug","ts":"2026-10-05T08:42:06.719Z","caller":"ipamd/rpc_handler.go:353","msg":"UnassignPodIPAddress: Failed to find IPAM entry under full key, trying CRI-migrated version"}
{"level":"warn","ts":"2026-10-05T08:42:06.719Z","caller":"ipamd/rpc_handler.go:353","msg":"UnassignPodIPAddress: Failed to find sandbox _migrated-from-cri/eeee5030ca30963924b449d51b89f2e43bab5e3f4e99ef6df5d2be070c380c75/unknown"}
{"level":"info","ts":"2026-10-05T08:42:06.719Z","caller":"rpc/rpc_grpc.pb.go:135","msg":"Send DelNetworkReply: IPAddress: [], err: 1 error occurred:\n\t* datastore: unknown pod\n\n"}
{"level":"info","ts":"2026-10-05T08:42:07.695Z","caller":"rpc/rpc_grpc.pb.go:117","msg":"Received AddNetwork for NS /var/run/netns/cni-fcd5ca9f-6f62-432d-9fb4-6d6b27fa83c2, Sandbox ba817eb3ed509fbbec90cad54090d74dffd6f0f9d6c0fff95f7d5a2eeaa912f2, ifname eth0"}
{"level":"debug","ts":"2026-10-05T08:42:07.695Z","caller":"rpc/rpc_grpc.pb.go:117","msg":"AddNetworkRequest: K8S_POD_NAME:\"coredns-79f8dffc57-cv2lj\"  K8S_POD_NAMESPACE:\"kube-system\"  K8S_POD_INFRA_CONTAINER_ID:\"ba817eb3ed509fbbec90cad54090d74dffd6f0f9d6c0fff95f7d5a2eeaa912f2\"  ContainerID:\"ba817eb3ed509fbbec90cad54090d74dffd6f0f9d6c0fff95f7d5a2eeaa912f2\"  IfName:\"eth0\"  NetworkName:\"aws-cni\"  Netns:\"/var/run/netns/cni-fcd5ca9f-6f62-432d-9fb4-6d6b27fa83c2\""}
{"level":"info","ts":"2026-10-05T08:42:07.695Z","caller":"rpc/rpc_grpc.pb.go:117","msg":"Required MultiNIC access false, interfaces required 1"}
{"level":"debug","ts":"2026-10-05T08:42:07.695Z","caller":"datastore/data_store.go:713","msg":"AssignPodIPv4Address: IP address pool stats: total 0, assigned 0"}
{"level":"debug","ts":"2026-10-05T08:42:07.696Z","caller":"datastore/data_store.go:713","msg":"AssignPodIPv4Address: ENI eni-EXAMPLE21 does not have available addresses"}
{"level":"error","ts":"2026-10-05T08:42:07.696Z","caller":"datastore/data_store.go:713","msg":"DataStore has no available IP/Prefix addresses"}
{"level":"warn","ts":"2026-10-05T08:42:07.696Z","caller":"rpc/rpc_grpc.pb.go:117","msg":"Failed to assign IPs from network card 0: AssignPodIPAddress: no available IP/Prefix addresses"}
{"level":"error","ts":"2026-10-05T08:42:07.696Z","caller":"rpc/rpc_grpc.pb.go:117","msg":"Returning failure response for AddNetwork: 1 error occurred:\n\t* AssignPodIPAddress: no available IP/Prefix addresses\n\n"}
{"level":"info","ts":"2026-10-05T08:42:07.696Z","caller":"rpc/rpc_grpc.pb.go:117","msg":"Send AddNetworkReply: Success: false IPAddr: [], resp: , err: AssignPodIPAddress: no available IP/Prefix addresses"}
{"level":"info","ts":"2026-10-05T08:42:07.720Z","caller":"rpc/rpc_grpc.pb.go:135","msg":"Received DelNetwork for Sandbox ba817eb3ed509fbbec90cad54090d74dffd6f0f9d6c0fff95f7d5a2eeaa912f2"}
{"level":"debug","ts":"2026-10-05T08:42:07.720Z","caller":"rpc/rpc_grpc.pb.go:135","msg":"DelNetworkRequest: K8S_POD_NAME:\"coredns-79f8dffc57-cv2lj\"  K8S_POD_NAMESPACE:\"kube-system\"  K8S_POD_INFRA_CONTAINER_ID:\"ba817eb3ed509fbbec90cad54090d74dffd6f0f9d6c0fff95f7d5a2eeaa912f2\"  Reason:\"PodDeleted\"  ContainerID:\"ba817eb3ed509fbbec90cad54090d74dffd6f0f9d6c0fff95f7d5a2eeaa912f2\"  IfName:\"eth0\"  NetworkName:\"aws-cni\"  K8S_POD_UID:\"080397ba-9aa0-4db1-b449-5fe2b0811692\""}
{"level":"debug","ts":"2026-10-05T08:42:07.720Z","caller":"ipamd/rpc_handler.go:353","msg":"UnassignPodIPAddress: IP address pool stats: total 0, assigned 0, sandbox aws-cni/ba817eb3ed509fbbec90cad54090d74dffd6f0f9d6c0fff95f7d5a2eeaa912f2/eth0"}
{"level":"debug","ts":"2026-10-05T08:42:07.720Z","caller":"ipamd/rpc_handler.go:353","msg":"UnassignPodIPAddress: Failed to find IPAM entry under full key, trying CRI-migrated version"}
{"level":"warn","ts":"2026-10-05T08:42:07.720Z","caller":"ipamd/rpc_handler.go:353","msg":"UnassignPodIPAddress: Failed to find sandbox _migrated-from-cri/ba817eb3ed509fbbec90cad54090d74dffd6f0f9d6c0fff95f7d5a2eeaa912f2/unknown"}
{"level":"info","ts":"2026-10-05T08:42:07.720Z","caller":"rpc/rpc_grpc.pb.go:135","msg":"Send DelNetworkReply: IPAddress: [], err: 1 error occurred:\n\t* datastore: unknown pod\n\n"}
{"level":"debug","ts":"2026-10-05T08:42:08.667Z","caller":"ipamd/ipamd.go:809","msg":"IP pool is too low for Network Card 0: available (0) < ENI target (1) * addrsPerENI (16)"}
{"level":"debug","ts":"2026-10-05T08:42:08.668Z","caller":"ipamd/ipamd.go:2689","msg":"Prefix pool stats for network card 0: Total IPs/Prefixes = 0/0, AssignedIPs/CooldownIPs: 0/0, c.maxIPsPerENI = 80"}
{"level":"debug","ts":"2026-10-05T08:42:08.668Z","caller":"ipamd/ipamd.go:795","msg":"IP stats for Network Card 0 - total IPs: 0, assigned IPs: 0, cooldown IPs: 0"}
{"level":"debug","ts":"2026-10-05T08:42:08.668Z","caller":"ipamd/ipamd.go:813","msg":"Starting to increase pool size for network card 0"}
{"level":"debug","ts":"2026-10-05T08:42:08.668Z","caller":"ipamd/ipamd.go:966","msg":"Node found \"ip-10-20-0-45.ec2.internal\" - no of taints - 0"}
{"level":"debug","ts":"2026-10-05T08:42:08.668Z","caller":"ipamd/ipamd.go:2758","msg":"Prefix target is 1, short of 1 prefixes, free 0 prefixes"}
{"level":"debug","ts":"2026-10-05T08:42:08.668Z","caller":"ipamd/ipamd.go:1248","msg":"ToAllocate: 1, Network Card 0"}
{"level":"debug","ts":"2026-10-05T08:42:08.668Z","caller":"ipamd/ipamd.go:1251","msg":"Found ENI eni-EXAMPLE21 that has less than the maximum number of IP/Prefixes addresses allocated: cur=0, max=5"}
{"level":"info","ts":"2026-10-05T08:42:08.668Z","caller":"ipamd/ipamd.go:1255","msg":"Trying to allocate 1 IP addresses on ENI eni-EXAMPLE21"}
{"level":"debug","ts":"2026-10-05T08:42:08.668Z","caller":"ipamd/ipamd.go:1255","msg":"PD enabled - true"}
{"level":"debug","ts":"2026-10-05T08:42:09.104Z","caller":"awsutils/awsutils.go:2174","msg":"checkAPIErrorAndBroadcastEvent resulted in operation error EC2: AssignPrivateIpAddresses, https response error StatusCode: 400, RequestID: 494247a0-a4cb-4399-a424-6bb188289c96, api error InsufficientCidrBlocks: The specified subnet does not have enough free cidr blocks to satisfy the request."}
{"level":"error","ts":"2026-10-05T08:42:09.104Z","caller":"ipamd/ipamd.go:1255","msg":"Failed to allocate a private IP/Prefix addresses on ENI eni-EXAMPLE21: operation error EC2: AssignPrivateIpAddresses, https response error StatusCode: 400, RequestID: 494247a0-a4cb-4399-a424-6bb188289c96, api error InsufficientCidrBlocks: The specified subnet does not have enough free cidr blocks to satisfy the request."}
{"level":"debug","ts":"2026-10-05T08:42:09.104Z","caller":"ipamd/ipamd.go:1256","msg":"containsPrivateIPAddressLimitExceededError encountered operation error EC2: AssignPrivateIpAddresses, https response error StatusCode: 400, RequestID: 494247a0-a4cb-4399-a424-6bb188289c96, api error InsufficientCidrBlocks: The specified subnet does not have enough free cidr blocks to satisfy the request."}
{"level":"warn","ts":"2026-10-05T08:42:09.104Z","caller":"ipamd/ipamd.go:1113","msg":"failed to allocate all available IPv4 Prefixes on ENI eni-EXAMPLE21, err: operation error EC2: AssignPrivateIpAddresses, https response error StatusCode: 400, RequestID: 494247a0-a4cb-4399-a424-6bb188289c96, api error InsufficientCidrBlocks: The specified subnet does not have enough free cidr blocks to satisfy the request."}
{"level":"info","ts":"2026-10-05T08:42:09.104Z","caller":"ipamd/ipamd.go:1259","msg":"Trying to allocate 1 IP addresses on ENI eni-EXAMPLE21"}
{"level":"debug","ts":"2026-10-05T08:42:09.104Z","caller":"ipamd/ipamd.go:1259","msg":"PD enabled - true"}
{"level":"debug","ts":"2026-10-05T08:42:09.559Z","caller":"awsutils/awsutils.go:2174","msg":"checkAPIErrorAndBroadcastEvent resulted in operation error EC2: AssignPrivateIpAddresses, https response error StatusCode: 400, RequestID: 673e55b7-376e-40f1-900a-cf1986616098, api error InsufficientCidrBlocks: The specified subnet does not have enough free cidr blocks to satisfy the request."}
{"level":"error","ts":"2026-10-05T08:42:09.559Z","caller":"ipamd/ipamd.go:1259","msg":"Failed to allocate a private IP/Prefix addresses on ENI eni-EXAMPLE21: operation error EC2: AssignPrivateIpAddresses, https response error StatusCode: 400, RequestID: 673e55b7-376e-40f1-900a-cf1986616098, api error InsufficientCidrBlocks: The specified subnet does not have enough free cidr blocks to satisfy the request."}
{"level":"debug","ts":"2026-10-05T08:42:09.559Z","caller":"ipamd/ipamd.go:1260","msg":"containsPrivateIPAddressLimitExceededError encountered operation error EC2: AssignPrivateIpAddresses, https response error StatusCode: 400, RequestID: 673e55b7-376e-40f1-900a-cf1986616098, api error InsufficientCidrBlocks: The specified subnet does not have enough free cidr blocks to satisfy the request."}
{"level":"debug","ts":"2026-10-05T08:42:09.559Z","caller":"ipamd/ipamd.go:1262","msg":"containsInsufficientCIDRsOrSubnetIPs encountered operation error EC2: AssignPrivateIpAddresses, https response error StatusCode: 400, RequestID: 673e55b7-376e-40f1-900a-cf1986616098, api error InsufficientCidrBlocks: The specified subnet does not have enough free cidr blocks to satisfy the request."}
{"level":"debug","ts":"2026-10-05T08:42:09.559Z","caller":"ipamd/ipamd.go:1262","msg":"Insufficient IP Addresses due to: InsufficientCidrBlocks\n"}
{"level":"debug","ts":"2026-10-05T08:42:09.559Z","caller":"ipamd/ipamd.go:1003","msg":"hasRoomForEni: networkCard=0, currentENIs=1, currentUsableENIs=1, maxENI=3, unmanagedENI=0, trunkEni=0, excludedENI=0, hasRoom=true"}
{"level":"debug","ts":"2026-10-05T08:42:09.559Z","caller":"ipamd/ipamd.go:2758","msg":"Prefix target is 1, short of 1 prefixes, free 0 prefixes"}
{"level":"debug","ts":"2026-10-05T08:42:09.559Z","caller":"ipamd/ipamd.go:2595","msg":"ToAllocate: 1, Network Card 0"}
{"level":"info","ts":"2026-10-05T08:42:09.559Z","caller":"awsutils/awsutils.go:1044","msg":"Trying to allocate 1 IP addresses on new ENI"}
{"level":"debug","ts":"2026-10-05T08:42:09.559Z","caller":"awsutils/awsutils.go:1044","msg":"PD enabled - true"}
{"level":"debug","ts":"2026-10-05T08:42:09.768Z","caller":"awsutils/awsutils.go:1272","msg":"Primary subnet subnet-EXAMPLE1 has no kubernetes.io/role/cni tag, including it for ENI creation (backwards compatibility)"}
{"level":"info","ts":"2026-10-05T08:42:09.768Z","caller":"awsutils/awsutils.go:1044","msg":"Creating ENI with security groups: [sg-EXAMPLE1] in subnet: subnet-EXAMPLE1"}
{"level":"debug","ts":"2026-10-05T08:42:09.977Z","caller":"awsutils/awsutils.go:1449","msg":"checkAPIErrorAndBroadcastEvent resulted in operation error EC2: CreateNetworkInterface, https response error StatusCode: 400, RequestID: 70a9c899-4568-4bed-8242-800e60463874, api error InvalidParameterValue: There aren't sufficient free Ipv4 addresses or prefixes"}
{"level":"error","ts":"2026-10-05T08:42:09.977Z","caller":"awsutils/awsutils.go:1285","msg":"Failed to CreateNetworkInterface operation error EC2: CreateNetworkInterface, https response error StatusCode: 400, RequestID: 70a9c899-4568-4bed-8242-800e60463874, api error InvalidParameterValue: There aren't sufficient free Ipv4 addresses or prefixes for subnet subnet-EXAMPLE1"}
{"level":"debug","ts":"2026-10-05T08:42:09.977Z","caller":"awsutils/awsutils.go:1272","msg":"Subnet subnet-EXAMPLE2 has no kubernetes.io/role/cni tag, excluding it from ENI creation"}
{"level":"error","ts":"2026-10-05T08:42:09.978Z","caller":"ipamd/ipamd.go:1004","msg":"Failed to increase pool size due to not able to allocate ENI AllocENI: failed to create ENI: failed to create network interface: operation error EC2: CreateNetworkInterface, https response error StatusCode: 400, RequestID: 70a9c899-4568-4bed-8242-800e60463874, api error InvalidParameterValue: There aren't sufficient free Ipv4 addresses or prefixes"}
{"level":"warn","ts":"2026-10-05T08:42:09.978Z","caller":"ipamd/ipamd.go:1004","msg":"Failed to allocate 1 IP addresses on an ENI: AllocENI: failed to create ENI: failed to create network interface: operation error EC2: CreateNetworkInterface, https response error StatusCode: 400, RequestID: 70a9c899-4568-4bed-8242-800e60463874, api error InvalidParameterValue: There aren't sufficient free Ipv4 addresses or prefixes"}
{"level":"debug","ts":"2026-10-05T08:42:09.978Z","caller":"ipamd/ipamd.go:1082","msg":"containsInsufficientCIDRsOrSubnetIPs encountered AllocENI: failed to create ENI: failed to create network interface: operation error EC2: CreateNetworkInterface, https response error StatusCode: 400, RequestID: 70a9c899-4568-4bed-8242-800e60463874, api error InvalidParameterValue: There aren't sufficient free Ipv4 addresses or prefixes"}
{"level":"debug","ts":"2026-10-05T08:42:09.978Z","caller":"ipamd/ipamd.go:1082","msg":"Insufficient IP Addresses due to: InvalidParameterValue\n"}
{"level":"debug","ts":"2026-10-05T08:42:09.978Z","caller":"ipamd/ipamd.go:813","msg":"Error trying to allocate ENI: AllocENI: failed to create ENI: failed to create network interface: operation error EC2: CreateNetworkInterface, https response error StatusCode: 400, RequestID: 70a9c899-4568-4bed-8242-800e60463874, api error InvalidParameterValue: There aren't sufficient free Ipv4 addresses or prefixes"}
{"level":"debug","ts":"2026-10-05T08:42:09.978Z","caller":"ipamd/ipamd.go:1548","msg":"ENI eni-EXAMPLE21 cannot be deleted because it is primary"}
{"level":"info","ts":"2026-10-05T08:42:10.696Z","caller":"rpc/rpc_grpc.pb.go:117","msg":"Received AddNetwork for NS /var/run/netns/cni-d267357e-0f7b-dd4a-1d10-ac8f7ed655e7, Sandbox a9a00af1751ef6476e6dc013d1425eb739082dfee796420197ee6149646c2b12, ifname eth0"}
{"level":"debug","ts":"2026-10-05T08:42:10.696Z","caller":"rpc/rpc_grpc.pb.go:117","msg":"AddNetworkRequest: K8S_POD_NAME:\"pause-68d5b89fc-xv2r9\"  K8S_POD_NAMESPACE:\"default\"  K8S_POD_INFRA_CONTAINER_ID:\"a9a00af1751ef6476e6dc013d1425eb739082dfee796420197ee6149646c2b12\"  ContainerID:\"a9a00af1751ef6476e6dc013d1425eb739082dfee796420197ee6149646c2b12\"  IfName:\"eth0\"  NetworkName:\"aws-cni\"  Netns:\"/var/run/netns/cni-d267357e-0f7b-dd4a-1d10-ac8f7ed655e7\""}
{"level":"info","ts":"2026-10-05T08:42:10.696Z","caller":"rpc/rpc_grpc.pb.go:117","msg":"Required MultiNIC access false, interfaces required 1"}
{"level":"debug","ts":"2026-10-05T08:42:10.696Z","caller":"datastore/data_store.go:713","msg":"AssignPodIPv4Address: IP address pool stats: total 0, assigned 0"}
{"level":"debug","ts":"2026-10-05T08:42:10.696Z","caller":"datastore/data_store.go:713","msg":"AssignPodIPv4Address: ENI eni-EXAMPLE21 does not have available addresses"}
{"level":"error","ts":"2026-10-05T08:42:10.696Z","caller":"datastore/data_store.go:713","msg":"DataStore has no available IP/Prefix addresses"}
{"level":"warn","ts":"2026-10-05T08:42:10.696Z","caller":"rpc/rpc_grpc.pb.go:117","msg":"Failed to assign IPs from network card 0: AssignPodIPAddress: no available IP/Prefix addresses"}
{"level":"error","ts":"2026-10-05T08:42:10.696Z","caller":"rpc/rpc_grpc.pb.go:117","msg":"Returning failure response for AddNetwork: 1 error occurred:\n\t* AssignPodIPAddress: no available IP/Prefix addresses\n\n"}
{"level":"info","ts":"2026-10-05T08:42:10.696Z","caller":"rpc/rpc_grpc.pb.go:117","msg":"Send AddNetworkReply: Success: false IPAddr: [], resp: , err: AssignPodIPAddress: no available IP/Prefix addresses"}
{"level":"info","ts":"2026-10-05T08:42:10.720Z","caller":"rpc/rpc_grpc.pb.go:135","msg":"Received DelNetwork for Sandbox a9a00af1751ef6476e6dc013d1425eb739082dfee796420197ee6149646c2b12"}
{"level":"debug","ts":"2026-10-05T08:42:10.720Z","caller":"rpc/rpc_grpc.pb.go:135","msg":"DelNetworkRequest: K8S_POD_NAME:\"pause-68d5b89fc-xv2r9\"  K8S_POD_NAMESPACE:\"default\"  K8S_POD_INFRA_CONTAINER_ID:\"a9a00af1751ef6476e6dc013d1425eb739082dfee796420197ee6149646c2b12\"  Reason:\"PodDeleted\"  ContainerID:\"a9a00af1751ef6476e6dc013d1425eb739082dfee796420197ee6149646c2b12\"  IfName:\"eth0\"  NetworkName:\"aws-cni\"  K8S_POD_UID:\"cd4aecc7-3371-4cf3-bd27-460a41c60184\""}
{"level":"debug","ts":"2026-10-05T08:42:10.720Z","caller":"ipamd/rpc_handler.go:353","msg":"UnassignPodIPAddress: IP address pool stats: total 0, assigned 0, sandbox aws-cni/a9a00af1751ef6476e6dc013d1425eb739082dfee796420197ee6149646c2b12/eth0"}
{"level":"debug","ts":"2026-10-05T08:42:10.720Z","caller":"ipamd/rpc_handler.go:353","msg":"UnassignPodIPAddress: Failed to find IPAM entry under full key, trying CRI-migrated version"}
{"level":"warn","ts":"2026-10-05T08:42:10.720Z","caller":"ipamd/rpc_handler.go:353","msg":"UnassignPodIPAddress: Failed to find sandbox _migrated-from-cri/a9a00af1751ef6476e6dc013d1425eb739082dfee796420197ee6149646c2b12/unknown"}
{"level":"info","ts":"2026-10-05T08:42:10.720Z","caller":"rpc/rpc_grpc.pb.go:135","msg":"Send DelNetworkReply: IPAddress: [], err: 1 error occurred:\n\t* datastore: unknown pod\n\n"}
{"level":"debug","ts":"2026-10-05T08:42:14.978Z","caller":"ipamd/ipamd.go:809","msg":"IP pool is too low for Network Card 0: available (0) < ENI target (1) * addrsPerENI (16)"}
{"level":"debug","ts":"2026-10-05T08:42:14.978Z","caller":"ipamd/ipamd.go:2689","msg":"Prefix pool stats for network card 0: Total IPs/Prefixes = 0/0, AssignedIPs/CooldownIPs: 0/0, c.maxIPsPerENI = 80"}
{"level":"debug","ts":"2026-10-05T08:42:14.978Z","caller":"ipamd/ipamd.go:795","msg":"IP stats for Network Card 0 - total IPs: 0, assigned IPs: 0, cooldown IPs: 0"}
{"level":"debug","ts":"2026-10-05T08:42:14.978Z","caller":"ipamd/ipamd.go:813","msg":"Starting to increase pool size for network card 0"}
{"level":"debug","ts":"2026-10-05T08:42:14.978Z","caller":"ipamd/ipamd.go:966","msg":"Node found \"ip-10-20-0-45.ec2.internal\" - no of taints - 0"}
{"level":"debug","ts":"2026-10-05T08:42:14.978Z","caller":"ipamd/ipamd.go:2758","msg":"Prefix target is 1, short of 1 prefixes, free 0 prefixes"}
{"level":"debug","ts":"2026-10-05T08:42:14.978Z","caller":"ipamd/ipamd.go:1248","msg":"ToAllocate: 1, Network Card 0"}
{"level":"debug","ts":"2026-10-05T08:42:14.978Z","caller":"ipamd/ipamd.go:1251","msg":"Found ENI eni-EXAMPLE21 that has less than the maximum number of IP/Prefixes addresses allocated: cur=0, max=5"}
{"level":"info","ts":"2026-10-05T08:42:14.978Z","caller":"ipamd/ipamd.go:1255","msg":"Trying to allocate 1 IP addresses on ENI eni-EXAMPLE21"}
{"level":"debug","ts":"2026-10-05T08:42:14.978Z","caller":"ipamd/ipamd.go:1255","msg":"PD enabled - true"}
{"level":"debug","ts":"2026-10-05T08:42:15.413Z","caller":"awsutils/awsutils.go:2174","msg":"checkAPIErrorAndBroadcastEvent resulted in operation error EC2: AssignPrivateIpAddresses, https response error StatusCode: 400, RequestID: 4a73f40b-6b24-4363-a865-beea989082fd, api error InsufficientCidrBlocks: The specified subnet does not have enough free cidr blocks to satisfy the request."}
{"level":"error","ts":"2026-10-05T08:42:15.413Z","caller":"ipamd/ipamd.go:1255","msg":"Failed to allocate a private IP/Prefix addresses on ENI eni-EXAMPLE21: operation error EC2: AssignPrivateIpAddresses, https response error StatusCode: 400, RequestID: 4a73f40b-6b24-4363-a865-beea989082fd, api error InsufficientCidrBlocks: The specified subnet does not have enough free cidr blocks to satisfy the request."}
{"level":"debug","ts":"2026-10-05T08:42:15.414Z","caller":"ipamd/ipamd.go:1256","msg":"containsPrivateIPAddressLimitExceededError encountered operation error EC2: AssignPrivateIpAddresses, https response error StatusCode: 400, RequestID: 4a73f40b-6b24-4363-a865-beea989082fd, api error InsufficientCidrBlocks: The specified subnet does not have enough free cidr blocks to satisfy the request."}
{"level":"warn","ts":"2026-10-05T08:42:15.414Z","caller":"ipamd/ipamd.go:1113","msg":"failed to allocate all available IPv4 Prefixes on ENI eni-EXAMPLE21, err: operation error EC2: AssignPrivateIpAddresses, https response error StatusCode: 400, RequestID: 4a73f40b-6b24-4363-a865-beea989082fd, api error InsufficientCidrBlocks: The specified subnet does not have enough free cidr blocks to satisfy the request."}
{"level":"info","ts":"2026-10-05T08:42:15.414Z","caller":"ipamd/ipamd.go:1259","msg":"Trying to allocate 1 IP addresses on ENI eni-EXAMPLE21"}
{"level":"debug","ts":"2026-10-05T08:42:15.414Z","caller":"ipamd/ipamd.go:1259","msg":"PD enabled - true"}
{"level":"debug","ts":"2026-10-05T08:42:15.917Z","caller":"awsutils/awsutils.go:2174","msg":"checkAPIErrorAndBroadcastEvent resulted in operation error EC2: AssignPrivateIpAddresses, https response error StatusCode: 400, RequestID: 9397655c-d4fd-4126-8e0e-4b72339e92f5, api error InsufficientCidrBlocks: The specified subnet does not have enough free cidr blocks to satisfy the request."}
{"level":"error","ts":"2026-10-05T08:42:15.917Z","caller":"ipamd/ipamd.go:1259","msg":"Failed to allocate a private IP/Prefix addresses on ENI eni-EXAMPLE21: operation error EC2: AssignPrivateIpAddresses, https response error StatusCode: 400, RequestID: 9397655c-d4fd-4126-8e0e-4b72339e92f5, api error InsufficientCidrBlocks: The specified subnet does not have enough free cidr blocks to satisfy the request."}
{"level":"debug","ts":"2026-10-05T08:42:15.917Z","caller":"ipamd/ipamd.go:1260","msg":"containsPrivateIPAddressLimitExceededError encountered operation error EC2: AssignPrivateIpAddresses, https response error StatusCode: 400, RequestID: 9397655c-d4fd-4126-8e0e-4b72339e92f5, api error InsufficientCidrBlocks: The specified subnet does not have enough free cidr blocks to satisfy the request."}
{"level":"debug","ts":"2026-10-05T08:42:15.917Z","caller":"ipamd/ipamd.go:1262","msg":"containsInsufficientCIDRsOrSubnetIPs encountered operation error EC2: AssignPrivateIpAddresses, https response error StatusCode: 400, RequestID: 9397655c-d4fd-4126-8e0e-4b72339e92f5, api error InsufficientCidrBlocks: The specified subnet does not have enough free cidr blocks to satisfy the request."}
{"level":"debug","ts":"2026-10-05T08:42:15.917Z","caller":"ipamd/ipamd.go:1262","msg":"Insufficient IP Addresses due to: InsufficientCidrBlocks\n"}
{"level":"debug","ts":"2026-10-05T08:42:15.917Z","caller":"ipamd/ipamd.go:1003","msg":"hasRoomForEni: networkCard=0, currentENIs=1, currentUsableENIs=1, maxENI=3, unmanagedENI=0, trunkEni=0, excludedENI=0, hasRoom=true"}
{"level":"debug","ts":"2026-10-05T08:42:15.917Z","caller":"ipamd/ipamd.go:2758","msg":"Prefix target is 1, short of 1 prefixes, free 0 prefixes"}
{"level":"debug","ts":"2026-10-05T08:42:15.917Z","caller":"ipamd/ipamd.go:2595","msg":"ToAllocate: 1, Network Card 0"}
{"level":"info","ts":"2026-10-05T08:42:15.917Z","caller":"awsutils/awsutils.go:1044","msg":"Trying to allocate 1 IP addresses on new ENI"}
{"level":"debug","ts":"2026-10-05T08:42:15.917Z","caller":"awsutils/awsutils.go:1044","msg":"PD enabled - true"}
{"level":"debug","ts":"2026-10-05T08:42:16.031Z","caller":"awsutils/awsutils.go:1272","msg":"Primary subnet subnet-EXAMPLE1 has no kubernetes.io/role/cni tag, including it for ENI creation (backwards compatibility)"}
{"level":"info","ts":"2026-10-05T08:42:16.031Z","caller":"awsutils/awsutils.go:1044","msg":"Creating ENI with security groups: [sg-EXAMPLE1] in subnet: subnet-EXAMPLE1"}
{"level":"debug","ts":"2026-10-05T08:42:16.275Z","caller":"awsutils/awsutils.go:1449","msg":"checkAPIErrorAndBroadcastEvent resulted in operation error EC2: CreateNetworkInterface, https response error StatusCode: 400, RequestID: 2905cf1a-07cd-484c-bde8-c8237f1871c0, api error InvalidParameterValue: There aren't sufficient free Ipv4 addresses or prefixes"}
{"level":"error","ts":"2026-10-05T08:42:16.275Z","caller":"awsutils/awsutils.go:1285","msg":"Failed to CreateNetworkInterface operation error EC2: CreateNetworkInterface, https response error StatusCode: 400, RequestID: 2905cf1a-07cd-484c-bde8-c8237f1871c0, api error InvalidParameterValue: There aren't sufficient free Ipv4 addresses or prefixes for subnet subnet-EXAMPLE1"}
{"level":"debug","ts":"2026-10-05T08:42:16.275Z","caller":"awsutils/awsutils.go:1272","msg":"Subnet subnet-EXAMPLE2 has no kubernetes.io/role/cni tag, excluding it from ENI creation"}
{"level":"error","ts":"2026-10-05T08:42:16.275Z","caller":"ipamd/ipamd.go:1004","msg":"Failed to increase pool size due to not able to allocate ENI AllocENI: failed to create ENI: failed to create network interface: operation error EC2: CreateNetworkInterface, https response error StatusCode: 400, RequestID: 2905cf1a-07cd-484c-bde8-c8237f1871c0, api error InvalidParameterValue: There aren't sufficient free Ipv4 addresses or prefixes"}
{"level":"warn","ts":"2026-10-05T08:42:16.275Z","caller":"ipamd/ipamd.go:1004","msg":"Failed to allocate 1 IP addresses on an ENI: AllocENI: failed to create ENI: failed to create network interface: operation error EC2: CreateNetworkInterface, https response error StatusCode: 400, RequestID: 2905cf1a-07cd-484c-bde8-c8237f1871c0, api error InvalidParameterValue: There aren't sufficient free Ipv4 addresses or prefixes"}
{"level":"debug","ts":"2026-10-05T08:42:16.275Z","caller":"ipamd/ipamd.go:1082","msg":"containsInsufficientCIDRsOrSubnetIPs encountered AllocENI: failed to create ENI: failed to create network interface: operation error EC2: CreateNetworkInterface, https response error StatusCode: 400, RequestID: 2905cf1a-07cd-484c-bde8-c8237f1871c0, api error InvalidParameterValue: There aren't sufficient free Ipv4 addresses or prefixes"}
{"level":"debug","ts":"2026-10-05T08:42:16.275Z","caller":"ipamd/ipamd.go:1082","msg":"Insufficient IP Addresses due to: InvalidParameterValue\n"}
{"level":"debug","ts":"2026-10-05T08:42:16.275Z","caller":"ipamd/ipamd.go:813","msg":"Error trying to allocate ENI: AllocENI: failed to create ENI: failed to create network interface: operation error EC2: CreateNetworkInterface, https response error StatusCode: 400, RequestID: 2905cf1a-07cd-484c-bde8-c8237f1871c0, api error InvalidParameterValue: There aren't sufficient free Ipv4 addresses or prefixes"}
{"level":"debug","ts":"2026-10-05T08:42:16.275Z","caller":"ipamd/ipamd.go:1548","msg":"ENI eni-EXAMPLE21 cannot be deleted because it is primary"}
{"level":"info","ts":"2026-10-05T08:42:16.697Z","caller":"rpc/rpc_grpc.pb.go:117","msg":"Received AddNetwork for NS /var/run/netns/cni-a2c245da-d5e8-c7b3-ef5c-8b743a692879, Sandbox 54cc6ff59878cf8eb90c646035290ad21398abdca52833c928ceb63d0971770a, ifname eth0"}
{"level":"debug","ts":"2026-10-05T08:42:16.697Z","caller":"rpc/rpc_grpc.pb.go:117","msg":"AddNetworkRequest: K8S_POD_NAME:\"coredns-79f8dffc57-fwslz\"  K8S_POD_NAMESPACE:\"kube-system\"  K8S_POD_INFRA_CONTAINER_ID:\"54cc6ff59878cf8eb90c646035290ad21398abdca52833c928ceb63d0971770a\"  ContainerID:\"54cc6ff59878cf8eb90c646035290ad21398abdca52833c928ceb63d0971770a\"  IfName:\"eth0\"  NetworkName:\"aws-cni\"  Netns:\"/var/run/netns/cni-a2c245da-d5e8-c7b3-ef5c-8b743a692879\""}
{"level":"info","ts":"2026-10-05T08:42:16.697Z","caller":"rpc/rpc_grpc.pb.go:117","msg":"Required MultiNIC access false, interfaces required 1"}
{"level":"debug","ts":"2026-10-05T08:42:16.697Z","caller":"datastore/data_store.go:713","msg":"AssignPodIPv4Address: IP address pool stats: total 0, assigned 0"}
{"level":"debug","ts":"2026-10-05T08:42:16.697Z","caller":"datastore/data_store.go:713","msg":"AssignPodIPv4Address: ENI eni-EXAMPLE21 does not have available addresses"}
{"level":"error","ts":"2026-10-05T08:42:16.698Z","caller":"datastore/data_store.go:713","msg":"DataStore has no available IP/Prefix addresses"}
{"level":"warn","ts":"2026-10-05T08:42:16.698Z","caller":"rpc/rpc_grpc.pb.go:117","msg":"Failed to assign IPs from network card 0: AssignPodIPAddress: no available IP/Prefix addresses"}
{"level":"error","ts":"2026-10-05T08:42:16.698Z","caller":"rpc/rpc_grpc.pb.go:117","msg":"Returning failure response for AddNetwork: 1 error occurred:\n\t* AssignPodIPAddress: no available IP/Prefix addresses\n\n"}
{"level":"info","ts":"2026-10-05T08:42:16.698Z","caller":"rpc/rpc_grpc.pb.go:117","msg":"Send AddNetworkReply: Success: false IPAddr: [], resp: , err: AssignPodIPAddress: no available IP/Prefix addresses"}
{"level":"info","ts":"2026-10-05T08:42:16.722Z","caller":"rpc/rpc_grpc.pb.go:135","msg":"Received DelNetwork for Sandbox 54cc6ff59878cf8eb90c646035290ad21398abdca52833c928ceb63d0971770a"}
{"level":"debug","ts":"2026-10-05T08:42:16.722Z","caller":"rpc/rpc_grpc.pb.go:135","msg":"DelNetworkRequest: K8S_POD_NAME:\"coredns-79f8dffc57-fwslz\"  K8S_POD_NAMESPACE:\"kube-system\"  K8S_POD_INFRA_CONTAINER_ID:\"54cc6ff59878cf8eb90c646035290ad21398abdca52833c928ceb63d0971770a\"  Reason:\"PodDeleted\"  ContainerID:\"54cc6ff59878cf8eb90c646035290ad21398abdca52833c928ceb63d0971770a\"  IfName:\"eth0\"  NetworkName:\"aws-cni\"  K8S_POD_UID:\"ad241f1d-d89e-4886-8d30-e22384a0b925\""}
{"level":"debug","ts":"2026-10-05T08:42:16.722Z","caller":"ipamd/rpc_handler.go:353","msg":"UnassignPodIPAddress: IP address pool stats: total 0, assigned 0, sandbox aws-cni/54cc6ff59878cf8eb90c646035290ad21398abdca52833c928ceb63d0971770a/eth0"}
{"level":"debug","ts":"2026-10-05T08:42:16.722Z","caller":"ipamd/rpc_handler.go:353","msg":"UnassignPodIPAddress: Failed to find IPAM entry under full key, trying CRI-migrated version"}
{"level":"warn","ts":"2026-10-05T08:42:16.722Z","caller":"ipamd/rpc_handler.go:353","msg":"UnassignPodIPAddress: Failed to find sandbox _migrated-from-cri/54cc6ff59878cf8eb90c646035290ad21398abdca52833c928ceb63d0971770a/unknown"}
{"level":"info","ts":"2026-10-05T08:42:16.722Z","caller":"rpc/rpc_grpc.pb.go:135","msg":"Send DelNetworkReply: IPAddress: [], err: 1 error occurred:\n\t* datastore: unknown pod\n\n"}
{"level":"info","ts":"2026-10-05T08:42:18.697Z","caller":"rpc/rpc_grpc.pb.go:117","msg":"Received AddNetwork for NS /var/run/netns/cni-aed81d8d-844e-05cd-3528-0b35ec3a445c, Sandbox f35b9a36b7f7ce142a5e38e983b512fc573d90fcfe47ca46351b2044212bfcf6, ifname eth0"}
{"level":"debug","ts":"2026-10-05T08:42:18.697Z","caller":"rpc/rpc_grpc.pb.go:117","msg":"AddNetworkRequest: K8S_POD_NAME:\"coredns-79f8dffc57-cv2lj\"  K8S_POD_NAMESPACE:\"kube-system\"  K8S_POD_INFRA_CONTAINER_ID:\"f35b9a36b7f7ce142a5e38e983b512fc573d90fcfe47ca46351b2044212bfcf6\"  ContainerID:\"f35b9a36b7f7ce142a5e38e983b512fc573d90fcfe47ca46351b2044212bfcf6\"  IfName:\"eth0\"  NetworkName:\"aws-cni\"  Netns:\"/var/run/netns/cni-aed81d8d-844e-05cd-3528-0b35ec3a445c\""}
{"level":"info","ts":"2026-10-05T08:42:18.697Z","caller":"rpc/rpc_grpc.pb.go:117","msg":"Required MultiNIC access false, interfaces required 1"}
{"level":"debug","ts":"2026-10-05T08:42:18.697Z","caller":"datastore/data_store.go:713","msg":"AssignPodIPv4Address: IP address pool stats: total 0, assigned 0"}
{"level":"debug","ts":"2026-10-05T08:42:18.697Z","caller":"datastore/data_store.go:713","msg":"AssignPodIPv4Address: ENI eni-EXAMPLE21 does not have available addresses"}
{"level":"error","ts":"2026-10-05T08:42:18.697Z","caller":"datastore/data_store.go:713","msg":"DataStore has no available IP/Prefix addresses"}
{"level":"warn","ts":"2026-10-05T08:42:18.697Z","caller":"rpc/rpc_grpc.pb.go:117","msg":"Failed to assign IPs from network card 0: AssignPodIPAddress: no available IP/Prefix addresses"}
{"level":"error","ts":"2026-10-05T08:42:18.697Z","caller":"rpc/rpc_grpc.pb.go:117","msg":"Returning failure response for AddNetwork: 1 error occurred:\n\t* AssignPodIPAddress: no available IP/Prefix addresses\n\n"}
{"level":"info","ts":"2026-10-05T08:42:18.697Z","caller":"rpc/rpc_grpc.pb.go:117","msg":"Send AddNetworkReply: Success: false IPAddr: [], resp: , err: AssignPodIPAddress: no available IP/Prefix addresses"}
{"level":"info","ts":"2026-10-05T08:42:18.722Z","caller":"rpc/rpc_grpc.pb.go:135","msg":"Received DelNetwork for Sandbox f35b9a36b7f7ce142a5e38e983b512fc573d90fcfe47ca46351b2044212bfcf6"}
{"level":"debug","ts":"2026-10-05T08:42:18.722Z","caller":"rpc/rpc_grpc.pb.go:135","msg":"DelNetworkRequest: K8S_POD_NAME:\"coredns-79f8dffc57-cv2lj\"  K8S_POD_NAMESPACE:\"kube-system\"  K8S_POD_INFRA_CONTAINER_ID:\"f35b9a36b7f7ce142a5e38e983b512fc573d90fcfe47ca46351b2044212bfcf6\"  Reason:\"PodDeleted\"  ContainerID:\"f35b9a36b7f7ce142a5e38e983b512fc573d90fcfe47ca46351b2044212bfcf6\"  IfName:\"eth0\"  NetworkName:\"aws-cni\"  K8S_POD_UID:\"080397ba-9aa0-4db1-b449-5fe2b0811692\""}
{"level":"debug","ts":"2026-10-05T08:42:18.722Z","caller":"ipamd/rpc_handler.go:353","msg":"UnassignPodIPAddress: IP address pool stats: total 0, assigned 0, sandbox aws-cni/f35b9a36b7f7ce142a5e38e983b512fc573d90fcfe47ca46351b2044212bfcf6/eth0"}
{"level":"debug","ts":"2026-10-05T08:42:18.722Z","caller":"ipamd/rpc_handler.go:353","msg":"UnassignPodIPAddress: Failed to find IPAM entry under full key, trying CRI-migrated version"}
{"level":"warn","ts":"2026-10-05T08:42:18.722Z","caller":"ipamd/rpc_handler.go:353","msg":"UnassignPodIPAddress: Failed to find sandbox _migrated-from-cri/f35b9a36b7f7ce142a5e38e983b512fc573d90fcfe47ca46351b2044212bfcf6/unknown"}
{"level":"info","ts":"2026-10-05T08:42:18.722Z","caller":"rpc/rpc_grpc.pb.go:135","msg":"Send DelNetworkReply: IPAddress: [], err: 1 error occurred:\n\t* datastore: unknown pod\n\n"}
{"level":"info","ts":"2026-10-05T08:42:19.697Z","caller":"rpc/rpc_grpc.pb.go:117","msg":"Received AddNetwork for NS /var/run/netns/cni-19ec3163-c840-1be0-310a-278b028bbe43, Sandbox 538944a3d89c68351e5a4261d5a9a2fcd954ab7b87b93847e1bf66eee9eaf7a3, ifname eth0"}
{"level":"debug","ts":"2026-10-05T08:42:19.697Z","caller":"rpc/rpc_grpc.pb.go:117","msg":"AddNetworkRequest: K8S_POD_NAME:\"pause-68d5b89fc-kwqf6\"  K8S_POD_NAMESPACE:\"default\"  K8S_POD_INFRA_CONTAINER_ID:\"538944a3d89c68351e5a4261d5a9a2fcd954ab7b87b93847e1bf66eee9eaf7a3\"  ContainerID:\"538944a3d89c68351e5a4261d5a9a2fcd954ab7b87b93847e1bf66eee9eaf7a3\"  IfName:\"eth0\"  NetworkName:\"aws-cni\"  Netns:\"/var/run/netns/cni-19ec3163-c840-1be0-310a-278b028bbe43\""}
{"level":"info","ts":"2026-10-05T08:42:19.697Z","caller":"rpc/rpc_grpc.pb.go:117","msg":"Required MultiNIC access false, interfaces required 1"}
{"level":"debug","ts":"2026-10-05T08:42:19.697Z","caller":"datastore/data_store.go:713","msg":"AssignPodIPv4Address: IP address pool stats: total 0, assigned 0"}
{"level":"debug","ts":"2026-10-05T08:42:19.697Z","caller":"datastore/data_store.go:713","msg":"AssignPodIPv4Address: ENI eni-EXAMPLE21 does not have available addresses"}
{"level":"error","ts":"2026-10-05T08:42:19.697Z","caller":"datastore/data_store.go:713","msg":"DataStore has no available IP/Prefix addresses"}
{"level":"warn","ts":"2026-10-05T08:42:19.697Z","caller":"rpc/rpc_grpc.pb.go:117","msg":"Failed to assign IPs from network card 0: AssignPodIPAddress: no available IP/Prefix addresses"}
{"level":"error","ts":"2026-10-05T08:42:19.697Z","caller":"rpc/rpc_grpc.pb.go:117","msg":"Returning failure response for AddNetwork: 1 error occurred:\n\t* AssignPodIPAddress: no available IP/Prefix addresses\n\n"}
{"level":"info","ts":"2026-10-05T08:42:19.697Z","caller":"rpc/rpc_grpc.pb.go:117","msg":"Send AddNetworkReply: Success: false IPAddr: [], resp: , err: AssignPodIPAddress: no available IP/Prefix addresses"}
{"level":"info","ts":"2026-10-05T08:42:19.722Z","caller":"rpc/rpc_grpc.pb.go:135","msg":"Received DelNetwork for Sandbox 538944a3d89c68351e5a4261d5a9a2fcd954ab7b87b93847e1bf66eee9eaf7a3"}
{"level":"debug","ts":"2026-10-05T08:42:19.722Z","caller":"rpc/rpc_grpc.pb.go:135","msg":"DelNetworkRequest: K8S_POD_NAME:\"pause-68d5b89fc-kwqf6\"  K8S_POD_NAMESPACE:\"default\"  K8S_POD_INFRA_CONTAINER_ID:\"538944a3d89c68351e5a4261d5a9a2fcd954ab7b87b93847e1bf66eee9eaf7a3\"  Reason:\"PodDeleted\"  ContainerID:\"538944a3d89c68351e5a4261d5a9a2fcd954ab7b87b93847e1bf66eee9eaf7a3\"  IfName:\"eth0\"  NetworkName:\"aws-cni\"  K8S_POD_UID:\"f1c84b49-6e57-471b-b275-0a0535a8e3e2\""}
{"level":"debug","ts":"2026-10-05T08:42:19.722Z","caller":"ipamd/rpc_handler.go:353","msg":"UnassignPodIPAddress: IP address pool stats: total 0, assigned 0, sandbox aws-cni/538944a3d89c68351e5a4261d5a9a2fcd954ab7b87b93847e1bf66eee9eaf7a3/eth0"}
{"level":"debug","ts":"2026-10-05T08:42:19.722Z","caller":"ipamd/rpc_handler.go:353","msg":"UnassignPodIPAddress: Failed to find IPAM entry under full key, trying CRI-migrated version"}
{"level":"warn","ts":"2026-10-05T08:42:19.722Z","caller":"ipamd/rpc_handler.go:353","msg":"UnassignPodIPAddress: Failed to find sandbox _migrated-from-cri/538944a3d89c68351e5a4261d5a9a2fcd954ab7b87b93847e1bf66eee9eaf7a3/unknown"}
{"level":"info","ts":"2026-10-05T08:42:19.722Z","caller":"rpc/rpc_grpc.pb.go:135","msg":"Send DelNetworkReply: IPAddress: [], err: 1 error occurred:\n\t* datastore: unknown pod\n\n"}
{"level":"debug","ts":"2026-10-05T08:42:21.278Z","caller":"ipamd/ipamd.go:809","msg":"IP pool is too low for Network Card 0: available (0) < ENI target (1) * addrsPerENI (16)"}
{"level":"debug","ts":"2026-10-05T08:42:21.278Z","caller":"ipamd/ipamd.go:2689","msg":"Prefix pool stats for network card 0: Total IPs/Prefixes = 0/0, AssignedIPs/CooldownIPs: 0/0, c.maxIPsPerENI = 80"}
{"level":"debug","ts":"2026-10-05T08:42:21.278Z","caller":"ipamd/ipamd.go:795","msg":"IP stats for Network Card 0 - total IPs: 0, assigned IPs: 0, cooldown IPs: 0"}
{"level":"debug","ts":"2026-10-05T08:42:21.278Z","caller":"ipamd/ipamd.go:813","msg":"Starting to increase pool size for network card 0"}
{"level":"debug","ts":"2026-10-05T08:42:21.278Z","caller":"ipamd/ipamd.go:966","msg":"Node found \"ip-10-20-0-45.ec2.internal\" - no of taints - 0"}
{"level":"debug","ts":"2026-10-05T08:42:21.278Z","caller":"ipamd/ipamd.go:2758","msg":"Prefix target is 1, short of 1 prefixes, free 0 prefixes"}
{"level":"debug","ts":"2026-10-05T08:42:21.278Z","caller":"ipamd/ipamd.go:1248","msg":"ToAllocate: 1, Network Card 0"}
{"level":"debug","ts":"2026-10-05T08:42:21.278Z","caller":"ipamd/ipamd.go:1251","msg":"Found ENI eni-EXAMPLE21 that has less than the maximum number of IP/Prefixes addresses allocated: cur=0, max=5"}
{"level":"info","ts":"2026-10-05T08:42:21.278Z","caller":"ipamd/ipamd.go:1255","msg":"Trying to allocate 1 IP addresses on ENI eni-EXAMPLE21"}
{"level":"debug","ts":"2026-10-05T08:42:21.278Z","caller":"ipamd/ipamd.go:1255","msg":"PD enabled - true"}
{"level":"debug","ts":"2026-10-05T08:42:21.677Z","caller":"awsutils/awsutils.go:2174","msg":"checkAPIErrorAndBroadcastEvent resulted in operation error EC2: AssignPrivateIpAddresses, https response error StatusCode: 400, RequestID: 7ca08e90-4b36-4047-9f41-081c952560e5, api error InsufficientCidrBlocks: The specified subnet does not have enough free cidr blocks to satisfy the request."}
{"level":"error","ts":"2026-10-05T08:42:21.678Z","caller":"ipamd/ipamd.go:1255","msg":"Failed to allocate a private IP/Prefix addresses on ENI eni-EXAMPLE21: operation error EC2: AssignPrivateIpAddresses, https response error StatusCode: 400, RequestID: 7ca08e90-4b36-4047-9f41-081c952560e5, api error InsufficientCidrBlocks: The specified subnet does not have enough free cidr blocks to satisfy the request."}
{"level":"debug","ts":"2026-10-05T08:42:21.678Z","caller":"ipamd/ipamd.go:1256","msg":"containsPrivateIPAddressLimitExceededError encountered operation error EC2: AssignPrivateIpAddresses, https response error StatusCode: 400, RequestID: 7ca08e90-4b36-4047-9f41-081c952560e5, api error InsufficientCidrBlocks: The specified subnet does not have enough free cidr blocks to satisfy the request."}
{"level":"warn","ts":"2026-10-05T08:42:21.678Z","caller":"ipamd/ipamd.go:1113","msg":"failed to allocate all available IPv4 Prefixes on ENI eni-EXAMPLE21, err: operation error EC2: AssignPrivateIpAddresses, https response error StatusCode: 400, RequestID: 7ca08e90-4b36-4047-9f41-081c952560e5, api error InsufficientCidrBlocks: The specified subnet does not have enough free cidr blocks to satisfy the request."}
{"level":"info","ts":"2026-10-05T08:42:21.678Z","caller":"ipamd/ipamd.go:1259","msg":"Trying to allocate 1 IP addresses on ENI eni-EXAMPLE21"}
{"level":"debug","ts":"2026-10-05T08:42:21.678Z","caller":"ipamd/ipamd.go:1259","msg":"PD enabled - true"}
{"level":"debug","ts":"2026-10-05T08:42:22.155Z","caller":"awsutils/awsutils.go:2174","msg":"checkAPIErrorAndBroadcastEvent resulted in operation error EC2: AssignPrivateIpAddresses, https response error StatusCode: 400, RequestID: f47c32d3-b2e5-4f37-bdbe-b3617895263d, api error InsufficientCidrBlocks: The specified subnet does not have enough free cidr blocks to satisfy the request."}
{"level":"error","ts":"2026-10-05T08:42:22.155Z","caller":"ipamd/ipamd.go:1259","msg":"Failed to allocate a private IP/Prefix addresses on ENI eni-EXAMPLE21: operation error EC2: AssignPrivateIpAddresses, https response error StatusCode: 400, RequestID: f47c32d3-b2e5-4f37-bdbe-b3617895263d, api error InsufficientCidrBlocks: The specified subnet does not have enough free cidr blocks to satisfy the request."}
{"level":"debug","ts":"2026-10-05T08:42:22.155Z","caller":"ipamd/ipamd.go:1260","msg":"containsPrivateIPAddressLimitExceededError encountered operation error EC2: AssignPrivateIpAddresses, https response error StatusCode: 400, RequestID: f47c32d3-b2e5-4f37-bdbe-b3617895263d, api error InsufficientCidrBlocks: The specified subnet does not have enough free cidr blocks to satisfy the request."}
{"level":"debug","ts":"2026-10-05T08:42:22.155Z","caller":"ipamd/ipamd.go:1262","msg":"containsInsufficientCIDRsOrSubnetIPs encountered operation error EC2: AssignPrivateIpAddresses, https response error StatusCode: 400, RequestID: f47c32d3-b2e5-4f37-bdbe-b3617895263d, api error InsufficientCidrBlocks: The specified subnet does not have enough free cidr blocks to satisfy the request."}
{"level":"debug","ts":"2026-10-05T08:42:22.155Z","caller":"ipamd/ipamd.go:1262","msg":"Insufficient IP Addresses due to: InsufficientCidrBlocks\n"}
{"level":"debug","ts":"2026-10-05T08:42:22.155Z","caller":"ipamd/ipamd.go:1003","msg":"hasRoomForEni: networkCard=0, currentENIs=1, currentUsableENIs=1, maxENI=3, unmanagedENI=0, trunkEni=0, excludedENI=0, hasRoom=true"}
{"level":"debug","ts":"2026-10-05T08:42:22.155Z","caller":"ipamd/ipamd.go:2758","msg":"Prefix target is 1, short of 1 prefixes, free 0 prefixes"}
{"level":"debug","ts":"2026-10-05T08:42:22.155Z","caller":"ipamd/ipamd.go:2595","msg":"ToAllocate: 1, Network Card 0"}
{"level":"info","ts":"2026-10-05T08:42:22.155Z","caller":"awsutils/awsutils.go:1044","msg":"Trying to allocate 1 IP addresses on new ENI"}
{"level":"debug","ts":"2026-10-05T08:42:22.155Z","caller":"awsutils/awsutils.go:1044","msg":"PD enabled - true"}
{"level":"debug","ts":"2026-10-05T08:42:22.344Z","caller":"awsutils/awsutils.go:1272","msg":"Primary subnet subnet-EXAMPLE1 has no kubernetes.io/role/cni tag, including it for ENI creation (backwards compatibility)"}
{"level":"info","ts":"2026-10-05T08:42:22.344Z","caller":"awsutils/awsutils.go:1044","msg":"Creating ENI with security groups: [sg-EXAMPLE1] in subnet: subnet-EXAMPLE1"}
{"level":"debug","ts":"2026-10-05T08:42:22.581Z","caller":"awsutils/awsutils.go:1449","msg":"checkAPIErrorAndBroadcastEvent resulted in operation error EC2: CreateNetworkInterface, https response error StatusCode: 400, RequestID: da066776-ee89-4c3c-a5cf-6ab29da27a4b, api error InvalidParameterValue: There aren't sufficient free Ipv4 addresses or prefixes"}
{"level":"error","ts":"2026-10-05T08:42:22.581Z","caller":"awsutils/awsutils.go:1285","msg":"Failed to CreateNetworkInterface operation error EC2: CreateNetworkInterface, https response error StatusCode: 400, RequestID: da066776-ee89-4c3c-a5cf-6ab29da27a4b, api error InvalidParameterValue: There aren't sufficient free Ipv4 addresses or prefixes for subnet subnet-EXAMPLE1"}
{"level":"debug","ts":"2026-10-05T08:42:22.581Z","caller":"awsutils/awsutils.go:1272","msg":"Subnet subnet-EXAMPLE2 has no kubernetes.io/role/cni tag, excluding it from ENI creation"}
{"level":"error","ts":"2026-10-05T08:42:22.581Z","caller":"ipamd/ipamd.go:1004","msg":"Failed to increase pool size due to not able to allocate ENI AllocENI: failed to create ENI: failed to create network interface: operation error EC2: CreateNetworkInterface, https response error StatusCode: 400, RequestID: da066776-ee89-4c3c-a5cf-6ab29da27a4b, api error InvalidParameterValue: There aren't sufficient free Ipv4 addresses or prefixes"}
{"level":"warn","ts":"2026-10-05T08:42:22.581Z","caller":"ipamd/ipamd.go:1004","msg":"Failed to allocate 1 IP addresses on an ENI: AllocENI: failed to create ENI: failed to create network interface: operation error EC2: CreateNetworkInterface, https response error StatusCode: 400, RequestID: da066776-ee89-4c3c-a5cf-6ab29da27a4b, api error InvalidParameterValue: There aren't sufficient free Ipv4 addresses or prefixes"}
{"level":"debug","ts":"2026-10-05T08:42:22.581Z","caller":"ipamd/ipamd.go:1082","msg":"containsInsufficientCIDRsOrSubnetIPs encountered AllocENI: failed to create ENI: failed to create network interface: operation error EC2: CreateNetworkInterface, https response error StatusCode: 400, RequestID: da066776-ee89-4c3c-a5cf-6ab29da27a4b, api error InvalidParameterValue: There aren't sufficient free Ipv4 addresses or prefixes"}
{"level":"debug","ts":"2026-10-05T08:42:22.581Z","caller":"ipamd/ipamd.go:1082","msg":"Insufficient IP Addresses due to: InvalidParameterValue\n"}
{"level":"debug","ts":"2026-10-05T08:42:22.581Z","caller":"ipamd/ipamd.go:813","msg":"Error trying to allocate ENI: AllocENI: failed to create ENI: failed to create network interface: operation error EC2: CreateNetworkInterface, https response error StatusCode: 400, RequestID: da066776-ee89-4c3c-a5cf-6ab29da27a4b, api error InvalidParameterValue: There aren't sufficient free Ipv4 addresses or prefixes"}
{"level":"debug","ts":"2026-10-05T08:42:22.581Z","caller":"ipamd/ipamd.go:1548","msg":"ENI eni-EXAMPLE21 cannot be deleted because it is primary"}
{"level":"info","ts":"2026-10-05T08:42:22.696Z","caller":"rpc/rpc_grpc.pb.go:117","msg":"Received AddNetwork for NS /var/run/netns/cni-5aacdd00-390d-81d1-c59b-4d686fd8e1bb, Sandbox 77bc3c59e2b7da04bdcc07b98f5f74ef52f84455d70869300dc52c264f7f8ee5, ifname eth0"}
{"level":"debug","ts":"2026-10-05T08:42:22.696Z","caller":"rpc/rpc_grpc.pb.go:117","msg":"AddNetworkRequest: K8S_POD_NAME:\"pause-68d5b89fc-xv2r9\"  K8S_POD_NAMESPACE:\"default\"  K8S_POD_INFRA_CONTAINER_ID:\"77bc3c59e2b7da04bdcc07b98f5f74ef52f84455d70869300dc52c264f7f8ee5\"  ContainerID:\"77bc3c59e2b7da04bdcc07b98f5f74ef52f84455d70869300dc52c264f7f8ee5\"  IfName:\"eth0\"  NetworkName:\"aws-cni\"  Netns:\"/var/run/netns/cni-5aacdd00-390d-81d1-c59b-4d686fd8e1bb\""}
{"level":"info","ts":"2026-10-05T08:42:22.696Z","caller":"rpc/rpc_grpc.pb.go:117","msg":"Required MultiNIC access false, interfaces required 1"}
{"level":"debug","ts":"2026-10-05T08:42:22.696Z","caller":"datastore/data_store.go:713","msg":"AssignPodIPv4Address: IP address pool stats: total 0, assigned 0"}
{"level":"debug","ts":"2026-10-05T08:42:22.696Z","caller":"datastore/data_store.go:713","msg":"AssignPodIPv4Address: ENI eni-EXAMPLE21 does not have available addresses"}
{"level":"error","ts":"2026-10-05T08:42:22.696Z","caller":"datastore/data_store.go:713","msg":"DataStore has no available IP/Prefix addresses"}
{"level":"warn","ts":"2026-10-05T08:42:22.696Z","caller":"rpc/rpc_grpc.pb.go:117","msg":"Failed to assign IPs from network card 0: AssignPodIPAddress: no available IP/Prefix addresses"}
{"level":"error","ts":"2026-10-05T08:42:22.696Z","caller":"rpc/rpc_grpc.pb.go:117","msg":"Returning failure response for AddNetwork: 1 error occurred:\n\t* AssignPodIPAddress: no available IP/Prefix addresses\n\n"}
{"level":"info","ts":"2026-10-05T08:42:22.696Z","caller":"rpc/rpc_grpc.pb.go:117","msg":"Send AddNetworkReply: Success: false IPAddr: [], resp: , err: AssignPodIPAddress: no available IP/Prefix addresses"}
{"level":"info","ts":"2026-10-05T08:42:22.721Z","caller":"rpc/rpc_grpc.pb.go:135","msg":"Received DelNetwork for Sandbox 77bc3c59e2b7da04bdcc07b98f5f74ef52f84455d70869300dc52c264f7f8ee5"}
{"level":"debug","ts":"2026-10-05T08:42:22.721Z","caller":"rpc/rpc_grpc.pb.go:135","msg":"DelNetworkRequest: K8S_POD_NAME:\"pause-68d5b89fc-xv2r9\"  K8S_POD_NAMESPACE:\"default\"  K8S_POD_INFRA_CONTAINER_ID:\"77bc3c59e2b7da04bdcc07b98f5f74ef52f84455d70869300dc52c264f7f8ee5\"  Reason:\"PodDeleted\"  ContainerID:\"77bc3c59e2b7da04bdcc07b98f5f74ef52f84455d70869300dc52c264f7f8ee5\"  IfName:\"eth0\"  NetworkName:\"aws-cni\"  K8S_POD_UID:\"cd4aecc7-3371-4cf3-bd27-460a41c60184\""}
{"level":"debug","ts":"2026-10-05T08:42:22.721Z","caller":"ipamd/rpc_handler.go:353","msg":"UnassignPodIPAddress: IP address pool stats: total 0, assigned 0, sandbox aws-cni/77bc3c59e2b7da04bdcc07b98f5f74ef52f84455d70869300dc52c264f7f8ee5/eth0"}
{"level":"debug","ts":"2026-10-05T08:42:22.721Z","caller":"ipamd/rpc_handler.go:353","msg":"UnassignPodIPAddress: Failed to find IPAM entry under full key, trying CRI-migrated version"}
{"level":"warn","ts":"2026-10-05T08:42:22.721Z","caller":"ipamd/rpc_handler.go:353","msg":"UnassignPodIPAddress: Failed to find sandbox _migrated-from-cri/77bc3c59e2b7da04bdcc07b98f5f74ef52f84455d70869300dc52c264f7f8ee5/unknown"}
{"level":"info","ts":"2026-10-05T08:42:22.721Z","caller":"rpc/rpc_grpc.pb.go:135","msg":"Send DelNetworkReply: IPAddress: [], err: 1 error occurred:\n\t* datastore: unknown pod\n\n"}
{"level":"debug","ts":"2026-10-05T08:42:27.582Z","caller":"ipamd/ipamd.go:809","msg":"IP pool is too low for Network Card 0: available (0) < ENI target (1) * addrsPerENI (16)"}
{"level":"debug","ts":"2026-10-05T08:42:27.582Z","caller":"ipamd/ipamd.go:2689","msg":"Prefix pool stats for network card 0: Total IPs/Prefixes = 0/0, AssignedIPs/CooldownIPs: 0/0, c.maxIPsPerENI = 80"}
{"level":"debug","ts":"2026-10-05T08:42:27.582Z","caller":"ipamd/ipamd.go:795","msg":"IP stats for Network Card 0 - total IPs: 0, assigned IPs: 0, cooldown IPs: 0"}
{"level":"debug","ts":"2026-10-05T08:42:27.582Z","caller":"ipamd/ipamd.go:813","msg":"Starting to increase pool size for network card 0"}
{"level":"debug","ts":"2026-10-05T08:42:27.582Z","caller":"ipamd/ipamd.go:966","msg":"Node found \"ip-10-20-0-45.ec2.internal\" - no of taints - 0"}
{"level":"debug","ts":"2026-10-05T08:42:27.582Z","caller":"ipamd/ipamd.go:2758","msg":"Prefix target is 1, short of 1 prefixes, free 0 prefixes"}
{"level":"debug","ts":"2026-10-05T08:42:27.582Z","caller":"ipamd/ipamd.go:1248","msg":"ToAllocate: 1, Network Card 0"}
{"level":"debug","ts":"2026-10-05T08:42:27.582Z","caller":"ipamd/ipamd.go:1251","msg":"Found ENI eni-EXAMPLE21 that has less than the maximum number of IP/Prefixes addresses allocated: cur=0, max=5"}
{"level":"info","ts":"2026-10-05T08:42:27.582Z","caller":"ipamd/ipamd.go:1255","msg":"Trying to allocate 1 IP addresses on ENI eni-EXAMPLE21"}
{"level":"debug","ts":"2026-10-05T08:42:27.582Z","caller":"ipamd/ipamd.go:1255","msg":"PD enabled - true"}
{"level":"debug","ts":"2026-10-05T08:42:28.025Z","caller":"awsutils/awsutils.go:2174","msg":"checkAPIErrorAndBroadcastEvent resulted in operation error EC2: AssignPrivateIpAddresses, https response error StatusCode: 400, RequestID: 2d4f681e-e660-46f9-a991-64c5a8735358, api error InsufficientCidrBlocks: The specified subnet does not have enough free cidr blocks to satisfy the request."}
{"level":"error","ts":"2026-10-05T08:42:28.025Z","caller":"ipamd/ipamd.go:1255","msg":"Failed to allocate a private IP/Prefix addresses on ENI eni-EXAMPLE21: operation error EC2: AssignPrivateIpAddresses, https response error StatusCode: 400, RequestID: 2d4f681e-e660-46f9-a991-64c5a8735358, api error InsufficientCidrBlocks: The specified subnet does not have enough free cidr blocks to satisfy the request."}
{"level":"debug","ts":"2026-10-05T08:42:28.025Z","caller":"ipamd/ipamd.go:1256","msg":"containsPrivateIPAddressLimitExceededError encountered operation error EC2: AssignPrivateIpAddresses, https response error StatusCode: 400, RequestID: 2d4f681e-e660-46f9-a991-64c5a8735358, api error InsufficientCidrBlocks: The specified subnet does not have enough free cidr blocks to satisfy the request."}
{"level":"warn","ts":"2026-10-05T08:42:28.025Z","caller":"ipamd/ipamd.go:1113","msg":"failed to allocate all available IPv4 Prefixes on ENI eni-EXAMPLE21, err: operation error EC2: AssignPrivateIpAddresses, https response error StatusCode: 400, RequestID: 2d4f681e-e660-46f9-a991-64c5a8735358, api error InsufficientCidrBlocks: The specified subnet does not have enough free cidr blocks to satisfy the request."}
{"level":"info","ts":"2026-10-05T08:42:28.025Z","caller":"ipamd/ipamd.go:1259","msg":"Trying to allocate 1 IP addresses on ENI eni-EXAMPLE21"}
{"level":"debug","ts":"2026-10-05T08:42:28.025Z","caller":"ipamd/ipamd.go:1259","msg":"PD enabled - true"}
{"level":"debug","ts":"2026-10-05T08:42:28.409Z","caller":"awsutils/awsutils.go:2174","msg":"checkAPIErrorAndBroadcastEvent resulted in operation error EC2: AssignPrivateIpAddresses, https response error StatusCode: 400, RequestID: b192475f-2aa1-4798-a1a3-b23b37b14bbf, api error InsufficientCidrBlocks: The specified subnet does not have enough free cidr blocks to satisfy the request."}
{"level":"error","ts":"2026-10-05T08:42:28.409Z","caller":"ipamd/ipamd.go:1259","msg":"Failed to allocate a private IP/Prefix addresses on ENI eni-EXAMPLE21: operation error EC2: AssignPrivateIpAddresses, https response error StatusCode: 400, RequestID: b192475f-2aa1-4798-a1a3-b23b37b14bbf, api error InsufficientCidrBlocks: The specified subnet does not have enough free cidr blocks to satisfy the request."}
{"level":"debug","ts":"2026-10-05T08:42:28.409Z","caller":"ipamd/ipamd.go:1260","msg":"containsPrivateIPAddressLimitExceededError encountered operation error EC2: AssignPrivateIpAddresses, https response error StatusCode: 400, RequestID: b192475f-2aa1-4798-a1a3-b23b37b14bbf, api error InsufficientCidrBlocks: The specified subnet does not have enough free cidr blocks to satisfy the request."}
{"level":"debug","ts":"2026-10-05T08:42:28.409Z","caller":"ipamd/ipamd.go:1262","msg":"containsInsufficientCIDRsOrSubnetIPs encountered operation error EC2: AssignPrivateIpAddresses, https response error StatusCode: 400, RequestID: b192475f-2aa1-4798-a1a3-b23b37b14bbf, api error InsufficientCidrBlocks: The specified subnet does not have enough free cidr blocks to satisfy the request."}
{"level":"debug","ts":"2026-10-05T08:42:28.409Z","caller":"ipamd/ipamd.go:1262","msg":"Insufficient IP Addresses due to: InsufficientCidrBlocks\n"}
{"level":"debug","ts":"2026-10-05T08:42:28.409Z","caller":"ipamd/ipamd.go:1003","msg":"hasRoomForEni: networkCard=0, currentENIs=1, currentUsableENIs=1, maxENI=3, unmanagedENI=0, trunkEni=0, excludedENI=0, hasRoom=true"}
{"level":"debug","ts":"2026-10-05T08:42:28.409Z","caller":"ipamd/ipamd.go:2758","msg":"Prefix target is 1, short of 1 prefixes, free 0 prefixes"}
{"level":"debug","ts":"2026-10-05T08:42:28.409Z","caller":"ipamd/ipamd.go:2595","msg":"ToAllocate: 1, Network Card 0"}
{"level":"info","ts":"2026-10-05T08:42:28.409Z","caller":"awsutils/awsutils.go:1044","msg":"Trying to allocate 1 IP addresses on new ENI"}
{"level":"debug","ts":"2026-10-05T08:42:28.409Z","caller":"awsutils/awsutils.go:1044","msg":"PD enabled - true"}
{"level":"debug","ts":"2026-10-05T08:42:28.622Z","caller":"awsutils/awsutils.go:1272","msg":"Primary subnet subnet-EXAMPLE1 has no kubernetes.io/role/cni tag, including it for ENI creation (backwards compatibility)"}
{"level":"info","ts":"2026-10-05T08:42:28.622Z","caller":"awsutils/awsutils.go:1044","msg":"Creating ENI with security groups: [sg-EXAMPLE1] in subnet: subnet-EXAMPLE1"}
{"level":"debug","ts":"2026-10-05T08:42:28.851Z","caller":"awsutils/awsutils.go:1449","msg":"checkAPIErrorAndBroadcastEvent resulted in operation error EC2: CreateNetworkInterface, https response error StatusCode: 400, RequestID: 6bc52b47-1f5b-4976-8e95-84fc65fa36f8, api error InvalidParameterValue: There aren't sufficient free Ipv4 addresses or prefixes"}
{"level":"error","ts":"2026-10-05T08:42:28.851Z","caller":"awsutils/awsutils.go:1285","msg":"Failed to CreateNetworkInterface operation error EC2: CreateNetworkInterface, https response error StatusCode: 400, RequestID: 6bc52b47-1f5b-4976-8e95-84fc65fa36f8, api error InvalidParameterValue: There aren't sufficient free Ipv4 addresses or prefixes for subnet subnet-EXAMPLE1"}
{"level":"debug","ts":"2026-10-05T08:42:28.851Z","caller":"awsutils/awsutils.go:1272","msg":"Subnet subnet-EXAMPLE2 has no kubernetes.io/role/cni tag, excluding it from ENI creation"}
{"level":"error","ts":"2026-10-05T08:42:28.851Z","caller":"ipamd/ipamd.go:1004","msg":"Failed to increase pool size due to not able to allocate ENI AllocENI: failed to create ENI: failed to create network interface: operation error EC2: CreateNetworkInterface, https response error StatusCode: 400, RequestID: 6bc52b47-1f5b-4976-8e95-84fc65fa36f8, api error InvalidParameterValue: There aren't sufficient free Ipv4 addresses or prefixes"}
{"level":"warn","ts":"2026-10-05T08:42:28.851Z","caller":"ipamd/ipamd.go:1004","msg":"Failed to allocate 1 IP addresses on an ENI: AllocENI: failed to create ENI: failed to create network interface: operation error EC2: CreateNetworkInterface, https response error StatusCode: 400, RequestID: 6bc52b47-1f5b-4976-8e95-84fc65fa36f8, api error InvalidParameterValue: There aren't sufficient free Ipv4 addresses or prefixes"}
{"level":"debug","ts":"2026-10-05T08:42:28.851Z","caller":"ipamd/ipamd.go:1082","msg":"containsInsufficientCIDRsOrSubnetIPs encountered AllocENI: failed to create ENI: failed to create network interface: operation error EC2: CreateNetworkInterface, https response error StatusCode: 400, RequestID: 6bc52b47-1f5b-4976-8e95-84fc65fa36f8, api error InvalidParameterValue: There aren't sufficient free Ipv4 addresses or prefixes"}
{"level":"debug","ts":"2026-10-05T08:42:28.851Z","caller":"ipamd/ipamd.go:1082","msg":"Insufficient IP Addresses due to: InvalidParameterValue\n"}
{"level":"debug","ts":"2026-10-05T08:42:28.851Z","caller":"ipamd/ipamd.go:813","msg":"Error trying to allocate ENI: AllocENI: failed to create ENI: failed to create network interface: operation error EC2: CreateNetworkInterface, https response error StatusCode: 400, RequestID: 6bc52b47-1f5b-4976-8e95-84fc65fa36f8, api error InvalidParameterValue: There aren't sufficient free Ipv4 addresses or prefixes"}
{"level":"debug","ts":"2026-10-05T08:42:28.851Z","caller":"ipamd/ipamd.go:1548","msg":"ENI eni-EXAMPLE21 cannot be deleted because it is primary"}
{"level":"info","ts":"2026-10-05T08:42:30.699Z","caller":"rpc/rpc_grpc.pb.go:117","msg":"Received AddNetwork for NS /var/run/netns/cni-29b0b90a-c5ba-8677-72c3-f252b6b47eb4, Sandbox eb8c55402d4c3366a267302c1c385a524cda45fd6bf7017df35da0204f6e9d3a, ifname eth0"}
{"level":"debug","ts":"2026-10-05T08:42:30.699Z","caller":"rpc/rpc_grpc.pb.go:117","msg":"AddNetworkRequest: K8S_POD_NAME:\"coredns-79f8dffc57-fwslz\"  K8S_POD_NAMESPACE:\"kube-system\"  K8S_POD_INFRA_CONTAINER_ID:\"eb8c55402d4c3366a267302c1c385a524cda45fd6bf7017df35da0204f6e9d3a\"  ContainerID:\"eb8c55402d4c3366a267302c1c385a524cda45fd6bf7017df35da0204f6e9d3a\"  IfName:\"eth0\"  NetworkName:\"aws-cni\"  Netns:\"/var/run/netns/cni-29b0b90a-c5ba-8677-72c3-f252b6b47eb4\""}
{"level":"info","ts":"2026-10-05T08:42:30.699Z","caller":"rpc/rpc_grpc.pb.go:117","msg":"Required MultiNIC access false, interfaces required 1"}
{"level":"debug","ts":"2026-10-05T08:42:30.699Z","caller":"datastore/data_store.go:713","msg":"AssignPodIPv4Address: IP address pool stats: total 0, assigned 0"}
{"level":"debug","ts":"2026-10-05T08:42:30.699Z","caller":"datastore/data_store.go:713","msg":"AssignPodIPv4Address: ENI eni-EXAMPLE21 does not have available addresses"}
{"level":"error","ts":"2026-10-05T08:42:30.699Z","caller":"datastore/data_store.go:713","msg":"DataStore has no available IP/Prefix addresses"}
{"level":"warn","ts":"2026-10-05T08:42:30.699Z","caller":"rpc/rpc_grpc.pb.go:117","msg":"Failed to assign IPs from network card 0: AssignPodIPAddress: no available IP/Prefix addresses"}
{"level":"error","ts":"2026-10-05T08:42:30.699Z","caller":"rpc/rpc_grpc.pb.go:117","msg":"Returning failure response for AddNetwork: 1 error occurred:\n\t* AssignPodIPAddress: no available IP/Prefix addresses\n\n"}
{"level":"info","ts":"2026-10-05T08:42:30.699Z","caller":"rpc/rpc_grpc.pb.go:117","msg":"Send AddNetworkReply: Success: false IPAddr: [], resp: , err: AssignPodIPAddress: no available IP/Prefix addresses"}
{"level":"info","ts":"2026-10-05T08:42:30.723Z","caller":"rpc/rpc_grpc.pb.go:135","msg":"Received DelNetwork for Sandbox eb8c55402d4c3366a267302c1c385a524cda45fd6bf7017df35da0204f6e9d3a"}
{"level":"debug","ts":"2026-10-05T08:42:30.723Z","caller":"rpc/rpc_grpc.pb.go:135","msg":"DelNetworkRequest: K8S_POD_NAME:\"coredns-79f8dffc57-fwslz\"  K8S_POD_NAMESPACE:\"kube-system\"  K8S_POD_INFRA_CONTAINER_ID:\"eb8c55402d4c3366a267302c1c385a524cda45fd6bf7017df35da0204f6e9d3a\"  Reason:\"PodDeleted\"  ContainerID:\"eb8c55402d4c3366a267302c1c385a524cda45fd6bf7017df35da0204f6e9d3a\"  IfName:\"eth0\"  NetworkName:\"aws-cni\"  K8S_POD_UID:\"ad241f1d-d89e-4886-8d30-e22384a0b925\""}
{"level":"debug","ts":"2026-10-05T08:42:30.723Z","caller":"ipamd/rpc_handler.go:353","msg":"UnassignPodIPAddress: IP address pool stats: total 0, assigned 0, sandbox aws-cni/eb8c55402d4c3366a267302c1c385a524cda45fd6bf7017df35da0204f6e9d3a/eth0"}
{"level":"debug","ts":"2026-10-05T08:42:30.723Z","caller":"ipamd/rpc_handler.go:353","msg":"UnassignPodIPAddress: Failed to find IPAM entry under full key, trying CRI-migrated version"}
{"level":"warn","ts":"2026-10-05T08:42:30.723Z","caller":"ipamd/rpc_handler.go:353","msg":"UnassignPodIPAddress: Failed to find sandbox _migrated-from-cri/eb8c55402d4c3366a267302c1c385a524cda45fd6bf7017df35da0204f6e9d3a/unknown"}
{"level":"info","ts":"2026-10-05T08:42:30.723Z","caller":"rpc/rpc_grpc.pb.go:135","msg":"Send DelNetworkReply: IPAddress: [], err: 1 error occurred:\n\t* datastore: unknown pod\n\n"}
{"level":"info","ts":"2026-10-05T08:42:31.697Z","caller":"rpc/rpc_grpc.pb.go:117","msg":"Received AddNetwork for NS /var/run/netns/cni-6f571fb4-63df-bbf2-a9bc-075beadfe7e0, Sandbox 93997f95f1b8c42064f8b8cfe9e3c993607580f9a158eadcea920788bfc067b0, ifname eth0"}
{"level":"debug","ts":"2026-10-05T08:42:31.697Z","caller":"rpc/rpc_grpc.pb.go:117","msg":"AddNetworkRequest: K8S_POD_NAME:\"pause-68d5b89fc-kwqf6\"  K8S_POD_NAMESPACE:\"default\"  K8S_POD_INFRA_CONTAINER_ID:\"93997f95f1b8c42064f8b8cfe9e3c993607580f9a158eadcea920788bfc067b0\"  ContainerID:\"93997f95f1b8c42064f8b8cfe9e3c993607580f9a158eadcea920788bfc067b0\"  IfName:\"eth0\"  NetworkName:\"aws-cni\"  Netns:\"/var/run/netns/cni-6f571fb4-63df-bbf2-a9bc-075beadfe7e0\""}
{"level":"info","ts":"2026-10-05T08:42:31.697Z","caller":"rpc/rpc_grpc.pb.go:117","msg":"Required MultiNIC access false, interfaces required 1"}
{"level":"debug","ts":"2026-10-05T08:42:31.697Z","caller":"datastore/data_store.go:713","msg":"AssignPodIPv4Address: IP address pool stats: total 0, assigned 0"}
{"level":"debug","ts":"2026-10-05T08:42:31.697Z","caller":"datastore/data_store.go:713","msg":"AssignPodIPv4Address: ENI eni-EXAMPLE21 does not have available addresses"}
{"level":"error","ts":"2026-10-05T08:42:31.697Z","caller":"datastore/data_store.go:713","msg":"DataStore has no available IP/Prefix addresses"}
{"level":"warn","ts":"2026-10-05T08:42:31.697Z","caller":"rpc/rpc_grpc.pb.go:117","msg":"Failed to assign IPs from network card 0: AssignPodIPAddress: no available IP/Prefix addresses"}
{"level":"error","ts":"2026-10-05T08:42:31.697Z","caller":"rpc/rpc_grpc.pb.go:117","msg":"Returning failure response for AddNetwork: 1 error occurred:\n\t* AssignPodIPAddress: no available IP/Prefix addresses\n\n"}
{"level":"info","ts":"2026-10-05T08:42:31.697Z","caller":"rpc/rpc_grpc.pb.go:117","msg":"Send AddNetworkReply: Success: false IPAddr: [], resp: , err: AssignPodIPAddress: no available IP/Prefix addresses"}
{"level":"info","ts":"2026-10-05T08:42:31.721Z","caller":"rpc/rpc_grpc.pb.go:135","msg":"Received DelNetwork for Sandbox 93997f95f1b8c42064f8b8cfe9e3c993607580f9a158eadcea920788bfc067b0"}
{"level":"debug","ts":"2026-10-05T08:42:31.721Z","caller":"rpc/rpc_grpc.pb.go:135","msg":"DelNetworkRequest: K8S_POD_NAME:\"pause-68d5b89fc-kwqf6\"  K8S_POD_NAMESPACE:\"default\"  K8S_POD_INFRA_CONTAINER_ID:\"93997f95f1b8c42064f8b8cfe9e3c993607580f9a158eadcea920788bfc067b0\"  Reason:\"PodDeleted\"  ContainerID:\"93997f95f1b8c42064f8b8cfe9e3c993607580f9a158eadcea920788bfc067b0\"  IfName:\"eth0\"  NetworkName:\"aws-cni\"  K8S_POD_UID:\"f1c84b49-6e57-471b-b275-0a0535a8e3e2\""}
{"level":"debug","ts":"2026-10-05T08:42:31.721Z","caller":"ipamd/rpc_handler.go:353","msg":"UnassignPodIPAddress: IP address pool stats: total 0, assigned 0, sandbox aws-cni/93997f95f1b8c42064f8b8cfe9e3c993607580f9a158eadcea920788bfc067b0/eth0"}
{"level":"debug","ts":"2026-10-05T08:42:31.721Z","caller":"ipamd/rpc_handler.go:353","msg":"UnassignPodIPAddress: Failed to find IPAM entry under full key, trying CRI-migrated version"}
{"level":"warn","ts":"2026-10-05T08:42:31.721Z","caller":"ipamd/rpc_handler.go:353","msg":"UnassignPodIPAddress: Failed to find sandbox _migrated-from-cri/93997f95f1b8c42064f8b8cfe9e3c993607580f9a158eadcea920788bfc067b0/unknown"}
{"level":"info","ts":"2026-10-05T08:42:31.721Z","caller":"rpc/rpc_grpc.pb.go:135","msg":"Send DelNetworkReply: IPAddress: [], err: 1 error occurred:\n\t* datastore: unknown pod\n\n"}
{"level":"info","ts":"2026-10-05T08:42:33.696Z","caller":"rpc/rpc_grpc.pb.go:117","msg":"Received AddNetwork for NS /var/run/netns/cni-3c5ef162-d82a-114a-d7bc-31179909f70a, Sandbox 77e2dd7c2ab89777fa387cf5d781ee5f593483339bedcc1250666dfdb81f354c, ifname eth0"}
{"level":"debug","ts":"2026-10-05T08:42:33.696Z","caller":"rpc/rpc_grpc.pb.go:117","msg":"AddNetworkRequest: K8S_POD_NAME:\"coredns-79f8dffc57-cv2lj\"  K8S_POD_NAMESPACE:\"kube-system\"  K8S_POD_INFRA_CONTAINER_ID:\"77e2dd7c2ab89777fa387cf5d781ee5f593483339bedcc1250666dfdb81f354c\"  ContainerID:\"77e2dd7c2ab89777fa387cf5d781ee5f593483339bedcc1250666dfdb81f354c\"  IfName:\"eth0\"  NetworkName:\"aws-cni\"  Netns:\"/var/run/netns/cni-3c5ef162-d82a-114a-d7bc-31179909f70a\""}
{"level":"info","ts":"2026-10-05T08:42:33.696Z","caller":"rpc/rpc_grpc.pb.go:117","msg":"Required MultiNIC access false, interfaces required 1"}
{"level":"debug","ts":"2026-10-05T08:42:33.696Z","caller":"datastore/data_store.go:713","msg":"AssignPodIPv4Address: IP address pool stats: total 0, assigned 0"}
{"level":"debug","ts":"2026-10-05T08:42:33.696Z","caller":"datastore/data_store.go:713","msg":"AssignPodIPv4Address: ENI eni-EXAMPLE21 does not have available addresses"}
{"level":"error","ts":"2026-10-05T08:42:33.696Z","caller":"datastore/data_store.go:713","msg":"DataStore has no available IP/Prefix addresses"}
{"level":"warn","ts":"2026-10-05T08:42:33.696Z","caller":"rpc/rpc_grpc.pb.go:117","msg":"Failed to assign IPs from network card 0: AssignPodIPAddress: no available IP/Prefix addresses"}
{"level":"error","ts":"2026-10-05T08:42:33.696Z","caller":"rpc/rpc_grpc.pb.go:117","msg":"Returning failure response for AddNetwork: 1 error occurred:\n\t* AssignPodIPAddress: no available IP/Prefix addresses\n\n"}
{"level":"info","ts":"2026-10-05T08:42:33.696Z","caller":"rpc/rpc_grpc.pb.go:117","msg":"Send AddNetworkReply: Success: false IPAddr: [], resp: , err: AssignPodIPAddress: no available IP/Prefix addresses"}
{"level":"info","ts":"2026-10-05T08:42:33.721Z","caller":"rpc/rpc_grpc.pb.go:135","msg":"Received DelNetwork for Sandbox 77e2dd7c2ab89777fa387cf5d781ee5f593483339bedcc1250666dfdb81f354c"}
{"level":"debug","ts":"2026-10-05T08:42:33.721Z","caller":"rpc/rpc_grpc.pb.go:135","msg":"DelNetworkRequest: K8S_POD_NAME:\"coredns-79f8dffc57-cv2lj\"  K8S_POD_NAMESPACE:\"kube-system\"  K8S_POD_INFRA_CONTAINER_ID:\"77e2dd7c2ab89777fa387cf5d781ee5f593483339bedcc1250666dfdb81f354c\"  Reason:\"PodDeleted\"  ContainerID:\"77e2dd7c2ab89777fa387cf5d781ee5f593483339bedcc1250666dfdb81f354c\"  IfName:\"eth0\"  NetworkName:\"aws-cni\"  K8S_POD_UID:\"080397ba-9aa0-4db1-b449-5fe2b0811692\""}
{"level":"debug","ts":"2026-10-05T08:42:33.721Z","caller":"ipamd/rpc_handler.go:353","msg":"UnassignPodIPAddress: IP address pool stats: total 0, assigned 0, sandbox aws-cni/77e2dd7c2ab89777fa387cf5d781ee5f593483339bedcc1250666dfdb81f354c/eth0"}
{"level":"debug","ts":"2026-10-05T08:42:33.721Z","caller":"ipamd/rpc_handler.go:353","msg":"UnassignPodIPAddress: Failed to find IPAM entry under full key, trying CRI-migrated version"}
{"level":"warn","ts":"2026-10-05T08:42:33.721Z","caller":"ipamd/rpc_handler.go:353","msg":"UnassignPodIPAddress: Failed to find sandbox _migrated-from-cri/77e2dd7c2ab89777fa387cf5d781ee5f593483339bedcc1250666dfdb81f354c/unknown"}
{"level":"info","ts":"2026-10-05T08:42:33.721Z","caller":"rpc/rpc_grpc.pb.go:135","msg":"Send DelNetworkReply: IPAddress: [], err: 1 error occurred:\n\t* datastore: unknown pod\n\n"}
{"level":"debug","ts":"2026-10-05T08:42:33.853Z","caller":"ipamd/ipamd.go:809","msg":"IP pool is too low for Network Card 0: available (0) < ENI target (1) * addrsPerENI (16)"}
{"level":"debug","ts":"2026-10-05T08:42:33.853Z","caller":"ipamd/ipamd.go:2689","msg":"Prefix pool stats for network card 0: Total IPs/Prefixes = 0/0, AssignedIPs/CooldownIPs: 0/0, c.maxIPsPerENI = 80"}
{"level":"debug","ts":"2026-10-05T08:42:33.853Z","caller":"ipamd/ipamd.go:795","msg":"IP stats for Network Card 0 - total IPs: 0, assigned IPs: 0, cooldown IPs: 0"}
{"level":"debug","ts":"2026-10-05T08:42:33.853Z","caller":"ipamd/ipamd.go:813","msg":"Starting to increase pool size for network card 0"}
{"level":"debug","ts":"2026-10-05T08:42:33.853Z","caller":"ipamd/ipamd.go:966","msg":"Node found \"ip-10-20-0-45.ec2.internal\" - no of taints - 0"}
{"level":"debug","ts":"2026-10-05T08:42:33.853Z","caller":"ipamd/ipamd.go:2758","msg":"Prefix target is 1, short of 1 prefixes, free 0 prefixes"}
{"level":"debug","ts":"2026-10-05T08:42:33.853Z","caller":"ipamd/ipamd.go:1248","msg":"ToAllocate: 1, Network Card 0"}
{"level":"debug","ts":"2026-10-05T08:42:33.853Z","caller":"ipamd/ipamd.go:1251","msg":"Found ENI eni-EXAMPLE21 that has less than the maximum number of IP/Prefixes addresses allocated: cur=0, max=5"}
{"level":"info","ts":"2026-10-05T08:42:33.853Z","caller":"ipamd/ipamd.go:1255","msg":"Trying to allocate 1 IP addresses on ENI eni-EXAMPLE21"}
{"level":"debug","ts":"2026-10-05T08:42:33.853Z","caller":"ipamd/ipamd.go:1255","msg":"PD enabled - true"}
{"level":"debug","ts":"2026-10-05T08:42:34.295Z","caller":"awsutils/awsutils.go:2174","msg":"checkAPIErrorAndBroadcastEvent resulted in operation error EC2: AssignPrivateIpAddresses, https response error StatusCode: 400, RequestID: 32400c84-7c34-432d-9fe8-f102222bec4e, api error InsufficientCidrBlocks: The specified subnet does not have enough free cidr blocks to satisfy the request."}
{"level":"error","ts":"2026-10-05T08:42:34.296Z","caller":"ipamd/ipamd.go:1255","msg":"Failed to allocate a private IP/Prefix addresses on ENI eni-EXAMPLE21: operation error EC2: AssignPrivateIpAddresses, https response error StatusCode: 400, RequestID: 32400c84-7c34-432d-9fe8-f102222bec4e, api error InsufficientCidrBlocks: The specified subnet does not have enough free cidr blocks to satisfy the request."}
{"level":"debug","ts":"2026-10-05T08:42:34.296Z","caller":"ipamd/ipamd.go:1256","msg":"containsPrivateIPAddressLimitExceededError encountered operation error EC2: AssignPrivateIpAddresses, https response error StatusCode: 400, RequestID: 32400c84-7c34-432d-9fe8-f102222bec4e, api error InsufficientCidrBlocks: The specified subnet does not have enough free cidr blocks to satisfy the request."}
{"level":"warn","ts":"2026-10-05T08:42:34.296Z","caller":"ipamd/ipamd.go:1113","msg":"failed to allocate all available IPv4 Prefixes on ENI eni-EXAMPLE21, err: operation error EC2: AssignPrivateIpAddresses, https response error StatusCode: 400, RequestID: 32400c84-7c34-432d-9fe8-f102222bec4e, api error InsufficientCidrBlocks: The specified subnet does not have enough free cidr blocks to satisfy the request."}
{"level":"info","ts":"2026-10-05T08:42:34.296Z","caller":"ipamd/ipamd.go:1259","msg":"Trying to allocate 1 IP addresses on ENI eni-EXAMPLE21"}
{"level":"debug","ts":"2026-10-05T08:42:34.296Z","caller":"ipamd/ipamd.go:1259","msg":"PD enabled - true"}
{"level":"debug","ts":"2026-10-05T08:42:34.685Z","caller":"awsutils/awsutils.go:2174","msg":"checkAPIErrorAndBroadcastEvent resulted in operation error EC2: AssignPrivateIpAddresses, https response error StatusCode: 400, RequestID: a8d171c3-8207-44c9-a5f4-163ec77aa530, api error InsufficientCidrBlocks: The specified subnet does not have enough free cidr blocks to satisfy the request."}
{"level":"error","ts":"2026-10-05T08:42:34.685Z","caller":"ipamd/ipamd.go:1259","msg":"Failed to allocate a private IP/Prefix addresses on ENI eni-EXAMPLE21: operation error EC2: AssignPrivateIpAddresses, https response error StatusCode: 400, RequestID: a8d171c3-8207-44c9-a5f4-163ec77aa530, api error InsufficientCidrBlocks: The specified subnet does not have enough free cidr blocks to satisfy the request."}
{"level":"debug","ts":"2026-10-05T08:42:34.685Z","caller":"ipamd/ipamd.go:1260","msg":"containsPrivateIPAddressLimitExceededError encountered operation error EC2: AssignPrivateIpAddresses, https response error StatusCode: 400, RequestID: a8d171c3-8207-44c9-a5f4-163ec77aa530, api error InsufficientCidrBlocks: The specified subnet does not have enough free cidr blocks to satisfy the request."}
{"level":"debug","ts":"2026-10-05T08:42:34.685Z","caller":"ipamd/ipamd.go:1262","msg":"containsInsufficientCIDRsOrSubnetIPs encountered operation error EC2: AssignPrivateIpAddresses, https response error StatusCode: 400, RequestID: a8d171c3-8207-44c9-a5f4-163ec77aa530, api error InsufficientCidrBlocks: The specified subnet does not have enough free cidr blocks to satisfy the request."}
{"level":"debug","ts":"2026-10-05T08:42:34.685Z","caller":"ipamd/ipamd.go:1262","msg":"Insufficient IP Addresses due to: InsufficientCidrBlocks\n"}
{"level":"debug","ts":"2026-10-05T08:42:34.685Z","caller":"ipamd/ipamd.go:1003","msg":"hasRoomForEni: networkCard=0, currentENIs=1, currentUsableENIs=1, maxENI=3, unmanagedENI=0, trunkEni=0, excludedENI=0, hasRoom=true"}
{"level":"debug","ts":"2026-10-05T08:42:34.685Z","caller":"ipamd/ipamd.go:2758","msg":"Prefix target is 1, short of 1 prefixes, free 0 prefixes"}
{"level":"debug","ts":"2026-10-05T08:42:34.685Z","caller":"ipamd/ipamd.go:2595","msg":"ToAllocate: 1, Network Card 0"}
{"level":"info","ts":"2026-10-05T08:42:34.685Z","caller":"awsutils/awsutils.go:1044","msg":"Trying to allocate 1 IP addresses on new ENI"}
{"level":"debug","ts":"2026-10-05T08:42:34.685Z","caller":"awsutils/awsutils.go:1044","msg":"PD enabled - true"}
{"level":"debug","ts":"2026-10-05T08:42:34.941Z","caller":"awsutils/awsutils.go:1272","msg":"Primary subnet subnet-EXAMPLE1 has no kubernetes.io/role/cni tag, including it for ENI creation (backwards compatibility)"}
{"level":"info","ts":"2026-10-05T08:42:34.941Z","caller":"awsutils/awsutils.go:1044","msg":"Creating ENI with security groups: [sg-EXAMPLE1] in subnet: subnet-EXAMPLE1"}
{"level":"debug","ts":"2026-10-05T08:42:35.178Z","caller":"awsutils/awsutils.go:1449","msg":"checkAPIErrorAndBroadcastEvent resulted in operation error EC2: CreateNetworkInterface, https response error StatusCode: 400, RequestID: b03045a0-549e-43be-88d3-2476a523c9d7, api error InvalidParameterValue: There aren't sufficient free Ipv4 addresses or prefixes"}
{"level":"error","ts":"2026-10-05T08:42:35.178Z","caller":"awsutils/awsutils.go:1285","msg":"Failed to CreateNetworkInterface operation error EC2: CreateNetworkInterface, https response error StatusCode: 400, RequestID: b03045a0-549e-43be-88d3-2476a523c9d7, api error InvalidParameterValue: There aren't sufficient free Ipv4 addresses or prefixes for subnet subnet-EXAMPLE1"}
{"level":"debug","ts":"2026-10-05T08:42:35.178Z","caller":"awsutils/awsutils.go:1272","msg":"Subnet subnet-EXAMPLE2 has no kubernetes.io/role/cni tag, excluding it from ENI creation"}
{"level":"error","ts":"2026-10-05T08:42:35.178Z","caller":"ipamd/ipamd.go:1004","msg":"Failed to increase pool size due to not able to allocate ENI AllocENI: failed to create ENI: failed to create network interface: operation error EC2: CreateNetworkInterface, https response error StatusCode: 400, RequestID: b03045a0-549e-43be-88d3-2476a523c9d7, api error InvalidParameterValue: There aren't sufficient free Ipv4 addresses or prefixes"}
{"level":"warn","ts":"2026-10-05T08:42:35.178Z","caller":"ipamd/ipamd.go:1004","msg":"Failed to allocate 1 IP addresses on an ENI: AllocENI: failed to create ENI: failed to create network interface: operation error EC2: CreateNetworkInterface, https response error StatusCode: 400, RequestID: b03045a0-549e-43be-88d3-2476a523c9d7, api error InvalidParameterValue: There aren't sufficient free Ipv4 addresses or prefixes"}
{"level":"debug","ts":"2026-10-05T08:42:35.178Z","caller":"ipamd/ipamd.go:1082","msg":"containsInsufficientCIDRsOrSubnetIPs encountered AllocENI: failed to create ENI: failed to create network interface: operation error EC2: CreateNetworkInterface, https response error StatusCode: 400, RequestID: b03045a0-549e-43be-88d3-2476a523c9d7, api error InvalidParameterValue: There aren't sufficient free Ipv4 addresses or prefixes"}
{"level":"debug","ts":"2026-10-05T08:42:35.178Z","caller":"ipamd/ipamd.go:1082","msg":"Insufficient IP Addresses due to: InvalidParameterValue\n"}
{"level":"debug","ts":"2026-10-05T08:42:35.178Z","caller":"ipamd/ipamd.go:813","msg":"Error trying to allocate ENI: AllocENI: failed to create ENI: failed to create network interface: operation error EC2: CreateNetworkInterface, https response error StatusCode: 400, RequestID: b03045a0-549e-43be-88d3-2476a523c9d7, api error InvalidParameterValue: There aren't sufficient free Ipv4 addresses or prefixes"}
{"level":"debug","ts":"2026-10-05T08:42:35.178Z","caller":"ipamd/ipamd.go:1548","msg":"ENI eni-EXAMPLE21 cannot be deleted because it is primary"}
{"level":"info","ts":"2026-10-05T08:42:36.697Z","caller":"rpc/rpc_grpc.pb.go:117","msg":"Received AddNetwork for NS /var/run/netns/cni-2de38b6c-47ef-f200-92d6-12b6eff72039, Sandbox 1709551c5cdddaf00c35766cc471600a402f75c52293c7542d59b4934fcfc254, ifname eth0"}
{"level":"debug","ts":"2026-10-05T08:42:36.697Z","caller":"rpc/rpc_grpc.pb.go:117","msg":"AddNetworkRequest: K8S_POD_NAME:\"pause-68d5b89fc-xv2r9\"  K8S_POD_NAMESPACE:\"default\"  K8S_POD_INFRA_CONTAINER_ID:\"1709551c5cdddaf00c35766cc471600a402f75c52293c7542d59b4934fcfc254\"  ContainerID:\"1709551c5cdddaf00c35766cc471600a402f75c52293c7542d59b4934fcfc254\"  IfName:\"eth0\"  NetworkName:\"aws-cni\"  Netns:\"/var/run/netns/cni-2de38b6c-47ef-f200-92d6-12b6eff72039\""}
{"level":"info","ts":"2026-10-05T08:42:36.697Z","caller":"rpc/rpc_grpc.pb.go:117","msg":"Required MultiNIC access false, interfaces required 1"}
{"level":"debug","ts":"2026-10-05T08:42:36.697Z","caller":"datastore/data_store.go:713","msg":"AssignPodIPv4Address: IP address pool stats: total 0, assigned 0"}
{"level":"debug","ts":"2026-10-05T08:42:36.697Z","caller":"datastore/data_store.go:713","msg":"AssignPodIPv4Address: ENI eni-EXAMPLE21 does not have available addresses"}
{"level":"error","ts":"2026-10-05T08:42:36.697Z","caller":"datastore/data_store.go:713","msg":"DataStore has no available IP/Prefix addresses"}
{"level":"warn","ts":"2026-10-05T08:42:36.697Z","caller":"rpc/rpc_grpc.pb.go:117","msg":"Failed to assign IPs from network card 0: AssignPodIPAddress: no available IP/Prefix addresses"}
{"level":"error","ts":"2026-10-05T08:42:36.697Z","caller":"rpc/rpc_grpc.pb.go:117","msg":"Returning failure response for AddNetwork: 1 error occurred:\n\t* AssignPodIPAddress: no available IP/Prefix addresses\n\n"}
{"level":"info","ts":"2026-10-05T08:42:36.697Z","caller":"rpc/rpc_grpc.pb.go:117","msg":"Send AddNetworkReply: Success: false IPAddr: [], resp: , err: AssignPodIPAddress: no available IP/Prefix addresses"}
{"level":"info","ts":"2026-10-05T08:42:36.721Z","caller":"rpc/rpc_grpc.pb.go:135","msg":"Received DelNetwork for Sandbox 1709551c5cdddaf00c35766cc471600a402f75c52293c7542d59b4934fcfc254"}
{"level":"debug","ts":"2026-10-05T08:42:36.721Z","caller":"rpc/rpc_grpc.pb.go:135","msg":"DelNetworkRequest: K8S_POD_NAME:\"pause-68d5b89fc-xv2r9\"  K8S_POD_NAMESPACE:\"default\"  K8S_POD_INFRA_CONTAINER_ID:\"1709551c5cdddaf00c35766cc471600a402f75c52293c7542d59b4934fcfc254\"  Reason:\"PodDeleted\"  ContainerID:\"1709551c5cdddaf00c35766cc471600a402f75c52293c7542d59b4934fcfc254\"  IfName:\"eth0\"  NetworkName:\"aws-cni\"  K8S_POD_UID:\"cd4aecc7-3371-4cf3-bd27-460a41c60184\""}
{"level":"debug","ts":"2026-10-05T08:42:36.721Z","caller":"ipamd/rpc_handler.go:353","msg":"UnassignPodIPAddress: IP address pool stats: total 0, assigned 0, sandbox aws-cni/1709551c5cdddaf00c35766cc471600a402f75c52293c7542d59b4934fcfc254/eth0"}
{"level":"debug","ts":"2026-10-05T08:42:36.721Z","caller":"ipamd/rpc_handler.go:353","msg":"UnassignPodIPAddress: Failed to find IPAM entry under full key, trying CRI-migrated version"}
{"level":"warn","ts":"2026-10-05T08:42:36.721Z","caller":"ipamd/rpc_handler.go:353","msg":"UnassignPodIPAddress: Failed to find sandbox _migrated-from-cri/1709551c5cdddaf00c35766cc471600a402f75c52293c7542d59b4934fcfc254/unknown"}
{"level":"info","ts":"2026-10-05T08:42:36.721Z","caller":"rpc/rpc_grpc.pb.go:135","msg":"Send DelNetworkReply: IPAddress: [], err: 1 error occurred:\n\t* datastore: unknown pod\n\n"}
{"level":"debug","ts":"2026-10-05T08:42:40.180Z","caller":"ipamd/ipamd.go:809","msg":"IP pool is too low for Network Card 0: available (0) < ENI target (1) * addrsPerENI (16)"}
{"level":"debug","ts":"2026-10-05T08:42:40.180Z","caller":"ipamd/ipamd.go:2689","msg":"Prefix pool stats for network card 0: Total IPs/Prefixes = 0/0, AssignedIPs/CooldownIPs: 0/0, c.maxIPsPerENI = 80"}
{"level":"debug","ts":"2026-10-05T08:42:40.180Z","caller":"ipamd/ipamd.go:795","msg":"IP stats for Network Card 0 - total IPs: 0, assigned IPs: 0, cooldown IPs: 0"}
{"level":"debug","ts":"2026-10-05T08:42:40.180Z","caller":"ipamd/ipamd.go:813","msg":"Starting to increase pool size for network card 0"}
{"level":"debug","ts":"2026-10-05T08:42:40.180Z","caller":"ipamd/ipamd.go:966","msg":"Node found \"ip-10-20-0-45.ec2.internal\" - no of taints - 0"}
{"level":"debug","ts":"2026-10-05T08:42:40.180Z","caller":"ipamd/ipamd.go:2758","msg":"Prefix target is 1, short of 1 prefixes, free 0 prefixes"}
{"level":"debug","ts":"2026-10-05T08:42:40.180Z","caller":"ipamd/ipamd.go:1248","msg":"ToAllocate: 1, Network Card 0"}
{"level":"debug","ts":"2026-10-05T08:42:40.180Z","caller":"ipamd/ipamd.go:1251","msg":"Found ENI eni-EXAMPLE21 that has less than the maximum number of IP/Prefixes addresses allocated: cur=0, max=5"}
{"level":"info","ts":"2026-10-05T08:42:40.180Z","caller":"ipamd/ipamd.go:1255","msg":"Trying to allocate 1 IP addresses on ENI eni-EXAMPLE21"}
{"level":"debug","ts":"2026-10-05T08:42:40.180Z","caller":"ipamd/ipamd.go:1255","msg":"PD enabled - true"}
{"level":"debug","ts":"2026-10-05T08:42:40.567Z","caller":"awsutils/awsutils.go:2174","msg":"checkAPIErrorAndBroadcastEvent resulted in operation error EC2: AssignPrivateIpAddresses, https response error StatusCode: 400, RequestID: 981d401d-2e12-44a8-8d0b-a88a4480de02, api error InsufficientCidrBlocks: The specified subnet does not have enough free cidr blocks to satisfy the request."}
{"level":"error","ts":"2026-10-05T08:42:40.567Z","caller":"ipamd/ipamd.go:1255","msg":"Failed to allocate a private IP/Prefix addresses on ENI eni-EXAMPLE21: operation error EC2: AssignPrivateIpAddresses, https response error StatusCode: 400, RequestID: 981d401d-2e12-44a8-8d0b-a88a4480de02, api error InsufficientCidrBlocks: The specified subnet does not have enough free cidr blocks to satisfy the request."}
{"level":"debug","ts":"2026-10-05T08:42:40.567Z","caller":"ipamd/ipamd.go:1256","msg":"containsPrivateIPAddressLimitExceededError encountered operation error EC2: AssignPrivateIpAddresses, https response error StatusCode: 400, RequestID: 981d401d-2e12-44a8-8d0b-a88a4480de02, api error InsufficientCidrBlocks: The specified subnet does not have enough free cidr blocks to satisfy the request."}
{"level":"warn","ts":"2026-10-05T08:42:40.567Z","caller":"ipamd/ipamd.go:1113","msg":"failed to allocate all available IPv4 Prefixes on ENI eni-EXAMPLE21, err: operation error EC2: AssignPrivateIpAddresses, https response error StatusCode: 400, RequestID: 981d401d-2e12-44a8-8d0b-a88a4480de02, api error InsufficientCidrBlocks: The specified subnet does not have enough free cidr blocks to satisfy the request."}
{"level":"info","ts":"2026-10-05T08:42:40.567Z","caller":"ipamd/ipamd.go:1259","msg":"Trying to allocate 1 IP addresses on ENI eni-EXAMPLE21"}
{"level":"debug","ts":"2026-10-05T08:42:40.567Z","caller":"ipamd/ipamd.go:1259","msg":"PD enabled - true"}
{"level":"debug","ts":"2026-10-05T08:42:40.966Z","caller":"awsutils/awsutils.go:2174","msg":"checkAPIErrorAndBroadcastEvent resulted in operation error EC2: AssignPrivateIpAddresses, https response error StatusCode: 400, RequestID: 5c777fef-0d17-43fd-a140-1f2a22711d48, api error InsufficientCidrBlocks: The specified subnet does not have enough free cidr blocks to satisfy the request."}
{"level":"error","ts":"2026-10-05T08:42:40.967Z","caller":"ipamd/ipamd.go:1259","msg":"Failed to allocate a private IP/Prefix addresses on ENI eni-EXAMPLE21: operation error EC2: AssignPrivateIpAddresses, https response error StatusCode: 400, RequestID: 5c777fef-0d17-43fd-a140-1f2a22711d48, api error InsufficientCidrBlocks: The specified subnet does not have enough free cidr blocks to satisfy the request."}
{"level":"debug","ts":"2026-10-05T08:42:40.967Z","caller":"ipamd/ipamd.go:1260","msg":"containsPrivateIPAddressLimitExceededError encountered operation error EC2: AssignPrivateIpAddresses, https response error StatusCode: 400, RequestID: 5c777fef-0d17-43fd-a140-1f2a22711d48, api error InsufficientCidrBlocks: The specified subnet does not have enough free cidr blocks to satisfy the request."}
{"level":"debug","ts":"2026-10-05T08:42:40.967Z","caller":"ipamd/ipamd.go:1262","msg":"containsInsufficientCIDRsOrSubnetIPs encountered operation error EC2: AssignPrivateIpAddresses, https response error StatusCode: 400, RequestID: 5c777fef-0d17-43fd-a140-1f2a22711d48, api error InsufficientCidrBlocks: The specified subnet does not have enough free cidr blocks to satisfy the request."}
{"level":"debug","ts":"2026-10-05T08:42:40.967Z","caller":"ipamd/ipamd.go:1262","msg":"Insufficient IP Addresses due to: InsufficientCidrBlocks\n"}
{"level":"debug","ts":"2026-10-05T08:42:40.967Z","caller":"ipamd/ipamd.go:1003","msg":"hasRoomForEni: networkCard=0, currentENIs=1, currentUsableENIs=1, maxENI=3, unmanagedENI=0, trunkEni=0, excludedENI=0, hasRoom=true"}
{"level":"debug","ts":"2026-10-05T08:42:40.967Z","caller":"ipamd/ipamd.go:2758","msg":"Prefix target is 1, short of 1 prefixes, free 0 prefixes"}
{"level":"debug","ts":"2026-10-05T08:42:40.967Z","caller":"ipamd/ipamd.go:2595","msg":"ToAllocate: 1, Network Card 0"}
{"level":"info","ts":"2026-10-05T08:42:40.967Z","caller":"awsutils/awsutils.go:1044","msg":"Trying to allocate 1 IP addresses on new ENI"}
{"level":"debug","ts":"2026-10-05T08:42:40.967Z","caller":"awsutils/awsutils.go:1044","msg":"PD enabled - true"}
{"level":"debug","ts":"2026-10-05T08:42:41.213Z","caller":"awsutils/awsutils.go:1272","msg":"Primary subnet subnet-EXAMPLE1 has no kubernetes.io/role/cni tag, including it for ENI creation (backwards compatibility)"}
{"level":"info","ts":"2026-10-05T08:42:41.213Z","caller":"awsutils/awsutils.go:1044","msg":"Creating ENI with security groups: [sg-EXAMPLE1] in subnet: subnet-EXAMPLE1"}
{"level":"debug","ts":"2026-10-05T08:42:41.462Z","caller":"awsutils/awsutils.go:1449","msg":"checkAPIErrorAndBroadcastEvent resulted in operation error EC2: CreateNetworkInterface, https response error StatusCode: 400, RequestID: cfb35fd6-8012-49f5-b158-ae9319e2261e, api error InvalidParameterValue: There aren't sufficient free Ipv4 addresses or prefixes"}
{"level":"error","ts":"2026-10-05T08:42:41.462Z","caller":"awsutils/awsutils.go:1285","msg":"Failed to CreateNetworkInterface operation error EC2: CreateNetworkInterface, https response error StatusCode: 400, RequestID: cfb35fd6-8012-49f5-b158-ae9319e2261e, api error InvalidParameterValue: There aren't sufficient free Ipv4 addresses or prefixes for subnet subnet-EXAMPLE1"}
{"level":"debug","ts":"2026-10-05T08:42:41.462Z","caller":"awsutils/awsutils.go:1272","msg":"Subnet subnet-EXAMPLE2 has no kubernetes.io/role/cni tag, excluding it from ENI creation"}
{"level":"error","ts":"2026-10-05T08:42:41.462Z","caller":"ipamd/ipamd.go:1004","msg":"Failed to increase pool size due to not able to allocate ENI AllocENI: failed to create ENI: failed to create network interface: operation error EC2: CreateNetworkInterface, https response error StatusCode: 400, RequestID: cfb35fd6-8012-49f5-b158-ae9319e2261e, api error InvalidParameterValue: There aren't sufficient free Ipv4 addresses or prefixes"}
{"level":"warn","ts":"2026-10-05T08:42:41.462Z","caller":"ipamd/ipamd.go:1004","msg":"Failed to allocate 1 IP addresses on an ENI: AllocENI: failed to create ENI: failed to create network interface: operation error EC2: CreateNetworkInterface, https response error StatusCode: 400, RequestID: cfb35fd6-8012-49f5-b158-ae9319e2261e, api error InvalidParameterValue: There aren't sufficient free Ipv4 addresses or prefixes"}
{"level":"debug","ts":"2026-10-05T08:42:41.462Z","caller":"ipamd/ipamd.go:1082","msg":"containsInsufficientCIDRsOrSubnetIPs encountered AllocENI: failed to create ENI: failed to create network interface: operation error EC2: CreateNetworkInterface, https response error StatusCode: 400, RequestID: cfb35fd6-8012-49f5-b158-ae9319e2261e, api error InvalidParameterValue: There aren't sufficient free Ipv4 addresses or prefixes"}
{"level":"debug","ts":"2026-10-05T08:42:41.462Z","caller":"ipamd/ipamd.go:1082","msg":"Insufficient IP Addresses due to: InvalidParameterValue\n"}
{"level":"debug","ts":"2026-10-05T08:42:41.462Z","caller":"ipamd/ipamd.go:813","msg":"Error trying to allocate ENI: AllocENI: failed to create ENI: failed to create network interface: operation error EC2: CreateNetworkInterface, https response error StatusCode: 400, RequestID: cfb35fd6-8012-49f5-b158-ae9319e2261e, api error InvalidParameterValue: There aren't sufficient free Ipv4 addresses or prefixes"}
{"level":"debug","ts":"2026-10-05T08:42:41.462Z","caller":"ipamd/ipamd.go:1548","msg":"ENI eni-EXAMPLE21 cannot be deleted because it is primary"}
{"level":"info","ts":"2026-10-05T08:42:41.696Z","caller":"rpc/rpc_grpc.pb.go:117","msg":"Received AddNetwork for NS /var/run/netns/cni-5a5d5be9-2e2c-6276-082e-753b263338a1, Sandbox b7f5e8d87c535e1ad8dd2a304802c484dbfa39f62f77c39b9be986eadedbb258, ifname eth0"}
{"level":"debug","ts":"2026-10-05T08:42:41.696Z","caller":"rpc/rpc_grpc.pb.go:117","msg":"AddNetworkRequest: K8S_POD_NAME:\"coredns-79f8dffc57-fwslz\"  K8S_POD_NAMESPACE:\"kube-system\"  K8S_POD_INFRA_CONTAINER_ID:\"b7f5e8d87c535e1ad8dd2a304802c484dbfa39f62f77c39b9be986eadedbb258\"  ContainerID:\"b7f5e8d87c535e1ad8dd2a304802c484dbfa39f62f77c39b9be986eadedbb258\"  IfName:\"eth0\"  NetworkName:\"aws-cni\"  Netns:\"/var/run/netns/cni-5a5d5be9-2e2c-6276-082e-753b263338a1\""}
{"level":"info","ts":"2026-10-05T08:42:41.696Z","caller":"rpc/rpc_grpc.pb.go:117","msg":"Required MultiNIC access false, interfaces required 1"}
{"level":"debug","ts":"2026-10-05T08:42:41.696Z","caller":"datastore/data_store.go:713","msg":"AssignPodIPv4Address: IP address pool stats: total 0, assigned 0"}
{"level":"debug","ts":"2026-10-05T08:42:41.696Z","caller":"datastore/data_store.go:713","msg":"AssignPodIPv4Address: ENI eni-EXAMPLE21 does not have available addresses"}
{"level":"error","ts":"2026-10-05T08:42:41.696Z","caller":"datastore/data_store.go:713","msg":"DataStore has no available IP/Prefix addresses"}
{"level":"warn","ts":"2026-10-05T08:42:41.696Z","caller":"rpc/rpc_grpc.pb.go:117","msg":"Failed to assign IPs from network card 0: AssignPodIPAddress: no available IP/Prefix addresses"}
{"level":"error","ts":"2026-10-05T08:42:41.696Z","caller":"rpc/rpc_grpc.pb.go:117","msg":"Returning failure response for AddNetwork: 1 error occurred:\n\t* AssignPodIPAddress: no available IP/Prefix addresses\n\n"}
{"level":"info","ts":"2026-10-05T08:42:41.696Z","caller":"rpc/rpc_grpc.pb.go:117","msg":"Send AddNetworkReply: Success: false IPAddr: [], resp: , err: AssignPodIPAddress: no available IP/Prefix addresses"}
{"level":"info","ts":"2026-10-05T08:42:41.720Z","caller":"rpc/rpc_grpc.pb.go:135","msg":"Received DelNetwork for Sandbox b7f5e8d87c535e1ad8dd2a304802c484dbfa39f62f77c39b9be986eadedbb258"}
{"level":"debug","ts":"2026-10-05T08:42:41.720Z","caller":"rpc/rpc_grpc.pb.go:135","msg":"DelNetworkRequest: K8S_POD_NAME:\"coredns-79f8dffc57-fwslz\"  K8S_POD_NAMESPACE:\"kube-system\"  K8S_POD_INFRA_CONTAINER_ID:\"b7f5e8d87c535e1ad8dd2a304802c484dbfa39f62f77c39b9be986eadedbb258\"  Reason:\"PodDeleted\"  ContainerID:\"b7f5e8d87c535e1ad8dd2a304802c484dbfa39f62f77c39b9be986eadedbb258\"  IfName:\"eth0\"  NetworkName:\"aws-cni\"  K8S_POD_UID:\"ad241f1d-d89e-4886-8d30-e22384a0b925\""}
{"level":"debug","ts":"2026-10-05T08:42:41.720Z","caller":"ipamd/rpc_handler.go:353","msg":"UnassignPodIPAddress: IP address pool stats: total 0, assigned 0, sandbox aws-cni/b7f5e8d87c535e1ad8dd2a304802c484dbfa39f62f77c39b9be986eadedbb258/eth0"}
{"level":"debug","ts":"2026-10-05T08:42:41.720Z","caller":"ipamd/rpc_handler.go:353","msg":"UnassignPodIPAddress: Failed to find IPAM entry under full key, trying CRI-migrated version"}
{"level":"warn","ts":"2026-10-05T08:42:41.720Z","caller":"ipamd/rpc_handler.go:353","msg":"UnassignPodIPAddress: Failed to find sandbox _migrated-from-cri/b7f5e8d87c535e1ad8dd2a304802c484dbfa39f62f77c39b9be986eadedbb258/unknown"}
{"level":"info","ts":"2026-10-05T08:42:41.720Z","caller":"rpc/rpc_grpc.pb.go:135","msg":"Send DelNetworkReply: IPAddress: [], err: 1 error occurred:\n\t* datastore: unknown pod\n\n"}
{"level":"info","ts":"2026-10-05T08:42:42.704Z","caller":"rpc/rpc_grpc.pb.go:117","msg":"Received AddNetwork for NS /var/run/netns/cni-b006aaa0-dfef-b9b1-7c97-deffa3985ef9, Sandbox 72b829d7e74a95d9834c6fa235df28d04380deacae69532e1acefe825cf76e17, ifname eth0"}
{"level":"debug","ts":"2026-10-05T08:42:42.704Z","caller":"rpc/rpc_grpc.pb.go:117","msg":"AddNetworkRequest: K8S_POD_NAME:\"pause-68d5b89fc-kwqf6\"  K8S_POD_NAMESPACE:\"default\"  K8S_POD_INFRA_CONTAINER_ID:\"72b829d7e74a95d9834c6fa235df28d04380deacae69532e1acefe825cf76e17\"  ContainerID:\"72b829d7e74a95d9834c6fa235df28d04380deacae69532e1acefe825cf76e17\"  IfName:\"eth0\"  NetworkName:\"aws-cni\"  Netns:\"/var/run/netns/cni-b006aaa0-dfef-b9b1-7c97-deffa3985ef9\""}
{"level":"info","ts":"2026-10-05T08:42:42.704Z","caller":"rpc/rpc_grpc.pb.go:117","msg":"Required MultiNIC access false, interfaces required 1"}
{"level":"debug","ts":"2026-10-05T08:42:42.704Z","caller":"datastore/data_store.go:713","msg":"AssignPodIPv4Address: IP address pool stats: total 0, assigned 0"}
{"level":"debug","ts":"2026-10-05T08:42:42.704Z","caller":"datastore/data_store.go:713","msg":"AssignPodIPv4Address: ENI eni-EXAMPLE21 does not have available addresses"}
{"level":"error","ts":"2026-10-05T08:42:42.704Z","caller":"datastore/data_store.go:713","msg":"DataStore has no available IP/Prefix addresses"}
{"level":"warn","ts":"2026-10-05T08:42:42.704Z","caller":"rpc/rpc_grpc.pb.go:117","msg":"Failed to assign IPs from network card 0: AssignPodIPAddress: no available IP/Prefix addresses"}
{"level":"error","ts":"2026-10-05T08:42:42.704Z","caller":"rpc/rpc_grpc.pb.go:117","msg":"Returning failure response for AddNetwork: 1 error occurred:\n\t* AssignPodIPAddress: no available IP/Prefix addresses\n\n"}
{"level":"info","ts":"2026-10-05T08:42:42.704Z","caller":"rpc/rpc_grpc.pb.go:117","msg":"Send AddNetworkReply: Success: false IPAddr: [], resp: , err: AssignPodIPAddress: no available IP/Prefix addresses"}
{"level":"info","ts":"2026-10-05T08:42:42.728Z","caller":"rpc/rpc_grpc.pb.go:135","msg":"Received DelNetwork for Sandbox 72b829d7e74a95d9834c6fa235df28d04380deacae69532e1acefe825cf76e17"}
{"level":"debug","ts":"2026-10-05T08:42:42.728Z","caller":"rpc/rpc_grpc.pb.go:135","msg":"DelNetworkRequest: K8S_POD_NAME:\"pause-68d5b89fc-kwqf6\"  K8S_POD_NAMESPACE:\"default\"  K8S_POD_INFRA_CONTAINER_ID:\"72b829d7e74a95d9834c6fa235df28d04380deacae69532e1acefe825cf76e17\"  Reason:\"PodDeleted\"  ContainerID:\"72b829d7e74a95d9834c6fa235df28d04380deacae69532e1acefe825cf76e17\"  IfName:\"eth0\"  NetworkName:\"aws-cni\"  K8S_POD_UID:\"f1c84b49-6e57-471b-b275-0a0535a8e3e2\""}
{"level":"debug","ts":"2026-10-05T08:42:42.728Z","caller":"ipamd/rpc_handler.go:353","msg":"UnassignPodIPAddress: IP address pool stats: total 0, assigned 0, sandbox aws-cni/72b829d7e74a95d9834c6fa235df28d04380deacae69532e1acefe825cf76e17/eth0"}
{"level":"debug","ts":"2026-10-05T08:42:42.728Z","caller":"ipamd/rpc_handler.go:353","msg":"UnassignPodIPAddress: Failed to find IPAM entry under full key, trying CRI-migrated version"}
{"level":"warn","ts":"2026-10-05T08:42:42.728Z","caller":"ipamd/rpc_handler.go:353","msg":"UnassignPodIPAddress: Failed to find sandbox _migrated-from-cri/72b829d7e74a95d9834c6fa235df28d04380deacae69532e1acefe825cf76e17/unknown"}
{"level":"info","ts":"2026-10-05T08:42:42.728Z","caller":"rpc/rpc_grpc.pb.go:135","msg":"Send DelNetworkReply: IPAddress: [], err: 1 error occurred:\n\t* datastore: unknown pod\n\n"}
{"level":"debug","ts":"2026-10-05T08:42:46.464Z","caller":"ipamd/ipamd.go:809","msg":"IP pool is too low for Network Card 0: available (0) < ENI target (1) * addrsPerENI (16)"}
{"level":"debug","ts":"2026-10-05T08:42:46.464Z","caller":"ipamd/ipamd.go:2689","msg":"Prefix pool stats for network card 0: Total IPs/Prefixes = 0/0, AssignedIPs/CooldownIPs: 0/0, c.maxIPsPerENI = 80"}
{"level":"debug","ts":"2026-10-05T08:42:46.464Z","caller":"ipamd/ipamd.go:795","msg":"IP stats for Network Card 0 - total IPs: 0, assigned IPs: 0, cooldown IPs: 0"}
{"level":"debug","ts":"2026-10-05T08:42:46.464Z","caller":"ipamd/ipamd.go:813","msg":"Starting to increase pool size for network card 0"}
{"level":"debug","ts":"2026-10-05T08:42:46.464Z","caller":"ipamd/ipamd.go:966","msg":"Node found \"ip-10-20-0-45.ec2.internal\" - no of taints - 0"}
{"level":"debug","ts":"2026-10-05T08:42:46.464Z","caller":"ipamd/ipamd.go:2758","msg":"Prefix target is 1, short of 1 prefixes, free 0 prefixes"}
{"level":"debug","ts":"2026-10-05T08:42:46.464Z","caller":"ipamd/ipamd.go:1248","msg":"ToAllocate: 1, Network Card 0"}
{"level":"debug","ts":"2026-10-05T08:42:46.464Z","caller":"ipamd/ipamd.go:1251","msg":"Found ENI eni-EXAMPLE21 that has less than the maximum number of IP/Prefixes addresses allocated: cur=0, max=5"}
{"level":"info","ts":"2026-10-05T08:42:46.464Z","caller":"ipamd/ipamd.go:1255","msg":"Trying to allocate 1 IP addresses on ENI eni-EXAMPLE21"}
{"level":"debug","ts":"2026-10-05T08:42:46.464Z","caller":"ipamd/ipamd.go:1255","msg":"PD enabled - true"}
{"level":"debug","ts":"2026-10-05T08:42:46.981Z","caller":"awsutils/awsutils.go:2174","msg":"checkAPIErrorAndBroadcastEvent resulted in operation error EC2: AssignPrivateIpAddresses, https response error StatusCode: 400, RequestID: 83e61b5c-cc27-4be7-b3d8-66a988dae75c, api error InsufficientCidrBlocks: The specified subnet does not have enough free cidr blocks to satisfy the request."}
{"level":"error","ts":"2026-10-05T08:42:46.982Z","caller":"ipamd/ipamd.go:1255","msg":"Failed to allocate a private IP/Prefix addresses on ENI eni-EXAMPLE21: operation error EC2: AssignPrivateIpAddresses, https response error StatusCode: 400, RequestID: 83e61b5c-cc27-4be7-b3d8-66a988dae75c, api error InsufficientCidrBlocks: The specified subnet does not have enough free cidr blocks to satisfy the request."}
{"level":"debug","ts":"2026-10-05T08:42:46.982Z","caller":"ipamd/ipamd.go:1256","msg":"containsPrivateIPAddressLimitExceededError encountered operation error EC2: AssignPrivateIpAddresses, https response error StatusCode: 400, RequestID: 83e61b5c-cc27-4be7-b3d8-66a988dae75c, api error InsufficientCidrBlocks: The specified subnet does not have enough free cidr blocks to satisfy the request."}
{"level":"warn","ts":"2026-10-05T08:42:46.982Z","caller":"ipamd/ipamd.go:1113","msg":"failed to allocate all available IPv4 Prefixes on ENI eni-EXAMPLE21, err: operation error EC2: AssignPrivateIpAddresses, https response error StatusCode: 400, RequestID: 83e61b5c-cc27-4be7-b3d8-66a988dae75c, api error InsufficientCidrBlocks: The specified subnet does not have enough free cidr blocks to satisfy the request."}
{"level":"info","ts":"2026-10-05T08:42:46.982Z","caller":"ipamd/ipamd.go:1259","msg":"Trying to allocate 1 IP addresses on ENI eni-EXAMPLE21"}
{"level":"debug","ts":"2026-10-05T08:42:46.982Z","caller":"ipamd/ipamd.go:1259","msg":"PD enabled - true"}
{"level":"debug","ts":"2026-10-05T08:42:47.418Z","caller":"awsutils/awsutils.go:2174","msg":"checkAPIErrorAndBroadcastEvent resulted in operation error EC2: AssignPrivateIpAddresses, https response error StatusCode: 400, RequestID: de44f3bc-a3d6-4189-8994-c9d909f18a93, api error InsufficientCidrBlocks: The specified subnet does not have enough free cidr blocks to satisfy the request."}
{"level":"error","ts":"2026-10-05T08:42:47.419Z","caller":"ipamd/ipamd.go:1259","msg":"Failed to allocate a private IP/Prefix addresses on ENI eni-EXAMPLE21: operation error EC2: AssignPrivateIpAddresses, https response error StatusCode: 400, RequestID: de44f3bc-a3d6-4189-8994-c9d909f18a93, api error InsufficientCidrBlocks: The specified subnet does not have enough free cidr blocks to satisfy the request."}
{"level":"debug","ts":"2026-10-05T08:42:47.419Z","caller":"ipamd/ipamd.go:1260","msg":"containsPrivateIPAddressLimitExceededError encountered operation error EC2: AssignPrivateIpAddresses, https response error StatusCode: 400, RequestID: de44f3bc-a3d6-4189-8994-c9d909f18a93, api error InsufficientCidrBlocks: The specified subnet does not have enough free cidr blocks to satisfy the request."}
{"level":"debug","ts":"2026-10-05T08:42:47.419Z","caller":"ipamd/ipamd.go:1262","msg":"containsInsufficientCIDRsOrSubnetIPs encountered operation error EC2: AssignPrivateIpAddresses, https response error StatusCode: 400, RequestID: de44f3bc-a3d6-4189-8994-c9d909f18a93, api error InsufficientCidrBlocks: The specified subnet does not have enough free cidr blocks to satisfy the request."}
{"level":"debug","ts":"2026-10-05T08:42:47.419Z","caller":"ipamd/ipamd.go:1262","msg":"Insufficient IP Addresses due to: InsufficientCidrBlocks\n"}
{"level":"debug","ts":"2026-10-05T08:42:47.419Z","caller":"ipamd/ipamd.go:1003","msg":"hasRoomForEni: networkCard=0, currentENIs=1, currentUsableENIs=1, maxENI=3, unmanagedENI=0, trunkEni=0, excludedENI=0, hasRoom=true"}
{"level":"debug","ts":"2026-10-05T08:42:47.419Z","caller":"ipamd/ipamd.go:2758","msg":"Prefix target is 1, short of 1 prefixes, free 0 prefixes"}
{"level":"debug","ts":"2026-10-05T08:42:47.419Z","caller":"ipamd/ipamd.go:2595","msg":"ToAllocate: 1, Network Card 0"}
{"level":"info","ts":"2026-10-05T08:42:47.419Z","caller":"awsutils/awsutils.go:1044","msg":"Trying to allocate 1 IP addresses on new ENI"}
{"level":"debug","ts":"2026-10-05T08:42:47.419Z","caller":"awsutils/awsutils.go:1044","msg":"PD enabled - true"}
{"level":"debug","ts":"2026-10-05T08:42:47.539Z","caller":"awsutils/awsutils.go:1272","msg":"Primary subnet subnet-EXAMPLE1 has no kubernetes.io/role/cni tag, including it for ENI creation (backwards compatibility)"}
{"level":"info","ts":"2026-10-05T08:42:47.539Z","caller":"awsutils/awsutils.go:1044","msg":"Creating ENI with security groups: [sg-EXAMPLE1] in subnet: subnet-EXAMPLE1"}
{"level":"debug","ts":"2026-10-05T08:42:47.798Z","caller":"awsutils/awsutils.go:1449","msg":"checkAPIErrorAndBroadcastEvent resulted in operation error EC2: CreateNetworkInterface, https response error StatusCode: 400, RequestID: f6a4ae19-06a2-4fad-aec4-2a34a575664d, api error InvalidParameterValue: There aren't sufficient free Ipv4 addresses or prefixes"}
{"level":"error","ts":"2026-10-05T08:42:47.798Z","caller":"awsutils/awsutils.go:1285","msg":"Failed to CreateNetworkInterface operation error EC2: CreateNetworkInterface, https response error StatusCode: 400, RequestID: f6a4ae19-06a2-4fad-aec4-2a34a575664d, api error InvalidParameterValue: There aren't sufficient free Ipv4 addresses or prefixes for subnet subnet-EXAMPLE1"}
{"level":"debug","ts":"2026-10-05T08:42:47.798Z","caller":"awsutils/awsutils.go:1272","msg":"Subnet subnet-EXAMPLE2 has no kubernetes.io/role/cni tag, excluding it from ENI creation"}
{"level":"error","ts":"2026-10-05T08:42:47.798Z","caller":"ipamd/ipamd.go:1004","msg":"Failed to increase pool size due to not able to allocate ENI AllocENI: failed to create ENI: failed to create network interface: operation error EC2: CreateNetworkInterface, https response error StatusCode: 400, RequestID: f6a4ae19-06a2-4fad-aec4-2a34a575664d, api error InvalidParameterValue: There aren't sufficient free Ipv4 addresses or prefixes"}
{"level":"warn","ts":"2026-10-05T08:42:47.798Z","caller":"ipamd/ipamd.go:1004","msg":"Failed to allocate 1 IP addresses on an ENI: AllocENI: failed to create ENI: failed to create network interface: operation error EC2: CreateNetworkInterface, https response error StatusCode: 400, RequestID: f6a4ae19-06a2-4fad-aec4-2a34a575664d, api error InvalidParameterValue: There aren't sufficient free Ipv4 addresses or prefixes"}
{"level":"debug","ts":"2026-10-05T08:42:47.798Z","caller":"ipamd/ipamd.go:1082","msg":"containsInsufficientCIDRsOrSubnetIPs encountered AllocENI: failed to create ENI: failed to create network interface: operation error EC2: CreateNetworkInterface, https response error StatusCode: 400, RequestID: f6a4ae19-06a2-4fad-aec4-2a34a575664d, api error InvalidParameterValue: There aren't sufficient free Ipv4 addresses or prefixes"}
{"level":"debug","ts":"2026-10-05T08:42:47.798Z","caller":"ipamd/ipamd.go:1082","msg":"Insufficient IP Addresses due to: InvalidParameterValue\n"}
{"level":"debug","ts":"2026-10-05T08:42:47.798Z","caller":"ipamd/ipamd.go:813","msg":"Error trying to allocate ENI: AllocENI: failed to create ENI: failed to create network interface: operation error EC2: CreateNetworkInterface, https response error StatusCode: 400, RequestID: f6a4ae19-06a2-4fad-aec4-2a34a575664d, api error InvalidParameterValue: There aren't sufficient free Ipv4 addresses or prefixes"}
{"level":"debug","ts":"2026-10-05T08:42:47.798Z","caller":"ipamd/ipamd.go:1548","msg":"ENI eni-EXAMPLE21 cannot be deleted because it is primary"}
{"level":"info","ts":"2026-10-05T08:42:48.706Z","caller":"rpc/rpc_grpc.pb.go:117","msg":"Received AddNetwork for NS /var/run/netns/cni-64337b13-18ca-7472-2a02-21627e07cc09, Sandbox d91033b5561293f9a05ef0c18216101b0a1939ce5a98f2a532817eec924f0173, ifname eth0"}
{"level":"debug","ts":"2026-10-05T08:42:48.706Z","caller":"rpc/rpc_grpc.pb.go:117","msg":"AddNetworkRequest: K8S_POD_NAME:\"coredns-79f8dffc57-cv2lj\"  K8S_POD_NAMESPACE:\"kube-system\"  K8S_POD_INFRA_CONTAINER_ID:\"d91033b5561293f9a05ef0c18216101b0a1939ce5a98f2a532817eec924f0173\"  ContainerID:\"d91033b5561293f9a05ef0c18216101b0a1939ce5a98f2a532817eec924f0173\"  IfName:\"eth0\"  NetworkName:\"aws-cni\"  Netns:\"/var/run/netns/cni-64337b13-18ca-7472-2a02-21627e07cc09\""}
{"level":"info","ts":"2026-10-05T08:42:48.706Z","caller":"rpc/rpc_grpc.pb.go:117","msg":"Required MultiNIC access false, interfaces required 1"}
{"level":"debug","ts":"2026-10-05T08:42:48.706Z","caller":"datastore/data_store.go:713","msg":"AssignPodIPv4Address: IP address pool stats: total 0, assigned 0"}
{"level":"debug","ts":"2026-10-05T08:42:48.706Z","caller":"datastore/data_store.go:713","msg":"AssignPodIPv4Address: ENI eni-EXAMPLE21 does not have available addresses"}
{"level":"error","ts":"2026-10-05T08:42:48.706Z","caller":"datastore/data_store.go:713","msg":"DataStore has no available IP/Prefix addresses"}
{"level":"warn","ts":"2026-10-05T08:42:48.706Z","caller":"rpc/rpc_grpc.pb.go:117","msg":"Failed to assign IPs from network card 0: AssignPodIPAddress: no available IP/Prefix addresses"}
{"level":"error","ts":"2026-10-05T08:42:48.706Z","caller":"rpc/rpc_grpc.pb.go:117","msg":"Returning failure response for AddNetwork: 1 error occurred:\n\t* AssignPodIPAddress: no available IP/Prefix addresses\n\n"}
{"level":"info","ts":"2026-10-05T08:42:48.706Z","caller":"rpc/rpc_grpc.pb.go:117","msg":"Send AddNetworkReply: Success: false IPAddr: [], resp: , err: AssignPodIPAddress: no available IP/Prefix addresses"}
{"level":"info","ts":"2026-10-05T08:42:48.713Z","caller":"rpc/rpc_grpc.pb.go:117","msg":"Received AddNetwork for NS /var/run/netns/cni-83fbee5c-721a-5de8-b9a5-2eccfe5069a3, Sandbox 773469368a0139eba178da703237a1705b69ea37a9846472684b5a7a17d813ce, ifname eth0"}
{"level":"debug","ts":"2026-10-05T08:42:48.713Z","caller":"rpc/rpc_grpc.pb.go:117","msg":"AddNetworkRequest: K8S_POD_NAME:\"pause-68d5b89fc-xv2r9\"  K8S_POD_NAMESPACE:\"default\"  K8S_POD_INFRA_CONTAINER_ID:\"773469368a0139eba178da703237a1705b69ea37a9846472684b5a7a17d813ce\"  ContainerID:\"773469368a0139eba178da703237a1705b69ea37a9846472684b5a7a17d813ce\"  IfName:\"eth0\"  NetworkName:\"aws-cni\"  Netns:\"/var/run/netns/cni-83fbee5c-721a-5de8-b9a5-2eccfe5069a3\""}
{"level":"info","ts":"2026-10-05T08:42:48.713Z","caller":"rpc/rpc_grpc.pb.go:117","msg":"Required MultiNIC access false, interfaces required 1"}
{"level":"debug","ts":"2026-10-05T08:42:48.713Z","caller":"datastore/data_store.go:713","msg":"AssignPodIPv4Address: IP address pool stats: total 0, assigned 0"}
{"level":"debug","ts":"2026-10-05T08:42:48.713Z","caller":"datastore/data_store.go:713","msg":"AssignPodIPv4Address: ENI eni-EXAMPLE21 does not have available addresses"}
{"level":"error","ts":"2026-10-05T08:42:48.713Z","caller":"datastore/data_store.go:713","msg":"DataStore has no available IP/Prefix addresses"}
{"level":"warn","ts":"2026-10-05T08:42:48.713Z","caller":"rpc/rpc_grpc.pb.go:117","msg":"Failed to assign IPs from network card 0: AssignPodIPAddress: no available IP/Prefix addresses"}
{"level":"error","ts":"2026-10-05T08:42:48.713Z","caller":"rpc/rpc_grpc.pb.go:117","msg":"Returning failure response for AddNetwork: 1 error occurred:\n\t* AssignPodIPAddress: no available IP/Prefix addresses\n\n"}
{"level":"info","ts":"2026-10-05T08:42:48.713Z","caller":"rpc/rpc_grpc.pb.go:117","msg":"Send AddNetworkReply: Success: false IPAddr: [], resp: , err: AssignPodIPAddress: no available IP/Prefix addresses"}
{"level":"info","ts":"2026-10-05T08:42:48.748Z","caller":"rpc/rpc_grpc.pb.go:135","msg":"Received DelNetwork for Sandbox 773469368a0139eba178da703237a1705b69ea37a9846472684b5a7a17d813ce"}
{"level":"debug","ts":"2026-10-05T08:42:48.749Z","caller":"rpc/rpc_grpc.pb.go:135","msg":"DelNetworkRequest: K8S_POD_NAME:\"pause-68d5b89fc-xv2r9\"  K8S_POD_NAMESPACE:\"default\"  K8S_POD_INFRA_CONTAINER_ID:\"773469368a0139eba178da703237a1705b69ea37a9846472684b5a7a17d813ce\"  Reason:\"PodDeleted\"  ContainerID:\"773469368a0139eba178da703237a1705b69ea37a9846472684b5a7a17d813ce\"  IfName:\"eth0\"  NetworkName:\"aws-cni\"  K8S_POD_UID:\"cd4aecc7-3371-4cf3-bd27-460a41c60184\""}
{"level":"debug","ts":"2026-10-05T08:42:48.749Z","caller":"ipamd/rpc_handler.go:353","msg":"UnassignPodIPAddress: IP address pool stats: total 0, assigned 0, sandbox aws-cni/773469368a0139eba178da703237a1705b69ea37a9846472684b5a7a17d813ce/eth0"}
{"level":"debug","ts":"2026-10-05T08:42:48.749Z","caller":"ipamd/rpc_handler.go:353","msg":"UnassignPodIPAddress: Failed to find IPAM entry under full key, trying CRI-migrated version"}
{"level":"warn","ts":"2026-10-05T08:42:48.749Z","caller":"ipamd/rpc_handler.go:353","msg":"UnassignPodIPAddress: Failed to find sandbox _migrated-from-cri/773469368a0139eba178da703237a1705b69ea37a9846472684b5a7a17d813ce/unknown"}
{"level":"info","ts":"2026-10-05T08:42:48.749Z","caller":"rpc/rpc_grpc.pb.go:135","msg":"Send DelNetworkReply: IPAddress: [], err: 1 error occurred:\n\t* datastore: unknown pod\n\n"}
{"level":"info","ts":"2026-10-05T08:42:48.750Z","caller":"rpc/rpc_grpc.pb.go:135","msg":"Received DelNetwork for Sandbox d91033b5561293f9a05ef0c18216101b0a1939ce5a98f2a532817eec924f0173"}
{"level":"debug","ts":"2026-10-05T08:42:48.750Z","caller":"rpc/rpc_grpc.pb.go:135","msg":"DelNetworkRequest: K8S_POD_NAME:\"coredns-79f8dffc57-cv2lj\"  K8S_POD_NAMESPACE:\"kube-system\"  K8S_POD_INFRA_CONTAINER_ID:\"d91033b5561293f9a05ef0c18216101b0a1939ce5a98f2a532817eec924f0173\"  Reason:\"PodDeleted\"  ContainerID:\"d91033b5561293f9a05ef0c18216101b0a1939ce5a98f2a532817eec924f0173\"  IfName:\"eth0\"  NetworkName:\"aws-cni\"  K8S_POD_UID:\"080397ba-9aa0-4db1-b449-5fe2b0811692\""}
{"level":"debug","ts":"2026-10-05T08:42:48.750Z","caller":"ipamd/rpc_handler.go:353","msg":"UnassignPodIPAddress: IP address pool stats: total 0, assigned 0, sandbox aws-cni/d91033b5561293f9a05ef0c18216101b0a1939ce5a98f2a532817eec924f0173/eth0"}
{"level":"debug","ts":"2026-10-05T08:42:48.750Z","caller":"ipamd/rpc_handler.go:353","msg":"UnassignPodIPAddress: Failed to find IPAM entry under full key, trying CRI-migrated version"}
{"level":"warn","ts":"2026-10-05T08:42:48.750Z","caller":"ipamd/rpc_handler.go:353","msg":"UnassignPodIPAddress: Failed to find sandbox _migrated-from-cri/d91033b5561293f9a05ef0c18216101b0a1939ce5a98f2a532817eec924f0173/unknown"}
{"level":"info","ts":"2026-10-05T08:42:48.751Z","caller":"rpc/rpc_grpc.pb.go:135","msg":"Send DelNetworkReply: IPAddress: [], err: 1 error occurred:\n\t* datastore: unknown pod\n\n"}
{"level":"debug","ts":"2026-10-05T08:42:52.800Z","caller":"ipamd/ipamd.go:809","msg":"IP pool is too low for Network Card 0: available (0) < ENI target (1) * addrsPerENI (16)"}
{"level":"debug","ts":"2026-10-05T08:42:52.800Z","caller":"ipamd/ipamd.go:2689","msg":"Prefix pool stats for network card 0: Total IPs/Prefixes = 0/0, AssignedIPs/CooldownIPs: 0/0, c.maxIPsPerENI = 80"}
{"level":"debug","ts":"2026-10-05T08:42:52.800Z","caller":"ipamd/ipamd.go:795","msg":"IP stats for Network Card 0 - total IPs: 0, assigned IPs: 0, cooldown IPs: 0"}
{"level":"debug","ts":"2026-10-05T08:42:52.800Z","caller":"ipamd/ipamd.go:813","msg":"Starting to increase pool size for network card 0"}
{"level":"debug","ts":"2026-10-05T08:42:52.800Z","caller":"ipamd/ipamd.go:966","msg":"Node found \"ip-10-20-0-45.ec2.internal\" - no of taints - 0"}
{"level":"debug","ts":"2026-10-05T08:42:52.800Z","caller":"ipamd/ipamd.go:2758","msg":"Prefix target is 1, short of 1 prefixes, free 0 prefixes"}
{"level":"debug","ts":"2026-10-05T08:42:52.800Z","caller":"ipamd/ipamd.go:1248","msg":"ToAllocate: 1, Network Card 0"}
{"level":"debug","ts":"2026-10-05T08:42:52.800Z","caller":"ipamd/ipamd.go:1251","msg":"Found ENI eni-EXAMPLE21 that has less than the maximum number of IP/Prefixes addresses allocated: cur=0, max=5"}
{"level":"info","ts":"2026-10-05T08:42:52.800Z","caller":"ipamd/ipamd.go:1255","msg":"Trying to allocate 1 IP addresses on ENI eni-EXAMPLE21"}
{"level":"debug","ts":"2026-10-05T08:42:52.800Z","caller":"ipamd/ipamd.go:1255","msg":"PD enabled - true"}
{"level":"debug","ts":"2026-10-05T08:42:53.347Z","caller":"awsutils/awsutils.go:2174","msg":"checkAPIErrorAndBroadcastEvent resulted in operation error EC2: AssignPrivateIpAddresses, https response error StatusCode: 400, RequestID: 212ae05b-22a2-44dd-aca8-149ae0ed5632, api error InsufficientCidrBlocks: The specified subnet does not have enough free cidr blocks to satisfy the request."}
{"level":"error","ts":"2026-10-05T08:42:53.347Z","caller":"ipamd/ipamd.go:1255","msg":"Failed to allocate a private IP/Prefix addresses on ENI eni-EXAMPLE21: operation error EC2: AssignPrivateIpAddresses, https response error StatusCode: 400, RequestID: 212ae05b-22a2-44dd-aca8-149ae0ed5632, api error InsufficientCidrBlocks: The specified subnet does not have enough free cidr blocks to satisfy the request."}
{"level":"debug","ts":"2026-10-05T08:42:53.347Z","caller":"ipamd/ipamd.go:1256","msg":"containsPrivateIPAddressLimitExceededError encountered operation error EC2: AssignPrivateIpAddresses, https response error StatusCode: 400, RequestID: 212ae05b-22a2-44dd-aca8-149ae0ed5632, api error InsufficientCidrBlocks: The specified subnet does not have enough free cidr blocks to satisfy the request."}
{"level":"warn","ts":"2026-10-05T08:42:53.347Z","caller":"ipamd/ipamd.go:1113","msg":"failed to allocate all available IPv4 Prefixes on ENI eni-EXAMPLE21, err: operation error EC2: AssignPrivateIpAddresses, https response error StatusCode: 400, RequestID: 212ae05b-22a2-44dd-aca8-149ae0ed5632, api error InsufficientCidrBlocks: The specified subnet does not have enough free cidr blocks to satisfy the request."}
{"level":"info","ts":"2026-10-05T08:42:53.347Z","caller":"ipamd/ipamd.go:1259","msg":"Trying to allocate 1 IP addresses on ENI eni-EXAMPLE21"}
{"level":"debug","ts":"2026-10-05T08:42:53.347Z","caller":"ipamd/ipamd.go:1259","msg":"PD enabled - true"}
{"level":"debug","ts":"2026-10-05T08:42:53.775Z","caller":"awsutils/awsutils.go:2174","msg":"checkAPIErrorAndBroadcastEvent resulted in operation error EC2: AssignPrivateIpAddresses, https response error StatusCode: 400, RequestID: 7bb4438a-e8c7-4dd4-8f78-0b303ef158e3, api error InsufficientCidrBlocks: The specified subnet does not have enough free cidr blocks to satisfy the request."}
{"level":"error","ts":"2026-10-05T08:42:53.775Z","caller":"ipamd/ipamd.go:1259","msg":"Failed to allocate a private IP/Prefix addresses on ENI eni-EXAMPLE21: operation error EC2: AssignPrivateIpAddresses, https response error StatusCode: 400, RequestID: 7bb4438a-e8c7-4dd4-8f78-0b303ef158e3, api error InsufficientCidrBlocks: The specified subnet does not have enough free cidr blocks to satisfy the request."}
{"level":"debug","ts":"2026-10-05T08:42:53.775Z","caller":"ipamd/ipamd.go:1260","msg":"containsPrivateIPAddressLimitExceededError encountered operation error EC2: AssignPrivateIpAddresses, https response error StatusCode: 400, RequestID: 7bb4438a-e8c7-4dd4-8f78-0b303ef158e3, api error InsufficientCidrBlocks: The specified subnet does not have enough free cidr blocks to satisfy the request."}
{"level":"debug","ts":"2026-10-05T08:42:53.775Z","caller":"ipamd/ipamd.go:1262","msg":"containsInsufficientCIDRsOrSubnetIPs encountered operation error EC2: AssignPrivateIpAddresses, https response error StatusCode: 400, RequestID: 7bb4438a-e8c7-4dd4-8f78-0b303ef158e3, api error InsufficientCidrBlocks: The specified subnet does not have enough free cidr blocks to satisfy the request."}
{"level":"debug","ts":"2026-10-05T08:42:53.775Z","caller":"ipamd/ipamd.go:1262","msg":"Insufficient IP Addresses due to: InsufficientCidrBlocks\n"}
{"level":"debug","ts":"2026-10-05T08:42:53.775Z","caller":"ipamd/ipamd.go:1003","msg":"hasRoomForEni: networkCard=0, currentENIs=1, currentUsableENIs=1, maxENI=3, unmanagedENI=0, trunkEni=0, excludedENI=0, hasRoom=true"}
{"level":"debug","ts":"2026-10-05T08:42:53.775Z","caller":"ipamd/ipamd.go:2758","msg":"Prefix target is 1, short of 1 prefixes, free 0 prefixes"}
{"level":"debug","ts":"2026-10-05T08:42:53.775Z","caller":"ipamd/ipamd.go:2595","msg":"ToAllocate: 1, Network Card 0"}
{"level":"info","ts":"2026-10-05T08:42:53.775Z","caller":"awsutils/awsutils.go:1044","msg":"Trying to allocate 1 IP addresses on new ENI"}
{"level":"debug","ts":"2026-10-05T08:42:53.775Z","caller":"awsutils/awsutils.go:1044","msg":"PD enabled - true"}
{"level":"debug","ts":"2026-10-05T08:42:53.846Z","caller":"awsutils/awsutils.go:1272","msg":"Primary subnet subnet-EXAMPLE1 has no kubernetes.io/role/cni tag, including it for ENI creation (backwards compatibility)"}
{"level":"info","ts":"2026-10-05T08:42:53.846Z","caller":"awsutils/awsutils.go:1044","msg":"Creating ENI with security groups: [sg-EXAMPLE1] in subnet: subnet-EXAMPLE1"}
{"level":"debug","ts":"2026-10-05T08:42:54.062Z","caller":"awsutils/awsutils.go:1449","msg":"checkAPIErrorAndBroadcastEvent resulted in operation error EC2: CreateNetworkInterface, https response error StatusCode: 400, RequestID: bbfadfbf-4c46-4077-a2fb-9096ba58d720, api error InvalidParameterValue: There aren't sufficient free Ipv4 addresses or prefixes"}
{"level":"error","ts":"2026-10-05T08:42:54.062Z","caller":"awsutils/awsutils.go:1285","msg":"Failed to CreateNetworkInterface operation error EC2: CreateNetworkInterface, https response error StatusCode: 400, RequestID: bbfadfbf-4c46-4077-a2fb-9096ba58d720, api error InvalidParameterValue: There aren't sufficient free Ipv4 addresses or prefixes for subnet subnet-EXAMPLE1"}
{"level":"debug","ts":"2026-10-05T08:42:54.062Z","caller":"awsutils/awsutils.go:1272","msg":"Subnet subnet-EXAMPLE2 has no kubernetes.io/role/cni tag, excluding it from ENI creation"}
{"level":"error","ts":"2026-10-05T08:42:54.062Z","caller":"ipamd/ipamd.go:1004","msg":"Failed to increase pool size due to not able to allocate ENI AllocENI: failed to create ENI: failed to create network interface: operation error EC2: CreateNetworkInterface, https response error StatusCode: 400, RequestID: bbfadfbf-4c46-4077-a2fb-9096ba58d720, api error InvalidParameterValue: There aren't sufficient free Ipv4 addresses or prefixes"}
{"level":"warn","ts":"2026-10-05T08:42:54.062Z","caller":"ipamd/ipamd.go:1004","msg":"Failed to allocate 1 IP addresses on an ENI: AllocENI: failed to create ENI: failed to create network interface: operation error EC2: CreateNetworkInterface, https response error StatusCode: 400, RequestID: bbfadfbf-4c46-4077-a2fb-9096ba58d720, api error InvalidParameterValue: There aren't sufficient free Ipv4 addresses or prefixes"}
{"level":"debug","ts":"2026-10-05T08:42:54.062Z","caller":"ipamd/ipamd.go:1082","msg":"containsInsufficientCIDRsOrSubnetIPs encountered AllocENI: failed to create ENI: failed to create network interface: operation error EC2: CreateNetworkInterface, https response error StatusCode: 400, RequestID: bbfadfbf-4c46-4077-a2fb-9096ba58d720, api error InvalidParameterValue: There aren't sufficient free Ipv4 addresses or prefixes"}
{"level":"debug","ts":"2026-10-05T08:42:54.062Z","caller":"ipamd/ipamd.go:1082","msg":"Insufficient IP Addresses due to: InvalidParameterValue\n"}
{"level":"debug","ts":"2026-10-05T08:42:54.062Z","caller":"ipamd/ipamd.go:813","msg":"Error trying to allocate ENI: AllocENI: failed to create ENI: failed to create network interface: operation error EC2: CreateNetworkInterface, https response error StatusCode: 400, RequestID: bbfadfbf-4c46-4077-a2fb-9096ba58d720, api error InvalidParameterValue: There aren't sufficient free Ipv4 addresses or prefixes"}
{"level":"debug","ts":"2026-10-05T08:42:54.062Z","caller":"ipamd/ipamd.go:1548","msg":"ENI eni-EXAMPLE21 cannot be deleted because it is primary"}
{"level":"info","ts":"2026-10-05T08:42:55.702Z","caller":"rpc/rpc_grpc.pb.go:117","msg":"Received AddNetwork for NS /var/run/netns/cni-aaabbdf6-4076-96a8-8c92-8ccf85ca3a90, Sandbox 1bb3c869b8f656b861f168ff9a5d32047ef968e26ecd94a3549c4917a0e5eb87, ifname eth0"}
{"level":"debug","ts":"2026-10-05T08:42:55.703Z","caller":"rpc/rpc_grpc.pb.go:117","msg":"AddNetworkRequest: K8S_POD_NAME:\"pause-68d5b89fc-kwqf6\"  K8S_POD_NAMESPACE:\"default\"  K8S_POD_INFRA_CONTAINER_ID:\"1bb3c869b8f656b861f168ff9a5d32047ef968e26ecd94a3549c4917a0e5eb87\"  ContainerID:\"1bb3c869b8f656b861f168ff9a5d32047ef968e26ecd94a3549c4917a0e5eb87\"  IfName:\"eth0\"  NetworkName:\"aws-cni\"  Netns:\"/var/run/netns/cni-aaabbdf6-4076-96a8-8c92-8ccf85ca3a90\""}
{"level":"info","ts":"2026-10-05T08:42:55.703Z","caller":"rpc/rpc_grpc.pb.go:117","msg":"Required MultiNIC access false, interfaces required 1"}
{"level":"debug","ts":"2026-10-05T08:42:55.703Z","caller":"datastore/data_store.go:713","msg":"AssignPodIPv4Address: IP address pool stats: total 0, assigned 0"}
{"level":"debug","ts":"2026-10-05T08:42:55.703Z","caller":"datastore/data_store.go:713","msg":"AssignPodIPv4Address: ENI eni-EXAMPLE21 does not have available addresses"}
{"level":"error","ts":"2026-10-05T08:42:55.703Z","caller":"datastore/data_store.go:713","msg":"DataStore has no available IP/Prefix addresses"}
{"level":"warn","ts":"2026-10-05T08:42:55.703Z","caller":"rpc/rpc_grpc.pb.go:117","msg":"Failed to assign IPs from network card 0: AssignPodIPAddress: no available IP/Prefix addresses"}
{"level":"error","ts":"2026-10-05T08:42:55.703Z","caller":"rpc/rpc_grpc.pb.go:117","msg":"Returning failure response for AddNetwork: 1 error occurred:\n\t* AssignPodIPAddress: no available IP/Prefix addresses\n\n"}
{"level":"info","ts":"2026-10-05T08:42:55.703Z","caller":"rpc/rpc_grpc.pb.go:117","msg":"Send AddNetworkReply: Success: false IPAddr: [], resp: , err: AssignPodIPAddress: no available IP/Prefix addresses"}
{"level":"info","ts":"2026-10-05T08:42:55.710Z","caller":"rpc/rpc_grpc.pb.go:117","msg":"Received AddNetwork for NS /var/run/netns/cni-5f541217-1ff5-1139-19f9-8d1e6daa5ace, Sandbox 03e393c5ee277dc447eab20ad6df184cdda6167dd9461d78668935fa5efd7e55, ifname eth0"}
{"level":"debug","ts":"2026-10-05T08:42:55.710Z","caller":"rpc/rpc_grpc.pb.go:117","msg":"AddNetworkRequest: K8S_POD_NAME:\"coredns-79f8dffc57-fwslz\"  K8S_POD_NAMESPACE:\"kube-system\"  K8S_POD_INFRA_CONTAINER_ID:\"03e393c5ee277dc447eab20ad6df184cdda6167dd9461d78668935fa5efd7e55\"  ContainerID:\"03e393c5ee277dc447eab20ad6df184cdda6167dd9461d78668935fa5efd7e55\"  IfName:\"eth0\"  NetworkName:\"aws-cni\"  Netns:\"/var/run/netns/cni-5f541217-1ff5-1139-19f9-8d1e6daa5ace\""}
{"level":"info","ts":"2026-10-05T08:42:55.710Z","caller":"rpc/rpc_grpc.pb.go:117","msg":"Required MultiNIC access false, interfaces required 1"}
{"level":"debug","ts":"2026-10-05T08:42:55.710Z","caller":"datastore/data_store.go:713","msg":"AssignPodIPv4Address: IP address pool stats: total 0, assigned 0"}
{"level":"debug","ts":"2026-10-05T08:42:55.710Z","caller":"datastore/data_store.go:713","msg":"AssignPodIPv4Address: ENI eni-EXAMPLE21 does not have available addresses"}
{"level":"error","ts":"2026-10-05T08:42:55.710Z","caller":"datastore/data_store.go:713","msg":"DataStore has no available IP/Prefix addresses"}
{"level":"warn","ts":"2026-10-05T08:42:55.710Z","caller":"rpc/rpc_grpc.pb.go:117","msg":"Failed to assign IPs from network card 0: AssignPodIPAddress: no available IP/Prefix addresses"}
{"level":"error","ts":"2026-10-05T08:42:55.710Z","caller":"rpc/rpc_grpc.pb.go:117","msg":"Returning failure response for AddNetwork: 1 error occurred:\n\t* AssignPodIPAddress: no available IP/Prefix addresses\n\n"}
{"level":"info","ts":"2026-10-05T08:42:55.710Z","caller":"rpc/rpc_grpc.pb.go:117","msg":"Send AddNetworkReply: Success: false IPAddr: [], resp: , err: AssignPodIPAddress: no available IP/Prefix addresses"}
{"level":"info","ts":"2026-10-05T08:42:55.744Z","caller":"rpc/rpc_grpc.pb.go:135","msg":"Received DelNetwork for Sandbox 03e393c5ee277dc447eab20ad6df184cdda6167dd9461d78668935fa5efd7e55"}
{"level":"debug","ts":"2026-10-05T08:42:55.744Z","caller":"rpc/rpc_grpc.pb.go:135","msg":"DelNetworkRequest: K8S_POD_NAME:\"coredns-79f8dffc57-fwslz\"  K8S_POD_NAMESPACE:\"kube-system\"  K8S_POD_INFRA_CONTAINER_ID:\"03e393c5ee277dc447eab20ad6df184cdda6167dd9461d78668935fa5efd7e55\"  Reason:\"PodDeleted\"  ContainerID:\"03e393c5ee277dc447eab20ad6df184cdda6167dd9461d78668935fa5efd7e55\"  IfName:\"eth0\"  NetworkName:\"aws-cni\"  K8S_POD_UID:\"ad241f1d-d89e-4886-8d30-e22384a0b925\""}
{"level":"debug","ts":"2026-10-05T08:42:55.744Z","caller":"ipamd/rpc_handler.go:353","msg":"UnassignPodIPAddress: IP address pool stats: total 0, assigned 0, sandbox aws-cni/03e393c5ee277dc447eab20ad6df184cdda6167dd9461d78668935fa5efd7e55/eth0"}
{"level":"debug","ts":"2026-10-05T08:42:55.744Z","caller":"ipamd/rpc_handler.go:353","msg":"UnassignPodIPAddress: Failed to find IPAM entry under full key, trying CRI-migrated version"}
{"level":"warn","ts":"2026-10-05T08:42:55.744Z","caller":"ipamd/rpc_handler.go:353","msg":"UnassignPodIPAddress: Failed to find sandbox _migrated-from-cri/03e393c5ee277dc447eab20ad6df184cdda6167dd9461d78668935fa5efd7e55/unknown"}
{"level":"info","ts":"2026-10-05T08:42:55.744Z","caller":"rpc/rpc_grpc.pb.go:135","msg":"Send DelNetworkReply: IPAddress: [], err: 1 error occurred:\n\t* datastore: unknown pod\n\n"}
{"level":"info","ts":"2026-10-05T08:42:55.744Z","caller":"rpc/rpc_grpc.pb.go:135","msg":"Received DelNetwork for Sandbox 1bb3c869b8f656b861f168ff9a5d32047ef968e26ecd94a3549c4917a0e5eb87"}
{"level":"debug","ts":"2026-10-05T08:42:55.744Z","caller":"rpc/rpc_grpc.pb.go:135","msg":"DelNetworkRequest: K8S_POD_NAME:\"pause-68d5b89fc-kwqf6\"  K8S_POD_NAMESPACE:\"default\"  K8S_POD_INFRA_CONTAINER_ID:\"1bb3c869b8f656b861f168ff9a5d32047ef968e26ecd94a3549c4917a0e5eb87\"  Reason:\"PodDeleted\"  ContainerID:\"1bb3c869b8f656b861f168ff9a5d32047ef968e26ecd94a3549c4917a0e5eb87\"  IfName:\"eth0\"  NetworkName:\"aws-cni\"  K8S_POD_UID:\"f1c84b49-6e57-471b-b275-0a0535a8e3e2\""}
{"level":"debug","ts":"2026-10-05T08:42:55.744Z","caller":"ipamd/rpc_handler.go:353","msg":"UnassignPodIPAddress: IP address pool stats: total 0, assigned 0, sandbox aws-cni/1bb3c869b8f656b861f168ff9a5d32047ef968e26ecd94a3549c4917a0e5eb87/eth0"}
{"level":"debug","ts":"2026-10-05T08:42:55.744Z","caller":"ipamd/rpc_handler.go:353","msg":"UnassignPodIPAddress: Failed to find IPAM entry under full key, trying CRI-migrated version"}
{"level":"warn","ts":"2026-10-05T08:42:55.744Z","caller":"ipamd/rpc_handler.go:353","msg":"UnassignPodIPAddress: Failed to find sandbox _migrated-from-cri/1bb3c869b8f656b861f168ff9a5d32047ef968e26ecd94a3549c4917a0e5eb87/unknown"}
{"level":"info","ts":"2026-10-05T08:42:55.744Z","caller":"rpc/rpc_grpc.pb.go:135","msg":"Send DelNetworkReply: IPAddress: [], err: 1 error occurred:\n\t* datastore: unknown pod\n\n"}
{"level":"debug","ts":"2026-10-05T08:42:56.563Z","caller":"ipamd/ipamd.go:798","msg":"Reconciling ENI/IP pool info because time since last 1m3.24632177s > 1m0s"}
{"level":"debug","ts":"2026-10-05T08:42:56.566Z","caller":"ipamd/ipamd.go:1621","msg":"Total number of interfaces found: 1 "}
{"level":"debug","ts":"2026-10-05T08:42:56.566Z","caller":"awsutils/awsutils.go:787","msg":"Found ENI MAC address: 0a:ff:c7:36:15:eb"}
{"level":"debug","ts":"2026-10-05T08:42:56.578Z","caller":"awsutils/awsutils.go:787","msg":"Found ENI: eni-EXAMPLE21, MAC 0a:ff:c7:36:15:eb, device 0"}
{"level":"debug","ts":"2026-10-05T08:42:56.585Z","caller":"awsutils/awsutils.go:787","msg":"Found IPv4 addresses associated with interface. This is not efa-only interface"}
{"level":"debug","ts":"2026-10-05T08:42:56.595Z","caller":"ipamd/ipamd.go:798","msg":"Reconcile existing ENI eni-EXAMPLE21 IP pool"}
{"level":"info","ts":"2026-10-05T08:42:56.595Z","caller":"ipamd/ipamd.go:1766","msg":"Reconcile and skip primary IP 10.20.0.45 on ENI eni-EXAMPLE21"}
{"level":"debug","ts":"2026-10-05T08:42:56.595Z","caller":"ipamd/ipamd.go:798","msg":"Reconcile existing ENI eni-EXAMPLE21 IP prefixes"}
{"level":"debug","ts":"2026-10-05T08:42:56.595Z","caller":"ipamd/ipamd.go:1693","msg":"Found prefix pool count 0 for eni eni-EXAMPLE21\n"}
{"level":"debug","ts":"2026-10-05T08:42:56.595Z","caller":"ipamd/ipamd.go:798","msg":"Successfully Reconciled ENI/IP pool"}
{"level":"debug","ts":"2026-10-05T08:42:56.595Z","caller":"ipamd/ipamd.go:1738","msg":"Prefix pool stats for network card 0: Total IPs/Prefixes = 0/0, AssignedIPs/CooldownIPs: 0/0, c.maxIPsPerENI = 80"}
{"level":"debug","ts":"2026-10-05T08:42:56.595Z","caller":"ipamd/ipamd.go:798","msg":"Primary IP for ENI eni-EXAMPLE21 is 10.20.0.45"}
{"level":"debug","ts":"2026-10-05T08:42:59.096Z","caller":"ipamd/ipamd.go:809","msg":"IP pool is too low for Network Card 0: available (0) < ENI target (1) * addrsPerENI (16)"}
{"level":"debug","ts":"2026-10-05T08:42:59.097Z","caller":"ipamd/ipamd.go:2689","msg":"Prefix pool stats for network card 0: Total IPs/Prefixes = 0/0, AssignedIPs/CooldownIPs: 0/0, c.maxIPsPerENI = 80"}
{"level":"debug","ts":"2026-10-05T08:42:59.097Z","caller":"ipamd/ipamd.go:795","msg":"IP stats for Network Card 0 - total IPs: 0, assigned IPs: 0, cooldown IPs: 0"}
{"level":"debug","ts":"2026-10-05T08:42:59.097Z","caller":"ipamd/ipamd.go:813","msg":"Starting to increase pool size for network card 0"}
{"level":"debug","ts":"2026-10-05T08:42:59.097Z","caller":"ipamd/ipamd.go:966","msg":"Node found \"ip-10-20-0-45.ec2.internal\" - no of taints - 0"}
{"level":"debug","ts":"2026-10-05T08:42:59.097Z","caller":"ipamd/ipamd.go:2758","msg":"Prefix target is 1, short of 1 prefixes, free 0 prefixes"}
{"level":"debug","ts":"2026-10-05T08:42:59.097Z","caller":"ipamd/ipamd.go:1248","msg":"ToAllocate: 1, Network Card 0"}
{"level":"debug","ts":"2026-10-05T08:42:59.097Z","caller":"ipamd/ipamd.go:1251","msg":"Found ENI eni-EXAMPLE21 that has less than the maximum number of IP/Prefixes addresses allocated: cur=0, max=5"}
{"level":"info","ts":"2026-10-05T08:42:59.097Z","caller":"ipamd/ipamd.go:1255","msg":"Trying to allocate 1 IP addresses on ENI eni-EXAMPLE21"}
{"level":"debug","ts":"2026-10-05T08:42:59.097Z","caller":"ipamd/ipamd.go:1255","msg":"PD enabled - true"}
{"level":"debug","ts":"2026-10-05T08:42:59.529Z","caller":"awsutils/awsutils.go:2174","msg":"checkAPIErrorAndBroadcastEvent resulted in operation error EC2: AssignPrivateIpAddresses, https response error StatusCode: 400, RequestID: cd15ecf8-7df5-4cc4-b8b2-3fcac02fdf20, api error InsufficientCidrBlocks: The specified subnet does not have enough free cidr blocks to satisfy the request."}
{"level":"error","ts":"2026-10-05T08:42:59.529Z","caller":"ipamd/ipamd.go:1255","msg":"Failed to allocate a private IP/Prefix addresses on ENI eni-EXAMPLE21: operation error EC2: AssignPrivateIpAddresses, https response error StatusCode: 400, RequestID: cd15ecf8-7df5-4cc4-b8b2-3fcac02fdf20, api error InsufficientCidrBlocks: The specified subnet does not have enough free cidr blocks to satisfy the request."}
{"level":"debug","ts":"2026-10-05T08:42:59.529Z","caller":"ipamd/ipamd.go:1256","msg":"containsPrivateIPAddressLimitExceededError encountered operation error EC2: AssignPrivateIpAddresses, https response error StatusCode: 400, RequestID: cd15ecf8-7df5-4cc4-b8b2-3fcac02fdf20, api error InsufficientCidrBlocks: The specified subnet does not have enough free cidr blocks to satisfy the request."}
{"level":"warn","ts":"2026-10-05T08:42:59.529Z","caller":"ipamd/ipamd.go:1113","msg":"failed to allocate all available IPv4 Prefixes on ENI eni-EXAMPLE21, err: operation error EC2: AssignPrivateIpAddresses, https response error StatusCode: 400, RequestID: cd15ecf8-7df5-4cc4-b8b2-3fcac02fdf20, api error InsufficientCidrBlocks: The specified subnet does not have enough free cidr blocks to satisfy the request."}
{"level":"info","ts":"2026-10-05T08:42:59.529Z","caller":"ipamd/ipamd.go:1259","msg":"Trying to allocate 1 IP addresses on ENI eni-EXAMPLE21"}
{"level":"debug","ts":"2026-10-05T08:42:59.529Z","caller":"ipamd/ipamd.go:1259","msg":"PD enabled - true"}
{"level":"debug","ts":"2026-10-05T08:42:59.924Z","caller":"awsutils/awsutils.go:2174","msg":"checkAPIErrorAndBroadcastEvent resulted in operation error EC2: AssignPrivateIpAddresses, https response error StatusCode: 400, RequestID: b63c2e3e-7cbf-42ac-8435-8fb9bb919d09, api error InsufficientCidrBlocks: The specified subnet does not have enough free cidr blocks to satisfy the request."}
{"level":"error","ts":"2026-10-05T08:42:59.924Z","caller":"ipamd/ipamd.go:1259","msg":"Failed to allocate a private IP/Prefix addresses on ENI eni-EXAMPLE21: operation error EC2: AssignPrivateIpAddresses, https response error StatusCode: 400, RequestID: b63c2e3e-7cbf-42ac-8435-8fb9bb919d09, api error InsufficientCidrBlocks: The specified subnet does not have enough free cidr blocks to satisfy the request."}
{"level":"debug","ts":"2026-10-05T08:42:59.924Z","caller":"ipamd/ipamd.go:1260","msg":"containsPrivateIPAddressLimitExceededError encountered operation error EC2: AssignPrivateIpAddresses, https response error StatusCode: 400, RequestID: b63c2e3e-7cbf-42ac-8435-8fb9bb919d09, api error InsufficientCidrBlocks: The specified subnet does not have enough free cidr blocks to satisfy the request."}
{"level":"debug","ts":"2026-10-05T08:42:59.924Z","caller":"ipamd/ipamd.go:1262","msg":"containsInsufficientCIDRsOrSubnetIPs encountered operation error EC2: AssignPrivateIpAddresses, https response error StatusCode: 400, RequestID: b63c2e3e-7cbf-42ac-8435-8fb9bb919d09, api error InsufficientCidrBlocks: The specified subnet does not have enough free cidr blocks to satisfy the request."}
{"level":"debug","ts":"2026-10-05T08:42:59.924Z","caller":"ipamd/ipamd.go:1262","msg":"Insufficient IP Addresses due to: InsufficientCidrBlocks\n"}
{"level":"debug","ts":"2026-10-05T08:42:59.924Z","caller":"ipamd/ipamd.go:1003","msg":"hasRoomForEni: networkCard=0, currentENIs=1, currentUsableENIs=1, maxENI=3, unmanagedENI=0, trunkEni=0, excludedENI=0, hasRoom=true"}
{"level":"debug","ts":"2026-10-05T08:42:59.924Z","caller":"ipamd/ipamd.go:2758","msg":"Prefix target is 1, short of 1 prefixes, free 0 prefixes"}
{"level":"debug","ts":"2026-10-05T08:42:59.924Z","caller":"ipamd/ipamd.go:2595","msg":"ToAllocate: 1, Network Card 0"}
{"level":"info","ts":"2026-10-05T08:42:59.924Z","caller":"awsutils/awsutils.go:1044","msg":"Trying to allocate 1 IP addresses on new ENI"}
{"level":"debug","ts":"2026-10-05T08:42:59.924Z","caller":"awsutils/awsutils.go:1044","msg":"PD enabled - true"}
{"level":"debug","ts":"2026-10-05T08:43:00.110Z","caller":"awsutils/awsutils.go:1272","msg":"Primary subnet subnet-EXAMPLE1 has no kubernetes.io/role/cni tag, including it for ENI creation (backwards compatibility)"}
{"level":"info","ts":"2026-10-05T08:43:00.110Z","caller":"awsutils/awsutils.go:1044","msg":"Creating ENI with security groups: [sg-EXAMPLE1] in subnet: subnet-EXAMPLE1"}
{"level":"debug","ts":"2026-10-05T08:43:00.216Z","caller":"awsutils/awsutils.go:2417","msg":"Checking for leaked AWS CNI ENIs."}
{"level":"debug","ts":"2026-10-05T08:43:00.347Z","caller":"awsutils/awsutils.go:1449","msg":"checkAPIErrorAndBroadcastEvent resulted in operation error EC2: CreateNetworkInterface, https response error StatusCode: 400, RequestID: adde55af-7f41-4c41-9ba2-50399f11abde, api error InvalidParameterValue: There aren't sufficient free Ipv4 addresses or prefixes"}
{"level":"error","ts":"2026-10-05T08:43:00.347Z","caller":"awsutils/awsutils.go:1285","msg":"Failed to CreateNetworkInterface operation error EC2: CreateNetworkInterface, https response error StatusCode: 400, RequestID: adde55af-7f41-4c41-9ba2-50399f11abde, api error InvalidParameterValue: There aren't sufficient free Ipv4 addresses or prefixes for subnet subnet-EXAMPLE1"}
{"level":"debug","ts":"2026-10-05T08:43:00.347Z","caller":"awsutils/awsutils.go:1272","msg":"Subnet subnet-EXAMPLE2 has no kubernetes.io/role/cni tag, excluding it from ENI creation"}
{"level":"error","ts":"2026-10-05T08:43:00.347Z","caller":"ipamd/ipamd.go:1004","msg":"Failed to increase pool size due to not able to allocate ENI AllocENI: failed to create ENI: failed to create network interface: operation error EC2: CreateNetworkInterface, https response error StatusCode: 400, RequestID: adde55af-7f41-4c41-9ba2-50399f11abde, api error InvalidParameterValue: There aren't sufficient free Ipv4 addresses or prefixes"}
{"level":"warn","ts":"2026-10-05T08:43:00.347Z","caller":"ipamd/ipamd.go:1004","msg":"Failed to allocate 1 IP addresses on an ENI: AllocENI: failed to create ENI: failed to create network interface: operation error EC2: CreateNetworkInterface, https response error StatusCode: 400, RequestID: adde55af-7f41-4c41-9ba2-50399f11abde, api error InvalidParameterValue: There aren't sufficient free Ipv4 addresses or prefixes"}
{"level":"debug","ts":"2026-10-05T08:43:00.347Z","caller":"ipamd/ipamd.go:1082","msg":"containsInsufficientCIDRsOrSubnetIPs encountered AllocENI: failed to create ENI: failed to create network interface: operation error EC2: CreateNetworkInterface, https response error StatusCode: 400, RequestID: adde55af-7f41-4c41-9ba2-50399f11abde, api error InvalidParameterValue: There aren't sufficient free Ipv4 addresses or prefixes"}
{"level":"debug","ts":"2026-10-05T08:43:00.347Z","caller":"ipamd/ipamd.go:1082","msg":"Insufficient IP Addresses due to: InvalidParameterValue\n"}
{"level":"debug","ts":"2026-10-05T08:43:00.347Z","caller":"ipamd/ipamd.go:813","msg":"Error trying to allocate ENI: AllocENI: failed to create ENI: failed to create network interface: operation error EC2: CreateNetworkInterface, https response error StatusCode: 400, RequestID: adde55af-7f41-4c41-9ba2-50399f11abde, api error InvalidParameterValue: There aren't sufficient free Ipv4 addresses or prefixes"}
{"level":"debug","ts":"2026-10-05T08:43:00.347Z","caller":"ipamd/ipamd.go:1548","msg":"ENI eni-EXAMPLE21 cannot be deleted because it is primary"}
{"level":"debug","ts":"2026-10-05T08:43:00.365Z","caller":"awsutils/awsutils.go:2426","msg":"No AWS CNI leaked ENIs found."}
{"level":"info","ts":"2026-10-05T08:43:00.708Z","caller":"rpc/rpc_grpc.pb.go:117","msg":"Received AddNetwork for NS /var/run/netns/cni-b8b53cda-b716-c642-e9ba-1d670d4d4e4b, Sandbox ef19d536c6e5f4923a5ac210594448705740f0926f703e07839a731065eaad71, ifname eth0"}
{"level":"debug","ts":"2026-10-05T08:43:00.708Z","caller":"rpc/rpc_grpc.pb.go:117","msg":"AddNetworkRequest: K8S_POD_NAME:\"pause-68d5b89fc-xv2r9\"  K8S_POD_NAMESPACE:\"default\"  K8S_POD_INFRA_CONTAINER_ID:\"ef19d536c6e5f4923a5ac210594448705740f0926f703e07839a731065eaad71\"  ContainerID:\"ef19d536c6e5f4923a5ac210594448705740f0926f703e07839a731065eaad71\"  IfName:\"eth0\"  NetworkName:\"aws-cni\"  Netns:\"/var/run/netns/cni-b8b53cda-b716-c642-e9ba-1d670d4d4e4b\""}
{"level":"info","ts":"2026-10-05T08:43:00.708Z","caller":"rpc/rpc_grpc.pb.go:117","msg":"Required MultiNIC access false, interfaces required 1"}
{"level":"debug","ts":"2026-10-05T08:43:00.708Z","caller":"datastore/data_store.go:713","msg":"AssignPodIPv4Address: IP address pool stats: total 0, assigned 0"}
{"level":"debug","ts":"2026-10-05T08:43:00.708Z","caller":"datastore/data_store.go:713","msg":"AssignPodIPv4Address: ENI eni-EXAMPLE21 does not have available addresses"}
{"level":"error","ts":"2026-10-05T08:43:00.708Z","caller":"datastore/data_store.go:713","msg":"DataStore has no available IP/Prefix addresses"}
{"level":"warn","ts":"2026-10-05T08:43:00.708Z","caller":"rpc/rpc_grpc.pb.go:117","msg":"Failed to assign IPs from network card 0: AssignPodIPAddress: no available IP/Prefix addresses"}
{"level":"error","ts":"2026-10-05T08:43:00.708Z","caller":"rpc/rpc_grpc.pb.go:117","msg":"Returning failure response for AddNetwork: 1 error occurred:\n\t* AssignPodIPAddress: no available IP/Prefix addresses\n\n"}
{"level":"info","ts":"2026-10-05T08:43:00.708Z","caller":"rpc/rpc_grpc.pb.go:117","msg":"Send AddNetworkReply: Success: false IPAddr: [], resp: , err: AssignPodIPAddress: no available IP/Prefix addresses"}
{"level":"info","ts":"2026-10-05T08:43:00.736Z","caller":"rpc/rpc_grpc.pb.go:135","msg":"Received DelNetwork for Sandbox ef19d536c6e5f4923a5ac210594448705740f0926f703e07839a731065eaad71"}
{"level":"debug","ts":"2026-10-05T08:43:00.736Z","caller":"rpc/rpc_grpc.pb.go:135","msg":"DelNetworkRequest: K8S_POD_NAME:\"pause-68d5b89fc-xv2r9\"  K8S_POD_NAMESPACE:\"default\"  K8S_POD_INFRA_CONTAINER_ID:\"ef19d536c6e5f4923a5ac210594448705740f0926f703e07839a731065eaad71\"  Reason:\"PodDeleted\"  ContainerID:\"ef19d536c6e5f4923a5ac210594448705740f0926f703e07839a731065eaad71\"  IfName:\"eth0\"  NetworkName:\"aws-cni\"  K8S_POD_UID:\"cd4aecc7-3371-4cf3-bd27-460a41c60184\""}
{"level":"debug","ts":"2026-10-05T08:43:00.736Z","caller":"ipamd/rpc_handler.go:353","msg":"UnassignPodIPAddress: IP address pool stats: total 0, assigned 0, sandbox aws-cni/ef19d536c6e5f4923a5ac210594448705740f0926f703e07839a731065eaad71/eth0"}
{"level":"debug","ts":"2026-10-05T08:43:00.736Z","caller":"ipamd/rpc_handler.go:353","msg":"UnassignPodIPAddress: Failed to find IPAM entry under full key, trying CRI-migrated version"}
{"level":"warn","ts":"2026-10-05T08:43:00.736Z","caller":"ipamd/rpc_handler.go:353","msg":"UnassignPodIPAddress: Failed to find sandbox _migrated-from-cri/ef19d536c6e5f4923a5ac210594448705740f0926f703e07839a731065eaad71/unknown"}
{"level":"info","ts":"2026-10-05T08:43:00.736Z","caller":"rpc/rpc_grpc.pb.go:135","msg":"Send DelNetworkReply: IPAddress: [], err: 1 error occurred:\n\t* datastore: unknown pod\n\n"}
{"level":"info","ts":"2026-10-05T08:43:02.700Z","caller":"rpc/rpc_grpc.pb.go:117","msg":"Received AddNetwork for NS /var/run/netns/cni-f8930184-bfdf-13bd-cbd3-1369190156c6, Sandbox 723086f1faf57ad200ceff1e527ae6ca4f81ff2015abb55176d9626707975f65, ifname eth0"}
{"level":"debug","ts":"2026-10-05T08:43:02.700Z","caller":"rpc/rpc_grpc.pb.go:117","msg":"AddNetworkRequest: K8S_POD_NAME:\"coredns-79f8dffc57-cv2lj\"  K8S_POD_NAMESPACE:\"kube-system\"  K8S_POD_INFRA_CONTAINER_ID:\"723086f1faf57ad200ceff1e527ae6ca4f81ff2015abb55176d9626707975f65\"  ContainerID:\"723086f1faf57ad200ceff1e527ae6ca4f81ff2015abb55176d9626707975f65\"  IfName:\"eth0\"  NetworkName:\"aws-cni\"  Netns:\"/var/run/netns/cni-f8930184-bfdf-13bd-cbd3-1369190156c6\""}
{"level":"info","ts":"2026-10-05T08:43:02.700Z","caller":"rpc/rpc_grpc.pb.go:117","msg":"Required MultiNIC access false, interfaces required 1"}
{"level":"debug","ts":"2026-10-05T08:43:02.700Z","caller":"datastore/data_store.go:713","msg":"AssignPodIPv4Address: IP address pool stats: total 0, assigned 0"}
{"level":"debug","ts":"2026-10-05T08:43:02.700Z","caller":"datastore/data_store.go:713","msg":"AssignPodIPv4Address: ENI eni-EXAMPLE21 does not have available addresses"}
{"level":"error","ts":"2026-10-05T08:43:02.700Z","caller":"datastore/data_store.go:713","msg":"DataStore has no available IP/Prefix addresses"}
{"level":"warn","ts":"2026-10-05T08:43:02.700Z","caller":"rpc/rpc_grpc.pb.go:117","msg":"Failed to assign IPs from network card 0: AssignPodIPAddress: no available IP/Prefix addresses"}
{"level":"error","ts":"2026-10-05T08:43:02.700Z","caller":"rpc/rpc_grpc.pb.go:117","msg":"Returning failure response for AddNetwork: 1 error occurred:\n\t* AssignPodIPAddress: no available IP/Prefix addresses\n\n"}
{"level":"info","ts":"2026-10-05T08:43:02.700Z","caller":"rpc/rpc_grpc.pb.go:117","msg":"Send AddNetworkReply: Success: false IPAddr: [], resp: , err: AssignPodIPAddress: no available IP/Prefix addresses"}
{"level":"info","ts":"2026-10-05T08:43:02.725Z","caller":"rpc/rpc_grpc.pb.go:135","msg":"Received DelNetwork for Sandbox 723086f1faf57ad200ceff1e527ae6ca4f81ff2015abb55176d9626707975f65"}
{"level":"debug","ts":"2026-10-05T08:43:02.725Z","caller":"rpc/rpc_grpc.pb.go:135","msg":"DelNetworkRequest: K8S_POD_NAME:\"coredns-79f8dffc57-cv2lj\"  K8S_POD_NAMESPACE:\"kube-system\"  K8S_POD_INFRA_CONTAINER_ID:\"723086f1faf57ad200ceff1e527ae6ca4f81ff2015abb55176d9626707975f65\"  Reason:\"PodDeleted\"  ContainerID:\"723086f1faf57ad200ceff1e527ae6ca4f81ff2015abb55176d9626707975f65\"  IfName:\"eth0\"  NetworkName:\"aws-cni\"  K8S_POD_UID:\"080397ba-9aa0-4db1-b449-5fe2b0811692\""}
{"level":"debug","ts":"2026-10-05T08:43:02.725Z","caller":"ipamd/rpc_handler.go:353","msg":"UnassignPodIPAddress: IP address pool stats: total 0, assigned 0, sandbox aws-cni/723086f1faf57ad200ceff1e527ae6ca4f81ff2015abb55176d9626707975f65/eth0"}
{"level":"debug","ts":"2026-10-05T08:43:02.725Z","caller":"ipamd/rpc_handler.go:353","msg":"UnassignPodIPAddress: Failed to find IPAM entry under full key, trying CRI-migrated version"}
{"level":"warn","ts":"2026-10-05T08:43:02.725Z","caller":"ipamd/rpc_handler.go:353","msg":"UnassignPodIPAddress: Failed to find sandbox _migrated-from-cri/723086f1faf57ad200ceff1e527ae6ca4f81ff2015abb55176d9626707975f65/unknown"}
{"level":"info","ts":"2026-10-05T08:43:02.725Z","caller":"rpc/rpc_grpc.pb.go:135","msg":"Send DelNetworkReply: IPAddress: [], err: 1 error occurred:\n\t* datastore: unknown pod\n\n"}
{"level":"debug","ts":"2026-10-05T08:43:05.348Z","caller":"ipamd/ipamd.go:809","msg":"IP pool is too low for Network Card 0: available (0) < ENI target (1) * addrsPerENI (16)"}
{"level":"debug","ts":"2026-10-05T08:43:05.349Z","caller":"ipamd/ipamd.go:2689","msg":"Prefix pool stats for network card 0: Total IPs/Prefixes = 0/0, AssignedIPs/CooldownIPs: 0/0, c.maxIPsPerENI = 80"}
{"level":"debug","ts":"2026-10-05T08:43:05.349Z","caller":"ipamd/ipamd.go:795","msg":"IP stats for Network Card 0 - total IPs: 0, assigned IPs: 0, cooldown IPs: 0"}
{"level":"debug","ts":"2026-10-05T08:43:05.349Z","caller":"ipamd/ipamd.go:813","msg":"Starting to increase pool size for network card 0"}
{"level":"debug","ts":"2026-10-05T08:43:05.349Z","caller":"ipamd/ipamd.go:966","msg":"Node found \"ip-10-20-0-45.ec2.internal\" - no of taints - 0"}
{"level":"debug","ts":"2026-10-05T08:43:05.349Z","caller":"ipamd/ipamd.go:2758","msg":"Prefix target is 1, short of 1 prefixes, free 0 prefixes"}
{"level":"debug","ts":"2026-10-05T08:43:05.349Z","caller":"ipamd/ipamd.go:1248","msg":"ToAllocate: 1, Network Card 0"}
{"level":"debug","ts":"2026-10-05T08:43:05.349Z","caller":"ipamd/ipamd.go:1251","msg":"Found ENI eni-EXAMPLE21 that has less than the maximum number of IP/Prefixes addresses allocated: cur=0, max=5"}
{"level":"info","ts":"2026-10-05T08:43:05.349Z","caller":"ipamd/ipamd.go:1255","msg":"Trying to allocate 1 IP addresses on ENI eni-EXAMPLE21"}
{"level":"debug","ts":"2026-10-05T08:43:05.349Z","caller":"ipamd/ipamd.go:1255","msg":"PD enabled - true"}
{"level":"debug","ts":"2026-10-05T08:43:05.738Z","caller":"awsutils/awsutils.go:2174","msg":"checkAPIErrorAndBroadcastEvent resulted in operation error EC2: AssignPrivateIpAddresses, https response error StatusCode: 400, RequestID: 36f816ae-e70b-4a9f-981d-9580fe05f0bd, api error InsufficientCidrBlocks: The specified subnet does not have enough free cidr blocks to satisfy the request."}
{"level":"error","ts":"2026-10-05T08:43:05.738Z","caller":"ipamd/ipamd.go:1255","msg":"Failed to allocate a private IP/Prefix addresses on ENI eni-EXAMPLE21: operation error EC2: AssignPrivateIpAddresses, https response error StatusCode: 400, RequestID: 36f816ae-e70b-4a9f-981d-9580fe05f0bd, api error InsufficientCidrBlocks: The specified subnet does not have enough free cidr blocks to satisfy the request."}
{"level":"debug","ts":"2026-10-05T08:43:05.738Z","caller":"ipamd/ipamd.go:1256","msg":"containsPrivateIPAddressLimitExceededError encountered operation error EC2: AssignPrivateIpAddresses, https response error StatusCode: 400, RequestID: 36f816ae-e70b-4a9f-981d-9580fe05f0bd, api error InsufficientCidrBlocks: The specified subnet does not have enough free cidr blocks to satisfy the request."}
{"level":"warn","ts":"2026-10-05T08:43:05.738Z","caller":"ipamd/ipamd.go:1113","msg":"failed to allocate all available IPv4 Prefixes on ENI eni-EXAMPLE21, err: operation error EC2: AssignPrivateIpAddresses, https response error StatusCode: 400, RequestID: 36f816ae-e70b-4a9f-981d-9580fe05f0bd, api error InsufficientCidrBlocks: The specified subnet does not have enough free cidr blocks to satisfy the request."}
{"level":"info","ts":"2026-10-05T08:43:05.738Z","caller":"ipamd/ipamd.go:1259","msg":"Trying to allocate 1 IP addresses on ENI eni-EXAMPLE21"}
{"level":"debug","ts":"2026-10-05T08:43:05.738Z","caller":"ipamd/ipamd.go:1259","msg":"PD enabled - true"}
{"level":"debug","ts":"2026-10-05T08:43:06.158Z","caller":"awsutils/awsutils.go:2174","msg":"checkAPIErrorAndBroadcastEvent resulted in operation error EC2: AssignPrivateIpAddresses, https response error StatusCode: 400, RequestID: f0340314-d546-41cd-8701-8c1b8de5c010, api error InsufficientCidrBlocks: The specified subnet does not have enough free cidr blocks to satisfy the request."}
{"level":"error","ts":"2026-10-05T08:43:06.158Z","caller":"ipamd/ipamd.go:1259","msg":"Failed to allocate a private IP/Prefix addresses on ENI eni-EXAMPLE21: operation error EC2: AssignPrivateIpAddresses, https response error StatusCode: 400, RequestID: f0340314-d546-41cd-8701-8c1b8de5c010, api error InsufficientCidrBlocks: The specified subnet does not have enough free cidr blocks to satisfy the request."}
{"level":"debug","ts":"2026-10-05T08:43:06.158Z","caller":"ipamd/ipamd.go:1260","msg":"containsPrivateIPAddressLimitExceededError encountered operation error EC2: AssignPrivateIpAddresses, https response error StatusCode: 400, RequestID: f0340314-d546-41cd-8701-8c1b8de5c010, api error InsufficientCidrBlocks: The specified subnet does not have enough free cidr blocks to satisfy the request."}
{"level":"debug","ts":"2026-10-05T08:43:06.158Z","caller":"ipamd/ipamd.go:1262","msg":"containsInsufficientCIDRsOrSubnetIPs encountered operation error EC2: AssignPrivateIpAddresses, https response error StatusCode: 400, RequestID: f0340314-d546-41cd-8701-8c1b8de5c010, api error InsufficientCidrBlocks: The specified subnet does not have enough free cidr blocks to satisfy the request."}
{"level":"debug","ts":"2026-10-05T08:43:06.158Z","caller":"ipamd/ipamd.go:1262","msg":"Insufficient IP Addresses due to: InsufficientCidrBlocks\n"}
{"level":"debug","ts":"2026-10-05T08:43:06.158Z","caller":"ipamd/ipamd.go:1003","msg":"hasRoomForEni: networkCard=0, currentENIs=1, currentUsableENIs=1, maxENI=3, unmanagedENI=0, trunkEni=0, excludedENI=0, hasRoom=true"}
{"level":"debug","ts":"2026-10-05T08:43:06.158Z","caller":"ipamd/ipamd.go:2758","msg":"Prefix target is 1, short of 1 prefixes, free 0 prefixes"}
{"level":"debug","ts":"2026-10-05T08:43:06.158Z","caller":"ipamd/ipamd.go:2595","msg":"ToAllocate: 1, Network Card 0"}
{"level":"info","ts":"2026-10-05T08:43:06.158Z","caller":"awsutils/awsutils.go:1044","msg":"Trying to allocate 1 IP addresses on new ENI"}
{"level":"debug","ts":"2026-10-05T08:43:06.158Z","caller":"awsutils/awsutils.go:1044","msg":"PD enabled - true"}
{"level":"debug","ts":"2026-10-05T08:43:06.369Z","caller":"awsutils/awsutils.go:1272","msg":"Primary subnet subnet-EXAMPLE1 has no kubernetes.io/role/cni tag, including it for ENI creation (backwards compatibility)"}
{"level":"info","ts":"2026-10-05T08:43:06.369Z","caller":"awsutils/awsutils.go:1044","msg":"Creating ENI with security groups: [sg-EXAMPLE1] in subnet: subnet-EXAMPLE1"}
{"level":"debug","ts":"2026-10-05T08:43:06.584Z","caller":"awsutils/awsutils.go:1449","msg":"checkAPIErrorAndBroadcastEvent resulted in operation error EC2: CreateNetworkInterface, https response error StatusCode: 400, RequestID: 3b0e5734-94dd-48ca-8f5b-6d75f9c9aa75, api error InvalidParameterValue: There aren't sufficient free Ipv4 addresses or prefixes"}
{"level":"error","ts":"2026-10-05T08:43:06.584Z","caller":"awsutils/awsutils.go:1285","msg":"Failed to CreateNetworkInterface operation error EC2: CreateNetworkInterface, https response error StatusCode: 400, RequestID: 3b0e5734-94dd-48ca-8f5b-6d75f9c9aa75, api error InvalidParameterValue: There aren't sufficient free Ipv4 addresses or prefixes for subnet subnet-EXAMPLE1"}
{"level":"debug","ts":"2026-10-05T08:43:06.584Z","caller":"awsutils/awsutils.go:1272","msg":"Subnet subnet-EXAMPLE2 has no kubernetes.io/role/cni tag, excluding it from ENI creation"}
{"level":"error","ts":"2026-10-05T08:43:06.584Z","caller":"ipamd/ipamd.go:1004","msg":"Failed to increase pool size due to not able to allocate ENI AllocENI: failed to create ENI: failed to create network interface: operation error EC2: CreateNetworkInterface, https response error StatusCode: 400, RequestID: 3b0e5734-94dd-48ca-8f5b-6d75f9c9aa75, api error InvalidParameterValue: There aren't sufficient free Ipv4 addresses or prefixes"}
{"level":"warn","ts":"2026-10-05T08:43:06.584Z","caller":"ipamd/ipamd.go:1004","msg":"Failed to allocate 1 IP addresses on an ENI: AllocENI: failed to create ENI: failed to create network interface: operation error EC2: CreateNetworkInterface, https response error StatusCode: 400, RequestID: 3b0e5734-94dd-48ca-8f5b-6d75f9c9aa75, api error InvalidParameterValue: There aren't sufficient free Ipv4 addresses or prefixes"}
{"level":"debug","ts":"2026-10-05T08:43:06.584Z","caller":"ipamd/ipamd.go:1082","msg":"containsInsufficientCIDRsOrSubnetIPs encountered AllocENI: failed to create ENI: failed to create network interface: operation error EC2: CreateNetworkInterface, https response error StatusCode: 400, RequestID: 3b0e5734-94dd-48ca-8f5b-6d75f9c9aa75, api error InvalidParameterValue: There aren't sufficient free Ipv4 addresses or prefixes"}
{"level":"debug","ts":"2026-10-05T08:43:06.584Z","caller":"ipamd/ipamd.go:1082","msg":"Insufficient IP Addresses due to: InvalidParameterValue\n"}
{"level":"debug","ts":"2026-10-05T08:43:06.584Z","caller":"ipamd/ipamd.go:813","msg":"Error trying to allocate ENI: AllocENI: failed to create ENI: failed to create network interface: operation error EC2: CreateNetworkInterface, https response error StatusCode: 400, RequestID: 3b0e5734-94dd-48ca-8f5b-6d75f9c9aa75, api error InvalidParameterValue: There aren't sufficient free Ipv4 addresses or prefixes"}
{"level":"debug","ts":"2026-10-05T08:43:06.584Z","caller":"ipamd/ipamd.go:1548","msg":"ENI eni-EXAMPLE21 cannot be deleted because it is primary"}
{"level":"info","ts":"2026-10-05T08:43:06.697Z","caller":"rpc/rpc_grpc.pb.go:117","msg":"Received AddNetwork for NS /var/run/netns/cni-26b814b8-f8d5-48d4-55da-90951d81913b, Sandbox ba245dc22a070dcdd367d53b59a8b7e0c3679cedb63257e9e5ee4780572a4263, ifname eth0"}
{"level":"debug","ts":"2026-10-05T08:43:06.697Z","caller":"rpc/rpc_grpc.pb.go:117","msg":"AddNetworkRequest: K8S_POD_NAME:\"pause-68d5b89fc-kwqf6\"  K8S_POD_NAMESPACE:\"default\"  K8S_POD_INFRA_CONTAINER_ID:\"ba245dc22a070dcdd367d53b59a8b7e0c3679cedb63257e9e5ee4780572a4263\"  ContainerID:\"ba245dc22a070dcdd367d53b59a8b7e0c3679cedb63257e9e5ee4780572a4263\"  IfName:\"eth0\"  NetworkName:\"aws-cni\"  Netns:\"/var/run/netns/cni-26b814b8-f8d5-48d4-55da-90951d81913b\""}
{"level":"info","ts":"2026-10-05T08:43:06.697Z","caller":"rpc/rpc_grpc.pb.go:117","msg":"Required MultiNIC access false, interfaces required 1"}
{"level":"debug","ts":"2026-10-05T08:43:06.697Z","caller":"datastore/data_store.go:713","msg":"AssignPodIPv4Address: IP address pool stats: total 0, assigned 0"}
{"level":"debug","ts":"2026-10-05T08:43:06.697Z","caller":"datastore/data_store.go:713","msg":"AssignPodIPv4Address: ENI eni-EXAMPLE21 does not have available addresses"}
{"level":"error","ts":"2026-10-05T08:43:06.697Z","caller":"datastore/data_store.go:713","msg":"DataStore has no available IP/Prefix addresses"}
{"level":"warn","ts":"2026-10-05T08:43:06.697Z","caller":"rpc/rpc_grpc.pb.go:117","msg":"Failed to assign IPs from network card 0: AssignPodIPAddress: no available IP/Prefix addresses"}
{"level":"error","ts":"2026-10-05T08:43:06.697Z","caller":"rpc/rpc_grpc.pb.go:117","msg":"Returning failure response for AddNetwork: 1 error occurred:\n\t* AssignPodIPAddress: no available IP/Prefix addresses\n\n"}
{"level":"info","ts":"2026-10-05T08:43:06.697Z","caller":"rpc/rpc_grpc.pb.go:117","msg":"Send AddNetworkReply: Success: false IPAddr: [], resp: , err: AssignPodIPAddress: no available IP/Prefix addresses"}
{"level":"info","ts":"2026-10-05T08:43:06.721Z","caller":"rpc/rpc_grpc.pb.go:135","msg":"Received DelNetwork for Sandbox ba245dc22a070dcdd367d53b59a8b7e0c3679cedb63257e9e5ee4780572a4263"}
{"level":"debug","ts":"2026-10-05T08:43:06.721Z","caller":"rpc/rpc_grpc.pb.go:135","msg":"DelNetworkRequest: K8S_POD_NAME:\"pause-68d5b89fc-kwqf6\"  K8S_POD_NAMESPACE:\"default\"  K8S_POD_INFRA_CONTAINER_ID:\"ba245dc22a070dcdd367d53b59a8b7e0c3679cedb63257e9e5ee4780572a4263\"  Reason:\"PodDeleted\"  ContainerID:\"ba245dc22a070dcdd367d53b59a8b7e0c3679cedb63257e9e5ee4780572a4263\"  IfName:\"eth0\"  NetworkName:\"aws-cni\"  K8S_POD_UID:\"f1c84b49-6e57-471b-b275-0a0535a8e3e2\""}
{"level":"debug","ts":"2026-10-05T08:43:06.722Z","caller":"ipamd/rpc_handler.go:353","msg":"UnassignPodIPAddress: IP address pool stats: total 0, assigned 0, sandbox aws-cni/ba245dc22a070dcdd367d53b59a8b7e0c3679cedb63257e9e5ee4780572a4263/eth0"}
{"level":"debug","ts":"2026-10-05T08:43:06.722Z","caller":"ipamd/rpc_handler.go:353","msg":"UnassignPodIPAddress: Failed to find IPAM entry under full key, trying CRI-migrated version"}
{"level":"warn","ts":"2026-10-05T08:43:06.722Z","caller":"ipamd/rpc_handler.go:353","msg":"UnassignPodIPAddress: Failed to find sandbox _migrated-from-cri/ba245dc22a070dcdd367d53b59a8b7e0c3679cedb63257e9e5ee4780572a4263/unknown"}
{"level":"info","ts":"2026-10-05T08:43:06.722Z","caller":"rpc/rpc_grpc.pb.go:135","msg":"Send DelNetworkReply: IPAddress: [], err: 1 error occurred:\n\t* datastore: unknown pod\n\n"}
{"level":"info","ts":"2026-10-05T08:43:07.699Z","caller":"rpc/rpc_grpc.pb.go:117","msg":"Received AddNetwork for NS /var/run/netns/cni-15c01ce5-8bb6-f947-f22d-0d6bf1a13e4b, Sandbox 88f7eff7cec6eaab6f9be1c4657524a5f92940654b93f49fa4286f7ed61900dc, ifname eth0"}
{"level":"debug","ts":"2026-10-05T08:43:07.699Z","caller":"rpc/rpc_grpc.pb.go:117","msg":"AddNetworkRequest: K8S_POD_NAME:\"coredns-79f8dffc57-fwslz\"  K8S_POD_NAMESPACE:\"kube-system\"  K8S_POD_INFRA_CONTAINER_ID:\"88f7eff7cec6eaab6f9be1c4657524a5f92940654b93f49fa4286f7ed61900dc\"  ContainerID:\"88f7eff7cec6eaab6f9be1c4657524a5f92940654b93f49fa4286f7ed61900dc\"  IfName:\"eth0\"  NetworkName:\"aws-cni\"  Netns:\"/var/run/netns/cni-15c01ce5-8bb6-f947-f22d-0d6bf1a13e4b\""}
{"level":"info","ts":"2026-10-05T08:43:07.699Z","caller":"rpc/rpc_grpc.pb.go:117","msg":"Required MultiNIC access false, interfaces required 1"}
{"level":"debug","ts":"2026-10-05T08:43:07.699Z","caller":"datastore/data_store.go:713","msg":"AssignPodIPv4Address: IP address pool stats: total 0, assigned 0"}
{"level":"debug","ts":"2026-10-05T08:43:07.699Z","caller":"datastore/data_store.go:713","msg":"AssignPodIPv4Address: ENI eni-EXAMPLE21 does not have available addresses"}
{"level":"error","ts":"2026-10-05T08:43:07.699Z","caller":"datastore/data_store.go:713","msg":"DataStore has no available IP/Prefix addresses"}
{"level":"warn","ts":"2026-10-05T08:43:07.699Z","caller":"rpc/rpc_grpc.pb.go:117","msg":"Failed to assign IPs from network card 0: AssignPodIPAddress: no available IP/Prefix addresses"}
{"level":"error","ts":"2026-10-05T08:43:07.699Z","caller":"rpc/rpc_grpc.pb.go:117","msg":"Returning failure response for AddNetwork: 1 error occurred:\n\t* AssignPodIPAddress: no available IP/Prefix addresses\n\n"}
{"level":"info","ts":"2026-10-05T08:43:07.699Z","caller":"rpc/rpc_grpc.pb.go:117","msg":"Send AddNetworkReply: Success: false IPAddr: [], resp: , err: AssignPodIPAddress: no available IP/Prefix addresses"}
{"level":"info","ts":"2026-10-05T08:43:07.729Z","caller":"rpc/rpc_grpc.pb.go:135","msg":"Received DelNetwork for Sandbox 88f7eff7cec6eaab6f9be1c4657524a5f92940654b93f49fa4286f7ed61900dc"}
{"level":"debug","ts":"2026-10-05T08:43:07.729Z","caller":"rpc/rpc_grpc.pb.go:135","msg":"DelNetworkRequest: K8S_POD_NAME:\"coredns-79f8dffc57-fwslz\"  K8S_POD_NAMESPACE:\"kube-system\"  K8S_POD_INFRA_CONTAINER_ID:\"88f7eff7cec6eaab6f9be1c4657524a5f92940654b93f49fa4286f7ed61900dc\"  Reason:\"PodDeleted\"  ContainerID:\"88f7eff7cec6eaab6f9be1c4657524a5f92940654b93f49fa4286f7ed61900dc\"  IfName:\"eth0\"  NetworkName:\"aws-cni\"  K8S_POD_UID:\"ad241f1d-d89e-4886-8d30-e22384a0b925\""}
{"level":"debug","ts":"2026-10-05T08:43:07.729Z","caller":"ipamd/rpc_handler.go:353","msg":"UnassignPodIPAddress: IP address pool stats: total 0, assigned 0, sandbox aws-cni/88f7eff7cec6eaab6f9be1c4657524a5f92940654b93f49fa4286f7ed61900dc/eth0"}
{"level":"debug","ts":"2026-10-05T08:43:07.729Z","caller":"ipamd/rpc_handler.go:353","msg":"UnassignPodIPAddress: Failed to find IPAM entry under full key, trying CRI-migrated version"}
{"level":"warn","ts":"2026-10-05T08:43:07.729Z","caller":"ipamd/rpc_handler.go:353","msg":"UnassignPodIPAddress: Failed to find sandbox _migrated-from-cri/88f7eff7cec6eaab6f9be1c4657524a5f92940654b93f49fa4286f7ed61900dc/unknown"}
{"level":"info","ts":"2026-10-05T08:43:07.729Z","caller":"rpc/rpc_grpc.pb.go:135","msg":"Send DelNetworkReply: IPAddress: [], err: 1 error occurred:\n\t* datastore: unknown pod\n\n"}
{"level":"debug","ts":"2026-10-05T08:43:11.585Z","caller":"ipamd/ipamd.go:809","msg":"IP pool is too low for Network Card 0: available (0) < ENI target (1) * addrsPerENI (16)"}
{"level":"debug","ts":"2026-10-05T08:43:11.585Z","caller":"ipamd/ipamd.go:2689","msg":"Prefix pool stats for network card 0: Total IPs/Prefixes = 0/0, AssignedIPs/CooldownIPs: 0/0, c.maxIPsPerENI = 80"}
{"level":"debug","ts":"2026-10-05T08:43:11.585Z","caller":"ipamd/ipamd.go:795","msg":"IP stats for Network Card 0 - total IPs: 0, assigned IPs: 0, cooldown IPs: 0"}
{"level":"debug","ts":"2026-10-05T08:43:11.585Z","caller":"ipamd/ipamd.go:813","msg":"Starting to increase pool size for network card 0"}
{"level":"debug","ts":"2026-10-05T08:43:11.585Z","caller":"ipamd/ipamd.go:966","msg":"Node found \"ip-10-20-0-45.ec2.internal\" - no of taints - 0"}
{"level":"debug","ts":"2026-10-05T08:43:11.585Z","caller":"ipamd/ipamd.go:2758","msg":"Prefix target is 1, short of 1 prefixes, free 0 prefixes"}
{"level":"debug","ts":"2026-10-05T08:43:11.585Z","caller":"ipamd/ipamd.go:1248","msg":"ToAllocate: 1, Network Card 0"}
{"level":"debug","ts":"2026-10-05T08:43:11.585Z","caller":"ipamd/ipamd.go:1251","msg":"Found ENI eni-EXAMPLE21 that has less than the maximum number of IP/Prefixes addresses allocated: cur=0, max=5"}
{"level":"info","ts":"2026-10-05T08:43:11.585Z","caller":"ipamd/ipamd.go:1255","msg":"Trying to allocate 1 IP addresses on ENI eni-EXAMPLE21"}
{"level":"debug","ts":"2026-10-05T08:43:11.585Z","caller":"ipamd/ipamd.go:1255","msg":"PD enabled - true"}
{"level":"debug","ts":"2026-10-05T08:43:11.993Z","caller":"awsutils/awsutils.go:2174","msg":"checkAPIErrorAndBroadcastEvent resulted in operation error EC2: AssignPrivateIpAddresses, https response error StatusCode: 400, RequestID: 64bbcf76-1567-436e-9964-ad893d2ecff5, api error InsufficientCidrBlocks: The specified subnet does not have enough free cidr blocks to satisfy the request."}
{"level":"error","ts":"2026-10-05T08:43:11.993Z","caller":"ipamd/ipamd.go:1255","msg":"Failed to allocate a private IP/Prefix addresses on ENI eni-EXAMPLE21: operation error EC2: AssignPrivateIpAddresses, https response error StatusCode: 400, RequestID: 64bbcf76-1567-436e-9964-ad893d2ecff5, api error InsufficientCidrBlocks: The specified subnet does not have enough free cidr blocks to satisfy the request."}
{"level":"debug","ts":"2026-10-05T08:43:11.993Z","caller":"ipamd/ipamd.go:1256","msg":"containsPrivateIPAddressLimitExceededError encountered operation error EC2: AssignPrivateIpAddresses, https response error StatusCode: 400, RequestID: 64bbcf76-1567-436e-9964-ad893d2ecff5, api error InsufficientCidrBlocks: The specified subnet does not have enough free cidr blocks to satisfy the request."}
{"level":"warn","ts":"2026-10-05T08:43:11.993Z","caller":"ipamd/ipamd.go:1113","msg":"failed to allocate all available IPv4 Prefixes on ENI eni-EXAMPLE21, err: operation error EC2: AssignPrivateIpAddresses, https response error StatusCode: 400, RequestID: 64bbcf76-1567-436e-9964-ad893d2ecff5, api error InsufficientCidrBlocks: The specified subnet does not have enough free cidr blocks to satisfy the request."}
{"level":"info","ts":"2026-10-05T08:43:11.993Z","caller":"ipamd/ipamd.go:1259","msg":"Trying to allocate 1 IP addresses on ENI eni-EXAMPLE21"}
{"level":"debug","ts":"2026-10-05T08:43:11.993Z","caller":"ipamd/ipamd.go:1259","msg":"PD enabled - true"}
{"level":"debug","ts":"2026-10-05T08:43:12.388Z","caller":"awsutils/awsutils.go:2174","msg":"checkAPIErrorAndBroadcastEvent resulted in operation error EC2: AssignPrivateIpAddresses, https response error StatusCode: 400, RequestID: f28d81e7-4ca8-4465-9d76-dbe88ba57039, api error InsufficientCidrBlocks: The specified subnet does not have enough free cidr blocks to satisfy the request."}
{"level":"error","ts":"2026-10-05T08:43:12.388Z","caller":"ipamd/ipamd.go:1259","msg":"Failed to allocate a private IP/Prefix addresses on ENI eni-EXAMPLE21: operation error EC2: AssignPrivateIpAddresses, https response error StatusCode: 400, RequestID: f28d81e7-4ca8-4465-9d76-dbe88ba57039, api error InsufficientCidrBlocks: The specified subnet does not have enough free cidr blocks to satisfy the request."}
{"level":"debug","ts":"2026-10-05T08:43:12.388Z","caller":"ipamd/ipamd.go:1260","msg":"containsPrivateIPAddressLimitExceededError encountered operation error EC2: AssignPrivateIpAddresses, https response error StatusCode: 400, RequestID: f28d81e7-4ca8-4465-9d76-dbe88ba57039, api error InsufficientCidrBlocks: The specified subnet does not have enough free cidr blocks to satisfy the request."}
{"level":"debug","ts":"2026-10-05T08:43:12.388Z","caller":"ipamd/ipamd.go:1262","msg":"containsInsufficientCIDRsOrSubnetIPs encountered operation error EC2: AssignPrivateIpAddresses, https response error StatusCode: 400, RequestID: f28d81e7-4ca8-4465-9d76-dbe88ba57039, api error InsufficientCidrBlocks: The specified subnet does not have enough free cidr blocks to satisfy the request."}
{"level":"debug","ts":"2026-10-05T08:43:12.388Z","caller":"ipamd/ipamd.go:1262","msg":"Insufficient IP Addresses due to: InsufficientCidrBlocks\n"}
{"level":"debug","ts":"2026-10-05T08:43:12.388Z","caller":"ipamd/ipamd.go:1003","msg":"hasRoomForEni: networkCard=0, currentENIs=1, currentUsableENIs=1, maxENI=3, unmanagedENI=0, trunkEni=0, excludedENI=0, hasRoom=true"}
{"level":"debug","ts":"2026-10-05T08:43:12.388Z","caller":"ipamd/ipamd.go:2758","msg":"Prefix target is 1, short of 1 prefixes, free 0 prefixes"}
{"level":"debug","ts":"2026-10-05T08:43:12.388Z","caller":"ipamd/ipamd.go:2595","msg":"ToAllocate: 1, Network Card 0"}
{"level":"info","ts":"2026-10-05T08:43:12.388Z","caller":"awsutils/awsutils.go:1044","msg":"Trying to allocate 1 IP addresses on new ENI"}
{"level":"debug","ts":"2026-10-05T08:43:12.388Z","caller":"awsutils/awsutils.go:1044","msg":"PD enabled - true"}
{"level":"debug","ts":"2026-10-05T08:43:12.613Z","caller":"awsutils/awsutils.go:1272","msg":"Primary subnet subnet-EXAMPLE1 has no kubernetes.io/role/cni tag, including it for ENI creation (backwards compatibility)"}
{"level":"info","ts":"2026-10-05T08:43:12.613Z","caller":"awsutils/awsutils.go:1044","msg":"Creating ENI with security groups: [sg-EXAMPLE1] in subnet: subnet-EXAMPLE1"}
{"level":"debug","ts":"2026-10-05T08:43:12.892Z","caller":"awsutils/awsutils.go:1449","msg":"checkAPIErrorAndBroadcastEvent resulted in operation error EC2: CreateNetworkInterface, https response error StatusCode: 400, RequestID: dd00cb59-e293-4c32-a8d6-6b9642360e1e, api error InvalidParameterValue: There aren't sufficient free Ipv4 addresses or prefixes"}
{"level":"error","ts":"2026-10-05T08:43:12.892Z","caller":"awsutils/awsutils.go:1285","msg":"Failed to CreateNetworkInterface operation error EC2: CreateNetworkInterface, https response error StatusCode: 400, RequestID: dd00cb59-e293-4c32-a8d6-6b9642360e1e, api error InvalidParameterValue: There aren't sufficient free Ipv4 addresses or prefixes for subnet subnet-EXAMPLE1"}
{"level":"debug","ts":"2026-10-05T08:43:12.892Z","caller":"awsutils/awsutils.go:1272","msg":"Subnet subnet-EXAMPLE2 has no kubernetes.io/role/cni tag, excluding it from ENI creation"}
{"level":"error","ts":"2026-10-05T08:43:12.892Z","caller":"ipamd/ipamd.go:1004","msg":"Failed to increase pool size due to not able to allocate ENI AllocENI: failed to create ENI: failed to create network interface: operation error EC2: CreateNetworkInterface, https response error StatusCode: 400, RequestID: dd00cb59-e293-4c32-a8d6-6b9642360e1e, api error InvalidParameterValue: There aren't sufficient free Ipv4 addresses or prefixes"}
{"level":"warn","ts":"2026-10-05T08:43:12.892Z","caller":"ipamd/ipamd.go:1004","msg":"Failed to allocate 1 IP addresses on an ENI: AllocENI: failed to create ENI: failed to create network interface: operation error EC2: CreateNetworkInterface, https response error StatusCode: 400, RequestID: dd00cb59-e293-4c32-a8d6-6b9642360e1e, api error InvalidParameterValue: There aren't sufficient free Ipv4 addresses or prefixes"}
{"level":"debug","ts":"2026-10-05T08:43:12.892Z","caller":"ipamd/ipamd.go:1082","msg":"containsInsufficientCIDRsOrSubnetIPs encountered AllocENI: failed to create ENI: failed to create network interface: operation error EC2: CreateNetworkInterface, https response error StatusCode: 400, RequestID: dd00cb59-e293-4c32-a8d6-6b9642360e1e, api error InvalidParameterValue: There aren't sufficient free Ipv4 addresses or prefixes"}
{"level":"debug","ts":"2026-10-05T08:43:12.892Z","caller":"ipamd/ipamd.go:1082","msg":"Insufficient IP Addresses due to: InvalidParameterValue\n"}
{"level":"debug","ts":"2026-10-05T08:43:12.892Z","caller":"ipamd/ipamd.go:813","msg":"Error trying to allocate ENI: AllocENI: failed to create ENI: failed to create network interface: operation error EC2: CreateNetworkInterface, https response error StatusCode: 400, RequestID: dd00cb59-e293-4c32-a8d6-6b9642360e1e, api error InvalidParameterValue: There aren't sufficient free Ipv4 addresses or prefixes"}
{"level":"debug","ts":"2026-10-05T08:43:12.892Z","caller":"ipamd/ipamd.go:1548","msg":"ENI eni-EXAMPLE21 cannot be deleted because it is primary"}
{"level":"info","ts":"2026-10-05T08:43:13.698Z","caller":"rpc/rpc_grpc.pb.go:117","msg":"Received AddNetwork for NS /var/run/netns/cni-85322336-85e3-99e4-d5fb-cc59e876c05d, Sandbox 58d712f9b67caec85cb4616b3a8a4a3d8bb4750a6383a73f1547196d22898b57, ifname eth0"}
{"level":"debug","ts":"2026-10-05T08:43:13.698Z","caller":"rpc/rpc_grpc.pb.go:117","msg":"AddNetworkRequest: K8S_POD_NAME:\"pause-68d5b89fc-xv2r9\"  K8S_POD_NAMESPACE:\"default\"  K8S_POD_INFRA_CONTAINER_ID:\"58d712f9b67caec85cb4616b3a8a4a3d8bb4750a6383a73f1547196d22898b57\"  ContainerID:\"58d712f9b67caec85cb4616b3a8a4a3d8bb4750a6383a73f1547196d22898b57\"  IfName:\"eth0\"  NetworkName:\"aws-cni\"  Netns:\"/var/run/netns/cni-85322336-85e3-99e4-d5fb-cc59e876c05d\""}
{"level":"info","ts":"2026-10-05T08:43:13.698Z","caller":"rpc/rpc_grpc.pb.go:117","msg":"Required MultiNIC access false, interfaces required 1"}
{"level":"debug","ts":"2026-10-05T08:43:13.698Z","caller":"datastore/data_store.go:713","msg":"AssignPodIPv4Address: IP address pool stats: total 0, assigned 0"}
{"level":"debug","ts":"2026-10-05T08:43:13.698Z","caller":"datastore/data_store.go:713","msg":"AssignPodIPv4Address: ENI eni-EXAMPLE21 does not have available addresses"}
{"level":"error","ts":"2026-10-05T08:43:13.698Z","caller":"datastore/data_store.go:713","msg":"DataStore has no available IP/Prefix addresses"}
{"level":"warn","ts":"2026-10-05T08:43:13.698Z","caller":"rpc/rpc_grpc.pb.go:117","msg":"Failed to assign IPs from network card 0: AssignPodIPAddress: no available IP/Prefix addresses"}
{"level":"error","ts":"2026-10-05T08:43:13.698Z","caller":"rpc/rpc_grpc.pb.go:117","msg":"Returning failure response for AddNetwork: 1 error occurred:\n\t* AssignPodIPAddress: no available IP/Prefix addresses\n\n"}
{"level":"info","ts":"2026-10-05T08:43:13.698Z","caller":"rpc/rpc_grpc.pb.go:117","msg":"Send AddNetworkReply: Success: false IPAddr: [], resp: , err: AssignPodIPAddress: no available IP/Prefix addresses"}
{"level":"info","ts":"2026-10-05T08:43:13.723Z","caller":"rpc/rpc_grpc.pb.go:135","msg":"Received DelNetwork for Sandbox 58d712f9b67caec85cb4616b3a8a4a3d8bb4750a6383a73f1547196d22898b57"}
{"level":"debug","ts":"2026-10-05T08:43:13.723Z","caller":"rpc/rpc_grpc.pb.go:135","msg":"DelNetworkRequest: K8S_POD_NAME:\"pause-68d5b89fc-xv2r9\"  K8S_POD_NAMESPACE:\"default\"  K8S_POD_INFRA_CONTAINER_ID:\"58d712f9b67caec85cb4616b3a8a4a3d8bb4750a6383a73f1547196d22898b57\"  Reason:\"PodDeleted\"  ContainerID:\"58d712f9b67caec85cb4616b3a8a4a3d8bb4750a6383a73f1547196d22898b57\"  IfName:\"eth0\"  NetworkName:\"aws-cni\"  K8S_POD_UID:\"cd4aecc7-3371-4cf3-bd27-460a41c60184\""}
{"level":"debug","ts":"2026-10-05T08:43:13.723Z","caller":"ipamd/rpc_handler.go:353","msg":"UnassignPodIPAddress: IP address pool stats: total 0, assigned 0, sandbox aws-cni/58d712f9b67caec85cb4616b3a8a4a3d8bb4750a6383a73f1547196d22898b57/eth0"}
{"level":"debug","ts":"2026-10-05T08:43:13.723Z","caller":"ipamd/rpc_handler.go:353","msg":"UnassignPodIPAddress: Failed to find IPAM entry under full key, trying CRI-migrated version"}
{"level":"warn","ts":"2026-10-05T08:43:13.723Z","caller":"ipamd/rpc_handler.go:353","msg":"UnassignPodIPAddress: Failed to find sandbox _migrated-from-cri/58d712f9b67caec85cb4616b3a8a4a3d8bb4750a6383a73f1547196d22898b57/unknown"}
{"level":"info","ts":"2026-10-05T08:43:13.723Z","caller":"rpc/rpc_grpc.pb.go:135","msg":"Send DelNetworkReply: IPAddress: [], err: 1 error occurred:\n\t* datastore: unknown pod\n\n"}
{"level":"info","ts":"2026-10-05T08:43:17.697Z","caller":"rpc/rpc_grpc.pb.go:117","msg":"Received AddNetwork for NS /var/run/netns/cni-130e360b-8a2e-e439-c07c-0531dc0c74a7, Sandbox 2a6e3d2bce569ec30fe0bf1eaf9e240bb3944ce9cb651532b6059a0d59d45ec6, ifname eth0"}
{"level":"debug","ts":"2026-10-05T08:43:17.697Z","caller":"rpc/rpc_grpc.pb.go:117","msg":"AddNetworkRequest: K8S_POD_NAME:\"coredns-79f8dffc57-cv2lj\"  K8S_POD_NAMESPACE:\"kube-system\"  K8S_POD_INFRA_CONTAINER_ID:\"2a6e3d2bce569ec30fe0bf1eaf9e240bb3944ce9cb651532b6059a0d59d45ec6\"  ContainerID:\"2a6e3d2bce569ec30fe0bf1eaf9e240bb3944ce9cb651532b6059a0d59d45ec6\"  IfName:\"eth0\"  NetworkName:\"aws-cni\"  Netns:\"/var/run/netns/cni-130e360b-8a2e-e439-c07c-0531dc0c74a7\""}
{"level":"info","ts":"2026-10-05T08:43:17.697Z","caller":"rpc/rpc_grpc.pb.go:117","msg":"Required MultiNIC access false, interfaces required 1"}
{"level":"debug","ts":"2026-10-05T08:43:17.697Z","caller":"datastore/data_store.go:713","msg":"AssignPodIPv4Address: IP address pool stats: total 0, assigned 0"}
{"level":"debug","ts":"2026-10-05T08:43:17.697Z","caller":"datastore/data_store.go:713","msg":"AssignPodIPv4Address: ENI eni-EXAMPLE21 does not have available addresses"}
{"level":"error","ts":"2026-10-05T08:43:17.697Z","caller":"datastore/data_store.go:713","msg":"DataStore has no available IP/Prefix addresses"}
{"level":"warn","ts":"2026-10-05T08:43:17.697Z","caller":"rpc/rpc_grpc.pb.go:117","msg":"Failed to assign IPs from network card 0: AssignPodIPAddress: no available IP/Prefix addresses"}
{"level":"error","ts":"2026-10-05T08:43:17.697Z","caller":"rpc/rpc_grpc.pb.go:117","msg":"Returning failure response for AddNetwork: 1 error occurred:\n\t* AssignPodIPAddress: no available IP/Prefix addresses\n\n"}
{"level":"info","ts":"2026-10-05T08:43:17.697Z","caller":"rpc/rpc_grpc.pb.go:117","msg":"Send AddNetworkReply: Success: false IPAddr: [], resp: , err: AssignPodIPAddress: no available IP/Prefix addresses"}
{"level":"info","ts":"2026-10-05T08:43:17.727Z","caller":"rpc/rpc_grpc.pb.go:135","msg":"Received DelNetwork for Sandbox 2a6e3d2bce569ec30fe0bf1eaf9e240bb3944ce9cb651532b6059a0d59d45ec6"}
{"level":"debug","ts":"2026-10-05T08:43:17.727Z","caller":"rpc/rpc_grpc.pb.go:135","msg":"DelNetworkRequest: K8S_POD_NAME:\"coredns-79f8dffc57-cv2lj\"  K8S_POD_NAMESPACE:\"kube-system\"  K8S_POD_INFRA_CONTAINER_ID:\"2a6e3d2bce569ec30fe0bf1eaf9e240bb3944ce9cb651532b6059a0d59d45ec6\"  Reason:\"PodDeleted\"  ContainerID:\"2a6e3d2bce569ec30fe0bf1eaf9e240bb3944ce9cb651532b6059a0d59d45ec6\"  IfName:\"eth0\"  NetworkName:\"aws-cni\"  K8S_POD_UID:\"080397ba-9aa0-4db1-b449-5fe2b0811692\""}
{"level":"debug","ts":"2026-10-05T08:43:17.727Z","caller":"ipamd/rpc_handler.go:353","msg":"UnassignPodIPAddress: IP address pool stats: total 0, assigned 0, sandbox aws-cni/2a6e3d2bce569ec30fe0bf1eaf9e240bb3944ce9cb651532b6059a0d59d45ec6/eth0"}
{"level":"debug","ts":"2026-10-05T08:43:17.727Z","caller":"ipamd/rpc_handler.go:353","msg":"UnassignPodIPAddress: Failed to find IPAM entry under full key, trying CRI-migrated version"}
{"level":"warn","ts":"2026-10-05T08:43:17.727Z","caller":"ipamd/rpc_handler.go:353","msg":"UnassignPodIPAddress: Failed to find sandbox _migrated-from-cri/2a6e3d2bce569ec30fe0bf1eaf9e240bb3944ce9cb651532b6059a0d59d45ec6/unknown"}
{"level":"info","ts":"2026-10-05T08:43:17.727Z","caller":"rpc/rpc_grpc.pb.go:135","msg":"Send DelNetworkReply: IPAddress: [], err: 1 error occurred:\n\t* datastore: unknown pod\n\n"}
{"level":"debug","ts":"2026-10-05T08:43:17.893Z","caller":"ipamd/ipamd.go:809","msg":"IP pool is too low for Network Card 0: available (0) < ENI target (1) * addrsPerENI (16)"}
{"level":"debug","ts":"2026-10-05T08:43:17.893Z","caller":"ipamd/ipamd.go:2689","msg":"Prefix pool stats for network card 0: Total IPs/Prefixes = 0/0, AssignedIPs/CooldownIPs: 0/0, c.maxIPsPerENI = 80"}
{"level":"debug","ts":"2026-10-05T08:43:17.893Z","caller":"ipamd/ipamd.go:795","msg":"IP stats for Network Card 0 - total IPs: 0, assigned IPs: 0, cooldown IPs: 0"}
{"level":"debug","ts":"2026-10-05T08:43:17.893Z","caller":"ipamd/ipamd.go:813","msg":"Starting to increase pool size for network card 0"}
{"level":"debug","ts":"2026-10-05T08:43:17.893Z","caller":"ipamd/ipamd.go:966","msg":"Node found \"ip-10-20-0-45.ec2.internal\" - no of taints - 0"}
{"level":"debug","ts":"2026-10-05T08:43:17.893Z","caller":"ipamd/ipamd.go:2758","msg":"Prefix target is 1, short of 1 prefixes, free 0 prefixes"}
{"level":"debug","ts":"2026-10-05T08:43:17.893Z","caller":"ipamd/ipamd.go:1248","msg":"ToAllocate: 1, Network Card 0"}
{"level":"debug","ts":"2026-10-05T08:43:17.893Z","caller":"ipamd/ipamd.go:1251","msg":"Found ENI eni-EXAMPLE21 that has less than the maximum number of IP/Prefixes addresses allocated: cur=0, max=5"}
{"level":"info","ts":"2026-10-05T08:43:17.893Z","caller":"ipamd/ipamd.go:1255","msg":"Trying to allocate 1 IP addresses on ENI eni-EXAMPLE21"}
{"level":"debug","ts":"2026-10-05T08:43:17.893Z","caller":"ipamd/ipamd.go:1255","msg":"PD enabled - true"}
{"level":"debug","ts":"2026-10-05T08:43:18.354Z","caller":"awsutils/awsutils.go:2174","msg":"checkAPIErrorAndBroadcastEvent resulted in operation error EC2: AssignPrivateIpAddresses, https response error StatusCode: 400, RequestID: cdecd251-c758-4727-93e5-f968b8bd9ab1, api error InsufficientCidrBlocks: The specified subnet does not have enough free cidr blocks to satisfy the request."}
{"level":"error","ts":"2026-10-05T08:43:18.354Z","caller":"ipamd/ipamd.go:1255","msg":"Failed to allocate a private IP/Prefix addresses on ENI eni-EXAMPLE21: operation error EC2: AssignPrivateIpAddresses, https response error StatusCode: 400, RequestID: cdecd251-c758-4727-93e5-f968b8bd9ab1, api error InsufficientCidrBlocks: The specified subnet does not have enough free cidr blocks to satisfy the request."}
{"level":"debug","ts":"2026-10-05T08:43:18.354Z","caller":"ipamd/ipamd.go:1256","msg":"containsPrivateIPAddressLimitExceededError encountered operation error EC2: AssignPrivateIpAddresses, https response error StatusCode: 400, RequestID: cdecd251-c758-4727-93e5-f968b8bd9ab1, api error InsufficientCidrBlocks: The specified subnet does not have enough free cidr blocks to satisfy the request."}
{"level":"warn","ts":"2026-10-05T08:43:18.354Z","caller":"ipamd/ipamd.go:1113","msg":"failed to allocate all available IPv4 Prefixes on ENI eni-EXAMPLE21, err: operation error EC2: AssignPrivateIpAddresses, https response error StatusCode: 400, RequestID: cdecd251-c758-4727-93e5-f968b8bd9ab1, api error InsufficientCidrBlocks: The specified subnet does not have enough free cidr blocks to satisfy the request."}
{"level":"info","ts":"2026-10-05T08:43:18.355Z","caller":"ipamd/ipamd.go:1259","msg":"Trying to allocate 1 IP addresses on ENI eni-EXAMPLE21"}
{"level":"debug","ts":"2026-10-05T08:43:18.355Z","caller":"ipamd/ipamd.go:1259","msg":"PD enabled - true"}
{"level":"debug","ts":"2026-10-05T08:43:18.795Z","caller":"awsutils/awsutils.go:2174","msg":"checkAPIErrorAndBroadcastEvent resulted in operation error EC2: AssignPrivateIpAddresses, https response error StatusCode: 400, RequestID: e47d0a34-f1c7-4f76-93df-9037ce2e28c1, api error InsufficientCidrBlocks: The specified subnet does not have enough free cidr blocks to satisfy the request."}
{"level":"error","ts":"2026-10-05T08:43:18.795Z","caller":"ipamd/ipamd.go:1259","msg":"Failed to allocate a private IP/Prefix addresses on ENI eni-EXAMPLE21: operation error EC2: AssignPrivateIpAddresses, https response error StatusCode: 400, RequestID: e47d0a34-f1c7-4f76-93df-9037ce2e28c1, api error InsufficientCidrBlocks: The specified subnet does not have enough free cidr blocks to satisfy the request."}
{"level":"debug","ts":"2026-10-05T08:43:18.795Z","caller":"ipamd/ipamd.go:1260","msg":"containsPrivateIPAddressLimitExceededError encountered operation error EC2: AssignPrivateIpAddresses, https response error StatusCode: 400, RequestID: e47d0a34-f1c7-4f76-93df-9037ce2e28c1, api error InsufficientCidrBlocks: The specified subnet does not have enough free cidr blocks to satisfy the request."}
{"level":"debug","ts":"2026-10-05T08:43:18.795Z","caller":"ipamd/ipamd.go:1262","msg":"containsInsufficientCIDRsOrSubnetIPs encountered operation error EC2: AssignPrivateIpAddresses, https response error StatusCode: 400, RequestID: e47d0a34-f1c7-4f76-93df-9037ce2e28c1, api error InsufficientCidrBlocks: The specified subnet does not have enough free cidr blocks to satisfy the request."}
{"level":"debug","ts":"2026-10-05T08:43:18.795Z","caller":"ipamd/ipamd.go:1262","msg":"Insufficient IP Addresses due to: InsufficientCidrBlocks\n"}
{"level":"debug","ts":"2026-10-05T08:43:18.795Z","caller":"ipamd/ipamd.go:1003","msg":"hasRoomForEni: networkCard=0, currentENIs=1, currentUsableENIs=1, maxENI=3, unmanagedENI=0, trunkEni=0, excludedENI=0, hasRoom=true"}
{"level":"debug","ts":"2026-10-05T08:43:18.796Z","caller":"ipamd/ipamd.go:2758","msg":"Prefix target is 1, short of 1 prefixes, free 0 prefixes"}
{"level":"debug","ts":"2026-10-05T08:43:18.796Z","caller":"ipamd/ipamd.go:2595","msg":"ToAllocate: 1, Network Card 0"}
{"level":"info","ts":"2026-10-05T08:43:18.796Z","caller":"awsutils/awsutils.go:1044","msg":"Trying to allocate 1 IP addresses on new ENI"}
{"level":"debug","ts":"2026-10-05T08:43:18.796Z","caller":"awsutils/awsutils.go:1044","msg":"PD enabled - true"}
{"level":"debug","ts":"2026-10-05T08:43:18.961Z","caller":"awsutils/awsutils.go:1272","msg":"Primary subnet subnet-EXAMPLE1 has no kubernetes.io/role/cni tag, including it for ENI creation (backwards compatibility)"}
{"level":"info","ts":"2026-10-05T08:43:18.961Z","caller":"awsutils/awsutils.go:1044","msg":"Creating ENI with security groups: [sg-EXAMPLE1] in subnet: subnet-EXAMPLE1"}
{"level":"debug","ts":"2026-10-05T08:43:19.203Z","caller":"awsutils/awsutils.go:1449","msg":"checkAPIErrorAndBroadcastEvent resulted in operation error EC2: CreateNetworkInterface, https response error StatusCode: 400, RequestID: ad238231-372b-4028-a47e-a71ad7282c2a, api error InvalidParameterValue: There aren't sufficient free Ipv4 addresses or prefixes"}
{"level":"error","ts":"2026-10-05T08:43:19.203Z","caller":"awsutils/awsutils.go:1285","msg":"Failed to CreateNetworkInterface operation error EC2: CreateNetworkInterface, https response error StatusCode: 400, RequestID: ad238231-372b-4028-a47e-a71ad7282c2a, api error InvalidParameterValue: There aren't sufficient free Ipv4 addresses or prefixes for subnet subnet-EXAMPLE1"}
{"level":"debug","ts":"2026-10-05T08:43:19.203Z","caller":"awsutils/awsutils.go:1272","msg":"Subnet subnet-EXAMPLE2 has no kubernetes.io/role/cni tag, excluding it from ENI creation"}
{"level":"error","ts":"2026-10-05T08:43:19.203Z","caller":"ipamd/ipamd.go:1004","msg":"Failed to increase pool size due to not able to allocate ENI AllocENI: failed to create ENI: failed to create network interface: operation error EC2: CreateNetworkInterface, https response error StatusCode: 400, RequestID: ad238231-372b-4028-a47e-a71ad7282c2a, api error InvalidParameterValue: There aren't sufficient free Ipv4 addresses or prefixes"}
{"level":"warn","ts":"2026-10-05T08:43:19.203Z","caller":"ipamd/ipamd.go:1004","msg":"Failed to allocate 1 IP addresses on an ENI: AllocENI: failed to create ENI: failed to create network interface: operation error EC2: CreateNetworkInterface, https response error StatusCode: 400, RequestID: ad238231-372b-4028-a47e-a71ad7282c2a, api error InvalidParameterValue: There aren't sufficient free Ipv4 addresses or prefixes"}
{"level":"debug","ts":"2026-10-05T08:43:19.203Z","caller":"ipamd/ipamd.go:1082","msg":"containsInsufficientCIDRsOrSubnetIPs encountered AllocENI: failed to create ENI: failed to create network interface: operation error EC2: CreateNetworkInterface, https response error StatusCode: 400, RequestID: ad238231-372b-4028-a47e-a71ad7282c2a, api error InvalidParameterValue: There aren't sufficient free Ipv4 addresses or prefixes"}
{"level":"debug","ts":"2026-10-05T08:43:19.203Z","caller":"ipamd/ipamd.go:1082","msg":"Insufficient IP Addresses due to: InvalidParameterValue\n"}
{"level":"debug","ts":"2026-10-05T08:43:19.203Z","caller":"ipamd/ipamd.go:813","msg":"Error trying to allocate ENI: AllocENI: failed to create ENI: failed to create network interface: operation error EC2: CreateNetworkInterface, https response error StatusCode: 400, RequestID: ad238231-372b-4028-a47e-a71ad7282c2a, api error InvalidParameterValue: There aren't sufficient free Ipv4 addresses or prefixes"}
{"level":"debug","ts":"2026-10-05T08:43:19.203Z","caller":"ipamd/ipamd.go:1548","msg":"ENI eni-EXAMPLE21 cannot be deleted because it is primary"}
{"level":"info","ts":"2026-10-05T08:43:19.696Z","caller":"rpc/rpc_grpc.pb.go:117","msg":"Received AddNetwork for NS /var/run/netns/cni-617aa9bd-b98e-b630-5f0c-111122223333, Sandbox e53f2491daed83912da8e3dd5abdfef5d8f8cbefaffc7311671d0b6bef041ab9, ifname eth0"}
{"level":"debug","ts":"2026-10-05T08:43:19.696Z","caller":"rpc/rpc_grpc.pb.go:117","msg":"AddNetworkRequest: K8S_POD_NAME:\"pause-68d5b89fc-kwqf6\"  K8S_POD_NAMESPACE:\"default\"  K8S_POD_INFRA_CONTAINER_ID:\"e53f2491daed83912da8e3dd5abdfef5d8f8cbefaffc7311671d0b6bef041ab9\"  ContainerID:\"e53f2491daed83912da8e3dd5abdfef5d8f8cbefaffc7311671d0b6bef041ab9\"  IfName:\"eth0\"  NetworkName:\"aws-cni\"  Netns:\"/var/run/netns/cni-617aa9bd-b98e-b630-5f0c-111122223333\""}
{"level":"info","ts":"2026-10-05T08:43:19.696Z","caller":"rpc/rpc_grpc.pb.go:117","msg":"Required MultiNIC access false, interfaces required 1"}
{"level":"debug","ts":"2026-10-05T08:43:19.696Z","caller":"datastore/data_store.go:713","msg":"AssignPodIPv4Address: IP address pool stats: total 0, assigned 0"}
{"level":"debug","ts":"2026-10-05T08:43:19.696Z","caller":"datastore/data_store.go:713","msg":"AssignPodIPv4Address: ENI eni-EXAMPLE21 does not have available addresses"}
{"level":"error","ts":"2026-10-05T08:43:19.696Z","caller":"datastore/data_store.go:713","msg":"DataStore has no available IP/Prefix addresses"}
{"level":"warn","ts":"2026-10-05T08:43:19.696Z","caller":"rpc/rpc_grpc.pb.go:117","msg":"Failed to assign IPs from network card 0: AssignPodIPAddress: no available IP/Prefix addresses"}
{"level":"error","ts":"2026-10-05T08:43:19.696Z","caller":"rpc/rpc_grpc.pb.go:117","msg":"Returning failure response for AddNetwork: 1 error occurred:\n\t* AssignPodIPAddress: no available IP/Prefix addresses\n\n"}
{"level":"info","ts":"2026-10-05T08:43:19.696Z","caller":"rpc/rpc_grpc.pb.go:117","msg":"Send AddNetworkReply: Success: false IPAddr: [], resp: , err: AssignPodIPAddress: no available IP/Prefix addresses"}
{"level":"info","ts":"2026-10-05T08:43:19.722Z","caller":"rpc/rpc_grpc.pb.go:135","msg":"Received DelNetwork for Sandbox e53f2491daed83912da8e3dd5abdfef5d8f8cbefaffc7311671d0b6bef041ab9"}
{"level":"debug","ts":"2026-10-05T08:43:19.722Z","caller":"rpc/rpc_grpc.pb.go:135","msg":"DelNetworkRequest: K8S_POD_NAME:\"pause-68d5b89fc-kwqf6\"  K8S_POD_NAMESPACE:\"default\"  K8S_POD_INFRA_CONTAINER_ID:\"e53f2491daed83912da8e3dd5abdfef5d8f8cbefaffc7311671d0b6bef041ab9\"  Reason:\"PodDeleted\"  ContainerID:\"e53f2491daed83912da8e3dd5abdfef5d8f8cbefaffc7311671d0b6bef041ab9\"  IfName:\"eth0\"  NetworkName:\"aws-cni\"  K8S_POD_UID:\"f1c84b49-6e57-471b-b275-0a0535a8e3e2\""}
{"level":"debug","ts":"2026-10-05T08:43:19.722Z","caller":"ipamd/rpc_handler.go:353","msg":"UnassignPodIPAddress: IP address pool stats: total 0, assigned 0, sandbox aws-cni/e53f2491daed83912da8e3dd5abdfef5d8f8cbefaffc7311671d0b6bef041ab9/eth0"}
{"level":"debug","ts":"2026-10-05T08:43:19.722Z","caller":"ipamd/rpc_handler.go:353","msg":"UnassignPodIPAddress: Failed to find IPAM entry under full key, trying CRI-migrated version"}
{"level":"warn","ts":"2026-10-05T08:43:19.722Z","caller":"ipamd/rpc_handler.go:353","msg":"UnassignPodIPAddress: Failed to find sandbox _migrated-from-cri/e53f2491daed83912da8e3dd5abdfef5d8f8cbefaffc7311671d0b6bef041ab9/unknown"}
{"level":"info","ts":"2026-10-05T08:43:19.722Z","caller":"rpc/rpc_grpc.pb.go:135","msg":"Send DelNetworkReply: IPAddress: [], err: 1 error occurred:\n\t* datastore: unknown pod\n\n"}
{"level":"info","ts":"2026-10-05T08:43:21.696Z","caller":"rpc/rpc_grpc.pb.go:117","msg":"Received AddNetwork for NS /var/run/netns/cni-5729bcae-95a8-72be-a35d-04f1fc6fd420, Sandbox 011af39e4aa9d47a840d097429f6922a40c19328f85d2373b5e11270d2909a0c, ifname eth0"}
{"level":"debug","ts":"2026-10-05T08:43:21.696Z","caller":"rpc/rpc_grpc.pb.go:117","msg":"AddNetworkRequest: K8S_POD_NAME:\"coredns-79f8dffc57-fwslz\"  K8S_POD_NAMESPACE:\"kube-system\"  K8S_POD_INFRA_CONTAINER_ID:\"011af39e4aa9d47a840d097429f6922a40c19328f85d2373b5e11270d2909a0c\"  ContainerID:\"011af39e4aa9d47a840d097429f6922a40c19328f85d2373b5e11270d2909a0c\"  IfName:\"eth0\"  NetworkName:\"aws-cni\"  Netns:\"/var/run/netns/cni-5729bcae-95a8-72be-a35d-04f1fc6fd420\""}
{"level":"info","ts":"2026-10-05T08:43:21.696Z","caller":"rpc/rpc_grpc.pb.go:117","msg":"Required MultiNIC access false, interfaces required 1"}
{"level":"debug","ts":"2026-10-05T08:43:21.696Z","caller":"datastore/data_store.go:713","msg":"AssignPodIPv4Address: IP address pool stats: total 0, assigned 0"}
{"level":"debug","ts":"2026-10-05T08:43:21.696Z","caller":"datastore/data_store.go:713","msg":"AssignPodIPv4Address: ENI eni-EXAMPLE21 does not have available addresses"}
{"level":"error","ts":"2026-10-05T08:43:21.696Z","caller":"datastore/data_store.go:713","msg":"DataStore has no available IP/Prefix addresses"}
{"level":"warn","ts":"2026-10-05T08:43:21.696Z","caller":"rpc/rpc_grpc.pb.go:117","msg":"Failed to assign IPs from network card 0: AssignPodIPAddress: no available IP/Prefix addresses"}
{"level":"error","ts":"2026-10-05T08:43:21.696Z","caller":"rpc/rpc_grpc.pb.go:117","msg":"Returning failure response for AddNetwork: 1 error occurred:\n\t* AssignPodIPAddress: no available IP/Prefix addresses\n\n"}
{"level":"info","ts":"2026-10-05T08:43:21.696Z","caller":"rpc/rpc_grpc.pb.go:117","msg":"Send AddNetworkReply: Success: false IPAddr: [], resp: , err: AssignPodIPAddress: no available IP/Prefix addresses"}
{"level":"info","ts":"2026-10-05T08:43:21.721Z","caller":"rpc/rpc_grpc.pb.go:135","msg":"Received DelNetwork for Sandbox 011af39e4aa9d47a840d097429f6922a40c19328f85d2373b5e11270d2909a0c"}
{"level":"debug","ts":"2026-10-05T08:43:21.721Z","caller":"rpc/rpc_grpc.pb.go:135","msg":"DelNetworkRequest: K8S_POD_NAME:\"coredns-79f8dffc57-fwslz\"  K8S_POD_NAMESPACE:\"kube-system\"  K8S_POD_INFRA_CONTAINER_ID:\"011af39e4aa9d47a840d097429f6922a40c19328f85d2373b5e11270d2909a0c\"  Reason:\"PodDeleted\"  ContainerID:\"011af39e4aa9d47a840d097429f6922a40c19328f85d2373b5e11270d2909a0c\"  IfName:\"eth0\"  NetworkName:\"aws-cni\"  K8S_POD_UID:\"ad241f1d-d89e-4886-8d30-e22384a0b925\""}
{"level":"debug","ts":"2026-10-05T08:43:21.721Z","caller":"ipamd/rpc_handler.go:353","msg":"UnassignPodIPAddress: IP address pool stats: total 0, assigned 0, sandbox aws-cni/011af39e4aa9d47a840d097429f6922a40c19328f85d2373b5e11270d2909a0c/eth0"}
{"level":"debug","ts":"2026-10-05T08:43:21.721Z","caller":"ipamd/rpc_handler.go:353","msg":"UnassignPodIPAddress: Failed to find IPAM entry under full key, trying CRI-migrated version"}
{"level":"warn","ts":"2026-10-05T08:43:21.721Z","caller":"ipamd/rpc_handler.go:353","msg":"UnassignPodIPAddress: Failed to find sandbox _migrated-from-cri/011af39e4aa9d47a840d097429f6922a40c19328f85d2373b5e11270d2909a0c/unknown"}
{"level":"info","ts":"2026-10-05T08:43:21.721Z","caller":"rpc/rpc_grpc.pb.go:135","msg":"Send DelNetworkReply: IPAddress: [], err: 1 error occurred:\n\t* datastore: unknown pod\n\n"}
{"level":"debug","ts":"2026-10-05T08:43:24.204Z","caller":"ipamd/ipamd.go:809","msg":"IP pool is too low for Network Card 0: available (0) < ENI target (1) * addrsPerENI (16)"}
{"level":"debug","ts":"2026-10-05T08:43:24.204Z","caller":"ipamd/ipamd.go:2689","msg":"Prefix pool stats for network card 0: Total IPs/Prefixes = 0/0, AssignedIPs/CooldownIPs: 0/0, c.maxIPsPerENI = 80"}
{"level":"debug","ts":"2026-10-05T08:43:24.204Z","caller":"ipamd/ipamd.go:795","msg":"IP stats for Network Card 0 - total IPs: 0, assigned IPs: 0, cooldown IPs: 0"}
{"level":"debug","ts":"2026-10-05T08:43:24.204Z","caller":"ipamd/ipamd.go:813","msg":"Starting to increase pool size for network card 0"}
{"level":"debug","ts":"2026-10-05T08:43:24.204Z","caller":"ipamd/ipamd.go:966","msg":"Node found \"ip-10-20-0-45.ec2.internal\" - no of taints - 0"}
{"level":"debug","ts":"2026-10-05T08:43:24.204Z","caller":"ipamd/ipamd.go:2758","msg":"Prefix target is 1, short of 1 prefixes, free 0 prefixes"}
{"level":"debug","ts":"2026-10-05T08:43:24.204Z","caller":"ipamd/ipamd.go:1248","msg":"ToAllocate: 1, Network Card 0"}
{"level":"debug","ts":"2026-10-05T08:43:24.204Z","caller":"ipamd/ipamd.go:1251","msg":"Found ENI eni-EXAMPLE21 that has less than the maximum number of IP/Prefixes addresses allocated: cur=0, max=5"}
{"level":"info","ts":"2026-10-05T08:43:24.204Z","caller":"ipamd/ipamd.go:1255","msg":"Trying to allocate 1 IP addresses on ENI eni-EXAMPLE21"}
{"level":"debug","ts":"2026-10-05T08:43:24.204Z","caller":"ipamd/ipamd.go:1255","msg":"PD enabled - true"}
{"level":"debug","ts":"2026-10-05T08:43:24.601Z","caller":"awsutils/awsutils.go:2174","msg":"checkAPIErrorAndBroadcastEvent resulted in operation error EC2: AssignPrivateIpAddresses, https response error StatusCode: 400, RequestID: 25b5d934-b958-4a8a-be4e-99f3ee9a4788, api error InsufficientCidrBlocks: The specified subnet does not have enough free cidr blocks to satisfy the request."}
{"level":"error","ts":"2026-10-05T08:43:24.601Z","caller":"ipamd/ipamd.go:1255","msg":"Failed to allocate a private IP/Prefix addresses on ENI eni-EXAMPLE21: operation error EC2: AssignPrivateIpAddresses, https response error StatusCode: 400, RequestID: 25b5d934-b958-4a8a-be4e-99f3ee9a4788, api error InsufficientCidrBlocks: The specified subnet does not have enough free cidr blocks to satisfy the request."}
{"level":"debug","ts":"2026-10-05T08:43:24.601Z","caller":"ipamd/ipamd.go:1256","msg":"containsPrivateIPAddressLimitExceededError encountered operation error EC2: AssignPrivateIpAddresses, https response error StatusCode: 400, RequestID: 25b5d934-b958-4a8a-be4e-99f3ee9a4788, api error InsufficientCidrBlocks: The specified subnet does not have enough free cidr blocks to satisfy the request."}
{"level":"warn","ts":"2026-10-05T08:43:24.601Z","caller":"ipamd/ipamd.go:1113","msg":"failed to allocate all available IPv4 Prefixes on ENI eni-EXAMPLE21, err: operation error EC2: AssignPrivateIpAddresses, https response error StatusCode: 400, RequestID: 25b5d934-b958-4a8a-be4e-99f3ee9a4788, api error InsufficientCidrBlocks: The specified subnet does not have enough free cidr blocks to satisfy the request."}
{"level":"info","ts":"2026-10-05T08:43:24.601Z","caller":"ipamd/ipamd.go:1259","msg":"Trying to allocate 1 IP addresses on ENI eni-EXAMPLE21"}
{"level":"debug","ts":"2026-10-05T08:43:24.602Z","caller":"ipamd/ipamd.go:1259","msg":"PD enabled - true"}
{"level":"debug","ts":"2026-10-05T08:43:24.996Z","caller":"awsutils/awsutils.go:2174","msg":"checkAPIErrorAndBroadcastEvent resulted in operation error EC2: AssignPrivateIpAddresses, https response error StatusCode: 400, RequestID: 013a6a09-a339-4efc-a292-1821e65dd99b, api error InsufficientCidrBlocks: The specified subnet does not have enough free cidr blocks to satisfy the request."}
{"level":"error","ts":"2026-10-05T08:43:24.996Z","caller":"ipamd/ipamd.go:1259","msg":"Failed to allocate a private IP/Prefix addresses on ENI eni-EXAMPLE21: operation error EC2: AssignPrivateIpAddresses, https response error StatusCode: 400, RequestID: 013a6a09-a339-4efc-a292-1821e65dd99b, api error InsufficientCidrBlocks: The specified subnet does not have enough free cidr blocks to satisfy the request."}
{"level":"debug","ts":"2026-10-05T08:43:24.996Z","caller":"ipamd/ipamd.go:1260","msg":"containsPrivateIPAddressLimitExceededError encountered operation error EC2: AssignPrivateIpAddresses, https response error StatusCode: 400, RequestID: 013a6a09-a339-4efc-a292-1821e65dd99b, api error InsufficientCidrBlocks: The specified subnet does not have enough free cidr blocks to satisfy the request."}
{"level":"debug","ts":"2026-10-05T08:43:24.996Z","caller":"ipamd/ipamd.go:1262","msg":"containsInsufficientCIDRsOrSubnetIPs encountered operation error EC2: AssignPrivateIpAddresses, https response error StatusCode: 400, RequestID: 013a6a09-a339-4efc-a292-1821e65dd99b, api error InsufficientCidrBlocks: The specified subnet does not have enough free cidr blocks to satisfy the request."}
{"level":"debug","ts":"2026-10-05T08:43:24.996Z","caller":"ipamd/ipamd.go:1262","msg":"Insufficient IP Addresses due to: InsufficientCidrBlocks\n"}
{"level":"debug","ts":"2026-10-05T08:43:24.996Z","caller":"ipamd/ipamd.go:1003","msg":"hasRoomForEni: networkCard=0, currentENIs=1, currentUsableENIs=1, maxENI=3, unmanagedENI=0, trunkEni=0, excludedENI=0, hasRoom=true"}
{"level":"debug","ts":"2026-10-05T08:43:24.996Z","caller":"ipamd/ipamd.go:2758","msg":"Prefix target is 1, short of 1 prefixes, free 0 prefixes"}
{"level":"debug","ts":"2026-10-05T08:43:24.996Z","caller":"ipamd/ipamd.go:2595","msg":"ToAllocate: 1, Network Card 0"}
{"level":"info","ts":"2026-10-05T08:43:24.996Z","caller":"awsutils/awsutils.go:1044","msg":"Trying to allocate 1 IP addresses on new ENI"}
{"level":"debug","ts":"2026-10-05T08:43:24.996Z","caller":"awsutils/awsutils.go:1044","msg":"PD enabled - true"}
{"level":"debug","ts":"2026-10-05T08:43:25.248Z","caller":"awsutils/awsutils.go:1272","msg":"Primary subnet subnet-EXAMPLE1 has no kubernetes.io/role/cni tag, including it for ENI creation (backwards compatibility)"}
{"level":"info","ts":"2026-10-05T08:43:25.248Z","caller":"awsutils/awsutils.go:1044","msg":"Creating ENI with security groups: [sg-EXAMPLE1] in subnet: subnet-EXAMPLE1"}
{"level":"debug","ts":"2026-10-05T08:43:25.486Z","caller":"awsutils/awsutils.go:1449","msg":"checkAPIErrorAndBroadcastEvent resulted in operation error EC2: CreateNetworkInterface, https response error StatusCode: 400, RequestID: 73cdcd38-1106-4639-a584-687308a5d9ed, api error InvalidParameterValue: There aren't sufficient free Ipv4 addresses or prefixes"}
{"level":"error","ts":"2026-10-05T08:43:25.486Z","caller":"awsutils/awsutils.go:1285","msg":"Failed to CreateNetworkInterface operation error EC2: CreateNetworkInterface, https response error StatusCode: 400, RequestID: 73cdcd38-1106-4639-a584-687308a5d9ed, api error InvalidParameterValue: There aren't sufficient free Ipv4 addresses or prefixes for subnet subnet-EXAMPLE1"}
{"level":"debug","ts":"2026-10-05T08:43:25.486Z","caller":"awsutils/awsutils.go:1272","msg":"Subnet subnet-EXAMPLE2 has no kubernetes.io/role/cni tag, excluding it from ENI creation"}
{"level":"error","ts":"2026-10-05T08:43:25.486Z","caller":"ipamd/ipamd.go:1004","msg":"Failed to increase pool size due to not able to allocate ENI AllocENI: failed to create ENI: failed to create network interface: operation error EC2: CreateNetworkInterface, https response error StatusCode: 400, RequestID: 73cdcd38-1106-4639-a584-687308a5d9ed, api error InvalidParameterValue: There aren't sufficient free Ipv4 addresses or prefixes"}
{"level":"warn","ts":"2026-10-05T08:43:25.486Z","caller":"ipamd/ipamd.go:1004","msg":"Failed to allocate 1 IP addresses on an ENI: AllocENI: failed to create ENI: failed to create network interface: operation error EC2: CreateNetworkInterface, https response error StatusCode: 400, RequestID: 73cdcd38-1106-4639-a584-687308a5d9ed, api error InvalidParameterValue: There aren't sufficient free Ipv4 addresses or prefixes"}
{"level":"debug","ts":"2026-10-05T08:43:25.486Z","caller":"ipamd/ipamd.go:1082","msg":"containsInsufficientCIDRsOrSubnetIPs encountered AllocENI: failed to create ENI: failed to create network interface: operation error EC2: CreateNetworkInterface, https response error StatusCode: 400, RequestID: 73cdcd38-1106-4639-a584-687308a5d9ed, api error InvalidParameterValue: There aren't sufficient free Ipv4 addresses or prefixes"}
{"level":"debug","ts":"2026-10-05T08:43:25.486Z","caller":"ipamd/ipamd.go:1082","msg":"Insufficient IP Addresses due to: InvalidParameterValue\n"}
{"level":"debug","ts":"2026-10-05T08:43:25.486Z","caller":"ipamd/ipamd.go:813","msg":"Error trying to allocate ENI: AllocENI: failed to create ENI: failed to create network interface: operation error EC2: CreateNetworkInterface, https response error StatusCode: 400, RequestID: 73cdcd38-1106-4639-a584-687308a5d9ed, api error InvalidParameterValue: There aren't sufficient free Ipv4 addresses or prefixes"}
{"level":"debug","ts":"2026-10-05T08:43:25.486Z","caller":"ipamd/ipamd.go:1548","msg":"ENI eni-EXAMPLE21 cannot be deleted because it is primary"}
{"level":"info","ts":"2026-10-05T08:43:26.696Z","caller":"rpc/rpc_grpc.pb.go:117","msg":"Received AddNetwork for NS /var/run/netns/cni-0f59a9ef-afdd-218f-93d7-cd4e6b282724, Sandbox b2edcd61821cb2374011b31238003ca251346e9d9d5bf772341015c23105c766, ifname eth0"}
{"level":"debug","ts":"2026-10-05T08:43:26.696Z","caller":"rpc/rpc_grpc.pb.go:117","msg":"AddNetworkRequest: K8S_POD_NAME:\"pause-68d5b89fc-xv2r9\"  K8S_POD_NAMESPACE:\"default\"  K8S_POD_INFRA_CONTAINER_ID:\"b2edcd61821cb2374011b31238003ca251346e9d9d5bf772341015c23105c766\"  ContainerID:\"b2edcd61821cb2374011b31238003ca251346e9d9d5bf772341015c23105c766\"  IfName:\"eth0\"  NetworkName:\"aws-cni\"  Netns:\"/var/run/netns/cni-0f59a9ef-afdd-218f-93d7-cd4e6b282724\""}
{"level":"info","ts":"2026-10-05T08:43:26.696Z","caller":"rpc/rpc_grpc.pb.go:117","msg":"Required MultiNIC access false, interfaces required 1"}
{"level":"debug","ts":"2026-10-05T08:43:26.696Z","caller":"datastore/data_store.go:713","msg":"AssignPodIPv4Address: IP address pool stats: total 0, assigned 0"}
{"level":"debug","ts":"2026-10-05T08:43:26.696Z","caller":"datastore/data_store.go:713","msg":"AssignPodIPv4Address: ENI eni-EXAMPLE21 does not have available addresses"}
{"level":"error","ts":"2026-10-05T08:43:26.696Z","caller":"datastore/data_store.go:713","msg":"DataStore has no available IP/Prefix addresses"}
{"level":"warn","ts":"2026-10-05T08:43:26.696Z","caller":"rpc/rpc_grpc.pb.go:117","msg":"Failed to assign IPs from network card 0: AssignPodIPAddress: no available IP/Prefix addresses"}
{"level":"error","ts":"2026-10-05T08:43:26.696Z","caller":"rpc/rpc_grpc.pb.go:117","msg":"Returning failure response for AddNetwork: 1 error occurred:\n\t* AssignPodIPAddress: no available IP/Prefix addresses\n\n"}
{"level":"info","ts":"2026-10-05T08:43:26.696Z","caller":"rpc/rpc_grpc.pb.go:117","msg":"Send AddNetworkReply: Success: false IPAddr: [], resp: , err: AssignPodIPAddress: no available IP/Prefix addresses"}
{"level":"info","ts":"2026-10-05T08:43:26.720Z","caller":"rpc/rpc_grpc.pb.go:135","msg":"Received DelNetwork for Sandbox b2edcd61821cb2374011b31238003ca251346e9d9d5bf772341015c23105c766"}
{"level":"debug","ts":"2026-10-05T08:43:26.721Z","caller":"rpc/rpc_grpc.pb.go:135","msg":"DelNetworkRequest: K8S_POD_NAME:\"pause-68d5b89fc-xv2r9\"  K8S_POD_NAMESPACE:\"default\"  K8S_POD_INFRA_CONTAINER_ID:\"b2edcd61821cb2374011b31238003ca251346e9d9d5bf772341015c23105c766\"  Reason:\"PodDeleted\"  ContainerID:\"b2edcd61821cb2374011b31238003ca251346e9d9d5bf772341015c23105c766\"  IfName:\"eth0\"  NetworkName:\"aws-cni\"  K8S_POD_UID:\"cd4aecc7-3371-4cf3-bd27-460a41c60184\""}
{"level":"debug","ts":"2026-10-05T08:43:26.721Z","caller":"ipamd/rpc_handler.go:353","msg":"UnassignPodIPAddress: IP address pool stats: total 0, assigned 0, sandbox aws-cni/b2edcd61821cb2374011b31238003ca251346e9d9d5bf772341015c23105c766/eth0"}
{"level":"debug","ts":"2026-10-05T08:43:26.721Z","caller":"ipamd/rpc_handler.go:353","msg":"UnassignPodIPAddress: Failed to find IPAM entry under full key, trying CRI-migrated version"}
{"level":"warn","ts":"2026-10-05T08:43:26.721Z","caller":"ipamd/rpc_handler.go:353","msg":"UnassignPodIPAddress: Failed to find sandbox _migrated-from-cri/b2edcd61821cb2374011b31238003ca251346e9d9d5bf772341015c23105c766/unknown"}
{"level":"info","ts":"2026-10-05T08:43:26.721Z","caller":"rpc/rpc_grpc.pb.go:135","msg":"Send DelNetworkReply: IPAddress: [], err: 1 error occurred:\n\t* datastore: unknown pod\n\n"}
{"level":"debug","ts":"2026-10-05T08:43:30.488Z","caller":"ipamd/ipamd.go:809","msg":"IP pool is too low for Network Card 0: available (0) < ENI target (1) * addrsPerENI (16)"}
{"level":"debug","ts":"2026-10-05T08:43:30.488Z","caller":"ipamd/ipamd.go:2689","msg":"Prefix pool stats for network card 0: Total IPs/Prefixes = 0/0, AssignedIPs/CooldownIPs: 0/0, c.maxIPsPerENI = 80"}
{"level":"debug","ts":"2026-10-05T08:43:30.488Z","caller":"ipamd/ipamd.go:795","msg":"IP stats for Network Card 0 - total IPs: 0, assigned IPs: 0, cooldown IPs: 0"}
{"level":"debug","ts":"2026-10-05T08:43:30.488Z","caller":"ipamd/ipamd.go:813","msg":"Starting to increase pool size for network card 0"}
{"level":"debug","ts":"2026-10-05T08:43:30.488Z","caller":"ipamd/ipamd.go:966","msg":"Node found \"ip-10-20-0-45.ec2.internal\" - no of taints - 0"}
{"level":"debug","ts":"2026-10-05T08:43:30.488Z","caller":"ipamd/ipamd.go:2758","msg":"Prefix target is 1, short of 1 prefixes, free 0 prefixes"}
{"level":"debug","ts":"2026-10-05T08:43:30.488Z","caller":"ipamd/ipamd.go:1248","msg":"ToAllocate: 1, Network Card 0"}
{"level":"debug","ts":"2026-10-05T08:43:30.488Z","caller":"ipamd/ipamd.go:1251","msg":"Found ENI eni-EXAMPLE21 that has less than the maximum number of IP/Prefixes addresses allocated: cur=0, max=5"}
{"level":"info","ts":"2026-10-05T08:43:30.488Z","caller":"ipamd/ipamd.go:1255","msg":"Trying to allocate 1 IP addresses on ENI eni-EXAMPLE21"}
{"level":"debug","ts":"2026-10-05T08:43:30.488Z","caller":"ipamd/ipamd.go:1255","msg":"PD enabled - true"}
{"level":"info","ts":"2026-10-05T08:43:30.696Z","caller":"rpc/rpc_grpc.pb.go:117","msg":"Received AddNetwork for NS /var/run/netns/cni-d7beaf0b-1753-25b8-0cb0-55c4b8c6ff0c, Sandbox e2db6c9be434cff3e497dba256c3d3642061ccf52ad260a7d73f9dbdea22af95, ifname eth0"}
{"level":"debug","ts":"2026-10-05T08:43:30.696Z","caller":"rpc/rpc_grpc.pb.go:117","msg":"AddNetworkRequest: K8S_POD_NAME:\"coredns-79f8dffc57-cv2lj\"  K8S_POD_NAMESPACE:\"kube-system\"  K8S_POD_INFRA_CONTAINER_ID:\"e2db6c9be434cff3e497dba256c3d3642061ccf52ad260a7d73f9dbdea22af95\"  ContainerID:\"e2db6c9be434cff3e497dba256c3d3642061ccf52ad260a7d73f9dbdea22af95\"  IfName:\"eth0\"  NetworkName:\"aws-cni\"  Netns:\"/var/run/netns/cni-d7beaf0b-1753-25b8-0cb0-55c4b8c6ff0c\""}
{"level":"info","ts":"2026-10-05T08:43:30.696Z","caller":"rpc/rpc_grpc.pb.go:117","msg":"Required MultiNIC access false, interfaces required 1"}
{"level":"debug","ts":"2026-10-05T08:43:30.696Z","caller":"datastore/data_store.go:713","msg":"AssignPodIPv4Address: IP address pool stats: total 0, assigned 0"}
{"level":"debug","ts":"2026-10-05T08:43:30.696Z","caller":"datastore/data_store.go:713","msg":"AssignPodIPv4Address: ENI eni-EXAMPLE21 does not have available addresses"}
{"level":"error","ts":"2026-10-05T08:43:30.696Z","caller":"datastore/data_store.go:713","msg":"DataStore has no available IP/Prefix addresses"}
{"level":"warn","ts":"2026-10-05T08:43:30.696Z","caller":"rpc/rpc_grpc.pb.go:117","msg":"Failed to assign IPs from network card 0: AssignPodIPAddress: no available IP/Prefix addresses"}
{"level":"error","ts":"2026-10-05T08:43:30.697Z","caller":"rpc/rpc_grpc.pb.go:117","msg":"Returning failure response for AddNetwork: 1 error occurred:\n\t* AssignPodIPAddress: no available IP/Prefix addresses\n\n"}
{"level":"info","ts":"2026-10-05T08:43:30.697Z","caller":"rpc/rpc_grpc.pb.go:117","msg":"Send AddNetworkReply: Success: false IPAddr: [], resp: , err: AssignPodIPAddress: no available IP/Prefix addresses"}
{"level":"info","ts":"2026-10-05T08:43:30.722Z","caller":"rpc/rpc_grpc.pb.go:135","msg":"Received DelNetwork for Sandbox e2db6c9be434cff3e497dba256c3d3642061ccf52ad260a7d73f9dbdea22af95"}
{"level":"debug","ts":"2026-10-05T08:43:30.722Z","caller":"rpc/rpc_grpc.pb.go:135","msg":"DelNetworkRequest: K8S_POD_NAME:\"coredns-79f8dffc57-cv2lj\"  K8S_POD_NAMESPACE:\"kube-system\"  K8S_POD_INFRA_CONTAINER_ID:\"e2db6c9be434cff3e497dba256c3d3642061ccf52ad260a7d73f9dbdea22af95\"  Reason:\"PodDeleted\"  ContainerID:\"e2db6c9be434cff3e497dba256c3d3642061ccf52ad260a7d73f9dbdea22af95\"  IfName:\"eth0\"  NetworkName:\"aws-cni\"  K8S_POD_UID:\"080397ba-9aa0-4db1-b449-5fe2b0811692\""}
{"level":"debug","ts":"2026-10-05T08:43:30.722Z","caller":"ipamd/rpc_handler.go:353","msg":"UnassignPodIPAddress: IP address pool stats: total 0, assigned 0, sandbox aws-cni/e2db6c9be434cff3e497dba256c3d3642061ccf52ad260a7d73f9dbdea22af95/eth0"}
{"level":"debug","ts":"2026-10-05T08:43:30.722Z","caller":"ipamd/rpc_handler.go:353","msg":"UnassignPodIPAddress: Failed to find IPAM entry under full key, trying CRI-migrated version"}
{"level":"warn","ts":"2026-10-05T08:43:30.722Z","caller":"ipamd/rpc_handler.go:353","msg":"UnassignPodIPAddress: Failed to find sandbox _migrated-from-cri/e2db6c9be434cff3e497dba256c3d3642061ccf52ad260a7d73f9dbdea22af95/unknown"}
{"level":"info","ts":"2026-10-05T08:43:30.722Z","caller":"rpc/rpc_grpc.pb.go:135","msg":"Send DelNetworkReply: IPAddress: [], err: 1 error occurred:\n\t* datastore: unknown pod\n\n"}
{"level":"debug","ts":"2026-10-05T08:43:30.932Z","caller":"awsutils/awsutils.go:2174","msg":"checkAPIErrorAndBroadcastEvent resulted in operation error EC2: AssignPrivateIpAddresses, https response error StatusCode: 400, RequestID: 40691226-c869-480a-948e-bc46f169d1fc, api error InsufficientCidrBlocks: The specified subnet does not have enough free cidr blocks to satisfy the request."}
{"level":"error","ts":"2026-10-05T08:43:30.932Z","caller":"ipamd/ipamd.go:1255","msg":"Failed to allocate a private IP/Prefix addresses on ENI eni-EXAMPLE21: operation error EC2: AssignPrivateIpAddresses, https response error StatusCode: 400, RequestID: 40691226-c869-480a-948e-bc46f169d1fc, api error InsufficientCidrBlocks: The specified subnet does not have enough free cidr blocks to satisfy the request."}
{"level":"debug","ts":"2026-10-05T08:43:30.932Z","caller":"ipamd/ipamd.go:1256","msg":"containsPrivateIPAddressLimitExceededError encountered operation error EC2: AssignPrivateIpAddresses, https response error StatusCode: 400, RequestID: 40691226-c869-480a-948e-bc46f169d1fc, api error InsufficientCidrBlocks: The specified subnet does not have enough free cidr blocks to satisfy the request."}
{"level":"warn","ts":"2026-10-05T08:43:30.932Z","caller":"ipamd/ipamd.go:1113","msg":"failed to allocate all available IPv4 Prefixes on ENI eni-EXAMPLE21, err: operation error EC2: AssignPrivateIpAddresses, https response error StatusCode: 400, RequestID: 40691226-c869-480a-948e-bc46f169d1fc, api error InsufficientCidrBlocks: The specified subnet does not have enough free cidr blocks to satisfy the request."}
{"level":"info","ts":"2026-10-05T08:43:30.932Z","caller":"ipamd/ipamd.go:1259","msg":"Trying to allocate 1 IP addresses on ENI eni-EXAMPLE21"}
{"level":"debug","ts":"2026-10-05T08:43:30.932Z","caller":"ipamd/ipamd.go:1259","msg":"PD enabled - true"}
{"level":"debug","ts":"2026-10-05T08:43:31.343Z","caller":"awsutils/awsutils.go:2174","msg":"checkAPIErrorAndBroadcastEvent resulted in operation error EC2: AssignPrivateIpAddresses, https response error StatusCode: 400, RequestID: d2a75a44-21e8-44a9-9479-0cfd121338d5, api error InsufficientCidrBlocks: The specified subnet does not have enough free cidr blocks to satisfy the request."}
{"level":"error","ts":"2026-10-05T08:43:31.343Z","caller":"ipamd/ipamd.go:1259","msg":"Failed to allocate a private IP/Prefix addresses on ENI eni-EXAMPLE21: operation error EC2: AssignPrivateIpAddresses, https response error StatusCode: 400, RequestID: d2a75a44-21e8-44a9-9479-0cfd121338d5, api error InsufficientCidrBlocks: The specified subnet does not have enough free cidr blocks to satisfy the request."}
{"level":"debug","ts":"2026-10-05T08:43:31.343Z","caller":"ipamd/ipamd.go:1260","msg":"containsPrivateIPAddressLimitExceededError encountered operation error EC2: AssignPrivateIpAddresses, https response error StatusCode: 400, RequestID: d2a75a44-21e8-44a9-9479-0cfd121338d5, api error InsufficientCidrBlocks: The specified subnet does not have enough free cidr blocks to satisfy the request."}
{"level":"debug","ts":"2026-10-05T08:43:31.343Z","caller":"ipamd/ipamd.go:1262","msg":"containsInsufficientCIDRsOrSubnetIPs encountered operation error EC2: AssignPrivateIpAddresses, https response error StatusCode: 400, RequestID: d2a75a44-21e8-44a9-9479-0cfd121338d5, api error InsufficientCidrBlocks: The specified subnet does not have enough free cidr blocks to satisfy the request."}
{"level":"debug","ts":"2026-10-05T08:43:31.343Z","caller":"ipamd/ipamd.go:1262","msg":"Insufficient IP Addresses due to: InsufficientCidrBlocks\n"}
{"level":"debug","ts":"2026-10-05T08:43:31.343Z","caller":"ipamd/ipamd.go:1003","msg":"hasRoomForEni: networkCard=0, currentENIs=1, currentUsableENIs=1, maxENI=3, unmanagedENI=0, trunkEni=0, excludedENI=0, hasRoom=true"}
{"level":"debug","ts":"2026-10-05T08:43:31.343Z","caller":"ipamd/ipamd.go:2758","msg":"Prefix target is 1, short of 1 prefixes, free 0 prefixes"}
{"level":"debug","ts":"2026-10-05T08:43:31.343Z","caller":"ipamd/ipamd.go:2595","msg":"ToAllocate: 1, Network Card 0"}
{"level":"info","ts":"2026-10-05T08:43:31.343Z","caller":"awsutils/awsutils.go:1044","msg":"Trying to allocate 1 IP addresses on new ENI"}
{"level":"debug","ts":"2026-10-05T08:43:31.343Z","caller":"awsutils/awsutils.go:1044","msg":"PD enabled - true"}
{"level":"debug","ts":"2026-10-05T08:43:31.587Z","caller":"awsutils/awsutils.go:1272","msg":"Primary subnet subnet-EXAMPLE1 has no kubernetes.io/role/cni tag, including it for ENI creation (backwards compatibility)"}
{"level":"info","ts":"2026-10-05T08:43:31.587Z","caller":"awsutils/awsutils.go:1044","msg":"Creating ENI with security groups: [sg-EXAMPLE1] in subnet: subnet-EXAMPLE1"}
{"level":"info","ts":"2026-10-05T08:43:31.698Z","caller":"rpc/rpc_grpc.pb.go:117","msg":"Received AddNetwork for NS /var/run/netns/cni-69f9c9a4-7acc-167b-8eed-cb9fe5ba7668, Sandbox 19a5f404f00e7741e4a97b556a58270a1e66514f0749ad17b94a8b2ff7062ccf, ifname eth0"}
{"level":"debug","ts":"2026-10-05T08:43:31.698Z","caller":"rpc/rpc_grpc.pb.go:117","msg":"AddNetworkRequest: K8S_POD_NAME:\"pause-68d5b89fc-kwqf6\"  K8S_POD_NAMESPACE:\"default\"  K8S_POD_INFRA_CONTAINER_ID:\"19a5f404f00e7741e4a97b556a58270a1e66514f0749ad17b94a8b2ff7062ccf\"  ContainerID:\"19a5f404f00e7741e4a97b556a58270a1e66514f0749ad17b94a8b2ff7062ccf\"  IfName:\"eth0\"  NetworkName:\"aws-cni\"  Netns:\"/var/run/netns/cni-69f9c9a4-7acc-167b-8eed-cb9fe5ba7668\""}
{"level":"info","ts":"2026-10-05T08:43:31.698Z","caller":"rpc/rpc_grpc.pb.go:117","msg":"Required MultiNIC access false, interfaces required 1"}
{"level":"debug","ts":"2026-10-05T08:43:31.698Z","caller":"datastore/data_store.go:713","msg":"AssignPodIPv4Address: IP address pool stats: total 0, assigned 0"}
{"level":"debug","ts":"2026-10-05T08:43:31.698Z","caller":"datastore/data_store.go:713","msg":"AssignPodIPv4Address: ENI eni-EXAMPLE21 does not have available addresses"}
{"level":"error","ts":"2026-10-05T08:43:31.698Z","caller":"datastore/data_store.go:713","msg":"DataStore has no available IP/Prefix addresses"}
{"level":"warn","ts":"2026-10-05T08:43:31.698Z","caller":"rpc/rpc_grpc.pb.go:117","msg":"Failed to assign IPs from network card 0: AssignPodIPAddress: no available IP/Prefix addresses"}
{"level":"error","ts":"2026-10-05T08:43:31.698Z","caller":"rpc/rpc_grpc.pb.go:117","msg":"Returning failure response for AddNetwork: 1 error occurred:\n\t* AssignPodIPAddress: no available IP/Prefix addresses\n\n"}
{"level":"info","ts":"2026-10-05T08:43:31.698Z","caller":"rpc/rpc_grpc.pb.go:117","msg":"Send AddNetworkReply: Success: false IPAddr: [], resp: , err: AssignPodIPAddress: no available IP/Prefix addresses"}
{"level":"info","ts":"2026-10-05T08:43:31.723Z","caller":"rpc/rpc_grpc.pb.go:135","msg":"Received DelNetwork for Sandbox 19a5f404f00e7741e4a97b556a58270a1e66514f0749ad17b94a8b2ff7062ccf"}
{"level":"debug","ts":"2026-10-05T08:43:31.723Z","caller":"rpc/rpc_grpc.pb.go:135","msg":"DelNetworkRequest: K8S_POD_NAME:\"pause-68d5b89fc-kwqf6\"  K8S_POD_NAMESPACE:\"default\"  K8S_POD_INFRA_CONTAINER_ID:\"19a5f404f00e7741e4a97b556a58270a1e66514f0749ad17b94a8b2ff7062ccf\"  Reason:\"PodDeleted\"  ContainerID:\"19a5f404f00e7741e4a97b556a58270a1e66514f0749ad17b94a8b2ff7062ccf\"  IfName:\"eth0\"  NetworkName:\"aws-cni\"  K8S_POD_UID:\"f1c84b49-6e57-471b-b275-0a0535a8e3e2\""}
{"level":"debug","ts":"2026-10-05T08:43:31.723Z","caller":"ipamd/rpc_handler.go:353","msg":"UnassignPodIPAddress: IP address pool stats: total 0, assigned 0, sandbox aws-cni/19a5f404f00e7741e4a97b556a58270a1e66514f0749ad17b94a8b2ff7062ccf/eth0"}
{"level":"debug","ts":"2026-10-05T08:43:31.723Z","caller":"ipamd/rpc_handler.go:353","msg":"UnassignPodIPAddress: Failed to find IPAM entry under full key, trying CRI-migrated version"}
{"level":"warn","ts":"2026-10-05T08:43:31.723Z","caller":"ipamd/rpc_handler.go:353","msg":"UnassignPodIPAddress: Failed to find sandbox _migrated-from-cri/19a5f404f00e7741e4a97b556a58270a1e66514f0749ad17b94a8b2ff7062ccf/unknown"}
{"level":"info","ts":"2026-10-05T08:43:31.723Z","caller":"rpc/rpc_grpc.pb.go:135","msg":"Send DelNetworkReply: IPAddress: [], err: 1 error occurred:\n\t* datastore: unknown pod\n\n"}
{"level":"debug","ts":"2026-10-05T08:43:31.826Z","caller":"awsutils/awsutils.go:1449","msg":"checkAPIErrorAndBroadcastEvent resulted in operation error EC2: CreateNetworkInterface, https response error StatusCode: 400, RequestID: 5698574e-1e35-4b61-9fe7-71fa3c9307e7, api error InvalidParameterValue: There aren't sufficient free Ipv4 addresses or prefixes"}
{"level":"error","ts":"2026-10-05T08:43:31.826Z","caller":"awsutils/awsutils.go:1285","msg":"Failed to CreateNetworkInterface operation error EC2: CreateNetworkInterface, https response error StatusCode: 400, RequestID: 5698574e-1e35-4b61-9fe7-71fa3c9307e7, api error InvalidParameterValue: There aren't sufficient free Ipv4 addresses or prefixes for subnet subnet-EXAMPLE1"}
{"level":"debug","ts":"2026-10-05T08:43:31.826Z","caller":"awsutils/awsutils.go:1272","msg":"Subnet subnet-EXAMPLE2 has no kubernetes.io/role/cni tag, excluding it from ENI creation"}
{"level":"error","ts":"2026-10-05T08:43:31.826Z","caller":"ipamd/ipamd.go:1004","msg":"Failed to increase pool size due to not able to allocate ENI AllocENI: failed to create ENI: failed to create network interface: operation error EC2: CreateNetworkInterface, https response error StatusCode: 400, RequestID: 5698574e-1e35-4b61-9fe7-71fa3c9307e7, api error InvalidParameterValue: There aren't sufficient free Ipv4 addresses or prefixes"}
{"level":"warn","ts":"2026-10-05T08:43:31.826Z","caller":"ipamd/ipamd.go:1004","msg":"Failed to allocate 1 IP addresses on an ENI: AllocENI: failed to create ENI: failed to create network interface: operation error EC2: CreateNetworkInterface, https response error StatusCode: 400, RequestID: 5698574e-1e35-4b61-9fe7-71fa3c9307e7, api error InvalidParameterValue: There aren't sufficient free Ipv4 addresses or prefixes"}
{"level":"debug","ts":"2026-10-05T08:43:31.826Z","caller":"ipamd/ipamd.go:1082","msg":"containsInsufficientCIDRsOrSubnetIPs encountered AllocENI: failed to create ENI: failed to create network interface: operation error EC2: CreateNetworkInterface, https response error StatusCode: 400, RequestID: 5698574e-1e35-4b61-9fe7-71fa3c9307e7, api error InvalidParameterValue: There aren't sufficient free Ipv4 addresses or prefixes"}
{"level":"debug","ts":"2026-10-05T08:43:31.826Z","caller":"ipamd/ipamd.go:1082","msg":"Insufficient IP Addresses due to: InvalidParameterValue\n"}
{"level":"debug","ts":"2026-10-05T08:43:31.826Z","caller":"ipamd/ipamd.go:813","msg":"Error trying to allocate ENI: AllocENI: failed to create ENI: failed to create network interface: operation error EC2: CreateNetworkInterface, https response error StatusCode: 400, RequestID: 5698574e-1e35-4b61-9fe7-71fa3c9307e7, api error InvalidParameterValue: There aren't sufficient free Ipv4 addresses or prefixes"}
{"level":"debug","ts":"2026-10-05T08:43:31.826Z","caller":"ipamd/ipamd.go:1548","msg":"ENI eni-EXAMPLE21 cannot be deleted because it is primary"}
{"level":"info","ts":"2026-10-05T08:43:34.698Z","caller":"rpc/rpc_grpc.pb.go:117","msg":"Received AddNetwork for NS /var/run/netns/cni-3aa51d97-6078-f13b-f538-d88d69859a77, Sandbox e40710ad536361252aa14ae7f287df519beb3b4450fd4fca98f550adafbf19cf, ifname eth0"}
{"level":"debug","ts":"2026-10-05T08:43:34.698Z","caller":"rpc/rpc_grpc.pb.go:117","msg":"AddNetworkRequest: K8S_POD_NAME:\"coredns-79f8dffc57-fwslz\"  K8S_POD_NAMESPACE:\"kube-system\"  K8S_POD_INFRA_CONTAINER_ID:\"e40710ad536361252aa14ae7f287df519beb3b4450fd4fca98f550adafbf19cf\"  ContainerID:\"e40710ad536361252aa14ae7f287df519beb3b4450fd4fca98f550adafbf19cf\"  IfName:\"eth0\"  NetworkName:\"aws-cni\"  Netns:\"/var/run/netns/cni-3aa51d97-6078-f13b-f538-d88d69859a77\""}
{"level":"info","ts":"2026-10-05T08:43:34.698Z","caller":"rpc/rpc_grpc.pb.go:117","msg":"Required MultiNIC access false, interfaces required 1"}
{"level":"debug","ts":"2026-10-05T08:43:34.698Z","caller":"datastore/data_store.go:713","msg":"AssignPodIPv4Address: IP address pool stats: total 0, assigned 0"}
{"level":"debug","ts":"2026-10-05T08:43:34.698Z","caller":"datastore/data_store.go:713","msg":"AssignPodIPv4Address: ENI eni-EXAMPLE21 does not have available addresses"}
{"level":"error","ts":"2026-10-05T08:43:34.698Z","caller":"datastore/data_store.go:713","msg":"DataStore has no available IP/Prefix addresses"}
{"level":"warn","ts":"2026-10-05T08:43:34.698Z","caller":"rpc/rpc_grpc.pb.go:117","msg":"Failed to assign IPs from network card 0: AssignPodIPAddress: no available IP/Prefix addresses"}
{"level":"error","ts":"2026-10-05T08:43:34.698Z","caller":"rpc/rpc_grpc.pb.go:117","msg":"Returning failure response for AddNetwork: 1 error occurred:\n\t* AssignPodIPAddress: no available IP/Prefix addresses\n\n"}
{"level":"info","ts":"2026-10-05T08:43:34.698Z","caller":"rpc/rpc_grpc.pb.go:117","msg":"Send AddNetworkReply: Success: false IPAddr: [], resp: , err: AssignPodIPAddress: no available IP/Prefix addresses"}
{"level":"info","ts":"2026-10-05T08:43:34.734Z","caller":"rpc/rpc_grpc.pb.go:135","msg":"Received DelNetwork for Sandbox e40710ad536361252aa14ae7f287df519beb3b4450fd4fca98f550adafbf19cf"}
{"level":"debug","ts":"2026-10-05T08:43:34.734Z","caller":"rpc/rpc_grpc.pb.go:135","msg":"DelNetworkRequest: K8S_POD_NAME:\"coredns-79f8dffc57-fwslz\"  K8S_POD_NAMESPACE:\"kube-system\"  K8S_POD_INFRA_CONTAINER_ID:\"e40710ad536361252aa14ae7f287df519beb3b4450fd4fca98f550adafbf19cf\"  Reason:\"PodDeleted\"  ContainerID:\"e40710ad536361252aa14ae7f287df519beb3b4450fd4fca98f550adafbf19cf\"  IfName:\"eth0\"  NetworkName:\"aws-cni\"  K8S_POD_UID:\"ad241f1d-d89e-4886-8d30-e22384a0b925\""}
{"level":"debug","ts":"2026-10-05T08:43:34.734Z","caller":"ipamd/rpc_handler.go:353","msg":"UnassignPodIPAddress: IP address pool stats: total 0, assigned 0, sandbox aws-cni/e40710ad536361252aa14ae7f287df519beb3b4450fd4fca98f550adafbf19cf/eth0"}
{"level":"debug","ts":"2026-10-05T08:43:34.734Z","caller":"ipamd/rpc_handler.go:353","msg":"UnassignPodIPAddress: Failed to find IPAM entry under full key, trying CRI-migrated version"}
{"level":"warn","ts":"2026-10-05T08:43:34.734Z","caller":"ipamd/rpc_handler.go:353","msg":"UnassignPodIPAddress: Failed to find sandbox _migrated-from-cri/e40710ad536361252aa14ae7f287df519beb3b4450fd4fca98f550adafbf19cf/unknown"}
{"level":"info","ts":"2026-10-05T08:43:34.734Z","caller":"rpc/rpc_grpc.pb.go:135","msg":"Send DelNetworkReply: IPAddress: [], err: 1 error occurred:\n\t* datastore: unknown pod\n\n"}
{"level":"debug","ts":"2026-10-05T08:43:36.828Z","caller":"ipamd/ipamd.go:809","msg":"IP pool is too low for Network Card 0: available (0) < ENI target (1) * addrsPerENI (16)"}
{"level":"debug","ts":"2026-10-05T08:43:36.828Z","caller":"ipamd/ipamd.go:2689","msg":"Prefix pool stats for network card 0: Total IPs/Prefixes = 0/0, AssignedIPs/CooldownIPs: 0/0, c.maxIPsPerENI = 80"}
{"level":"debug","ts":"2026-10-05T08:43:36.828Z","caller":"ipamd/ipamd.go:795","msg":"IP stats for Network Card 0 - total IPs: 0, assigned IPs: 0, cooldown IPs: 0"}
{"level":"debug","ts":"2026-10-05T08:43:36.828Z","caller":"ipamd/ipamd.go:813","msg":"Starting to increase pool size for network card 0"}
{"level":"debug","ts":"2026-10-05T08:43:36.828Z","caller":"ipamd/ipamd.go:966","msg":"Node found \"ip-10-20-0-45.ec2.internal\" - no of taints - 0"}
{"level":"debug","ts":"2026-10-05T08:43:36.828Z","caller":"ipamd/ipamd.go:2758","msg":"Prefix target is 1, short of 1 prefixes, free 0 prefixes"}
{"level":"debug","ts":"2026-10-05T08:43:36.828Z","caller":"ipamd/ipamd.go:1248","msg":"ToAllocate: 1, Network Card 0"}
{"level":"debug","ts":"2026-10-05T08:43:36.828Z","caller":"ipamd/ipamd.go:1251","msg":"Found ENI eni-EXAMPLE21 that has less than the maximum number of IP/Prefixes addresses allocated: cur=0, max=5"}
{"level":"info","ts":"2026-10-05T08:43:36.828Z","caller":"ipamd/ipamd.go:1255","msg":"Trying to allocate 1 IP addresses on ENI eni-EXAMPLE21"}
{"level":"debug","ts":"2026-10-05T08:43:36.828Z","caller":"ipamd/ipamd.go:1255","msg":"PD enabled - true"}
{"level":"debug","ts":"2026-10-05T08:43:37.235Z","caller":"awsutils/awsutils.go:2174","msg":"checkAPIErrorAndBroadcastEvent resulted in operation error EC2: AssignPrivateIpAddresses, https response error StatusCode: 400, RequestID: 1d58cb9f-7b82-44e4-956e-ca1d975688ca, api error InsufficientCidrBlocks: The specified subnet does not have enough free cidr blocks to satisfy the request."}
{"level":"error","ts":"2026-10-05T08:43:37.235Z","caller":"ipamd/ipamd.go:1255","msg":"Failed to allocate a private IP/Prefix addresses on ENI eni-EXAMPLE21: operation error EC2: AssignPrivateIpAddresses, https response error StatusCode: 400, RequestID: 1d58cb9f-7b82-44e4-956e-ca1d975688ca, api error InsufficientCidrBlocks: The specified subnet does not have enough free cidr blocks to satisfy the request."}
{"level":"debug","ts":"2026-10-05T08:43:37.235Z","caller":"ipamd/ipamd.go:1256","msg":"containsPrivateIPAddressLimitExceededError encountered operation error EC2: AssignPrivateIpAddresses, https response error StatusCode: 400, RequestID: 1d58cb9f-7b82-44e4-956e-ca1d975688ca, api error InsufficientCidrBlocks: The specified subnet does not have enough free cidr blocks to satisfy the request."}
{"level":"warn","ts":"2026-10-05T08:43:37.235Z","caller":"ipamd/ipamd.go:1113","msg":"failed to allocate all available IPv4 Prefixes on ENI eni-EXAMPLE21, err: operation error EC2: AssignPrivateIpAddresses, https response error StatusCode: 400, RequestID: 1d58cb9f-7b82-44e4-956e-ca1d975688ca, api error InsufficientCidrBlocks: The specified subnet does not have enough free cidr blocks to satisfy the request."}
{"level":"info","ts":"2026-10-05T08:43:37.235Z","caller":"ipamd/ipamd.go:1259","msg":"Trying to allocate 1 IP addresses on ENI eni-EXAMPLE21"}
{"level":"debug","ts":"2026-10-05T08:43:37.235Z","caller":"ipamd/ipamd.go:1259","msg":"PD enabled - true"}
{"level":"debug","ts":"2026-10-05T08:43:37.617Z","caller":"awsutils/awsutils.go:2174","msg":"checkAPIErrorAndBroadcastEvent resulted in operation error EC2: AssignPrivateIpAddresses, https response error StatusCode: 400, RequestID: 9ec30a90-26b3-431d-8aa1-8f6af4c4d06e, api error InsufficientCidrBlocks: The specified subnet does not have enough free cidr blocks to satisfy the request."}
{"level":"error","ts":"2026-10-05T08:43:37.617Z","caller":"ipamd/ipamd.go:1259","msg":"Failed to allocate a private IP/Prefix addresses on ENI eni-EXAMPLE21: operation error EC2: AssignPrivateIpAddresses, https response error StatusCode: 400, RequestID: 9ec30a90-26b3-431d-8aa1-8f6af4c4d06e, api error InsufficientCidrBlocks: The specified subnet does not have enough free cidr blocks to satisfy the request."}
{"level":"debug","ts":"2026-10-05T08:43:37.617Z","caller":"ipamd/ipamd.go:1260","msg":"containsPrivateIPAddressLimitExceededError encountered operation error EC2: AssignPrivateIpAddresses, https response error StatusCode: 400, RequestID: 9ec30a90-26b3-431d-8aa1-8f6af4c4d06e, api error InsufficientCidrBlocks: The specified subnet does not have enough free cidr blocks to satisfy the request."}
{"level":"debug","ts":"2026-10-05T08:43:37.617Z","caller":"ipamd/ipamd.go:1262","msg":"containsInsufficientCIDRsOrSubnetIPs encountered operation error EC2: AssignPrivateIpAddresses, https response error StatusCode: 400, RequestID: 9ec30a90-26b3-431d-8aa1-8f6af4c4d06e, api error InsufficientCidrBlocks: The specified subnet does not have enough free cidr blocks to satisfy the request."}
{"level":"debug","ts":"2026-10-05T08:43:37.617Z","caller":"ipamd/ipamd.go:1262","msg":"Insufficient IP Addresses due to: InsufficientCidrBlocks\n"}
{"level":"debug","ts":"2026-10-05T08:43:37.617Z","caller":"ipamd/ipamd.go:1003","msg":"hasRoomForEni: networkCard=0, currentENIs=1, currentUsableENIs=1, maxENI=3, unmanagedENI=0, trunkEni=0, excludedENI=0, hasRoom=true"}
{"level":"debug","ts":"2026-10-05T08:43:37.617Z","caller":"ipamd/ipamd.go:2758","msg":"Prefix target is 1, short of 1 prefixes, free 0 prefixes"}
{"level":"debug","ts":"2026-10-05T08:43:37.617Z","caller":"ipamd/ipamd.go:2595","msg":"ToAllocate: 1, Network Card 0"}
{"level":"info","ts":"2026-10-05T08:43:37.617Z","caller":"awsutils/awsutils.go:1044","msg":"Trying to allocate 1 IP addresses on new ENI"}
{"level":"debug","ts":"2026-10-05T08:43:37.617Z","caller":"awsutils/awsutils.go:1044","msg":"PD enabled - true"}
{"level":"debug","ts":"2026-10-05T08:43:37.855Z","caller":"awsutils/awsutils.go:1272","msg":"Primary subnet subnet-EXAMPLE1 has no kubernetes.io/role/cni tag, including it for ENI creation (backwards compatibility)"}
{"level":"info","ts":"2026-10-05T08:43:37.855Z","caller":"awsutils/awsutils.go:1044","msg":"Creating ENI with security groups: [sg-EXAMPLE1] in subnet: subnet-EXAMPLE1"}
{"level":"debug","ts":"2026-10-05T08:43:38.066Z","caller":"awsutils/awsutils.go:1449","msg":"checkAPIErrorAndBroadcastEvent resulted in operation error EC2: CreateNetworkInterface, https response error StatusCode: 400, RequestID: 9b2abdef-cda6-4cdb-8e2f-028be0b8bca2, api error InvalidParameterValue: There aren't sufficient free Ipv4 addresses or prefixes"}
{"level":"error","ts":"2026-10-05T08:43:38.066Z","caller":"awsutils/awsutils.go:1285","msg":"Failed to CreateNetworkInterface operation error EC2: CreateNetworkInterface, https response error StatusCode: 400, RequestID: 9b2abdef-cda6-4cdb-8e2f-028be0b8bca2, api error InvalidParameterValue: There aren't sufficient free Ipv4 addresses or prefixes for subnet subnet-EXAMPLE1"}
{"level":"debug","ts":"2026-10-05T08:43:38.066Z","caller":"awsutils/awsutils.go:1272","msg":"Subnet subnet-EXAMPLE2 has no kubernetes.io/role/cni tag, excluding it from ENI creation"}
{"level":"error","ts":"2026-10-05T08:43:38.066Z","caller":"ipamd/ipamd.go:1004","msg":"Failed to increase pool size due to not able to allocate ENI AllocENI: failed to create ENI: failed to create network interface: operation error EC2: CreateNetworkInterface, https response error StatusCode: 400, RequestID: 9b2abdef-cda6-4cdb-8e2f-028be0b8bca2, api error InvalidParameterValue: There aren't sufficient free Ipv4 addresses or prefixes"}
{"level":"warn","ts":"2026-10-05T08:43:38.066Z","caller":"ipamd/ipamd.go:1004","msg":"Failed to allocate 1 IP addresses on an ENI: AllocENI: failed to create ENI: failed to create network interface: operation error EC2: CreateNetworkInterface, https response error StatusCode: 400, RequestID: 9b2abdef-cda6-4cdb-8e2f-028be0b8bca2, api error InvalidParameterValue: There aren't sufficient free Ipv4 addresses or prefixes"}
{"level":"debug","ts":"2026-10-05T08:43:38.066Z","caller":"ipamd/ipamd.go:1082","msg":"containsInsufficientCIDRsOrSubnetIPs encountered AllocENI: failed to create ENI: failed to create network interface: operation error EC2: CreateNetworkInterface, https response error StatusCode: 400, RequestID: 9b2abdef-cda6-4cdb-8e2f-028be0b8bca2, api error InvalidParameterValue: There aren't sufficient free Ipv4 addresses or prefixes"}
{"level":"debug","ts":"2026-10-05T08:43:38.066Z","caller":"ipamd/ipamd.go:1082","msg":"Insufficient IP Addresses due to: InvalidParameterValue\n"}
{"level":"debug","ts":"2026-10-05T08:43:38.066Z","caller":"ipamd/ipamd.go:813","msg":"Error trying to allocate ENI: AllocENI: failed to create ENI: failed to create network interface: operation error EC2: CreateNetworkInterface, https response error StatusCode: 400, RequestID: 9b2abdef-cda6-4cdb-8e2f-028be0b8bca2, api error InvalidParameterValue: There aren't sufficient free Ipv4 addresses or prefixes"}
{"level":"debug","ts":"2026-10-05T08:43:38.066Z","caller":"ipamd/ipamd.go:1548","msg":"ENI eni-EXAMPLE21 cannot be deleted because it is primary"}
{"level":"info","ts":"2026-10-05T08:43:41.700Z","caller":"rpc/rpc_grpc.pb.go:117","msg":"Received AddNetwork for NS /var/run/netns/cni-9e25779d-cbce-23e6-fc99-22f22a6f62f3, Sandbox a40e84ee879d9038944c54429202d54fec9d291734eee3e32cc95417fc4b4444, ifname eth0"}
{"level":"debug","ts":"2026-10-05T08:43:41.700Z","caller":"rpc/rpc_grpc.pb.go:117","msg":"AddNetworkRequest: K8S_POD_NAME:\"pause-68d5b89fc-xv2r9\"  K8S_POD_NAMESPACE:\"default\"  K8S_POD_INFRA_CONTAINER_ID:\"a40e84ee879d9038944c54429202d54fec9d291734eee3e32cc95417fc4b4444\"  ContainerID:\"a40e84ee879d9038944c54429202d54fec9d291734eee3e32cc95417fc4b4444\"  IfName:\"eth0\"  NetworkName:\"aws-cni\"  Netns:\"/var/run/netns/cni-9e25779d-cbce-23e6-fc99-22f22a6f62f3\""}
{"level":"info","ts":"2026-10-05T08:43:41.700Z","caller":"rpc/rpc_grpc.pb.go:117","msg":"Required MultiNIC access false, interfaces required 1"}
{"level":"debug","ts":"2026-10-05T08:43:41.700Z","caller":"datastore/data_store.go:713","msg":"AssignPodIPv4Address: IP address pool stats: total 0, assigned 0"}
{"level":"debug","ts":"2026-10-05T08:43:41.700Z","caller":"datastore/data_store.go:713","msg":"AssignPodIPv4Address: ENI eni-EXAMPLE21 does not have available addresses"}
{"level":"error","ts":"2026-10-05T08:43:41.700Z","caller":"datastore/data_store.go:713","msg":"DataStore has no available IP/Prefix addresses"}
{"level":"warn","ts":"2026-10-05T08:43:41.700Z","caller":"rpc/rpc_grpc.pb.go:117","msg":"Failed to assign IPs from network card 0: AssignPodIPAddress: no available IP/Prefix addresses"}
{"level":"error","ts":"2026-10-05T08:43:41.700Z","caller":"rpc/rpc_grpc.pb.go:117","msg":"Returning failure response for AddNetwork: 1 error occurred:\n\t* AssignPodIPAddress: no available IP/Prefix addresses\n\n"}
{"level":"info","ts":"2026-10-05T08:43:41.700Z","caller":"rpc/rpc_grpc.pb.go:117","msg":"Send AddNetworkReply: Success: false IPAddr: [], resp: , err: AssignPodIPAddress: no available IP/Prefix addresses"}
{"level":"info","ts":"2026-10-05T08:43:41.725Z","caller":"rpc/rpc_grpc.pb.go:135","msg":"Received DelNetwork for Sandbox a40e84ee879d9038944c54429202d54fec9d291734eee3e32cc95417fc4b4444"}
{"level":"debug","ts":"2026-10-05T08:43:41.725Z","caller":"rpc/rpc_grpc.pb.go:135","msg":"DelNetworkRequest: K8S_POD_NAME:\"pause-68d5b89fc-xv2r9\"  K8S_POD_NAMESPACE:\"default\"  K8S_POD_INFRA_CONTAINER_ID:\"a40e84ee879d9038944c54429202d54fec9d291734eee3e32cc95417fc4b4444\"  Reason:\"PodDeleted\"  ContainerID:\"a40e84ee879d9038944c54429202d54fec9d291734eee3e32cc95417fc4b4444\"  IfName:\"eth0\"  NetworkName:\"aws-cni\"  K8S_POD_UID:\"cd4aecc7-3371-4cf3-bd27-460a41c60184\""}
{"level":"debug","ts":"2026-10-05T08:43:41.725Z","caller":"ipamd/rpc_handler.go:353","msg":"UnassignPodIPAddress: IP address pool stats: total 0, assigned 0, sandbox aws-cni/a40e84ee879d9038944c54429202d54fec9d291734eee3e32cc95417fc4b4444/eth0"}
{"level":"debug","ts":"2026-10-05T08:43:41.725Z","caller":"ipamd/rpc_handler.go:353","msg":"UnassignPodIPAddress: Failed to find IPAM entry under full key, trying CRI-migrated version"}
{"level":"warn","ts":"2026-10-05T08:43:41.725Z","caller":"ipamd/rpc_handler.go:353","msg":"UnassignPodIPAddress: Failed to find sandbox _migrated-from-cri/a40e84ee879d9038944c54429202d54fec9d291734eee3e32cc95417fc4b4444/unknown"}
{"level":"info","ts":"2026-10-05T08:43:41.725Z","caller":"rpc/rpc_grpc.pb.go:135","msg":"Send DelNetworkReply: IPAddress: [], err: 1 error occurred:\n\t* datastore: unknown pod\n\n"}
{"level":"debug","ts":"2026-10-05T08:43:43.069Z","caller":"ipamd/ipamd.go:809","msg":"IP pool is too low for Network Card 0: available (0) < ENI target (1) * addrsPerENI (16)"}
{"level":"debug","ts":"2026-10-05T08:43:43.069Z","caller":"ipamd/ipamd.go:2689","msg":"Prefix pool stats for network card 0: Total IPs/Prefixes = 0/0, AssignedIPs/CooldownIPs: 0/0, c.maxIPsPerENI = 80"}
{"level":"debug","ts":"2026-10-05T08:43:43.069Z","caller":"ipamd/ipamd.go:795","msg":"IP stats for Network Card 0 - total IPs: 0, assigned IPs: 0, cooldown IPs: 0"}
{"level":"debug","ts":"2026-10-05T08:43:43.069Z","caller":"ipamd/ipamd.go:813","msg":"Starting to increase pool size for network card 0"}
{"level":"debug","ts":"2026-10-05T08:43:43.069Z","caller":"ipamd/ipamd.go:966","msg":"Node found \"ip-10-20-0-45.ec2.internal\" - no of taints - 0"}
{"level":"debug","ts":"2026-10-05T08:43:43.069Z","caller":"ipamd/ipamd.go:2758","msg":"Prefix target is 1, short of 1 prefixes, free 0 prefixes"}
{"level":"debug","ts":"2026-10-05T08:43:43.069Z","caller":"ipamd/ipamd.go:1248","msg":"ToAllocate: 1, Network Card 0"}
{"level":"debug","ts":"2026-10-05T08:43:43.069Z","caller":"ipamd/ipamd.go:1251","msg":"Found ENI eni-EXAMPLE21 that has less than the maximum number of IP/Prefixes addresses allocated: cur=0, max=5"}
{"level":"info","ts":"2026-10-05T08:43:43.069Z","caller":"ipamd/ipamd.go:1255","msg":"Trying to allocate 1 IP addresses on ENI eni-EXAMPLE21"}
{"level":"debug","ts":"2026-10-05T08:43:43.069Z","caller":"ipamd/ipamd.go:1255","msg":"PD enabled - true"}
{"level":"debug","ts":"2026-10-05T08:43:43.452Z","caller":"awsutils/awsutils.go:2174","msg":"checkAPIErrorAndBroadcastEvent resulted in operation error EC2: AssignPrivateIpAddresses, https response error StatusCode: 400, RequestID: 7695963c-1396-4325-be00-f264c4b26c54, api error InsufficientCidrBlocks: The specified subnet does not have enough free cidr blocks to satisfy the request."}
{"level":"error","ts":"2026-10-05T08:43:43.453Z","caller":"ipamd/ipamd.go:1255","msg":"Failed to allocate a private IP/Prefix addresses on ENI eni-EXAMPLE21: operation error EC2: AssignPrivateIpAddresses, https response error StatusCode: 400, RequestID: 7695963c-1396-4325-be00-f264c4b26c54, api error InsufficientCidrBlocks: The specified subnet does not have enough free cidr blocks to satisfy the request."}
{"level":"debug","ts":"2026-10-05T08:43:43.453Z","caller":"ipamd/ipamd.go:1256","msg":"containsPrivateIPAddressLimitExceededError encountered operation error EC2: AssignPrivateIpAddresses, https response error StatusCode: 400, RequestID: 7695963c-1396-4325-be00-f264c4b26c54, api error InsufficientCidrBlocks: The specified subnet does not have enough free cidr blocks to satisfy the request."}
{"level":"warn","ts":"2026-10-05T08:43:43.453Z","caller":"ipamd/ipamd.go:1113","msg":"failed to allocate all available IPv4 Prefixes on ENI eni-EXAMPLE21, err: operation error EC2: AssignPrivateIpAddresses, https response error StatusCode: 400, RequestID: 7695963c-1396-4325-be00-f264c4b26c54, api error InsufficientCidrBlocks: The specified subnet does not have enough free cidr blocks to satisfy the request."}
{"level":"info","ts":"2026-10-05T08:43:43.453Z","caller":"ipamd/ipamd.go:1259","msg":"Trying to allocate 1 IP addresses on ENI eni-EXAMPLE21"}
{"level":"debug","ts":"2026-10-05T08:43:43.453Z","caller":"ipamd/ipamd.go:1259","msg":"PD enabled - true"}
{"level":"debug","ts":"2026-10-05T08:43:43.900Z","caller":"awsutils/awsutils.go:2174","msg":"checkAPIErrorAndBroadcastEvent resulted in operation error EC2: AssignPrivateIpAddresses, https response error StatusCode: 400, RequestID: 12f1d59f-0b11-40e6-b615-66c81d9b29ec, api error InsufficientCidrBlocks: The specified subnet does not have enough free cidr blocks to satisfy the request."}
{"level":"error","ts":"2026-10-05T08:43:43.900Z","caller":"ipamd/ipamd.go:1259","msg":"Failed to allocate a private IP/Prefix addresses on ENI eni-EXAMPLE21: operation error EC2: AssignPrivateIpAddresses, https response error StatusCode: 400, RequestID: 12f1d59f-0b11-40e6-b615-66c81d9b29ec, api error InsufficientCidrBlocks: The specified subnet does not have enough free cidr blocks to satisfy the request."}
{"level":"debug","ts":"2026-10-05T08:43:43.900Z","caller":"ipamd/ipamd.go:1260","msg":"containsPrivateIPAddressLimitExceededError encountered operation error EC2: AssignPrivateIpAddresses, https response error StatusCode: 400, RequestID: 12f1d59f-0b11-40e6-b615-66c81d9b29ec, api error InsufficientCidrBlocks: The specified subnet does not have enough free cidr blocks to satisfy the request."}
{"level":"debug","ts":"2026-10-05T08:43:43.900Z","caller":"ipamd/ipamd.go:1262","msg":"containsInsufficientCIDRsOrSubnetIPs encountered operation error EC2: AssignPrivateIpAddresses, https response error StatusCode: 400, RequestID: 12f1d59f-0b11-40e6-b615-66c81d9b29ec, api error InsufficientCidrBlocks: The specified subnet does not have enough free cidr blocks to satisfy the request."}
{"level":"debug","ts":"2026-10-05T08:43:43.900Z","caller":"ipamd/ipamd.go:1262","msg":"Insufficient IP Addresses due to: InsufficientCidrBlocks\n"}
{"level":"debug","ts":"2026-10-05T08:43:43.900Z","caller":"ipamd/ipamd.go:1003","msg":"hasRoomForEni: networkCard=0, currentENIs=1, currentUsableENIs=1, maxENI=3, unmanagedENI=0, trunkEni=0, excludedENI=0, hasRoom=true"}
{"level":"debug","ts":"2026-10-05T08:43:43.900Z","caller":"ipamd/ipamd.go:2758","msg":"Prefix target is 1, short of 1 prefixes, free 0 prefixes"}
{"level":"debug","ts":"2026-10-05T08:43:43.900Z","caller":"ipamd/ipamd.go:2595","msg":"ToAllocate: 1, Network Card 0"}
{"level":"info","ts":"2026-10-05T08:43:43.900Z","caller":"awsutils/awsutils.go:1044","msg":"Trying to allocate 1 IP addresses on new ENI"}
{"level":"debug","ts":"2026-10-05T08:43:43.900Z","caller":"awsutils/awsutils.go:1044","msg":"PD enabled - true"}
{"level":"debug","ts":"2026-10-05T08:43:44.168Z","caller":"awsutils/awsutils.go:1272","msg":"Primary subnet subnet-EXAMPLE1 has no kubernetes.io/role/cni tag, including it for ENI creation (backwards compatibility)"}
{"level":"info","ts":"2026-10-05T08:43:44.168Z","caller":"awsutils/awsutils.go:1044","msg":"Creating ENI with security groups: [sg-EXAMPLE1] in subnet: subnet-EXAMPLE1"}
{"level":"debug","ts":"2026-10-05T08:43:44.385Z","caller":"awsutils/awsutils.go:1449","msg":"checkAPIErrorAndBroadcastEvent resulted in operation error EC2: CreateNetworkInterface, https response error StatusCode: 400, RequestID: 2ff0d41a-6c83-43c1-ab17-f9428c5d3853, api error InvalidParameterValue: There aren't sufficient free Ipv4 addresses or prefixes"}
{"level":"error","ts":"2026-10-05T08:43:44.385Z","caller":"awsutils/awsutils.go:1285","msg":"Failed to CreateNetworkInterface operation error EC2: CreateNetworkInterface, https response error StatusCode: 400, RequestID: 2ff0d41a-6c83-43c1-ab17-f9428c5d3853, api error InvalidParameterValue: There aren't sufficient free Ipv4 addresses or prefixes for subnet subnet-EXAMPLE1"}
{"level":"debug","ts":"2026-10-05T08:43:44.385Z","caller":"awsutils/awsutils.go:1272","msg":"Subnet subnet-EXAMPLE2 has no kubernetes.io/role/cni tag, excluding it from ENI creation"}
{"level":"error","ts":"2026-10-05T08:43:44.385Z","caller":"ipamd/ipamd.go:1004","msg":"Failed to increase pool size due to not able to allocate ENI AllocENI: failed to create ENI: failed to create network interface: operation error EC2: CreateNetworkInterface, https response error StatusCode: 400, RequestID: 2ff0d41a-6c83-43c1-ab17-f9428c5d3853, api error InvalidParameterValue: There aren't sufficient free Ipv4 addresses or prefixes"}
{"level":"warn","ts":"2026-10-05T08:43:44.385Z","caller":"ipamd/ipamd.go:1004","msg":"Failed to allocate 1 IP addresses on an ENI: AllocENI: failed to create ENI: failed to create network interface: operation error EC2: CreateNetworkInterface, https response error StatusCode: 400, RequestID: 2ff0d41a-6c83-43c1-ab17-f9428c5d3853, api error InvalidParameterValue: There aren't sufficient free Ipv4 addresses or prefixes"}
{"level":"debug","ts":"2026-10-05T08:43:44.385Z","caller":"ipamd/ipamd.go:1082","msg":"containsInsufficientCIDRsOrSubnetIPs encountered AllocENI: failed to create ENI: failed to create network interface: operation error EC2: CreateNetworkInterface, https response error StatusCode: 400, RequestID: 2ff0d41a-6c83-43c1-ab17-f9428c5d3853, api error InvalidParameterValue: There aren't sufficient free Ipv4 addresses or prefixes"}
{"level":"debug","ts":"2026-10-05T08:43:44.385Z","caller":"ipamd/ipamd.go:1082","msg":"Insufficient IP Addresses due to: InvalidParameterValue\n"}
{"level":"debug","ts":"2026-10-05T08:43:44.385Z","caller":"ipamd/ipamd.go:813","msg":"Error trying to allocate ENI: AllocENI: failed to create ENI: failed to create network interface: operation error EC2: CreateNetworkInterface, https response error StatusCode: 400, RequestID: 2ff0d41a-6c83-43c1-ab17-f9428c5d3853, api error InvalidParameterValue: There aren't sufficient free Ipv4 addresses or prefixes"}
{"level":"debug","ts":"2026-10-05T08:43:44.385Z","caller":"ipamd/ipamd.go:1548","msg":"ENI eni-EXAMPLE21 cannot be deleted because it is primary"}
{"level":"info","ts":"2026-10-05T08:43:44.712Z","caller":"rpc/rpc_grpc.pb.go:117","msg":"Received AddNetwork for NS /var/run/netns/cni-39ada832-8571-e5c6-22b9-d0c9d9597351, Sandbox 15733e9a6352000f53ef81f82400850668b5fa24ff2a07c1bd519ec06f4dcb4d, ifname eth0"}
{"level":"debug","ts":"2026-10-05T08:43:44.712Z","caller":"rpc/rpc_grpc.pb.go:117","msg":"AddNetworkRequest: K8S_POD_NAME:\"pause-68d5b89fc-kwqf6\"  K8S_POD_NAMESPACE:\"default\"  K8S_POD_INFRA_CONTAINER_ID:\"15733e9a6352000f53ef81f82400850668b5fa24ff2a07c1bd519ec06f4dcb4d\"  ContainerID:\"15733e9a6352000f53ef81f82400850668b5fa24ff2a07c1bd519ec06f4dcb4d\"  IfName:\"eth0\"  NetworkName:\"aws-cni\"  Netns:\"/var/run/netns/cni-39ada832-8571-e5c6-22b9-d0c9d9597351\""}
{"level":"info","ts":"2026-10-05T08:43:44.712Z","caller":"rpc/rpc_grpc.pb.go:117","msg":"Required MultiNIC access false, interfaces required 1"}
{"level":"debug","ts":"2026-10-05T08:43:44.712Z","caller":"datastore/data_store.go:713","msg":"AssignPodIPv4Address: IP address pool stats: total 0, assigned 0"}
{"level":"debug","ts":"2026-10-05T08:43:44.713Z","caller":"datastore/data_store.go:713","msg":"AssignPodIPv4Address: ENI eni-EXAMPLE21 does not have available addresses"}
{"level":"error","ts":"2026-10-05T08:43:44.713Z","caller":"datastore/data_store.go:713","msg":"DataStore has no available IP/Prefix addresses"}
{"level":"warn","ts":"2026-10-05T08:43:44.713Z","caller":"rpc/rpc_grpc.pb.go:117","msg":"Failed to assign IPs from network card 0: AssignPodIPAddress: no available IP/Prefix addresses"}
{"level":"error","ts":"2026-10-05T08:43:44.713Z","caller":"rpc/rpc_grpc.pb.go:117","msg":"Returning failure response for AddNetwork: 1 error occurred:\n\t* AssignPodIPAddress: no available IP/Prefix addresses\n\n"}
{"level":"info","ts":"2026-10-05T08:43:44.713Z","caller":"rpc/rpc_grpc.pb.go:117","msg":"Send AddNetworkReply: Success: false IPAddr: [], resp: , err: AssignPodIPAddress: no available IP/Prefix addresses"}
{"level":"info","ts":"2026-10-05T08:43:44.714Z","caller":"rpc/rpc_grpc.pb.go:117","msg":"Received AddNetwork for NS /var/run/netns/cni-5e6baa6d-d03b-b302-d54b-eef083e0bc13, Sandbox 0e4f64b45d92f0a749213c54f8109610289afc5f520ee76e4cc607c048fe09cd, ifname eth0"}
{"level":"debug","ts":"2026-10-05T08:43:44.714Z","caller":"rpc/rpc_grpc.pb.go:117","msg":"AddNetworkRequest: K8S_POD_NAME:\"coredns-79f8dffc57-cv2lj\"  K8S_POD_NAMESPACE:\"kube-system\"  K8S_POD_INFRA_CONTAINER_ID:\"0e4f64b45d92f0a749213c54f8109610289afc5f520ee76e4cc607c048fe09cd\"  ContainerID:\"0e4f64b45d92f0a749213c54f8109610289afc5f520ee76e4cc607c048fe09cd\"  IfName:\"eth0\"  NetworkName:\"aws-cni\"  Netns:\"/var/run/netns/cni-5e6baa6d-d03b-b302-d54b-eef083e0bc13\""}
{"level":"info","ts":"2026-10-05T08:43:44.714Z","caller":"rpc/rpc_grpc.pb.go:117","msg":"Required MultiNIC access false, interfaces required 1"}
{"level":"debug","ts":"2026-10-05T08:43:44.714Z","caller":"datastore/data_store.go:713","msg":"AssignPodIPv4Address: IP address pool stats: total 0, assigned 0"}
{"level":"debug","ts":"2026-10-05T08:43:44.714Z","caller":"datastore/data_store.go:713","msg":"AssignPodIPv4Address: ENI eni-EXAMPLE21 does not have available addresses"}
{"level":"error","ts":"2026-10-05T08:43:44.714Z","caller":"datastore/data_store.go:713","msg":"DataStore has no available IP/Prefix addresses"}
{"level":"warn","ts":"2026-10-05T08:43:44.714Z","caller":"rpc/rpc_grpc.pb.go:117","msg":"Failed to assign IPs from network card 0: AssignPodIPAddress: no available IP/Prefix addresses"}
{"level":"error","ts":"2026-10-05T08:43:44.714Z","caller":"rpc/rpc_grpc.pb.go:117","msg":"Returning failure response for AddNetwork: 1 error occurred:\n\t* AssignPodIPAddress: no available IP/Prefix addresses\n\n"}
{"level":"info","ts":"2026-10-05T08:43:44.714Z","caller":"rpc/rpc_grpc.pb.go:117","msg":"Send AddNetworkReply: Success: false IPAddr: [], resp: , err: AssignPodIPAddress: no available IP/Prefix addresses"}
{"level":"info","ts":"2026-10-05T08:43:44.772Z","caller":"rpc/rpc_grpc.pb.go:135","msg":"Received DelNetwork for Sandbox 0e4f64b45d92f0a749213c54f8109610289afc5f520ee76e4cc607c048fe09cd"}
{"level":"debug","ts":"2026-10-05T08:43:44.772Z","caller":"rpc/rpc_grpc.pb.go:135","msg":"DelNetworkRequest: K8S_POD_NAME:\"coredns-79f8dffc57-cv2lj\"  K8S_POD_NAMESPACE:\"kube-system\"  K8S_POD_INFRA_CONTAINER_ID:\"0e4f64b45d92f0a749213c54f8109610289afc5f520ee76e4cc607c048fe09cd\"  Reason:\"PodDeleted\"  ContainerID:\"0e4f64b45d92f0a749213c54f8109610289afc5f520ee76e4cc607c048fe09cd\"  IfName:\"eth0\"  NetworkName:\"aws-cni\"  K8S_POD_UID:\"080397ba-9aa0-4db1-b449-5fe2b0811692\""}
{"level":"debug","ts":"2026-10-05T08:43:44.772Z","caller":"ipamd/rpc_handler.go:353","msg":"UnassignPodIPAddress: IP address pool stats: total 0, assigned 0, sandbox aws-cni/0e4f64b45d92f0a749213c54f8109610289afc5f520ee76e4cc607c048fe09cd/eth0"}
{"level":"debug","ts":"2026-10-05T08:43:44.772Z","caller":"ipamd/rpc_handler.go:353","msg":"UnassignPodIPAddress: Failed to find IPAM entry under full key, trying CRI-migrated version"}
{"level":"warn","ts":"2026-10-05T08:43:44.772Z","caller":"ipamd/rpc_handler.go:353","msg":"UnassignPodIPAddress: Failed to find sandbox _migrated-from-cri/0e4f64b45d92f0a749213c54f8109610289afc5f520ee76e4cc607c048fe09cd/unknown"}
{"level":"info","ts":"2026-10-05T08:43:44.772Z","caller":"rpc/rpc_grpc.pb.go:135","msg":"Send DelNetworkReply: IPAddress: [], err: 1 error occurred:\n\t* datastore: unknown pod\n\n"}
{"level":"info","ts":"2026-10-05T08:43:44.774Z","caller":"rpc/rpc_grpc.pb.go:135","msg":"Received DelNetwork for Sandbox 15733e9a6352000f53ef81f82400850668b5fa24ff2a07c1bd519ec06f4dcb4d"}
{"level":"debug","ts":"2026-10-05T08:43:44.774Z","caller":"rpc/rpc_grpc.pb.go:135","msg":"DelNetworkRequest: K8S_POD_NAME:\"pause-68d5b89fc-kwqf6\"  K8S_POD_NAMESPACE:\"default\"  K8S_POD_INFRA_CONTAINER_ID:\"15733e9a6352000f53ef81f82400850668b5fa24ff2a07c1bd519ec06f4dcb4d\"  Reason:\"PodDeleted\"  ContainerID:\"15733e9a6352000f53ef81f82400850668b5fa24ff2a07c1bd519ec06f4dcb4d\"  IfName:\"eth0\"  NetworkName:\"aws-cni\"  K8S_POD_UID:\"f1c84b49-6e57-471b-b275-0a0535a8e3e2\""}
{"level":"debug","ts":"2026-10-05T08:43:44.774Z","caller":"ipamd/rpc_handler.go:353","msg":"UnassignPodIPAddress: IP address pool stats: total 0, assigned 0, sandbox aws-cni/15733e9a6352000f53ef81f82400850668b5fa24ff2a07c1bd519ec06f4dcb4d/eth0"}
{"level":"debug","ts":"2026-10-05T08:43:44.774Z","caller":"ipamd/rpc_handler.go:353","msg":"UnassignPodIPAddress: Failed to find IPAM entry under full key, trying CRI-migrated version"}
{"level":"warn","ts":"2026-10-05T08:43:44.774Z","caller":"ipamd/rpc_handler.go:353","msg":"UnassignPodIPAddress: Failed to find sandbox _migrated-from-cri/15733e9a6352000f53ef81f82400850668b5fa24ff2a07c1bd519ec06f4dcb4d/unknown"}
{"level":"info","ts":"2026-10-05T08:43:44.774Z","caller":"rpc/rpc_grpc.pb.go:135","msg":"Send DelNetworkReply: IPAddress: [], err: 1 error occurred:\n\t* datastore: unknown pod\n\n"}
{"level":"info","ts":"2026-10-05T08:43:45.698Z","caller":"rpc/rpc_grpc.pb.go:117","msg":"Received AddNetwork for NS /var/run/netns/cni-42a77db6-7860-9fdb-475b-03f5e6ed5f93, Sandbox 464305fce82de3979626a8c60133f2db3ebb7d1fd503f29531ed4f8b52c120c7, ifname eth0"}
{"level":"debug","ts":"2026-10-05T08:43:45.698Z","caller":"rpc/rpc_grpc.pb.go:117","msg":"AddNetworkRequest: K8S_POD_NAME:\"coredns-79f8dffc57-fwslz\"  K8S_POD_NAMESPACE:\"kube-system\"  K8S_POD_INFRA_CONTAINER_ID:\"464305fce82de3979626a8c60133f2db3ebb7d1fd503f29531ed4f8b52c120c7\"  ContainerID:\"464305fce82de3979626a8c60133f2db3ebb7d1fd503f29531ed4f8b52c120c7\"  IfName:\"eth0\"  NetworkName:\"aws-cni\"  Netns:\"/var/run/netns/cni-42a77db6-7860-9fdb-475b-03f5e6ed5f93\""}
{"level":"info","ts":"2026-10-05T08:43:45.698Z","caller":"rpc/rpc_grpc.pb.go:117","msg":"Required MultiNIC access false, interfaces required 1"}
{"level":"debug","ts":"2026-10-05T08:43:45.698Z","caller":"datastore/data_store.go:713","msg":"AssignPodIPv4Address: IP address pool stats: total 0, assigned 0"}
{"level":"debug","ts":"2026-10-05T08:43:45.698Z","caller":"datastore/data_store.go:713","msg":"AssignPodIPv4Address: ENI eni-EXAMPLE21 does not have available addresses"}
{"level":"error","ts":"2026-10-05T08:43:45.698Z","caller":"datastore/data_store.go:713","msg":"DataStore has no available IP/Prefix addresses"}
{"level":"warn","ts":"2026-10-05T08:43:45.698Z","caller":"rpc/rpc_grpc.pb.go:117","msg":"Failed to assign IPs from network card 0: AssignPodIPAddress: no available IP/Prefix addresses"}
{"level":"error","ts":"2026-10-05T08:43:45.698Z","caller":"rpc/rpc_grpc.pb.go:117","msg":"Returning failure response for AddNetwork: 1 error occurred:\n\t* AssignPodIPAddress: no available IP/Prefix addresses\n\n"}
{"level":"info","ts":"2026-10-05T08:43:45.698Z","caller":"rpc/rpc_grpc.pb.go:117","msg":"Send AddNetworkReply: Success: false IPAddr: [], resp: , err: AssignPodIPAddress: no available IP/Prefix addresses"}
{"level":"info","ts":"2026-10-05T08:43:45.722Z","caller":"rpc/rpc_grpc.pb.go:135","msg":"Received DelNetwork for Sandbox 464305fce82de3979626a8c60133f2db3ebb7d1fd503f29531ed4f8b52c120c7"}
{"level":"debug","ts":"2026-10-05T08:43:45.722Z","caller":"rpc/rpc_grpc.pb.go:135","msg":"DelNetworkRequest: K8S_POD_NAME:\"coredns-79f8dffc57-fwslz\"  K8S_POD_NAMESPACE:\"kube-system\"  K8S_POD_INFRA_CONTAINER_ID:\"464305fce82de3979626a8c60133f2db3ebb7d1fd503f29531ed4f8b52c120c7\"  Reason:\"PodDeleted\"  ContainerID:\"464305fce82de3979626a8c60133f2db3ebb7d1fd503f29531ed4f8b52c120c7\"  IfName:\"eth0\"  NetworkName:\"aws-cni\"  K8S_POD_UID:\"ad241f1d-d89e-4886-8d30-e22384a0b925\""}
{"level":"debug","ts":"2026-10-05T08:43:45.722Z","caller":"ipamd/rpc_handler.go:353","msg":"UnassignPodIPAddress: IP address pool stats: total 0, assigned 0, sandbox aws-cni/464305fce82de3979626a8c60133f2db3ebb7d1fd503f29531ed4f8b52c120c7/eth0"}
{"level":"debug","ts":"2026-10-05T08:43:45.722Z","caller":"ipamd/rpc_handler.go:353","msg":"UnassignPodIPAddress: Failed to find IPAM entry under full key, trying CRI-migrated version"}
{"level":"warn","ts":"2026-10-05T08:43:45.722Z","caller":"ipamd/rpc_handler.go:353","msg":"UnassignPodIPAddress: Failed to find sandbox _migrated-from-cri/464305fce82de3979626a8c60133f2db3ebb7d1fd503f29531ed4f8b52c120c7/unknown"}
{"level":"info","ts":"2026-10-05T08:43:45.722Z","caller":"rpc/rpc_grpc.pb.go:135","msg":"Send DelNetworkReply: IPAddress: [], err: 1 error occurred:\n\t* datastore: unknown pod\n\n"}
