{"level":"info","ts":"2026-10-05T08:38:33.973Z","caller":"logger/logger.go:52","msg":"Constructed new logger instance"}
{"level":"info","ts":"2026-10-05T08:38:33.974Z","caller":"netlinkwrapper/netlink.go:27","msg":"Initialized new logger as an existing instance was not found"}
{"level":"info","ts":"2026-10-05T08:38:34.028Z","caller":"logger/logger.go:52","msg":"Constructed new logger instance"}
{"level":"info","ts":"2026-10-05T08:38:34.029Z","caller":"netlinkwrapper/netlink.go:27","msg":"Initialized new logger as an existing instance was not found"}
{"level":"info","ts":"2026-10-05T08:38:34.040Z","caller":"aws-k8s-agent/main.go:52","msg":"Starting L-IPAMD   ..."}
{"level":"info","ts":"2026-10-05T08:38:34.041Z","caller":"aws-k8s-agent/main.go:52","msg":"Waiting to connect API server for upto 30s..."}
{"level":"info","ts":"2026-10-05T08:38:34.042Z","caller":"aws-k8s-agent/main.go:127","msg":"Testing communication with server ..."}
{"level":"info","ts":"2026-10-05T08:38:34.051Z","caller":"wait/loop.go:53","msg":"Successful communication with the Cluster! Cluster Version is: v1.36.4-eks-cfb47f5"}
{"level":"info","ts":"2026-10-05T08:38:34.051Z","caller":"aws-k8s-agent/main.go:52","msg":"API server connectivity established."}
{"level":"info","ts":"2026-10-05T08:38:34.058Z","caller":"aws-k8s-agent/main.go:136","msg":"Cache-based Kubernetes client successfully created."}
{"level":"info","ts":"2026-10-05T08:38:34.059Z","caller":"aws-k8s-agent/main.go:136","msg":"k8sClient created successfully"}
{"level":"debug","ts":"2026-10-05T08:38:34.160Z","caller":"eventrecorder/eventrecorder.go:68","msg":"Pod found aws-node-rznt4 - labels - 5"}
{"level":"debug","ts":"2026-10-05T08:38:34.170Z","caller":"awssession/session.go:44","msg":"HTTP_TIMEOUT env is not set or set to less than 10 seconds, defaulting to httpTimeout to 10s"}
{"level":"debug","ts":"2026-10-05T08:38:34.173Z","caller":"ipamd/ipamd.go:414","msg":"Discovered region: us-east-1"}
{"level":"info","ts":"2026-10-05T08:38:34.173Z","caller":"ipamd/ipamd.go:414","msg":"Custom networking enabled false"}
{"level":"info","ts":"2026-10-05T08:38:34.173Z","caller":"ipamd/ipamd.go:414","msg":"Subnet discovery enabled true"}
{"level":"debug","ts":"2026-10-05T08:38:34.174Z","caller":"awsutils/awsutils.go:471","msg":"Found availability zone: us-east-1a "}
{"level":"debug","ts":"2026-10-05T08:38:34.175Z","caller":"awsutils/awsutils.go:471","msg":"Discovered the instance primary IPv4 address: 10.20.0.28"}
{"level":"debug","ts":"2026-10-05T08:38:34.176Z","caller":"awsutils/awsutils.go:471","msg":"Found instance-id: i-EXAMPLE9 "}
{"level":"debug","ts":"2026-10-05T08:38:34.177Z","caller":"awsutils/awsutils.go:471","msg":"Found instance-type: t3.medium "}
{"level":"debug","ts":"2026-10-05T08:38:34.178Z","caller":"awsutils/awsutils.go:471","msg":"Found primary interface's MAC address: 12:ff:db:1a:05:f7"}
{"level":"debug","ts":"2026-10-05T08:38:34.180Z","caller":"awsutils/awsutils.go:471","msg":"eni-EXAMPLE19 is the primary ENI of this instance"}
{"level":"debug","ts":"2026-10-05T08:38:34.181Z","caller":"awsutils/awsutils.go:471","msg":"Found subnet-id: subnet-EXAMPLE4 "}
{"level":"debug","ts":"2026-10-05T08:38:34.181Z","caller":"awsutils/awsutils.go:471","msg":"Found vpc-id: vpc-EXAMPLE1 "}
{"level":"debug","ts":"2026-10-05T08:38:34.182Z","caller":"ipamd/ipamd.go:423","msg":"Using WARM_ENI_TARGET 1"}
{"level":"debug","ts":"2026-10-05T08:38:34.182Z","caller":"ipamd/ipamd.go:424","msg":"Using WARM_IP_TARGET 0"}
{"level":"debug","ts":"2026-10-05T08:38:34.182Z","caller":"ipamd/ipamd.go:425","msg":"Using MINIMUM_IP_TARGET 0"}
{"level":"debug","ts":"2026-10-05T08:38:34.182Z","caller":"ipamd/ipamd.go:426","msg":"Using WARM_PREFIX_TARGET 1"}
{"level":"debug","ts":"2026-10-05T08:38:34.182Z","caller":"ipamd/ipamd.go:2809","msg":"Check if instance supports Prefix Delegation"}
{"level":"debug","ts":"2026-10-05T08:38:34.182Z","caller":"awsutils/awsutils.go:2120","msg":"Instance hypervisor family nitro"}
{"level":"debug","ts":"2026-10-05T08:38:34.182Z","caller":"ipamd/ipamd.go:2809","msg":"Instance supports Prefix Delegation"}
{"level":"info","ts":"2026-10-05T08:38:34.182Z","caller":"ipamd/ipamd.go:449","msg":"Prefix Delegation enabled true"}
{"level":"debug","ts":"2026-10-05T08:38:34.182Z","caller":"ipamd/ipamd.go:453","msg":"Start node init"}
{"level":"debug","ts":"2026-10-05T08:38:34.182Z","caller":"ipamd/ipamd.go:2779","msg":"max prefix 5 max ips 80"}
{"level":"debug","ts":"2026-10-05T08:38:34.182Z","caller":"ipamd/ipamd.go:464","msg":"Max ip per ENI 80 and max prefixes per ENI 5"}
{"level":"info","ts":"2026-10-05T08:38:34.182Z","caller":"awsutils/awsutils.go:2417","msg":"Will attempt to clean up AWS CNI leaked ENIs after waiting 4m0s."}
{"level":"info","ts":"2026-10-05T08:38:34.182Z","caller":"ipamd/ipamd.go:476","msg":"Setting up host network... "}
{"level":"debug","ts":"2026-10-05T08:38:34.183Z","caller":"netlinkwrapper/netlink.go:138","msg":"netlink operation succeeded on attempt 1 of 5"}
{"level":"debug","ts":"2026-10-05T08:38:34.183Z","caller":"networkutils/network.go:309","msg":"Found the Link that uses mac address 12:ff:db:1a:05:f7 and its index is 2 (attempt 1/5)"}
{"level":"debug","ts":"2026-10-05T08:38:34.183Z","caller":"networkutils/network.go:467","msg":"Trying to find primary interface that has mac : 12:ff:db:1a:05:f7"}
{"level":"debug","ts":"2026-10-05T08:38:34.183Z","caller":"networkutils/network.go:467","msg":"Discovered interface: lo, mac: "}
{"level":"debug","ts":"2026-10-05T08:38:34.183Z","caller":"networkutils/network.go:467","msg":"Discovered interface: ens5, mac: 12:ff:db:1a:05:f7"}
{"level":"info","ts":"2026-10-05T08:38:34.183Z","caller":"networkutils/network.go:467","msg":"Discovered primary interface: ens5"}
{"level":"debug","ts":"2026-10-05T08:38:34.187Z","caller":"networkutils/network.go:478","msg":"Adding 10.20.0.0/24 CIDR to NAT chain"}
{"level":"debug","ts":"2026-10-05T08:38:34.187Z","caller":"networkutils/network.go:478","msg":"Total CIDRs to program - 1"}
{"level":"debug","ts":"2026-10-05T08:38:34.187Z","caller":"networkutils/network.go:478","msg":"Setup Host Network: iptables -N AWS-SNAT-CHAIN-0 -t nat"}
{"level":"debug","ts":"2026-10-05T08:38:34.190Z","caller":"networkutils/network.go:478","msg":"Setup Host Network: iptables -A POSTROUTING -m comment --comment \"AWS SNAT CHAIN\" -j AWS-SNAT-CHAIN-0"}
{"level":"debug","ts":"2026-10-05T08:38:34.190Z","caller":"networkutils/network.go:478","msg":"Setup Host Network: iptables -A AWS-SNAT-CHAIN-0 -d 10.20.0.0/24 -m comment --comment AWS SNAT CHAIN -t nat -j RETURN"}
{"level":"debug","ts":"2026-10-05T08:38:34.190Z","caller":"networkutils/network.go:691","msg":"Setup Host Network: loading existing iptables nat rules with chain prefix AWS-SNAT-CHAIN"}
{"level":"debug","ts":"2026-10-05T08:38:34.198Z","caller":"networkutils/network.go:691","msg":"host network setup: found potentially stale rule for chain AWS-SNAT-CHAIN-0: [-N AWS-SNAT-CHAIN-0]"}
{"level":"debug","ts":"2026-10-05T08:38:34.198Z","caller":"networkutils/network.go:564","msg":"Setup Host Network: computing stale iptables rules for nat table with chain prefix AWS-SNAT-CHAIN"}
{"level":"debug","ts":"2026-10-05T08:38:34.198Z","caller":"networkutils/network.go:564","msg":"Setup Host Network: active chain found: AWS-SNAT-CHAIN-0"}
{"level":"debug","ts":"2026-10-05T08:38:34.198Z","caller":"networkutils/network.go:478","msg":"iptableRules: [nat/POSTROUTING rule first SNAT rules for non-VPC outbound traffic shouldExist true rule [-m comment --comment AWS SNAT CHAIN -j AWS-SNAT-CHAIN-0] nat/AWS-SNAT-CHAIN-0 rule AWS-SNAT-CHAIN-0 shouldExist true rule [-d 10.20.0.0/24 -m comment --comment AWS SNAT CHAIN -j RETURN] nat/AWS-SNAT-CHAIN-0 rule last SNAT rule for non-VPC outbound traffic shouldExist true rule [! -o vlan+ -m comment --comment AWS, SNAT -m addrtype ! --dst-type LOCAL -j SNAT --to-source 10.20.0.28 --random-fully] mangle/PREROUTING rule connmark for primary ENI shouldExist true rule [-m comment --comment AWS, primary ENI -i ens5 -m addrtype --dst-type LOCAL --limit-iface-in -j CONNMARK --set-mark 0x80/0x80] mangle/PREROUTING rule connmark restore for primary ENI shouldExist true rule [-m comment --comment AWS, primary ENI -i eni+ -j CONNMARK --restore-mark --mask 0x80] mangle/PREROUTING rule connmark restore for primary ENI from vlan shouldExist true rule [-m comment --comment AWS, primary ENI -i vlan+ -j CONNMARK --restore-mark --mask 0x80]]"}
{"level":"debug","ts":"2026-10-05T08:38:34.198Z","caller":"networkutils/network.go:482","msg":"execute iptable rule : first SNAT rules for non-VPC outbound traffic"}
{"level":"debug","ts":"2026-10-05T08:38:34.201Z","caller":"networkutils/network.go:482","msg":"rule nat/POSTROUTING rule first SNAT rules for non-VPC outbound traffic shouldExist true rule [-m comment --comment AWS SNAT CHAIN -j AWS-SNAT-CHAIN-0] exists false, err <nil>"}
{"level":"debug","ts":"2026-10-05T08:38:34.204Z","caller":"networkutils/network.go:482","msg":"execute iptable rule : AWS-SNAT-CHAIN-0"}
{"level":"debug","ts":"2026-10-05T08:38:34.206Z","caller":"networkutils/network.go:482","msg":"rule nat/AWS-SNAT-CHAIN-0 rule AWS-SNAT-CHAIN-0 shouldExist true rule [-d 10.20.0.0/24 -m comment --comment AWS SNAT CHAIN -j RETURN] exists false, err <nil>"}
{"level":"debug","ts":"2026-10-05T08:38:34.209Z","caller":"networkutils/network.go:482","msg":"execute iptable rule : last SNAT rule for non-VPC outbound traffic"}
{"level":"debug","ts":"2026-10-05T08:38:34.213Z","caller":"networkutils/network.go:482","msg":"rule nat/AWS-SNAT-CHAIN-0 rule last SNAT rule for non-VPC outbound traffic shouldExist true rule [! -o vlan+ -m comment --comment AWS, SNAT -m addrtype ! --dst-type LOCAL -j SNAT --to-source 10.20.0.28 --random-fully] exists false, err <nil>"}
{"level":"debug","ts":"2026-10-05T08:38:34.216Z","caller":"networkutils/network.go:482","msg":"execute iptable rule : connmark for primary ENI"}
{"level":"debug","ts":"2026-10-05T08:38:34.225Z","caller":"networkutils/network.go:482","msg":"rule mangle/PREROUTING rule connmark for primary ENI shouldExist true rule [-m comment --comment AWS, primary ENI -i ens5 -m addrtype --dst-type LOCAL --limit-iface-in -j CONNMARK --set-mark 0x80/0x80] exists false, err <nil>"}
{"level":"debug","ts":"2026-10-05T08:38:34.228Z","caller":"networkutils/network.go:482","msg":"execute iptable rule : connmark restore for primary ENI"}
{"level":"debug","ts":"2026-10-05T08:38:34.232Z","caller":"networkutils/network.go:482","msg":"rule mangle/PREROUTING rule connmark restore for primary ENI shouldExist true rule [-m comment --comment AWS, primary ENI -i eni+ -j CONNMARK --restore-mark --mask 0x80] exists false, err <nil>"}
{"level":"debug","ts":"2026-10-05T08:38:34.240Z","caller":"networkutils/network.go:482","msg":"execute iptable rule : connmark restore for primary ENI from vlan"}
{"level":"debug","ts":"2026-10-05T08:38:34.243Z","caller":"networkutils/network.go:482","msg":"rule mangle/PREROUTING rule connmark restore for primary ENI from vlan shouldExist true rule [-m comment --comment AWS, primary ENI -i vlan+ -j CONNMARK --restore-mark --mask 0x80] exists false, err <nil>"}
{"level":"info","ts":"2026-10-05T08:38:34.246Z","caller":"networkutils/nftables_connmark.go:135","msg":"chain does not exists nat-prerouting: conn.Execute failed: netlink receive: no such file or directory"}
{"level":"info","ts":"2026-10-05T08:38:34.246Z","caller":"networkutils/nftables_connmark.go:139","msg":"chain does not exists snat-mark: conn.Execute failed: netlink receive: no such file or directory"}
{"level":"debug","ts":"2026-10-05T08:38:34.246Z","caller":"networkutils/nftables_connmark.go:147","msg":"base chain nat-prerouting: rules missing or out of order (fib=false jump=false restore=false ordered=false stale=0); flushing and reinstalling all 3 rules"}
{"level":"debug","ts":"2026-10-05T08:38:34.398Z","caller":"awsutils/awsutils.go:1743","msg":"Total number of interfaces found: 1 "}
{"level":"debug","ts":"2026-10-05T08:38:34.398Z","caller":"awsutils/awsutils.go:787","msg":"Found ENI MAC address: 12:ff:db:1a:05:f7"}
{"level":"debug","ts":"2026-10-05T08:38:34.405Z","caller":"awsutils/awsutils.go:787","msg":"Found ENI: eni-EXAMPLE19, MAC 12:ff:db:1a:05:f7, device 0"}
{"level":"debug","ts":"2026-10-05T08:38:34.407Z","caller":"awsutils/awsutils.go:787","msg":"Found IPv4 addresses associated with interface. This is not efa-only interface"}
{"level":"info","ts":"2026-10-05T08:38:34.639Z","caller":"ipamd/ipamd.go:489","msg":"Got network card index 0 for ENI eni-EXAMPLE19"}
{"level":"info","ts":"2026-10-05T08:38:34.639Z","caller":"ipamd/ipamd.go:489","msg":"eni-EXAMPLE19 is of type: interface"}
{"level":"debug","ts":"2026-10-05T08:38:34.639Z","caller":"ipamd/ipamd.go:453","msg":"DescribeAllENIs success: ENIs: 1, tagged: 1"}
{"level":"info","ts":"2026-10-05T08:38:34.639Z","caller":"ipamd/ipamd.go:501","msg":"initialized datastore for network cards index 0"}
{"level":"debug","ts":"2026-10-05T08:38:34.639Z","caller":"ipamd/ipamd.go:453","msg":"Discovered ENI eni-EXAMPLE19, trying to set it up"}
{"level":"debug","ts":"2026-10-05T08:38:34.639Z","caller":"ipamd/ipamd.go:532","msg":"Tagging ENI eni-EXAMPLE19 with missing tags: map[cluster.k8s.amazonaws.com/name:eks-ipv4-lab eks:eni:owner:amazon-vpc-cni node.k8s.amazonaws.com/instance_id:i-EXAMPLE9]"}
{"level":"debug","ts":"2026-10-05T08:38:34.836Z","caller":"retry/retry.go:70","msg":"Successfully tagged ENI: eni-EXAMPLE19"}
{"level":"debug","ts":"2026-10-05T08:38:34.836Z","caller":"ipamd/ipamd.go:1313","msg":"DataStore add an ENI eni-EXAMPLE19"}
{"level":"debug","ts":"2026-10-05T08:38:35.073Z","caller":"ipamd/ipamd.go:2913","msg":"IsSubnetExcluded: subnet subnet-EXAMPLE4 has no kubernetes.io/role/cni tag, not excluded"}
{"level":"info","ts":"2026-10-05T08:38:35.073Z","caller":"ipamd/ipamd.go:541","msg":"Found ENIs having 1 secondary IPs and 0 Prefixes"}
{"level":"debug","ts":"2026-10-05T08:38:35.073Z","caller":"ipamd/ipamd.go:1394","msg":"Prefix pool stats for network card 0: Total IPs/Prefixes = 0/0, AssignedIPs/CooldownIPs: 0/0, c.maxIPsPerENI = 80"}
{"level":"debug","ts":"2026-10-05T08:38:35.073Z","caller":"ipamd/ipamd.go:1415","msg":"Prefix pool stats for network card 0: Total IPs/Prefixes = 0/0, AssignedIPs/CooldownIPs: 0/0, c.maxIPsPerENI = 80"}
{"level":"info","ts":"2026-10-05T08:38:35.073Z","caller":"ipamd/ipamd.go:453","msg":"ENI eni-EXAMPLE19 set up."}
{"level":"info","ts":"2026-10-05T08:38:35.073Z","caller":"datastore/data_store.go:1767","msg":"Begin ipam state recovery from backing store"}
{"level":"debug","ts":"2026-10-05T08:38:35.073Z","caller":"datastore/data_store.go:1767","msg":"backing store doesn't exists, assuming bootstrap on a new node"}
{"level":"debug","ts":"2026-10-05T08:38:35.073Z","caller":"ipamd/ipamd.go:569","msg":"checkAndHandleAllENIExclusion: completed ENI exclusion check"}
{"level":"debug","ts":"2026-10-05T08:38:35.073Z","caller":"ipamd/ipamd.go:575","msg":"tryUnassignIPsFromENIs"}
{"level":"debug","ts":"2026-10-05T08:38:35.073Z","caller":"ipamd/ipamd.go:2445","msg":"No freeable IPs"}
{"level":"debug","ts":"2026-10-05T08:38:35.073Z","caller":"netlinkwrapper/netlink.go:204","msg":"netlink operation succeeded on attempt 1 of 5"}
{"level":"debug","ts":"2026-10-05T08:38:35.073Z","caller":"ipamd/ipamd.go:730","msg":"Update Rule List with set []"}
{"level":"info","ts":"2026-10-05T08:38:35.079Z","caller":"awsutils/awsutils.go:749","msg":"Found primary SG sg-EXAMPLE1, added to ipamd cache"}
{"level":"debug","ts":"2026-10-05T08:38:35.079Z","caller":"awsutils/awsutils.go:767","msg":"Update ENI eni-EXAMPLE19 with security groups [sg-EXAMPLE1]"}
{"level":"info","ts":"2026-10-05T08:38:35.587Z","caller":"ipamd/ipamd.go:609","msg":"Get Node Info for: ip-10-20-0-28.ec2.internal"}
{"level":"debug","ts":"2026-10-05T08:38:35.689Z","caller":"ipamd/ipamd.go:681","msg":"IP pool is too low for Network Card 0: available (0) < ENI target (1) * addrsPerENI (16)"}
{"level":"debug","ts":"2026-10-05T08:38:35.689Z","caller":"ipamd/ipamd.go:2689","msg":"Prefix pool stats for network card 0: Total IPs/Prefixes = 0/0, AssignedIPs/CooldownIPs: 0/0, c.maxIPsPerENI = 80"}
{"level":"debug","ts":"2026-10-05T08:38:35.689Z","caller":"ipamd/ipamd.go:669","msg":"is datastore pool low for networkCard 0, decision true"}
{"level":"debug","ts":"2026-10-05T08:38:35.689Z","caller":"ipamd/ipamd.go:684","msg":"Starting to increase pool size for network card 0"}
{"level":"debug","ts":"2026-10-05T08:38:35.689Z","caller":"ipamd/ipamd.go:966","msg":"Node found \"ip-10-20-0-28.ec2.internal\" - no of taints - 1"}
{"level":"debug","ts":"2026-10-05T08:38:35.689Z","caller":"ipamd/ipamd.go:2758","msg":"Prefix target is 1, short of 1 prefixes, free 0 prefixes"}
{"level":"debug","ts":"2026-10-05T08:38:35.689Z","caller":"ipamd/ipamd.go:1248","msg":"ToAllocate: 1, Network Card 0"}
{"level":"debug","ts":"2026-10-05T08:38:35.689Z","caller":"ipamd/ipamd.go:1251","msg":"Found ENI eni-EXAMPLE19 that has less than the maximum number of IP/Prefixes addresses allocated: cur=0, max=5"}
{"level":"info","ts":"2026-10-05T08:38:35.689Z","caller":"ipamd/ipamd.go:1255","msg":"Trying to allocate 1 IP addresses on ENI eni-EXAMPLE19"}
{"level":"debug","ts":"2026-10-05T08:38:35.689Z","caller":"ipamd/ipamd.go:1255","msg":"PD enabled - true"}
{"level":"debug","ts":"2026-10-05T08:38:36.164Z","caller":"awsutils/awsutils.go:2174","msg":"checkAPIErrorAndBroadcastEvent resulted in operation error EC2: AssignPrivateIpAddresses, https response error StatusCode: 400, RequestID: ff74fe94-702f-4b81-9ba7-ff0650f8ae0d, api error InsufficientCidrBlocks: The specified subnet does not have enough free cidr blocks to satisfy the request."}
{"level":"error","ts":"2026-10-05T08:38:36.164Z","caller":"ipamd/ipamd.go:1255","msg":"Failed to allocate a private IP/Prefix addresses on ENI eni-EXAMPLE19: operation error EC2: AssignPrivateIpAddresses, https response error StatusCode: 400, RequestID: ff74fe94-702f-4b81-9ba7-ff0650f8ae0d, api error InsufficientCidrBlocks: The specified subnet does not have enough free cidr blocks to satisfy the request."}
{"level":"debug","ts":"2026-10-05T08:38:36.164Z","caller":"ipamd/ipamd.go:1256","msg":"containsPrivateIPAddressLimitExceededError encountered operation error EC2: AssignPrivateIpAddresses, https response error StatusCode: 400, RequestID: ff74fe94-702f-4b81-9ba7-ff0650f8ae0d, api error InsufficientCidrBlocks: The specified subnet does not have enough free cidr blocks to satisfy the request."}
{"level":"warn","ts":"2026-10-05T08:38:36.164Z","caller":"ipamd/ipamd.go:1113","msg":"failed to allocate all available IPv4 Prefixes on ENI eni-EXAMPLE19, err: operation error EC2: AssignPrivateIpAddresses, https response error StatusCode: 400, RequestID: ff74fe94-702f-4b81-9ba7-ff0650f8ae0d, api error InsufficientCidrBlocks: The specified subnet does not have enough free cidr blocks to satisfy the request."}
{"level":"info","ts":"2026-10-05T08:38:36.164Z","caller":"ipamd/ipamd.go:1259","msg":"Trying to allocate 1 IP addresses on ENI eni-EXAMPLE19"}
{"level":"debug","ts":"2026-10-05T08:38:36.164Z","caller":"ipamd/ipamd.go:1259","msg":"PD enabled - true"}
{"level":"debug","ts":"2026-10-05T08:38:36.574Z","caller":"awsutils/awsutils.go:2174","msg":"checkAPIErrorAndBroadcastEvent resulted in operation error EC2: AssignPrivateIpAddresses, https response error StatusCode: 400, RequestID: 56639870-c702-4f78-a937-f368d04f9828, api error InsufficientCidrBlocks: The specified subnet does not have enough free cidr blocks to satisfy the request."}
{"level":"error","ts":"2026-10-05T08:38:36.574Z","caller":"ipamd/ipamd.go:1259","msg":"Failed to allocate a private IP/Prefix addresses on ENI eni-EXAMPLE19: operation error EC2: AssignPrivateIpAddresses, https response error StatusCode: 400, RequestID: 56639870-c702-4f78-a937-f368d04f9828, api error InsufficientCidrBlocks: The specified subnet does not have enough free cidr blocks to satisfy the request."}
{"level":"debug","ts":"2026-10-05T08:38:36.574Z","caller":"ipamd/ipamd.go:1260","msg":"containsPrivateIPAddressLimitExceededError encountered operation error EC2: AssignPrivateIpAddresses, https response error StatusCode: 400, RequestID: 56639870-c702-4f78-a937-f368d04f9828, api error InsufficientCidrBlocks: The specified subnet does not have enough free cidr blocks to satisfy the request."}
{"level":"debug","ts":"2026-10-05T08:38:36.574Z","caller":"ipamd/ipamd.go:1262","msg":"containsInsufficientCIDRsOrSubnetIPs encountered operation error EC2: AssignPrivateIpAddresses, https response error StatusCode: 400, RequestID: 56639870-c702-4f78-a937-f368d04f9828, api error InsufficientCidrBlocks: The specified subnet does not have enough free cidr blocks to satisfy the request."}
{"level":"debug","ts":"2026-10-05T08:38:36.574Z","caller":"ipamd/ipamd.go:1262","msg":"Insufficient IP Addresses due to: InsufficientCidrBlocks\n"}
{"level":"debug","ts":"2026-10-05T08:38:36.574Z","caller":"ipamd/ipamd.go:1003","msg":"hasRoomForEni: networkCard=0, currentENIs=1, currentUsableENIs=1, maxENI=3, unmanagedENI=0, trunkEni=0, excludedENI=0, hasRoom=true"}
{"level":"debug","ts":"2026-10-05T08:38:36.574Z","caller":"ipamd/ipamd.go:2758","msg":"Prefix target is 1, short of 1 prefixes, free 0 prefixes"}
{"level":"debug","ts":"2026-10-05T08:38:36.574Z","caller":"ipamd/ipamd.go:2595","msg":"ToAllocate: 1, Network Card 0"}
{"level":"info","ts":"2026-10-05T08:38:36.574Z","caller":"awsutils/awsutils.go:1044","msg":"Trying to allocate 1 IP addresses on new ENI"}
{"level":"debug","ts":"2026-10-05T08:38:36.574Z","caller":"awsutils/awsutils.go:1044","msg":"PD enabled - true"}
{"level":"debug","ts":"2026-10-05T08:38:36.828Z","caller":"awsutils/awsutils.go:1272","msg":"Primary subnet subnet-EXAMPLE4 has no kubernetes.io/role/cni tag, including it for ENI creation (backwards compatibility)"}
{"level":"info","ts":"2026-10-05T08:38:36.828Z","caller":"awsutils/awsutils.go:1044","msg":"Creating ENI with security groups: [sg-EXAMPLE1] in subnet: subnet-EXAMPLE4"}
{"level":"debug","ts":"2026-10-05T08:38:37.111Z","caller":"awsutils/awsutils.go:1449","msg":"checkAPIErrorAndBroadcastEvent resulted in operation error EC2: CreateNetworkInterface, https response error StatusCode: 400, RequestID: 583eac99-e1b1-4bc6-bd01-6d4ac0785f87, api error InvalidParameterValue: There aren't sufficient free Ipv4 addresses or prefixes"}
{"level":"error","ts":"2026-10-05T08:38:37.111Z","caller":"awsutils/awsutils.go:1285","msg":"Failed to CreateNetworkInterface operation error EC2: CreateNetworkInterface, https response error StatusCode: 400, RequestID: 583eac99-e1b1-4bc6-bd01-6d4ac0785f87, api error InvalidParameterValue: There aren't sufficient free Ipv4 addresses or prefixes for subnet subnet-EXAMPLE4"}
{"level":"debug","ts":"2026-10-05T08:38:37.111Z","caller":"awsutils/awsutils.go:1272","msg":"Subnet subnet-EXAMPLE3 has no kubernetes.io/role/cni tag, excluding it from ENI creation"}
{"level":"error","ts":"2026-10-05T08:38:37.111Z","caller":"ipamd/ipamd.go:1004","msg":"Failed to increase pool size due to not able to allocate ENI AllocENI: failed to create ENI: failed to create network interface: operation error EC2: CreateNetworkInterface, https response error StatusCode: 400, RequestID: 583eac99-e1b1-4bc6-bd01-6d4ac0785f87, api error InvalidParameterValue: There aren't sufficient free Ipv4 addresses or prefixes"}
{"level":"warn","ts":"2026-10-05T08:38:37.111Z","caller":"ipamd/ipamd.go:1004","msg":"Failed to allocate 1 IP addresses on an ENI: AllocENI: failed to create ENI: failed to create network interface: operation error EC2: CreateNetworkInterface, https response error StatusCode: 400, RequestID: 583eac99-e1b1-4bc6-bd01-6d4ac0785f87, api error InvalidParameterValue: There aren't sufficient free Ipv4 addresses or prefixes"}
{"level":"debug","ts":"2026-10-05T08:38:37.111Z","caller":"ipamd/ipamd.go:1082","msg":"containsInsufficientCIDRsOrSubnetIPs encountered AllocENI: failed to create ENI: failed to create network interface: operation error EC2: CreateNetworkInterface, https response error StatusCode: 400, RequestID: 583eac99-e1b1-4bc6-bd01-6d4ac0785f87, api error InvalidParameterValue: There aren't sufficient free Ipv4 addresses or prefixes"}
{"level":"debug","ts":"2026-10-05T08:38:37.111Z","caller":"ipamd/ipamd.go:1082","msg":"Insufficient IP Addresses due to: InvalidParameterValue\n"}
{"level":"debug","ts":"2026-10-05T08:38:37.111Z","caller":"ipamd/ipamd.go:684","msg":"Error trying to allocate ENI: AllocENI: failed to create ENI: failed to create network interface: operation error EC2: CreateNetworkInterface, https response error StatusCode: 400, RequestID: 583eac99-e1b1-4bc6-bd01-6d4ac0785f87, api error InvalidParameterValue: There aren't sufficient free Ipv4 addresses or prefixes"}
{"level":"debug","ts":"2026-10-05T08:38:37.111Z","caller":"ipamd/ipamd.go:453","msg":"node init completed successfully"}
{"level":"info","ts":"2026-10-05T08:38:37.111Z","caller":"ipamd/rpc_handler.go:492","msg":"Serving RPC Handler version  on unix:/var/run/aws-node/ipamd.sock"}
{"level":"info","ts":"2026-10-05T08:38:37.111Z","caller":"runtime/asm_amd64.s:1771","msg":"IP pool manager - max pods: 110, warm IP target: 0, warm prefix target: 1, warm ENI target: 1, minimum IP target: 0"}
{"level":"info","ts":"2026-10-05T08:38:37.111Z","caller":"runtime/asm_amd64.s:1771","msg":"Serving metrics on port 61678"}
{"level":"info","ts":"2026-10-05T08:38:37.111Z","caller":"runtime/asm_amd64.s:1771","msg":"Setting up shutdown hook."}
{"level":"info","ts":"2026-10-05T08:38:37.111Z","caller":"ipamd/introspect.go:55","msg":"Serving introspection endpoints on 127.0.0.1:61679"}
{"level":"debug","ts":"2026-10-05T08:38:39.611Z","caller":"ipamd/ipamd.go:809","msg":"IP pool is too low for Network Card 0: available (0) < ENI target (1) * addrsPerENI (16)"}
{"level":"debug","ts":"2026-10-05T08:38:39.611Z","caller":"ipamd/ipamd.go:2689","msg":"Prefix pool stats for network card 0: Total IPs/Prefixes = 0/0, AssignedIPs/CooldownIPs: 0/0, c.maxIPsPerENI = 80"}
{"level":"debug","ts":"2026-10-05T08:38:39.611Z","caller":"ipamd/ipamd.go:795","msg":"IP stats for Network Card 0 - total IPs: 0, assigned IPs: 0, cooldown IPs: 0"}
{"level":"debug","ts":"2026-10-05T08:38:39.611Z","caller":"ipamd/ipamd.go:813","msg":"Starting to increase pool size for network card 0"}
{"level":"debug","ts":"2026-10-05T08:38:39.611Z","caller":"ipamd/ipamd.go:966","msg":"Node found \"ip-10-20-0-28.ec2.internal\" - no of taints - 0"}
{"level":"debug","ts":"2026-10-05T08:38:39.611Z","caller":"ipamd/ipamd.go:2758","msg":"Prefix target is 1, short of 1 prefixes, free 0 prefixes"}
{"level":"debug","ts":"2026-10-05T08:38:39.611Z","caller":"ipamd/ipamd.go:1248","msg":"ToAllocate: 1, Network Card 0"}
{"level":"debug","ts":"2026-10-05T08:38:39.611Z","caller":"ipamd/ipamd.go:1251","msg":"Found ENI eni-EXAMPLE19 that has less than the maximum number of IP/Prefixes addresses allocated: cur=0, max=5"}
{"level":"info","ts":"2026-10-05T08:38:39.611Z","caller":"ipamd/ipamd.go:1255","msg":"Trying to allocate 1 IP addresses on ENI eni-EXAMPLE19"}
{"level":"debug","ts":"2026-10-05T08:38:39.611Z","caller":"ipamd/ipamd.go:1255","msg":"PD enabled - true"}
{"level":"debug","ts":"2026-10-05T08:38:40.020Z","caller":"awsutils/awsutils.go:2174","msg":"checkAPIErrorAndBroadcastEvent resulted in operation error EC2: AssignPrivateIpAddresses, https response error StatusCode: 400, RequestID: 4f052e14-800a-4d8d-add0-fe8e4f1b24b2, api error InsufficientCidrBlocks: The specified subnet does not have enough free cidr blocks to satisfy the request."}
{"level":"error","ts":"2026-10-05T08:38:40.020Z","caller":"ipamd/ipamd.go:1255","msg":"Failed to allocate a private IP/Prefix addresses on ENI eni-EXAMPLE19: operation error EC2: AssignPrivateIpAddresses, https response error StatusCode: 400, RequestID: 4f052e14-800a-4d8d-add0-fe8e4f1b24b2, api error InsufficientCidrBlocks: The specified subnet does not have enough free cidr blocks to satisfy the request."}
{"level":"debug","ts":"2026-10-05T08:38:40.020Z","caller":"ipamd/ipamd.go:1256","msg":"containsPrivateIPAddressLimitExceededError encountered operation error EC2: AssignPrivateIpAddresses, https response error StatusCode: 400, RequestID: 4f052e14-800a-4d8d-add0-fe8e4f1b24b2, api error InsufficientCidrBlocks: The specified subnet does not have enough free cidr blocks to satisfy the request."}
{"level":"warn","ts":"2026-10-05T08:38:40.020Z","caller":"ipamd/ipamd.go:1113","msg":"failed to allocate all available IPv4 Prefixes on ENI eni-EXAMPLE19, err: operation error EC2: AssignPrivateIpAddresses, https response error StatusCode: 400, RequestID: 4f052e14-800a-4d8d-add0-fe8e4f1b24b2, api error InsufficientCidrBlocks: The specified subnet does not have enough free cidr blocks to satisfy the request."}
{"level":"info","ts":"2026-10-05T08:38:40.020Z","caller":"ipamd/ipamd.go:1259","msg":"Trying to allocate 1 IP addresses on ENI eni-EXAMPLE19"}
{"level":"debug","ts":"2026-10-05T08:38:40.020Z","caller":"ipamd/ipamd.go:1259","msg":"PD enabled - true"}
{"level":"debug","ts":"2026-10-05T08:38:40.533Z","caller":"awsutils/awsutils.go:2174","msg":"checkAPIErrorAndBroadcastEvent resulted in operation error EC2: AssignPrivateIpAddresses, https response error StatusCode: 400, RequestID: 4c8d9f58-7ac2-4241-8fcb-7c1ed32b1da0, api error InsufficientCidrBlocks: The specified subnet does not have enough free cidr blocks to satisfy the request."}
{"level":"error","ts":"2026-10-05T08:38:40.533Z","caller":"ipamd/ipamd.go:1259","msg":"Failed to allocate a private IP/Prefix addresses on ENI eni-EXAMPLE19: operation error EC2: AssignPrivateIpAddresses, https response error StatusCode: 400, RequestID: 4c8d9f58-7ac2-4241-8fcb-7c1ed32b1da0, api error InsufficientCidrBlocks: The specified subnet does not have enough free cidr blocks to satisfy the request."}
{"level":"debug","ts":"2026-10-05T08:38:40.533Z","caller":"ipamd/ipamd.go:1260","msg":"containsPrivateIPAddressLimitExceededError encountered operation error EC2: AssignPrivateIpAddresses, https response error StatusCode: 400, RequestID: 4c8d9f58-7ac2-4241-8fcb-7c1ed32b1da0, api error InsufficientCidrBlocks: The specified subnet does not have enough free cidr blocks to satisfy the request."}
{"level":"debug","ts":"2026-10-05T08:38:40.533Z","caller":"ipamd/ipamd.go:1262","msg":"containsInsufficientCIDRsOrSubnetIPs encountered operation error EC2: AssignPrivateIpAddresses, https response error StatusCode: 400, RequestID: 4c8d9f58-7ac2-4241-8fcb-7c1ed32b1da0, api error InsufficientCidrBlocks: The specified subnet does not have enough free cidr blocks to satisfy the request."}
{"level":"debug","ts":"2026-10-05T08:38:40.533Z","caller":"ipamd/ipamd.go:1262","msg":"Insufficient IP Addresses due to: InsufficientCidrBlocks\n"}
{"level":"debug","ts":"2026-10-05T08:38:40.533Z","caller":"ipamd/ipamd.go:1003","msg":"hasRoomForEni: networkCard=0, currentENIs=1, currentUsableENIs=1, maxENI=3, unmanagedENI=0, trunkEni=0, excludedENI=0, hasRoom=true"}
{"level":"debug","ts":"2026-10-05T08:38:40.533Z","caller":"ipamd/ipamd.go:2758","msg":"Prefix target is 1, short of 1 prefixes, free 0 prefixes"}
{"level":"debug","ts":"2026-10-05T08:38:40.533Z","caller":"ipamd/ipamd.go:2595","msg":"ToAllocate: 1, Network Card 0"}
{"level":"info","ts":"2026-10-05T08:38:40.534Z","caller":"awsutils/awsutils.go:1044","msg":"Trying to allocate 1 IP addresses on new ENI"}
{"level":"debug","ts":"2026-10-05T08:38:40.534Z","caller":"awsutils/awsutils.go:1044","msg":"PD enabled - true"}
{"level":"debug","ts":"2026-10-05T08:38:40.767Z","caller":"awsutils/awsutils.go:1272","msg":"Primary subnet subnet-EXAMPLE4 has no kubernetes.io/role/cni tag, including it for ENI creation (backwards compatibility)"}
{"level":"info","ts":"2026-10-05T08:38:40.767Z","caller":"awsutils/awsutils.go:1044","msg":"Creating ENI with security groups: [sg-EXAMPLE1] in subnet: subnet-EXAMPLE4"}
{"level":"debug","ts":"2026-10-05T08:38:41.004Z","caller":"awsutils/awsutils.go:1449","msg":"checkAPIErrorAndBroadcastEvent resulted in operation error EC2: CreateNetworkInterface, https response error StatusCode: 400, RequestID: 18aadee8-ac26-49a7-9156-fc6c9d2d2797, api error InvalidParameterValue: There aren't sufficient free Ipv4 addresses or prefixes"}
{"level":"error","ts":"2026-10-05T08:38:41.004Z","caller":"awsutils/awsutils.go:1285","msg":"Failed to CreateNetworkInterface operation error EC2: CreateNetworkInterface, https response error StatusCode: 400, RequestID: 18aadee8-ac26-49a7-9156-fc6c9d2d2797, api error InvalidParameterValue: There aren't sufficient free Ipv4 addresses or prefixes for subnet subnet-EXAMPLE4"}
{"level":"debug","ts":"2026-10-05T08:38:41.004Z","caller":"awsutils/awsutils.go:1272","msg":"Subnet subnet-EXAMPLE3 has no kubernetes.io/role/cni tag, excluding it from ENI creation"}
{"level":"error","ts":"2026-10-05T08:38:41.004Z","caller":"ipamd/ipamd.go:1004","msg":"Failed to increase pool size due to not able to allocate ENI AllocENI: failed to create ENI: failed to create network interface: operation error EC2: CreateNetworkInterface, https response error StatusCode: 400, RequestID: 18aadee8-ac26-49a7-9156-fc6c9d2d2797, api error InvalidParameterValue: There aren't sufficient free Ipv4 addresses or prefixes"}
{"level":"warn","ts":"2026-10-05T08:38:41.004Z","caller":"ipamd/ipamd.go:1004","msg":"Failed to allocate 1 IP addresses on an ENI: AllocENI: failed to create ENI: failed to create network interface: operation error EC2: CreateNetworkInterface, https response error StatusCode: 400, RequestID: 18aadee8-ac26-49a7-9156-fc6c9d2d2797, api error InvalidParameterValue: There aren't sufficient free Ipv4 addresses or prefixes"}
{"level":"debug","ts":"2026-10-05T08:38:41.004Z","caller":"ipamd/ipamd.go:1082","msg":"containsInsufficientCIDRsOrSubnetIPs encountered AllocENI: failed to create ENI: failed to create network interface: operation error EC2: CreateNetworkInterface, https response error StatusCode: 400, RequestID: 18aadee8-ac26-49a7-9156-fc6c9d2d2797, api error InvalidParameterValue: There aren't sufficient free Ipv4 addresses or prefixes"}
{"level":"debug","ts":"2026-10-05T08:38:41.004Z","caller":"ipamd/ipamd.go:1082","msg":"Insufficient IP Addresses due to: InvalidParameterValue\n"}
{"level":"debug","ts":"2026-10-05T08:38:41.004Z","caller":"ipamd/ipamd.go:813","msg":"Error trying to allocate ENI: AllocENI: failed to create ENI: failed to create network interface: operation error EC2: CreateNetworkInterface, https response error StatusCode: 400, RequestID: 18aadee8-ac26-49a7-9156-fc6c9d2d2797, api error InvalidParameterValue: There aren't sufficient free Ipv4 addresses or prefixes"}
{"level":"debug","ts":"2026-10-05T08:38:41.004Z","caller":"ipamd/ipamd.go:1548","msg":"ENI eni-EXAMPLE19 cannot be deleted because it is primary"}
{"level":"debug","ts":"2026-10-05T08:38:43.505Z","caller":"ipamd/ipamd.go:798","msg":"Reconciling ENI/IP pool info because time since last 2562047h47m16.854775807s > 1m0s"}
{"level":"debug","ts":"2026-10-05T08:38:43.506Z","caller":"ipamd/ipamd.go:1621","msg":"Total number of interfaces found: 1 "}
{"level":"debug","ts":"2026-10-05T08:38:43.506Z","caller":"awsutils/awsutils.go:787","msg":"Found ENI MAC address: 12:ff:db:1a:05:f7"}
{"level":"debug","ts":"2026-10-05T08:38:43.509Z","caller":"awsutils/awsutils.go:787","msg":"Found ENI: eni-EXAMPLE19, MAC 12:ff:db:1a:05:f7, device 0"}
{"level":"debug","ts":"2026-10-05T08:38:43.510Z","caller":"awsutils/awsutils.go:787","msg":"Found IPv4 addresses associated with interface. This is not efa-only interface"}
{"level":"debug","ts":"2026-10-05T08:38:43.513Z","caller":"ipamd/ipamd.go:798","msg":"Reconcile existing ENI eni-EXAMPLE19 IP pool"}
{"level":"info","ts":"2026-10-05T08:38:43.513Z","caller":"ipamd/ipamd.go:1766","msg":"Reconcile and skip primary IP 10.20.0.28 on ENI eni-EXAMPLE19"}
{"level":"debug","ts":"2026-10-05T08:38:43.513Z","caller":"ipamd/ipamd.go:798","msg":"Reconcile existing ENI eni-EXAMPLE19 IP prefixes"}
{"level":"debug","ts":"2026-10-05T08:38:43.513Z","caller":"ipamd/ipamd.go:1693","msg":"Found prefix pool count 0 for eni eni-EXAMPLE19\n"}
{"level":"debug","ts":"2026-10-05T08:38:43.513Z","caller":"ipamd/ipamd.go:798","msg":"Successfully Reconciled ENI/IP pool"}
{"level":"debug","ts":"2026-10-05T08:38:43.513Z","caller":"ipamd/ipamd.go:1738","msg":"Prefix pool stats for network card 0: Total IPs/Prefixes = 0/0, AssignedIPs/CooldownIPs: 0/0, c.maxIPsPerENI = 80"}
{"level":"debug","ts":"2026-10-05T08:38:43.513Z","caller":"ipamd/ipamd.go:798","msg":"Primary IP for ENI eni-EXAMPLE19 is 10.20.0.28"}
{"level":"debug","ts":"2026-10-05T08:38:46.014Z","caller":"ipamd/ipamd.go:809","msg":"IP pool is too low for Network Card 0: available (0) < ENI target (1) * addrsPerENI (16)"}
{"level":"debug","ts":"2026-10-05T08:38:46.014Z","caller":"ipamd/ipamd.go:2689","msg":"Prefix pool stats for network card 0: Total IPs/Prefixes = 0/0, AssignedIPs/CooldownIPs: 0/0, c.maxIPsPerENI = 80"}
{"level":"debug","ts":"2026-10-05T08:38:46.014Z","caller":"ipamd/ipamd.go:795","msg":"IP stats for Network Card 0 - total IPs: 0, assigned IPs: 0, cooldown IPs: 0"}
{"level":"debug","ts":"2026-10-05T08:38:46.014Z","caller":"ipamd/ipamd.go:813","msg":"Starting to increase pool size for network card 0"}
{"level":"debug","ts":"2026-10-05T08:38:46.014Z","caller":"ipamd/ipamd.go:966","msg":"Node found \"ip-10-20-0-28.ec2.internal\" - no of taints - 0"}
{"level":"debug","ts":"2026-10-05T08:38:46.014Z","caller":"ipamd/ipamd.go:2758","msg":"Prefix target is 1, short of 1 prefixes, free 0 prefixes"}
{"level":"debug","ts":"2026-10-05T08:38:46.014Z","caller":"ipamd/ipamd.go:1248","msg":"ToAllocate: 1, Network Card 0"}
{"level":"debug","ts":"2026-10-05T08:38:46.014Z","caller":"ipamd/ipamd.go:1251","msg":"Found ENI eni-EXAMPLE19 that has less than the maximum number of IP/Prefixes addresses allocated: cur=0, max=5"}
{"level":"info","ts":"2026-10-05T08:38:46.014Z","caller":"ipamd/ipamd.go:1255","msg":"Trying to allocate 1 IP addresses on ENI eni-EXAMPLE19"}
{"level":"debug","ts":"2026-10-05T08:38:46.014Z","caller":"ipamd/ipamd.go:1255","msg":"PD enabled - true"}
{"level":"debug","ts":"2026-10-05T08:38:46.433Z","caller":"awsutils/awsutils.go:2174","msg":"checkAPIErrorAndBroadcastEvent resulted in operation error EC2: AssignPrivateIpAddresses, https response error StatusCode: 400, RequestID: 0d4a4466-8717-4c2e-8f53-ef1e83390ab3, api error InsufficientCidrBlocks: The specified subnet does not have enough free cidr blocks to satisfy the request."}
{"level":"error","ts":"2026-10-05T08:38:46.433Z","caller":"ipamd/ipamd.go:1255","msg":"Failed to allocate a private IP/Prefix addresses on ENI eni-EXAMPLE19: operation error EC2: AssignPrivateIpAddresses, https response error StatusCode: 400, RequestID: 0d4a4466-8717-4c2e-8f53-ef1e83390ab3, api error InsufficientCidrBlocks: The specified subnet does not have enough free cidr blocks to satisfy the request."}
{"level":"debug","ts":"2026-10-05T08:38:46.433Z","caller":"ipamd/ipamd.go:1256","msg":"containsPrivateIPAddressLimitExceededError encountered operation error EC2: AssignPrivateIpAddresses, https response error StatusCode: 400, RequestID: 0d4a4466-8717-4c2e-8f53-ef1e83390ab3, api error InsufficientCidrBlocks: The specified subnet does not have enough free cidr blocks to satisfy the request."}
{"level":"warn","ts":"2026-10-05T08:38:46.433Z","caller":"ipamd/ipamd.go:1113","msg":"failed to allocate all available IPv4 Prefixes on ENI eni-EXAMPLE19, err: operation error EC2: AssignPrivateIpAddresses, https response error StatusCode: 400, RequestID: 0d4a4466-8717-4c2e-8f53-ef1e83390ab3, api error InsufficientCidrBlocks: The specified subnet does not have enough free cidr blocks to satisfy the request."}
{"level":"info","ts":"2026-10-05T08:38:46.433Z","caller":"ipamd/ipamd.go:1259","msg":"Trying to allocate 1 IP addresses on ENI eni-EXAMPLE19"}
{"level":"debug","ts":"2026-10-05T08:38:46.433Z","caller":"ipamd/ipamd.go:1259","msg":"PD enabled - true"}
{"level":"debug","ts":"2026-10-05T08:38:46.816Z","caller":"awsutils/awsutils.go:2174","msg":"checkAPIErrorAndBroadcastEvent resulted in operation error EC2: AssignPrivateIpAddresses, https response error StatusCode: 400, RequestID: eee7bd14-c5f5-495c-b3a6-ff95ea6dfb86, api error InsufficientCidrBlocks: The specified subnet does not have enough free cidr blocks to satisfy the request."}
{"level":"error","ts":"2026-10-05T08:38:46.817Z","caller":"ipamd/ipamd.go:1259","msg":"Failed to allocate a private IP/Prefix addresses on ENI eni-EXAMPLE19: operation error EC2: AssignPrivateIpAddresses, https response error StatusCode: 400, RequestID: eee7bd14-c5f5-495c-b3a6-ff95ea6dfb86, api error InsufficientCidrBlocks: The specified subnet does not have enough free cidr blocks to satisfy the request."}
{"level":"debug","ts":"2026-10-05T08:38:46.817Z","caller":"ipamd/ipamd.go:1260","msg":"containsPrivateIPAddressLimitExceededError encountered operation error EC2: AssignPrivateIpAddresses, https response error StatusCode: 400, RequestID: eee7bd14-c5f5-495c-b3a6-ff95ea6dfb86, api error InsufficientCidrBlocks: The specified subnet does not have enough free cidr blocks to satisfy the request."}
{"level":"debug","ts":"2026-10-05T08:38:46.817Z","caller":"ipamd/ipamd.go:1262","msg":"containsInsufficientCIDRsOrSubnetIPs encountered operation error EC2: AssignPrivateIpAddresses, https response error StatusCode: 400, RequestID: eee7bd14-c5f5-495c-b3a6-ff95ea6dfb86, api error InsufficientCidrBlocks: The specified subnet does not have enough free cidr blocks to satisfy the request."}
{"level":"debug","ts":"2026-10-05T08:38:46.817Z","caller":"ipamd/ipamd.go:1262","msg":"Insufficient IP Addresses due to: InsufficientCidrBlocks\n"}
{"level":"debug","ts":"2026-10-05T08:38:46.817Z","caller":"ipamd/ipamd.go:1003","msg":"hasRoomForEni: networkCard=0, currentENIs=1, currentUsableENIs=1, maxENI=3, unmanagedENI=0, trunkEni=0, excludedENI=0, hasRoom=true"}
{"level":"debug","ts":"2026-10-05T08:38:46.817Z","caller":"ipamd/ipamd.go:2758","msg":"Prefix target is 1, short of 1 prefixes, free 0 prefixes"}
{"level":"debug","ts":"2026-10-05T08:38:46.817Z","caller":"ipamd/ipamd.go:2595","msg":"ToAllocate: 1, Network Card 0"}
{"level":"info","ts":"2026-10-05T08:38:46.817Z","caller":"awsutils/awsutils.go:1044","msg":"Trying to allocate 1 IP addresses on new ENI"}
{"level":"debug","ts":"2026-10-05T08:38:46.817Z","caller":"awsutils/awsutils.go:1044","msg":"PD enabled - true"}
{"level":"debug","ts":"2026-10-05T08:38:47.123Z","caller":"awsutils/awsutils.go:1272","msg":"Primary subnet subnet-EXAMPLE4 has no kubernetes.io/role/cni tag, including it for ENI creation (backwards compatibility)"}
{"level":"info","ts":"2026-10-05T08:38:47.123Z","caller":"awsutils/awsutils.go:1044","msg":"Creating ENI with security groups: [sg-EXAMPLE1] in subnet: subnet-EXAMPLE4"}
{"level":"debug","ts":"2026-10-05T08:38:47.372Z","caller":"awsutils/awsutils.go:1449","msg":"checkAPIErrorAndBroadcastEvent resulted in operation error EC2: CreateNetworkInterface, https response error StatusCode: 400, RequestID: 3df91764-6694-4bea-9ed4-7589e7abf4b8, api error InvalidParameterValue: There aren't sufficient free Ipv4 addresses or prefixes"}
{"level":"error","ts":"2026-10-05T08:38:47.372Z","caller":"awsutils/awsutils.go:1285","msg":"Failed to CreateNetworkInterface operation error EC2: CreateNetworkInterface, https response error StatusCode: 400, RequestID: 3df91764-6694-4bea-9ed4-7589e7abf4b8, api error InvalidParameterValue: There aren't sufficient free Ipv4 addresses or prefixes for subnet subnet-EXAMPLE4"}
{"level":"debug","ts":"2026-10-05T08:38:47.372Z","caller":"awsutils/awsutils.go:1272","msg":"Subnet subnet-EXAMPLE3 has no kubernetes.io/role/cni tag, excluding it from ENI creation"}
{"level":"error","ts":"2026-10-05T08:38:47.373Z","caller":"ipamd/ipamd.go:1004","msg":"Failed to increase pool size due to not able to allocate ENI AllocENI: failed to create ENI: failed to create network interface: operation error EC2: CreateNetworkInterface, https response error StatusCode: 400, RequestID: 3df91764-6694-4bea-9ed4-7589e7abf4b8, api error InvalidParameterValue: There aren't sufficient free Ipv4 addresses or prefixes"}
{"level":"warn","ts":"2026-10-05T08:38:47.373Z","caller":"ipamd/ipamd.go:1004","msg":"Failed to allocate 1 IP addresses on an ENI: AllocENI: failed to create ENI: failed to create network interface: operation error EC2: CreateNetworkInterface, https response error StatusCode: 400, RequestID: 3df91764-6694-4bea-9ed4-7589e7abf4b8, api error InvalidParameterValue: There aren't sufficient free Ipv4 addresses or prefixes"}
{"level":"debug","ts":"2026-10-05T08:38:47.373Z","caller":"ipamd/ipamd.go:1082","msg":"containsInsufficientCIDRsOrSubnetIPs encountered AllocENI: failed to create ENI: failed to create network interface: operation error EC2: CreateNetworkInterface, https response error StatusCode: 400, RequestID: 3df91764-6694-4bea-9ed4-7589e7abf4b8, api error InvalidParameterValue: There aren't sufficient free Ipv4 addresses or prefixes"}
{"level":"debug","ts":"2026-10-05T08:38:47.373Z","caller":"ipamd/ipamd.go:1082","msg":"Insufficient IP Addresses due to: InvalidParameterValue\n"}
{"level":"debug","ts":"2026-10-05T08:38:47.373Z","caller":"ipamd/ipamd.go:813","msg":"Error trying to allocate ENI: AllocENI: failed to create ENI: failed to create network interface: operation error EC2: CreateNetworkInterface, https response error StatusCode: 400, RequestID: 3df91764-6694-4bea-9ed4-7589e7abf4b8, api error InvalidParameterValue: There aren't sufficient free Ipv4 addresses or prefixes"}
{"level":"debug","ts":"2026-10-05T08:38:47.373Z","caller":"ipamd/ipamd.go:1548","msg":"ENI eni-EXAMPLE19 cannot be deleted because it is primary"}
{"level":"debug","ts":"2026-10-05T08:38:52.374Z","caller":"ipamd/ipamd.go:809","msg":"IP pool is too low for Network Card 0: available (0) < ENI target (1) * addrsPerENI (16)"}
{"level":"debug","ts":"2026-10-05T08:38:52.374Z","caller":"ipamd/ipamd.go:2689","msg":"Prefix pool stats for network card 0: Total IPs/Prefixes = 0/0, AssignedIPs/CooldownIPs: 0/0, c.maxIPsPerENI = 80"}
{"level":"debug","ts":"2026-10-05T08:38:52.374Z","caller":"ipamd/ipamd.go:795","msg":"IP stats for Network Card 0 - total IPs: 0, assigned IPs: 0, cooldown IPs: 0"}
{"level":"debug","ts":"2026-10-05T08:38:52.374Z","caller":"ipamd/ipamd.go:813","msg":"Starting to increase pool size for network card 0"}
{"level":"debug","ts":"2026-10-05T08:38:52.374Z","caller":"ipamd/ipamd.go:966","msg":"Node found \"ip-10-20-0-28.ec2.internal\" - no of taints - 0"}
{"level":"debug","ts":"2026-10-05T08:38:52.374Z","caller":"ipamd/ipamd.go:2758","msg":"Prefix target is 1, short of 1 prefixes, free 0 prefixes"}
{"level":"debug","ts":"2026-10-05T08:38:52.374Z","caller":"ipamd/ipamd.go:1248","msg":"ToAllocate: 1, Network Card 0"}
{"level":"debug","ts":"2026-10-05T08:38:52.374Z","caller":"ipamd/ipamd.go:1251","msg":"Found ENI eni-EXAMPLE19 that has less than the maximum number of IP/Prefixes addresses allocated: cur=0, max=5"}
{"level":"info","ts":"2026-10-05T08:38:52.374Z","caller":"ipamd/ipamd.go:1255","msg":"Trying to allocate 1 IP addresses on ENI eni-EXAMPLE19"}
{"level":"debug","ts":"2026-10-05T08:38:52.374Z","caller":"ipamd/ipamd.go:1255","msg":"PD enabled - true"}
{"level":"debug","ts":"2026-10-05T08:38:52.829Z","caller":"awsutils/awsutils.go:2174","msg":"checkAPIErrorAndBroadcastEvent resulted in operation error EC2: AssignPrivateIpAddresses, https response error StatusCode: 400, RequestID: 97c99b03-a79c-4616-beda-b9f3e13cfa87, api error InsufficientCidrBlocks: The specified subnet does not have enough free cidr blocks to satisfy the request."}
{"level":"error","ts":"2026-10-05T08:38:52.829Z","caller":"ipamd/ipamd.go:1255","msg":"Failed to allocate a private IP/Prefix addresses on ENI eni-EXAMPLE19: operation error EC2: AssignPrivateIpAddresses, https response error StatusCode: 400, RequestID: 97c99b03-a79c-4616-beda-b9f3e13cfa87, api error InsufficientCidrBlocks: The specified subnet does not have enough free cidr blocks to satisfy the request."}
{"level":"debug","ts":"2026-10-05T08:38:52.829Z","caller":"ipamd/ipamd.go:1256","msg":"containsPrivateIPAddressLimitExceededError encountered operation error EC2: AssignPrivateIpAddresses, https response error StatusCode: 400, RequestID: 97c99b03-a79c-4616-beda-b9f3e13cfa87, api error InsufficientCidrBlocks: The specified subnet does not have enough free cidr blocks to satisfy the request."}
{"level":"warn","ts":"2026-10-05T08:38:52.829Z","caller":"ipamd/ipamd.go:1113","msg":"failed to allocate all available IPv4 Prefixes on ENI eni-EXAMPLE19, err: operation error EC2: AssignPrivateIpAddresses, https response error StatusCode: 400, RequestID: 97c99b03-a79c-4616-beda-b9f3e13cfa87, api error InsufficientCidrBlocks: The specified subnet does not have enough free cidr blocks to satisfy the request."}
{"level":"info","ts":"2026-10-05T08:38:52.829Z","caller":"ipamd/ipamd.go:1259","msg":"Trying to allocate 1 IP addresses on ENI eni-EXAMPLE19"}
{"level":"debug","ts":"2026-10-05T08:38:52.829Z","caller":"ipamd/ipamd.go:1259","msg":"PD enabled - true"}
{"level":"debug","ts":"2026-10-05T08:38:53.246Z","caller":"awsutils/awsutils.go:2174","msg":"checkAPIErrorAndBroadcastEvent resulted in operation error EC2: AssignPrivateIpAddresses, https response error StatusCode: 400, RequestID: e5c724d1-d5be-4c69-8c66-5c16524b2a98, api error InsufficientCidrBlocks: The specified subnet does not have enough free cidr blocks to satisfy the request."}
{"level":"error","ts":"2026-10-05T08:38:53.246Z","caller":"ipamd/ipamd.go:1259","msg":"Failed to allocate a private IP/Prefix addresses on ENI eni-EXAMPLE19: operation error EC2: AssignPrivateIpAddresses, https response error StatusCode: 400, RequestID: e5c724d1-d5be-4c69-8c66-5c16524b2a98, api error InsufficientCidrBlocks: The specified subnet does not have enough free cidr blocks to satisfy the request."}
{"level":"debug","ts":"2026-10-05T08:38:53.246Z","caller":"ipamd/ipamd.go:1260","msg":"containsPrivateIPAddressLimitExceededError encountered operation error EC2: AssignPrivateIpAddresses, https response error StatusCode: 400, RequestID: e5c724d1-d5be-4c69-8c66-5c16524b2a98, api error InsufficientCidrBlocks: The specified subnet does not have enough free cidr blocks to satisfy the request."}
{"level":"debug","ts":"2026-10-05T08:38:53.246Z","caller":"ipamd/ipamd.go:1262","msg":"containsInsufficientCIDRsOrSubnetIPs encountered operation error EC2: AssignPrivateIpAddresses, https response error StatusCode: 400, RequestID: e5c724d1-d5be-4c69-8c66-5c16524b2a98, api error InsufficientCidrBlocks: The specified subnet does not have enough free cidr blocks to satisfy the request."}
{"level":"debug","ts":"2026-10-05T08:38:53.246Z","caller":"ipamd/ipamd.go:1262","msg":"Insufficient IP Addresses due to: InsufficientCidrBlocks\n"}
{"level":"debug","ts":"2026-10-05T08:38:53.246Z","caller":"ipamd/ipamd.go:1003","msg":"hasRoomForEni: networkCard=0, currentENIs=1, currentUsableENIs=1, maxENI=3, unmanagedENI=0, trunkEni=0, excludedENI=0, hasRoom=true"}
{"level":"debug","ts":"2026-10-05T08:38:53.246Z","caller":"ipamd/ipamd.go:2758","msg":"Prefix target is 1, short of 1 prefixes, free 0 prefixes"}
{"level":"debug","ts":"2026-10-05T08:38:53.246Z","caller":"ipamd/ipamd.go:2595","msg":"ToAllocate: 1, Network Card 0"}
{"level":"info","ts":"2026-10-05T08:38:53.246Z","caller":"awsutils/awsutils.go:1044","msg":"Trying to allocate 1 IP addresses on new ENI"}
{"level":"debug","ts":"2026-10-05T08:38:53.246Z","caller":"awsutils/awsutils.go:1044","msg":"PD enabled - true"}
{"level":"debug","ts":"2026-10-05T08:38:53.488Z","caller":"awsutils/awsutils.go:1272","msg":"Primary subnet subnet-EXAMPLE4 has no kubernetes.io/role/cni tag, including it for ENI creation (backwards compatibility)"}
{"level":"info","ts":"2026-10-05T08:38:53.488Z","caller":"awsutils/awsutils.go:1044","msg":"Creating ENI with security groups: [sg-EXAMPLE1] in subnet: subnet-EXAMPLE4"}
{"level":"debug","ts":"2026-10-05T08:38:53.764Z","caller":"awsutils/awsutils.go:1449","msg":"checkAPIErrorAndBroadcastEvent resulted in operation error EC2: CreateNetworkInterface, https response error StatusCode: 400, RequestID: 640344fe-3c91-4266-b226-5ea2583e276f, api error InvalidParameterValue: There aren't sufficient free Ipv4 addresses or prefixes"}
{"level":"error","ts":"2026-10-05T08:38:53.764Z","caller":"awsutils/awsutils.go:1285","msg":"Failed to CreateNetworkInterface operation error EC2: CreateNetworkInterface, https response error StatusCode: 400, RequestID: 640344fe-3c91-4266-b226-5ea2583e276f, api error InvalidParameterValue: There aren't sufficient free Ipv4 addresses or prefixes for subnet subnet-EXAMPLE4"}
{"level":"debug","ts":"2026-10-05T08:38:53.764Z","caller":"awsutils/awsutils.go:1272","msg":"Subnet subnet-EXAMPLE3 has no kubernetes.io/role/cni tag, excluding it from ENI creation"}
{"level":"error","ts":"2026-10-05T08:38:53.764Z","caller":"ipamd/ipamd.go:1004","msg":"Failed to increase pool size due to not able to allocate ENI AllocENI: failed to create ENI: failed to create network interface: operation error EC2: CreateNetworkInterface, https response error StatusCode: 400, RequestID: 640344fe-3c91-4266-b226-5ea2583e276f, api error InvalidParameterValue: There aren't sufficient free Ipv4 addresses or prefixes"}
{"level":"warn","ts":"2026-10-05T08:38:53.764Z","caller":"ipamd/ipamd.go:1004","msg":"Failed to allocate 1 IP addresses on an ENI: AllocENI: failed to create ENI: failed to create network interface: operation error EC2: CreateNetworkInterface, https response error StatusCode: 400, RequestID: 640344fe-3c91-4266-b226-5ea2583e276f, api error InvalidParameterValue: There aren't sufficient free Ipv4 addresses or prefixes"}
{"level":"debug","ts":"2026-10-05T08:38:53.764Z","caller":"ipamd/ipamd.go:1082","msg":"containsInsufficientCIDRsOrSubnetIPs encountered AllocENI: failed to create ENI: failed to create network interface: operation error EC2: CreateNetworkInterface, https response error StatusCode: 400, RequestID: 640344fe-3c91-4266-b226-5ea2583e276f, api error InvalidParameterValue: There aren't sufficient free Ipv4 addresses or prefixes"}
{"level":"debug","ts":"2026-10-05T08:38:53.764Z","caller":"ipamd/ipamd.go:1082","msg":"Insufficient IP Addresses due to: InvalidParameterValue\n"}
{"level":"debug","ts":"2026-10-05T08:38:53.764Z","caller":"ipamd/ipamd.go:813","msg":"Error trying to allocate ENI: AllocENI: failed to create ENI: failed to create network interface: operation error EC2: CreateNetworkInterface, https response error StatusCode: 400, RequestID: 640344fe-3c91-4266-b226-5ea2583e276f, api error InvalidParameterValue: There aren't sufficient free Ipv4 addresses or prefixes"}
{"level":"debug","ts":"2026-10-05T08:38:53.764Z","caller":"ipamd/ipamd.go:1548","msg":"ENI eni-EXAMPLE19 cannot be deleted because it is primary"}
{"level":"debug","ts":"2026-10-05T08:38:58.765Z","caller":"ipamd/ipamd.go:809","msg":"IP pool is too low for Network Card 0: available (0) < ENI target (1) * addrsPerENI (16)"}
{"level":"debug","ts":"2026-10-05T08:38:58.765Z","caller":"ipamd/ipamd.go:2689","msg":"Prefix pool stats for network card 0: Total IPs/Prefixes = 0/0, AssignedIPs/CooldownIPs: 0/0, c.maxIPsPerENI = 80"}
{"level":"debug","ts":"2026-10-05T08:38:58.765Z","caller":"ipamd/ipamd.go:795","msg":"IP stats for Network Card 0 - total IPs: 0, assigned IPs: 0, cooldown IPs: 0"}
{"level":"debug","ts":"2026-10-05T08:38:58.765Z","caller":"ipamd/ipamd.go:813","msg":"Starting to increase pool size for network card 0"}
{"level":"debug","ts":"2026-10-05T08:38:58.765Z","caller":"ipamd/ipamd.go:966","msg":"Node found \"ip-10-20-0-28.ec2.internal\" - no of taints - 0"}
{"level":"debug","ts":"2026-10-05T08:38:58.765Z","caller":"ipamd/ipamd.go:2758","msg":"Prefix target is 1, short of 1 prefixes, free 0 prefixes"}
{"level":"debug","ts":"2026-10-05T08:38:58.765Z","caller":"ipamd/ipamd.go:1248","msg":"ToAllocate: 1, Network Card 0"}
{"level":"debug","ts":"2026-10-05T08:38:58.765Z","caller":"ipamd/ipamd.go:1251","msg":"Found ENI eni-EXAMPLE19 that has less than the maximum number of IP/Prefixes addresses allocated: cur=0, max=5"}
{"level":"info","ts":"2026-10-05T08:38:58.765Z","caller":"ipamd/ipamd.go:1255","msg":"Trying to allocate 1 IP addresses on ENI eni-EXAMPLE19"}
{"level":"debug","ts":"2026-10-05T08:38:58.765Z","caller":"ipamd/ipamd.go:1255","msg":"PD enabled - true"}
{"level":"debug","ts":"2026-10-05T08:38:59.222Z","caller":"awsutils/awsutils.go:2174","msg":"checkAPIErrorAndBroadcastEvent resulted in operation error EC2: AssignPrivateIpAddresses, https response error StatusCode: 400, RequestID: 55cd7942-06af-4d00-b7a4-e4280b120b0e, api error InsufficientCidrBlocks: The specified subnet does not have enough free cidr blocks to satisfy the request."}
{"level":"error","ts":"2026-10-05T08:38:59.222Z","caller":"ipamd/ipamd.go:1255","msg":"Failed to allocate a private IP/Prefix addresses on ENI eni-EXAMPLE19: operation error EC2: AssignPrivateIpAddresses, https response error StatusCode: 400, RequestID: 55cd7942-06af-4d00-b7a4-e4280b120b0e, api error InsufficientCidrBlocks: The specified subnet does not have enough free cidr blocks to satisfy the request."}
{"level":"debug","ts":"2026-10-05T08:38:59.222Z","caller":"ipamd/ipamd.go:1256","msg":"containsPrivateIPAddressLimitExceededError encountered operation error EC2: AssignPrivateIpAddresses, https response error StatusCode: 400, RequestID: 55cd7942-06af-4d00-b7a4-e4280b120b0e, api error InsufficientCidrBlocks: The specified subnet does not have enough free cidr blocks to satisfy the request."}
{"level":"warn","ts":"2026-10-05T08:38:59.222Z","caller":"ipamd/ipamd.go:1113","msg":"failed to allocate all available IPv4 Prefixes on ENI eni-EXAMPLE19, err: operation error EC2: AssignPrivateIpAddresses, https response error StatusCode: 400, RequestID: 55cd7942-06af-4d00-b7a4-e4280b120b0e, api error InsufficientCidrBlocks: The specified subnet does not have enough free cidr blocks to satisfy the request."}
{"level":"info","ts":"2026-10-05T08:38:59.222Z","caller":"ipamd/ipamd.go:1259","msg":"Trying to allocate 1 IP addresses on ENI eni-EXAMPLE19"}
{"level":"debug","ts":"2026-10-05T08:38:59.222Z","caller":"ipamd/ipamd.go:1259","msg":"PD enabled - true"}
{"level":"debug","ts":"2026-10-05T08:38:59.713Z","caller":"awsutils/awsutils.go:2174","msg":"checkAPIErrorAndBroadcastEvent resulted in operation error EC2: AssignPrivateIpAddresses, https response error StatusCode: 400, RequestID: 4e3acba2-437b-41c3-ac28-e06c78760a22, api error InsufficientCidrBlocks: The specified subnet does not have enough free cidr blocks to satisfy the request."}
{"level":"error","ts":"2026-10-05T08:38:59.713Z","caller":"ipamd/ipamd.go:1259","msg":"Failed to allocate a private IP/Prefix addresses on ENI eni-EXAMPLE19: operation error EC2: AssignPrivateIpAddresses, https response error StatusCode: 400, RequestID: 4e3acba2-437b-41c3-ac28-e06c78760a22, api error InsufficientCidrBlocks: The specified subnet does not have enough free cidr blocks to satisfy the request."}
{"level":"debug","ts":"2026-10-05T08:38:59.713Z","caller":"ipamd/ipamd.go:1260","msg":"containsPrivateIPAddressLimitExceededError encountered operation error EC2: AssignPrivateIpAddresses, https response error StatusCode: 400, RequestID: 4e3acba2-437b-41c3-ac28-e06c78760a22, api error InsufficientCidrBlocks: The specified subnet does not have enough free cidr blocks to satisfy the request."}
{"level":"debug","ts":"2026-10-05T08:38:59.713Z","caller":"ipamd/ipamd.go:1262","msg":"containsInsufficientCIDRsOrSubnetIPs encountered operation error EC2: AssignPrivateIpAddresses, https response error StatusCode: 400, RequestID: 4e3acba2-437b-41c3-ac28-e06c78760a22, api error InsufficientCidrBlocks: The specified subnet does not have enough free cidr blocks to satisfy the request."}
{"level":"debug","ts":"2026-10-05T08:38:59.713Z","caller":"ipamd/ipamd.go:1262","msg":"Insufficient IP Addresses due to: InsufficientCidrBlocks\n"}
{"level":"debug","ts":"2026-10-05T08:38:59.713Z","caller":"ipamd/ipamd.go:1003","msg":"hasRoomForEni: networkCard=0, currentENIs=1, currentUsableENIs=1, maxENI=3, unmanagedENI=0, trunkEni=0, excludedENI=0, hasRoom=true"}
{"level":"debug","ts":"2026-10-05T08:38:59.713Z","caller":"ipamd/ipamd.go:2758","msg":"Prefix target is 1, short of 1 prefixes, free 0 prefixes"}
{"level":"debug","ts":"2026-10-05T08:38:59.713Z","caller":"ipamd/ipamd.go:2595","msg":"ToAllocate: 1, Network Card 0"}
{"level":"info","ts":"2026-10-05T08:38:59.713Z","caller":"awsutils/awsutils.go:1044","msg":"Trying to allocate 1 IP addresses on new ENI"}
{"level":"debug","ts":"2026-10-05T08:38:59.713Z","caller":"awsutils/awsutils.go:1044","msg":"PD enabled - true"}
{"level":"debug","ts":"2026-10-05T08:38:59.898Z","caller":"awsutils/awsutils.go:1272","msg":"Primary subnet subnet-EXAMPLE4 has no kubernetes.io/role/cni tag, including it for ENI creation (backwards compatibility)"}
{"level":"info","ts":"2026-10-05T08:38:59.898Z","caller":"awsutils/awsutils.go:1044","msg":"Creating ENI with security groups: [sg-EXAMPLE1] in subnet: subnet-EXAMPLE4"}
{"level":"debug","ts":"2026-10-05T08:39:00.122Z","caller":"awsutils/awsutils.go:1449","msg":"checkAPIErrorAndBroadcastEvent resulted in operation error EC2: CreateNetworkInterface, https response error StatusCode: 400, RequestID: dacc4716-c03c-46df-89a8-0152ac1d6843, api error InvalidParameterValue: There aren't sufficient free Ipv4 addresses or prefixes"}
{"level":"error","ts":"2026-10-05T08:39:00.123Z","caller":"awsutils/awsutils.go:1285","msg":"Failed to CreateNetworkInterface operation error EC2: CreateNetworkInterface, https response error StatusCode: 400, RequestID: dacc4716-c03c-46df-89a8-0152ac1d6843, api error InvalidParameterValue: There aren't sufficient free Ipv4 addresses or prefixes for subnet subnet-EXAMPLE4"}
{"level":"debug","ts":"2026-10-05T08:39:00.123Z","caller":"awsutils/awsutils.go:1272","msg":"Subnet subnet-EXAMPLE3 has no kubernetes.io/role/cni tag, excluding it from ENI creation"}
{"level":"error","ts":"2026-10-05T08:39:00.123Z","caller":"ipamd/ipamd.go:1004","msg":"Failed to increase pool size due to not able to allocate ENI AllocENI: failed to create ENI: failed to create network interface: operation error EC2: CreateNetworkInterface, https response error StatusCode: 400, RequestID: dacc4716-c03c-46df-89a8-0152ac1d6843, api error InvalidParameterValue: There aren't sufficient free Ipv4 addresses or prefixes"}
{"level":"warn","ts":"2026-10-05T08:39:00.123Z","caller":"ipamd/ipamd.go:1004","msg":"Failed to allocate 1 IP addresses on an ENI: AllocENI: failed to create ENI: failed to create network interface: operation error EC2: CreateNetworkInterface, https response error StatusCode: 400, RequestID: dacc4716-c03c-46df-89a8-0152ac1d6843, api error InvalidParameterValue: There aren't sufficient free Ipv4 addresses or prefixes"}
{"level":"debug","ts":"2026-10-05T08:39:00.123Z","caller":"ipamd/ipamd.go:1082","msg":"containsInsufficientCIDRsOrSubnetIPs encountered AllocENI: failed to create ENI: failed to create network interface: operation error EC2: CreateNetworkInterface, https response error StatusCode: 400, RequestID: dacc4716-c03c-46df-89a8-0152ac1d6843, api error InvalidParameterValue: There aren't sufficient free Ipv4 addresses or prefixes"}
{"level":"debug","ts":"2026-10-05T08:39:00.123Z","caller":"ipamd/ipamd.go:1082","msg":"Insufficient IP Addresses due to: InvalidParameterValue\n"}
{"level":"debug","ts":"2026-10-05T08:39:00.123Z","caller":"ipamd/ipamd.go:813","msg":"Error trying to allocate ENI: AllocENI: failed to create ENI: failed to create network interface: operation error EC2: CreateNetworkInterface, https response error StatusCode: 400, RequestID: dacc4716-c03c-46df-89a8-0152ac1d6843, api error InvalidParameterValue: There aren't sufficient free Ipv4 addresses or prefixes"}
{"level":"debug","ts":"2026-10-05T08:39:00.123Z","caller":"ipamd/ipamd.go:1548","msg":"ENI eni-EXAMPLE19 cannot be deleted because it is primary"}
{"level":"debug","ts":"2026-10-05T08:39:05.125Z","caller":"ipamd/ipamd.go:809","msg":"IP pool is too low for Network Card 0: available (0) < ENI target (1) * addrsPerENI (16)"}
{"level":"debug","ts":"2026-10-05T08:39:05.125Z","caller":"ipamd/ipamd.go:2689","msg":"Prefix pool stats for network card 0: Total IPs/Prefixes = 0/0, AssignedIPs/CooldownIPs: 0/0, c.maxIPsPerENI = 80"}
{"level":"debug","ts":"2026-10-05T08:39:05.125Z","caller":"ipamd/ipamd.go:795","msg":"IP stats for Network Card 0 - total IPs: 0, assigned IPs: 0, cooldown IPs: 0"}
{"level":"debug","ts":"2026-10-05T08:39:05.125Z","caller":"ipamd/ipamd.go:813","msg":"Starting to increase pool size for network card 0"}
{"level":"debug","ts":"2026-10-05T08:39:05.125Z","caller":"ipamd/ipamd.go:966","msg":"Node found \"ip-10-20-0-28.ec2.internal\" - no of taints - 0"}
{"level":"debug","ts":"2026-10-05T08:39:05.125Z","caller":"ipamd/ipamd.go:2758","msg":"Prefix target is 1, short of 1 prefixes, free 0 prefixes"}
{"level":"debug","ts":"2026-10-05T08:39:05.125Z","caller":"ipamd/ipamd.go:1248","msg":"ToAllocate: 1, Network Card 0"}
{"level":"debug","ts":"2026-10-05T08:39:05.125Z","caller":"ipamd/ipamd.go:1251","msg":"Found ENI eni-EXAMPLE19 that has less than the maximum number of IP/Prefixes addresses allocated: cur=0, max=5"}
{"level":"info","ts":"2026-10-05T08:39:05.125Z","caller":"ipamd/ipamd.go:1255","msg":"Trying to allocate 1 IP addresses on ENI eni-EXAMPLE19"}
{"level":"debug","ts":"2026-10-05T08:39:05.125Z","caller":"ipamd/ipamd.go:1255","msg":"PD enabled - true"}
{"level":"debug","ts":"2026-10-05T08:39:05.573Z","caller":"awsutils/awsutils.go:2174","msg":"checkAPIErrorAndBroadcastEvent resulted in operation error EC2: AssignPrivateIpAddresses, https response error StatusCode: 400, RequestID: d8862cd0-9352-489c-87da-b7e483888747, api error InsufficientCidrBlocks: The specified subnet does not have enough free cidr blocks to satisfy the request."}
{"level":"error","ts":"2026-10-05T08:39:05.573Z","caller":"ipamd/ipamd.go:1255","msg":"Failed to allocate a private IP/Prefix addresses on ENI eni-EXAMPLE19: operation error EC2: AssignPrivateIpAddresses, https response error StatusCode: 400, RequestID: d8862cd0-9352-489c-87da-b7e483888747, api error InsufficientCidrBlocks: The specified subnet does not have enough free cidr blocks to satisfy the request."}
{"level":"debug","ts":"2026-10-05T08:39:05.573Z","caller":"ipamd/ipamd.go:1256","msg":"containsPrivateIPAddressLimitExceededError encountered operation error EC2: AssignPrivateIpAddresses, https response error StatusCode: 400, RequestID: d8862cd0-9352-489c-87da-b7e483888747, api error InsufficientCidrBlocks: The specified subnet does not have enough free cidr blocks to satisfy the request."}
{"level":"warn","ts":"2026-10-05T08:39:05.573Z","caller":"ipamd/ipamd.go:1113","msg":"failed to allocate all available IPv4 Prefixes on ENI eni-EXAMPLE19, err: operation error EC2: AssignPrivateIpAddresses, https response error StatusCode: 400, RequestID: d8862cd0-9352-489c-87da-b7e483888747, api error InsufficientCidrBlocks: The specified subnet does not have enough free cidr blocks to satisfy the request."}
{"level":"info","ts":"2026-10-05T08:39:05.573Z","caller":"ipamd/ipamd.go:1259","msg":"Trying to allocate 1 IP addresses on ENI eni-EXAMPLE19"}
{"level":"debug","ts":"2026-10-05T08:39:05.573Z","caller":"ipamd/ipamd.go:1259","msg":"PD enabled - true"}
{"level":"debug","ts":"2026-10-05T08:39:05.977Z","caller":"awsutils/awsutils.go:2174","msg":"checkAPIErrorAndBroadcastEvent resulted in operation error EC2: AssignPrivateIpAddresses, https response error StatusCode: 400, RequestID: a8e4f3d0-b1a0-4a86-a554-63e52f7166be, api error InsufficientCidrBlocks: The specified subnet does not have enough free cidr blocks to satisfy the request."}
{"level":"error","ts":"2026-10-05T08:39:05.977Z","caller":"ipamd/ipamd.go:1259","msg":"Failed to allocate a private IP/Prefix addresses on ENI eni-EXAMPLE19: operation error EC2: AssignPrivateIpAddresses, https response error StatusCode: 400, RequestID: a8e4f3d0-b1a0-4a86-a554-63e52f7166be, api error InsufficientCidrBlocks: The specified subnet does not have enough free cidr blocks to satisfy the request."}
{"level":"debug","ts":"2026-10-05T08:39:05.977Z","caller":"ipamd/ipamd.go:1260","msg":"containsPrivateIPAddressLimitExceededError encountered operation error EC2: AssignPrivateIpAddresses, https response error StatusCode: 400, RequestID: a8e4f3d0-b1a0-4a86-a554-63e52f7166be, api error InsufficientCidrBlocks: The specified subnet does not have enough free cidr blocks to satisfy the request."}
{"level":"debug","ts":"2026-10-05T08:39:05.977Z","caller":"ipamd/ipamd.go:1262","msg":"containsInsufficientCIDRsOrSubnetIPs encountered operation error EC2: AssignPrivateIpAddresses, https response error StatusCode: 400, RequestID: a8e4f3d0-b1a0-4a86-a554-63e52f7166be, api error InsufficientCidrBlocks: The specified subnet does not have enough free cidr blocks to satisfy the request."}
{"level":"debug","ts":"2026-10-05T08:39:05.977Z","caller":"ipamd/ipamd.go:1262","msg":"Insufficient IP Addresses due to: InsufficientCidrBlocks\n"}
{"level":"debug","ts":"2026-10-05T08:39:05.977Z","caller":"ipamd/ipamd.go:1003","msg":"hasRoomForEni: networkCard=0, currentENIs=1, currentUsableENIs=1, maxENI=3, unmanagedENI=0, trunkEni=0, excludedENI=0, hasRoom=true"}
{"level":"debug","ts":"2026-10-05T08:39:05.977Z","caller":"ipamd/ipamd.go:2758","msg":"Prefix target is 1, short of 1 prefixes, free 0 prefixes"}
{"level":"debug","ts":"2026-10-05T08:39:05.977Z","caller":"ipamd/ipamd.go:2595","msg":"ToAllocate: 1, Network Card 0"}
{"level":"info","ts":"2026-10-05T08:39:05.977Z","caller":"awsutils/awsutils.go:1044","msg":"Trying to allocate 1 IP addresses on new ENI"}
{"level":"debug","ts":"2026-10-05T08:39:05.977Z","caller":"awsutils/awsutils.go:1044","msg":"PD enabled - true"}
{"level":"debug","ts":"2026-10-05T08:39:06.257Z","caller":"awsutils/awsutils.go:1272","msg":"Primary subnet subnet-EXAMPLE4 has no kubernetes.io/role/cni tag, including it for ENI creation (backwards compatibility)"}
{"level":"info","ts":"2026-10-05T08:39:06.258Z","caller":"awsutils/awsutils.go:1044","msg":"Creating ENI with security groups: [sg-EXAMPLE1] in subnet: subnet-EXAMPLE4"}
{"level":"debug","ts":"2026-10-05T08:39:06.519Z","caller":"awsutils/awsutils.go:1449","msg":"checkAPIErrorAndBroadcastEvent resulted in operation error EC2: CreateNetworkInterface, https response error StatusCode: 400, RequestID: e7676dbb-8e94-461f-ae48-b07df34ef7d1, api error InvalidParameterValue: There aren't sufficient free Ipv4 addresses or prefixes"}
{"level":"error","ts":"2026-10-05T08:39:06.520Z","caller":"awsutils/awsutils.go:1285","msg":"Failed to CreateNetworkInterface operation error EC2: CreateNetworkInterface, https response error StatusCode: 400, RequestID: e7676dbb-8e94-461f-ae48-b07df34ef7d1, api error InvalidParameterValue: There aren't sufficient free Ipv4 addresses or prefixes for subnet subnet-EXAMPLE4"}
{"level":"debug","ts":"2026-10-05T08:39:06.520Z","caller":"awsutils/awsutils.go:1272","msg":"Subnet subnet-EXAMPLE3 has no kubernetes.io/role/cni tag, excluding it from ENI creation"}
{"level":"error","ts":"2026-10-05T08:39:06.520Z","caller":"ipamd/ipamd.go:1004","msg":"Failed to increase pool size due to not able to allocate ENI AllocENI: failed to create ENI: failed to create network interface: operation error EC2: CreateNetworkInterface, https response error StatusCode: 400, RequestID: e7676dbb-8e94-461f-ae48-b07df34ef7d1, api error InvalidParameterValue: There aren't sufficient free Ipv4 addresses or prefixes"}
{"level":"warn","ts":"2026-10-05T08:39:06.520Z","caller":"ipamd/ipamd.go:1004","msg":"Failed to allocate 1 IP addresses on an ENI: AllocENI: failed to create ENI: failed to create network interface: operation error EC2: CreateNetworkInterface, https response error StatusCode: 400, RequestID: e7676dbb-8e94-461f-ae48-b07df34ef7d1, api error InvalidParameterValue: There aren't sufficient free Ipv4 addresses or prefixes"}
{"level":"debug","ts":"2026-10-05T08:39:06.520Z","caller":"ipamd/ipamd.go:1082","msg":"containsInsufficientCIDRsOrSubnetIPs encountered AllocENI: failed to create ENI: failed to create network interface: operation error EC2: CreateNetworkInterface, https response error StatusCode: 400, RequestID: e7676dbb-8e94-461f-ae48-b07df34ef7d1, api error InvalidParameterValue: There aren't sufficient free Ipv4 addresses or prefixes"}
{"level":"debug","ts":"2026-10-05T08:39:06.520Z","caller":"ipamd/ipamd.go:1082","msg":"Insufficient IP Addresses due to: InvalidParameterValue\n"}
{"level":"debug","ts":"2026-10-05T08:39:06.520Z","caller":"ipamd/ipamd.go:813","msg":"Error trying to allocate ENI: AllocENI: failed to create ENI: failed to create network interface: operation error EC2: CreateNetworkInterface, https response error StatusCode: 400, RequestID: e7676dbb-8e94-461f-ae48-b07df34ef7d1, api error InvalidParameterValue: There aren't sufficient free Ipv4 addresses or prefixes"}
{"level":"debug","ts":"2026-10-05T08:39:06.520Z","caller":"ipamd/ipamd.go:1548","msg":"ENI eni-EXAMPLE19 cannot be deleted because it is primary"}
{"level":"debug","ts":"2026-10-05T08:39:11.521Z","caller":"ipamd/ipamd.go:809","msg":"IP pool is too low for Network Card 0: available (0) < ENI target (1) * addrsPerENI (16)"}
{"level":"debug","ts":"2026-10-05T08:39:11.521Z","caller":"ipamd/ipamd.go:2689","msg":"Prefix pool stats for network card 0: Total IPs/Prefixes = 0/0, AssignedIPs/CooldownIPs: 0/0, c.maxIPsPerENI = 80"}
{"level":"debug","ts":"2026-10-05T08:39:11.521Z","caller":"ipamd/ipamd.go:795","msg":"IP stats for Network Card 0 - total IPs: 0, assigned IPs: 0, cooldown IPs: 0"}
{"level":"debug","ts":"2026-10-05T08:39:11.521Z","caller":"ipamd/ipamd.go:813","msg":"Starting to increase pool size for network card 0"}
{"level":"debug","ts":"2026-10-05T08:39:11.521Z","caller":"ipamd/ipamd.go:966","msg":"Node found \"ip-10-20-0-28.ec2.internal\" - no of taints - 0"}
{"level":"debug","ts":"2026-10-05T08:39:11.521Z","caller":"ipamd/ipamd.go:2758","msg":"Prefix target is 1, short of 1 prefixes, free 0 prefixes"}
{"level":"debug","ts":"2026-10-05T08:39:11.521Z","caller":"ipamd/ipamd.go:1248","msg":"ToAllocate: 1, Network Card 0"}
{"level":"debug","ts":"2026-10-05T08:39:11.521Z","caller":"ipamd/ipamd.go:1251","msg":"Found ENI eni-EXAMPLE19 that has less than the maximum number of IP/Prefixes addresses allocated: cur=0, max=5"}
{"level":"info","ts":"2026-10-05T08:39:11.521Z","caller":"ipamd/ipamd.go:1255","msg":"Trying to allocate 1 IP addresses on ENI eni-EXAMPLE19"}
{"level":"debug","ts":"2026-10-05T08:39:11.521Z","caller":"ipamd/ipamd.go:1255","msg":"PD enabled - true"}
{"level":"debug","ts":"2026-10-05T08:39:11.928Z","caller":"awsutils/awsutils.go:2174","msg":"checkAPIErrorAndBroadcastEvent resulted in operation error EC2: AssignPrivateIpAddresses, https response error StatusCode: 400, RequestID: 59ef3467-a7fa-458f-8c81-30233c476efc, api error InsufficientCidrBlocks: The specified subnet does not have enough free cidr blocks to satisfy the request."}
{"level":"error","ts":"2026-10-05T08:39:11.928Z","caller":"ipamd/ipamd.go:1255","msg":"Failed to allocate a private IP/Prefix addresses on ENI eni-EXAMPLE19: operation error EC2: AssignPrivateIpAddresses, https response error StatusCode: 400, RequestID: 59ef3467-a7fa-458f-8c81-30233c476efc, api error InsufficientCidrBlocks: The specified subnet does not have enough free cidr blocks to satisfy the request."}
{"level":"debug","ts":"2026-10-05T08:39:11.928Z","caller":"ipamd/ipamd.go:1256","msg":"containsPrivateIPAddressLimitExceededError encountered operation error EC2: AssignPrivateIpAddresses, https response error StatusCode: 400, RequestID: 59ef3467-a7fa-458f-8c81-30233c476efc, api error InsufficientCidrBlocks: The specified subnet does not have enough free cidr blocks to satisfy the request."}
{"level":"warn","ts":"2026-10-05T08:39:11.928Z","caller":"ipamd/ipamd.go:1113","msg":"failed to allocate all available IPv4 Prefixes on ENI eni-EXAMPLE19, err: operation error EC2: AssignPrivateIpAddresses, https response error StatusCode: 400, RequestID: 59ef3467-a7fa-458f-8c81-30233c476efc, api error InsufficientCidrBlocks: The specified subnet does not have enough free cidr blocks to satisfy the request."}
{"level":"info","ts":"2026-10-05T08:39:11.928Z","caller":"ipamd/ipamd.go:1259","msg":"Trying to allocate 1 IP addresses on ENI eni-EXAMPLE19"}
{"level":"debug","ts":"2026-10-05T08:39:11.928Z","caller":"ipamd/ipamd.go:1259","msg":"PD enabled - true"}
{"level":"debug","ts":"2026-10-05T08:39:12.343Z","caller":"awsutils/awsutils.go:2174","msg":"checkAPIErrorAndBroadcastEvent resulted in operation error EC2: AssignPrivateIpAddresses, https response error StatusCode: 400, RequestID: 04c6662b-4f63-4c04-b81d-518c64b8de15, api error InsufficientCidrBlocks: The specified subnet does not have enough free cidr blocks to satisfy the request."}
{"level":"error","ts":"2026-10-05T08:39:12.343Z","caller":"ipamd/ipamd.go:1259","msg":"Failed to allocate a private IP/Prefix addresses on ENI eni-EXAMPLE19: operation error EC2: AssignPrivateIpAddresses, https response error StatusCode: 400, RequestID: 04c6662b-4f63-4c04-b81d-518c64b8de15, api error InsufficientCidrBlocks: The specified subnet does not have enough free cidr blocks to satisfy the request."}
{"level":"debug","ts":"2026-10-05T08:39:12.343Z","caller":"ipamd/ipamd.go:1260","msg":"containsPrivateIPAddressLimitExceededError encountered operation error EC2: AssignPrivateIpAddresses, https response error StatusCode: 400, RequestID: 04c6662b-4f63-4c04-b81d-518c64b8de15, api error InsufficientCidrBlocks: The specified subnet does not have enough free cidr blocks to satisfy the request."}
{"level":"debug","ts":"2026-10-05T08:39:12.343Z","caller":"ipamd/ipamd.go:1262","msg":"containsInsufficientCIDRsOrSubnetIPs encountered operation error EC2: AssignPrivateIpAddresses, https response error StatusCode: 400, RequestID: 04c6662b-4f63-4c04-b81d-518c64b8de15, api error InsufficientCidrBlocks: The specified subnet does not have enough free cidr blocks to satisfy the request."}
{"level":"debug","ts":"2026-10-05T08:39:12.343Z","caller":"ipamd/ipamd.go:1262","msg":"Insufficient IP Addresses due to: InsufficientCidrBlocks\n"}
{"level":"debug","ts":"2026-10-05T08:39:12.343Z","caller":"ipamd/ipamd.go:1003","msg":"hasRoomForEni: networkCard=0, currentENIs=1, currentUsableENIs=1, maxENI=3, unmanagedENI=0, trunkEni=0, excludedENI=0, hasRoom=true"}
{"level":"debug","ts":"2026-10-05T08:39:12.343Z","caller":"ipamd/ipamd.go:2758","msg":"Prefix target is 1, short of 1 prefixes, free 0 prefixes"}
{"level":"debug","ts":"2026-10-05T08:39:12.343Z","caller":"ipamd/ipamd.go:2595","msg":"ToAllocate: 1, Network Card 0"}
{"level":"info","ts":"2026-10-05T08:39:12.343Z","caller":"awsutils/awsutils.go:1044","msg":"Trying to allocate 1 IP addresses on new ENI"}
{"level":"debug","ts":"2026-10-05T08:39:12.343Z","caller":"awsutils/awsutils.go:1044","msg":"PD enabled - true"}
{"level":"debug","ts":"2026-10-05T08:39:12.563Z","caller":"awsutils/awsutils.go:1272","msg":"Primary subnet subnet-EXAMPLE4 has no kubernetes.io/role/cni tag, including it for ENI creation (backwards compatibility)"}
{"level":"info","ts":"2026-10-05T08:39:12.563Z","caller":"awsutils/awsutils.go:1044","msg":"Creating ENI with security groups: [sg-EXAMPLE1] in subnet: subnet-EXAMPLE4"}
{"level":"debug","ts":"2026-10-05T08:39:12.817Z","caller":"awsutils/awsutils.go:1449","msg":"checkAPIErrorAndBroadcastEvent resulted in operation error EC2: CreateNetworkInterface, https response error StatusCode: 400, RequestID: b028bed7-a5e6-471f-ac54-e08044c6bbf0, api error InvalidParameterValue: There aren't sufficient free Ipv4 addresses or prefixes"}
{"level":"error","ts":"2026-10-05T08:39:12.817Z","caller":"awsutils/awsutils.go:1285","msg":"Failed to CreateNetworkInterface operation error EC2: CreateNetworkInterface, https response error StatusCode: 400, RequestID: b028bed7-a5e6-471f-ac54-e08044c6bbf0, api error InvalidParameterValue: There aren't sufficient free Ipv4 addresses or prefixes for subnet subnet-EXAMPLE4"}
{"level":"debug","ts":"2026-10-05T08:39:12.817Z","caller":"awsutils/awsutils.go:1272","msg":"Subnet subnet-EXAMPLE3 has no kubernetes.io/role/cni tag, excluding it from ENI creation"}
{"level":"error","ts":"2026-10-05T08:39:12.817Z","caller":"ipamd/ipamd.go:1004","msg":"Failed to increase pool size due to not able to allocate ENI AllocENI: failed to create ENI: failed to create network interface: operation error EC2: CreateNetworkInterface, https response error StatusCode: 400, RequestID: b028bed7-a5e6-471f-ac54-e08044c6bbf0, api error InvalidParameterValue: There aren't sufficient free Ipv4 addresses or prefixes"}
{"level":"warn","ts":"2026-10-05T08:39:12.817Z","caller":"ipamd/ipamd.go:1004","msg":"Failed to allocate 1 IP addresses on an ENI: AllocENI: failed to create ENI: failed to create network interface: operation error EC2: CreateNetworkInterface, https response error StatusCode: 400, RequestID: b028bed7-a5e6-471f-ac54-e08044c6bbf0, api error InvalidParameterValue: There aren't sufficient free Ipv4 addresses or prefixes"}
{"level":"debug","ts":"2026-10-05T08:39:12.817Z","caller":"ipamd/ipamd.go:1082","msg":"containsInsufficientCIDRsOrSubnetIPs encountered AllocENI: failed to create ENI: failed to create network interface: operation error EC2: CreateNetworkInterface, https response error StatusCode: 400, RequestID: b028bed7-a5e6-471f-ac54-e08044c6bbf0, api error InvalidParameterValue: There aren't sufficient free Ipv4 addresses or prefixes"}
{"level":"debug","ts":"2026-10-05T08:39:12.817Z","caller":"ipamd/ipamd.go:1082","msg":"Insufficient IP Addresses due to: InvalidParameterValue\n"}
{"level":"debug","ts":"2026-10-05T08:39:12.817Z","caller":"ipamd/ipamd.go:813","msg":"Error trying to allocate ENI: AllocENI: failed to create ENI: failed to create network interface: operation error EC2: CreateNetworkInterface, https response error StatusCode: 400, RequestID: b028bed7-a5e6-471f-ac54-e08044c6bbf0, api error InvalidParameterValue: There aren't sufficient free Ipv4 addresses or prefixes"}
{"level":"debug","ts":"2026-10-05T08:39:12.817Z","caller":"ipamd/ipamd.go:1548","msg":"ENI eni-EXAMPLE19 cannot be deleted because it is primary"}
{"level":"debug","ts":"2026-10-05T08:39:17.819Z","caller":"ipamd/ipamd.go:809","msg":"IP pool is too low for Network Card 0: available (0) < ENI target (1) * addrsPerENI (16)"}
{"level":"debug","ts":"2026-10-05T08:39:17.819Z","caller":"ipamd/ipamd.go:2689","msg":"Prefix pool stats for network card 0: Total IPs/Prefixes = 0/0, AssignedIPs/CooldownIPs: 0/0, c.maxIPsPerENI = 80"}
{"level":"debug","ts":"2026-10-05T08:39:17.819Z","caller":"ipamd/ipamd.go:795","msg":"IP stats for Network Card 0 - total IPs: 0, assigned IPs: 0, cooldown IPs: 0"}
{"level":"debug","ts":"2026-10-05T08:39:17.819Z","caller":"ipamd/ipamd.go:813","msg":"Starting to increase pool size for network card 0"}
{"level":"debug","ts":"2026-10-05T08:39:17.819Z","caller":"ipamd/ipamd.go:966","msg":"Node found \"ip-10-20-0-28.ec2.internal\" - no of taints - 0"}
{"level":"debug","ts":"2026-10-05T08:39:17.819Z","caller":"ipamd/ipamd.go:2758","msg":"Prefix target is 1, short of 1 prefixes, free 0 prefixes"}
{"level":"debug","ts":"2026-10-05T08:39:17.819Z","caller":"ipamd/ipamd.go:1248","msg":"ToAllocate: 1, Network Card 0"}
{"level":"debug","ts":"2026-10-05T08:39:17.819Z","caller":"ipamd/ipamd.go:1251","msg":"Found ENI eni-EXAMPLE19 that has less than the maximum number of IP/Prefixes addresses allocated: cur=0, max=5"}
{"level":"info","ts":"2026-10-05T08:39:17.819Z","caller":"ipamd/ipamd.go:1255","msg":"Trying to allocate 1 IP addresses on ENI eni-EXAMPLE19"}
{"level":"debug","ts":"2026-10-05T08:39:17.819Z","caller":"ipamd/ipamd.go:1255","msg":"PD enabled - true"}
{"level":"debug","ts":"2026-10-05T08:39:18.214Z","caller":"awsutils/awsutils.go:2174","msg":"checkAPIErrorAndBroadcastEvent resulted in operation error EC2: AssignPrivateIpAddresses, https response error StatusCode: 400, RequestID: d9d2b5b0-2485-4518-b743-3d0428cc8fe6, api error InsufficientCidrBlocks: The specified subnet does not have enough free cidr blocks to satisfy the request."}
{"level":"error","ts":"2026-10-05T08:39:18.214Z","caller":"ipamd/ipamd.go:1255","msg":"Failed to allocate a private IP/Prefix addresses on ENI eni-EXAMPLE19: operation error EC2: AssignPrivateIpAddresses, https response error StatusCode: 400, RequestID: d9d2b5b0-2485-4518-b743-3d0428cc8fe6, api error InsufficientCidrBlocks: The specified subnet does not have enough free cidr blocks to satisfy the request."}
{"level":"debug","ts":"2026-10-05T08:39:18.214Z","caller":"ipamd/ipamd.go:1256","msg":"containsPrivateIPAddressLimitExceededError encountered operation error EC2: AssignPrivateIpAddresses, https response error StatusCode: 400, RequestID: d9d2b5b0-2485-4518-b743-3d0428cc8fe6, api error InsufficientCidrBlocks: The specified subnet does not have enough free cidr blocks to satisfy the request."}
{"level":"warn","ts":"2026-10-05T08:39:18.214Z","caller":"ipamd/ipamd.go:1113","msg":"failed to allocate all available IPv4 Prefixes on ENI eni-EXAMPLE19, err: operation error EC2: AssignPrivateIpAddresses, https response error StatusCode: 400, RequestID: d9d2b5b0-2485-4518-b743-3d0428cc8fe6, api error InsufficientCidrBlocks: The specified subnet does not have enough free cidr blocks to satisfy the request."}
{"level":"info","ts":"2026-10-05T08:39:18.214Z","caller":"ipamd/ipamd.go:1259","msg":"Trying to allocate 1 IP addresses on ENI eni-EXAMPLE19"}
{"level":"debug","ts":"2026-10-05T08:39:18.214Z","caller":"ipamd/ipamd.go:1259","msg":"PD enabled - true"}
{"level":"debug","ts":"2026-10-05T08:39:18.595Z","caller":"awsutils/awsutils.go:2174","msg":"checkAPIErrorAndBroadcastEvent resulted in operation error EC2: AssignPrivateIpAddresses, https response error StatusCode: 400, RequestID: 0d77dd8b-8c81-4ab3-96d8-aed64c8a736d, api error InsufficientCidrBlocks: The specified subnet does not have enough free cidr blocks to satisfy the request."}
{"level":"error","ts":"2026-10-05T08:39:18.595Z","caller":"ipamd/ipamd.go:1259","msg":"Failed to allocate a private IP/Prefix addresses on ENI eni-EXAMPLE19: operation error EC2: AssignPrivateIpAddresses, https response error StatusCode: 400, RequestID: 0d77dd8b-8c81-4ab3-96d8-aed64c8a736d, api error InsufficientCidrBlocks: The specified subnet does not have enough free cidr blocks to satisfy the request."}
{"level":"debug","ts":"2026-10-05T08:39:18.595Z","caller":"ipamd/ipamd.go:1260","msg":"containsPrivateIPAddressLimitExceededError encountered operation error EC2: AssignPrivateIpAddresses, https response error StatusCode: 400, RequestID: 0d77dd8b-8c81-4ab3-96d8-aed64c8a736d, api error InsufficientCidrBlocks: The specified subnet does not have enough free cidr blocks to satisfy the request."}
{"level":"debug","ts":"2026-10-05T08:39:18.595Z","caller":"ipamd/ipamd.go:1262","msg":"containsInsufficientCIDRsOrSubnetIPs encountered operation error EC2: AssignPrivateIpAddresses, https response error StatusCode: 400, RequestID: 0d77dd8b-8c81-4ab3-96d8-aed64c8a736d, api error InsufficientCidrBlocks: The specified subnet does not have enough free cidr blocks to satisfy the request."}
{"level":"debug","ts":"2026-10-05T08:39:18.595Z","caller":"ipamd/ipamd.go:1262","msg":"Insufficient IP Addresses due to: InsufficientCidrBlocks\n"}
{"level":"debug","ts":"2026-10-05T08:39:18.595Z","caller":"ipamd/ipamd.go:1003","msg":"hasRoomForEni: networkCard=0, currentENIs=1, currentUsableENIs=1, maxENI=3, unmanagedENI=0, trunkEni=0, excludedENI=0, hasRoom=true"}
{"level":"debug","ts":"2026-10-05T08:39:18.595Z","caller":"ipamd/ipamd.go:2758","msg":"Prefix target is 1, short of 1 prefixes, free 0 prefixes"}
{"level":"debug","ts":"2026-10-05T08:39:18.595Z","caller":"ipamd/ipamd.go:2595","msg":"ToAllocate: 1, Network Card 0"}
{"level":"info","ts":"2026-10-05T08:39:18.595Z","caller":"awsutils/awsutils.go:1044","msg":"Trying to allocate 1 IP addresses on new ENI"}
{"level":"debug","ts":"2026-10-05T08:39:18.595Z","caller":"awsutils/awsutils.go:1044","msg":"PD enabled - true"}
{"level":"debug","ts":"2026-10-05T08:39:18.860Z","caller":"awsutils/awsutils.go:1272","msg":"Primary subnet subnet-EXAMPLE4 has no kubernetes.io/role/cni tag, including it for ENI creation (backwards compatibility)"}
{"level":"info","ts":"2026-10-05T08:39:18.860Z","caller":"awsutils/awsutils.go:1044","msg":"Creating ENI with security groups: [sg-EXAMPLE1] in subnet: subnet-EXAMPLE4"}
{"level":"debug","ts":"2026-10-05T08:39:19.191Z","caller":"awsutils/awsutils.go:1449","msg":"checkAPIErrorAndBroadcastEvent resulted in operation error EC2: CreateNetworkInterface, https response error StatusCode: 400, RequestID: 5e0b3e33-fd7c-405f-ad38-b437b1704cb2, api error InvalidParameterValue: There aren't sufficient free Ipv4 addresses or prefixes"}
{"level":"error","ts":"2026-10-05T08:39:19.192Z","caller":"awsutils/awsutils.go:1285","msg":"Failed to CreateNetworkInterface operation error EC2: CreateNetworkInterface, https response error StatusCode: 400, RequestID: 5e0b3e33-fd7c-405f-ad38-b437b1704cb2, api error InvalidParameterValue: There aren't sufficient free Ipv4 addresses or prefixes for subnet subnet-EXAMPLE4"}
{"level":"debug","ts":"2026-10-05T08:39:19.192Z","caller":"awsutils/awsutils.go:1272","msg":"Subnet subnet-EXAMPLE3 has no kubernetes.io/role/cni tag, excluding it from ENI creation"}
{"level":"error","ts":"2026-10-05T08:39:19.192Z","caller":"ipamd/ipamd.go:1004","msg":"Failed to increase pool size due to not able to allocate ENI AllocENI: failed to create ENI: failed to create network interface: operation error EC2: CreateNetworkInterface, https response error StatusCode: 400, RequestID: 5e0b3e33-fd7c-405f-ad38-b437b1704cb2, api error InvalidParameterValue: There aren't sufficient free Ipv4 addresses or prefixes"}
{"level":"warn","ts":"2026-10-05T08:39:19.192Z","caller":"ipamd/ipamd.go:1004","msg":"Failed to allocate 1 IP addresses on an ENI: AllocENI: failed to create ENI: failed to create network interface: operation error EC2: CreateNetworkInterface, https response error StatusCode: 400, RequestID: 5e0b3e33-fd7c-405f-ad38-b437b1704cb2, api error InvalidParameterValue: There aren't sufficient free Ipv4 addresses or prefixes"}
{"level":"debug","ts":"2026-10-05T08:39:19.192Z","caller":"ipamd/ipamd.go:1082","msg":"containsInsufficientCIDRsOrSubnetIPs encountered AllocENI: failed to create ENI: failed to create network interface: operation error EC2: CreateNetworkInterface, https response error StatusCode: 400, RequestID: 5e0b3e33-fd7c-405f-ad38-b437b1704cb2, api error InvalidParameterValue: There aren't sufficient free Ipv4 addresses or prefixes"}
{"level":"debug","ts":"2026-10-05T08:39:19.192Z","caller":"ipamd/ipamd.go:1082","msg":"Insufficient IP Addresses due to: InvalidParameterValue\n"}
{"level":"debug","ts":"2026-10-05T08:39:19.192Z","caller":"ipamd/ipamd.go:813","msg":"Error trying to allocate ENI: AllocENI: failed to create ENI: failed to create network interface: operation error EC2: CreateNetworkInterface, https response error StatusCode: 400, RequestID: 5e0b3e33-fd7c-405f-ad38-b437b1704cb2, api error InvalidParameterValue: There aren't sufficient free Ipv4 addresses or prefixes"}
{"level":"debug","ts":"2026-10-05T08:39:19.192Z","caller":"ipamd/ipamd.go:1548","msg":"ENI eni-EXAMPLE19 cannot be deleted because it is primary"}
{"level":"debug","ts":"2026-10-05T08:39:24.193Z","caller":"ipamd/ipamd.go:809","msg":"IP pool is too low for Network Card 0: available (0) < ENI target (1) * addrsPerENI (16)"}
{"level":"debug","ts":"2026-10-05T08:39:24.193Z","caller":"ipamd/ipamd.go:2689","msg":"Prefix pool stats for network card 0: Total IPs/Prefixes = 0/0, AssignedIPs/CooldownIPs: 0/0, c.maxIPsPerENI = 80"}
{"level":"debug","ts":"2026-10-05T08:39:24.193Z","caller":"ipamd/ipamd.go:795","msg":"IP stats for Network Card 0 - total IPs: 0, assigned IPs: 0, cooldown IPs: 0"}
{"level":"debug","ts":"2026-10-05T08:39:24.193Z","caller":"ipamd/ipamd.go:813","msg":"Starting to increase pool size for network card 0"}
{"level":"debug","ts":"2026-10-05T08:39:24.194Z","caller":"ipamd/ipamd.go:966","msg":"Node found \"ip-10-20-0-28.ec2.internal\" - no of taints - 0"}
{"level":"debug","ts":"2026-10-05T08:39:24.194Z","caller":"ipamd/ipamd.go:2758","msg":"Prefix target is 1, short of 1 prefixes, free 0 prefixes"}
{"level":"debug","ts":"2026-10-05T08:39:24.194Z","caller":"ipamd/ipamd.go:1248","msg":"ToAllocate: 1, Network Card 0"}
{"level":"debug","ts":"2026-10-05T08:39:24.194Z","caller":"ipamd/ipamd.go:1251","msg":"Found ENI eni-EXAMPLE19 that has less than the maximum number of IP/Prefixes addresses allocated: cur=0, max=5"}
{"level":"info","ts":"2026-10-05T08:39:24.194Z","caller":"ipamd/ipamd.go:1255","msg":"Trying to allocate 1 IP addresses on ENI eni-EXAMPLE19"}
{"level":"debug","ts":"2026-10-05T08:39:24.194Z","caller":"ipamd/ipamd.go:1255","msg":"PD enabled - true"}
{"level":"debug","ts":"2026-10-05T08:39:24.613Z","caller":"awsutils/awsutils.go:2174","msg":"checkAPIErrorAndBroadcastEvent resulted in operation error EC2: AssignPrivateIpAddresses, https response error StatusCode: 400, RequestID: f66f2886-ecbd-47ec-9b8a-de49202d9d63, api error InsufficientCidrBlocks: The specified subnet does not have enough free cidr blocks to satisfy the request."}
{"level":"error","ts":"2026-10-05T08:39:24.613Z","caller":"ipamd/ipamd.go:1255","msg":"Failed to allocate a private IP/Prefix addresses on ENI eni-EXAMPLE19: operation error EC2: AssignPrivateIpAddresses, https response error StatusCode: 400, RequestID: f66f2886-ecbd-47ec-9b8a-de49202d9d63, api error InsufficientCidrBlocks: The specified subnet does not have enough free cidr blocks to satisfy the request."}
{"level":"debug","ts":"2026-10-05T08:39:24.613Z","caller":"ipamd/ipamd.go:1256","msg":"containsPrivateIPAddressLimitExceededError encountered operation error EC2: AssignPrivateIpAddresses, https response error StatusCode: 400, RequestID: f66f2886-ecbd-47ec-9b8a-de49202d9d63, api error InsufficientCidrBlocks: The specified subnet does not have enough free cidr blocks to satisfy the request."}
{"level":"warn","ts":"2026-10-05T08:39:24.613Z","caller":"ipamd/ipamd.go:1113","msg":"failed to allocate all available IPv4 Prefixes on ENI eni-EXAMPLE19, err: operation error EC2: AssignPrivateIpAddresses, https response error StatusCode: 400, RequestID: f66f2886-ecbd-47ec-9b8a-de49202d9d63, api error InsufficientCidrBlocks: The specified subnet does not have enough free cidr blocks to satisfy the request."}
{"level":"info","ts":"2026-10-05T08:39:24.613Z","caller":"ipamd/ipamd.go:1259","msg":"Trying to allocate 1 IP addresses on ENI eni-EXAMPLE19"}
{"level":"debug","ts":"2026-10-05T08:39:24.613Z","caller":"ipamd/ipamd.go:1259","msg":"PD enabled - true"}
{"level":"debug","ts":"2026-10-05T08:39:25.125Z","caller":"awsutils/awsutils.go:2174","msg":"checkAPIErrorAndBroadcastEvent resulted in operation error EC2: AssignPrivateIpAddresses, https response error StatusCode: 400, RequestID: 6b4a1451-0e8b-4a48-a780-fc1a42f54c30, api error InsufficientCidrBlocks: The specified subnet does not have enough free cidr blocks to satisfy the request."}
{"level":"error","ts":"2026-10-05T08:39:25.125Z","caller":"ipamd/ipamd.go:1259","msg":"Failed to allocate a private IP/Prefix addresses on ENI eni-EXAMPLE19: operation error EC2: AssignPrivateIpAddresses, https response error StatusCode: 400, RequestID: 6b4a1451-0e8b-4a48-a780-fc1a42f54c30, api error InsufficientCidrBlocks: The specified subnet does not have enough free cidr blocks to satisfy the request."}
{"level":"debug","ts":"2026-10-05T08:39:25.125Z","caller":"ipamd/ipamd.go:1260","msg":"containsPrivateIPAddressLimitExceededError encountered operation error EC2: AssignPrivateIpAddresses, https response error StatusCode: 400, RequestID: 6b4a1451-0e8b-4a48-a780-fc1a42f54c30, api error InsufficientCidrBlocks: The specified subnet does not have enough free cidr blocks to satisfy the request."}
{"level":"debug","ts":"2026-10-05T08:39:25.125Z","caller":"ipamd/ipamd.go:1262","msg":"containsInsufficientCIDRsOrSubnetIPs encountered operation error EC2: AssignPrivateIpAddresses, https response error StatusCode: 400, RequestID: 6b4a1451-0e8b-4a48-a780-fc1a42f54c30, api error InsufficientCidrBlocks: The specified subnet does not have enough free cidr blocks to satisfy the request."}
{"level":"debug","ts":"2026-10-05T08:39:25.125Z","caller":"ipamd/ipamd.go:1262","msg":"Insufficient IP Addresses due to: InsufficientCidrBlocks\n"}
{"level":"debug","ts":"2026-10-05T08:39:25.125Z","caller":"ipamd/ipamd.go:1003","msg":"hasRoomForEni: networkCard=0, currentENIs=1, currentUsableENIs=1, maxENI=3, unmanagedENI=0, trunkEni=0, excludedENI=0, hasRoom=true"}
{"level":"debug","ts":"2026-10-05T08:39:25.125Z","caller":"ipamd/ipamd.go:2758","msg":"Prefix target is 1, short of 1 prefixes, free 0 prefixes"}
{"level":"debug","ts":"2026-10-05T08:39:25.125Z","caller":"ipamd/ipamd.go:2595","msg":"ToAllocate: 1, Network Card 0"}
{"level":"info","ts":"2026-10-05T08:39:25.125Z","caller":"awsutils/awsutils.go:1044","msg":"Trying to allocate 1 IP addresses on new ENI"}
{"level":"debug","ts":"2026-10-05T08:39:25.125Z","caller":"awsutils/awsutils.go:1044","msg":"PD enabled - true"}
{"level":"debug","ts":"2026-10-05T08:39:25.241Z","caller":"awsutils/awsutils.go:1272","msg":"Primary subnet subnet-EXAMPLE4 has no kubernetes.io/role/cni tag, including it for ENI creation (backwards compatibility)"}
{"level":"info","ts":"2026-10-05T08:39:25.241Z","caller":"awsutils/awsutils.go:1044","msg":"Creating ENI with security groups: [sg-EXAMPLE1] in subnet: subnet-EXAMPLE4"}
{"level":"debug","ts":"2026-10-05T08:39:25.481Z","caller":"awsutils/awsutils.go:1449","msg":"checkAPIErrorAndBroadcastEvent resulted in operation error EC2: CreateNetworkInterface, https response error StatusCode: 400, RequestID: b3bdabd6-73b5-44cc-a0a5-58ced114a6e5, api error InvalidParameterValue: There aren't sufficient free Ipv4 addresses or prefixes"}
{"level":"error","ts":"2026-10-05T08:39:25.481Z","caller":"awsutils/awsutils.go:1285","msg":"Failed to CreateNetworkInterface operation error EC2: CreateNetworkInterface, https response error StatusCode: 400, RequestID: b3bdabd6-73b5-44cc-a0a5-58ced114a6e5, api error InvalidParameterValue: There aren't sufficient free Ipv4 addresses or prefixes for subnet subnet-EXAMPLE4"}
{"level":"debug","ts":"2026-10-05T08:39:25.481Z","caller":"awsutils/awsutils.go:1272","msg":"Subnet subnet-EXAMPLE3 has no kubernetes.io/role/cni tag, excluding it from ENI creation"}
{"level":"error","ts":"2026-10-05T08:39:25.482Z","caller":"ipamd/ipamd.go:1004","msg":"Failed to increase pool size due to not able to allocate ENI AllocENI: failed to create ENI: failed to create network interface: operation error EC2: CreateNetworkInterface, https response error StatusCode: 400, RequestID: b3bdabd6-73b5-44cc-a0a5-58ced114a6e5, api error InvalidParameterValue: There aren't sufficient free Ipv4 addresses or prefixes"}
{"level":"warn","ts":"2026-10-05T08:39:25.482Z","caller":"ipamd/ipamd.go:1004","msg":"Failed to allocate 1 IP addresses on an ENI: AllocENI: failed to create ENI: failed to create network interface: operation error EC2: CreateNetworkInterface, https response error StatusCode: 400, RequestID: b3bdabd6-73b5-44cc-a0a5-58ced114a6e5, api error InvalidParameterValue: There aren't sufficient free Ipv4 addresses or prefixes"}
{"level":"debug","ts":"2026-10-05T08:39:25.482Z","caller":"ipamd/ipamd.go:1082","msg":"containsInsufficientCIDRsOrSubnetIPs encountered AllocENI: failed to create ENI: failed to create network interface: operation error EC2: CreateNetworkInterface, https response error StatusCode: 400, RequestID: b3bdabd6-73b5-44cc-a0a5-58ced114a6e5, api error InvalidParameterValue: There aren't sufficient free Ipv4 addresses or prefixes"}
{"level":"debug","ts":"2026-10-05T08:39:25.482Z","caller":"ipamd/ipamd.go:1082","msg":"Insufficient IP Addresses due to: InvalidParameterValue\n"}
{"level":"debug","ts":"2026-10-05T08:39:25.482Z","caller":"ipamd/ipamd.go:813","msg":"Error trying to allocate ENI: AllocENI: failed to create ENI: failed to create network interface: operation error EC2: CreateNetworkInterface, https response error StatusCode: 400, RequestID: b3bdabd6-73b5-44cc-a0a5-58ced114a6e5, api error InvalidParameterValue: There aren't sufficient free Ipv4 addresses or prefixes"}
{"level":"debug","ts":"2026-10-05T08:39:25.482Z","caller":"ipamd/ipamd.go:1548","msg":"ENI eni-EXAMPLE19 cannot be deleted because it is primary"}
{"level":"debug","ts":"2026-10-05T08:39:30.487Z","caller":"ipamd/ipamd.go:809","msg":"IP pool is too low for Network Card 0: available (0) < ENI target (1) * addrsPerENI (16)"}
{"level":"debug","ts":"2026-10-05T08:39:30.487Z","caller":"ipamd/ipamd.go:2689","msg":"Prefix pool stats for network card 0: Total IPs/Prefixes = 0/0, AssignedIPs/CooldownIPs: 0/0, c.maxIPsPerENI = 80"}
{"level":"debug","ts":"2026-10-05T08:39:30.487Z","caller":"ipamd/ipamd.go:795","msg":"IP stats for Network Card 0 - total IPs: 0, assigned IPs: 0, cooldown IPs: 0"}
{"level":"debug","ts":"2026-10-05T08:39:30.487Z","caller":"ipamd/ipamd.go:813","msg":"Starting to increase pool size for network card 0"}
{"level":"debug","ts":"2026-10-05T08:39:30.487Z","caller":"ipamd/ipamd.go:966","msg":"Node found \"ip-10-20-0-28.ec2.internal\" - no of taints - 0"}
{"level":"debug","ts":"2026-10-05T08:39:30.487Z","caller":"ipamd/ipamd.go:2758","msg":"Prefix target is 1, short of 1 prefixes, free 0 prefixes"}
{"level":"debug","ts":"2026-10-05T08:39:30.487Z","caller":"ipamd/ipamd.go:1248","msg":"ToAllocate: 1, Network Card 0"}
{"level":"debug","ts":"2026-10-05T08:39:30.487Z","caller":"ipamd/ipamd.go:1251","msg":"Found ENI eni-EXAMPLE19 that has less than the maximum number of IP/Prefixes addresses allocated: cur=0, max=5"}
{"level":"info","ts":"2026-10-05T08:39:30.487Z","caller":"ipamd/ipamd.go:1255","msg":"Trying to allocate 1 IP addresses on ENI eni-EXAMPLE19"}
{"level":"debug","ts":"2026-10-05T08:39:30.487Z","caller":"ipamd/ipamd.go:1255","msg":"PD enabled - true"}
{"level":"debug","ts":"2026-10-05T08:39:30.975Z","caller":"awsutils/awsutils.go:2174","msg":"checkAPIErrorAndBroadcastEvent resulted in operation error EC2: AssignPrivateIpAddresses, https response error StatusCode: 400, RequestID: 5f995d74-4009-4b43-98bc-2518d1e99f7b, api error InsufficientCidrBlocks: The specified subnet does not have enough free cidr blocks to satisfy the request."}
{"level":"error","ts":"2026-10-05T08:39:30.975Z","caller":"ipamd/ipamd.go:1255","msg":"Failed to allocate a private IP/Prefix addresses on ENI eni-EXAMPLE19: operation error EC2: AssignPrivateIpAddresses, https response error StatusCode: 400, RequestID: 5f995d74-4009-4b43-98bc-2518d1e99f7b, api error InsufficientCidrBlocks: The specified subnet does not have enough free cidr blocks to satisfy the request."}
{"level":"debug","ts":"2026-10-05T08:39:30.975Z","caller":"ipamd/ipamd.go:1256","msg":"containsPrivateIPAddressLimitExceededError encountered operation error EC2: AssignPrivateIpAddresses, https response error StatusCode: 400, RequestID: 5f995d74-4009-4b43-98bc-2518d1e99f7b, api error InsufficientCidrBlocks: The specified subnet does not have enough free cidr blocks to satisfy the request."}
{"level":"warn","ts":"2026-10-05T08:39:30.975Z","caller":"ipamd/ipamd.go:1113","msg":"failed to allocate all available IPv4 Prefixes on ENI eni-EXAMPLE19, err: operation error EC2: AssignPrivateIpAddresses, https response error StatusCode: 400, RequestID: 5f995d74-4009-4b43-98bc-2518d1e99f7b, api error InsufficientCidrBlocks: The specified subnet does not have enough free cidr blocks to satisfy the request."}
{"level":"info","ts":"2026-10-05T08:39:30.975Z","caller":"ipamd/ipamd.go:1259","msg":"Trying to allocate 1 IP addresses on ENI eni-EXAMPLE19"}
{"level":"debug","ts":"2026-10-05T08:39:30.975Z","caller":"ipamd/ipamd.go:1259","msg":"PD enabled - true"}
{"level":"debug","ts":"2026-10-05T08:39:31.437Z","caller":"awsutils/awsutils.go:2174","msg":"checkAPIErrorAndBroadcastEvent resulted in operation error EC2: AssignPrivateIpAddresses, https response error StatusCode: 400, RequestID: fae2001f-a782-42ef-b030-e1231d9cb1f7, api error InsufficientCidrBlocks: The specified subnet does not have enough free cidr blocks to satisfy the request."}
{"level":"error","ts":"2026-10-05T08:39:31.437Z","caller":"ipamd/ipamd.go:1259","msg":"Failed to allocate a private IP/Prefix addresses on ENI eni-EXAMPLE19: operation error EC2: AssignPrivateIpAddresses, https response error StatusCode: 400, RequestID: fae2001f-a782-42ef-b030-e1231d9cb1f7, api error InsufficientCidrBlocks: The specified subnet does not have enough free cidr blocks to satisfy the request."}
{"level":"debug","ts":"2026-10-05T08:39:31.437Z","caller":"ipamd/ipamd.go:1260","msg":"containsPrivateIPAddressLimitExceededError encountered operation error EC2: AssignPrivateIpAddresses, https response error StatusCode: 400, RequestID: fae2001f-a782-42ef-b030-e1231d9cb1f7, api error InsufficientCidrBlocks: The specified subnet does not have enough free cidr blocks to satisfy the request."}
{"level":"debug","ts":"2026-10-05T08:39:31.437Z","caller":"ipamd/ipamd.go:1262","msg":"containsInsufficientCIDRsOrSubnetIPs encountered operation error EC2: AssignPrivateIpAddresses, https response error StatusCode: 400, RequestID: fae2001f-a782-42ef-b030-e1231d9cb1f7, api error InsufficientCidrBlocks: The specified subnet does not have enough free cidr blocks to satisfy the request."}
{"level":"debug","ts":"2026-10-05T08:39:31.437Z","caller":"ipamd/ipamd.go:1262","msg":"Insufficient IP Addresses due to: InsufficientCidrBlocks\n"}
{"level":"debug","ts":"2026-10-05T08:39:31.437Z","caller":"ipamd/ipamd.go:1003","msg":"hasRoomForEni: networkCard=0, currentENIs=1, currentUsableENIs=1, maxENI=3, unmanagedENI=0, trunkEni=0, excludedENI=0, hasRoom=true"}
{"level":"debug","ts":"2026-10-05T08:39:31.437Z","caller":"ipamd/ipamd.go:2758","msg":"Prefix target is 1, short of 1 prefixes, free 0 prefixes"}
{"level":"debug","ts":"2026-10-05T08:39:31.437Z","caller":"ipamd/ipamd.go:2595","msg":"ToAllocate: 1, Network Card 0"}
{"level":"info","ts":"2026-10-05T08:39:31.437Z","caller":"awsutils/awsutils.go:1044","msg":"Trying to allocate 1 IP addresses on new ENI"}
{"level":"debug","ts":"2026-10-05T08:39:31.437Z","caller":"awsutils/awsutils.go:1044","msg":"PD enabled - true"}
{"level":"debug","ts":"2026-10-05T08:39:31.638Z","caller":"awsutils/awsutils.go:1272","msg":"Primary subnet subnet-EXAMPLE4 has no kubernetes.io/role/cni tag, including it for ENI creation (backwards compatibility)"}
{"level":"info","ts":"2026-10-05T08:39:31.638Z","caller":"awsutils/awsutils.go:1044","msg":"Creating ENI with security groups: [sg-EXAMPLE1] in subnet: subnet-EXAMPLE4"}
{"level":"debug","ts":"2026-10-05T08:39:31.838Z","caller":"awsutils/awsutils.go:1449","msg":"checkAPIErrorAndBroadcastEvent resulted in operation error EC2: CreateNetworkInterface, https response error StatusCode: 400, RequestID: 2dc9dad9-c7a2-4b39-993c-76d1fb923d43, api error InvalidParameterValue: There aren't sufficient free Ipv4 addresses or prefixes"}
{"level":"error","ts":"2026-10-05T08:39:31.838Z","caller":"awsutils/awsutils.go:1285","msg":"Failed to CreateNetworkInterface operation error EC2: CreateNetworkInterface, https response error StatusCode: 400, RequestID: 2dc9dad9-c7a2-4b39-993c-76d1fb923d43, api error InvalidParameterValue: There aren't sufficient free Ipv4 addresses or prefixes for subnet subnet-EXAMPLE4"}
{"level":"debug","ts":"2026-10-05T08:39:31.838Z","caller":"awsutils/awsutils.go:1272","msg":"Subnet subnet-EXAMPLE3 has no kubernetes.io/role/cni tag, excluding it from ENI creation"}
{"level":"error","ts":"2026-10-05T08:39:31.838Z","caller":"ipamd/ipamd.go:1004","msg":"Failed to increase pool size due to not able to allocate ENI AllocENI: failed to create ENI: failed to create network interface: operation error EC2: CreateNetworkInterface, https response error StatusCode: 400, RequestID: 2dc9dad9-c7a2-4b39-993c-76d1fb923d43, api error InvalidParameterValue: There aren't sufficient free Ipv4 addresses or prefixes"}
{"level":"warn","ts":"2026-10-05T08:39:31.838Z","caller":"ipamd/ipamd.go:1004","msg":"Failed to allocate 1 IP addresses on an ENI: AllocENI: failed to create ENI: failed to create network interface: operation error EC2: CreateNetworkInterface, https response error StatusCode: 400, RequestID: 2dc9dad9-c7a2-4b39-993c-76d1fb923d43, api error InvalidParameterValue: There aren't sufficient free Ipv4 addresses or prefixes"}
{"level":"debug","ts":"2026-10-05T08:39:31.838Z","caller":"ipamd/ipamd.go:1082","msg":"containsInsufficientCIDRsOrSubnetIPs encountered AllocENI: failed to create ENI: failed to create network interface: operation error EC2: CreateNetworkInterface, https response error StatusCode: 400, RequestID: 2dc9dad9-c7a2-4b39-993c-76d1fb923d43, api error InvalidParameterValue: There aren't sufficient free Ipv4 addresses or prefixes"}
{"level":"debug","ts":"2026-10-05T08:39:31.838Z","caller":"ipamd/ipamd.go:1082","msg":"Insufficient IP Addresses due to: InvalidParameterValue\n"}
{"level":"debug","ts":"2026-10-05T08:39:31.838Z","caller":"ipamd/ipamd.go:813","msg":"Error trying to allocate ENI: AllocENI: failed to create ENI: failed to create network interface: operation error EC2: CreateNetworkInterface, https response error StatusCode: 400, RequestID: 2dc9dad9-c7a2-4b39-993c-76d1fb923d43, api error InvalidParameterValue: There aren't sufficient free Ipv4 addresses or prefixes"}
{"level":"debug","ts":"2026-10-05T08:39:31.838Z","caller":"ipamd/ipamd.go:1548","msg":"ENI eni-EXAMPLE19 cannot be deleted because it is primary"}
{"level":"debug","ts":"2026-10-05T08:39:36.839Z","caller":"ipamd/ipamd.go:809","msg":"IP pool is too low for Network Card 0: available (0) < ENI target (1) * addrsPerENI (16)"}
{"level":"debug","ts":"2026-10-05T08:39:36.839Z","caller":"ipamd/ipamd.go:2689","msg":"Prefix pool stats for network card 0: Total IPs/Prefixes = 0/0, AssignedIPs/CooldownIPs: 0/0, c.maxIPsPerENI = 80"}
{"level":"debug","ts":"2026-10-05T08:39:36.839Z","caller":"ipamd/ipamd.go:795","msg":"IP stats for Network Card 0 - total IPs: 0, assigned IPs: 0, cooldown IPs: 0"}
{"level":"debug","ts":"2026-10-05T08:39:36.839Z","caller":"ipamd/ipamd.go:813","msg":"Starting to increase pool size for network card 0"}
{"level":"debug","ts":"2026-10-05T08:39:36.839Z","caller":"ipamd/ipamd.go:966","msg":"Node found \"ip-10-20-0-28.ec2.internal\" - no of taints - 0"}
{"level":"debug","ts":"2026-10-05T08:39:36.839Z","caller":"ipamd/ipamd.go:2758","msg":"Prefix target is 1, short of 1 prefixes, free 0 prefixes"}
{"level":"debug","ts":"2026-10-05T08:39:36.839Z","caller":"ipamd/ipamd.go:1248","msg":"ToAllocate: 1, Network Card 0"}
{"level":"debug","ts":"2026-10-05T08:39:36.839Z","caller":"ipamd/ipamd.go:1251","msg":"Found ENI eni-EXAMPLE19 that has less than the maximum number of IP/Prefixes addresses allocated: cur=0, max=5"}
{"level":"info","ts":"2026-10-05T08:39:36.839Z","caller":"ipamd/ipamd.go:1255","msg":"Trying to allocate 1 IP addresses on ENI eni-EXAMPLE19"}
{"level":"debug","ts":"2026-10-05T08:39:36.839Z","caller":"ipamd/ipamd.go:1255","msg":"PD enabled - true"}
{"level":"debug","ts":"2026-10-05T08:39:37.238Z","caller":"awsutils/awsutils.go:2174","msg":"checkAPIErrorAndBroadcastEvent resulted in operation error EC2: AssignPrivateIpAddresses, https response error StatusCode: 400, RequestID: aee7302b-4a20-4d87-91a5-77eee64af998, api error InsufficientCidrBlocks: The specified subnet does not have enough free cidr blocks to satisfy the request."}
{"level":"error","ts":"2026-10-05T08:39:37.238Z","caller":"ipamd/ipamd.go:1255","msg":"Failed to allocate a private IP/Prefix addresses on ENI eni-EXAMPLE19: operation error EC2: AssignPrivateIpAddresses, https response error StatusCode: 400, RequestID: aee7302b-4a20-4d87-91a5-77eee64af998, api error InsufficientCidrBlocks: The specified subnet does not have enough free cidr blocks to satisfy the request."}
{"level":"debug","ts":"2026-10-05T08:39:37.238Z","caller":"ipamd/ipamd.go:1256","msg":"containsPrivateIPAddressLimitExceededError encountered operation error EC2: AssignPrivateIpAddresses, https response error StatusCode: 400, RequestID: aee7302b-4a20-4d87-91a5-77eee64af998, api error InsufficientCidrBlocks: The specified subnet does not have enough free cidr blocks to satisfy the request."}
{"level":"warn","ts":"2026-10-05T08:39:37.238Z","caller":"ipamd/ipamd.go:1113","msg":"failed to allocate all available IPv4 Prefixes on ENI eni-EXAMPLE19, err: operation error EC2: AssignPrivateIpAddresses, https response error StatusCode: 400, RequestID: aee7302b-4a20-4d87-91a5-77eee64af998, api error InsufficientCidrBlocks: The specified subnet does not have enough free cidr blocks to satisfy the request."}
{"level":"info","ts":"2026-10-05T08:39:37.238Z","caller":"ipamd/ipamd.go:1259","msg":"Trying to allocate 1 IP addresses on ENI eni-EXAMPLE19"}
{"level":"debug","ts":"2026-10-05T08:39:37.238Z","caller":"ipamd/ipamd.go:1259","msg":"PD enabled - true"}
{"level":"debug","ts":"2026-10-05T08:39:37.706Z","caller":"awsutils/awsutils.go:2174","msg":"checkAPIErrorAndBroadcastEvent resulted in operation error EC2: AssignPrivateIpAddresses, https response error StatusCode: 400, RequestID: 1c2f8c9f-9fb6-499a-bbe5-303b98a9b72a, api error InsufficientCidrBlocks: The specified subnet does not have enough free cidr blocks to satisfy the request."}
{"level":"error","ts":"2026-10-05T08:39:37.707Z","caller":"ipamd/ipamd.go:1259","msg":"Failed to allocate a private IP/Prefix addresses on ENI eni-EXAMPLE19: operation error EC2: AssignPrivateIpAddresses, https response error StatusCode: 400, RequestID: 1c2f8c9f-9fb6-499a-bbe5-303b98a9b72a, api error InsufficientCidrBlocks: The specified subnet does not have enough free cidr blocks to satisfy the request."}
{"level":"debug","ts":"2026-10-05T08:39:37.707Z","caller":"ipamd/ipamd.go:1260","msg":"containsPrivateIPAddressLimitExceededError encountered operation error EC2: AssignPrivateIpAddresses, https response error StatusCode: 400, RequestID: 1c2f8c9f-9fb6-499a-bbe5-303b98a9b72a, api error InsufficientCidrBlocks: The specified subnet does not have enough free cidr blocks to satisfy the request."}
{"level":"debug","ts":"2026-10-05T08:39:37.707Z","caller":"ipamd/ipamd.go:1262","msg":"containsInsufficientCIDRsOrSubnetIPs encountered operation error EC2: AssignPrivateIpAddresses, https response error StatusCode: 400, RequestID: 1c2f8c9f-9fb6-499a-bbe5-303b98a9b72a, api error InsufficientCidrBlocks: The specified subnet does not have enough free cidr blocks to satisfy the request."}
{"level":"debug","ts":"2026-10-05T08:39:37.707Z","caller":"ipamd/ipamd.go:1262","msg":"Insufficient IP Addresses due to: InsufficientCidrBlocks\n"}
{"level":"debug","ts":"2026-10-05T08:39:37.707Z","caller":"ipamd/ipamd.go:1003","msg":"hasRoomForEni: networkCard=0, currentENIs=1, currentUsableENIs=1, maxENI=3, unmanagedENI=0, trunkEni=0, excludedENI=0, hasRoom=true"}
{"level":"debug","ts":"2026-10-05T08:39:37.707Z","caller":"ipamd/ipamd.go:2758","msg":"Prefix target is 1, short of 1 prefixes, free 0 prefixes"}
{"level":"debug","ts":"2026-10-05T08:39:37.707Z","caller":"ipamd/ipamd.go:2595","msg":"ToAllocate: 1, Network Card 0"}
{"level":"info","ts":"2026-10-05T08:39:37.707Z","caller":"awsutils/awsutils.go:1044","msg":"Trying to allocate 1 IP addresses on new ENI"}
{"level":"debug","ts":"2026-10-05T08:39:37.707Z","caller":"awsutils/awsutils.go:1044","msg":"PD enabled - true"}
{"level":"debug","ts":"2026-10-05T08:39:37.963Z","caller":"awsutils/awsutils.go:1272","msg":"Primary subnet subnet-EXAMPLE4 has no kubernetes.io/role/cni tag, including it for ENI creation (backwards compatibility)"}
{"level":"info","ts":"2026-10-05T08:39:37.963Z","caller":"awsutils/awsutils.go:1044","msg":"Creating ENI with security groups: [sg-EXAMPLE1] in subnet: subnet-EXAMPLE4"}
{"level":"debug","ts":"2026-10-05T08:39:38.178Z","caller":"awsutils/awsutils.go:1449","msg":"checkAPIErrorAndBroadcastEvent resulted in operation error EC2: CreateNetworkInterface, https response error StatusCode: 400, RequestID: c66b7929-18e3-4932-a93d-111122223333, api error InvalidParameterValue: There aren't sufficient free Ipv4 addresses or prefixes"}
{"level":"error","ts":"2026-10-05T08:39:38.178Z","caller":"awsutils/awsutils.go:1285","msg":"Failed to CreateNetworkInterface operation error EC2: CreateNetworkInterface, https response error StatusCode: 400, RequestID: c66b7929-18e3-4932-a93d-111122223333, api error InvalidParameterValue: There aren't sufficient free Ipv4 addresses or prefixes for subnet subnet-EXAMPLE4"}
{"level":"debug","ts":"2026-10-05T08:39:38.178Z","caller":"awsutils/awsutils.go:1272","msg":"Subnet subnet-EXAMPLE3 has no kubernetes.io/role/cni tag, excluding it from ENI creation"}
{"level":"error","ts":"2026-10-05T08:39:38.178Z","caller":"ipamd/ipamd.go:1004","msg":"Failed to increase pool size due to not able to allocate ENI AllocENI: failed to create ENI: failed to create network interface: operation error EC2: CreateNetworkInterface, https response error StatusCode: 400, RequestID: c66b7929-18e3-4932-a93d-111122223333, api error InvalidParameterValue: There aren't sufficient free Ipv4 addresses or prefixes"}
{"level":"warn","ts":"2026-10-05T08:39:38.178Z","caller":"ipamd/ipamd.go:1004","msg":"Failed to allocate 1 IP addresses on an ENI: AllocENI: failed to create ENI: failed to create network interface: operation error EC2: CreateNetworkInterface, https response error StatusCode: 400, RequestID: c66b7929-18e3-4932-a93d-111122223333, api error InvalidParameterValue: There aren't sufficient free Ipv4 addresses or prefixes"}
{"level":"debug","ts":"2026-10-05T08:39:38.178Z","caller":"ipamd/ipamd.go:1082","msg":"containsInsufficientCIDRsOrSubnetIPs encountered AllocENI: failed to create ENI: failed to create network interface: operation error EC2: CreateNetworkInterface, https response error StatusCode: 400, RequestID: c66b7929-18e3-4932-a93d-111122223333, api error InvalidParameterValue: There aren't sufficient free Ipv4 addresses or prefixes"}
{"level":"debug","ts":"2026-10-05T08:39:38.178Z","caller":"ipamd/ipamd.go:1082","msg":"Insufficient IP Addresses due to: InvalidParameterValue\n"}
{"level":"debug","ts":"2026-10-05T08:39:38.178Z","caller":"ipamd/ipamd.go:813","msg":"Error trying to allocate ENI: AllocENI: failed to create ENI: failed to create network interface: operation error EC2: CreateNetworkInterface, https response error StatusCode: 400, RequestID: c66b7929-18e3-4932-a93d-111122223333, api error InvalidParameterValue: There aren't sufficient free Ipv4 addresses or prefixes"}
{"level":"debug","ts":"2026-10-05T08:39:38.178Z","caller":"ipamd/ipamd.go:1548","msg":"ENI eni-EXAMPLE19 cannot be deleted because it is primary"}
{"level":"debug","ts":"2026-10-05T08:39:43.179Z","caller":"ipamd/ipamd.go:809","msg":"IP pool is too low for Network Card 0: available (0) < ENI target (1) * addrsPerENI (16)"}
{"level":"debug","ts":"2026-10-05T08:39:43.179Z","caller":"ipamd/ipamd.go:2689","msg":"Prefix pool stats for network card 0: Total IPs/Prefixes = 0/0, AssignedIPs/CooldownIPs: 0/0, c.maxIPsPerENI = 80"}
{"level":"debug","ts":"2026-10-05T08:39:43.179Z","caller":"ipamd/ipamd.go:795","msg":"IP stats for Network Card 0 - total IPs: 0, assigned IPs: 0, cooldown IPs: 0"}
{"level":"debug","ts":"2026-10-05T08:39:43.179Z","caller":"ipamd/ipamd.go:813","msg":"Starting to increase pool size for network card 0"}
{"level":"debug","ts":"2026-10-05T08:39:43.179Z","caller":"ipamd/ipamd.go:966","msg":"Node found \"ip-10-20-0-28.ec2.internal\" - no of taints - 0"}
{"level":"debug","ts":"2026-10-05T08:39:43.179Z","caller":"ipamd/ipamd.go:2758","msg":"Prefix target is 1, short of 1 prefixes, free 0 prefixes"}
{"level":"debug","ts":"2026-10-05T08:39:43.179Z","caller":"ipamd/ipamd.go:1248","msg":"ToAllocate: 1, Network Card 0"}
{"level":"debug","ts":"2026-10-05T08:39:43.179Z","caller":"ipamd/ipamd.go:1251","msg":"Found ENI eni-EXAMPLE19 that has less than the maximum number of IP/Prefixes addresses allocated: cur=0, max=5"}
{"level":"info","ts":"2026-10-05T08:39:43.179Z","caller":"ipamd/ipamd.go:1255","msg":"Trying to allocate 1 IP addresses on ENI eni-EXAMPLE19"}
{"level":"debug","ts":"2026-10-05T08:39:43.179Z","caller":"ipamd/ipamd.go:1255","msg":"PD enabled - true"}
{"level":"debug","ts":"2026-10-05T08:39:43.599Z","caller":"awsutils/awsutils.go:2174","msg":"checkAPIErrorAndBroadcastEvent resulted in operation error EC2: AssignPrivateIpAddresses, https response error StatusCode: 400, RequestID: 37e51cbb-f1be-4f10-afb0-33d2e925e88f, api error InsufficientCidrBlocks: The specified subnet does not have enough free cidr blocks to satisfy the request."}
{"level":"error","ts":"2026-10-05T08:39:43.599Z","caller":"ipamd/ipamd.go:1255","msg":"Failed to allocate a private IP/Prefix addresses on ENI eni-EXAMPLE19: operation error EC2: AssignPrivateIpAddresses, https response error StatusCode: 400, RequestID: 37e51cbb-f1be-4f10-afb0-33d2e925e88f, api error InsufficientCidrBlocks: The specified subnet does not have enough free cidr blocks to satisfy the request."}
{"level":"debug","ts":"2026-10-05T08:39:43.599Z","caller":"ipamd/ipamd.go:1256","msg":"containsPrivateIPAddressLimitExceededError encountered operation error EC2: AssignPrivateIpAddresses, https response error StatusCode: 400, RequestID: 37e51cbb-f1be-4f10-afb0-33d2e925e88f, api error InsufficientCidrBlocks: The specified subnet does not have enough free cidr blocks to satisfy the request."}
{"level":"warn","ts":"2026-10-05T08:39:43.599Z","caller":"ipamd/ipamd.go:1113","msg":"failed to allocate all available IPv4 Prefixes on ENI eni-EXAMPLE19, err: operation error EC2: AssignPrivateIpAddresses, https response error StatusCode: 400, RequestID: 37e51cbb-f1be-4f10-afb0-33d2e925e88f, api error InsufficientCidrBlocks: The specified subnet does not have enough free cidr blocks to satisfy the request."}
{"level":"info","ts":"2026-10-05T08:39:43.599Z","caller":"ipamd/ipamd.go:1259","msg":"Trying to allocate 1 IP addresses on ENI eni-EXAMPLE19"}
{"level":"debug","ts":"2026-10-05T08:39:43.599Z","caller":"ipamd/ipamd.go:1259","msg":"PD enabled - true"}
{"level":"debug","ts":"2026-10-05T08:39:44.022Z","caller":"awsutils/awsutils.go:2174","msg":"checkAPIErrorAndBroadcastEvent resulted in operation error EC2: AssignPrivateIpAddresses, https response error StatusCode: 400, RequestID: d7589863-e525-4340-acaa-a95c0b8a0740, api error InsufficientCidrBlocks: The specified subnet does not have enough free cidr blocks to satisfy the request."}
{"level":"error","ts":"2026-10-05T08:39:44.022Z","caller":"ipamd/ipamd.go:1259","msg":"Failed to allocate a private IP/Prefix addresses on ENI eni-EXAMPLE19: operation error EC2: AssignPrivateIpAddresses, https response error StatusCode: 400, RequestID: d7589863-e525-4340-acaa-a95c0b8a0740, api error InsufficientCidrBlocks: The specified subnet does not have enough free cidr blocks to satisfy the request."}
{"level":"debug","ts":"2026-10-05T08:39:44.022Z","caller":"ipamd/ipamd.go:1260","msg":"containsPrivateIPAddressLimitExceededError encountered operation error EC2: AssignPrivateIpAddresses, https response error StatusCode: 400, RequestID: d7589863-e525-4340-acaa-a95c0b8a0740, api error InsufficientCidrBlocks: The specified subnet does not have enough free cidr blocks to satisfy the request."}
{"level":"debug","ts":"2026-10-05T08:39:44.022Z","caller":"ipamd/ipamd.go:1262","msg":"containsInsufficientCIDRsOrSubnetIPs encountered operation error EC2: AssignPrivateIpAddresses, https response error StatusCode: 400, RequestID: d7589863-e525-4340-acaa-a95c0b8a0740, api error InsufficientCidrBlocks: The specified subnet does not have enough free cidr blocks to satisfy the request."}
{"level":"debug","ts":"2026-10-05T08:39:44.022Z","caller":"ipamd/ipamd.go:1262","msg":"Insufficient IP Addresses due to: InsufficientCidrBlocks\n"}
{"level":"debug","ts":"2026-10-05T08:39:44.022Z","caller":"ipamd/ipamd.go:1003","msg":"hasRoomForEni: networkCard=0, currentENIs=1, currentUsableENIs=1, maxENI=3, unmanagedENI=0, trunkEni=0, excludedENI=0, hasRoom=true"}
{"level":"debug","ts":"2026-10-05T08:39:44.022Z","caller":"ipamd/ipamd.go:2758","msg":"Prefix target is 1, short of 1 prefixes, free 0 prefixes"}
{"level":"debug","ts":"2026-10-05T08:39:44.022Z","caller":"ipamd/ipamd.go:2595","msg":"ToAllocate: 1, Network Card 0"}
{"level":"info","ts":"2026-10-05T08:39:44.022Z","caller":"awsutils/awsutils.go:1044","msg":"Trying to allocate 1 IP addresses on new ENI"}
{"level":"debug","ts":"2026-10-05T08:39:44.022Z","caller":"awsutils/awsutils.go:1044","msg":"PD enabled - true"}
{"level":"debug","ts":"2026-10-05T08:39:44.269Z","caller":"awsutils/awsutils.go:1272","msg":"Primary subnet subnet-EXAMPLE4 has no kubernetes.io/role/cni tag, including it for ENI creation (backwards compatibility)"}
{"level":"info","ts":"2026-10-05T08:39:44.269Z","caller":"awsutils/awsutils.go:1044","msg":"Creating ENI with security groups: [sg-EXAMPLE1] in subnet: subnet-EXAMPLE4"}
{"level":"debug","ts":"2026-10-05T08:39:44.560Z","caller":"awsutils/awsutils.go:1449","msg":"checkAPIErrorAndBroadcastEvent resulted in operation error EC2: CreateNetworkInterface, https response error StatusCode: 400, RequestID: 4efac725-c5fe-4ebe-9f9a-084df068d4a8, api error InvalidParameterValue: There aren't sufficient free Ipv4 addresses or prefixes"}
{"level":"error","ts":"2026-10-05T08:39:44.560Z","caller":"awsutils/awsutils.go:1285","msg":"Failed to CreateNetworkInterface operation error EC2: CreateNetworkInterface, https response error StatusCode: 400, RequestID: 4efac725-c5fe-4ebe-9f9a-084df068d4a8, api error InvalidParameterValue: There aren't sufficient free Ipv4 addresses or prefixes for subnet subnet-EXAMPLE4"}
{"level":"debug","ts":"2026-10-05T08:39:44.560Z","caller":"awsutils/awsutils.go:1272","msg":"Subnet subnet-EXAMPLE3 has no kubernetes.io/role/cni tag, excluding it from ENI creation"}
{"level":"error","ts":"2026-10-05T08:39:44.560Z","caller":"ipamd/ipamd.go:1004","msg":"Failed to increase pool size due to not able to allocate ENI AllocENI: failed to create ENI: failed to create network interface: operation error EC2: CreateNetworkInterface, https response error StatusCode: 400, RequestID: 4efac725-c5fe-4ebe-9f9a-084df068d4a8, api error InvalidParameterValue: There aren't sufficient free Ipv4 addresses or prefixes"}
{"level":"warn","ts":"2026-10-05T08:39:44.561Z","caller":"ipamd/ipamd.go:1004","msg":"Failed to allocate 1 IP addresses on an ENI: AllocENI: failed to create ENI: failed to create network interface: operation error EC2: CreateNetworkInterface, https response error StatusCode: 400, RequestID: 4efac725-c5fe-4ebe-9f9a-084df068d4a8, api error InvalidParameterValue: There aren't sufficient free Ipv4 addresses or prefixes"}
{"level":"debug","ts":"2026-10-05T08:39:44.561Z","caller":"ipamd/ipamd.go:1082","msg":"containsInsufficientCIDRsOrSubnetIPs encountered AllocENI: failed to create ENI: failed to create network interface: operation error EC2: CreateNetworkInterface, https response error StatusCode: 400, RequestID: 4efac725-c5fe-4ebe-9f9a-084df068d4a8, api error InvalidParameterValue: There aren't sufficient free Ipv4 addresses or prefixes"}
{"level":"debug","ts":"2026-10-05T08:39:44.561Z","caller":"ipamd/ipamd.go:1082","msg":"Insufficient IP Addresses due to: InvalidParameterValue\n"}
{"level":"debug","ts":"2026-10-05T08:39:44.561Z","caller":"ipamd/ipamd.go:813","msg":"Error trying to allocate ENI: AllocENI: failed to create ENI: failed to create network interface: operation error EC2: CreateNetworkInterface, https response error StatusCode: 400, RequestID: 4efac725-c5fe-4ebe-9f9a-084df068d4a8, api error InvalidParameterValue: There aren't sufficient free Ipv4 addresses or prefixes"}
{"level":"debug","ts":"2026-10-05T08:39:44.561Z","caller":"ipamd/ipamd.go:1548","msg":"ENI eni-EXAMPLE19 cannot be deleted because it is primary"}
{"level":"debug","ts":"2026-10-05T08:39:47.062Z","caller":"ipamd/ipamd.go:798","msg":"Reconciling ENI/IP pool info because time since last 1m3.549004912s > 1m0s"}
{"level":"debug","ts":"2026-10-05T08:39:47.063Z","caller":"ipamd/ipamd.go:1621","msg":"Total number of interfaces found: 1 "}
{"level":"debug","ts":"2026-10-05T08:39:47.063Z","caller":"awsutils/awsutils.go:787","msg":"Found ENI MAC address: 12:ff:db:1a:05:f7"}
{"level":"debug","ts":"2026-10-05T08:39:47.066Z","caller":"awsutils/awsutils.go:787","msg":"Found ENI: eni-EXAMPLE19, MAC 12:ff:db:1a:05:f7, device 0"}
{"level":"debug","ts":"2026-10-05T08:39:47.068Z","caller":"awsutils/awsutils.go:787","msg":"Found IPv4 addresses associated with interface. This is not efa-only interface"}
{"level":"debug","ts":"2026-10-05T08:39:47.073Z","caller":"ipamd/ipamd.go:798","msg":"Reconcile existing ENI eni-EXAMPLE19 IP pool"}
{"level":"info","ts":"2026-10-05T08:39:47.073Z","caller":"ipamd/ipamd.go:1766","msg":"Reconcile and skip primary IP 10.20.0.28 on ENI eni-EXAMPLE19"}
{"level":"debug","ts":"2026-10-05T08:39:47.073Z","caller":"ipamd/ipamd.go:798","msg":"Reconcile existing ENI eni-EXAMPLE19 IP prefixes"}
{"level":"debug","ts":"2026-10-05T08:39:47.073Z","caller":"ipamd/ipamd.go:1693","msg":"Found prefix pool count 0 for eni eni-EXAMPLE19\n"}
{"level":"debug","ts":"2026-10-05T08:39:47.073Z","caller":"ipamd/ipamd.go:798","msg":"Successfully Reconciled ENI/IP pool"}
{"level":"debug","ts":"2026-10-05T08:39:47.073Z","caller":"ipamd/ipamd.go:1738","msg":"Prefix pool stats for network card 0: Total IPs/Prefixes = 0/0, AssignedIPs/CooldownIPs: 0/0, c.maxIPsPerENI = 80"}
{"level":"debug","ts":"2026-10-05T08:39:47.073Z","caller":"ipamd/ipamd.go:798","msg":"Primary IP for ENI eni-EXAMPLE19 is 10.20.0.28"}
{"level":"debug","ts":"2026-10-05T08:39:49.573Z","caller":"ipamd/ipamd.go:809","msg":"IP pool is too low for Network Card 0: available (0) < ENI target (1) * addrsPerENI (16)"}
{"level":"debug","ts":"2026-10-05T08:39:49.573Z","caller":"ipamd/ipamd.go:2689","msg":"Prefix pool stats for network card 0: Total IPs/Prefixes = 0/0, AssignedIPs/CooldownIPs: 0/0, c.maxIPsPerENI = 80"}
{"level":"debug","ts":"2026-10-05T08:39:49.573Z","caller":"ipamd/ipamd.go:795","msg":"IP stats for Network Card 0 - total IPs: 0, assigned IPs: 0, cooldown IPs: 0"}
{"level":"debug","ts":"2026-10-05T08:39:49.573Z","caller":"ipamd/ipamd.go:813","msg":"Starting to increase pool size for network card 0"}
{"level":"debug","ts":"2026-10-05T08:39:49.573Z","caller":"ipamd/ipamd.go:966","msg":"Node found \"ip-10-20-0-28.ec2.internal\" - no of taints - 0"}
{"level":"debug","ts":"2026-10-05T08:39:49.573Z","caller":"ipamd/ipamd.go:2758","msg":"Prefix target is 1, short of 1 prefixes, free 0 prefixes"}
{"level":"debug","ts":"2026-10-05T08:39:49.573Z","caller":"ipamd/ipamd.go:1248","msg":"ToAllocate: 1, Network Card 0"}
{"level":"debug","ts":"2026-10-05T08:39:49.573Z","caller":"ipamd/ipamd.go:1251","msg":"Found ENI eni-EXAMPLE19 that has less than the maximum number of IP/Prefixes addresses allocated: cur=0, max=5"}
{"level":"info","ts":"2026-10-05T08:39:49.573Z","caller":"ipamd/ipamd.go:1255","msg":"Trying to allocate 1 IP addresses on ENI eni-EXAMPLE19"}
{"level":"debug","ts":"2026-10-05T08:39:49.573Z","caller":"ipamd/ipamd.go:1255","msg":"PD enabled - true"}
{"level":"debug","ts":"2026-10-05T08:39:49.989Z","caller":"awsutils/awsutils.go:2174","msg":"checkAPIErrorAndBroadcastEvent resulted in operation error EC2: AssignPrivateIpAddresses, https response error StatusCode: 400, RequestID: 8729aef9-7564-4e4f-88f8-74caeb163fb7, api error InsufficientCidrBlocks: The specified subnet does not have enough free cidr blocks to satisfy the request."}
{"level":"error","ts":"2026-10-05T08:39:49.989Z","caller":"ipamd/ipamd.go:1255","msg":"Failed to allocate a private IP/Prefix addresses on ENI eni-EXAMPLE19: operation error EC2: AssignPrivateIpAddresses, https response error StatusCode: 400, RequestID: 8729aef9-7564-4e4f-88f8-74caeb163fb7, api error InsufficientCidrBlocks: The specified subnet does not have enough free cidr blocks to satisfy the request."}
{"level":"debug","ts":"2026-10-05T08:39:49.989Z","caller":"ipamd/ipamd.go:1256","msg":"containsPrivateIPAddressLimitExceededError encountered operation error EC2: AssignPrivateIpAddresses, https response error StatusCode: 400, RequestID: 8729aef9-7564-4e4f-88f8-74caeb163fb7, api error InsufficientCidrBlocks: The specified subnet does not have enough free cidr blocks to satisfy the request."}
{"level":"warn","ts":"2026-10-05T08:39:49.989Z","caller":"ipamd/ipamd.go:1113","msg":"failed to allocate all available IPv4 Prefixes on ENI eni-EXAMPLE19, err: operation error EC2: AssignPrivateIpAddresses, https response error StatusCode: 400, RequestID: 8729aef9-7564-4e4f-88f8-74caeb163fb7, api error InsufficientCidrBlocks: The specified subnet does not have enough free cidr blocks to satisfy the request."}
{"level":"info","ts":"2026-10-05T08:39:49.989Z","caller":"ipamd/ipamd.go:1259","msg":"Trying to allocate 1 IP addresses on ENI eni-EXAMPLE19"}
{"level":"debug","ts":"2026-10-05T08:39:49.989Z","caller":"ipamd/ipamd.go:1259","msg":"PD enabled - true"}
{"level":"debug","ts":"2026-10-05T08:39:50.451Z","caller":"awsutils/awsutils.go:2174","msg":"checkAPIErrorAndBroadcastEvent resulted in operation error EC2: AssignPrivateIpAddresses, https response error StatusCode: 400, RequestID: 65ed05a2-dd42-430e-8fae-41d8920afa02, api error InsufficientCidrBlocks: The specified subnet does not have enough free cidr blocks to satisfy the request."}
{"level":"error","ts":"2026-10-05T08:39:50.451Z","caller":"ipamd/ipamd.go:1259","msg":"Failed to allocate a private IP/Prefix addresses on ENI eni-EXAMPLE19: operation error EC2: AssignPrivateIpAddresses, https response error StatusCode: 400, RequestID: 65ed05a2-dd42-430e-8fae-41d8920afa02, api error InsufficientCidrBlocks: The specified subnet does not have enough free cidr blocks to satisfy the request."}
{"level":"debug","ts":"2026-10-05T08:39:50.451Z","caller":"ipamd/ipamd.go:1260","msg":"containsPrivateIPAddressLimitExceededError encountered operation error EC2: AssignPrivateIpAddresses, https response error StatusCode: 400, RequestID: 65ed05a2-dd42-430e-8fae-41d8920afa02, api error InsufficientCidrBlocks: The specified subnet does not have enough free cidr blocks to satisfy the request."}
{"level":"debug","ts":"2026-10-05T08:39:50.451Z","caller":"ipamd/ipamd.go:1262","msg":"containsInsufficientCIDRsOrSubnetIPs encountered operation error EC2: AssignPrivateIpAddresses, https response error StatusCode: 400, RequestID: 65ed05a2-dd42-430e-8fae-41d8920afa02, api error InsufficientCidrBlocks: The specified subnet does not have enough free cidr blocks to satisfy the request."}
{"level":"debug","ts":"2026-10-05T08:39:50.451Z","caller":"ipamd/ipamd.go:1262","msg":"Insufficient IP Addresses due to: InsufficientCidrBlocks\n"}
{"level":"debug","ts":"2026-10-05T08:39:50.451Z","caller":"ipamd/ipamd.go:1003","msg":"hasRoomForEni: networkCard=0, currentENIs=1, currentUsableENIs=1, maxENI=3, unmanagedENI=0, trunkEni=0, excludedENI=0, hasRoom=true"}
{"level":"debug","ts":"2026-10-05T08:39:50.451Z","caller":"ipamd/ipamd.go:2758","msg":"Prefix target is 1, short of 1 prefixes, free 0 prefixes"}
{"level":"debug","ts":"2026-10-05T08:39:50.452Z","caller":"ipamd/ipamd.go:2595","msg":"ToAllocate: 1, Network Card 0"}
{"level":"info","ts":"2026-10-05T08:39:50.452Z","caller":"awsutils/awsutils.go:1044","msg":"Trying to allocate 1 IP addresses on new ENI"}
{"level":"debug","ts":"2026-10-05T08:39:50.452Z","caller":"awsutils/awsutils.go:1044","msg":"PD enabled - true"}
{"level":"debug","ts":"2026-10-05T08:39:50.710Z","caller":"awsutils/awsutils.go:1272","msg":"Primary subnet subnet-EXAMPLE4 has no kubernetes.io/role/cni tag, including it for ENI creation (backwards compatibility)"}
{"level":"info","ts":"2026-10-05T08:39:50.710Z","caller":"awsutils/awsutils.go:1044","msg":"Creating ENI with security groups: [sg-EXAMPLE1] in subnet: subnet-EXAMPLE4"}
{"level":"debug","ts":"2026-10-05T08:39:50.958Z","caller":"awsutils/awsutils.go:1449","msg":"checkAPIErrorAndBroadcastEvent resulted in operation error EC2: CreateNetworkInterface, https response error StatusCode: 400, RequestID: c00dcbdc-5d50-48ef-bbf1-1d1a1a76d8eb, api error InvalidParameterValue: There aren't sufficient free Ipv4 addresses or prefixes"}
{"level":"error","ts":"2026-10-05T08:39:50.958Z","caller":"awsutils/awsutils.go:1285","msg":"Failed to CreateNetworkInterface operation error EC2: CreateNetworkInterface, https response error StatusCode: 400, RequestID: c00dcbdc-5d50-48ef-bbf1-1d1a1a76d8eb, api error InvalidParameterValue: There aren't sufficient free Ipv4 addresses or prefixes for subnet subnet-EXAMPLE4"}
{"level":"debug","ts":"2026-10-05T08:39:50.958Z","caller":"awsutils/awsutils.go:1272","msg":"Subnet subnet-EXAMPLE3 has no kubernetes.io/role/cni tag, excluding it from ENI creation"}
{"level":"error","ts":"2026-10-05T08:39:50.958Z","caller":"ipamd/ipamd.go:1004","msg":"Failed to increase pool size due to not able to allocate ENI AllocENI: failed to create ENI: failed to create network interface: operation error EC2: CreateNetworkInterface, https response error StatusCode: 400, RequestID: c00dcbdc-5d50-48ef-bbf1-1d1a1a76d8eb, api error InvalidParameterValue: There aren't sufficient free Ipv4 addresses or prefixes"}
{"level":"warn","ts":"2026-10-05T08:39:50.958Z","caller":"ipamd/ipamd.go:1004","msg":"Failed to allocate 1 IP addresses on an ENI: AllocENI: failed to create ENI: failed to create network interface: operation error EC2: CreateNetworkInterface, https response error StatusCode: 400, RequestID: c00dcbdc-5d50-48ef-bbf1-1d1a1a76d8eb, api error InvalidParameterValue: There aren't sufficient free Ipv4 addresses or prefixes"}
{"level":"debug","ts":"2026-10-05T08:39:50.958Z","caller":"ipamd/ipamd.go:1082","msg":"containsInsufficientCIDRsOrSubnetIPs encountered AllocENI: failed to create ENI: failed to create network interface: operation error EC2: CreateNetworkInterface, https response error StatusCode: 400, RequestID: c00dcbdc-5d50-48ef-bbf1-1d1a1a76d8eb, api error InvalidParameterValue: There aren't sufficient free Ipv4 addresses or prefixes"}
{"level":"debug","ts":"2026-10-05T08:39:50.958Z","caller":"ipamd/ipamd.go:1082","msg":"Insufficient IP Addresses due to: InvalidParameterValue\n"}
{"level":"debug","ts":"2026-10-05T08:39:50.958Z","caller":"ipamd/ipamd.go:813","msg":"Error trying to allocate ENI: AllocENI: failed to create ENI: failed to create network interface: operation error EC2: CreateNetworkInterface, https response error StatusCode: 400, RequestID: c00dcbdc-5d50-48ef-bbf1-1d1a1a76d8eb, api error InvalidParameterValue: There aren't sufficient free Ipv4 addresses or prefixes"}
{"level":"debug","ts":"2026-10-05T08:39:50.958Z","caller":"ipamd/ipamd.go:1548","msg":"ENI eni-EXAMPLE19 cannot be deleted because it is primary"}
{"level":"debug","ts":"2026-10-05T08:39:55.958Z","caller":"ipamd/ipamd.go:809","msg":"IP pool is too low for Network Card 0: available (0) < ENI target (1) * addrsPerENI (16)"}
{"level":"debug","ts":"2026-10-05T08:39:55.959Z","caller":"ipamd/ipamd.go:2689","msg":"Prefix pool stats for network card 0: Total IPs/Prefixes = 0/0, AssignedIPs/CooldownIPs: 0/0, c.maxIPsPerENI = 80"}
{"level":"debug","ts":"2026-10-05T08:39:55.959Z","caller":"ipamd/ipamd.go:795","msg":"IP stats for Network Card 0 - total IPs: 0, assigned IPs: 0, cooldown IPs: 0"}
{"level":"debug","ts":"2026-10-05T08:39:55.959Z","caller":"ipamd/ipamd.go:813","msg":"Starting to increase pool size for network card 0"}
{"level":"debug","ts":"2026-10-05T08:39:55.959Z","caller":"ipamd/ipamd.go:966","msg":"Node found \"ip-10-20-0-28.ec2.internal\" - no of taints - 0"}
{"level":"debug","ts":"2026-10-05T08:39:55.959Z","caller":"ipamd/ipamd.go:2758","msg":"Prefix target is 1, short of 1 prefixes, free 0 prefixes"}
{"level":"debug","ts":"2026-10-05T08:39:55.959Z","caller":"ipamd/ipamd.go:1248","msg":"ToAllocate: 1, Network Card 0"}
{"level":"debug","ts":"2026-10-05T08:39:55.959Z","caller":"ipamd/ipamd.go:1251","msg":"Found ENI eni-EXAMPLE19 that has less than the maximum number of IP/Prefixes addresses allocated: cur=0, max=5"}
{"level":"info","ts":"2026-10-05T08:39:55.959Z","caller":"ipamd/ipamd.go:1255","msg":"Trying to allocate 1 IP addresses on ENI eni-EXAMPLE19"}
{"level":"debug","ts":"2026-10-05T08:39:55.959Z","caller":"ipamd/ipamd.go:1255","msg":"PD enabled - true"}
{"level":"debug","ts":"2026-10-05T08:39:56.350Z","caller":"awsutils/awsutils.go:2174","msg":"checkAPIErrorAndBroadcastEvent resulted in operation error EC2: AssignPrivateIpAddresses, https response error StatusCode: 400, RequestID: 11fcb662-7ed7-4fd7-b44f-05ac04e53289, api error InsufficientCidrBlocks: The specified subnet does not have enough free cidr blocks to satisfy the request."}
{"level":"error","ts":"2026-10-05T08:39:56.350Z","caller":"ipamd/ipamd.go:1255","msg":"Failed to allocate a private IP/Prefix addresses on ENI eni-EXAMPLE19: operation error EC2: AssignPrivateIpAddresses, https response error StatusCode: 400, RequestID: 11fcb662-7ed7-4fd7-b44f-05ac04e53289, api error InsufficientCidrBlocks: The specified subnet does not have enough free cidr blocks to satisfy the request."}
{"level":"debug","ts":"2026-10-05T08:39:56.350Z","caller":"ipamd/ipamd.go:1256","msg":"containsPrivateIPAddressLimitExceededError encountered operation error EC2: AssignPrivateIpAddresses, https response error StatusCode: 400, RequestID: 11fcb662-7ed7-4fd7-b44f-05ac04e53289, api error InsufficientCidrBlocks: The specified subnet does not have enough free cidr blocks to satisfy the request."}
{"level":"warn","ts":"2026-10-05T08:39:56.350Z","caller":"ipamd/ipamd.go:1113","msg":"failed to allocate all available IPv4 Prefixes on ENI eni-EXAMPLE19, err: operation error EC2: AssignPrivateIpAddresses, https response error StatusCode: 400, RequestID: 11fcb662-7ed7-4fd7-b44f-05ac04e53289, api error InsufficientCidrBlocks: The specified subnet does not have enough free cidr blocks to satisfy the request."}
{"level":"info","ts":"2026-10-05T08:39:56.350Z","caller":"ipamd/ipamd.go:1259","msg":"Trying to allocate 1 IP addresses on ENI eni-EXAMPLE19"}
{"level":"debug","ts":"2026-10-05T08:39:56.350Z","caller":"ipamd/ipamd.go:1259","msg":"PD enabled - true"}
{"level":"debug","ts":"2026-10-05T08:39:56.741Z","caller":"awsutils/awsutils.go:2174","msg":"checkAPIErrorAndBroadcastEvent resulted in operation error EC2: AssignPrivateIpAddresses, https response error StatusCode: 400, RequestID: 91064b1e-5c8c-4abf-a703-9558be695f58, api error InsufficientCidrBlocks: The specified subnet does not have enough free cidr blocks to satisfy the request."}
{"level":"error","ts":"2026-10-05T08:39:56.741Z","caller":"ipamd/ipamd.go:1259","msg":"Failed to allocate a private IP/Prefix addresses on ENI eni-EXAMPLE19: operation error EC2: AssignPrivateIpAddresses, https response error StatusCode: 400, RequestID: 91064b1e-5c8c-4abf-a703-9558be695f58, api error InsufficientCidrBlocks: The specified subnet does not have enough free cidr blocks to satisfy the request."}
{"level":"debug","ts":"2026-10-05T08:39:56.741Z","caller":"ipamd/ipamd.go:1260","msg":"containsPrivateIPAddressLimitExceededError encountered operation error EC2: AssignPrivateIpAddresses, https response error StatusCode: 400, RequestID: 91064b1e-5c8c-4abf-a703-9558be695f58, api error InsufficientCidrBlocks: The specified subnet does not have enough free cidr blocks to satisfy the request."}
{"level":"debug","ts":"2026-10-05T08:39:56.741Z","caller":"ipamd/ipamd.go:1262","msg":"containsInsufficientCIDRsOrSubnetIPs encountered operation error EC2: AssignPrivateIpAddresses, https response error StatusCode: 400, RequestID: 91064b1e-5c8c-4abf-a703-9558be695f58, api error InsufficientCidrBlocks: The specified subnet does not have enough free cidr blocks to satisfy the request."}
{"level":"debug","ts":"2026-10-05T08:39:56.741Z","caller":"ipamd/ipamd.go:1262","msg":"Insufficient IP Addresses due to: InsufficientCidrBlocks\n"}
{"level":"debug","ts":"2026-10-05T08:39:56.741Z","caller":"ipamd/ipamd.go:1003","msg":"hasRoomForEni: networkCard=0, currentENIs=1, currentUsableENIs=1, maxENI=3, unmanagedENI=0, trunkEni=0, excludedENI=0, hasRoom=true"}
{"level":"debug","ts":"2026-10-05T08:39:56.741Z","caller":"ipamd/ipamd.go:2758","msg":"Prefix target is 1, short of 1 prefixes, free 0 prefixes"}
{"level":"debug","ts":"2026-10-05T08:39:56.741Z","caller":"ipamd/ipamd.go:2595","msg":"ToAllocate: 1, Network Card 0"}
{"level":"info","ts":"2026-10-05T08:39:56.741Z","caller":"awsutils/awsutils.go:1044","msg":"Trying to allocate 1 IP addresses on new ENI"}
{"level":"debug","ts":"2026-10-05T08:39:56.741Z","caller":"awsutils/awsutils.go:1044","msg":"PD enabled - true"}
{"level":"debug","ts":"2026-10-05T08:39:56.965Z","caller":"awsutils/awsutils.go:1272","msg":"Primary subnet subnet-EXAMPLE4 has no kubernetes.io/role/cni tag, including it for ENI creation (backwards compatibility)"}
{"level":"info","ts":"2026-10-05T08:39:56.965Z","caller":"awsutils/awsutils.go:1044","msg":"Creating ENI with security groups: [sg-EXAMPLE1] in subnet: subnet-EXAMPLE4"}
{"level":"debug","ts":"2026-10-05T08:39:57.195Z","caller":"awsutils/awsutils.go:1449","msg":"checkAPIErrorAndBroadcastEvent resulted in operation error EC2: CreateNetworkInterface, https response error StatusCode: 400, RequestID: 1ba383a9-0d44-472b-81ea-fd384e517b9a, api error InvalidParameterValue: There aren't sufficient free Ipv4 addresses or prefixes"}
{"level":"error","ts":"2026-10-05T08:39:57.195Z","caller":"awsutils/awsutils.go:1285","msg":"Failed to CreateNetworkInterface operation error EC2: CreateNetworkInterface, https response error StatusCode: 400, RequestID: 1ba383a9-0d44-472b-81ea-fd384e517b9a, api error InvalidParameterValue: There aren't sufficient free Ipv4 addresses or prefixes for subnet subnet-EXAMPLE4"}
{"level":"debug","ts":"2026-10-05T08:39:57.195Z","caller":"awsutils/awsutils.go:1272","msg":"Subnet subnet-EXAMPLE3 has no kubernetes.io/role/cni tag, excluding it from ENI creation"}
{"level":"error","ts":"2026-10-05T08:39:57.195Z","caller":"ipamd/ipamd.go:1004","msg":"Failed to increase pool size due to not able to allocate ENI AllocENI: failed to create ENI: failed to create network interface: operation error EC2: CreateNetworkInterface, https response error StatusCode: 400, RequestID: 1ba383a9-0d44-472b-81ea-fd384e517b9a, api error InvalidParameterValue: There aren't sufficient free Ipv4 addresses or prefixes"}
{"level":"warn","ts":"2026-10-05T08:39:57.195Z","caller":"ipamd/ipamd.go:1004","msg":"Failed to allocate 1 IP addresses on an ENI: AllocENI: failed to create ENI: failed to create network interface: operation error EC2: CreateNetworkInterface, https response error StatusCode: 400, RequestID: 1ba383a9-0d44-472b-81ea-fd384e517b9a, api error InvalidParameterValue: There aren't sufficient free Ipv4 addresses or prefixes"}
{"level":"debug","ts":"2026-10-05T08:39:57.195Z","caller":"ipamd/ipamd.go:1082","msg":"containsInsufficientCIDRsOrSubnetIPs encountered AllocENI: failed to create ENI: failed to create network interface: operation error EC2: CreateNetworkInterface, https response error StatusCode: 400, RequestID: 1ba383a9-0d44-472b-81ea-fd384e517b9a, api error InvalidParameterValue: There aren't sufficient free Ipv4 addresses or prefixes"}
{"level":"debug","ts":"2026-10-05T08:39:57.195Z","caller":"ipamd/ipamd.go:1082","msg":"Insufficient IP Addresses due to: InvalidParameterValue\n"}
{"level":"debug","ts":"2026-10-05T08:39:57.195Z","caller":"ipamd/ipamd.go:813","msg":"Error trying to allocate ENI: AllocENI: failed to create ENI: failed to create network interface: operation error EC2: CreateNetworkInterface, https response error StatusCode: 400, RequestID: 1ba383a9-0d44-472b-81ea-fd384e517b9a, api error InvalidParameterValue: There aren't sufficient free Ipv4 addresses or prefixes"}
{"level":"debug","ts":"2026-10-05T08:39:57.195Z","caller":"ipamd/ipamd.go:1548","msg":"ENI eni-EXAMPLE19 cannot be deleted because it is primary"}
{"level":"debug","ts":"2026-10-05T08:40:02.197Z","caller":"ipamd/ipamd.go:809","msg":"IP pool is too low for Network Card 0: available (0) < ENI target (1) * addrsPerENI (16)"}
{"level":"debug","ts":"2026-10-05T08:40:02.197Z","caller":"ipamd/ipamd.go:2689","msg":"Prefix pool stats for network card 0: Total IPs/Prefixes = 0/0, AssignedIPs/CooldownIPs: 0/0, c.maxIPsPerENI = 80"}
{"level":"debug","ts":"2026-10-05T08:40:02.197Z","caller":"ipamd/ipamd.go:795","msg":"IP stats for Network Card 0 - total IPs: 0, assigned IPs: 0, cooldown IPs: 0"}
{"level":"debug","ts":"2026-10-05T08:40:02.197Z","caller":"ipamd/ipamd.go:813","msg":"Starting to increase pool size for network card 0"}
{"level":"debug","ts":"2026-10-05T08:40:02.197Z","caller":"ipamd/ipamd.go:966","msg":"Node found \"ip-10-20-0-28.ec2.internal\" - no of taints - 0"}
{"level":"debug","ts":"2026-10-05T08:40:02.197Z","caller":"ipamd/ipamd.go:2758","msg":"Prefix target is 1, short of 1 prefixes, free 0 prefixes"}
{"level":"debug","ts":"2026-10-05T08:40:02.197Z","caller":"ipamd/ipamd.go:1248","msg":"ToAllocate: 1, Network Card 0"}
{"level":"debug","ts":"2026-10-05T08:40:02.197Z","caller":"ipamd/ipamd.go:1251","msg":"Found ENI eni-EXAMPLE19 that has less than the maximum number of IP/Prefixes addresses allocated: cur=0, max=5"}
{"level":"info","ts":"2026-10-05T08:40:02.197Z","caller":"ipamd/ipamd.go:1255","msg":"Trying to allocate 1 IP addresses on ENI eni-EXAMPLE19"}
{"level":"debug","ts":"2026-10-05T08:40:02.197Z","caller":"ipamd/ipamd.go:1255","msg":"PD enabled - true"}
{"level":"debug","ts":"2026-10-05T08:40:02.629Z","caller":"awsutils/awsutils.go:2174","msg":"checkAPIErrorAndBroadcastEvent resulted in operation error EC2: AssignPrivateIpAddresses, https response error StatusCode: 400, RequestID: 1865f8a4-b630-486a-a196-fe7b04d8ec7a, api error InsufficientCidrBlocks: The specified subnet does not have enough free cidr blocks to satisfy the request."}
{"level":"error","ts":"2026-10-05T08:40:02.629Z","caller":"ipamd/ipamd.go:1255","msg":"Failed to allocate a private IP/Prefix addresses on ENI eni-EXAMPLE19: operation error EC2: AssignPrivateIpAddresses, https response error StatusCode: 400, RequestID: 1865f8a4-b630-486a-a196-fe7b04d8ec7a, api error InsufficientCidrBlocks: The specified subnet does not have enough free cidr blocks to satisfy the request."}
{"level":"debug","ts":"2026-10-05T08:40:02.629Z","caller":"ipamd/ipamd.go:1256","msg":"containsPrivateIPAddressLimitExceededError encountered operation error EC2: AssignPrivateIpAddresses, https response error StatusCode: 400, RequestID: 1865f8a4-b630-486a-a196-fe7b04d8ec7a, api error InsufficientCidrBlocks: The specified subnet does not have enough free cidr blocks to satisfy the request."}
{"level":"warn","ts":"2026-10-05T08:40:02.629Z","caller":"ipamd/ipamd.go:1113","msg":"failed to allocate all available IPv4 Prefixes on ENI eni-EXAMPLE19, err: operation error EC2: AssignPrivateIpAddresses, https response error StatusCode: 400, RequestID: 1865f8a4-b630-486a-a196-fe7b04d8ec7a, api error InsufficientCidrBlocks: The specified subnet does not have enough free cidr blocks to satisfy the request."}
{"level":"info","ts":"2026-10-05T08:40:02.629Z","caller":"ipamd/ipamd.go:1259","msg":"Trying to allocate 1 IP addresses on ENI eni-EXAMPLE19"}
{"level":"debug","ts":"2026-10-05T08:40:02.629Z","caller":"ipamd/ipamd.go:1259","msg":"PD enabled - true"}
{"level":"debug","ts":"2026-10-05T08:40:03.041Z","caller":"awsutils/awsutils.go:2174","msg":"checkAPIErrorAndBroadcastEvent resulted in operation error EC2: AssignPrivateIpAddresses, https response error StatusCode: 400, RequestID: ce45dcf1-a46d-482b-9518-54d792d03ac1, api error InsufficientCidrBlocks: The specified subnet does not have enough free cidr blocks to satisfy the request."}
{"level":"error","ts":"2026-10-05T08:40:03.041Z","caller":"ipamd/ipamd.go:1259","msg":"Failed to allocate a private IP/Prefix addresses on ENI eni-EXAMPLE19: operation error EC2: AssignPrivateIpAddresses, https response error StatusCode: 400, RequestID: ce45dcf1-a46d-482b-9518-54d792d03ac1, api error InsufficientCidrBlocks: The specified subnet does not have enough free cidr blocks to satisfy the request."}
{"level":"debug","ts":"2026-10-05T08:40:03.041Z","caller":"ipamd/ipamd.go:1260","msg":"containsPrivateIPAddressLimitExceededError encountered operation error EC2: AssignPrivateIpAddresses, https response error StatusCode: 400, RequestID: ce45dcf1-a46d-482b-9518-54d792d03ac1, api error InsufficientCidrBlocks: The specified subnet does not have enough free cidr blocks to satisfy the request."}
{"level":"debug","ts":"2026-10-05T08:40:03.042Z","caller":"ipamd/ipamd.go:1262","msg":"containsInsufficientCIDRsOrSubnetIPs encountered operation error EC2: AssignPrivateIpAddresses, https response error StatusCode: 400, RequestID: ce45dcf1-a46d-482b-9518-54d792d03ac1, api error InsufficientCidrBlocks: The specified subnet does not have enough free cidr blocks to satisfy the request."}
{"level":"debug","ts":"2026-10-05T08:40:03.042Z","caller":"ipamd/ipamd.go:1262","msg":"Insufficient IP Addresses due to: InsufficientCidrBlocks\n"}
{"level":"debug","ts":"2026-10-05T08:40:03.042Z","caller":"ipamd/ipamd.go:1003","msg":"hasRoomForEni: networkCard=0, currentENIs=1, currentUsableENIs=1, maxENI=3, unmanagedENI=0, trunkEni=0, excludedENI=0, hasRoom=true"}
{"level":"debug","ts":"2026-10-05T08:40:03.042Z","caller":"ipamd/ipamd.go:2758","msg":"Prefix target is 1, short of 1 prefixes, free 0 prefixes"}
{"level":"debug","ts":"2026-10-05T08:40:03.042Z","caller":"ipamd/ipamd.go:2595","msg":"ToAllocate: 1, Network Card 0"}
{"level":"info","ts":"2026-10-05T08:40:03.042Z","caller":"awsutils/awsutils.go:1044","msg":"Trying to allocate 1 IP addresses on new ENI"}
{"level":"debug","ts":"2026-10-05T08:40:03.042Z","caller":"awsutils/awsutils.go:1044","msg":"PD enabled - true"}
{"level":"debug","ts":"2026-10-05T08:40:03.290Z","caller":"awsutils/awsutils.go:1272","msg":"Primary subnet subnet-EXAMPLE4 has no kubernetes.io/role/cni tag, including it for ENI creation (backwards compatibility)"}
{"level":"info","ts":"2026-10-05T08:40:03.290Z","caller":"awsutils/awsutils.go:1044","msg":"Creating ENI with security groups: [sg-EXAMPLE1] in subnet: subnet-EXAMPLE4"}
{"level":"debug","ts":"2026-10-05T08:40:03.528Z","caller":"awsutils/awsutils.go:1449","msg":"checkAPIErrorAndBroadcastEvent resulted in operation error EC2: CreateNetworkInterface, https response error StatusCode: 400, RequestID: 2377dfc0-bfb0-4b8f-a2de-5200b9379390, api error InvalidParameterValue: There aren't sufficient free Ipv4 addresses or prefixes"}
{"level":"error","ts":"2026-10-05T08:40:03.528Z","caller":"awsutils/awsutils.go:1285","msg":"Failed to CreateNetworkInterface operation error EC2: CreateNetworkInterface, https response error StatusCode: 400, RequestID: 2377dfc0-bfb0-4b8f-a2de-5200b9379390, api error InvalidParameterValue: There aren't sufficient free Ipv4 addresses or prefixes for subnet subnet-EXAMPLE4"}
{"level":"debug","ts":"2026-10-05T08:40:03.528Z","caller":"awsutils/awsutils.go:1272","msg":"Subnet subnet-EXAMPLE3 has no kubernetes.io/role/cni tag, excluding it from ENI creation"}
{"level":"error","ts":"2026-10-05T08:40:03.528Z","caller":"ipamd/ipamd.go:1004","msg":"Failed to increase pool size due to not able to allocate ENI AllocENI: failed to create ENI: failed to create network interface: operation error EC2: CreateNetworkInterface, https response error StatusCode: 400, RequestID: 2377dfc0-bfb0-4b8f-a2de-5200b9379390, api error InvalidParameterValue: There aren't sufficient free Ipv4 addresses or prefixes"}
{"level":"warn","ts":"2026-10-05T08:40:03.528Z","caller":"ipamd/ipamd.go:1004","msg":"Failed to allocate 1 IP addresses on an ENI: AllocENI: failed to create ENI: failed to create network interface: operation error EC2: CreateNetworkInterface, https response error StatusCode: 400, RequestID: 2377dfc0-bfb0-4b8f-a2de-5200b9379390, api error InvalidParameterValue: There aren't sufficient free Ipv4 addresses or prefixes"}
{"level":"debug","ts":"2026-10-05T08:40:03.528Z","caller":"ipamd/ipamd.go:1082","msg":"containsInsufficientCIDRsOrSubnetIPs encountered AllocENI: failed to create ENI: failed to create network interface: operation error EC2: CreateNetworkInterface, https response error StatusCode: 400, RequestID: 2377dfc0-bfb0-4b8f-a2de-5200b9379390, api error InvalidParameterValue: There aren't sufficient free Ipv4 addresses or prefixes"}
{"level":"debug","ts":"2026-10-05T08:40:03.528Z","caller":"ipamd/ipamd.go:1082","msg":"Insufficient IP Addresses due to: InvalidParameterValue\n"}
{"level":"debug","ts":"2026-10-05T08:40:03.528Z","caller":"ipamd/ipamd.go:813","msg":"Error trying to allocate ENI: AllocENI: failed to create ENI: failed to create network interface: operation error EC2: CreateNetworkInterface, https response error StatusCode: 400, RequestID: 2377dfc0-bfb0-4b8f-a2de-5200b9379390, api error InvalidParameterValue: There aren't sufficient free Ipv4 addresses or prefixes"}
{"level":"debug","ts":"2026-10-05T08:40:03.528Z","caller":"ipamd/ipamd.go:1548","msg":"ENI eni-EXAMPLE19 cannot be deleted because it is primary"}
{"level":"debug","ts":"2026-10-05T08:40:08.529Z","caller":"ipamd/ipamd.go:809","msg":"IP pool is too low for Network Card 0: available (0) < ENI target (1) * addrsPerENI (16)"}
{"level":"debug","ts":"2026-10-05T08:40:08.529Z","caller":"ipamd/ipamd.go:2689","msg":"Prefix pool stats for network card 0: Total IPs/Prefixes = 0/0, AssignedIPs/CooldownIPs: 0/0, c.maxIPsPerENI = 80"}
{"level":"debug","ts":"2026-10-05T08:40:08.529Z","caller":"ipamd/ipamd.go:795","msg":"IP stats for Network Card 0 - total IPs: 0, assigned IPs: 0, cooldown IPs: 0"}
{"level":"debug","ts":"2026-10-05T08:40:08.529Z","caller":"ipamd/ipamd.go:813","msg":"Starting to increase pool size for network card 0"}
{"level":"debug","ts":"2026-10-05T08:40:08.529Z","caller":"ipamd/ipamd.go:966","msg":"Node found \"ip-10-20-0-28.ec2.internal\" - no of taints - 0"}
{"level":"debug","ts":"2026-10-05T08:40:08.529Z","caller":"ipamd/ipamd.go:2758","msg":"Prefix target is 1, short of 1 prefixes, free 0 prefixes"}
{"level":"debug","ts":"2026-10-05T08:40:08.529Z","caller":"ipamd/ipamd.go:1248","msg":"ToAllocate: 1, Network Card 0"}
{"level":"debug","ts":"2026-10-05T08:40:08.529Z","caller":"ipamd/ipamd.go:1251","msg":"Found ENI eni-EXAMPLE19 that has less than the maximum number of IP/Prefixes addresses allocated: cur=0, max=5"}
{"level":"info","ts":"2026-10-05T08:40:08.529Z","caller":"ipamd/ipamd.go:1255","msg":"Trying to allocate 1 IP addresses on ENI eni-EXAMPLE19"}
{"level":"debug","ts":"2026-10-05T08:40:08.529Z","caller":"ipamd/ipamd.go:1255","msg":"PD enabled - true"}
{"level":"debug","ts":"2026-10-05T08:40:08.900Z","caller":"awsutils/awsutils.go:2174","msg":"checkAPIErrorAndBroadcastEvent resulted in operation error EC2: AssignPrivateIpAddresses, https response error StatusCode: 400, RequestID: 7df2fe5f-62a3-4084-9559-0610246e7d97, api error InsufficientCidrBlocks: The specified subnet does not have enough free cidr blocks to satisfy the request."}
{"level":"error","ts":"2026-10-05T08:40:08.900Z","caller":"ipamd/ipamd.go:1255","msg":"Failed to allocate a private IP/Prefix addresses on ENI eni-EXAMPLE19: operation error EC2: AssignPrivateIpAddresses, https response error StatusCode: 400, RequestID: 7df2fe5f-62a3-4084-9559-0610246e7d97, api error InsufficientCidrBlocks: The specified subnet does not have enough free cidr blocks to satisfy the request."}
{"level":"debug","ts":"2026-10-05T08:40:08.900Z","caller":"ipamd/ipamd.go:1256","msg":"containsPrivateIPAddressLimitExceededError encountered operation error EC2: AssignPrivateIpAddresses, https response error StatusCode: 400, RequestID: 7df2fe5f-62a3-4084-9559-0610246e7d97, api error InsufficientCidrBlocks: The specified subnet does not have enough free cidr blocks to satisfy the request."}
{"level":"warn","ts":"2026-10-05T08:40:08.900Z","caller":"ipamd/ipamd.go:1113","msg":"failed to allocate all available IPv4 Prefixes on ENI eni-EXAMPLE19, err: operation error EC2: AssignPrivateIpAddresses, https response error StatusCode: 400, RequestID: 7df2fe5f-62a3-4084-9559-0610246e7d97, api error InsufficientCidrBlocks: The specified subnet does not have enough free cidr blocks to satisfy the request."}
{"level":"info","ts":"2026-10-05T08:40:08.901Z","caller":"ipamd/ipamd.go:1259","msg":"Trying to allocate 1 IP addresses on ENI eni-EXAMPLE19"}
{"level":"debug","ts":"2026-10-05T08:40:08.901Z","caller":"ipamd/ipamd.go:1259","msg":"PD enabled - true"}
{"level":"debug","ts":"2026-10-05T08:40:09.317Z","caller":"awsutils/awsutils.go:2174","msg":"checkAPIErrorAndBroadcastEvent resulted in operation error EC2: AssignPrivateIpAddresses, https response error StatusCode: 400, RequestID: 29e6f014-d3b3-482c-ab97-ae46b94f8ba4, api error InsufficientCidrBlocks: The specified subnet does not have enough free cidr blocks to satisfy the request."}
{"level":"error","ts":"2026-10-05T08:40:09.317Z","caller":"ipamd/ipamd.go:1259","msg":"Failed to allocate a private IP/Prefix addresses on ENI eni-EXAMPLE19: operation error EC2: AssignPrivateIpAddresses, https response error StatusCode: 400, RequestID: 29e6f014-d3b3-482c-ab97-ae46b94f8ba4, api error InsufficientCidrBlocks: The specified subnet does not have enough free cidr blocks to satisfy the request."}
{"level":"debug","ts":"2026-10-05T08:40:09.317Z","caller":"ipamd/ipamd.go:1260","msg":"containsPrivateIPAddressLimitExceededError encountered operation error EC2: AssignPrivateIpAddresses, https response error StatusCode: 400, RequestID: 29e6f014-d3b3-482c-ab97-ae46b94f8ba4, api error InsufficientCidrBlocks: The specified subnet does not have enough free cidr blocks to satisfy the request."}
{"level":"debug","ts":"2026-10-05T08:40:09.317Z","caller":"ipamd/ipamd.go:1262","msg":"containsInsufficientCIDRsOrSubnetIPs encountered operation error EC2: AssignPrivateIpAddresses, https response error StatusCode: 400, RequestID: 29e6f014-d3b3-482c-ab97-ae46b94f8ba4, api error InsufficientCidrBlocks: The specified subnet does not have enough free cidr blocks to satisfy the request."}
{"level":"debug","ts":"2026-10-05T08:40:09.317Z","caller":"ipamd/ipamd.go:1262","msg":"Insufficient IP Addresses due to: InsufficientCidrBlocks\n"}
{"level":"debug","ts":"2026-10-05T08:40:09.317Z","caller":"ipamd/ipamd.go:1003","msg":"hasRoomForEni: networkCard=0, currentENIs=1, currentUsableENIs=1, maxENI=3, unmanagedENI=0, trunkEni=0, excludedENI=0, hasRoom=true"}
{"level":"debug","ts":"2026-10-05T08:40:09.317Z","caller":"ipamd/ipamd.go:2758","msg":"Prefix target is 1, short of 1 prefixes, free 0 prefixes"}
{"level":"debug","ts":"2026-10-05T08:40:09.317Z","caller":"ipamd/ipamd.go:2595","msg":"ToAllocate: 1, Network Card 0"}
{"level":"info","ts":"2026-10-05T08:40:09.317Z","caller":"awsutils/awsutils.go:1044","msg":"Trying to allocate 1 IP addresses on new ENI"}
{"level":"debug","ts":"2026-10-05T08:40:09.317Z","caller":"awsutils/awsutils.go:1044","msg":"PD enabled - true"}
{"level":"debug","ts":"2026-10-05T08:40:09.460Z","caller":"awsutils/awsutils.go:1272","msg":"Primary subnet subnet-EXAMPLE4 has no kubernetes.io/role/cni tag, including it for ENI creation (backwards compatibility)"}
{"level":"info","ts":"2026-10-05T08:40:09.461Z","caller":"awsutils/awsutils.go:1044","msg":"Creating ENI with security groups: [sg-EXAMPLE1] in subnet: subnet-EXAMPLE4"}
{"level":"debug","ts":"2026-10-05T08:40:09.682Z","caller":"awsutils/awsutils.go:1449","msg":"checkAPIErrorAndBroadcastEvent resulted in operation error EC2: CreateNetworkInterface, https response error StatusCode: 400, RequestID: 261227de-2d75-480c-b9f4-9631b634e0b0, api error InvalidParameterValue: There aren't sufficient free Ipv4 addresses or prefixes"}
{"level":"error","ts":"2026-10-05T08:40:09.682Z","caller":"awsutils/awsutils.go:1285","msg":"Failed to CreateNetworkInterface operation error EC2: CreateNetworkInterface, https response error StatusCode: 400, RequestID: 261227de-2d75-480c-b9f4-9631b634e0b0, api error InvalidParameterValue: There aren't sufficient free Ipv4 addresses or prefixes for subnet subnet-EXAMPLE4"}
{"level":"debug","ts":"2026-10-05T08:40:09.682Z","caller":"awsutils/awsutils.go:1272","msg":"Subnet subnet-EXAMPLE3 has no kubernetes.io/role/cni tag, excluding it from ENI creation"}
{"level":"error","ts":"2026-10-05T08:40:09.682Z","caller":"ipamd/ipamd.go:1004","msg":"Failed to increase pool size due to not able to allocate ENI AllocENI: failed to create ENI: failed to create network interface: operation error EC2: CreateNetworkInterface, https response error StatusCode: 400, RequestID: 261227de-2d75-480c-b9f4-9631b634e0b0, api error InvalidParameterValue: There aren't sufficient free Ipv4 addresses or prefixes"}
{"level":"warn","ts":"2026-10-05T08:40:09.682Z","caller":"ipamd/ipamd.go:1004","msg":"Failed to allocate 1 IP addresses on an ENI: AllocENI: failed to create ENI: failed to create network interface: operation error EC2: CreateNetworkInterface, https response error StatusCode: 400, RequestID: 261227de-2d75-480c-b9f4-9631b634e0b0, api error InvalidParameterValue: There aren't sufficient free Ipv4 addresses or prefixes"}
{"level":"debug","ts":"2026-10-05T08:40:09.682Z","caller":"ipamd/ipamd.go:1082","msg":"containsInsufficientCIDRsOrSubnetIPs encountered AllocENI: failed to create ENI: failed to create network interface: operation error EC2: CreateNetworkInterface, https response error StatusCode: 400, RequestID: 261227de-2d75-480c-b9f4-9631b634e0b0, api error InvalidParameterValue: There aren't sufficient free Ipv4 addresses or prefixes"}
{"level":"debug","ts":"2026-10-05T08:40:09.682Z","caller":"ipamd/ipamd.go:1082","msg":"Insufficient IP Addresses due to: InvalidParameterValue\n"}
{"level":"debug","ts":"2026-10-05T08:40:09.682Z","caller":"ipamd/ipamd.go:813","msg":"Error trying to allocate ENI: AllocENI: failed to create ENI: failed to create network interface: operation error EC2: CreateNetworkInterface, https response error StatusCode: 400, RequestID: 261227de-2d75-480c-b9f4-9631b634e0b0, api error InvalidParameterValue: There aren't sufficient free Ipv4 addresses or prefixes"}
{"level":"debug","ts":"2026-10-05T08:40:09.682Z","caller":"ipamd/ipamd.go:1548","msg":"ENI eni-EXAMPLE19 cannot be deleted because it is primary"}
{"level":"debug","ts":"2026-10-05T08:40:14.685Z","caller":"ipamd/ipamd.go:809","msg":"IP pool is too low for Network Card 0: available (0) < ENI target (1) * addrsPerENI (16)"}
{"level":"debug","ts":"2026-10-05T08:40:14.685Z","caller":"ipamd/ipamd.go:2689","msg":"Prefix pool stats for network card 0: Total IPs/Prefixes = 0/0, AssignedIPs/CooldownIPs: 0/0, c.maxIPsPerENI = 80"}
{"level":"debug","ts":"2026-10-05T08:40:14.685Z","caller":"ipamd/ipamd.go:795","msg":"IP stats for Network Card 0 - total IPs: 0, assigned IPs: 0, cooldown IPs: 0"}
{"level":"debug","ts":"2026-10-05T08:40:14.685Z","caller":"ipamd/ipamd.go:813","msg":"Starting to increase pool size for network card 0"}
{"level":"debug","ts":"2026-10-05T08:40:14.685Z","caller":"ipamd/ipamd.go:966","msg":"Node found \"ip-10-20-0-28.ec2.internal\" - no of taints - 0"}
{"level":"debug","ts":"2026-10-05T08:40:14.685Z","caller":"ipamd/ipamd.go:2758","msg":"Prefix target is 1, short of 1 prefixes, free 0 prefixes"}
{"level":"debug","ts":"2026-10-05T08:40:14.685Z","caller":"ipamd/ipamd.go:1248","msg":"ToAllocate: 1, Network Card 0"}
{"level":"debug","ts":"2026-10-05T08:40:14.685Z","caller":"ipamd/ipamd.go:1251","msg":"Found ENI eni-EXAMPLE19 that has less than the maximum number of IP/Prefixes addresses allocated: cur=0, max=5"}
{"level":"info","ts":"2026-10-05T08:40:14.685Z","caller":"ipamd/ipamd.go:1255","msg":"Trying to allocate 1 IP addresses on ENI eni-EXAMPLE19"}
{"level":"debug","ts":"2026-10-05T08:40:14.685Z","caller":"ipamd/ipamd.go:1255","msg":"PD enabled - true"}
{"level":"debug","ts":"2026-10-05T08:40:15.079Z","caller":"awsutils/awsutils.go:2174","msg":"checkAPIErrorAndBroadcastEvent resulted in operation error EC2: AssignPrivateIpAddresses, https response error StatusCode: 400, RequestID: 96f8791e-bd98-4548-9c31-ebe8c4c03ff3, api error InsufficientCidrBlocks: The specified subnet does not have enough free cidr blocks to satisfy the request."}
{"level":"error","ts":"2026-10-05T08:40:15.079Z","caller":"ipamd/ipamd.go:1255","msg":"Failed to allocate a private IP/Prefix addresses on ENI eni-EXAMPLE19: operation error EC2: AssignPrivateIpAddresses, https response error StatusCode: 400, RequestID: 96f8791e-bd98-4548-9c31-ebe8c4c03ff3, api error InsufficientCidrBlocks: The specified subnet does not have enough free cidr blocks to satisfy the request."}
{"level":"debug","ts":"2026-10-05T08:40:15.079Z","caller":"ipamd/ipamd.go:1256","msg":"containsPrivateIPAddressLimitExceededError encountered operation error EC2: AssignPrivateIpAddresses, https response error StatusCode: 400, RequestID: 96f8791e-bd98-4548-9c31-ebe8c4c03ff3, api error InsufficientCidrBlocks: The specified subnet does not have enough free cidr blocks to satisfy the request."}
{"level":"warn","ts":"2026-10-05T08:40:15.079Z","caller":"ipamd/ipamd.go:1113","msg":"failed to allocate all available IPv4 Prefixes on ENI eni-EXAMPLE19, err: operation error EC2: AssignPrivateIpAddresses, https response error StatusCode: 400, RequestID: 96f8791e-bd98-4548-9c31-ebe8c4c03ff3, api error InsufficientCidrBlocks: The specified subnet does not have enough free cidr blocks to satisfy the request."}
{"level":"info","ts":"2026-10-05T08:40:15.079Z","caller":"ipamd/ipamd.go:1259","msg":"Trying to allocate 1 IP addresses on ENI eni-EXAMPLE19"}
{"level":"debug","ts":"2026-10-05T08:40:15.079Z","caller":"ipamd/ipamd.go:1259","msg":"PD enabled - true"}
{"level":"debug","ts":"2026-10-05T08:40:15.517Z","caller":"awsutils/awsutils.go:2174","msg":"checkAPIErrorAndBroadcastEvent resulted in operation error EC2: AssignPrivateIpAddresses, https response error StatusCode: 400, RequestID: 4d468540-7598-42e5-ad6e-1a18fcff89f0, api error InsufficientCidrBlocks: The specified subnet does not have enough free cidr blocks to satisfy the request."}
{"level":"error","ts":"2026-10-05T08:40:15.517Z","caller":"ipamd/ipamd.go:1259","msg":"Failed to allocate a private IP/Prefix addresses on ENI eni-EXAMPLE19: operation error EC2: AssignPrivateIpAddresses, https response error StatusCode: 400, RequestID: 4d468540-7598-42e5-ad6e-1a18fcff89f0, api error InsufficientCidrBlocks: The specified subnet does not have enough free cidr blocks to satisfy the request."}
{"level":"debug","ts":"2026-10-05T08:40:15.517Z","caller":"ipamd/ipamd.go:1260","msg":"containsPrivateIPAddressLimitExceededError encountered operation error EC2: AssignPrivateIpAddresses, https response error StatusCode: 400, RequestID: 4d468540-7598-42e5-ad6e-1a18fcff89f0, api error InsufficientCidrBlocks: The specified subnet does not have enough free cidr blocks to satisfy the request."}
{"level":"debug","ts":"2026-10-05T08:40:15.517Z","caller":"ipamd/ipamd.go:1262","msg":"containsInsufficientCIDRsOrSubnetIPs encountered operation error EC2: AssignPrivateIpAddresses, https response error StatusCode: 400, RequestID: 4d468540-7598-42e5-ad6e-1a18fcff89f0, api error InsufficientCidrBlocks: The specified subnet does not have enough free cidr blocks to satisfy the request."}
{"level":"debug","ts":"2026-10-05T08:40:15.517Z","caller":"ipamd/ipamd.go:1262","msg":"Insufficient IP Addresses due to: InsufficientCidrBlocks\n"}
{"level":"debug","ts":"2026-10-05T08:40:15.517Z","caller":"ipamd/ipamd.go:1003","msg":"hasRoomForEni: networkCard=0, currentENIs=1, currentUsableENIs=1, maxENI=3, unmanagedENI=0, trunkEni=0, excludedENI=0, hasRoom=true"}
{"level":"debug","ts":"2026-10-05T08:40:15.517Z","caller":"ipamd/ipamd.go:2758","msg":"Prefix target is 1, short of 1 prefixes, free 0 prefixes"}
{"level":"debug","ts":"2026-10-05T08:40:15.517Z","caller":"ipamd/ipamd.go:2595","msg":"ToAllocate: 1, Network Card 0"}
{"level":"info","ts":"2026-10-05T08:40:15.517Z","caller":"awsutils/awsutils.go:1044","msg":"Trying to allocate 1 IP addresses on new ENI"}
{"level":"debug","ts":"2026-10-05T08:40:15.517Z","caller":"awsutils/awsutils.go:1044","msg":"PD enabled - true"}
{"level":"debug","ts":"2026-10-05T08:40:15.826Z","caller":"awsutils/awsutils.go:1272","msg":"Primary subnet subnet-EXAMPLE4 has no kubernetes.io/role/cni tag, including it for ENI creation (backwards compatibility)"}
{"level":"info","ts":"2026-10-05T08:40:15.826Z","caller":"awsutils/awsutils.go:1044","msg":"Creating ENI with security groups: [sg-EXAMPLE1] in subnet: subnet-EXAMPLE4"}
{"level":"debug","ts":"2026-10-05T08:40:16.035Z","caller":"awsutils/awsutils.go:1449","msg":"checkAPIErrorAndBroadcastEvent resulted in operation error EC2: CreateNetworkInterface, https response error StatusCode: 400, RequestID: 11aacdee-8362-405f-9df1-dc618816c52e, api error InvalidParameterValue: There aren't sufficient free Ipv4 addresses or prefixes"}
{"level":"error","ts":"2026-10-05T08:40:16.035Z","caller":"awsutils/awsutils.go:1285","msg":"Failed to CreateNetworkInterface operation error EC2: CreateNetworkInterface, https response error StatusCode: 400, RequestID: 11aacdee-8362-405f-9df1-dc618816c52e, api error InvalidParameterValue: There aren't sufficient free Ipv4 addresses or prefixes for subnet subnet-EXAMPLE4"}
{"level":"debug","ts":"2026-10-05T08:40:16.035Z","caller":"awsutils/awsutils.go:1272","msg":"Subnet subnet-EXAMPLE3 has no kubernetes.io/role/cni tag, excluding it from ENI creation"}
{"level":"error","ts":"2026-10-05T08:40:16.035Z","caller":"ipamd/ipamd.go:1004","msg":"Failed to increase pool size due to not able to allocate ENI AllocENI: failed to create ENI: failed to create network interface: operation error EC2: CreateNetworkInterface, https response error StatusCode: 400, RequestID: 11aacdee-8362-405f-9df1-dc618816c52e, api error InvalidParameterValue: There aren't sufficient free Ipv4 addresses or prefixes"}
{"level":"warn","ts":"2026-10-05T08:40:16.036Z","caller":"ipamd/ipamd.go:1004","msg":"Failed to allocate 1 IP addresses on an ENI: AllocENI: failed to create ENI: failed to create network interface: operation error EC2: CreateNetworkInterface, https response error StatusCode: 400, RequestID: 11aacdee-8362-405f-9df1-dc618816c52e, api error InvalidParameterValue: There aren't sufficient free Ipv4 addresses or prefixes"}
{"level":"debug","ts":"2026-10-05T08:40:16.036Z","caller":"ipamd/ipamd.go:1082","msg":"containsInsufficientCIDRsOrSubnetIPs encountered AllocENI: failed to create ENI: failed to create network interface: operation error EC2: CreateNetworkInterface, https response error StatusCode: 400, RequestID: 11aacdee-8362-405f-9df1-dc618816c52e, api error InvalidParameterValue: There aren't sufficient free Ipv4 addresses or prefixes"}
{"level":"debug","ts":"2026-10-05T08:40:16.036Z","caller":"ipamd/ipamd.go:1082","msg":"Insufficient IP Addresses due to: InvalidParameterValue\n"}
{"level":"debug","ts":"2026-10-05T08:40:16.036Z","caller":"ipamd/ipamd.go:813","msg":"Error trying to allocate ENI: AllocENI: failed to create ENI: failed to create network interface: operation error EC2: CreateNetworkInterface, https response error StatusCode: 400, RequestID: 11aacdee-8362-405f-9df1-dc618816c52e, api error InvalidParameterValue: There aren't sufficient free Ipv4 addresses or prefixes"}
{"level":"debug","ts":"2026-10-05T08:40:16.036Z","caller":"ipamd/ipamd.go:1548","msg":"ENI eni-EXAMPLE19 cannot be deleted because it is primary"}
{"level":"debug","ts":"2026-10-05T08:40:21.038Z","caller":"ipamd/ipamd.go:809","msg":"IP pool is too low for Network Card 0: available (0) < ENI target (1) * addrsPerENI (16)"}
{"level":"debug","ts":"2026-10-05T08:40:21.038Z","caller":"ipamd/ipamd.go:2689","msg":"Prefix pool stats for network card 0: Total IPs/Prefixes = 0/0, AssignedIPs/CooldownIPs: 0/0, c.maxIPsPerENI = 80"}
{"level":"debug","ts":"2026-10-05T08:40:21.038Z","caller":"ipamd/ipamd.go:795","msg":"IP stats for Network Card 0 - total IPs: 0, assigned IPs: 0, cooldown IPs: 0"}
{"level":"debug","ts":"2026-10-05T08:40:21.038Z","caller":"ipamd/ipamd.go:813","msg":"Starting to increase pool size for network card 0"}
{"level":"debug","ts":"2026-10-05T08:40:21.039Z","caller":"ipamd/ipamd.go:966","msg":"Node found \"ip-10-20-0-28.ec2.internal\" - no of taints - 0"}
{"level":"debug","ts":"2026-10-05T08:40:21.039Z","caller":"ipamd/ipamd.go:2758","msg":"Prefix target is 1, short of 1 prefixes, free 0 prefixes"}
{"level":"debug","ts":"2026-10-05T08:40:21.039Z","caller":"ipamd/ipamd.go:1248","msg":"ToAllocate: 1, Network Card 0"}
{"level":"debug","ts":"2026-10-05T08:40:21.039Z","caller":"ipamd/ipamd.go:1251","msg":"Found ENI eni-EXAMPLE19 that has less than the maximum number of IP/Prefixes addresses allocated: cur=0, max=5"}
{"level":"info","ts":"2026-10-05T08:40:21.039Z","caller":"ipamd/ipamd.go:1255","msg":"Trying to allocate 1 IP addresses on ENI eni-EXAMPLE19"}
{"level":"debug","ts":"2026-10-05T08:40:21.039Z","caller":"ipamd/ipamd.go:1255","msg":"PD enabled - true"}
{"level":"debug","ts":"2026-10-05T08:40:21.451Z","caller":"awsutils/awsutils.go:2174","msg":"checkAPIErrorAndBroadcastEvent resulted in operation error EC2: AssignPrivateIpAddresses, https response error StatusCode: 400, RequestID: 15dd2cf5-b983-49a6-9aae-572dbf7a3975, api error InsufficientCidrBlocks: The specified subnet does not have enough free cidr blocks to satisfy the request."}
{"level":"error","ts":"2026-10-05T08:40:21.451Z","caller":"ipamd/ipamd.go:1255","msg":"Failed to allocate a private IP/Prefix addresses on ENI eni-EXAMPLE19: operation error EC2: AssignPrivateIpAddresses, https response error StatusCode: 400, RequestID: 15dd2cf5-b983-49a6-9aae-572dbf7a3975, api error InsufficientCidrBlocks: The specified subnet does not have enough free cidr blocks to satisfy the request."}
{"level":"debug","ts":"2026-10-05T08:40:21.451Z","caller":"ipamd/ipamd.go:1256","msg":"containsPrivateIPAddressLimitExceededError encountered operation error EC2: AssignPrivateIpAddresses, https response error StatusCode: 400, RequestID: 15dd2cf5-b983-49a6-9aae-572dbf7a3975, api error InsufficientCidrBlocks: The specified subnet does not have enough free cidr blocks to satisfy the request."}
{"level":"warn","ts":"2026-10-05T08:40:21.451Z","caller":"ipamd/ipamd.go:1113","msg":"failed to allocate all available IPv4 Prefixes on ENI eni-EXAMPLE19, err: operation error EC2: AssignPrivateIpAddresses, https response error StatusCode: 400, RequestID: 15dd2cf5-b983-49a6-9aae-572dbf7a3975, api error InsufficientCidrBlocks: The specified subnet does not have enough free cidr blocks to satisfy the request."}
{"level":"info","ts":"2026-10-05T08:40:21.451Z","caller":"ipamd/ipamd.go:1259","msg":"Trying to allocate 1 IP addresses on ENI eni-EXAMPLE19"}
{"level":"debug","ts":"2026-10-05T08:40:21.451Z","caller":"ipamd/ipamd.go:1259","msg":"PD enabled - true"}
{"level":"debug","ts":"2026-10-05T08:40:21.838Z","caller":"awsutils/awsutils.go:2174","msg":"checkAPIErrorAndBroadcastEvent resulted in operation error EC2: AssignPrivateIpAddresses, https response error StatusCode: 400, RequestID: 70f8a130-f961-40f3-9269-4101d587a50b, api error InsufficientCidrBlocks: The specified subnet does not have enough free cidr blocks to satisfy the request."}
{"level":"error","ts":"2026-10-05T08:40:21.838Z","caller":"ipamd/ipamd.go:1259","msg":"Failed to allocate a private IP/Prefix addresses on ENI eni-EXAMPLE19: operation error EC2: AssignPrivateIpAddresses, https response error StatusCode: 400, RequestID: 70f8a130-f961-40f3-9269-4101d587a50b, api error InsufficientCidrBlocks: The specified subnet does not have enough free cidr blocks to satisfy the request."}
{"level":"debug","ts":"2026-10-05T08:40:21.838Z","caller":"ipamd/ipamd.go:1260","msg":"containsPrivateIPAddressLimitExceededError encountered operation error EC2: AssignPrivateIpAddresses, https response error StatusCode: 400, RequestID: 70f8a130-f961-40f3-9269-4101d587a50b, api error InsufficientCidrBlocks: The specified subnet does not have enough free cidr blocks to satisfy the request."}
{"level":"debug","ts":"2026-10-05T08:40:21.838Z","caller":"ipamd/ipamd.go:1262","msg":"containsInsufficientCIDRsOrSubnetIPs encountered operation error EC2: AssignPrivateIpAddresses, https response error StatusCode: 400, RequestID: 70f8a130-f961-40f3-9269-4101d587a50b, api error InsufficientCidrBlocks: The specified subnet does not have enough free cidr blocks to satisfy the request."}
{"level":"debug","ts":"2026-10-05T08:40:21.838Z","caller":"ipamd/ipamd.go:1262","msg":"Insufficient IP Addresses due to: InsufficientCidrBlocks\n"}
{"level":"debug","ts":"2026-10-05T08:40:21.838Z","caller":"ipamd/ipamd.go:1003","msg":"hasRoomForEni: networkCard=0, currentENIs=1, currentUsableENIs=1, maxENI=3, unmanagedENI=0, trunkEni=0, excludedENI=0, hasRoom=true"}
{"level":"debug","ts":"2026-10-05T08:40:21.838Z","caller":"ipamd/ipamd.go:2758","msg":"Prefix target is 1, short of 1 prefixes, free 0 prefixes"}
{"level":"debug","ts":"2026-10-05T08:40:21.838Z","caller":"ipamd/ipamd.go:2595","msg":"ToAllocate: 1, Network Card 0"}
{"level":"info","ts":"2026-10-05T08:40:21.838Z","caller":"awsutils/awsutils.go:1044","msg":"Trying to allocate 1 IP addresses on new ENI"}
{"level":"debug","ts":"2026-10-05T08:40:21.838Z","caller":"awsutils/awsutils.go:1044","msg":"PD enabled - true"}
{"level":"debug","ts":"2026-10-05T08:40:22.056Z","caller":"awsutils/awsutils.go:1272","msg":"Primary subnet subnet-EXAMPLE4 has no kubernetes.io/role/cni tag, including it for ENI creation (backwards compatibility)"}
{"level":"info","ts":"2026-10-05T08:40:22.056Z","caller":"awsutils/awsutils.go:1044","msg":"Creating ENI with security groups: [sg-EXAMPLE1] in subnet: subnet-EXAMPLE4"}
{"level":"debug","ts":"2026-10-05T08:40:22.302Z","caller":"awsutils/awsutils.go:1449","msg":"checkAPIErrorAndBroadcastEvent resulted in operation error EC2: CreateNetworkInterface, https response error StatusCode: 400, RequestID: 330059da-ce6c-4c53-ba56-dd81b21cbbbb, api error InvalidParameterValue: There aren't sufficient free Ipv4 addresses or prefixes"}
{"level":"error","ts":"2026-10-05T08:40:22.302Z","caller":"awsutils/awsutils.go:1285","msg":"Failed to CreateNetworkInterface operation error EC2: CreateNetworkInterface, https response error StatusCode: 400, RequestID: 330059da-ce6c-4c53-ba56-dd81b21cbbbb, api error InvalidParameterValue: There aren't sufficient free Ipv4 addresses or prefixes for subnet subnet-EXAMPLE4"}
{"level":"debug","ts":"2026-10-05T08:40:22.302Z","caller":"awsutils/awsutils.go:1272","msg":"Subnet subnet-EXAMPLE3 has no kubernetes.io/role/cni tag, excluding it from ENI creation"}
{"level":"error","ts":"2026-10-05T08:40:22.302Z","caller":"ipamd/ipamd.go:1004","msg":"Failed to increase pool size due to not able to allocate ENI AllocENI: failed to create ENI: failed to create network interface: operation error EC2: CreateNetworkInterface, https response error StatusCode: 400, RequestID: 330059da-ce6c-4c53-ba56-dd81b21cbbbb, api error InvalidParameterValue: There aren't sufficient free Ipv4 addresses or prefixes"}
{"level":"warn","ts":"2026-10-05T08:40:22.302Z","caller":"ipamd/ipamd.go:1004","msg":"Failed to allocate 1 IP addresses on an ENI: AllocENI: failed to create ENI: failed to create network interface: operation error EC2: CreateNetworkInterface, https response error StatusCode: 400, RequestID: 330059da-ce6c-4c53-ba56-dd81b21cbbbb, api error InvalidParameterValue: There aren't sufficient free Ipv4 addresses or prefixes"}
{"level":"debug","ts":"2026-10-05T08:40:22.302Z","caller":"ipamd/ipamd.go:1082","msg":"containsInsufficientCIDRsOrSubnetIPs encountered AllocENI: failed to create ENI: failed to create network interface: operation error EC2: CreateNetworkInterface, https response error StatusCode: 400, RequestID: 330059da-ce6c-4c53-ba56-dd81b21cbbbb, api error InvalidParameterValue: There aren't sufficient free Ipv4 addresses or prefixes"}
{"level":"debug","ts":"2026-10-05T08:40:22.302Z","caller":"ipamd/ipamd.go:1082","msg":"Insufficient IP Addresses due to: InvalidParameterValue\n"}
{"level":"debug","ts":"2026-10-05T08:40:22.302Z","caller":"ipamd/ipamd.go:813","msg":"Error trying to allocate ENI: AllocENI: failed to create ENI: failed to create network interface: operation error EC2: CreateNetworkInterface, https response error StatusCode: 400, RequestID: 330059da-ce6c-4c53-ba56-dd81b21cbbbb, api error InvalidParameterValue: There aren't sufficient free Ipv4 addresses or prefixes"}
{"level":"debug","ts":"2026-10-05T08:40:22.302Z","caller":"ipamd/ipamd.go:1548","msg":"ENI eni-EXAMPLE19 cannot be deleted because it is primary"}
{"level":"debug","ts":"2026-10-05T08:40:27.304Z","caller":"ipamd/ipamd.go:809","msg":"IP pool is too low for Network Card 0: available (0) < ENI target (1) * addrsPerENI (16)"}
{"level":"debug","ts":"2026-10-05T08:40:27.304Z","caller":"ipamd/ipamd.go:2689","msg":"Prefix pool stats for network card 0: Total IPs/Prefixes = 0/0, AssignedIPs/CooldownIPs: 0/0, c.maxIPsPerENI = 80"}
{"level":"debug","ts":"2026-10-05T08:40:27.304Z","caller":"ipamd/ipamd.go:795","msg":"IP stats for Network Card 0 - total IPs: 0, assigned IPs: 0, cooldown IPs: 0"}
{"level":"debug","ts":"2026-10-05T08:40:27.304Z","caller":"ipamd/ipamd.go:813","msg":"Starting to increase pool size for network card 0"}
{"level":"debug","ts":"2026-10-05T08:40:27.304Z","caller":"ipamd/ipamd.go:966","msg":"Node found \"ip-10-20-0-28.ec2.internal\" - no of taints - 0"}
{"level":"debug","ts":"2026-10-05T08:40:27.304Z","caller":"ipamd/ipamd.go:2758","msg":"Prefix target is 1, short of 1 prefixes, free 0 prefixes"}
{"level":"debug","ts":"2026-10-05T08:40:27.304Z","caller":"ipamd/ipamd.go:1248","msg":"ToAllocate: 1, Network Card 0"}
{"level":"debug","ts":"2026-10-05T08:40:27.304Z","caller":"ipamd/ipamd.go:1251","msg":"Found ENI eni-EXAMPLE19 that has less than the maximum number of IP/Prefixes addresses allocated: cur=0, max=5"}
{"level":"info","ts":"2026-10-05T08:40:27.304Z","caller":"ipamd/ipamd.go:1255","msg":"Trying to allocate 1 IP addresses on ENI eni-EXAMPLE19"}
{"level":"debug","ts":"2026-10-05T08:40:27.304Z","caller":"ipamd/ipamd.go:1255","msg":"PD enabled - true"}
{"level":"debug","ts":"2026-10-05T08:40:27.771Z","caller":"awsutils/awsutils.go:2174","msg":"checkAPIErrorAndBroadcastEvent resulted in operation error EC2: AssignPrivateIpAddresses, https response error StatusCode: 400, RequestID: 3e4befe4-67db-416a-ad9a-beef829e33ee, api error InsufficientCidrBlocks: The specified subnet does not have enough free cidr blocks to satisfy the request."}
{"level":"error","ts":"2026-10-05T08:40:27.771Z","caller":"ipamd/ipamd.go:1255","msg":"Failed to allocate a private IP/Prefix addresses on ENI eni-EXAMPLE19: operation error EC2: AssignPrivateIpAddresses, https response error StatusCode: 400, RequestID: 3e4befe4-67db-416a-ad9a-beef829e33ee, api error InsufficientCidrBlocks: The specified subnet does not have enough free cidr blocks to satisfy the request."}
{"level":"debug","ts":"2026-10-05T08:40:27.771Z","caller":"ipamd/ipamd.go:1256","msg":"containsPrivateIPAddressLimitExceededError encountered operation error EC2: AssignPrivateIpAddresses, https response error StatusCode: 400, RequestID: 3e4befe4-67db-416a-ad9a-beef829e33ee, api error InsufficientCidrBlocks: The specified subnet does not have enough free cidr blocks to satisfy the request."}
{"level":"warn","ts":"2026-10-05T08:40:27.771Z","caller":"ipamd/ipamd.go:1113","msg":"failed to allocate all available IPv4 Prefixes on ENI eni-EXAMPLE19, err: operation error EC2: AssignPrivateIpAddresses, https response error StatusCode: 400, RequestID: 3e4befe4-67db-416a-ad9a-beef829e33ee, api error InsufficientCidrBlocks: The specified subnet does not have enough free cidr blocks to satisfy the request."}
{"level":"info","ts":"2026-10-05T08:40:27.771Z","caller":"ipamd/ipamd.go:1259","msg":"Trying to allocate 1 IP addresses on ENI eni-EXAMPLE19"}
{"level":"debug","ts":"2026-10-05T08:40:27.771Z","caller":"ipamd/ipamd.go:1259","msg":"PD enabled - true"}
{"level":"debug","ts":"2026-10-05T08:40:28.172Z","caller":"awsutils/awsutils.go:2174","msg":"checkAPIErrorAndBroadcastEvent resulted in operation error EC2: AssignPrivateIpAddresses, https response error StatusCode: 400, RequestID: 656c7ba2-02e7-4666-8f2f-f38ee4a494d7, api error InsufficientCidrBlocks: The specified subnet does not have enough free cidr blocks to satisfy the request."}
{"level":"error","ts":"2026-10-05T08:40:28.172Z","caller":"ipamd/ipamd.go:1259","msg":"Failed to allocate a private IP/Prefix addresses on ENI eni-EXAMPLE19: operation error EC2: AssignPrivateIpAddresses, https response error StatusCode: 400, RequestID: 656c7ba2-02e7-4666-8f2f-f38ee4a494d7, api error InsufficientCidrBlocks: The specified subnet does not have enough free cidr blocks to satisfy the request."}
{"level":"debug","ts":"2026-10-05T08:40:28.172Z","caller":"ipamd/ipamd.go:1260","msg":"containsPrivateIPAddressLimitExceededError encountered operation error EC2: AssignPrivateIpAddresses, https response error StatusCode: 400, RequestID: 656c7ba2-02e7-4666-8f2f-f38ee4a494d7, api error InsufficientCidrBlocks: The specified subnet does not have enough free cidr blocks to satisfy the request."}
{"level":"debug","ts":"2026-10-05T08:40:28.172Z","caller":"ipamd/ipamd.go:1262","msg":"containsInsufficientCIDRsOrSubnetIPs encountered operation error EC2: AssignPrivateIpAddresses, https response error StatusCode: 400, RequestID: 656c7ba2-02e7-4666-8f2f-f38ee4a494d7, api error InsufficientCidrBlocks: The specified subnet does not have enough free cidr blocks to satisfy the request."}
{"level":"debug","ts":"2026-10-05T08:40:28.172Z","caller":"ipamd/ipamd.go:1262","msg":"Insufficient IP Addresses due to: InsufficientCidrBlocks\n"}
{"level":"debug","ts":"2026-10-05T08:40:28.172Z","caller":"ipamd/ipamd.go:1003","msg":"hasRoomForEni: networkCard=0, currentENIs=1, currentUsableENIs=1, maxENI=3, unmanagedENI=0, trunkEni=0, excludedENI=0, hasRoom=true"}
{"level":"debug","ts":"2026-10-05T08:40:28.172Z","caller":"ipamd/ipamd.go:2758","msg":"Prefix target is 1, short of 1 prefixes, free 0 prefixes"}
{"level":"debug","ts":"2026-10-05T08:40:28.172Z","caller":"ipamd/ipamd.go:2595","msg":"ToAllocate: 1, Network Card 0"}
{"level":"info","ts":"2026-10-05T08:40:28.172Z","caller":"awsutils/awsutils.go:1044","msg":"Trying to allocate 1 IP addresses on new ENI"}
{"level":"debug","ts":"2026-10-05T08:40:28.172Z","caller":"awsutils/awsutils.go:1044","msg":"PD enabled - true"}
{"level":"debug","ts":"2026-10-05T08:40:28.423Z","caller":"awsutils/awsutils.go:1272","msg":"Primary subnet subnet-EXAMPLE4 has no kubernetes.io/role/cni tag, including it for ENI creation (backwards compatibility)"}
{"level":"info","ts":"2026-10-05T08:40:28.423Z","caller":"awsutils/awsutils.go:1044","msg":"Creating ENI with security groups: [sg-EXAMPLE1] in subnet: subnet-EXAMPLE4"}
{"level":"debug","ts":"2026-10-05T08:40:28.649Z","caller":"awsutils/awsutils.go:1449","msg":"checkAPIErrorAndBroadcastEvent resulted in operation error EC2: CreateNetworkInterface, https response error StatusCode: 400, RequestID: b0beea0b-1b26-40c2-a1f3-f7f992f33545, api error InvalidParameterValue: There aren't sufficient free Ipv4 addresses or prefixes"}
{"level":"error","ts":"2026-10-05T08:40:28.649Z","caller":"awsutils/awsutils.go:1285","msg":"Failed to CreateNetworkInterface operation error EC2: CreateNetworkInterface, https response error StatusCode: 400, RequestID: b0beea0b-1b26-40c2-a1f3-f7f992f33545, api error InvalidParameterValue: There aren't sufficient free Ipv4 addresses or prefixes for subnet subnet-EXAMPLE4"}
{"level":"debug","ts":"2026-10-05T08:40:28.649Z","caller":"awsutils/awsutils.go:1272","msg":"Subnet subnet-EXAMPLE3 has no kubernetes.io/role/cni tag, excluding it from ENI creation"}
{"level":"error","ts":"2026-10-05T08:40:28.649Z","caller":"ipamd/ipamd.go:1004","msg":"Failed to increase pool size due to not able to allocate ENI AllocENI: failed to create ENI: failed to create network interface: operation error EC2: CreateNetworkInterface, https response error StatusCode: 400, RequestID: b0beea0b-1b26-40c2-a1f3-f7f992f33545, api error InvalidParameterValue: There aren't sufficient free Ipv4 addresses or prefixes"}
{"level":"warn","ts":"2026-10-05T08:40:28.650Z","caller":"ipamd/ipamd.go:1004","msg":"Failed to allocate 1 IP addresses on an ENI: AllocENI: failed to create ENI: failed to create network interface: operation error EC2: CreateNetworkInterface, https response error StatusCode: 400, RequestID: b0beea0b-1b26-40c2-a1f3-f7f992f33545, api error InvalidParameterValue: There aren't sufficient free Ipv4 addresses or prefixes"}
{"level":"debug","ts":"2026-10-05T08:40:28.650Z","caller":"ipamd/ipamd.go:1082","msg":"containsInsufficientCIDRsOrSubnetIPs encountered AllocENI: failed to create ENI: failed to create network interface: operation error EC2: CreateNetworkInterface, https response error StatusCode: 400, RequestID: b0beea0b-1b26-40c2-a1f3-f7f992f33545, api error InvalidParameterValue: There aren't sufficient free Ipv4 addresses or prefixes"}
{"level":"debug","ts":"2026-10-05T08:40:28.650Z","caller":"ipamd/ipamd.go:1082","msg":"Insufficient IP Addresses due to: InvalidParameterValue\n"}
{"level":"debug","ts":"2026-10-05T08:40:28.650Z","caller":"ipamd/ipamd.go:813","msg":"Error trying to allocate ENI: AllocENI: failed to create ENI: failed to create network interface: operation error EC2: CreateNetworkInterface, https response error StatusCode: 400, RequestID: b0beea0b-1b26-40c2-a1f3-f7f992f33545, api error InvalidParameterValue: There aren't sufficient free Ipv4 addresses or prefixes"}
{"level":"debug","ts":"2026-10-05T08:40:28.650Z","caller":"ipamd/ipamd.go:1548","msg":"ENI eni-EXAMPLE19 cannot be deleted because it is primary"}
{"level":"debug","ts":"2026-10-05T08:40:33.651Z","caller":"ipamd/ipamd.go:809","msg":"IP pool is too low for Network Card 0: available (0) < ENI target (1) * addrsPerENI (16)"}
{"level":"debug","ts":"2026-10-05T08:40:33.651Z","caller":"ipamd/ipamd.go:2689","msg":"Prefix pool stats for network card 0: Total IPs/Prefixes = 0/0, AssignedIPs/CooldownIPs: 0/0, c.maxIPsPerENI = 80"}
{"level":"debug","ts":"2026-10-05T08:40:33.651Z","caller":"ipamd/ipamd.go:795","msg":"IP stats for Network Card 0 - total IPs: 0, assigned IPs: 0, cooldown IPs: 0"}
{"level":"debug","ts":"2026-10-05T08:40:33.651Z","caller":"ipamd/ipamd.go:813","msg":"Starting to increase pool size for network card 0"}
{"level":"debug","ts":"2026-10-05T08:40:33.651Z","caller":"ipamd/ipamd.go:966","msg":"Node found \"ip-10-20-0-28.ec2.internal\" - no of taints - 0"}
{"level":"debug","ts":"2026-10-05T08:40:33.651Z","caller":"ipamd/ipamd.go:2758","msg":"Prefix target is 1, short of 1 prefixes, free 0 prefixes"}
{"level":"debug","ts":"2026-10-05T08:40:33.651Z","caller":"ipamd/ipamd.go:1248","msg":"ToAllocate: 1, Network Card 0"}
{"level":"debug","ts":"2026-10-05T08:40:33.651Z","caller":"ipamd/ipamd.go:1251","msg":"Found ENI eni-EXAMPLE19 that has less than the maximum number of IP/Prefixes addresses allocated: cur=0, max=5"}
{"level":"info","ts":"2026-10-05T08:40:33.651Z","caller":"ipamd/ipamd.go:1255","msg":"Trying to allocate 1 IP addresses on ENI eni-EXAMPLE19"}
{"level":"debug","ts":"2026-10-05T08:40:33.651Z","caller":"ipamd/ipamd.go:1255","msg":"PD enabled - true"}
{"level":"debug","ts":"2026-10-05T08:40:34.142Z","caller":"awsutils/awsutils.go:2174","msg":"checkAPIErrorAndBroadcastEvent resulted in operation error EC2: AssignPrivateIpAddresses, https response error StatusCode: 400, RequestID: fa556af0-7271-476d-b351-a86ee1a5f192, api error InsufficientCidrBlocks: The specified subnet does not have enough free cidr blocks to satisfy the request."}
{"level":"error","ts":"2026-10-05T08:40:34.142Z","caller":"ipamd/ipamd.go:1255","msg":"Failed to allocate a private IP/Prefix addresses on ENI eni-EXAMPLE19: operation error EC2: AssignPrivateIpAddresses, https response error StatusCode: 400, RequestID: fa556af0-7271-476d-b351-a86ee1a5f192, api error InsufficientCidrBlocks: The specified subnet does not have enough free cidr blocks to satisfy the request."}
{"level":"debug","ts":"2026-10-05T08:40:34.142Z","caller":"ipamd/ipamd.go:1256","msg":"containsPrivateIPAddressLimitExceededError encountered operation error EC2: AssignPrivateIpAddresses, https response error StatusCode: 400, RequestID: fa556af0-7271-476d-b351-a86ee1a5f192, api error InsufficientCidrBlocks: The specified subnet does not have enough free cidr blocks to satisfy the request."}
{"level":"warn","ts":"2026-10-05T08:40:34.142Z","caller":"ipamd/ipamd.go:1113","msg":"failed to allocate all available IPv4 Prefixes on ENI eni-EXAMPLE19, err: operation error EC2: AssignPrivateIpAddresses, https response error StatusCode: 400, RequestID: fa556af0-7271-476d-b351-a86ee1a5f192, api error InsufficientCidrBlocks: The specified subnet does not have enough free cidr blocks to satisfy the request."}
{"level":"info","ts":"2026-10-05T08:40:34.142Z","caller":"ipamd/ipamd.go:1259","msg":"Trying to allocate 1 IP addresses on ENI eni-EXAMPLE19"}
{"level":"debug","ts":"2026-10-05T08:40:34.142Z","caller":"ipamd/ipamd.go:1259","msg":"PD enabled - true"}
{"level":"debug","ts":"2026-10-05T08:40:34.564Z","caller":"awsutils/awsutils.go:2174","msg":"checkAPIErrorAndBroadcastEvent resulted in operation error EC2: AssignPrivateIpAddresses, https response error StatusCode: 400, RequestID: 74d0c6dd-5802-412e-905a-12f57bcad79d, api error InsufficientCidrBlocks: The specified subnet does not have enough free cidr blocks to satisfy the request."}
{"level":"error","ts":"2026-10-05T08:40:34.564Z","caller":"ipamd/ipamd.go:1259","msg":"Failed to allocate a private IP/Prefix addresses on ENI eni-EXAMPLE19: operation error EC2: AssignPrivateIpAddresses, https response error StatusCode: 400, RequestID: 74d0c6dd-5802-412e-905a-12f57bcad79d, api error InsufficientCidrBlocks: The specified subnet does not have enough free cidr blocks to satisfy the request."}
{"level":"debug","ts":"2026-10-05T08:40:34.565Z","caller":"ipamd/ipamd.go:1260","msg":"containsPrivateIPAddressLimitExceededError encountered operation error EC2: AssignPrivateIpAddresses, https response error StatusCode: 400, RequestID: 74d0c6dd-5802-412e-905a-12f57bcad79d, api error InsufficientCidrBlocks: The specified subnet does not have enough free cidr blocks to satisfy the request."}
{"level":"debug","ts":"2026-10-05T08:40:34.565Z","caller":"ipamd/ipamd.go:1262","msg":"containsInsufficientCIDRsOrSubnetIPs encountered operation error EC2: AssignPrivateIpAddresses, https response error StatusCode: 400, RequestID: 74d0c6dd-5802-412e-905a-12f57bcad79d, api error InsufficientCidrBlocks: The specified subnet does not have enough free cidr blocks to satisfy the request."}
{"level":"debug","ts":"2026-10-05T08:40:34.565Z","caller":"ipamd/ipamd.go:1262","msg":"Insufficient IP Addresses due to: InsufficientCidrBlocks\n"}
{"level":"debug","ts":"2026-10-05T08:40:34.565Z","caller":"ipamd/ipamd.go:1003","msg":"hasRoomForEni: networkCard=0, currentENIs=1, currentUsableENIs=1, maxENI=3, unmanagedENI=0, trunkEni=0, excludedENI=0, hasRoom=true"}
{"level":"debug","ts":"2026-10-05T08:40:34.565Z","caller":"ipamd/ipamd.go:2758","msg":"Prefix target is 1, short of 1 prefixes, free 0 prefixes"}
{"level":"debug","ts":"2026-10-05T08:40:34.565Z","caller":"ipamd/ipamd.go:2595","msg":"ToAllocate: 1, Network Card 0"}
{"level":"info","ts":"2026-10-05T08:40:34.565Z","caller":"awsutils/awsutils.go:1044","msg":"Trying to allocate 1 IP addresses on new ENI"}
{"level":"debug","ts":"2026-10-05T08:40:34.565Z","caller":"awsutils/awsutils.go:1044","msg":"PD enabled - true"}
{"level":"debug","ts":"2026-10-05T08:40:34.740Z","caller":"awsutils/awsutils.go:1272","msg":"Primary subnet subnet-EXAMPLE4 has no kubernetes.io/role/cni tag, including it for ENI creation (backwards compatibility)"}
{"level":"info","ts":"2026-10-05T08:40:34.740Z","caller":"awsutils/awsutils.go:1044","msg":"Creating ENI with security groups: [sg-EXAMPLE1] in subnet: subnet-EXAMPLE4"}
{"level":"debug","ts":"2026-10-05T08:40:35.009Z","caller":"awsutils/awsutils.go:1449","msg":"checkAPIErrorAndBroadcastEvent resulted in operation error EC2: CreateNetworkInterface, https response error StatusCode: 400, RequestID: c9fd3ea5-4a66-4880-a09d-952c18f99167, api error InvalidParameterValue: There aren't sufficient free Ipv4 addresses or prefixes"}
{"level":"error","ts":"2026-10-05T08:40:35.009Z","caller":"awsutils/awsutils.go:1285","msg":"Failed to CreateNetworkInterface operation error EC2: CreateNetworkInterface, https response error StatusCode: 400, RequestID: c9fd3ea5-4a66-4880-a09d-952c18f99167, api error InvalidParameterValue: There aren't sufficient free Ipv4 addresses or prefixes for subnet subnet-EXAMPLE4"}
{"level":"debug","ts":"2026-10-05T08:40:35.009Z","caller":"awsutils/awsutils.go:1272","msg":"Subnet subnet-EXAMPLE3 has no kubernetes.io/role/cni tag, excluding it from ENI creation"}
{"level":"error","ts":"2026-10-05T08:40:35.009Z","caller":"ipamd/ipamd.go:1004","msg":"Failed to increase pool size due to not able to allocate ENI AllocENI: failed to create ENI: failed to create network interface: operation error EC2: CreateNetworkInterface, https response error StatusCode: 400, RequestID: c9fd3ea5-4a66-4880-a09d-952c18f99167, api error InvalidParameterValue: There aren't sufficient free Ipv4 addresses or prefixes"}
{"level":"warn","ts":"2026-10-05T08:40:35.009Z","caller":"ipamd/ipamd.go:1004","msg":"Failed to allocate 1 IP addresses on an ENI: AllocENI: failed to create ENI: failed to create network interface: operation error EC2: CreateNetworkInterface, https response error StatusCode: 400, RequestID: c9fd3ea5-4a66-4880-a09d-952c18f99167, api error InvalidParameterValue: There aren't sufficient free Ipv4 addresses or prefixes"}
{"level":"debug","ts":"2026-10-05T08:40:35.009Z","caller":"ipamd/ipamd.go:1082","msg":"containsInsufficientCIDRsOrSubnetIPs encountered AllocENI: failed to create ENI: failed to create network interface: operation error EC2: CreateNetworkInterface, https response error StatusCode: 400, RequestID: c9fd3ea5-4a66-4880-a09d-952c18f99167, api error InvalidParameterValue: There aren't sufficient free Ipv4 addresses or prefixes"}
{"level":"debug","ts":"2026-10-05T08:40:35.010Z","caller":"ipamd/ipamd.go:1082","msg":"Insufficient IP Addresses due to: InvalidParameterValue\n"}
{"level":"debug","ts":"2026-10-05T08:40:35.010Z","caller":"ipamd/ipamd.go:813","msg":"Error trying to allocate ENI: AllocENI: failed to create ENI: failed to create network interface: operation error EC2: CreateNetworkInterface, https response error StatusCode: 400, RequestID: c9fd3ea5-4a66-4880-a09d-952c18f99167, api error InvalidParameterValue: There aren't sufficient free Ipv4 addresses or prefixes"}
{"level":"debug","ts":"2026-10-05T08:40:35.010Z","caller":"ipamd/ipamd.go:1548","msg":"ENI eni-EXAMPLE19 cannot be deleted because it is primary"}
{"level":"debug","ts":"2026-10-05T08:40:40.012Z","caller":"ipamd/ipamd.go:809","msg":"IP pool is too low for Network Card 0: available (0) < ENI target (1) * addrsPerENI (16)"}
{"level":"debug","ts":"2026-10-05T08:40:40.012Z","caller":"ipamd/ipamd.go:2689","msg":"Prefix pool stats for network card 0: Total IPs/Prefixes = 0/0, AssignedIPs/CooldownIPs: 0/0, c.maxIPsPerENI = 80"}
{"level":"debug","ts":"2026-10-05T08:40:40.012Z","caller":"ipamd/ipamd.go:795","msg":"IP stats for Network Card 0 - total IPs: 0, assigned IPs: 0, cooldown IPs: 0"}
{"level":"debug","ts":"2026-10-05T08:40:40.012Z","caller":"ipamd/ipamd.go:813","msg":"Starting to increase pool size for network card 0"}
{"level":"debug","ts":"2026-10-05T08:40:40.012Z","caller":"ipamd/ipamd.go:966","msg":"Node found \"ip-10-20-0-28.ec2.internal\" - no of taints - 0"}
{"level":"debug","ts":"2026-10-05T08:40:40.012Z","caller":"ipamd/ipamd.go:2758","msg":"Prefix target is 1, short of 1 prefixes, free 0 prefixes"}
{"level":"debug","ts":"2026-10-05T08:40:40.012Z","caller":"ipamd/ipamd.go:1248","msg":"ToAllocate: 1, Network Card 0"}
{"level":"debug","ts":"2026-10-05T08:40:40.012Z","caller":"ipamd/ipamd.go:1251","msg":"Found ENI eni-EXAMPLE19 that has less than the maximum number of IP/Prefixes addresses allocated: cur=0, max=5"}
{"level":"info","ts":"2026-10-05T08:40:40.012Z","caller":"ipamd/ipamd.go:1255","msg":"Trying to allocate 1 IP addresses on ENI eni-EXAMPLE19"}
{"level":"debug","ts":"2026-10-05T08:40:40.012Z","caller":"ipamd/ipamd.go:1255","msg":"PD enabled - true"}
{"level":"debug","ts":"2026-10-05T08:40:40.509Z","caller":"awsutils/awsutils.go:2174","msg":"checkAPIErrorAndBroadcastEvent resulted in operation error EC2: AssignPrivateIpAddresses, https response error StatusCode: 400, RequestID: 288a331a-f148-409b-88df-6603f22cb49d, api error InsufficientCidrBlocks: The specified subnet does not have enough free cidr blocks to satisfy the request."}
{"level":"error","ts":"2026-10-05T08:40:40.509Z","caller":"ipamd/ipamd.go:1255","msg":"Failed to allocate a private IP/Prefix addresses on ENI eni-EXAMPLE19: operation error EC2: AssignPrivateIpAddresses, https response error StatusCode: 400, RequestID: 288a331a-f148-409b-88df-6603f22cb49d, api error InsufficientCidrBlocks: The specified subnet does not have enough free cidr blocks to satisfy the request."}
{"level":"debug","ts":"2026-10-05T08:40:40.509Z","caller":"ipamd/ipamd.go:1256","msg":"containsPrivateIPAddressLimitExceededError encountered operation error EC2: AssignPrivateIpAddresses, https response error StatusCode: 400, RequestID: 288a331a-f148-409b-88df-6603f22cb49d, api error InsufficientCidrBlocks: The specified subnet does not have enough free cidr blocks to satisfy the request."}
{"level":"warn","ts":"2026-10-05T08:40:40.509Z","caller":"ipamd/ipamd.go:1113","msg":"failed to allocate all available IPv4 Prefixes on ENI eni-EXAMPLE19, err: operation error EC2: AssignPrivateIpAddresses, https response error StatusCode: 400, RequestID: 288a331a-f148-409b-88df-6603f22cb49d, api error InsufficientCidrBlocks: The specified subnet does not have enough free cidr blocks to satisfy the request."}
{"level":"info","ts":"2026-10-05T08:40:40.509Z","caller":"ipamd/ipamd.go:1259","msg":"Trying to allocate 1 IP addresses on ENI eni-EXAMPLE19"}
{"level":"debug","ts":"2026-10-05T08:40:40.509Z","caller":"ipamd/ipamd.go:1259","msg":"PD enabled - true"}
{"level":"debug","ts":"2026-10-05T08:40:40.963Z","caller":"awsutils/awsutils.go:2174","msg":"checkAPIErrorAndBroadcastEvent resulted in operation error EC2: AssignPrivateIpAddresses, https response error StatusCode: 400, RequestID: f0c601d1-30e7-4eb3-82ce-725209c9d18d, api error InsufficientCidrBlocks: The specified subnet does not have enough free cidr blocks to satisfy the request."}
{"level":"error","ts":"2026-10-05T08:40:40.963Z","caller":"ipamd/ipamd.go:1259","msg":"Failed to allocate a private IP/Prefix addresses on ENI eni-EXAMPLE19: operation error EC2: AssignPrivateIpAddresses, https response error StatusCode: 400, RequestID: f0c601d1-30e7-4eb3-82ce-725209c9d18d, api error InsufficientCidrBlocks: The specified subnet does not have enough free cidr blocks to satisfy the request."}
{"level":"debug","ts":"2026-10-05T08:40:40.963Z","caller":"ipamd/ipamd.go:1260","msg":"containsPrivateIPAddressLimitExceededError encountered operation error EC2: AssignPrivateIpAddresses, https response error StatusCode: 400, RequestID: f0c601d1-30e7-4eb3-82ce-725209c9d18d, api error InsufficientCidrBlocks: The specified subnet does not have enough free cidr blocks to satisfy the request."}
{"level":"debug","ts":"2026-10-05T08:40:40.963Z","caller":"ipamd/ipamd.go:1262","msg":"containsInsufficientCIDRsOrSubnetIPs encountered operation error EC2: AssignPrivateIpAddresses, https response error StatusCode: 400, RequestID: f0c601d1-30e7-4eb3-82ce-725209c9d18d, api error InsufficientCidrBlocks: The specified subnet does not have enough free cidr blocks to satisfy the request."}
{"level":"debug","ts":"2026-10-05T08:40:40.963Z","caller":"ipamd/ipamd.go:1262","msg":"Insufficient IP Addresses due to: InsufficientCidrBlocks\n"}
{"level":"debug","ts":"2026-10-05T08:40:40.963Z","caller":"ipamd/ipamd.go:1003","msg":"hasRoomForEni: networkCard=0, currentENIs=1, currentUsableENIs=1, maxENI=3, unmanagedENI=0, trunkEni=0, excludedENI=0, hasRoom=true"}
{"level":"debug","ts":"2026-10-05T08:40:40.963Z","caller":"ipamd/ipamd.go:2758","msg":"Prefix target is 1, short of 1 prefixes, free 0 prefixes"}
{"level":"debug","ts":"2026-10-05T08:40:40.963Z","caller":"ipamd/ipamd.go:2595","msg":"ToAllocate: 1, Network Card 0"}
{"level":"info","ts":"2026-10-05T08:40:40.963Z","caller":"awsutils/awsutils.go:1044","msg":"Trying to allocate 1 IP addresses on new ENI"}
{"level":"debug","ts":"2026-10-05T08:40:40.963Z","caller":"awsutils/awsutils.go:1044","msg":"PD enabled - true"}
{"level":"debug","ts":"2026-10-05T08:40:41.108Z","caller":"awsutils/awsutils.go:1272","msg":"Primary subnet subnet-EXAMPLE4 has no kubernetes.io/role/cni tag, including it for ENI creation (backwards compatibility)"}
{"level":"info","ts":"2026-10-05T08:40:41.109Z","caller":"awsutils/awsutils.go:1044","msg":"Creating ENI with security groups: [sg-EXAMPLE1] in subnet: subnet-EXAMPLE4"}
{"level":"debug","ts":"2026-10-05T08:40:41.498Z","caller":"awsutils/awsutils.go:1449","msg":"checkAPIErrorAndBroadcastEvent resulted in operation error EC2: CreateNetworkInterface, https response error StatusCode: 400, RequestID: afccc798-a916-4b70-96fe-eb37376853b0, api error InvalidParameterValue: There aren't sufficient free Ipv4 addresses or prefixes"}
{"level":"error","ts":"2026-10-05T08:40:41.498Z","caller":"awsutils/awsutils.go:1285","msg":"Failed to CreateNetworkInterface operation error EC2: CreateNetworkInterface, https response error StatusCode: 400, RequestID: afccc798-a916-4b70-96fe-eb37376853b0, api error InvalidParameterValue: There aren't sufficient free Ipv4 addresses or prefixes for subnet subnet-EXAMPLE4"}
{"level":"debug","ts":"2026-10-05T08:40:41.498Z","caller":"awsutils/awsutils.go:1272","msg":"Subnet subnet-EXAMPLE3 has no kubernetes.io/role/cni tag, excluding it from ENI creation"}
{"level":"error","ts":"2026-10-05T08:40:41.498Z","caller":"ipamd/ipamd.go:1004","msg":"Failed to increase pool size due to not able to allocate ENI AllocENI: failed to create ENI: failed to create network interface: operation error EC2: CreateNetworkInterface, https response error StatusCode: 400, RequestID: afccc798-a916-4b70-96fe-eb37376853b0, api error InvalidParameterValue: There aren't sufficient free Ipv4 addresses or prefixes"}
{"level":"warn","ts":"2026-10-05T08:40:41.498Z","caller":"ipamd/ipamd.go:1004","msg":"Failed to allocate 1 IP addresses on an ENI: AllocENI: failed to create ENI: failed to create network interface: operation error EC2: CreateNetworkInterface, https response error StatusCode: 400, RequestID: afccc798-a916-4b70-96fe-eb37376853b0, api error InvalidParameterValue: There aren't sufficient free Ipv4 addresses or prefixes"}
{"level":"debug","ts":"2026-10-05T08:40:41.498Z","caller":"ipamd/ipamd.go:1082","msg":"containsInsufficientCIDRsOrSubnetIPs encountered AllocENI: failed to create ENI: failed to create network interface: operation error EC2: CreateNetworkInterface, https response error StatusCode: 400, RequestID: afccc798-a916-4b70-96fe-eb37376853b0, api error InvalidParameterValue: There aren't sufficient free Ipv4 addresses or prefixes"}
{"level":"debug","ts":"2026-10-05T08:40:41.498Z","caller":"ipamd/ipamd.go:1082","msg":"Insufficient IP Addresses due to: InvalidParameterValue\n"}
{"level":"debug","ts":"2026-10-05T08:40:41.498Z","caller":"ipamd/ipamd.go:813","msg":"Error trying to allocate ENI: AllocENI: failed to create ENI: failed to create network interface: operation error EC2: CreateNetworkInterface, https response error StatusCode: 400, RequestID: afccc798-a916-4b70-96fe-eb37376853b0, api error InvalidParameterValue: There aren't sufficient free Ipv4 addresses or prefixes"}
{"level":"debug","ts":"2026-10-05T08:40:41.498Z","caller":"ipamd/ipamd.go:1548","msg":"ENI eni-EXAMPLE19 cannot be deleted because it is primary"}
{"level":"debug","ts":"2026-10-05T08:40:46.499Z","caller":"ipamd/ipamd.go:809","msg":"IP pool is too low for Network Card 0: available (0) < ENI target (1) * addrsPerENI (16)"}
{"level":"debug","ts":"2026-10-05T08:40:46.499Z","caller":"ipamd/ipamd.go:2689","msg":"Prefix pool stats for network card 0: Total IPs/Prefixes = 0/0, AssignedIPs/CooldownIPs: 0/0, c.maxIPsPerENI = 80"}
{"level":"debug","ts":"2026-10-05T08:40:46.499Z","caller":"ipamd/ipamd.go:795","msg":"IP stats for Network Card 0 - total IPs: 0, assigned IPs: 0, cooldown IPs: 0"}
{"level":"debug","ts":"2026-10-05T08:40:46.499Z","caller":"ipamd/ipamd.go:813","msg":"Starting to increase pool size for network card 0"}
{"level":"debug","ts":"2026-10-05T08:40:46.500Z","caller":"ipamd/ipamd.go:966","msg":"Node found \"ip-10-20-0-28.ec2.internal\" - no of taints - 0"}
{"level":"debug","ts":"2026-10-05T08:40:46.500Z","caller":"ipamd/ipamd.go:2758","msg":"Prefix target is 1, short of 1 prefixes, free 0 prefixes"}
{"level":"debug","ts":"2026-10-05T08:40:46.500Z","caller":"ipamd/ipamd.go:1248","msg":"ToAllocate: 1, Network Card 0"}
{"level":"debug","ts":"2026-10-05T08:40:46.500Z","caller":"ipamd/ipamd.go:1251","msg":"Found ENI eni-EXAMPLE19 that has less than the maximum number of IP/Prefixes addresses allocated: cur=0, max=5"}
{"level":"info","ts":"2026-10-05T08:40:46.500Z","caller":"ipamd/ipamd.go:1255","msg":"Trying to allocate 1 IP addresses on ENI eni-EXAMPLE19"}
{"level":"debug","ts":"2026-10-05T08:40:46.500Z","caller":"ipamd/ipamd.go:1255","msg":"PD enabled - true"}
{"level":"debug","ts":"2026-10-05T08:40:46.903Z","caller":"awsutils/awsutils.go:2174","msg":"checkAPIErrorAndBroadcastEvent resulted in operation error EC2: AssignPrivateIpAddresses, https response error StatusCode: 400, RequestID: 71e7900d-f62c-4c36-8db4-01d39acbb192, api error InsufficientCidrBlocks: The specified subnet does not have enough free cidr blocks to satisfy the request."}
{"level":"error","ts":"2026-10-05T08:40:46.903Z","caller":"ipamd/ipamd.go:1255","msg":"Failed to allocate a private IP/Prefix addresses on ENI eni-EXAMPLE19: operation error EC2: AssignPrivateIpAddresses, https response error StatusCode: 400, RequestID: 71e7900d-f62c-4c36-8db4-01d39acbb192, api error InsufficientCidrBlocks: The specified subnet does not have enough free cidr blocks to satisfy the request."}
{"level":"debug","ts":"2026-10-05T08:40:46.903Z","caller":"ipamd/ipamd.go:1256","msg":"containsPrivateIPAddressLimitExceededError encountered operation error EC2: AssignPrivateIpAddresses, https response error StatusCode: 400, RequestID: 71e7900d-f62c-4c36-8db4-01d39acbb192, api error InsufficientCidrBlocks: The specified subnet does not have enough free cidr blocks to satisfy the request."}
{"level":"warn","ts":"2026-10-05T08:40:46.903Z","caller":"ipamd/ipamd.go:1113","msg":"failed to allocate all available IPv4 Prefixes on ENI eni-EXAMPLE19, err: operation error EC2: AssignPrivateIpAddresses, https response error StatusCode: 400, RequestID: 71e7900d-f62c-4c36-8db4-01d39acbb192, api error InsufficientCidrBlocks: The specified subnet does not have enough free cidr blocks to satisfy the request."}
{"level":"info","ts":"2026-10-05T08:40:46.903Z","caller":"ipamd/ipamd.go:1259","msg":"Trying to allocate 1 IP addresses on ENI eni-EXAMPLE19"}
{"level":"debug","ts":"2026-10-05T08:40:46.903Z","caller":"ipamd/ipamd.go:1259","msg":"PD enabled - true"}
{"level":"debug","ts":"2026-10-05T08:40:47.318Z","caller":"awsutils/awsutils.go:2174","msg":"checkAPIErrorAndBroadcastEvent resulted in operation error EC2: AssignPrivateIpAddresses, https response error StatusCode: 400, RequestID: 64c82e85-60cc-40fd-ac88-04a6079cbaa2, api error InsufficientCidrBlocks: The specified subnet does not have enough free cidr blocks to satisfy the request."}
{"level":"error","ts":"2026-10-05T08:40:47.318Z","caller":"ipamd/ipamd.go:1259","msg":"Failed to allocate a private IP/Prefix addresses on ENI eni-EXAMPLE19: operation error EC2: AssignPrivateIpAddresses, https response error StatusCode: 400, RequestID: 64c82e85-60cc-40fd-ac88-04a6079cbaa2, api error InsufficientCidrBlocks: The specified subnet does not have enough free cidr blocks to satisfy the request."}
{"level":"debug","ts":"2026-10-05T08:40:47.318Z","caller":"ipamd/ipamd.go:1260","msg":"containsPrivateIPAddressLimitExceededError encountered operation error EC2: AssignPrivateIpAddresses, https response error StatusCode: 400, RequestID: 64c82e85-60cc-40fd-ac88-04a6079cbaa2, api error InsufficientCidrBlocks: The specified subnet does not have enough free cidr blocks to satisfy the request."}
{"level":"debug","ts":"2026-10-05T08:40:47.318Z","caller":"ipamd/ipamd.go:1262","msg":"containsInsufficientCIDRsOrSubnetIPs encountered operation error EC2: AssignPrivateIpAddresses, https response error StatusCode: 400, RequestID: 64c82e85-60cc-40fd-ac88-04a6079cbaa2, api error InsufficientCidrBlocks: The specified subnet does not have enough free cidr blocks to satisfy the request."}
{"level":"debug","ts":"2026-10-05T08:40:47.318Z","caller":"ipamd/ipamd.go:1262","msg":"Insufficient IP Addresses due to: InsufficientCidrBlocks\n"}
{"level":"debug","ts":"2026-10-05T08:40:47.318Z","caller":"ipamd/ipamd.go:1003","msg":"hasRoomForEni: networkCard=0, currentENIs=1, currentUsableENIs=1, maxENI=3, unmanagedENI=0, trunkEni=0, excludedENI=0, hasRoom=true"}
{"level":"debug","ts":"2026-10-05T08:40:47.318Z","caller":"ipamd/ipamd.go:2758","msg":"Prefix target is 1, short of 1 prefixes, free 0 prefixes"}
{"level":"debug","ts":"2026-10-05T08:40:47.318Z","caller":"ipamd/ipamd.go:2595","msg":"ToAllocate: 1, Network Card 0"}
{"level":"info","ts":"2026-10-05T08:40:47.318Z","caller":"awsutils/awsutils.go:1044","msg":"Trying to allocate 1 IP addresses on new ENI"}
{"level":"debug","ts":"2026-10-05T08:40:47.318Z","caller":"awsutils/awsutils.go:1044","msg":"PD enabled - true"}
{"level":"debug","ts":"2026-10-05T08:40:47.447Z","caller":"awsutils/awsutils.go:1272","msg":"Primary subnet subnet-EXAMPLE4 has no kubernetes.io/role/cni tag, including it for ENI creation (backwards compatibility)"}
{"level":"info","ts":"2026-10-05T08:40:47.447Z","caller":"awsutils/awsutils.go:1044","msg":"Creating ENI with security groups: [sg-EXAMPLE1] in subnet: subnet-EXAMPLE4"}
{"level":"debug","ts":"2026-10-05T08:40:47.681Z","caller":"awsutils/awsutils.go:1449","msg":"checkAPIErrorAndBroadcastEvent resulted in operation error EC2: CreateNetworkInterface, https response error StatusCode: 400, RequestID: 4ee9e8f8-8234-4f21-917c-32f889cd5197, api error InvalidParameterValue: There aren't sufficient free Ipv4 addresses or prefixes"}
{"level":"error","ts":"2026-10-05T08:40:47.681Z","caller":"awsutils/awsutils.go:1285","msg":"Failed to CreateNetworkInterface operation error EC2: CreateNetworkInterface, https response error StatusCode: 400, RequestID: 4ee9e8f8-8234-4f21-917c-32f889cd5197, api error InvalidParameterValue: There aren't sufficient free Ipv4 addresses or prefixes for subnet subnet-EXAMPLE4"}
{"level":"debug","ts":"2026-10-05T08:40:47.681Z","caller":"awsutils/awsutils.go:1272","msg":"Subnet subnet-EXAMPLE3 has no kubernetes.io/role/cni tag, excluding it from ENI creation"}
{"level":"error","ts":"2026-10-05T08:40:47.681Z","caller":"ipamd/ipamd.go:1004","msg":"Failed to increase pool size due to not able to allocate ENI AllocENI: failed to create ENI: failed to create network interface: operation error EC2: CreateNetworkInterface, https response error StatusCode: 400, RequestID: 4ee9e8f8-8234-4f21-917c-32f889cd5197, api error InvalidParameterValue: There aren't sufficient free Ipv4 addresses or prefixes"}
{"level":"warn","ts":"2026-10-05T08:40:47.681Z","caller":"ipamd/ipamd.go:1004","msg":"Failed to allocate 1 IP addresses on an ENI: AllocENI: failed to create ENI: failed to create network interface: operation error EC2: CreateNetworkInterface, https response error StatusCode: 400, RequestID: 4ee9e8f8-8234-4f21-917c-32f889cd5197, api error InvalidParameterValue: There aren't sufficient free Ipv4 addresses or prefixes"}
{"level":"debug","ts":"2026-10-05T08:40:47.681Z","caller":"ipamd/ipamd.go:1082","msg":"containsInsufficientCIDRsOrSubnetIPs encountered AllocENI: failed to create ENI: failed to create network interface: operation error EC2: CreateNetworkInterface, https response error StatusCode: 400, RequestID: 4ee9e8f8-8234-4f21-917c-32f889cd5197, api error InvalidParameterValue: There aren't sufficient free Ipv4 addresses or prefixes"}
{"level":"debug","ts":"2026-10-05T08:40:47.681Z","caller":"ipamd/ipamd.go:1082","msg":"Insufficient IP Addresses due to: InvalidParameterValue\n"}
{"level":"debug","ts":"2026-10-05T08:40:47.681Z","caller":"ipamd/ipamd.go:813","msg":"Error trying to allocate ENI: AllocENI: failed to create ENI: failed to create network interface: operation error EC2: CreateNetworkInterface, https response error StatusCode: 400, RequestID: 4ee9e8f8-8234-4f21-917c-32f889cd5197, api error InvalidParameterValue: There aren't sufficient free Ipv4 addresses or prefixes"}
{"level":"debug","ts":"2026-10-05T08:40:47.681Z","caller":"ipamd/ipamd.go:1548","msg":"ENI eni-EXAMPLE19 cannot be deleted because it is primary"}
{"level":"debug","ts":"2026-10-05T08:40:50.182Z","caller":"ipamd/ipamd.go:798","msg":"Reconciling ENI/IP pool info because time since last 1m3.108757346s > 1m0s"}
{"level":"debug","ts":"2026-10-05T08:40:50.183Z","caller":"ipamd/ipamd.go:1621","msg":"Total number of interfaces found: 1 "}
{"level":"debug","ts":"2026-10-05T08:40:50.183Z","caller":"awsutils/awsutils.go:787","msg":"Found ENI MAC address: 12:ff:db:1a:05:f7"}
{"level":"debug","ts":"2026-10-05T08:40:50.185Z","caller":"awsutils/awsutils.go:787","msg":"Found ENI: eni-EXAMPLE19, MAC 12:ff:db:1a:05:f7, device 0"}
{"level":"debug","ts":"2026-10-05T08:40:50.187Z","caller":"awsutils/awsutils.go:787","msg":"Found IPv4 addresses associated with interface. This is not efa-only interface"}
{"level":"debug","ts":"2026-10-05T08:40:50.191Z","caller":"ipamd/ipamd.go:798","msg":"Reconcile existing ENI eni-EXAMPLE19 IP pool"}
{"level":"info","ts":"2026-10-05T08:40:50.191Z","caller":"ipamd/ipamd.go:1766","msg":"Reconcile and skip primary IP 10.20.0.28 on ENI eni-EXAMPLE19"}
{"level":"debug","ts":"2026-10-05T08:40:50.191Z","caller":"ipamd/ipamd.go:798","msg":"Reconcile existing ENI eni-EXAMPLE19 IP prefixes"}
{"level":"debug","ts":"2026-10-05T08:40:50.191Z","caller":"ipamd/ipamd.go:1693","msg":"Found prefix pool count 0 for eni eni-EXAMPLE19\n"}
{"level":"debug","ts":"2026-10-05T08:40:50.191Z","caller":"ipamd/ipamd.go:798","msg":"Successfully Reconciled ENI/IP pool"}
{"level":"debug","ts":"2026-10-05T08:40:50.191Z","caller":"ipamd/ipamd.go:1738","msg":"Prefix pool stats for network card 0: Total IPs/Prefixes = 0/0, AssignedIPs/CooldownIPs: 0/0, c.maxIPsPerENI = 80"}
{"level":"debug","ts":"2026-10-05T08:40:50.191Z","caller":"ipamd/ipamd.go:798","msg":"Primary IP for ENI eni-EXAMPLE19 is 10.20.0.28"}
{"level":"debug","ts":"2026-10-05T08:40:52.691Z","caller":"ipamd/ipamd.go:809","msg":"IP pool is too low for Network Card 0: available (0) < ENI target (1) * addrsPerENI (16)"}
{"level":"debug","ts":"2026-10-05T08:40:52.691Z","caller":"ipamd/ipamd.go:2689","msg":"Prefix pool stats for network card 0: Total IPs/Prefixes = 0/0, AssignedIPs/CooldownIPs: 0/0, c.maxIPsPerENI = 80"}
{"level":"debug","ts":"2026-10-05T08:40:52.691Z","caller":"ipamd/ipamd.go:795","msg":"IP stats for Network Card 0 - total IPs: 0, assigned IPs: 0, cooldown IPs: 0"}
{"level":"debug","ts":"2026-10-05T08:40:52.691Z","caller":"ipamd/ipamd.go:813","msg":"Starting to increase pool size for network card 0"}
{"level":"debug","ts":"2026-10-05T08:40:52.692Z","caller":"ipamd/ipamd.go:966","msg":"Node found \"ip-10-20-0-28.ec2.internal\" - no of taints - 0"}
{"level":"debug","ts":"2026-10-05T08:40:52.692Z","caller":"ipamd/ipamd.go:2758","msg":"Prefix target is 1, short of 1 prefixes, free 0 prefixes"}
{"level":"debug","ts":"2026-10-05T08:40:52.692Z","caller":"ipamd/ipamd.go:1248","msg":"ToAllocate: 1, Network Card 0"}
{"level":"debug","ts":"2026-10-05T08:40:52.692Z","caller":"ipamd/ipamd.go:1251","msg":"Found ENI eni-EXAMPLE19 that has less than the maximum number of IP/Prefixes addresses allocated: cur=0, max=5"}
{"level":"info","ts":"2026-10-05T08:40:52.692Z","caller":"ipamd/ipamd.go:1255","msg":"Trying to allocate 1 IP addresses on ENI eni-EXAMPLE19"}
{"level":"debug","ts":"2026-10-05T08:40:52.692Z","caller":"ipamd/ipamd.go:1255","msg":"PD enabled - true"}
{"level":"debug","ts":"2026-10-05T08:40:53.118Z","caller":"awsutils/awsutils.go:2174","msg":"checkAPIErrorAndBroadcastEvent resulted in operation error EC2: AssignPrivateIpAddresses, https response error StatusCode: 400, RequestID: a1d31435-a20f-4394-b29f-86878fd9874e, api error InsufficientCidrBlocks: The specified subnet does not have enough free cidr blocks to satisfy the request."}
{"level":"error","ts":"2026-10-05T08:40:53.118Z","caller":"ipamd/ipamd.go:1255","msg":"Failed to allocate a private IP/Prefix addresses on ENI eni-EXAMPLE19: operation error EC2: AssignPrivateIpAddresses, https response error StatusCode: 400, RequestID: a1d31435-a20f-4394-b29f-86878fd9874e, api error InsufficientCidrBlocks: The specified subnet does not have enough free cidr blocks to satisfy the request."}
{"level":"debug","ts":"2026-10-05T08:40:53.118Z","caller":"ipamd/ipamd.go:1256","msg":"containsPrivateIPAddressLimitExceededError encountered operation error EC2: AssignPrivateIpAddresses, https response error StatusCode: 400, RequestID: a1d31435-a20f-4394-b29f-86878fd9874e, api error InsufficientCidrBlocks: The specified subnet does not have enough free cidr blocks to satisfy the request."}
{"level":"warn","ts":"2026-10-05T08:40:53.119Z","caller":"ipamd/ipamd.go:1113","msg":"failed to allocate all available IPv4 Prefixes on ENI eni-EXAMPLE19, err: operation error EC2: AssignPrivateIpAddresses, https response error StatusCode: 400, RequestID: a1d31435-a20f-4394-b29f-86878fd9874e, api error InsufficientCidrBlocks: The specified subnet does not have enough free cidr blocks to satisfy the request."}
{"level":"info","ts":"2026-10-05T08:40:53.119Z","caller":"ipamd/ipamd.go:1259","msg":"Trying to allocate 1 IP addresses on ENI eni-EXAMPLE19"}
{"level":"debug","ts":"2026-10-05T08:40:53.119Z","caller":"ipamd/ipamd.go:1259","msg":"PD enabled - true"}
{"level":"debug","ts":"2026-10-05T08:40:53.548Z","caller":"awsutils/awsutils.go:2174","msg":"checkAPIErrorAndBroadcastEvent resulted in operation error EC2: AssignPrivateIpAddresses, https response error StatusCode: 400, RequestID: 39e9a296-b3af-4e2a-9afb-d912d2e50e4d, api error InsufficientCidrBlocks: The specified subnet does not have enough free cidr blocks to satisfy the request."}
{"level":"error","ts":"2026-10-05T08:40:53.548Z","caller":"ipamd/ipamd.go:1259","msg":"Failed to allocate a private IP/Prefix addresses on ENI eni-EXAMPLE19: operation error EC2: AssignPrivateIpAddresses, https response error StatusCode: 400, RequestID: 39e9a296-b3af-4e2a-9afb-d912d2e50e4d, api error InsufficientCidrBlocks: The specified subnet does not have enough free cidr blocks to satisfy the request."}
{"level":"debug","ts":"2026-10-05T08:40:53.548Z","caller":"ipamd/ipamd.go:1260","msg":"containsPrivateIPAddressLimitExceededError encountered operation error EC2: AssignPrivateIpAddresses, https response error StatusCode: 400, RequestID: 39e9a296-b3af-4e2a-9afb-d912d2e50e4d, api error InsufficientCidrBlocks: The specified subnet does not have enough free cidr blocks to satisfy the request."}
{"level":"debug","ts":"2026-10-05T08:40:53.548Z","caller":"ipamd/ipamd.go:1262","msg":"containsInsufficientCIDRsOrSubnetIPs encountered operation error EC2: AssignPrivateIpAddresses, https response error StatusCode: 400, RequestID: 39e9a296-b3af-4e2a-9afb-d912d2e50e4d, api error InsufficientCidrBlocks: The specified subnet does not have enough free cidr blocks to satisfy the request."}
{"level":"debug","ts":"2026-10-05T08:40:53.548Z","caller":"ipamd/ipamd.go:1262","msg":"Insufficient IP Addresses due to: InsufficientCidrBlocks\n"}
{"level":"debug","ts":"2026-10-05T08:40:53.548Z","caller":"ipamd/ipamd.go:1003","msg":"hasRoomForEni: networkCard=0, currentENIs=1, currentUsableENIs=1, maxENI=3, unmanagedENI=0, trunkEni=0, excludedENI=0, hasRoom=true"}
{"level":"debug","ts":"2026-10-05T08:40:53.548Z","caller":"ipamd/ipamd.go:2758","msg":"Prefix target is 1, short of 1 prefixes, free 0 prefixes"}
{"level":"debug","ts":"2026-10-05T08:40:53.548Z","caller":"ipamd/ipamd.go:2595","msg":"ToAllocate: 1, Network Card 0"}
{"level":"info","ts":"2026-10-05T08:40:53.548Z","caller":"awsutils/awsutils.go:1044","msg":"Trying to allocate 1 IP addresses on new ENI"}
{"level":"debug","ts":"2026-10-05T08:40:53.548Z","caller":"awsutils/awsutils.go:1044","msg":"PD enabled - true"}
{"level":"debug","ts":"2026-10-05T08:40:53.848Z","caller":"awsutils/awsutils.go:1272","msg":"Primary subnet subnet-EXAMPLE4 has no kubernetes.io/role/cni tag, including it for ENI creation (backwards compatibility)"}
{"level":"info","ts":"2026-10-05T08:40:53.848Z","caller":"awsutils/awsutils.go:1044","msg":"Creating ENI with security groups: [sg-EXAMPLE1] in subnet: subnet-EXAMPLE4"}
{"level":"debug","ts":"2026-10-05T08:40:54.067Z","caller":"awsutils/awsutils.go:1449","msg":"checkAPIErrorAndBroadcastEvent resulted in operation error EC2: CreateNetworkInterface, https response error StatusCode: 400, RequestID: afcfd6c1-558b-4d89-b3a5-b3dddc3affdc, api error InvalidParameterValue: There aren't sufficient free Ipv4 addresses or prefixes"}
{"level":"error","ts":"2026-10-05T08:40:54.067Z","caller":"awsutils/awsutils.go:1285","msg":"Failed to CreateNetworkInterface operation error EC2: CreateNetworkInterface, https response error StatusCode: 400, RequestID: afcfd6c1-558b-4d89-b3a5-b3dddc3affdc, api error InvalidParameterValue: There aren't sufficient free Ipv4 addresses or prefixes for subnet subnet-EXAMPLE4"}
{"level":"debug","ts":"2026-10-05T08:40:54.067Z","caller":"awsutils/awsutils.go:1272","msg":"Subnet subnet-EXAMPLE3 has no kubernetes.io/role/cni tag, excluding it from ENI creation"}
{"level":"error","ts":"2026-10-05T08:40:54.067Z","caller":"ipamd/ipamd.go:1004","msg":"Failed to increase pool size due to not able to allocate ENI AllocENI: failed to create ENI: failed to create network interface: operation error EC2: CreateNetworkInterface, https response error StatusCode: 400, RequestID: afcfd6c1-558b-4d89-b3a5-b3dddc3affdc, api error InvalidParameterValue: There aren't sufficient free Ipv4 addresses or prefixes"}
{"level":"warn","ts":"2026-10-05T08:40:54.067Z","caller":"ipamd/ipamd.go:1004","msg":"Failed to allocate 1 IP addresses on an ENI: AllocENI: failed to create ENI: failed to create network interface: operation error EC2: CreateNetworkInterface, https response error StatusCode: 400, RequestID: afcfd6c1-558b-4d89-b3a5-b3dddc3affdc, api error InvalidParameterValue: There aren't sufficient free Ipv4 addresses or prefixes"}
{"level":"debug","ts":"2026-10-05T08:40:54.067Z","caller":"ipamd/ipamd.go:1082","msg":"containsInsufficientCIDRsOrSubnetIPs encountered AllocENI: failed to create ENI: failed to create network interface: operation error EC2: CreateNetworkInterface, https response error StatusCode: 400, RequestID: afcfd6c1-558b-4d89-b3a5-b3dddc3affdc, api error InvalidParameterValue: There aren't sufficient free Ipv4 addresses or prefixes"}
{"level":"debug","ts":"2026-10-05T08:40:54.067Z","caller":"ipamd/ipamd.go:1082","msg":"Insufficient IP Addresses due to: InvalidParameterValue\n"}
{"level":"debug","ts":"2026-10-05T08:40:54.067Z","caller":"ipamd/ipamd.go:813","msg":"Error trying to allocate ENI: AllocENI: failed to create ENI: failed to create network interface: operation error EC2: CreateNetworkInterface, https response error StatusCode: 400, RequestID: afcfd6c1-558b-4d89-b3a5-b3dddc3affdc, api error InvalidParameterValue: There aren't sufficient free Ipv4 addresses or prefixes"}
{"level":"debug","ts":"2026-10-05T08:40:54.067Z","caller":"ipamd/ipamd.go:1548","msg":"ENI eni-EXAMPLE19 cannot be deleted because it is primary"}
{"level":"debug","ts":"2026-10-05T08:40:59.069Z","caller":"ipamd/ipamd.go:809","msg":"IP pool is too low for Network Card 0: available (0) < ENI target (1) * addrsPerENI (16)"}
{"level":"debug","ts":"2026-10-05T08:40:59.069Z","caller":"ipamd/ipamd.go:2689","msg":"Prefix pool stats for network card 0: Total IPs/Prefixes = 0/0, AssignedIPs/CooldownIPs: 0/0, c.maxIPsPerENI = 80"}
{"level":"debug","ts":"2026-10-05T08:40:59.069Z","caller":"ipamd/ipamd.go:795","msg":"IP stats for Network Card 0 - total IPs: 0, assigned IPs: 0, cooldown IPs: 0"}
{"level":"debug","ts":"2026-10-05T08:40:59.069Z","caller":"ipamd/ipamd.go:813","msg":"Starting to increase pool size for network card 0"}
{"level":"debug","ts":"2026-10-05T08:40:59.069Z","caller":"ipamd/ipamd.go:966","msg":"Node found \"ip-10-20-0-28.ec2.internal\" - no of taints - 0"}
{"level":"debug","ts":"2026-10-05T08:40:59.069Z","caller":"ipamd/ipamd.go:2758","msg":"Prefix target is 1, short of 1 prefixes, free 0 prefixes"}
{"level":"debug","ts":"2026-10-05T08:40:59.069Z","caller":"ipamd/ipamd.go:1248","msg":"ToAllocate: 1, Network Card 0"}
{"level":"debug","ts":"2026-10-05T08:40:59.069Z","caller":"ipamd/ipamd.go:1251","msg":"Found ENI eni-EXAMPLE19 that has less than the maximum number of IP/Prefixes addresses allocated: cur=0, max=5"}
{"level":"info","ts":"2026-10-05T08:40:59.069Z","caller":"ipamd/ipamd.go:1255","msg":"Trying to allocate 1 IP addresses on ENI eni-EXAMPLE19"}
{"level":"debug","ts":"2026-10-05T08:40:59.069Z","caller":"ipamd/ipamd.go:1255","msg":"PD enabled - true"}
{"level":"debug","ts":"2026-10-05T08:40:59.456Z","caller":"awsutils/awsutils.go:2174","msg":"checkAPIErrorAndBroadcastEvent resulted in operation error EC2: AssignPrivateIpAddresses, https response error StatusCode: 400, RequestID: 1dcb790e-ccf3-4311-a205-e1f424256932, api error InsufficientCidrBlocks: The specified subnet does not have enough free cidr blocks to satisfy the request."}
{"level":"error","ts":"2026-10-05T08:40:59.456Z","caller":"ipamd/ipamd.go:1255","msg":"Failed to allocate a private IP/Prefix addresses on ENI eni-EXAMPLE19: operation error EC2: AssignPrivateIpAddresses, https response error StatusCode: 400, RequestID: 1dcb790e-ccf3-4311-a205-e1f424256932, api error InsufficientCidrBlocks: The specified subnet does not have enough free cidr blocks to satisfy the request."}
{"level":"debug","ts":"2026-10-05T08:40:59.456Z","caller":"ipamd/ipamd.go:1256","msg":"containsPrivateIPAddressLimitExceededError encountered operation error EC2: AssignPrivateIpAddresses, https response error StatusCode: 400, RequestID: 1dcb790e-ccf3-4311-a205-e1f424256932, api error InsufficientCidrBlocks: The specified subnet does not have enough free cidr blocks to satisfy the request."}
{"level":"warn","ts":"2026-10-05T08:40:59.456Z","caller":"ipamd/ipamd.go:1113","msg":"failed to allocate all available IPv4 Prefixes on ENI eni-EXAMPLE19, err: operation error EC2: AssignPrivateIpAddresses, https response error StatusCode: 400, RequestID: 1dcb790e-ccf3-4311-a205-e1f424256932, api error InsufficientCidrBlocks: The specified subnet does not have enough free cidr blocks to satisfy the request."}
{"level":"info","ts":"2026-10-05T08:40:59.456Z","caller":"ipamd/ipamd.go:1259","msg":"Trying to allocate 1 IP addresses on ENI eni-EXAMPLE19"}
{"level":"debug","ts":"2026-10-05T08:40:59.456Z","caller":"ipamd/ipamd.go:1259","msg":"PD enabled - true"}
{"level":"debug","ts":"2026-10-05T08:41:00.070Z","caller":"awsutils/awsutils.go:2174","msg":"checkAPIErrorAndBroadcastEvent resulted in operation error EC2: AssignPrivateIpAddresses, https response error StatusCode: 400, RequestID: 680d0711-4a75-48fe-8a0e-0e3fbaa8164f, api error InsufficientCidrBlocks: The specified subnet does not have enough free cidr blocks to satisfy the request."}
{"level":"error","ts":"2026-10-05T08:41:00.070Z","caller":"ipamd/ipamd.go:1259","msg":"Failed to allocate a private IP/Prefix addresses on ENI eni-EXAMPLE19: operation error EC2: AssignPrivateIpAddresses, https response error StatusCode: 400, RequestID: 680d0711-4a75-48fe-8a0e-0e3fbaa8164f, api error InsufficientCidrBlocks: The specified subnet does not have enough free cidr blocks to satisfy the request."}
{"level":"debug","ts":"2026-10-05T08:41:00.070Z","caller":"ipamd/ipamd.go:1260","msg":"containsPrivateIPAddressLimitExceededError encountered operation error EC2: AssignPrivateIpAddresses, https response error StatusCode: 400, RequestID: 680d0711-4a75-48fe-8a0e-0e3fbaa8164f, api error InsufficientCidrBlocks: The specified subnet does not have enough free cidr blocks to satisfy the request."}
{"level":"debug","ts":"2026-10-05T08:41:00.070Z","caller":"ipamd/ipamd.go:1262","msg":"containsInsufficientCIDRsOrSubnetIPs encountered operation error EC2: AssignPrivateIpAddresses, https response error StatusCode: 400, RequestID: 680d0711-4a75-48fe-8a0e-0e3fbaa8164f, api error InsufficientCidrBlocks: The specified subnet does not have enough free cidr blocks to satisfy the request."}
{"level":"debug","ts":"2026-10-05T08:41:00.070Z","caller":"ipamd/ipamd.go:1262","msg":"Insufficient IP Addresses due to: InsufficientCidrBlocks\n"}
{"level":"debug","ts":"2026-10-05T08:41:00.070Z","caller":"ipamd/ipamd.go:1003","msg":"hasRoomForEni: networkCard=0, currentENIs=1, currentUsableENIs=1, maxENI=3, unmanagedENI=0, trunkEni=0, excludedENI=0, hasRoom=true"}
{"level":"debug","ts":"2026-10-05T08:41:00.070Z","caller":"ipamd/ipamd.go:2758","msg":"Prefix target is 1, short of 1 prefixes, free 0 prefixes"}
{"level":"debug","ts":"2026-10-05T08:41:00.070Z","caller":"ipamd/ipamd.go:2595","msg":"ToAllocate: 1, Network Card 0"}
{"level":"info","ts":"2026-10-05T08:41:00.070Z","caller":"awsutils/awsutils.go:1044","msg":"Trying to allocate 1 IP addresses on new ENI"}
{"level":"debug","ts":"2026-10-05T08:41:00.070Z","caller":"awsutils/awsutils.go:1044","msg":"PD enabled - true"}
{"level":"debug","ts":"2026-10-05T08:41:00.149Z","caller":"awsutils/awsutils.go:1272","msg":"Primary subnet subnet-EXAMPLE4 has no kubernetes.io/role/cni tag, including it for ENI creation (backwards compatibility)"}
{"level":"info","ts":"2026-10-05T08:41:00.149Z","caller":"awsutils/awsutils.go:1044","msg":"Creating ENI with security groups: [sg-EXAMPLE1] in subnet: subnet-EXAMPLE4"}
{"level":"debug","ts":"2026-10-05T08:41:00.374Z","caller":"awsutils/awsutils.go:1449","msg":"checkAPIErrorAndBroadcastEvent resulted in operation error EC2: CreateNetworkInterface, https response error StatusCode: 400, RequestID: e2df5867-7ae3-4fed-9880-adaaf9a5c6a5, api error InvalidParameterValue: There aren't sufficient free Ipv4 addresses or prefixes"}
{"level":"error","ts":"2026-10-05T08:41:00.374Z","caller":"awsutils/awsutils.go:1285","msg":"Failed to CreateNetworkInterface operation error EC2: CreateNetworkInterface, https response error StatusCode: 400, RequestID: e2df5867-7ae3-4fed-9880-adaaf9a5c6a5, api error InvalidParameterValue: There aren't sufficient free Ipv4 addresses or prefixes for subnet subnet-EXAMPLE4"}
{"level":"debug","ts":"2026-10-05T08:41:00.375Z","caller":"awsutils/awsutils.go:1272","msg":"Subnet subnet-EXAMPLE3 has no kubernetes.io/role/cni tag, excluding it from ENI creation"}
{"level":"error","ts":"2026-10-05T08:41:00.375Z","caller":"ipamd/ipamd.go:1004","msg":"Failed to increase pool size due to not able to allocate ENI AllocENI: failed to create ENI: failed to create network interface: operation error EC2: CreateNetworkInterface, https response error StatusCode: 400, RequestID: e2df5867-7ae3-4fed-9880-adaaf9a5c6a5, api error InvalidParameterValue: There aren't sufficient free Ipv4 addresses or prefixes"}
{"level":"warn","ts":"2026-10-05T08:41:00.375Z","caller":"ipamd/ipamd.go:1004","msg":"Failed to allocate 1 IP addresses on an ENI: AllocENI: failed to create ENI: failed to create network interface: operation error EC2: CreateNetworkInterface, https response error StatusCode: 400, RequestID: e2df5867-7ae3-4fed-9880-adaaf9a5c6a5, api error InvalidParameterValue: There aren't sufficient free Ipv4 addresses or prefixes"}
{"level":"debug","ts":"2026-10-05T08:41:00.375Z","caller":"ipamd/ipamd.go:1082","msg":"containsInsufficientCIDRsOrSubnetIPs encountered AllocENI: failed to create ENI: failed to create network interface: operation error EC2: CreateNetworkInterface, https response error StatusCode: 400, RequestID: e2df5867-7ae3-4fed-9880-adaaf9a5c6a5, api error InvalidParameterValue: There aren't sufficient free Ipv4 addresses or prefixes"}
{"level":"debug","ts":"2026-10-05T08:41:00.375Z","caller":"ipamd/ipamd.go:1082","msg":"Insufficient IP Addresses due to: InvalidParameterValue\n"}
{"level":"debug","ts":"2026-10-05T08:41:00.375Z","caller":"ipamd/ipamd.go:813","msg":"Error trying to allocate ENI: AllocENI: failed to create ENI: failed to create network interface: operation error EC2: CreateNetworkInterface, https response error StatusCode: 400, RequestID: e2df5867-7ae3-4fed-9880-adaaf9a5c6a5, api error InvalidParameterValue: There aren't sufficient free Ipv4 addresses or prefixes"}
{"level":"debug","ts":"2026-10-05T08:41:00.375Z","caller":"ipamd/ipamd.go:1548","msg":"ENI eni-EXAMPLE19 cannot be deleted because it is primary"}
{"level":"debug","ts":"2026-10-05T08:41:05.376Z","caller":"ipamd/ipamd.go:809","msg":"IP pool is too low for Network Card 0: available (0) < ENI target (1) * addrsPerENI (16)"}
{"level":"debug","ts":"2026-10-05T08:41:05.376Z","caller":"ipamd/ipamd.go:2689","msg":"Prefix pool stats for network card 0: Total IPs/Prefixes = 0/0, AssignedIPs/CooldownIPs: 0/0, c.maxIPsPerENI = 80"}
{"level":"debug","ts":"2026-10-05T08:41:05.376Z","caller":"ipamd/ipamd.go:795","msg":"IP stats for Network Card 0 - total IPs: 0, assigned IPs: 0, cooldown IPs: 0"}
{"level":"debug","ts":"2026-10-05T08:41:05.376Z","caller":"ipamd/ipamd.go:813","msg":"Starting to increase pool size for network card 0"}
{"level":"debug","ts":"2026-10-05T08:41:05.377Z","caller":"ipamd/ipamd.go:966","msg":"Node found \"ip-10-20-0-28.ec2.internal\" - no of taints - 0"}
{"level":"debug","ts":"2026-10-05T08:41:05.377Z","caller":"ipamd/ipamd.go:2758","msg":"Prefix target is 1, short of 1 prefixes, free 0 prefixes"}
{"level":"debug","ts":"2026-10-05T08:41:05.377Z","caller":"ipamd/ipamd.go:1248","msg":"ToAllocate: 1, Network Card 0"}
{"level":"debug","ts":"2026-10-05T08:41:05.377Z","caller":"ipamd/ipamd.go:1251","msg":"Found ENI eni-EXAMPLE19 that has less than the maximum number of IP/Prefixes addresses allocated: cur=0, max=5"}
{"level":"info","ts":"2026-10-05T08:41:05.377Z","caller":"ipamd/ipamd.go:1255","msg":"Trying to allocate 1 IP addresses on ENI eni-EXAMPLE19"}
{"level":"debug","ts":"2026-10-05T08:41:05.377Z","caller":"ipamd/ipamd.go:1255","msg":"PD enabled - true"}
{"level":"debug","ts":"2026-10-05T08:41:05.794Z","caller":"awsutils/awsutils.go:2174","msg":"checkAPIErrorAndBroadcastEvent resulted in operation error EC2: AssignPrivateIpAddresses, https response error StatusCode: 400, RequestID: a846e635-3c53-4271-bf6e-b493bb7b98a1, api error InsufficientCidrBlocks: The specified subnet does not have enough free cidr blocks to satisfy the request."}
{"level":"error","ts":"2026-10-05T08:41:05.794Z","caller":"ipamd/ipamd.go:1255","msg":"Failed to allocate a private IP/Prefix addresses on ENI eni-EXAMPLE19: operation error EC2: AssignPrivateIpAddresses, https response error StatusCode: 400, RequestID: a846e635-3c53-4271-bf6e-b493bb7b98a1, api error InsufficientCidrBlocks: The specified subnet does not have enough free cidr blocks to satisfy the request."}
{"level":"debug","ts":"2026-10-05T08:41:05.794Z","caller":"ipamd/ipamd.go:1256","msg":"containsPrivateIPAddressLimitExceededError encountered operation error EC2: AssignPrivateIpAddresses, https response error StatusCode: 400, RequestID: a846e635-3c53-4271-bf6e-b493bb7b98a1, api error InsufficientCidrBlocks: The specified subnet does not have enough free cidr blocks to satisfy the request."}
{"level":"warn","ts":"2026-10-05T08:41:05.794Z","caller":"ipamd/ipamd.go:1113","msg":"failed to allocate all available IPv4 Prefixes on ENI eni-EXAMPLE19, err: operation error EC2: AssignPrivateIpAddresses, https response error StatusCode: 400, RequestID: a846e635-3c53-4271-bf6e-b493bb7b98a1, api error InsufficientCidrBlocks: The specified subnet does not have enough free cidr blocks to satisfy the request."}
{"level":"info","ts":"2026-10-05T08:41:05.794Z","caller":"ipamd/ipamd.go:1259","msg":"Trying to allocate 1 IP addresses on ENI eni-EXAMPLE19"}
{"level":"debug","ts":"2026-10-05T08:41:05.794Z","caller":"ipamd/ipamd.go:1259","msg":"PD enabled - true"}
{"level":"debug","ts":"2026-10-05T08:41:06.228Z","caller":"awsutils/awsutils.go:2174","msg":"checkAPIErrorAndBroadcastEvent resulted in operation error EC2: AssignPrivateIpAddresses, https response error StatusCode: 400, RequestID: a187ba63-9328-4d6f-85c4-3f402a50e476, api error InsufficientCidrBlocks: The specified subnet does not have enough free cidr blocks to satisfy the request."}
{"level":"error","ts":"2026-10-05T08:41:06.228Z","caller":"ipamd/ipamd.go:1259","msg":"Failed to allocate a private IP/Prefix addresses on ENI eni-EXAMPLE19: operation error EC2: AssignPrivateIpAddresses, https response error StatusCode: 400, RequestID: a187ba63-9328-4d6f-85c4-3f402a50e476, api error InsufficientCidrBlocks: The specified subnet does not have enough free cidr blocks to satisfy the request."}
{"level":"debug","ts":"2026-10-05T08:41:06.228Z","caller":"ipamd/ipamd.go:1260","msg":"containsPrivateIPAddressLimitExceededError encountered operation error EC2: AssignPrivateIpAddresses, https response error StatusCode: 400, RequestID: a187ba63-9328-4d6f-85c4-3f402a50e476, api error InsufficientCidrBlocks: The specified subnet does not have enough free cidr blocks to satisfy the request."}
{"level":"debug","ts":"2026-10-05T08:41:06.228Z","caller":"ipamd/ipamd.go:1262","msg":"containsInsufficientCIDRsOrSubnetIPs encountered operation error EC2: AssignPrivateIpAddresses, https response error StatusCode: 400, RequestID: a187ba63-9328-4d6f-85c4-3f402a50e476, api error InsufficientCidrBlocks: The specified subnet does not have enough free cidr blocks to satisfy the request."}
{"level":"debug","ts":"2026-10-05T08:41:06.228Z","caller":"ipamd/ipamd.go:1262","msg":"Insufficient IP Addresses due to: InsufficientCidrBlocks\n"}
{"level":"debug","ts":"2026-10-05T08:41:06.228Z","caller":"ipamd/ipamd.go:1003","msg":"hasRoomForEni: networkCard=0, currentENIs=1, currentUsableENIs=1, maxENI=3, unmanagedENI=0, trunkEni=0, excludedENI=0, hasRoom=true"}
{"level":"debug","ts":"2026-10-05T08:41:06.228Z","caller":"ipamd/ipamd.go:2758","msg":"Prefix target is 1, short of 1 prefixes, free 0 prefixes"}
{"level":"debug","ts":"2026-10-05T08:41:06.228Z","caller":"ipamd/ipamd.go:2595","msg":"ToAllocate: 1, Network Card 0"}
{"level":"info","ts":"2026-10-05T08:41:06.228Z","caller":"awsutils/awsutils.go:1044","msg":"Trying to allocate 1 IP addresses on new ENI"}
{"level":"debug","ts":"2026-10-05T08:41:06.228Z","caller":"awsutils/awsutils.go:1044","msg":"PD enabled - true"}
{"level":"debug","ts":"2026-10-05T08:41:06.461Z","caller":"awsutils/awsutils.go:1272","msg":"Primary subnet subnet-EXAMPLE4 has no kubernetes.io/role/cni tag, including it for ENI creation (backwards compatibility)"}
{"level":"info","ts":"2026-10-05T08:41:06.461Z","caller":"awsutils/awsutils.go:1044","msg":"Creating ENI with security groups: [sg-EXAMPLE1] in subnet: subnet-EXAMPLE4"}
{"level":"debug","ts":"2026-10-05T08:41:06.715Z","caller":"awsutils/awsutils.go:1449","msg":"checkAPIErrorAndBroadcastEvent resulted in operation error EC2: CreateNetworkInterface, https response error StatusCode: 400, RequestID: 33adf9e7-8d38-4ea6-97c0-929deaf34d37, api error InvalidParameterValue: There aren't sufficient free Ipv4 addresses or prefixes"}
{"level":"error","ts":"2026-10-05T08:41:06.716Z","caller":"awsutils/awsutils.go:1285","msg":"Failed to CreateNetworkInterface operation error EC2: CreateNetworkInterface, https response error StatusCode: 400, RequestID: 33adf9e7-8d38-4ea6-97c0-929deaf34d37, api error InvalidParameterValue: There aren't sufficient free Ipv4 addresses or prefixes for subnet subnet-EXAMPLE4"}
{"level":"debug","ts":"2026-10-05T08:41:06.716Z","caller":"awsutils/awsutils.go:1272","msg":"Subnet subnet-EXAMPLE3 has no kubernetes.io/role/cni tag, excluding it from ENI creation"}
{"level":"error","ts":"2026-10-05T08:41:06.716Z","caller":"ipamd/ipamd.go:1004","msg":"Failed to increase pool size due to not able to allocate ENI AllocENI: failed to create ENI: failed to create network interface: operation error EC2: CreateNetworkInterface, https response error StatusCode: 400, RequestID: 33adf9e7-8d38-4ea6-97c0-929deaf34d37, api error InvalidParameterValue: There aren't sufficient free Ipv4 addresses or prefixes"}
{"level":"warn","ts":"2026-10-05T08:41:06.716Z","caller":"ipamd/ipamd.go:1004","msg":"Failed to allocate 1 IP addresses on an ENI: AllocENI: failed to create ENI: failed to create network interface: operation error EC2: CreateNetworkInterface, https response error StatusCode: 400, RequestID: 33adf9e7-8d38-4ea6-97c0-929deaf34d37, api error InvalidParameterValue: There aren't sufficient free Ipv4 addresses or prefixes"}
{"level":"debug","ts":"2026-10-05T08:41:06.716Z","caller":"ipamd/ipamd.go:1082","msg":"containsInsufficientCIDRsOrSubnetIPs encountered AllocENI: failed to create ENI: failed to create network interface: operation error EC2: CreateNetworkInterface, https response error StatusCode: 400, RequestID: 33adf9e7-8d38-4ea6-97c0-929deaf34d37, api error InvalidParameterValue: There aren't sufficient free Ipv4 addresses or prefixes"}
{"level":"debug","ts":"2026-10-05T08:41:06.716Z","caller":"ipamd/ipamd.go:1082","msg":"Insufficient IP Addresses due to: InvalidParameterValue\n"}
{"level":"debug","ts":"2026-10-05T08:41:06.716Z","caller":"ipamd/ipamd.go:813","msg":"Error trying to allocate ENI: AllocENI: failed to create ENI: failed to create network interface: operation error EC2: CreateNetworkInterface, https response error StatusCode: 400, RequestID: 33adf9e7-8d38-4ea6-97c0-929deaf34d37, api error InvalidParameterValue: There aren't sufficient free Ipv4 addresses or prefixes"}
{"level":"debug","ts":"2026-10-05T08:41:06.716Z","caller":"ipamd/ipamd.go:1548","msg":"ENI eni-EXAMPLE19 cannot be deleted because it is primary"}
{"level":"debug","ts":"2026-10-05T08:41:11.717Z","caller":"ipamd/ipamd.go:809","msg":"IP pool is too low for Network Card 0: available (0) < ENI target (1) * addrsPerENI (16)"}
{"level":"debug","ts":"2026-10-05T08:41:11.717Z","caller":"ipamd/ipamd.go:2689","msg":"Prefix pool stats for network card 0: Total IPs/Prefixes = 0/0, AssignedIPs/CooldownIPs: 0/0, c.maxIPsPerENI = 80"}
{"level":"debug","ts":"2026-10-05T08:41:11.717Z","caller":"ipamd/ipamd.go:795","msg":"IP stats for Network Card 0 - total IPs: 0, assigned IPs: 0, cooldown IPs: 0"}
{"level":"debug","ts":"2026-10-05T08:41:11.717Z","caller":"ipamd/ipamd.go:813","msg":"Starting to increase pool size for network card 0"}
{"level":"debug","ts":"2026-10-05T08:41:11.718Z","caller":"ipamd/ipamd.go:966","msg":"Node found \"ip-10-20-0-28.ec2.internal\" - no of taints - 0"}
{"level":"debug","ts":"2026-10-05T08:41:11.718Z","caller":"ipamd/ipamd.go:2758","msg":"Prefix target is 1, short of 1 prefixes, free 0 prefixes"}
{"level":"debug","ts":"2026-10-05T08:41:11.718Z","caller":"ipamd/ipamd.go:1248","msg":"ToAllocate: 1, Network Card 0"}
{"level":"debug","ts":"2026-10-05T08:41:11.718Z","caller":"ipamd/ipamd.go:1251","msg":"Found ENI eni-EXAMPLE19 that has less than the maximum number of IP/Prefixes addresses allocated: cur=0, max=5"}
{"level":"info","ts":"2026-10-05T08:41:11.718Z","caller":"ipamd/ipamd.go:1255","msg":"Trying to allocate 1 IP addresses on ENI eni-EXAMPLE19"}
{"level":"debug","ts":"2026-10-05T08:41:11.718Z","caller":"ipamd/ipamd.go:1255","msg":"PD enabled - true"}
{"level":"debug","ts":"2026-10-05T08:41:12.127Z","caller":"awsutils/awsutils.go:2174","msg":"checkAPIErrorAndBroadcastEvent resulted in operation error EC2: AssignPrivateIpAddresses, https response error StatusCode: 400, RequestID: c047e2b8-86e9-4f6d-a6b5-69d4a0218b43, api error InsufficientCidrBlocks: The specified subnet does not have enough free cidr blocks to satisfy the request."}
{"level":"error","ts":"2026-10-05T08:41:12.128Z","caller":"ipamd/ipamd.go:1255","msg":"Failed to allocate a private IP/Prefix addresses on ENI eni-EXAMPLE19: operation error EC2: AssignPrivateIpAddresses, https response error StatusCode: 400, RequestID: c047e2b8-86e9-4f6d-a6b5-69d4a0218b43, api error InsufficientCidrBlocks: The specified subnet does not have enough free cidr blocks to satisfy the request."}
{"level":"debug","ts":"2026-10-05T08:41:12.128Z","caller":"ipamd/ipamd.go:1256","msg":"containsPrivateIPAddressLimitExceededError encountered operation error EC2: AssignPrivateIpAddresses, https response error StatusCode: 400, RequestID: c047e2b8-86e9-4f6d-a6b5-69d4a0218b43, api error InsufficientCidrBlocks: The specified subnet does not have enough free cidr blocks to satisfy the request."}
{"level":"warn","ts":"2026-10-05T08:41:12.128Z","caller":"ipamd/ipamd.go:1113","msg":"failed to allocate all available IPv4 Prefixes on ENI eni-EXAMPLE19, err: operation error EC2: AssignPrivateIpAddresses, https response error StatusCode: 400, RequestID: c047e2b8-86e9-4f6d-a6b5-69d4a0218b43, api error InsufficientCidrBlocks: The specified subnet does not have enough free cidr blocks to satisfy the request."}
{"level":"info","ts":"2026-10-05T08:41:12.128Z","caller":"ipamd/ipamd.go:1259","msg":"Trying to allocate 1 IP addresses on ENI eni-EXAMPLE19"}
{"level":"debug","ts":"2026-10-05T08:41:12.128Z","caller":"ipamd/ipamd.go:1259","msg":"PD enabled - true"}
{"level":"debug","ts":"2026-10-05T08:41:12.572Z","caller":"awsutils/awsutils.go:2174","msg":"checkAPIErrorAndBroadcastEvent resulted in operation error EC2: AssignPrivateIpAddresses, https response error StatusCode: 400, RequestID: 6d313caa-0264-4873-8083-1997c5a36301, api error InsufficientCidrBlocks: The specified subnet does not have enough free cidr blocks to satisfy the request."}
{"level":"error","ts":"2026-10-05T08:41:12.572Z","caller":"ipamd/ipamd.go:1259","msg":"Failed to allocate a private IP/Prefix addresses on ENI eni-EXAMPLE19: operation error EC2: AssignPrivateIpAddresses, https response error StatusCode: 400, RequestID: 6d313caa-0264-4873-8083-1997c5a36301, api error InsufficientCidrBlocks: The specified subnet does not have enough free cidr blocks to satisfy the request."}
{"level":"debug","ts":"2026-10-05T08:41:12.572Z","caller":"ipamd/ipamd.go:1260","msg":"containsPrivateIPAddressLimitExceededError encountered operation error EC2: AssignPrivateIpAddresses, https response error StatusCode: 400, RequestID: 6d313caa-0264-4873-8083-1997c5a36301, api error InsufficientCidrBlocks: The specified subnet does not have enough free cidr blocks to satisfy the request."}
{"level":"debug","ts":"2026-10-05T08:41:12.572Z","caller":"ipamd/ipamd.go:1262","msg":"containsInsufficientCIDRsOrSubnetIPs encountered operation error EC2: AssignPrivateIpAddresses, https response error StatusCode: 400, RequestID: 6d313caa-0264-4873-8083-1997c5a36301, api error InsufficientCidrBlocks: The specified subnet does not have enough free cidr blocks to satisfy the request."}
{"level":"debug","ts":"2026-10-05T08:41:12.572Z","caller":"ipamd/ipamd.go:1262","msg":"Insufficient IP Addresses due to: InsufficientCidrBlocks\n"}
{"level":"debug","ts":"2026-10-05T08:41:12.572Z","caller":"ipamd/ipamd.go:1003","msg":"hasRoomForEni: networkCard=0, currentENIs=1, currentUsableENIs=1, maxENI=3, unmanagedENI=0, trunkEni=0, excludedENI=0, hasRoom=true"}
{"level":"debug","ts":"2026-10-05T08:41:12.572Z","caller":"ipamd/ipamd.go:2758","msg":"Prefix target is 1, short of 1 prefixes, free 0 prefixes"}
{"level":"debug","ts":"2026-10-05T08:41:12.572Z","caller":"ipamd/ipamd.go:2595","msg":"ToAllocate: 1, Network Card 0"}
{"level":"info","ts":"2026-10-05T08:41:12.572Z","caller":"awsutils/awsutils.go:1044","msg":"Trying to allocate 1 IP addresses on new ENI"}
{"level":"debug","ts":"2026-10-05T08:41:12.572Z","caller":"awsutils/awsutils.go:1044","msg":"PD enabled - true"}
{"level":"debug","ts":"2026-10-05T08:41:12.836Z","caller":"awsutils/awsutils.go:1272","msg":"Primary subnet subnet-EXAMPLE4 has no kubernetes.io/role/cni tag, including it for ENI creation (backwards compatibility)"}
{"level":"info","ts":"2026-10-05T08:41:12.837Z","caller":"awsutils/awsutils.go:1044","msg":"Creating ENI with security groups: [sg-EXAMPLE1] in subnet: subnet-EXAMPLE4"}
{"level":"debug","ts":"2026-10-05T08:41:13.038Z","caller":"awsutils/awsutils.go:1449","msg":"checkAPIErrorAndBroadcastEvent resulted in operation error EC2: CreateNetworkInterface, https response error StatusCode: 400, RequestID: f474026a-c47e-4519-9783-808c660c520c, api error InvalidParameterValue: There aren't sufficient free Ipv4 addresses or prefixes"}
{"level":"error","ts":"2026-10-05T08:41:13.038Z","caller":"awsutils/awsutils.go:1285","msg":"Failed to CreateNetworkInterface operation error EC2: CreateNetworkInterface, https response error StatusCode: 400, RequestID: f474026a-c47e-4519-9783-808c660c520c, api error InvalidParameterValue: There aren't sufficient free Ipv4 addresses or prefixes for subnet subnet-EXAMPLE4"}
{"level":"debug","ts":"2026-10-05T08:41:13.038Z","caller":"awsutils/awsutils.go:1272","msg":"Subnet subnet-EXAMPLE3 has no kubernetes.io/role/cni tag, excluding it from ENI creation"}
{"level":"error","ts":"2026-10-05T08:41:13.038Z","caller":"ipamd/ipamd.go:1004","msg":"Failed to increase pool size due to not able to allocate ENI AllocENI: failed to create ENI: failed to create network interface: operation error EC2: CreateNetworkInterface, https response error StatusCode: 400, RequestID: f474026a-c47e-4519-9783-808c660c520c, api error InvalidParameterValue: There aren't sufficient free Ipv4 addresses or prefixes"}
{"level":"warn","ts":"2026-10-05T08:41:13.038Z","caller":"ipamd/ipamd.go:1004","msg":"Failed to allocate 1 IP addresses on an ENI: AllocENI: failed to create ENI: failed to create network interface: operation error EC2: CreateNetworkInterface, https response error StatusCode: 400, RequestID: f474026a-c47e-4519-9783-808c660c520c, api error InvalidParameterValue: There aren't sufficient free Ipv4 addresses or prefixes"}
{"level":"debug","ts":"2026-10-05T08:41:13.038Z","caller":"ipamd/ipamd.go:1082","msg":"containsInsufficientCIDRsOrSubnetIPs encountered AllocENI: failed to create ENI: failed to create network interface: operation error EC2: CreateNetworkInterface, https response error StatusCode: 400, RequestID: f474026a-c47e-4519-9783-808c660c520c, api error InvalidParameterValue: There aren't sufficient free Ipv4 addresses or prefixes"}
{"level":"debug","ts":"2026-10-05T08:41:13.038Z","caller":"ipamd/ipamd.go:1082","msg":"Insufficient IP Addresses due to: InvalidParameterValue\n"}
{"level":"debug","ts":"2026-10-05T08:41:13.038Z","caller":"ipamd/ipamd.go:813","msg":"Error trying to allocate ENI: AllocENI: failed to create ENI: failed to create network interface: operation error EC2: CreateNetworkInterface, https response error StatusCode: 400, RequestID: f474026a-c47e-4519-9783-808c660c520c, api error InvalidParameterValue: There aren't sufficient free Ipv4 addresses or prefixes"}
{"level":"debug","ts":"2026-10-05T08:41:13.038Z","caller":"ipamd/ipamd.go:1548","msg":"ENI eni-EXAMPLE19 cannot be deleted because it is primary"}
{"level":"debug","ts":"2026-10-05T08:41:18.040Z","caller":"ipamd/ipamd.go:809","msg":"IP pool is too low for Network Card 0: available (0) < ENI target (1) * addrsPerENI (16)"}
{"level":"debug","ts":"2026-10-05T08:41:18.041Z","caller":"ipamd/ipamd.go:2689","msg":"Prefix pool stats for network card 0: Total IPs/Prefixes = 0/0, AssignedIPs/CooldownIPs: 0/0, c.maxIPsPerENI = 80"}
{"level":"debug","ts":"2026-10-05T08:41:18.041Z","caller":"ipamd/ipamd.go:795","msg":"IP stats for Network Card 0 - total IPs: 0, assigned IPs: 0, cooldown IPs: 0"}
{"level":"debug","ts":"2026-10-05T08:41:18.041Z","caller":"ipamd/ipamd.go:813","msg":"Starting to increase pool size for network card 0"}
{"level":"debug","ts":"2026-10-05T08:41:18.041Z","caller":"ipamd/ipamd.go:966","msg":"Node found \"ip-10-20-0-28.ec2.internal\" - no of taints - 0"}
{"level":"debug","ts":"2026-10-05T08:41:18.041Z","caller":"ipamd/ipamd.go:2758","msg":"Prefix target is 1, short of 1 prefixes, free 0 prefixes"}
{"level":"debug","ts":"2026-10-05T08:41:18.041Z","caller":"ipamd/ipamd.go:1248","msg":"ToAllocate: 1, Network Card 0"}
{"level":"debug","ts":"2026-10-05T08:41:18.041Z","caller":"ipamd/ipamd.go:1251","msg":"Found ENI eni-EXAMPLE19 that has less than the maximum number of IP/Prefixes addresses allocated: cur=0, max=5"}
{"level":"info","ts":"2026-10-05T08:41:18.041Z","caller":"ipamd/ipamd.go:1255","msg":"Trying to allocate 1 IP addresses on ENI eni-EXAMPLE19"}
{"level":"debug","ts":"2026-10-05T08:41:18.041Z","caller":"ipamd/ipamd.go:1255","msg":"PD enabled - true"}
{"level":"debug","ts":"2026-10-05T08:41:18.478Z","caller":"awsutils/awsutils.go:2174","msg":"checkAPIErrorAndBroadcastEvent resulted in operation error EC2: AssignPrivateIpAddresses, https response error StatusCode: 400, RequestID: d594cf1d-7f9b-4721-b7e8-d9be45e1d12a, api error InsufficientCidrBlocks: The specified subnet does not have enough free cidr blocks to satisfy the request."}
{"level":"error","ts":"2026-10-05T08:41:18.479Z","caller":"ipamd/ipamd.go:1255","msg":"Failed to allocate a private IP/Prefix addresses on ENI eni-EXAMPLE19: operation error EC2: AssignPrivateIpAddresses, https response error StatusCode: 400, RequestID: d594cf1d-7f9b-4721-b7e8-d9be45e1d12a, api error InsufficientCidrBlocks: The specified subnet does not have enough free cidr blocks to satisfy the request."}
{"level":"debug","ts":"2026-10-05T08:41:18.479Z","caller":"ipamd/ipamd.go:1256","msg":"containsPrivateIPAddressLimitExceededError encountered operation error EC2: AssignPrivateIpAddresses, https response error StatusCode: 400, RequestID: d594cf1d-7f9b-4721-b7e8-d9be45e1d12a, api error InsufficientCidrBlocks: The specified subnet does not have enough free cidr blocks to satisfy the request."}
{"level":"warn","ts":"2026-10-05T08:41:18.479Z","caller":"ipamd/ipamd.go:1113","msg":"failed to allocate all available IPv4 Prefixes on ENI eni-EXAMPLE19, err: operation error EC2: AssignPrivateIpAddresses, https response error StatusCode: 400, RequestID: d594cf1d-7f9b-4721-b7e8-d9be45e1d12a, api error InsufficientCidrBlocks: The specified subnet does not have enough free cidr blocks to satisfy the request."}
{"level":"info","ts":"2026-10-05T08:41:18.479Z","caller":"ipamd/ipamd.go:1259","msg":"Trying to allocate 1 IP addresses on ENI eni-EXAMPLE19"}
{"level":"debug","ts":"2026-10-05T08:41:18.479Z","caller":"ipamd/ipamd.go:1259","msg":"PD enabled - true"}
{"level":"debug","ts":"2026-10-05T08:41:18.881Z","caller":"awsutils/awsutils.go:2174","msg":"checkAPIErrorAndBroadcastEvent resulted in operation error EC2: AssignPrivateIpAddresses, https response error StatusCode: 400, RequestID: 6cbc1d11-3366-4de2-a91d-70580c0d5e06, api error InsufficientCidrBlocks: The specified subnet does not have enough free cidr blocks to satisfy the request."}
{"level":"error","ts":"2026-10-05T08:41:18.881Z","caller":"ipamd/ipamd.go:1259","msg":"Failed to allocate a private IP/Prefix addresses on ENI eni-EXAMPLE19: operation error EC2: AssignPrivateIpAddresses, https response error StatusCode: 400, RequestID: 6cbc1d11-3366-4de2-a91d-70580c0d5e06, api error InsufficientCidrBlocks: The specified subnet does not have enough free cidr blocks to satisfy the request."}
{"level":"debug","ts":"2026-10-05T08:41:18.881Z","caller":"ipamd/ipamd.go:1260","msg":"containsPrivateIPAddressLimitExceededError encountered operation error EC2: AssignPrivateIpAddresses, https response error StatusCode: 400, RequestID: 6cbc1d11-3366-4de2-a91d-70580c0d5e06, api error InsufficientCidrBlocks: The specified subnet does not have enough free cidr blocks to satisfy the request."}
{"level":"debug","ts":"2026-10-05T08:41:18.881Z","caller":"ipamd/ipamd.go:1262","msg":"containsInsufficientCIDRsOrSubnetIPs encountered operation error EC2: AssignPrivateIpAddresses, https response error StatusCode: 400, RequestID: 6cbc1d11-3366-4de2-a91d-70580c0d5e06, api error InsufficientCidrBlocks: The specified subnet does not have enough free cidr blocks to satisfy the request."}
{"level":"debug","ts":"2026-10-05T08:41:18.881Z","caller":"ipamd/ipamd.go:1262","msg":"Insufficient IP Addresses due to: InsufficientCidrBlocks\n"}
{"level":"debug","ts":"2026-10-05T08:41:18.881Z","caller":"ipamd/ipamd.go:1003","msg":"hasRoomForEni: networkCard=0, currentENIs=1, currentUsableENIs=1, maxENI=3, unmanagedENI=0, trunkEni=0, excludedENI=0, hasRoom=true"}
{"level":"debug","ts":"2026-10-05T08:41:18.881Z","caller":"ipamd/ipamd.go:2758","msg":"Prefix target is 1, short of 1 prefixes, free 0 prefixes"}
{"level":"debug","ts":"2026-10-05T08:41:18.881Z","caller":"ipamd/ipamd.go:2595","msg":"ToAllocate: 1, Network Card 0"}
{"level":"info","ts":"2026-10-05T08:41:18.881Z","caller":"awsutils/awsutils.go:1044","msg":"Trying to allocate 1 IP addresses on new ENI"}
{"level":"debug","ts":"2026-10-05T08:41:18.881Z","caller":"awsutils/awsutils.go:1044","msg":"PD enabled - true"}
{"level":"debug","ts":"2026-10-05T08:41:19.122Z","caller":"awsutils/awsutils.go:1272","msg":"Primary subnet subnet-EXAMPLE4 has no kubernetes.io/role/cni tag, including it for ENI creation (backwards compatibility)"}
{"level":"info","ts":"2026-10-05T08:41:19.122Z","caller":"awsutils/awsutils.go:1044","msg":"Creating ENI with security groups: [sg-EXAMPLE1] in subnet: subnet-EXAMPLE4"}
{"level":"debug","ts":"2026-10-05T08:41:19.354Z","caller":"awsutils/awsutils.go:1449","msg":"checkAPIErrorAndBroadcastEvent resulted in operation error EC2: CreateNetworkInterface, https response error StatusCode: 400, RequestID: e378491f-3d41-4b20-847d-a4bf9f6473ed, api error InvalidParameterValue: There aren't sufficient free Ipv4 addresses or prefixes"}
{"level":"error","ts":"2026-10-05T08:41:19.354Z","caller":"awsutils/awsutils.go:1285","msg":"Failed to CreateNetworkInterface operation error EC2: CreateNetworkInterface, https response error StatusCode: 400, RequestID: e378491f-3d41-4b20-847d-a4bf9f6473ed, api error InvalidParameterValue: There aren't sufficient free Ipv4 addresses or prefixes for subnet subnet-EXAMPLE4"}
{"level":"debug","ts":"2026-10-05T08:41:19.354Z","caller":"awsutils/awsutils.go:1272","msg":"Subnet subnet-EXAMPLE3 has no kubernetes.io/role/cni tag, excluding it from ENI creation"}
{"level":"error","ts":"2026-10-05T08:41:19.354Z","caller":"ipamd/ipamd.go:1004","msg":"Failed to increase pool size due to not able to allocate ENI AllocENI: failed to create ENI: failed to create network interface: operation error EC2: CreateNetworkInterface, https response error StatusCode: 400, RequestID: e378491f-3d41-4b20-847d-a4bf9f6473ed, api error InvalidParameterValue: There aren't sufficient free Ipv4 addresses or prefixes"}
{"level":"warn","ts":"2026-10-05T08:41:19.354Z","caller":"ipamd/ipamd.go:1004","msg":"Failed to allocate 1 IP addresses on an ENI: AllocENI: failed to create ENI: failed to create network interface: operation error EC2: CreateNetworkInterface, https response error StatusCode: 400, RequestID: e378491f-3d41-4b20-847d-a4bf9f6473ed, api error InvalidParameterValue: There aren't sufficient free Ipv4 addresses or prefixes"}
{"level":"debug","ts":"2026-10-05T08:41:19.354Z","caller":"ipamd/ipamd.go:1082","msg":"containsInsufficientCIDRsOrSubnetIPs encountered AllocENI: failed to create ENI: failed to create network interface: operation error EC2: CreateNetworkInterface, https response error StatusCode: 400, RequestID: e378491f-3d41-4b20-847d-a4bf9f6473ed, api error InvalidParameterValue: There aren't sufficient free Ipv4 addresses or prefixes"}
{"level":"debug","ts":"2026-10-05T08:41:19.354Z","caller":"ipamd/ipamd.go:1082","msg":"Insufficient IP Addresses due to: InvalidParameterValue\n"}
{"level":"debug","ts":"2026-10-05T08:41:19.354Z","caller":"ipamd/ipamd.go:813","msg":"Error trying to allocate ENI: AllocENI: failed to create ENI: failed to create network interface: operation error EC2: CreateNetworkInterface, https response error StatusCode: 400, RequestID: e378491f-3d41-4b20-847d-a4bf9f6473ed, api error InvalidParameterValue: There aren't sufficient free Ipv4 addresses or prefixes"}
{"level":"debug","ts":"2026-10-05T08:41:19.354Z","caller":"ipamd/ipamd.go:1548","msg":"ENI eni-EXAMPLE19 cannot be deleted because it is primary"}
{"level":"debug","ts":"2026-10-05T08:41:24.356Z","caller":"ipamd/ipamd.go:809","msg":"IP pool is too low for Network Card 0: available (0) < ENI target (1) * addrsPerENI (16)"}
{"level":"debug","ts":"2026-10-05T08:41:24.356Z","caller":"ipamd/ipamd.go:2689","msg":"Prefix pool stats for network card 0: Total IPs/Prefixes = 0/0, AssignedIPs/CooldownIPs: 0/0, c.maxIPsPerENI = 80"}
{"level":"debug","ts":"2026-10-05T08:41:24.356Z","caller":"ipamd/ipamd.go:795","msg":"IP stats for Network Card 0 - total IPs: 0, assigned IPs: 0, cooldown IPs: 0"}
{"level":"debug","ts":"2026-10-05T08:41:24.356Z","caller":"ipamd/ipamd.go:813","msg":"Starting to increase pool size for network card 0"}
{"level":"debug","ts":"2026-10-05T08:41:24.356Z","caller":"ipamd/ipamd.go:966","msg":"Node found \"ip-10-20-0-28.ec2.internal\" - no of taints - 0"}
{"level":"debug","ts":"2026-10-05T08:41:24.356Z","caller":"ipamd/ipamd.go:2758","msg":"Prefix target is 1, short of 1 prefixes, free 0 prefixes"}
{"level":"debug","ts":"2026-10-05T08:41:24.356Z","caller":"ipamd/ipamd.go:1248","msg":"ToAllocate: 1, Network Card 0"}
{"level":"debug","ts":"2026-10-05T08:41:24.356Z","caller":"ipamd/ipamd.go:1251","msg":"Found ENI eni-EXAMPLE19 that has less than the maximum number of IP/Prefixes addresses allocated: cur=0, max=5"}
{"level":"info","ts":"2026-10-05T08:41:24.356Z","caller":"ipamd/ipamd.go:1255","msg":"Trying to allocate 1 IP addresses on ENI eni-EXAMPLE19"}
{"level":"debug","ts":"2026-10-05T08:41:24.356Z","caller":"ipamd/ipamd.go:1255","msg":"PD enabled - true"}
{"level":"debug","ts":"2026-10-05T08:41:24.793Z","caller":"awsutils/awsutils.go:2174","msg":"checkAPIErrorAndBroadcastEvent resulted in operation error EC2: AssignPrivateIpAddresses, https response error StatusCode: 400, RequestID: 337e8545-d13f-4ed4-8b14-145ef145fa99, api error InsufficientCidrBlocks: The specified subnet does not have enough free cidr blocks to satisfy the request."}
{"level":"error","ts":"2026-10-05T08:41:24.793Z","caller":"ipamd/ipamd.go:1255","msg":"Failed to allocate a private IP/Prefix addresses on ENI eni-EXAMPLE19: operation error EC2: AssignPrivateIpAddresses, https response error StatusCode: 400, RequestID: 337e8545-d13f-4ed4-8b14-145ef145fa99, api error InsufficientCidrBlocks: The specified subnet does not have enough free cidr blocks to satisfy the request."}
{"level":"debug","ts":"2026-10-05T08:41:24.793Z","caller":"ipamd/ipamd.go:1256","msg":"containsPrivateIPAddressLimitExceededError encountered operation error EC2: AssignPrivateIpAddresses, https response error StatusCode: 400, RequestID: 337e8545-d13f-4ed4-8b14-145ef145fa99, api error InsufficientCidrBlocks: The specified subnet does not have enough free cidr blocks to satisfy the request."}
{"level":"warn","ts":"2026-10-05T08:41:24.793Z","caller":"ipamd/ipamd.go:1113","msg":"failed to allocate all available IPv4 Prefixes on ENI eni-EXAMPLE19, err: operation error EC2: AssignPrivateIpAddresses, https response error StatusCode: 400, RequestID: 337e8545-d13f-4ed4-8b14-145ef145fa99, api error InsufficientCidrBlocks: The specified subnet does not have enough free cidr blocks to satisfy the request."}
{"level":"info","ts":"2026-10-05T08:41:24.793Z","caller":"ipamd/ipamd.go:1259","msg":"Trying to allocate 1 IP addresses on ENI eni-EXAMPLE19"}
{"level":"debug","ts":"2026-10-05T08:41:24.793Z","caller":"ipamd/ipamd.go:1259","msg":"PD enabled - true"}
{"level":"debug","ts":"2026-10-05T08:41:25.228Z","caller":"awsutils/awsutils.go:2174","msg":"checkAPIErrorAndBroadcastEvent resulted in operation error EC2: AssignPrivateIpAddresses, https response error StatusCode: 400, RequestID: 060c7229-fa03-41b0-a560-412de90b1a8e, api error InsufficientCidrBlocks: The specified subnet does not have enough free cidr blocks to satisfy the request."}
{"level":"error","ts":"2026-10-05T08:41:25.228Z","caller":"ipamd/ipamd.go:1259","msg":"Failed to allocate a private IP/Prefix addresses on ENI eni-EXAMPLE19: operation error EC2: AssignPrivateIpAddresses, https response error StatusCode: 400, RequestID: 060c7229-fa03-41b0-a560-412de90b1a8e, api error InsufficientCidrBlocks: The specified subnet does not have enough free cidr blocks to satisfy the request."}
{"level":"debug","ts":"2026-10-05T08:41:25.228Z","caller":"ipamd/ipamd.go:1260","msg":"containsPrivateIPAddressLimitExceededError encountered operation error EC2: AssignPrivateIpAddresses, https response error StatusCode: 400, RequestID: 060c7229-fa03-41b0-a560-412de90b1a8e, api error InsufficientCidrBlocks: The specified subnet does not have enough free cidr blocks to satisfy the request."}
{"level":"debug","ts":"2026-10-05T08:41:25.228Z","caller":"ipamd/ipamd.go:1262","msg":"containsInsufficientCIDRsOrSubnetIPs encountered operation error EC2: AssignPrivateIpAddresses, https response error StatusCode: 400, RequestID: 060c7229-fa03-41b0-a560-412de90b1a8e, api error InsufficientCidrBlocks: The specified subnet does not have enough free cidr blocks to satisfy the request."}
{"level":"debug","ts":"2026-10-05T08:41:25.228Z","caller":"ipamd/ipamd.go:1262","msg":"Insufficient IP Addresses due to: InsufficientCidrBlocks\n"}
{"level":"debug","ts":"2026-10-05T08:41:25.228Z","caller":"ipamd/ipamd.go:1003","msg":"hasRoomForEni: networkCard=0, currentENIs=1, currentUsableENIs=1, maxENI=3, unmanagedENI=0, trunkEni=0, excludedENI=0, hasRoom=true"}
{"level":"debug","ts":"2026-10-05T08:41:25.228Z","caller":"ipamd/ipamd.go:2758","msg":"Prefix target is 1, short of 1 prefixes, free 0 prefixes"}
{"level":"debug","ts":"2026-10-05T08:41:25.228Z","caller":"ipamd/ipamd.go:2595","msg":"ToAllocate: 1, Network Card 0"}
{"level":"info","ts":"2026-10-05T08:41:25.228Z","caller":"awsutils/awsutils.go:1044","msg":"Trying to allocate 1 IP addresses on new ENI"}
{"level":"debug","ts":"2026-10-05T08:41:25.228Z","caller":"awsutils/awsutils.go:1044","msg":"PD enabled - true"}
{"level":"debug","ts":"2026-10-05T08:41:25.450Z","caller":"awsutils/awsutils.go:1272","msg":"Primary subnet subnet-EXAMPLE4 has no kubernetes.io/role/cni tag, including it for ENI creation (backwards compatibility)"}
{"level":"info","ts":"2026-10-05T08:41:25.450Z","caller":"awsutils/awsutils.go:1044","msg":"Creating ENI with security groups: [sg-EXAMPLE1] in subnet: subnet-EXAMPLE4"}
{"level":"debug","ts":"2026-10-05T08:41:25.683Z","caller":"awsutils/awsutils.go:1449","msg":"checkAPIErrorAndBroadcastEvent resulted in operation error EC2: CreateNetworkInterface, https response error StatusCode: 400, RequestID: 041a7c5e-3b6d-4bec-9d5e-399f71f99c82, api error InvalidParameterValue: There aren't sufficient free Ipv4 addresses or prefixes"}
{"level":"error","ts":"2026-10-05T08:41:25.683Z","caller":"awsutils/awsutils.go:1285","msg":"Failed to CreateNetworkInterface operation error EC2: CreateNetworkInterface, https response error StatusCode: 400, RequestID: 041a7c5e-3b6d-4bec-9d5e-399f71f99c82, api error InvalidParameterValue: There aren't sufficient free Ipv4 addresses or prefixes for subnet subnet-EXAMPLE4"}
{"level":"debug","ts":"2026-10-05T08:41:25.683Z","caller":"awsutils/awsutils.go:1272","msg":"Subnet subnet-EXAMPLE3 has no kubernetes.io/role/cni tag, excluding it from ENI creation"}
{"level":"error","ts":"2026-10-05T08:41:25.683Z","caller":"ipamd/ipamd.go:1004","msg":"Failed to increase pool size due to not able to allocate ENI AllocENI: failed to create ENI: failed to create network interface: operation error EC2: CreateNetworkInterface, https response error StatusCode: 400, RequestID: 041a7c5e-3b6d-4bec-9d5e-399f71f99c82, api error InvalidParameterValue: There aren't sufficient free Ipv4 addresses or prefixes"}
{"level":"warn","ts":"2026-10-05T08:41:25.683Z","caller":"ipamd/ipamd.go:1004","msg":"Failed to allocate 1 IP addresses on an ENI: AllocENI: failed to create ENI: failed to create network interface: operation error EC2: CreateNetworkInterface, https response error StatusCode: 400, RequestID: 041a7c5e-3b6d-4bec-9d5e-399f71f99c82, api error InvalidParameterValue: There aren't sufficient free Ipv4 addresses or prefixes"}
{"level":"debug","ts":"2026-10-05T08:41:25.683Z","caller":"ipamd/ipamd.go:1082","msg":"containsInsufficientCIDRsOrSubnetIPs encountered AllocENI: failed to create ENI: failed to create network interface: operation error EC2: CreateNetworkInterface, https response error StatusCode: 400, RequestID: 041a7c5e-3b6d-4bec-9d5e-399f71f99c82, api error InvalidParameterValue: There aren't sufficient free Ipv4 addresses or prefixes"}
{"level":"debug","ts":"2026-10-05T08:41:25.683Z","caller":"ipamd/ipamd.go:1082","msg":"Insufficient IP Addresses due to: InvalidParameterValue\n"}
{"level":"debug","ts":"2026-10-05T08:41:25.683Z","caller":"ipamd/ipamd.go:813","msg":"Error trying to allocate ENI: AllocENI: failed to create ENI: failed to create network interface: operation error EC2: CreateNetworkInterface, https response error StatusCode: 400, RequestID: 041a7c5e-3b6d-4bec-9d5e-399f71f99c82, api error InvalidParameterValue: There aren't sufficient free Ipv4 addresses or prefixes"}
{"level":"debug","ts":"2026-10-05T08:41:25.683Z","caller":"ipamd/ipamd.go:1548","msg":"ENI eni-EXAMPLE19 cannot be deleted because it is primary"}
{"level":"info","ts":"2026-10-05T08:41:28.681Z","caller":"rpc/rpc_grpc.pb.go:117","msg":"Received AddNetwork for NS /var/run/netns/cni-b21b6482-667c-bd3b-276d-9bb161b621c5, Sandbox bf850d694ea7df996b869ecceba628b3ac9090a56addcfb0c11ffe9ce3f0736c, ifname eth0"}
{"level":"debug","ts":"2026-10-05T08:41:28.681Z","caller":"rpc/rpc_grpc.pb.go:117","msg":"AddNetworkRequest: K8S_POD_NAME:\"pause-68d5b89fc-n9q4v\"  K8S_POD_NAMESPACE:\"default\"  K8S_POD_INFRA_CONTAINER_ID:\"bf850d694ea7df996b869ecceba628b3ac9090a56addcfb0c11ffe9ce3f0736c\"  ContainerID:\"bf850d694ea7df996b869ecceba628b3ac9090a56addcfb0c11ffe9ce3f0736c\"  IfName:\"eth0\"  NetworkName:\"aws-cni\"  Netns:\"/var/run/netns/cni-b21b6482-667c-bd3b-276d-9bb161b621c5\""}
{"level":"info","ts":"2026-10-05T08:41:28.681Z","caller":"rpc/rpc_grpc.pb.go:117","msg":"Required MultiNIC access false, interfaces required 1"}
{"level":"debug","ts":"2026-10-05T08:41:28.681Z","caller":"datastore/data_store.go:713","msg":"AssignPodIPv4Address: IP address pool stats: total 0, assigned 0"}
{"level":"debug","ts":"2026-10-05T08:41:28.681Z","caller":"datastore/data_store.go:713","msg":"AssignPodIPv4Address: ENI eni-EXAMPLE19 does not have available addresses"}
{"level":"error","ts":"2026-10-05T08:41:28.681Z","caller":"datastore/data_store.go:713","msg":"DataStore has no available IP/Prefix addresses"}
{"level":"warn","ts":"2026-10-05T08:41:28.681Z","caller":"rpc/rpc_grpc.pb.go:117","msg":"Failed to assign IPs from network card 0: AssignPodIPAddress: no available IP/Prefix addresses"}
{"level":"error","ts":"2026-10-05T08:41:28.681Z","caller":"rpc/rpc_grpc.pb.go:117","msg":"Returning failure response for AddNetwork: 1 error occurred:\n\t* AssignPodIPAddress: no available IP/Prefix addresses\n\n"}
{"level":"info","ts":"2026-10-05T08:41:28.681Z","caller":"rpc/rpc_grpc.pb.go:117","msg":"Send AddNetworkReply: Success: false IPAddr: [], resp: , err: AssignPodIPAddress: no available IP/Prefix addresses"}
{"level":"info","ts":"2026-10-05T08:41:28.706Z","caller":"rpc/rpc_grpc.pb.go:135","msg":"Received DelNetwork for Sandbox bf850d694ea7df996b869ecceba628b3ac9090a56addcfb0c11ffe9ce3f0736c"}
{"level":"debug","ts":"2026-10-05T08:41:28.706Z","caller":"rpc/rpc_grpc.pb.go:135","msg":"DelNetworkRequest: K8S_POD_NAME:\"pause-68d5b89fc-n9q4v\"  K8S_POD_NAMESPACE:\"default\"  K8S_POD_INFRA_CONTAINER_ID:\"bf850d694ea7df996b869ecceba628b3ac9090a56addcfb0c11ffe9ce3f0736c\"  Reason:\"PodDeleted\"  ContainerID:\"bf850d694ea7df996b869ecceba628b3ac9090a56addcfb0c11ffe9ce3f0736c\"  IfName:\"eth0\"  NetworkName:\"aws-cni\"  K8S_POD_UID:\"f68fbeb2-acd7-443d-aaf4-9fe8443ea42e\""}
{"level":"debug","ts":"2026-10-05T08:41:28.706Z","caller":"ipamd/rpc_handler.go:353","msg":"UnassignPodIPAddress: IP address pool stats: total 0, assigned 0, sandbox aws-cni/bf850d694ea7df996b869ecceba628b3ac9090a56addcfb0c11ffe9ce3f0736c/eth0"}
{"level":"debug","ts":"2026-10-05T08:41:28.706Z","caller":"ipamd/rpc_handler.go:353","msg":"UnassignPodIPAddress: Failed to find IPAM entry under full key, trying CRI-migrated version"}
{"level":"warn","ts":"2026-10-05T08:41:28.706Z","caller":"ipamd/rpc_handler.go:353","msg":"UnassignPodIPAddress: Failed to find sandbox _migrated-from-cri/bf850d694ea7df996b869ecceba628b3ac9090a56addcfb0c11ffe9ce3f0736c/unknown"}
{"level":"info","ts":"2026-10-05T08:41:28.706Z","caller":"rpc/rpc_grpc.pb.go:135","msg":"Send DelNetworkReply: IPAddress: [], err: 1 error occurred:\n\t* datastore: unknown pod\n\n"}
{"level":"info","ts":"2026-10-05T08:41:28.756Z","caller":"rpc/rpc_grpc.pb.go:117","msg":"Received AddNetwork for NS /var/run/netns/cni-bf87a60a-be80-3743-28d3-8d1c2a2295fa, Sandbox 206424a9a4469a89001d836c67d8ff594bac86a80382810e17e44f8d8d1f0dd0, ifname eth0"}
{"level":"debug","ts":"2026-10-05T08:41:28.756Z","caller":"rpc/rpc_grpc.pb.go:117","msg":"AddNetworkRequest: K8S_POD_NAME:\"pause-68d5b89fc-88226\"  K8S_POD_NAMESPACE:\"default\"  K8S_POD_INFRA_CONTAINER_ID:\"206424a9a4469a89001d836c67d8ff594bac86a80382810e17e44f8d8d1f0dd0\"  ContainerID:\"206424a9a4469a89001d836c67d8ff594bac86a80382810e17e44f8d8d1f0dd0\"  IfName:\"eth0\"  NetworkName:\"aws-cni\"  Netns:\"/var/run/netns/cni-bf87a60a-be80-3743-28d3-8d1c2a2295fa\""}
{"level":"info","ts":"2026-10-05T08:41:28.756Z","caller":"rpc/rpc_grpc.pb.go:117","msg":"Required MultiNIC access false, interfaces required 1"}
{"level":"debug","ts":"2026-10-05T08:41:28.756Z","caller":"datastore/data_store.go:713","msg":"AssignPodIPv4Address: IP address pool stats: total 0, assigned 0"}
{"level":"debug","ts":"2026-10-05T08:41:28.756Z","caller":"datastore/data_store.go:713","msg":"AssignPodIPv4Address: ENI eni-EXAMPLE19 does not have available addresses"}
{"level":"error","ts":"2026-10-05T08:41:28.756Z","caller":"datastore/data_store.go:713","msg":"DataStore has no available IP/Prefix addresses"}
{"level":"warn","ts":"2026-10-05T08:41:28.756Z","caller":"rpc/rpc_grpc.pb.go:117","msg":"Failed to assign IPs from network card 0: AssignPodIPAddress: no available IP/Prefix addresses"}
{"level":"error","ts":"2026-10-05T08:41:28.756Z","caller":"rpc/rpc_grpc.pb.go:117","msg":"Returning failure response for AddNetwork: 1 error occurred:\n\t* AssignPodIPAddress: no available IP/Prefix addresses\n\n"}
{"level":"info","ts":"2026-10-05T08:41:28.756Z","caller":"rpc/rpc_grpc.pb.go:117","msg":"Send AddNetworkReply: Success: false IPAddr: [], resp: , err: AssignPodIPAddress: no available IP/Prefix addresses"}
{"level":"info","ts":"2026-10-05T08:41:28.783Z","caller":"rpc/rpc_grpc.pb.go:135","msg":"Received DelNetwork for Sandbox 206424a9a4469a89001d836c67d8ff594bac86a80382810e17e44f8d8d1f0dd0"}
{"level":"debug","ts":"2026-10-05T08:41:28.783Z","caller":"rpc/rpc_grpc.pb.go:135","msg":"DelNetworkRequest: K8S_POD_NAME:\"pause-68d5b89fc-88226\"  K8S_POD_NAMESPACE:\"default\"  K8S_POD_INFRA_CONTAINER_ID:\"206424a9a4469a89001d836c67d8ff594bac86a80382810e17e44f8d8d1f0dd0\"  Reason:\"PodDeleted\"  ContainerID:\"206424a9a4469a89001d836c67d8ff594bac86a80382810e17e44f8d8d1f0dd0\"  IfName:\"eth0\"  NetworkName:\"aws-cni\"  K8S_POD_UID:\"e903ba0e-e96e-48c7-90d6-ad1a2a6941a3\""}
{"level":"debug","ts":"2026-10-05T08:41:28.783Z","caller":"ipamd/rpc_handler.go:353","msg":"UnassignPodIPAddress: IP address pool stats: total 0, assigned 0, sandbox aws-cni/206424a9a4469a89001d836c67d8ff594bac86a80382810e17e44f8d8d1f0dd0/eth0"}
{"level":"debug","ts":"2026-10-05T08:41:28.783Z","caller":"ipamd/rpc_handler.go:353","msg":"UnassignPodIPAddress: Failed to find IPAM entry under full key, trying CRI-migrated version"}
{"level":"warn","ts":"2026-10-05T08:41:28.783Z","caller":"ipamd/rpc_handler.go:353","msg":"UnassignPodIPAddress: Failed to find sandbox _migrated-from-cri/206424a9a4469a89001d836c67d8ff594bac86a80382810e17e44f8d8d1f0dd0/unknown"}
{"level":"info","ts":"2026-10-05T08:41:28.783Z","caller":"rpc/rpc_grpc.pb.go:135","msg":"Send DelNetworkReply: IPAddress: [], err: 1 error occurred:\n\t* datastore: unknown pod\n\n"}
{"level":"info","ts":"2026-10-05T08:41:29.106Z","caller":"rpc/rpc_grpc.pb.go:117","msg":"Received AddNetwork for NS /var/run/netns/cni-e36a3963-70d7-d462-fe1a-a71c20c744e2, Sandbox a56036aae188adaff19e0c4a9af2ff3c3f8bcfeb4c10e1c21ccc353abeb71ff5, ifname eth0"}
{"level":"debug","ts":"2026-10-05T08:41:29.106Z","caller":"rpc/rpc_grpc.pb.go:117","msg":"AddNetworkRequest: K8S_POD_NAME:\"pause-68d5b89fc-5gpj2\"  K8S_POD_NAMESPACE:\"default\"  K8S_POD_INFRA_CONTAINER_ID:\"a56036aae188adaff19e0c4a9af2ff3c3f8bcfeb4c10e1c21ccc353abeb71ff5\"  ContainerID:\"a56036aae188adaff19e0c4a9af2ff3c3f8bcfeb4c10e1c21ccc353abeb71ff5\"  IfName:\"eth0\"  NetworkName:\"aws-cni\"  Netns:\"/var/run/netns/cni-e36a3963-70d7-d462-fe1a-a71c20c744e2\""}
{"level":"info","ts":"2026-10-05T08:41:29.106Z","caller":"rpc/rpc_grpc.pb.go:117","msg":"Required MultiNIC access false, interfaces required 1"}
{"level":"debug","ts":"2026-10-05T08:41:29.106Z","caller":"datastore/data_store.go:713","msg":"AssignPodIPv4Address: IP address pool stats: total 0, assigned 0"}
{"level":"debug","ts":"2026-10-05T08:41:29.106Z","caller":"datastore/data_store.go:713","msg":"AssignPodIPv4Address: ENI eni-EXAMPLE19 does not have available addresses"}
{"level":"error","ts":"2026-10-05T08:41:29.106Z","caller":"datastore/data_store.go:713","msg":"DataStore has no available IP/Prefix addresses"}
{"level":"warn","ts":"2026-10-05T08:41:29.106Z","caller":"rpc/rpc_grpc.pb.go:117","msg":"Failed to assign IPs from network card 0: AssignPodIPAddress: no available IP/Prefix addresses"}
{"level":"error","ts":"2026-10-05T08:41:29.106Z","caller":"rpc/rpc_grpc.pb.go:117","msg":"Returning failure response for AddNetwork: 1 error occurred:\n\t* AssignPodIPAddress: no available IP/Prefix addresses\n\n"}
{"level":"info","ts":"2026-10-05T08:41:29.106Z","caller":"rpc/rpc_grpc.pb.go:117","msg":"Send AddNetworkReply: Success: false IPAddr: [], resp: , err: AssignPodIPAddress: no available IP/Prefix addresses"}
{"level":"info","ts":"2026-10-05T08:41:29.133Z","caller":"rpc/rpc_grpc.pb.go:135","msg":"Received DelNetwork for Sandbox a56036aae188adaff19e0c4a9af2ff3c3f8bcfeb4c10e1c21ccc353abeb71ff5"}
{"level":"debug","ts":"2026-10-05T08:41:29.133Z","caller":"rpc/rpc_grpc.pb.go:135","msg":"DelNetworkRequest: K8S_POD_NAME:\"pause-68d5b89fc-5gpj2\"  K8S_POD_NAMESPACE:\"default\"  K8S_POD_INFRA_CONTAINER_ID:\"a56036aae188adaff19e0c4a9af2ff3c3f8bcfeb4c10e1c21ccc353abeb71ff5\"  Reason:\"PodDeleted\"  ContainerID:\"a56036aae188adaff19e0c4a9af2ff3c3f8bcfeb4c10e1c21ccc353abeb71ff5\"  IfName:\"eth0\"  NetworkName:\"aws-cni\"  K8S_POD_UID:\"8da26452-5df7-4b5d-bf8b-b8df9d619b63\""}
{"level":"debug","ts":"2026-10-05T08:41:29.133Z","caller":"ipamd/rpc_handler.go:353","msg":"UnassignPodIPAddress: IP address pool stats: total 0, assigned 0, sandbox aws-cni/a56036aae188adaff19e0c4a9af2ff3c3f8bcfeb4c10e1c21ccc353abeb71ff5/eth0"}
{"level":"debug","ts":"2026-10-05T08:41:29.133Z","caller":"ipamd/rpc_handler.go:353","msg":"UnassignPodIPAddress: Failed to find IPAM entry under full key, trying CRI-migrated version"}
{"level":"warn","ts":"2026-10-05T08:41:29.133Z","caller":"ipamd/rpc_handler.go:353","msg":"UnassignPodIPAddress: Failed to find sandbox _migrated-from-cri/a56036aae188adaff19e0c4a9af2ff3c3f8bcfeb4c10e1c21ccc353abeb71ff5/unknown"}
{"level":"info","ts":"2026-10-05T08:41:29.133Z","caller":"rpc/rpc_grpc.pb.go:135","msg":"Send DelNetworkReply: IPAddress: [], err: 1 error occurred:\n\t* datastore: unknown pod\n\n"}
{"level":"debug","ts":"2026-10-05T08:41:30.685Z","caller":"ipamd/ipamd.go:809","msg":"IP pool is too low for Network Card 0: available (0) < ENI target (1) * addrsPerENI (16)"}
{"level":"debug","ts":"2026-10-05T08:41:30.685Z","caller":"ipamd/ipamd.go:2689","msg":"Prefix pool stats for network card 0: Total IPs/Prefixes = 0/0, AssignedIPs/CooldownIPs: 0/0, c.maxIPsPerENI = 80"}
{"level":"debug","ts":"2026-10-05T08:41:30.685Z","caller":"ipamd/ipamd.go:795","msg":"IP stats for Network Card 0 - total IPs: 0, assigned IPs: 0, cooldown IPs: 0"}
{"level":"debug","ts":"2026-10-05T08:41:30.685Z","caller":"ipamd/ipamd.go:813","msg":"Starting to increase pool size for network card 0"}
{"level":"debug","ts":"2026-10-05T08:41:30.685Z","caller":"ipamd/ipamd.go:966","msg":"Node found \"ip-10-20-0-28.ec2.internal\" - no of taints - 0"}
{"level":"debug","ts":"2026-10-05T08:41:30.685Z","caller":"ipamd/ipamd.go:2758","msg":"Prefix target is 1, short of 1 prefixes, free 0 prefixes"}
{"level":"debug","ts":"2026-10-05T08:41:30.685Z","caller":"ipamd/ipamd.go:1248","msg":"ToAllocate: 1, Network Card 0"}
{"level":"debug","ts":"2026-10-05T08:41:30.685Z","caller":"ipamd/ipamd.go:1251","msg":"Found ENI eni-EXAMPLE19 that has less than the maximum number of IP/Prefixes addresses allocated: cur=0, max=5"}
{"level":"info","ts":"2026-10-05T08:41:30.685Z","caller":"ipamd/ipamd.go:1255","msg":"Trying to allocate 1 IP addresses on ENI eni-EXAMPLE19"}
{"level":"debug","ts":"2026-10-05T08:41:30.685Z","caller":"ipamd/ipamd.go:1255","msg":"PD enabled - true"}
{"level":"debug","ts":"2026-10-05T08:41:31.093Z","caller":"awsutils/awsutils.go:2174","msg":"checkAPIErrorAndBroadcastEvent resulted in operation error EC2: AssignPrivateIpAddresses, https response error StatusCode: 400, RequestID: 95745d93-bfaa-492c-9558-95202fb62f35, api error InsufficientCidrBlocks: The specified subnet does not have enough free cidr blocks to satisfy the request."}
{"level":"error","ts":"2026-10-05T08:41:31.093Z","caller":"ipamd/ipamd.go:1255","msg":"Failed to allocate a private IP/Prefix addresses on ENI eni-EXAMPLE19: operation error EC2: AssignPrivateIpAddresses, https response error StatusCode: 400, RequestID: 95745d93-bfaa-492c-9558-95202fb62f35, api error InsufficientCidrBlocks: The specified subnet does not have enough free cidr blocks to satisfy the request."}
{"level":"debug","ts":"2026-10-05T08:41:31.093Z","caller":"ipamd/ipamd.go:1256","msg":"containsPrivateIPAddressLimitExceededError encountered operation error EC2: AssignPrivateIpAddresses, https response error StatusCode: 400, RequestID: 95745d93-bfaa-492c-9558-95202fb62f35, api error InsufficientCidrBlocks: The specified subnet does not have enough free cidr blocks to satisfy the request."}
{"level":"warn","ts":"2026-10-05T08:41:31.093Z","caller":"ipamd/ipamd.go:1113","msg":"failed to allocate all available IPv4 Prefixes on ENI eni-EXAMPLE19, err: operation error EC2: AssignPrivateIpAddresses, https response error StatusCode: 400, RequestID: 95745d93-bfaa-492c-9558-95202fb62f35, api error InsufficientCidrBlocks: The specified subnet does not have enough free cidr blocks to satisfy the request."}
{"level":"info","ts":"2026-10-05T08:41:31.093Z","caller":"ipamd/ipamd.go:1259","msg":"Trying to allocate 1 IP addresses on ENI eni-EXAMPLE19"}
{"level":"debug","ts":"2026-10-05T08:41:31.093Z","caller":"ipamd/ipamd.go:1259","msg":"PD enabled - true"}
{"level":"debug","ts":"2026-10-05T08:41:31.494Z","caller":"awsutils/awsutils.go:2174","msg":"checkAPIErrorAndBroadcastEvent resulted in operation error EC2: AssignPrivateIpAddresses, https response error StatusCode: 400, RequestID: a2f16577-8ed5-4f25-8c9e-420ce719a2a9, api error InsufficientCidrBlocks: The specified subnet does not have enough free cidr blocks to satisfy the request."}
{"level":"error","ts":"2026-10-05T08:41:31.494Z","caller":"ipamd/ipamd.go:1259","msg":"Failed to allocate a private IP/Prefix addresses on ENI eni-EXAMPLE19: operation error EC2: AssignPrivateIpAddresses, https response error StatusCode: 400, RequestID: a2f16577-8ed5-4f25-8c9e-420ce719a2a9, api error InsufficientCidrBlocks: The specified subnet does not have enough free cidr blocks to satisfy the request."}
{"level":"debug","ts":"2026-10-05T08:41:31.495Z","caller":"ipamd/ipamd.go:1260","msg":"containsPrivateIPAddressLimitExceededError encountered operation error EC2: AssignPrivateIpAddresses, https response error StatusCode: 400, RequestID: a2f16577-8ed5-4f25-8c9e-420ce719a2a9, api error InsufficientCidrBlocks: The specified subnet does not have enough free cidr blocks to satisfy the request."}
{"level":"debug","ts":"2026-10-05T08:41:31.495Z","caller":"ipamd/ipamd.go:1262","msg":"containsInsufficientCIDRsOrSubnetIPs encountered operation error EC2: AssignPrivateIpAddresses, https response error StatusCode: 400, RequestID: a2f16577-8ed5-4f25-8c9e-420ce719a2a9, api error InsufficientCidrBlocks: The specified subnet does not have enough free cidr blocks to satisfy the request."}
{"level":"debug","ts":"2026-10-05T08:41:31.495Z","caller":"ipamd/ipamd.go:1262","msg":"Insufficient IP Addresses due to: InsufficientCidrBlocks\n"}
{"level":"debug","ts":"2026-10-05T08:41:31.495Z","caller":"ipamd/ipamd.go:1003","msg":"hasRoomForEni: networkCard=0, currentENIs=1, currentUsableENIs=1, maxENI=3, unmanagedENI=0, trunkEni=0, excludedENI=0, hasRoom=true"}
{"level":"debug","ts":"2026-10-05T08:41:31.495Z","caller":"ipamd/ipamd.go:2758","msg":"Prefix target is 1, short of 1 prefixes, free 0 prefixes"}
{"level":"debug","ts":"2026-10-05T08:41:31.495Z","caller":"ipamd/ipamd.go:2595","msg":"ToAllocate: 1, Network Card 0"}
{"level":"info","ts":"2026-10-05T08:41:31.495Z","caller":"awsutils/awsutils.go:1044","msg":"Trying to allocate 1 IP addresses on new ENI"}
{"level":"debug","ts":"2026-10-05T08:41:31.495Z","caller":"awsutils/awsutils.go:1044","msg":"PD enabled - true"}
{"level":"debug","ts":"2026-10-05T08:41:31.727Z","caller":"awsutils/awsutils.go:1272","msg":"Primary subnet subnet-EXAMPLE4 has no kubernetes.io/role/cni tag, including it for ENI creation (backwards compatibility)"}
{"level":"info","ts":"2026-10-05T08:41:31.727Z","caller":"awsutils/awsutils.go:1044","msg":"Creating ENI with security groups: [sg-EXAMPLE1] in subnet: subnet-EXAMPLE4"}
{"level":"debug","ts":"2026-10-05T08:41:31.982Z","caller":"awsutils/awsutils.go:1449","msg":"checkAPIErrorAndBroadcastEvent resulted in operation error EC2: CreateNetworkInterface, https response error StatusCode: 400, RequestID: feb94426-6101-430c-8bcc-6f0c362f43ef, api error InvalidParameterValue: There aren't sufficient free Ipv4 addresses or prefixes"}
{"level":"error","ts":"2026-10-05T08:41:31.982Z","caller":"awsutils/awsutils.go:1285","msg":"Failed to CreateNetworkInterface operation error EC2: CreateNetworkInterface, https response error StatusCode: 400, RequestID: feb94426-6101-430c-8bcc-6f0c362f43ef, api error InvalidParameterValue: There aren't sufficient free Ipv4 addresses or prefixes for subnet subnet-EXAMPLE4"}
{"level":"debug","ts":"2026-10-05T08:41:31.982Z","caller":"awsutils/awsutils.go:1272","msg":"Subnet subnet-EXAMPLE3 has no kubernetes.io/role/cni tag, excluding it from ENI creation"}
{"level":"error","ts":"2026-10-05T08:41:31.982Z","caller":"ipamd/ipamd.go:1004","msg":"Failed to increase pool size due to not able to allocate ENI AllocENI: failed to create ENI: failed to create network interface: operation error EC2: CreateNetworkInterface, https response error StatusCode: 400, RequestID: feb94426-6101-430c-8bcc-6f0c362f43ef, api error InvalidParameterValue: There aren't sufficient free Ipv4 addresses or prefixes"}
{"level":"warn","ts":"2026-10-05T08:41:31.982Z","caller":"ipamd/ipamd.go:1004","msg":"Failed to allocate 1 IP addresses on an ENI: AllocENI: failed to create ENI: failed to create network interface: operation error EC2: CreateNetworkInterface, https response error StatusCode: 400, RequestID: feb94426-6101-430c-8bcc-6f0c362f43ef, api error InvalidParameterValue: There aren't sufficient free Ipv4 addresses or prefixes"}
{"level":"debug","ts":"2026-10-05T08:41:31.983Z","caller":"ipamd/ipamd.go:1082","msg":"containsInsufficientCIDRsOrSubnetIPs encountered AllocENI: failed to create ENI: failed to create network interface: operation error EC2: CreateNetworkInterface, https response error StatusCode: 400, RequestID: feb94426-6101-430c-8bcc-6f0c362f43ef, api error InvalidParameterValue: There aren't sufficient free Ipv4 addresses or prefixes"}
{"level":"debug","ts":"2026-10-05T08:41:31.983Z","caller":"ipamd/ipamd.go:1082","msg":"Insufficient IP Addresses due to: InvalidParameterValue\n"}
{"level":"debug","ts":"2026-10-05T08:41:31.983Z","caller":"ipamd/ipamd.go:813","msg":"Error trying to allocate ENI: AllocENI: failed to create ENI: failed to create network interface: operation error EC2: CreateNetworkInterface, https response error StatusCode: 400, RequestID: feb94426-6101-430c-8bcc-6f0c362f43ef, api error InvalidParameterValue: There aren't sufficient free Ipv4 addresses or prefixes"}
{"level":"debug","ts":"2026-10-05T08:41:31.983Z","caller":"ipamd/ipamd.go:1548","msg":"ENI eni-EXAMPLE19 cannot be deleted because it is primary"}
{"level":"debug","ts":"2026-10-05T08:41:36.984Z","caller":"ipamd/ipamd.go:809","msg":"IP pool is too low for Network Card 0: available (0) < ENI target (1) * addrsPerENI (16)"}
{"level":"debug","ts":"2026-10-05T08:41:36.985Z","caller":"ipamd/ipamd.go:2689","msg":"Prefix pool stats for network card 0: Total IPs/Prefixes = 0/0, AssignedIPs/CooldownIPs: 0/0, c.maxIPsPerENI = 80"}
{"level":"debug","ts":"2026-10-05T08:41:36.985Z","caller":"ipamd/ipamd.go:795","msg":"IP stats for Network Card 0 - total IPs: 0, assigned IPs: 0, cooldown IPs: 0"}
{"level":"debug","ts":"2026-10-05T08:41:36.985Z","caller":"ipamd/ipamd.go:813","msg":"Starting to increase pool size for network card 0"}
{"level":"debug","ts":"2026-10-05T08:41:36.985Z","caller":"ipamd/ipamd.go:966","msg":"Node found \"ip-10-20-0-28.ec2.internal\" - no of taints - 0"}
{"level":"debug","ts":"2026-10-05T08:41:36.985Z","caller":"ipamd/ipamd.go:2758","msg":"Prefix target is 1, short of 1 prefixes, free 0 prefixes"}
{"level":"debug","ts":"2026-10-05T08:41:36.985Z","caller":"ipamd/ipamd.go:1248","msg":"ToAllocate: 1, Network Card 0"}
{"level":"debug","ts":"2026-10-05T08:41:36.985Z","caller":"ipamd/ipamd.go:1251","msg":"Found ENI eni-EXAMPLE19 that has less than the maximum number of IP/Prefixes addresses allocated: cur=0, max=5"}
{"level":"info","ts":"2026-10-05T08:41:36.985Z","caller":"ipamd/ipamd.go:1255","msg":"Trying to allocate 1 IP addresses on ENI eni-EXAMPLE19"}
{"level":"debug","ts":"2026-10-05T08:41:36.985Z","caller":"ipamd/ipamd.go:1255","msg":"PD enabled - true"}
{"level":"debug","ts":"2026-10-05T08:41:37.451Z","caller":"awsutils/awsutils.go:2174","msg":"checkAPIErrorAndBroadcastEvent resulted in operation error EC2: AssignPrivateIpAddresses, https response error StatusCode: 400, RequestID: 489793fd-6f06-4cb2-bbb9-5cfe23cff328, api error InsufficientCidrBlocks: The specified subnet does not have enough free cidr blocks to satisfy the request."}
{"level":"error","ts":"2026-10-05T08:41:37.451Z","caller":"ipamd/ipamd.go:1255","msg":"Failed to allocate a private IP/Prefix addresses on ENI eni-EXAMPLE19: operation error EC2: AssignPrivateIpAddresses, https response error StatusCode: 400, RequestID: 489793fd-6f06-4cb2-bbb9-5cfe23cff328, api error InsufficientCidrBlocks: The specified subnet does not have enough free cidr blocks to satisfy the request."}
{"level":"debug","ts":"2026-10-05T08:41:37.451Z","caller":"ipamd/ipamd.go:1256","msg":"containsPrivateIPAddressLimitExceededError encountered operation error EC2: AssignPrivateIpAddresses, https response error StatusCode: 400, RequestID: 489793fd-6f06-4cb2-bbb9-5cfe23cff328, api error InsufficientCidrBlocks: The specified subnet does not have enough free cidr blocks to satisfy the request."}
{"level":"warn","ts":"2026-10-05T08:41:37.451Z","caller":"ipamd/ipamd.go:1113","msg":"failed to allocate all available IPv4 Prefixes on ENI eni-EXAMPLE19, err: operation error EC2: AssignPrivateIpAddresses, https response error StatusCode: 400, RequestID: 489793fd-6f06-4cb2-bbb9-5cfe23cff328, api error InsufficientCidrBlocks: The specified subnet does not have enough free cidr blocks to satisfy the request."}
{"level":"info","ts":"2026-10-05T08:41:37.451Z","caller":"ipamd/ipamd.go:1259","msg":"Trying to allocate 1 IP addresses on ENI eni-EXAMPLE19"}
{"level":"debug","ts":"2026-10-05T08:41:37.451Z","caller":"ipamd/ipamd.go:1259","msg":"PD enabled - true"}
{"level":"debug","ts":"2026-10-05T08:41:37.901Z","caller":"awsutils/awsutils.go:2174","msg":"checkAPIErrorAndBroadcastEvent resulted in operation error EC2: AssignPrivateIpAddresses, https response error StatusCode: 400, RequestID: ef528357-39ac-45a7-a9df-9b611382b19f, api error InsufficientCidrBlocks: The specified subnet does not have enough free cidr blocks to satisfy the request."}
{"level":"error","ts":"2026-10-05T08:41:37.901Z","caller":"ipamd/ipamd.go:1259","msg":"Failed to allocate a private IP/Prefix addresses on ENI eni-EXAMPLE19: operation error EC2: AssignPrivateIpAddresses, https response error StatusCode: 400, RequestID: ef528357-39ac-45a7-a9df-9b611382b19f, api error InsufficientCidrBlocks: The specified subnet does not have enough free cidr blocks to satisfy the request."}
{"level":"debug","ts":"2026-10-05T08:41:37.901Z","caller":"ipamd/ipamd.go:1260","msg":"containsPrivateIPAddressLimitExceededError encountered operation error EC2: AssignPrivateIpAddresses, https response error StatusCode: 400, RequestID: ef528357-39ac-45a7-a9df-9b611382b19f, api error InsufficientCidrBlocks: The specified subnet does not have enough free cidr blocks to satisfy the request."}
{"level":"debug","ts":"2026-10-05T08:41:37.901Z","caller":"ipamd/ipamd.go:1262","msg":"containsInsufficientCIDRsOrSubnetIPs encountered operation error EC2: AssignPrivateIpAddresses, https response error StatusCode: 400, RequestID: ef528357-39ac-45a7-a9df-9b611382b19f, api error InsufficientCidrBlocks: The specified subnet does not have enough free cidr blocks to satisfy the request."}
{"level":"debug","ts":"2026-10-05T08:41:37.901Z","caller":"ipamd/ipamd.go:1262","msg":"Insufficient IP Addresses due to: InsufficientCidrBlocks\n"}
{"level":"debug","ts":"2026-10-05T08:41:37.901Z","caller":"ipamd/ipamd.go:1003","msg":"hasRoomForEni: networkCard=0, currentENIs=1, currentUsableENIs=1, maxENI=3, unmanagedENI=0, trunkEni=0, excludedENI=0, hasRoom=true"}
{"level":"debug","ts":"2026-10-05T08:41:37.901Z","caller":"ipamd/ipamd.go:2758","msg":"Prefix target is 1, short of 1 prefixes, free 0 prefixes"}
{"level":"debug","ts":"2026-10-05T08:41:37.901Z","caller":"ipamd/ipamd.go:2595","msg":"ToAllocate: 1, Network Card 0"}
{"level":"info","ts":"2026-10-05T08:41:37.901Z","caller":"awsutils/awsutils.go:1044","msg":"Trying to allocate 1 IP addresses on new ENI"}
{"level":"debug","ts":"2026-10-05T08:41:37.901Z","caller":"awsutils/awsutils.go:1044","msg":"PD enabled - true"}
{"level":"debug","ts":"2026-10-05T08:41:38.021Z","caller":"awsutils/awsutils.go:1272","msg":"Primary subnet subnet-EXAMPLE4 has no kubernetes.io/role/cni tag, including it for ENI creation (backwards compatibility)"}
{"level":"info","ts":"2026-10-05T08:41:38.021Z","caller":"awsutils/awsutils.go:1044","msg":"Creating ENI with security groups: [sg-EXAMPLE1] in subnet: subnet-EXAMPLE4"}
{"level":"debug","ts":"2026-10-05T08:41:38.272Z","caller":"awsutils/awsutils.go:1449","msg":"checkAPIErrorAndBroadcastEvent resulted in operation error EC2: CreateNetworkInterface, https response error StatusCode: 400, RequestID: 81166c7c-c508-456c-970e-4fbef353647e, api error InvalidParameterValue: There aren't sufficient free Ipv4 addresses or prefixes"}
{"level":"error","ts":"2026-10-05T08:41:38.272Z","caller":"awsutils/awsutils.go:1285","msg":"Failed to CreateNetworkInterface operation error EC2: CreateNetworkInterface, https response error StatusCode: 400, RequestID: 81166c7c-c508-456c-970e-4fbef353647e, api error InvalidParameterValue: There aren't sufficient free Ipv4 addresses or prefixes for subnet subnet-EXAMPLE4"}
{"level":"debug","ts":"2026-10-05T08:41:38.272Z","caller":"awsutils/awsutils.go:1272","msg":"Subnet subnet-EXAMPLE3 has no kubernetes.io/role/cni tag, excluding it from ENI creation"}
{"level":"error","ts":"2026-10-05T08:41:38.272Z","caller":"ipamd/ipamd.go:1004","msg":"Failed to increase pool size due to not able to allocate ENI AllocENI: failed to create ENI: failed to create network interface: operation error EC2: CreateNetworkInterface, https response error StatusCode: 400, RequestID: 81166c7c-c508-456c-970e-4fbef353647e, api error InvalidParameterValue: There aren't sufficient free Ipv4 addresses or prefixes"}
{"level":"warn","ts":"2026-10-05T08:41:38.272Z","caller":"ipamd/ipamd.go:1004","msg":"Failed to allocate 1 IP addresses on an ENI: AllocENI: failed to create ENI: failed to create network interface: operation error EC2: CreateNetworkInterface, https response error StatusCode: 400, RequestID: 81166c7c-c508-456c-970e-4fbef353647e, api error InvalidParameterValue: There aren't sufficient free Ipv4 addresses or prefixes"}
{"level":"debug","ts":"2026-10-05T08:41:38.273Z","caller":"ipamd/ipamd.go:1082","msg":"containsInsufficientCIDRsOrSubnetIPs encountered AllocENI: failed to create ENI: failed to create network interface: operation error EC2: CreateNetworkInterface, https response error StatusCode: 400, RequestID: 81166c7c-c508-456c-970e-4fbef353647e, api error InvalidParameterValue: There aren't sufficient free Ipv4 addresses or prefixes"}
{"level":"debug","ts":"2026-10-05T08:41:38.273Z","caller":"ipamd/ipamd.go:1082","msg":"Insufficient IP Addresses due to: InvalidParameterValue\n"}
{"level":"debug","ts":"2026-10-05T08:41:38.273Z","caller":"ipamd/ipamd.go:813","msg":"Error trying to allocate ENI: AllocENI: failed to create ENI: failed to create network interface: operation error EC2: CreateNetworkInterface, https response error StatusCode: 400, RequestID: 81166c7c-c508-456c-970e-4fbef353647e, api error InvalidParameterValue: There aren't sufficient free Ipv4 addresses or prefixes"}
{"level":"debug","ts":"2026-10-05T08:41:38.273Z","caller":"ipamd/ipamd.go:1548","msg":"ENI eni-EXAMPLE19 cannot be deleted because it is primary"}
{"level":"info","ts":"2026-10-05T08:41:39.786Z","caller":"rpc/rpc_grpc.pb.go:117","msg":"Received AddNetwork for NS /var/run/netns/cni-92576c04-bdef-71eb-2945-e9accd2f98e0, Sandbox 9a4f909a0021ce6649e23ad8d9136712f888fcb8938aa4ff5906199539b1583f, ifname eth0"}
{"level":"debug","ts":"2026-10-05T08:41:39.786Z","caller":"rpc/rpc_grpc.pb.go:117","msg":"AddNetworkRequest: K8S_POD_NAME:\"pause-68d5b89fc-5gpj2\"  K8S_POD_NAMESPACE:\"default\"  K8S_POD_INFRA_CONTAINER_ID:\"9a4f909a0021ce6649e23ad8d9136712f888fcb8938aa4ff5906199539b1583f\"  ContainerID:\"9a4f909a0021ce6649e23ad8d9136712f888fcb8938aa4ff5906199539b1583f\"  IfName:\"eth0\"  NetworkName:\"aws-cni\"  Netns:\"/var/run/netns/cni-92576c04-bdef-71eb-2945-e9accd2f98e0\""}
{"level":"info","ts":"2026-10-05T08:41:39.786Z","caller":"rpc/rpc_grpc.pb.go:117","msg":"Required MultiNIC access false, interfaces required 1"}
{"level":"debug","ts":"2026-10-05T08:41:39.786Z","caller":"datastore/data_store.go:713","msg":"AssignPodIPv4Address: IP address pool stats: total 0, assigned 0"}
{"level":"debug","ts":"2026-10-05T08:41:39.786Z","caller":"datastore/data_store.go:713","msg":"AssignPodIPv4Address: ENI eni-EXAMPLE19 does not have available addresses"}
{"level":"error","ts":"2026-10-05T08:41:39.786Z","caller":"datastore/data_store.go:713","msg":"DataStore has no available IP/Prefix addresses"}
{"level":"warn","ts":"2026-10-05T08:41:39.786Z","caller":"rpc/rpc_grpc.pb.go:117","msg":"Failed to assign IPs from network card 0: AssignPodIPAddress: no available IP/Prefix addresses"}
{"level":"error","ts":"2026-10-05T08:41:39.786Z","caller":"rpc/rpc_grpc.pb.go:117","msg":"Returning failure response for AddNetwork: 1 error occurred:\n\t* AssignPodIPAddress: no available IP/Prefix addresses\n\n"}
{"level":"info","ts":"2026-10-05T08:41:39.786Z","caller":"rpc/rpc_grpc.pb.go:117","msg":"Send AddNetworkReply: Success: false IPAddr: [], resp: , err: AssignPodIPAddress: no available IP/Prefix addresses"}
{"level":"info","ts":"2026-10-05T08:41:39.792Z","caller":"rpc/rpc_grpc.pb.go:117","msg":"Received AddNetwork for NS /var/run/netns/cni-25ee5f75-db33-dfa7-b986-cc95d567e058, Sandbox 0fe845c8f8b8418f0fe9df29c43f8b096c96d3d5766d1fdf3b464efc2944d222, ifname eth0"}
{"level":"debug","ts":"2026-10-05T08:41:39.792Z","caller":"rpc/rpc_grpc.pb.go:117","msg":"AddNetworkRequest: K8S_POD_NAME:\"pause-68d5b89fc-88226\"  K8S_POD_NAMESPACE:\"default\"  K8S_POD_INFRA_CONTAINER_ID:\"0fe845c8f8b8418f0fe9df29c43f8b096c96d3d5766d1fdf3b464efc2944d222\"  ContainerID:\"0fe845c8f8b8418f0fe9df29c43f8b096c96d3d5766d1fdf3b464efc2944d222\"  IfName:\"eth0\"  NetworkName:\"aws-cni\"  Netns:\"/var/run/netns/cni-25ee5f75-db33-dfa7-b986-cc95d567e058\""}
{"level":"info","ts":"2026-10-05T08:41:39.792Z","caller":"rpc/rpc_grpc.pb.go:117","msg":"Required MultiNIC access false, interfaces required 1"}
{"level":"debug","ts":"2026-10-05T08:41:39.792Z","caller":"datastore/data_store.go:713","msg":"AssignPodIPv4Address: IP address pool stats: total 0, assigned 0"}
{"level":"debug","ts":"2026-10-05T08:41:39.792Z","caller":"datastore/data_store.go:713","msg":"AssignPodIPv4Address: ENI eni-EXAMPLE19 does not have available addresses"}
{"level":"error","ts":"2026-10-05T08:41:39.792Z","caller":"datastore/data_store.go:713","msg":"DataStore has no available IP/Prefix addresses"}
{"level":"warn","ts":"2026-10-05T08:41:39.792Z","caller":"rpc/rpc_grpc.pb.go:117","msg":"Failed to assign IPs from network card 0: AssignPodIPAddress: no available IP/Prefix addresses"}
{"level":"error","ts":"2026-10-05T08:41:39.792Z","caller":"rpc/rpc_grpc.pb.go:117","msg":"Returning failure response for AddNetwork: 1 error occurred:\n\t* AssignPodIPAddress: no available IP/Prefix addresses\n\n"}
{"level":"info","ts":"2026-10-05T08:41:39.792Z","caller":"rpc/rpc_grpc.pb.go:117","msg":"Send AddNetworkReply: Success: false IPAddr: [], resp: , err: AssignPodIPAddress: no available IP/Prefix addresses"}
{"level":"info","ts":"2026-10-05T08:41:39.828Z","caller":"rpc/rpc_grpc.pb.go:135","msg":"Received DelNetwork for Sandbox 9a4f909a0021ce6649e23ad8d9136712f888fcb8938aa4ff5906199539b1583f"}
{"level":"debug","ts":"2026-10-05T08:41:39.829Z","caller":"rpc/rpc_grpc.pb.go:135","msg":"DelNetworkRequest: K8S_POD_NAME:\"pause-68d5b89fc-5gpj2\"  K8S_POD_NAMESPACE:\"default\"  K8S_POD_INFRA_CONTAINER_ID:\"9a4f909a0021ce6649e23ad8d9136712f888fcb8938aa4ff5906199539b1583f\"  Reason:\"PodDeleted\"  ContainerID:\"9a4f909a0021ce6649e23ad8d9136712f888fcb8938aa4ff5906199539b1583f\"  IfName:\"eth0\"  NetworkName:\"aws-cni\"  K8S_POD_UID:\"8da26452-5df7-4b5d-bf8b-b8df9d619b63\""}
{"level":"debug","ts":"2026-10-05T08:41:39.829Z","caller":"ipamd/rpc_handler.go:353","msg":"UnassignPodIPAddress: IP address pool stats: total 0, assigned 0, sandbox aws-cni/9a4f909a0021ce6649e23ad8d9136712f888fcb8938aa4ff5906199539b1583f/eth0"}
{"level":"debug","ts":"2026-10-05T08:41:39.829Z","caller":"ipamd/rpc_handler.go:353","msg":"UnassignPodIPAddress: Failed to find IPAM entry under full key, trying CRI-migrated version"}
{"level":"warn","ts":"2026-10-05T08:41:39.829Z","caller":"ipamd/rpc_handler.go:353","msg":"UnassignPodIPAddress: Failed to find sandbox _migrated-from-cri/9a4f909a0021ce6649e23ad8d9136712f888fcb8938aa4ff5906199539b1583f/unknown"}
{"level":"info","ts":"2026-10-05T08:41:39.829Z","caller":"rpc/rpc_grpc.pb.go:135","msg":"Send DelNetworkReply: IPAddress: [], err: 1 error occurred:\n\t* datastore: unknown pod\n\n"}
{"level":"info","ts":"2026-10-05T08:41:39.831Z","caller":"rpc/rpc_grpc.pb.go:135","msg":"Received DelNetwork for Sandbox 0fe845c8f8b8418f0fe9df29c43f8b096c96d3d5766d1fdf3b464efc2944d222"}
{"level":"debug","ts":"2026-10-05T08:41:39.831Z","caller":"rpc/rpc_grpc.pb.go:135","msg":"DelNetworkRequest: K8S_POD_NAME:\"pause-68d5b89fc-88226\"  K8S_POD_NAMESPACE:\"default\"  K8S_POD_INFRA_CONTAINER_ID:\"0fe845c8f8b8418f0fe9df29c43f8b096c96d3d5766d1fdf3b464efc2944d222\"  Reason:\"PodDeleted\"  ContainerID:\"0fe845c8f8b8418f0fe9df29c43f8b096c96d3d5766d1fdf3b464efc2944d222\"  IfName:\"eth0\"  NetworkName:\"aws-cni\"  K8S_POD_UID:\"e903ba0e-e96e-48c7-90d6-ad1a2a6941a3\""}
{"level":"debug","ts":"2026-10-05T08:41:39.831Z","caller":"ipamd/rpc_handler.go:353","msg":"UnassignPodIPAddress: IP address pool stats: total 0, assigned 0, sandbox aws-cni/0fe845c8f8b8418f0fe9df29c43f8b096c96d3d5766d1fdf3b464efc2944d222/eth0"}
{"level":"debug","ts":"2026-10-05T08:41:39.831Z","caller":"ipamd/rpc_handler.go:353","msg":"UnassignPodIPAddress: Failed to find IPAM entry under full key, trying CRI-migrated version"}
{"level":"warn","ts":"2026-10-05T08:41:39.831Z","caller":"ipamd/rpc_handler.go:353","msg":"UnassignPodIPAddress: Failed to find sandbox _migrated-from-cri/0fe845c8f8b8418f0fe9df29c43f8b096c96d3d5766d1fdf3b464efc2944d222/unknown"}
{"level":"info","ts":"2026-10-05T08:41:39.831Z","caller":"rpc/rpc_grpc.pb.go:135","msg":"Send DelNetworkReply: IPAddress: [], err: 1 error occurred:\n\t* datastore: unknown pod\n\n"}
{"level":"info","ts":"2026-10-05T08:41:40.777Z","caller":"rpc/rpc_grpc.pb.go:117","msg":"Received AddNetwork for NS /var/run/netns/cni-d64782e6-83aa-9232-01d6-d23f298ef933, Sandbox a20685c57fcda69245e235c22a63f7500564a087997cbf028ec42d0c30153b93, ifname eth0"}
{"level":"debug","ts":"2026-10-05T08:41:40.777Z","caller":"rpc/rpc_grpc.pb.go:117","msg":"AddNetworkRequest: K8S_POD_NAME:\"pause-68d5b89fc-n9q4v\"  K8S_POD_NAMESPACE:\"default\"  K8S_POD_INFRA_CONTAINER_ID:\"a20685c57fcda69245e235c22a63f7500564a087997cbf028ec42d0c30153b93\"  ContainerID:\"a20685c57fcda69245e235c22a63f7500564a087997cbf028ec42d0c30153b93\"  IfName:\"eth0\"  NetworkName:\"aws-cni\"  Netns:\"/var/run/netns/cni-d64782e6-83aa-9232-01d6-d23f298ef933\""}
{"level":"info","ts":"2026-10-05T08:41:40.777Z","caller":"rpc/rpc_grpc.pb.go:117","msg":"Required MultiNIC access false, interfaces required 1"}
{"level":"debug","ts":"2026-10-05T08:41:40.777Z","caller":"datastore/data_store.go:713","msg":"AssignPodIPv4Address: IP address pool stats: total 0, assigned 0"}
{"level":"debug","ts":"2026-10-05T08:41:40.777Z","caller":"datastore/data_store.go:713","msg":"AssignPodIPv4Address: ENI eni-EXAMPLE19 does not have available addresses"}
{"level":"error","ts":"2026-10-05T08:41:40.777Z","caller":"datastore/data_store.go:713","msg":"DataStore has no available IP/Prefix addresses"}
{"level":"warn","ts":"2026-10-05T08:41:40.777Z","caller":"rpc/rpc_grpc.pb.go:117","msg":"Failed to assign IPs from network card 0: AssignPodIPAddress: no available IP/Prefix addresses"}
{"level":"error","ts":"2026-10-05T08:41:40.777Z","caller":"rpc/rpc_grpc.pb.go:117","msg":"Returning failure response for AddNetwork: 1 error occurred:\n\t* AssignPodIPAddress: no available IP/Prefix addresses\n\n"}
{"level":"info","ts":"2026-10-05T08:41:40.777Z","caller":"rpc/rpc_grpc.pb.go:117","msg":"Send AddNetworkReply: Success: false IPAddr: [], resp: , err: AssignPodIPAddress: no available IP/Prefix addresses"}
{"level":"info","ts":"2026-10-05T08:41:40.803Z","caller":"rpc/rpc_grpc.pb.go:135","msg":"Received DelNetwork for Sandbox a20685c57fcda69245e235c22a63f7500564a087997cbf028ec42d0c30153b93"}
{"level":"debug","ts":"2026-10-05T08:41:40.803Z","caller":"rpc/rpc_grpc.pb.go:135","msg":"DelNetworkRequest: K8S_POD_NAME:\"pause-68d5b89fc-n9q4v\"  K8S_POD_NAMESPACE:\"default\"  K8S_POD_INFRA_CONTAINER_ID:\"a20685c57fcda69245e235c22a63f7500564a087997cbf028ec42d0c30153b93\"  Reason:\"PodDeleted\"  ContainerID:\"a20685c57fcda69245e235c22a63f7500564a087997cbf028ec42d0c30153b93\"  IfName:\"eth0\"  NetworkName:\"aws-cni\"  K8S_POD_UID:\"f68fbeb2-acd7-443d-aaf4-9fe8443ea42e\""}
{"level":"debug","ts":"2026-10-05T08:41:40.803Z","caller":"ipamd/rpc_handler.go:353","msg":"UnassignPodIPAddress: IP address pool stats: total 0, assigned 0, sandbox aws-cni/a20685c57fcda69245e235c22a63f7500564a087997cbf028ec42d0c30153b93/eth0"}
{"level":"debug","ts":"2026-10-05T08:41:40.803Z","caller":"ipamd/rpc_handler.go:353","msg":"UnassignPodIPAddress: Failed to find IPAM entry under full key, trying CRI-migrated version"}
{"level":"warn","ts":"2026-10-05T08:41:40.803Z","caller":"ipamd/rpc_handler.go:353","msg":"UnassignPodIPAddress: Failed to find sandbox _migrated-from-cri/a20685c57fcda69245e235c22a63f7500564a087997cbf028ec42d0c30153b93/unknown"}
{"level":"info","ts":"2026-10-05T08:41:40.803Z","caller":"rpc/rpc_grpc.pb.go:135","msg":"Send DelNetworkReply: IPAddress: [], err: 1 error occurred:\n\t* datastore: unknown pod\n\n"}
{"level":"debug","ts":"2026-10-05T08:41:43.273Z","caller":"ipamd/ipamd.go:809","msg":"IP pool is too low for Network Card 0: available (0) < ENI target (1) * addrsPerENI (16)"}
{"level":"debug","ts":"2026-10-05T08:41:43.273Z","caller":"ipamd/ipamd.go:2689","msg":"Prefix pool stats for network card 0: Total IPs/Prefixes = 0/0, AssignedIPs/CooldownIPs: 0/0, c.maxIPsPerENI = 80"}
{"level":"debug","ts":"2026-10-05T08:41:43.273Z","caller":"ipamd/ipamd.go:795","msg":"IP stats for Network Card 0 - total IPs: 0, assigned IPs: 0, cooldown IPs: 0"}
{"level":"debug","ts":"2026-10-05T08:41:43.273Z","caller":"ipamd/ipamd.go:813","msg":"Starting to increase pool size for network card 0"}
{"level":"debug","ts":"2026-10-05T08:41:43.273Z","caller":"ipamd/ipamd.go:966","msg":"Node found \"ip-10-20-0-28.ec2.internal\" - no of taints - 0"}
{"level":"debug","ts":"2026-10-05T08:41:43.273Z","caller":"ipamd/ipamd.go:2758","msg":"Prefix target is 1, short of 1 prefixes, free 0 prefixes"}
{"level":"debug","ts":"2026-10-05T08:41:43.273Z","caller":"ipamd/ipamd.go:1248","msg":"ToAllocate: 1, Network Card 0"}
{"level":"debug","ts":"2026-10-05T08:41:43.273Z","caller":"ipamd/ipamd.go:1251","msg":"Found ENI eni-EXAMPLE19 that has less than the maximum number of IP/Prefixes addresses allocated: cur=0, max=5"}
{"level":"info","ts":"2026-10-05T08:41:43.273Z","caller":"ipamd/ipamd.go:1255","msg":"Trying to allocate 1 IP addresses on ENI eni-EXAMPLE19"}
{"level":"debug","ts":"2026-10-05T08:41:43.273Z","caller":"ipamd/ipamd.go:1255","msg":"PD enabled - true"}
{"level":"debug","ts":"2026-10-05T08:41:43.704Z","caller":"awsutils/awsutils.go:2174","msg":"checkAPIErrorAndBroadcastEvent resulted in operation error EC2: AssignPrivateIpAddresses, https response error StatusCode: 400, RequestID: b9d11a8a-25f7-46b1-9363-8d90f1915231, api error InsufficientCidrBlocks: The specified subnet does not have enough free cidr blocks to satisfy the request."}
{"level":"error","ts":"2026-10-05T08:41:43.704Z","caller":"ipamd/ipamd.go:1255","msg":"Failed to allocate a private IP/Prefix addresses on ENI eni-EXAMPLE19: operation error EC2: AssignPrivateIpAddresses, https response error StatusCode: 400, RequestID: b9d11a8a-25f7-46b1-9363-8d90f1915231, api error InsufficientCidrBlocks: The specified subnet does not have enough free cidr blocks to satisfy the request."}
{"level":"debug","ts":"2026-10-05T08:41:43.704Z","caller":"ipamd/ipamd.go:1256","msg":"containsPrivateIPAddressLimitExceededError encountered operation error EC2: AssignPrivateIpAddresses, https response error StatusCode: 400, RequestID: b9d11a8a-25f7-46b1-9363-8d90f1915231, api error InsufficientCidrBlocks: The specified subnet does not have enough free cidr blocks to satisfy the request."}
{"level":"warn","ts":"2026-10-05T08:41:43.704Z","caller":"ipamd/ipamd.go:1113","msg":"failed to allocate all available IPv4 Prefixes on ENI eni-EXAMPLE19, err: operation error EC2: AssignPrivateIpAddresses, https response error StatusCode: 400, RequestID: b9d11a8a-25f7-46b1-9363-8d90f1915231, api error InsufficientCidrBlocks: The specified subnet does not have enough free cidr blocks to satisfy the request."}
{"level":"info","ts":"2026-10-05T08:41:43.704Z","caller":"ipamd/ipamd.go:1259","msg":"Trying to allocate 1 IP addresses on ENI eni-EXAMPLE19"}
{"level":"debug","ts":"2026-10-05T08:41:43.704Z","caller":"ipamd/ipamd.go:1259","msg":"PD enabled - true"}
{"level":"debug","ts":"2026-10-05T08:41:44.139Z","caller":"awsutils/awsutils.go:2174","msg":"checkAPIErrorAndBroadcastEvent resulted in operation error EC2: AssignPrivateIpAddresses, https response error StatusCode: 400, RequestID: 520ee0ad-c9e0-4837-8f76-744a27b8c57b, api error InsufficientCidrBlocks: The specified subnet does not have enough free cidr blocks to satisfy the request."}
{"level":"error","ts":"2026-10-05T08:41:44.139Z","caller":"ipamd/ipamd.go:1259","msg":"Failed to allocate a private IP/Prefix addresses on ENI eni-EXAMPLE19: operation error EC2: AssignPrivateIpAddresses, https response error StatusCode: 400, RequestID: 520ee0ad-c9e0-4837-8f76-744a27b8c57b, api error InsufficientCidrBlocks: The specified subnet does not have enough free cidr blocks to satisfy the request."}
{"level":"debug","ts":"2026-10-05T08:41:44.139Z","caller":"ipamd/ipamd.go:1260","msg":"containsPrivateIPAddressLimitExceededError encountered operation error EC2: AssignPrivateIpAddresses, https response error StatusCode: 400, RequestID: 520ee0ad-c9e0-4837-8f76-744a27b8c57b, api error InsufficientCidrBlocks: The specified subnet does not have enough free cidr blocks to satisfy the request."}
{"level":"debug","ts":"2026-10-05T08:41:44.139Z","caller":"ipamd/ipamd.go:1262","msg":"containsInsufficientCIDRsOrSubnetIPs encountered operation error EC2: AssignPrivateIpAddresses, https response error StatusCode: 400, RequestID: 520ee0ad-c9e0-4837-8f76-744a27b8c57b, api error InsufficientCidrBlocks: The specified subnet does not have enough free cidr blocks to satisfy the request."}
{"level":"debug","ts":"2026-10-05T08:41:44.139Z","caller":"ipamd/ipamd.go:1262","msg":"Insufficient IP Addresses due to: InsufficientCidrBlocks\n"}
{"level":"debug","ts":"2026-10-05T08:41:44.139Z","caller":"ipamd/ipamd.go:1003","msg":"hasRoomForEni: networkCard=0, currentENIs=1, currentUsableENIs=1, maxENI=3, unmanagedENI=0, trunkEni=0, excludedENI=0, hasRoom=true"}
{"level":"debug","ts":"2026-10-05T08:41:44.139Z","caller":"ipamd/ipamd.go:2758","msg":"Prefix target is 1, short of 1 prefixes, free 0 prefixes"}
{"level":"debug","ts":"2026-10-05T08:41:44.139Z","caller":"ipamd/ipamd.go:2595","msg":"ToAllocate: 1, Network Card 0"}
{"level":"info","ts":"2026-10-05T08:41:44.139Z","caller":"awsutils/awsutils.go:1044","msg":"Trying to allocate 1 IP addresses on new ENI"}
{"level":"debug","ts":"2026-10-05T08:41:44.139Z","caller":"awsutils/awsutils.go:1044","msg":"PD enabled - true"}
{"level":"debug","ts":"2026-10-05T08:41:44.470Z","caller":"awsutils/awsutils.go:1272","msg":"Primary subnet subnet-EXAMPLE4 has no kubernetes.io/role/cni tag, including it for ENI creation (backwards compatibility)"}
{"level":"info","ts":"2026-10-05T08:41:44.470Z","caller":"awsutils/awsutils.go:1044","msg":"Creating ENI with security groups: [sg-EXAMPLE1] in subnet: subnet-EXAMPLE4"}
{"level":"debug","ts":"2026-10-05T08:41:44.626Z","caller":"awsutils/awsutils.go:1449","msg":"checkAPIErrorAndBroadcastEvent resulted in operation error EC2: CreateNetworkInterface, https response error StatusCode: 400, RequestID: 5c8cca7c-453f-48dc-a4cc-c08f27614e00, api error InvalidParameterValue: There aren't sufficient free Ipv4 addresses or prefixes"}
{"level":"error","ts":"2026-10-05T08:41:44.626Z","caller":"awsutils/awsutils.go:1285","msg":"Failed to CreateNetworkInterface operation error EC2: CreateNetworkInterface, https response error StatusCode: 400, RequestID: 5c8cca7c-453f-48dc-a4cc-c08f27614e00, api error InvalidParameterValue: There aren't sufficient free Ipv4 addresses or prefixes for subnet subnet-EXAMPLE4"}
{"level":"debug","ts":"2026-10-05T08:41:44.626Z","caller":"awsutils/awsutils.go:1272","msg":"Subnet subnet-EXAMPLE3 has no kubernetes.io/role/cni tag, excluding it from ENI creation"}
{"level":"error","ts":"2026-10-05T08:41:44.626Z","caller":"ipamd/ipamd.go:1004","msg":"Failed to increase pool size due to not able to allocate ENI AllocENI: failed to create ENI: failed to create network interface: operation error EC2: CreateNetworkInterface, https response error StatusCode: 400, RequestID: 5c8cca7c-453f-48dc-a4cc-c08f27614e00, api error InvalidParameterValue: There aren't sufficient free Ipv4 addresses or prefixes"}
{"level":"warn","ts":"2026-10-05T08:41:44.626Z","caller":"ipamd/ipamd.go:1004","msg":"Failed to allocate 1 IP addresses on an ENI: AllocENI: failed to create ENI: failed to create network interface: operation error EC2: CreateNetworkInterface, https response error StatusCode: 400, RequestID: 5c8cca7c-453f-48dc-a4cc-c08f27614e00, api error InvalidParameterValue: There aren't sufficient free Ipv4 addresses or prefixes"}
{"level":"debug","ts":"2026-10-05T08:41:44.626Z","caller":"ipamd/ipamd.go:1082","msg":"containsInsufficientCIDRsOrSubnetIPs encountered AllocENI: failed to create ENI: failed to create network interface: operation error EC2: CreateNetworkInterface, https response error StatusCode: 400, RequestID: 5c8cca7c-453f-48dc-a4cc-c08f27614e00, api error InvalidParameterValue: There aren't sufficient free Ipv4 addresses or prefixes"}
{"level":"debug","ts":"2026-10-05T08:41:44.626Z","caller":"ipamd/ipamd.go:1082","msg":"Insufficient IP Addresses due to: InvalidParameterValue\n"}
{"level":"debug","ts":"2026-10-05T08:41:44.626Z","caller":"ipamd/ipamd.go:813","msg":"Error trying to allocate ENI: AllocENI: failed to create ENI: failed to create network interface: operation error EC2: CreateNetworkInterface, https response error StatusCode: 400, RequestID: 5c8cca7c-453f-48dc-a4cc-c08f27614e00, api error InvalidParameterValue: There aren't sufficient free Ipv4 addresses or prefixes"}
{"level":"debug","ts":"2026-10-05T08:41:44.626Z","caller":"ipamd/ipamd.go:1548","msg":"ENI eni-EXAMPLE19 cannot be deleted because it is primary"}
{"level":"debug","ts":"2026-10-05T08:41:49.629Z","caller":"ipamd/ipamd.go:809","msg":"IP pool is too low for Network Card 0: available (0) < ENI target (1) * addrsPerENI (16)"}
{"level":"debug","ts":"2026-10-05T08:41:49.629Z","caller":"ipamd/ipamd.go:2689","msg":"Prefix pool stats for network card 0: Total IPs/Prefixes = 0/0, AssignedIPs/CooldownIPs: 0/0, c.maxIPsPerENI = 80"}
{"level":"debug","ts":"2026-10-05T08:41:49.629Z","caller":"ipamd/ipamd.go:795","msg":"IP stats for Network Card 0 - total IPs: 0, assigned IPs: 0, cooldown IPs: 0"}
{"level":"debug","ts":"2026-10-05T08:41:49.629Z","caller":"ipamd/ipamd.go:813","msg":"Starting to increase pool size for network card 0"}
{"level":"debug","ts":"2026-10-05T08:41:49.629Z","caller":"ipamd/ipamd.go:966","msg":"Node found \"ip-10-20-0-28.ec2.internal\" - no of taints - 0"}
{"level":"debug","ts":"2026-10-05T08:41:49.629Z","caller":"ipamd/ipamd.go:2758","msg":"Prefix target is 1, short of 1 prefixes, free 0 prefixes"}
{"level":"debug","ts":"2026-10-05T08:41:49.629Z","caller":"ipamd/ipamd.go:1248","msg":"ToAllocate: 1, Network Card 0"}
{"level":"debug","ts":"2026-10-05T08:41:49.629Z","caller":"ipamd/ipamd.go:1251","msg":"Found ENI eni-EXAMPLE19 that has less than the maximum number of IP/Prefixes addresses allocated: cur=0, max=5"}
{"level":"info","ts":"2026-10-05T08:41:49.629Z","caller":"ipamd/ipamd.go:1255","msg":"Trying to allocate 1 IP addresses on ENI eni-EXAMPLE19"}
{"level":"debug","ts":"2026-10-05T08:41:49.629Z","caller":"ipamd/ipamd.go:1255","msg":"PD enabled - true"}
{"level":"debug","ts":"2026-10-05T08:41:50.010Z","caller":"awsutils/awsutils.go:2174","msg":"checkAPIErrorAndBroadcastEvent resulted in operation error EC2: AssignPrivateIpAddresses, https response error StatusCode: 400, RequestID: 26a42269-b6eb-448a-9b7d-498e2c46cfef, api error InsufficientCidrBlocks: The specified subnet does not have enough free cidr blocks to satisfy the request."}
{"level":"error","ts":"2026-10-05T08:41:50.010Z","caller":"ipamd/ipamd.go:1255","msg":"Failed to allocate a private IP/Prefix addresses on ENI eni-EXAMPLE19: operation error EC2: AssignPrivateIpAddresses, https response error StatusCode: 400, RequestID: 26a42269-b6eb-448a-9b7d-498e2c46cfef, api error InsufficientCidrBlocks: The specified subnet does not have enough free cidr blocks to satisfy the request."}
{"level":"debug","ts":"2026-10-05T08:41:50.010Z","caller":"ipamd/ipamd.go:1256","msg":"containsPrivateIPAddressLimitExceededError encountered operation error EC2: AssignPrivateIpAddresses, https response error StatusCode: 400, RequestID: 26a42269-b6eb-448a-9b7d-498e2c46cfef, api error InsufficientCidrBlocks: The specified subnet does not have enough free cidr blocks to satisfy the request."}
{"level":"warn","ts":"2026-10-05T08:41:50.010Z","caller":"ipamd/ipamd.go:1113","msg":"failed to allocate all available IPv4 Prefixes on ENI eni-EXAMPLE19, err: operation error EC2: AssignPrivateIpAddresses, https response error StatusCode: 400, RequestID: 26a42269-b6eb-448a-9b7d-498e2c46cfef, api error InsufficientCidrBlocks: The specified subnet does not have enough free cidr blocks to satisfy the request."}
{"level":"info","ts":"2026-10-05T08:41:50.010Z","caller":"ipamd/ipamd.go:1259","msg":"Trying to allocate 1 IP addresses on ENI eni-EXAMPLE19"}
{"level":"debug","ts":"2026-10-05T08:41:50.010Z","caller":"ipamd/ipamd.go:1259","msg":"PD enabled - true"}
{"level":"debug","ts":"2026-10-05T08:41:50.425Z","caller":"awsutils/awsutils.go:2174","msg":"checkAPIErrorAndBroadcastEvent resulted in operation error EC2: AssignPrivateIpAddresses, https response error StatusCode: 400, RequestID: 3c653c28-0754-4120-a291-a9043ec60d14, api error InsufficientCidrBlocks: The specified subnet does not have enough free cidr blocks to satisfy the request."}
{"level":"error","ts":"2026-10-05T08:41:50.425Z","caller":"ipamd/ipamd.go:1259","msg":"Failed to allocate a private IP/Prefix addresses on ENI eni-EXAMPLE19: operation error EC2: AssignPrivateIpAddresses, https response error StatusCode: 400, RequestID: 3c653c28-0754-4120-a291-a9043ec60d14, api error InsufficientCidrBlocks: The specified subnet does not have enough free cidr blocks to satisfy the request."}
{"level":"debug","ts":"2026-10-05T08:41:50.425Z","caller":"ipamd/ipamd.go:1260","msg":"containsPrivateIPAddressLimitExceededError encountered operation error EC2: AssignPrivateIpAddresses, https response error StatusCode: 400, RequestID: 3c653c28-0754-4120-a291-a9043ec60d14, api error InsufficientCidrBlocks: The specified subnet does not have enough free cidr blocks to satisfy the request."}
{"level":"debug","ts":"2026-10-05T08:41:50.425Z","caller":"ipamd/ipamd.go:1262","msg":"containsInsufficientCIDRsOrSubnetIPs encountered operation error EC2: AssignPrivateIpAddresses, https response error StatusCode: 400, RequestID: 3c653c28-0754-4120-a291-a9043ec60d14, api error InsufficientCidrBlocks: The specified subnet does not have enough free cidr blocks to satisfy the request."}
{"level":"debug","ts":"2026-10-05T08:41:50.425Z","caller":"ipamd/ipamd.go:1262","msg":"Insufficient IP Addresses due to: InsufficientCidrBlocks\n"}
{"level":"debug","ts":"2026-10-05T08:41:50.425Z","caller":"ipamd/ipamd.go:1003","msg":"hasRoomForEni: networkCard=0, currentENIs=1, currentUsableENIs=1, maxENI=3, unmanagedENI=0, trunkEni=0, excludedENI=0, hasRoom=true"}
{"level":"debug","ts":"2026-10-05T08:41:50.425Z","caller":"ipamd/ipamd.go:2758","msg":"Prefix target is 1, short of 1 prefixes, free 0 prefixes"}
{"level":"debug","ts":"2026-10-05T08:41:50.425Z","caller":"ipamd/ipamd.go:2595","msg":"ToAllocate: 1, Network Card 0"}
{"level":"info","ts":"2026-10-05T08:41:50.425Z","caller":"awsutils/awsutils.go:1044","msg":"Trying to allocate 1 IP addresses on new ENI"}
{"level":"debug","ts":"2026-10-05T08:41:50.425Z","caller":"awsutils/awsutils.go:1044","msg":"PD enabled - true"}
{"level":"debug","ts":"2026-10-05T08:41:50.590Z","caller":"awsutils/awsutils.go:1272","msg":"Primary subnet subnet-EXAMPLE4 has no kubernetes.io/role/cni tag, including it for ENI creation (backwards compatibility)"}
{"level":"info","ts":"2026-10-05T08:41:50.590Z","caller":"awsutils/awsutils.go:1044","msg":"Creating ENI with security groups: [sg-EXAMPLE1] in subnet: subnet-EXAMPLE4"}
{"level":"info","ts":"2026-10-05T08:41:50.774Z","caller":"rpc/rpc_grpc.pb.go:117","msg":"Received AddNetwork for NS /var/run/netns/cni-1a12e726-f9e7-2b68-b1e6-9f6ebe7a1865, Sandbox f9d783fa0d6529cd9b2044d96fbb972519b8df36e9b8e7e76f86c0f59a742bf5, ifname eth0"}
{"level":"debug","ts":"2026-10-05T08:41:50.775Z","caller":"rpc/rpc_grpc.pb.go:117","msg":"AddNetworkRequest: K8S_POD_NAME:\"pause-68d5b89fc-88226\"  K8S_POD_NAMESPACE:\"default\"  K8S_POD_INFRA_CONTAINER_ID:\"f9d783fa0d6529cd9b2044d96fbb972519b8df36e9b8e7e76f86c0f59a742bf5\"  ContainerID:\"f9d783fa0d6529cd9b2044d96fbb972519b8df36e9b8e7e76f86c0f59a742bf5\"  IfName:\"eth0\"  NetworkName:\"aws-cni\"  Netns:\"/var/run/netns/cni-1a12e726-f9e7-2b68-b1e6-9f6ebe7a1865\""}
{"level":"info","ts":"2026-10-05T08:41:50.775Z","caller":"rpc/rpc_grpc.pb.go:117","msg":"Required MultiNIC access false, interfaces required 1"}
{"level":"debug","ts":"2026-10-05T08:41:50.775Z","caller":"datastore/data_store.go:713","msg":"AssignPodIPv4Address: IP address pool stats: total 0, assigned 0"}
{"level":"debug","ts":"2026-10-05T08:41:50.775Z","caller":"datastore/data_store.go:713","msg":"AssignPodIPv4Address: ENI eni-EXAMPLE19 does not have available addresses"}
{"level":"error","ts":"2026-10-05T08:41:50.775Z","caller":"datastore/data_store.go:713","msg":"DataStore has no available IP/Prefix addresses"}
{"level":"warn","ts":"2026-10-05T08:41:50.775Z","caller":"rpc/rpc_grpc.pb.go:117","msg":"Failed to assign IPs from network card 0: AssignPodIPAddress: no available IP/Prefix addresses"}
{"level":"error","ts":"2026-10-05T08:41:50.775Z","caller":"rpc/rpc_grpc.pb.go:117","msg":"Returning failure response for AddNetwork: 1 error occurred:\n\t* AssignPodIPAddress: no available IP/Prefix addresses\n\n"}
{"level":"info","ts":"2026-10-05T08:41:50.775Z","caller":"rpc/rpc_grpc.pb.go:117","msg":"Send AddNetworkReply: Success: false IPAddr: [], resp: , err: AssignPodIPAddress: no available IP/Prefix addresses"}
{"level":"info","ts":"2026-10-05T08:41:50.799Z","caller":"rpc/rpc_grpc.pb.go:135","msg":"Received DelNetwork for Sandbox f9d783fa0d6529cd9b2044d96fbb972519b8df36e9b8e7e76f86c0f59a742bf5"}
{"level":"debug","ts":"2026-10-05T08:41:50.799Z","caller":"rpc/rpc_grpc.pb.go:135","msg":"DelNetworkRequest: K8S_POD_NAME:\"pause-68d5b89fc-88226\"  K8S_POD_NAMESPACE:\"default\"  K8S_POD_INFRA_CONTAINER_ID:\"f9d783fa0d6529cd9b2044d96fbb972519b8df36e9b8e7e76f86c0f59a742bf5\"  Reason:\"PodDeleted\"  ContainerID:\"f9d783fa0d6529cd9b2044d96fbb972519b8df36e9b8e7e76f86c0f59a742bf5\"  IfName:\"eth0\"  NetworkName:\"aws-cni\"  K8S_POD_UID:\"e903ba0e-e96e-48c7-90d6-ad1a2a6941a3\""}
{"level":"debug","ts":"2026-10-05T08:41:50.799Z","caller":"ipamd/rpc_handler.go:353","msg":"UnassignPodIPAddress: IP address pool stats: total 0, assigned 0, sandbox aws-cni/f9d783fa0d6529cd9b2044d96fbb972519b8df36e9b8e7e76f86c0f59a742bf5/eth0"}
{"level":"debug","ts":"2026-10-05T08:41:50.799Z","caller":"ipamd/rpc_handler.go:353","msg":"UnassignPodIPAddress: Failed to find IPAM entry under full key, trying CRI-migrated version"}
{"level":"warn","ts":"2026-10-05T08:41:50.799Z","caller":"ipamd/rpc_handler.go:353","msg":"UnassignPodIPAddress: Failed to find sandbox _migrated-from-cri/f9d783fa0d6529cd9b2044d96fbb972519b8df36e9b8e7e76f86c0f59a742bf5/unknown"}
{"level":"info","ts":"2026-10-05T08:41:50.799Z","caller":"rpc/rpc_grpc.pb.go:135","msg":"Send DelNetworkReply: IPAddress: [], err: 1 error occurred:\n\t* datastore: unknown pod\n\n"}
{"level":"debug","ts":"2026-10-05T08:41:50.804Z","caller":"awsutils/awsutils.go:1449","msg":"checkAPIErrorAndBroadcastEvent resulted in operation error EC2: CreateNetworkInterface, https response error StatusCode: 400, RequestID: 82325dac-161a-4d38-b5de-2802ebb597fe, api error InvalidParameterValue: There aren't sufficient free Ipv4 addresses or prefixes"}
{"level":"error","ts":"2026-10-05T08:41:50.804Z","caller":"awsutils/awsutils.go:1285","msg":"Failed to CreateNetworkInterface operation error EC2: CreateNetworkInterface, https response error StatusCode: 400, RequestID: 82325dac-161a-4d38-b5de-2802ebb597fe, api error InvalidParameterValue: There aren't sufficient free Ipv4 addresses or prefixes for subnet subnet-EXAMPLE4"}
{"level":"debug","ts":"2026-10-05T08:41:50.804Z","caller":"awsutils/awsutils.go:1272","msg":"Subnet subnet-EXAMPLE3 has no kubernetes.io/role/cni tag, excluding it from ENI creation"}
{"level":"error","ts":"2026-10-05T08:41:50.804Z","caller":"ipamd/ipamd.go:1004","msg":"Failed to increase pool size due to not able to allocate ENI AllocENI: failed to create ENI: failed to create network interface: operation error EC2: CreateNetworkInterface, https response error StatusCode: 400, RequestID: 82325dac-161a-4d38-b5de-2802ebb597fe, api error InvalidParameterValue: There aren't sufficient free Ipv4 addresses or prefixes"}
{"level":"warn","ts":"2026-10-05T08:41:50.804Z","caller":"ipamd/ipamd.go:1004","msg":"Failed to allocate 1 IP addresses on an ENI: AllocENI: failed to create ENI: failed to create network interface: operation error EC2: CreateNetworkInterface, https response error StatusCode: 400, RequestID: 82325dac-161a-4d38-b5de-2802ebb597fe, api error InvalidParameterValue: There aren't sufficient free Ipv4 addresses or prefixes"}
{"level":"debug","ts":"2026-10-05T08:41:50.804Z","caller":"ipamd/ipamd.go:1082","msg":"containsInsufficientCIDRsOrSubnetIPs encountered AllocENI: failed to create ENI: failed to create network interface: operation error EC2: CreateNetworkInterface, https response error StatusCode: 400, RequestID: 82325dac-161a-4d38-b5de-2802ebb597fe, api error InvalidParameterValue: There aren't sufficient free Ipv4 addresses or prefixes"}
{"level":"debug","ts":"2026-10-05T08:41:50.804Z","caller":"ipamd/ipamd.go:1082","msg":"Insufficient IP Addresses due to: InvalidParameterValue\n"}
{"level":"debug","ts":"2026-10-05T08:41:50.804Z","caller":"ipamd/ipamd.go:813","msg":"Error trying to allocate ENI: AllocENI: failed to create ENI: failed to create network interface: operation error EC2: CreateNetworkInterface, https response error StatusCode: 400, RequestID: 82325dac-161a-4d38-b5de-2802ebb597fe, api error InvalidParameterValue: There aren't sufficient free Ipv4 addresses or prefixes"}
{"level":"debug","ts":"2026-10-05T08:41:50.804Z","caller":"ipamd/ipamd.go:1548","msg":"ENI eni-EXAMPLE19 cannot be deleted because it is primary"}
{"level":"info","ts":"2026-10-05T08:41:52.775Z","caller":"rpc/rpc_grpc.pb.go:117","msg":"Received AddNetwork for NS /var/run/netns/cni-5baf3205-8306-17d0-ff4e-5be0255fa1ea, Sandbox 888a370441aacc750f69687245663b24bb3b5261d22546772611a24ee2ca82bb, ifname eth0"}
{"level":"debug","ts":"2026-10-05T08:41:52.775Z","caller":"rpc/rpc_grpc.pb.go:117","msg":"AddNetworkRequest: K8S_POD_NAME:\"pause-68d5b89fc-n9q4v\"  K8S_POD_NAMESPACE:\"default\"  K8S_POD_INFRA_CONTAINER_ID:\"888a370441aacc750f69687245663b24bb3b5261d22546772611a24ee2ca82bb\"  ContainerID:\"888a370441aacc750f69687245663b24bb3b5261d22546772611a24ee2ca82bb\"  IfName:\"eth0\"  NetworkName:\"aws-cni\"  Netns:\"/var/run/netns/cni-5baf3205-8306-17d0-ff4e-5be0255fa1ea\""}
{"level":"info","ts":"2026-10-05T08:41:52.775Z","caller":"rpc/rpc_grpc.pb.go:117","msg":"Required MultiNIC access false, interfaces required 1"}
{"level":"debug","ts":"2026-10-05T08:41:52.775Z","caller":"datastore/data_store.go:713","msg":"AssignPodIPv4Address: IP address pool stats: total 0, assigned 0"}
{"level":"debug","ts":"2026-10-05T08:41:52.775Z","caller":"datastore/data_store.go:713","msg":"AssignPodIPv4Address: ENI eni-EXAMPLE19 does not have available addresses"}
{"level":"error","ts":"2026-10-05T08:41:52.775Z","caller":"datastore/data_store.go:713","msg":"DataStore has no available IP/Prefix addresses"}
{"level":"warn","ts":"2026-10-05T08:41:52.775Z","caller":"rpc/rpc_grpc.pb.go:117","msg":"Failed to assign IPs from network card 0: AssignPodIPAddress: no available IP/Prefix addresses"}
{"level":"error","ts":"2026-10-05T08:41:52.775Z","caller":"rpc/rpc_grpc.pb.go:117","msg":"Returning failure response for AddNetwork: 1 error occurred:\n\t* AssignPodIPAddress: no available IP/Prefix addresses\n\n"}
{"level":"info","ts":"2026-10-05T08:41:52.775Z","caller":"rpc/rpc_grpc.pb.go:117","msg":"Send AddNetworkReply: Success: false IPAddr: [], resp: , err: AssignPodIPAddress: no available IP/Prefix addresses"}
{"level":"info","ts":"2026-10-05T08:41:52.800Z","caller":"rpc/rpc_grpc.pb.go:135","msg":"Received DelNetwork for Sandbox 888a370441aacc750f69687245663b24bb3b5261d22546772611a24ee2ca82bb"}
{"level":"debug","ts":"2026-10-05T08:41:52.800Z","caller":"rpc/rpc_grpc.pb.go:135","msg":"DelNetworkRequest: K8S_POD_NAME:\"pause-68d5b89fc-n9q4v\"  K8S_POD_NAMESPACE:\"default\"  K8S_POD_INFRA_CONTAINER_ID:\"888a370441aacc750f69687245663b24bb3b5261d22546772611a24ee2ca82bb\"  Reason:\"PodDeleted\"  ContainerID:\"888a370441aacc750f69687245663b24bb3b5261d22546772611a24ee2ca82bb\"  IfName:\"eth0\"  NetworkName:\"aws-cni\"  K8S_POD_UID:\"f68fbeb2-acd7-443d-aaf4-9fe8443ea42e\""}
{"level":"debug","ts":"2026-10-05T08:41:52.800Z","caller":"ipamd/rpc_handler.go:353","msg":"UnassignPodIPAddress: IP address pool stats: total 0, assigned 0, sandbox aws-cni/888a370441aacc750f69687245663b24bb3b5261d22546772611a24ee2ca82bb/eth0"}
{"level":"debug","ts":"2026-10-05T08:41:52.800Z","caller":"ipamd/rpc_handler.go:353","msg":"UnassignPodIPAddress: Failed to find IPAM entry under full key, trying CRI-migrated version"}
{"level":"warn","ts":"2026-10-05T08:41:52.800Z","caller":"ipamd/rpc_handler.go:353","msg":"UnassignPodIPAddress: Failed to find sandbox _migrated-from-cri/888a370441aacc750f69687245663b24bb3b5261d22546772611a24ee2ca82bb/unknown"}
{"level":"info","ts":"2026-10-05T08:41:52.800Z","caller":"rpc/rpc_grpc.pb.go:135","msg":"Send DelNetworkReply: IPAddress: [], err: 1 error occurred:\n\t* datastore: unknown pod\n\n"}
{"level":"debug","ts":"2026-10-05T08:41:53.304Z","caller":"ipamd/ipamd.go:798","msg":"Reconciling ENI/IP pool info because time since last 1m3.11333304s > 1m0s"}
{"level":"debug","ts":"2026-10-05T08:41:53.308Z","caller":"ipamd/ipamd.go:1621","msg":"Total number of interfaces found: 1 "}
{"level":"debug","ts":"2026-10-05T08:41:53.308Z","caller":"awsutils/awsutils.go:787","msg":"Found ENI MAC address: 12:ff:db:1a:05:f7"}
{"level":"debug","ts":"2026-10-05T08:41:53.310Z","caller":"awsutils/awsutils.go:787","msg":"Found ENI: eni-EXAMPLE19, MAC 12:ff:db:1a:05:f7, device 0"}
{"level":"debug","ts":"2026-10-05T08:41:53.313Z","caller":"awsutils/awsutils.go:787","msg":"Found IPv4 addresses associated with interface. This is not efa-only interface"}
{"level":"debug","ts":"2026-10-05T08:41:53.319Z","caller":"ipamd/ipamd.go:798","msg":"Reconcile existing ENI eni-EXAMPLE19 IP pool"}
{"level":"info","ts":"2026-10-05T08:41:53.319Z","caller":"ipamd/ipamd.go:1766","msg":"Reconcile and skip primary IP 10.20.0.28 on ENI eni-EXAMPLE19"}
{"level":"debug","ts":"2026-10-05T08:41:53.319Z","caller":"ipamd/ipamd.go:798","msg":"Reconcile existing ENI eni-EXAMPLE19 IP prefixes"}
{"level":"debug","ts":"2026-10-05T08:41:53.319Z","caller":"ipamd/ipamd.go:1693","msg":"Found prefix pool count 0 for eni eni-EXAMPLE19\n"}
{"level":"debug","ts":"2026-10-05T08:41:53.319Z","caller":"ipamd/ipamd.go:798","msg":"Successfully Reconciled ENI/IP pool"}
{"level":"debug","ts":"2026-10-05T08:41:53.319Z","caller":"ipamd/ipamd.go:1738","msg":"Prefix pool stats for network card 0: Total IPs/Prefixes = 0/0, AssignedIPs/CooldownIPs: 0/0, c.maxIPsPerENI = 80"}
{"level":"debug","ts":"2026-10-05T08:41:53.320Z","caller":"ipamd/ipamd.go:798","msg":"Primary IP for ENI eni-EXAMPLE19 is 10.20.0.28"}
{"level":"info","ts":"2026-10-05T08:41:53.777Z","caller":"rpc/rpc_grpc.pb.go:117","msg":"Received AddNetwork for NS /var/run/netns/cni-69da4ce8-8662-b1fe-17f8-e25cc04ae80b, Sandbox da5854c9e9e01b75ae7e5e70b769418e54429c016a395accaf95339a76ce67ee, ifname eth0"}
{"level":"debug","ts":"2026-10-05T08:41:53.777Z","caller":"rpc/rpc_grpc.pb.go:117","msg":"AddNetworkRequest: K8S_POD_NAME:\"pause-68d5b89fc-5gpj2\"  K8S_POD_NAMESPACE:\"default\"  K8S_POD_INFRA_CONTAINER_ID:\"da5854c9e9e01b75ae7e5e70b769418e54429c016a395accaf95339a76ce67ee\"  ContainerID:\"da5854c9e9e01b75ae7e5e70b769418e54429c016a395accaf95339a76ce67ee\"  IfName:\"eth0\"  NetworkName:\"aws-cni\"  Netns:\"/var/run/netns/cni-69da4ce8-8662-b1fe-17f8-e25cc04ae80b\""}
{"level":"info","ts":"2026-10-05T08:41:53.777Z","caller":"rpc/rpc_grpc.pb.go:117","msg":"Required MultiNIC access false, interfaces required 1"}
{"level":"debug","ts":"2026-10-05T08:41:53.777Z","caller":"datastore/data_store.go:713","msg":"AssignPodIPv4Address: IP address pool stats: total 0, assigned 0"}
{"level":"debug","ts":"2026-10-05T08:41:53.777Z","caller":"datastore/data_store.go:713","msg":"AssignPodIPv4Address: ENI eni-EXAMPLE19 does not have available addresses"}
{"level":"error","ts":"2026-10-05T08:41:53.777Z","caller":"datastore/data_store.go:713","msg":"DataStore has no available IP/Prefix addresses"}
{"level":"warn","ts":"2026-10-05T08:41:53.777Z","caller":"rpc/rpc_grpc.pb.go:117","msg":"Failed to assign IPs from network card 0: AssignPodIPAddress: no available IP/Prefix addresses"}
{"level":"error","ts":"2026-10-05T08:41:53.777Z","caller":"rpc/rpc_grpc.pb.go:117","msg":"Returning failure response for AddNetwork: 1 error occurred:\n\t* AssignPodIPAddress: no available IP/Prefix addresses\n\n"}
{"level":"info","ts":"2026-10-05T08:41:53.777Z","caller":"rpc/rpc_grpc.pb.go:117","msg":"Send AddNetworkReply: Success: false IPAddr: [], resp: , err: AssignPodIPAddress: no available IP/Prefix addresses"}
{"level":"info","ts":"2026-10-05T08:41:53.805Z","caller":"rpc/rpc_grpc.pb.go:135","msg":"Received DelNetwork for Sandbox da5854c9e9e01b75ae7e5e70b769418e54429c016a395accaf95339a76ce67ee"}
{"level":"debug","ts":"2026-10-05T08:41:53.805Z","caller":"rpc/rpc_grpc.pb.go:135","msg":"DelNetworkRequest: K8S_POD_NAME:\"pause-68d5b89fc-5gpj2\"  K8S_POD_NAMESPACE:\"default\"  K8S_POD_INFRA_CONTAINER_ID:\"da5854c9e9e01b75ae7e5e70b769418e54429c016a395accaf95339a76ce67ee\"  Reason:\"PodDeleted\"  ContainerID:\"da5854c9e9e01b75ae7e5e70b769418e54429c016a395accaf95339a76ce67ee\"  IfName:\"eth0\"  NetworkName:\"aws-cni\"  K8S_POD_UID:\"8da26452-5df7-4b5d-bf8b-b8df9d619b63\""}
{"level":"debug","ts":"2026-10-05T08:41:53.805Z","caller":"ipamd/rpc_handler.go:353","msg":"UnassignPodIPAddress: IP address pool stats: total 0, assigned 0, sandbox aws-cni/da5854c9e9e01b75ae7e5e70b769418e54429c016a395accaf95339a76ce67ee/eth0"}
{"level":"debug","ts":"2026-10-05T08:41:53.805Z","caller":"ipamd/rpc_handler.go:353","msg":"UnassignPodIPAddress: Failed to find IPAM entry under full key, trying CRI-migrated version"}
{"level":"warn","ts":"2026-10-05T08:41:53.805Z","caller":"ipamd/rpc_handler.go:353","msg":"UnassignPodIPAddress: Failed to find sandbox _migrated-from-cri/da5854c9e9e01b75ae7e5e70b769418e54429c016a395accaf95339a76ce67ee/unknown"}
{"level":"info","ts":"2026-10-05T08:41:53.805Z","caller":"rpc/rpc_grpc.pb.go:135","msg":"Send DelNetworkReply: IPAddress: [], err: 1 error occurred:\n\t* datastore: unknown pod\n\n"}
{"level":"debug","ts":"2026-10-05T08:41:55.821Z","caller":"ipamd/ipamd.go:809","msg":"IP pool is too low for Network Card 0: available (0) < ENI target (1) * addrsPerENI (16)"}
{"level":"debug","ts":"2026-10-05T08:41:55.821Z","caller":"ipamd/ipamd.go:2689","msg":"Prefix pool stats for network card 0: Total IPs/Prefixes = 0/0, AssignedIPs/CooldownIPs: 0/0, c.maxIPsPerENI = 80"}
{"level":"debug","ts":"2026-10-05T08:41:55.821Z","caller":"ipamd/ipamd.go:795","msg":"IP stats for Network Card 0 - total IPs: 0, assigned IPs: 0, cooldown IPs: 0"}
{"level":"debug","ts":"2026-10-05T08:41:55.821Z","caller":"ipamd/ipamd.go:813","msg":"Starting to increase pool size for network card 0"}
{"level":"debug","ts":"2026-10-05T08:41:55.821Z","caller":"ipamd/ipamd.go:966","msg":"Node found \"ip-10-20-0-28.ec2.internal\" - no of taints - 0"}
{"level":"debug","ts":"2026-10-05T08:41:55.821Z","caller":"ipamd/ipamd.go:2758","msg":"Prefix target is 1, short of 1 prefixes, free 0 prefixes"}
{"level":"debug","ts":"2026-10-05T08:41:55.821Z","caller":"ipamd/ipamd.go:1248","msg":"ToAllocate: 1, Network Card 0"}
{"level":"debug","ts":"2026-10-05T08:41:55.821Z","caller":"ipamd/ipamd.go:1251","msg":"Found ENI eni-EXAMPLE19 that has less than the maximum number of IP/Prefixes addresses allocated: cur=0, max=5"}
{"level":"info","ts":"2026-10-05T08:41:55.821Z","caller":"ipamd/ipamd.go:1255","msg":"Trying to allocate 1 IP addresses on ENI eni-EXAMPLE19"}
{"level":"debug","ts":"2026-10-05T08:41:55.821Z","caller":"ipamd/ipamd.go:1255","msg":"PD enabled - true"}
{"level":"debug","ts":"2026-10-05T08:41:56.314Z","caller":"awsutils/awsutils.go:2174","msg":"checkAPIErrorAndBroadcastEvent resulted in operation error EC2: AssignPrivateIpAddresses, https response error StatusCode: 400, RequestID: cb543f7a-c86d-4301-964f-36f8d2b4feef, api error InsufficientCidrBlocks: The specified subnet does not have enough free cidr blocks to satisfy the request."}
{"level":"error","ts":"2026-10-05T08:41:56.314Z","caller":"ipamd/ipamd.go:1255","msg":"Failed to allocate a private IP/Prefix addresses on ENI eni-EXAMPLE19: operation error EC2: AssignPrivateIpAddresses, https response error StatusCode: 400, RequestID: cb543f7a-c86d-4301-964f-36f8d2b4feef, api error InsufficientCidrBlocks: The specified subnet does not have enough free cidr blocks to satisfy the request."}
{"level":"debug","ts":"2026-10-05T08:41:56.314Z","caller":"ipamd/ipamd.go:1256","msg":"containsPrivateIPAddressLimitExceededError encountered operation error EC2: AssignPrivateIpAddresses, https response error StatusCode: 400, RequestID: cb543f7a-c86d-4301-964f-36f8d2b4feef, api error InsufficientCidrBlocks: The specified subnet does not have enough free cidr blocks to satisfy the request."}
{"level":"warn","ts":"2026-10-05T08:41:56.314Z","caller":"ipamd/ipamd.go:1113","msg":"failed to allocate all available IPv4 Prefixes on ENI eni-EXAMPLE19, err: operation error EC2: AssignPrivateIpAddresses, https response error StatusCode: 400, RequestID: cb543f7a-c86d-4301-964f-36f8d2b4feef, api error InsufficientCidrBlocks: The specified subnet does not have enough free cidr blocks to satisfy the request."}
{"level":"info","ts":"2026-10-05T08:41:56.314Z","caller":"ipamd/ipamd.go:1259","msg":"Trying to allocate 1 IP addresses on ENI eni-EXAMPLE19"}
{"level":"debug","ts":"2026-10-05T08:41:56.314Z","caller":"ipamd/ipamd.go:1259","msg":"PD enabled - true"}
{"level":"debug","ts":"2026-10-05T08:41:56.710Z","caller":"awsutils/awsutils.go:2174","msg":"checkAPIErrorAndBroadcastEvent resulted in operation error EC2: AssignPrivateIpAddresses, https response error StatusCode: 400, RequestID: b7109ac2-b4ff-445e-b519-c61a009ed68e, api error InsufficientCidrBlocks: The specified subnet does not have enough free cidr blocks to satisfy the request."}
{"level":"error","ts":"2026-10-05T08:41:56.710Z","caller":"ipamd/ipamd.go:1259","msg":"Failed to allocate a private IP/Prefix addresses on ENI eni-EXAMPLE19: operation error EC2: AssignPrivateIpAddresses, https response error StatusCode: 400, RequestID: b7109ac2-b4ff-445e-b519-c61a009ed68e, api error InsufficientCidrBlocks: The specified subnet does not have enough free cidr blocks to satisfy the request."}
{"level":"debug","ts":"2026-10-05T08:41:56.710Z","caller":"ipamd/ipamd.go:1260","msg":"containsPrivateIPAddressLimitExceededError encountered operation error EC2: AssignPrivateIpAddresses, https response error StatusCode: 400, RequestID: b7109ac2-b4ff-445e-b519-c61a009ed68e, api error InsufficientCidrBlocks: The specified subnet does not have enough free cidr blocks to satisfy the request."}
{"level":"debug","ts":"2026-10-05T08:41:56.710Z","caller":"ipamd/ipamd.go:1262","msg":"containsInsufficientCIDRsOrSubnetIPs encountered operation error EC2: AssignPrivateIpAddresses, https response error StatusCode: 400, RequestID: b7109ac2-b4ff-445e-b519-c61a009ed68e, api error InsufficientCidrBlocks: The specified subnet does not have enough free cidr blocks to satisfy the request."}
{"level":"debug","ts":"2026-10-05T08:41:56.710Z","caller":"ipamd/ipamd.go:1262","msg":"Insufficient IP Addresses due to: InsufficientCidrBlocks\n"}
{"level":"debug","ts":"2026-10-05T08:41:56.710Z","caller":"ipamd/ipamd.go:1003","msg":"hasRoomForEni: networkCard=0, currentENIs=1, currentUsableENIs=1, maxENI=3, unmanagedENI=0, trunkEni=0, excludedENI=0, hasRoom=true"}
{"level":"debug","ts":"2026-10-05T08:41:56.710Z","caller":"ipamd/ipamd.go:2758","msg":"Prefix target is 1, short of 1 prefixes, free 0 prefixes"}
{"level":"debug","ts":"2026-10-05T08:41:56.710Z","caller":"ipamd/ipamd.go:2595","msg":"ToAllocate: 1, Network Card 0"}
{"level":"info","ts":"2026-10-05T08:41:56.710Z","caller":"awsutils/awsutils.go:1044","msg":"Trying to allocate 1 IP addresses on new ENI"}
{"level":"debug","ts":"2026-10-05T08:41:56.710Z","caller":"awsutils/awsutils.go:1044","msg":"PD enabled - true"}
{"level":"debug","ts":"2026-10-05T08:41:56.965Z","caller":"awsutils/awsutils.go:1272","msg":"Primary subnet subnet-EXAMPLE4 has no kubernetes.io/role/cni tag, including it for ENI creation (backwards compatibility)"}
{"level":"info","ts":"2026-10-05T08:41:56.965Z","caller":"awsutils/awsutils.go:1044","msg":"Creating ENI with security groups: [sg-EXAMPLE1] in subnet: subnet-EXAMPLE4"}
{"level":"debug","ts":"2026-10-05T08:41:57.261Z","caller":"awsutils/awsutils.go:1449","msg":"checkAPIErrorAndBroadcastEvent resulted in operation error EC2: CreateNetworkInterface, https response error StatusCode: 400, RequestID: 50377894-54b0-4cc7-b18f-93e64a505602, api error InvalidParameterValue: There aren't sufficient free Ipv4 addresses or prefixes"}
{"level":"error","ts":"2026-10-05T08:41:57.261Z","caller":"awsutils/awsutils.go:1285","msg":"Failed to CreateNetworkInterface operation error EC2: CreateNetworkInterface, https response error StatusCode: 400, RequestID: 50377894-54b0-4cc7-b18f-93e64a505602, api error InvalidParameterValue: There aren't sufficient free Ipv4 addresses or prefixes for subnet subnet-EXAMPLE4"}
{"level":"debug","ts":"2026-10-05T08:41:57.261Z","caller":"awsutils/awsutils.go:1272","msg":"Subnet subnet-EXAMPLE3 has no kubernetes.io/role/cni tag, excluding it from ENI creation"}
{"level":"error","ts":"2026-10-05T08:41:57.261Z","caller":"ipamd/ipamd.go:1004","msg":"Failed to increase pool size due to not able to allocate ENI AllocENI: failed to create ENI: failed to create network interface: operation error EC2: CreateNetworkInterface, https response error StatusCode: 400, RequestID: 50377894-54b0-4cc7-b18f-93e64a505602, api error InvalidParameterValue: There aren't sufficient free Ipv4 addresses or prefixes"}
{"level":"warn","ts":"2026-10-05T08:41:57.261Z","caller":"ipamd/ipamd.go:1004","msg":"Failed to allocate 1 IP addresses on an ENI: AllocENI: failed to create ENI: failed to create network interface: operation error EC2: CreateNetworkInterface, https response error StatusCode: 400, RequestID: 50377894-54b0-4cc7-b18f-93e64a505602, api error InvalidParameterValue: There aren't sufficient free Ipv4 addresses or prefixes"}
{"level":"debug","ts":"2026-10-05T08:41:57.261Z","caller":"ipamd/ipamd.go:1082","msg":"containsInsufficientCIDRsOrSubnetIPs encountered AllocENI: failed to create ENI: failed to create network interface: operation error EC2: CreateNetworkInterface, https response error StatusCode: 400, RequestID: 50377894-54b0-4cc7-b18f-93e64a505602, api error InvalidParameterValue: There aren't sufficient free Ipv4 addresses or prefixes"}
{"level":"debug","ts":"2026-10-05T08:41:57.261Z","caller":"ipamd/ipamd.go:1082","msg":"Insufficient IP Addresses due to: InvalidParameterValue\n"}
{"level":"debug","ts":"2026-10-05T08:41:57.261Z","caller":"ipamd/ipamd.go:813","msg":"Error trying to allocate ENI: AllocENI: failed to create ENI: failed to create network interface: operation error EC2: CreateNetworkInterface, https response error StatusCode: 400, RequestID: 50377894-54b0-4cc7-b18f-93e64a505602, api error InvalidParameterValue: There aren't sufficient free Ipv4 addresses or prefixes"}
{"level":"debug","ts":"2026-10-05T08:41:57.261Z","caller":"ipamd/ipamd.go:1548","msg":"ENI eni-EXAMPLE19 cannot be deleted because it is primary"}
{"level":"debug","ts":"2026-10-05T08:42:02.262Z","caller":"ipamd/ipamd.go:809","msg":"IP pool is too low for Network Card 0: available (0) < ENI target (1) * addrsPerENI (16)"}
{"level":"debug","ts":"2026-10-05T08:42:02.262Z","caller":"ipamd/ipamd.go:2689","msg":"Prefix pool stats for network card 0: Total IPs/Prefixes = 0/0, AssignedIPs/CooldownIPs: 0/0, c.maxIPsPerENI = 80"}
{"level":"debug","ts":"2026-10-05T08:42:02.262Z","caller":"ipamd/ipamd.go:795","msg":"IP stats for Network Card 0 - total IPs: 0, assigned IPs: 0, cooldown IPs: 0"}
{"level":"debug","ts":"2026-10-05T08:42:02.262Z","caller":"ipamd/ipamd.go:813","msg":"Starting to increase pool size for network card 0"}
{"level":"debug","ts":"2026-10-05T08:42:02.262Z","caller":"ipamd/ipamd.go:966","msg":"Node found \"ip-10-20-0-28.ec2.internal\" - no of taints - 0"}
{"level":"debug","ts":"2026-10-05T08:42:02.262Z","caller":"ipamd/ipamd.go:2758","msg":"Prefix target is 1, short of 1 prefixes, free 0 prefixes"}
{"level":"debug","ts":"2026-10-05T08:42:02.263Z","caller":"ipamd/ipamd.go:1248","msg":"ToAllocate: 1, Network Card 0"}
{"level":"debug","ts":"2026-10-05T08:42:02.263Z","caller":"ipamd/ipamd.go:1251","msg":"Found ENI eni-EXAMPLE19 that has less than the maximum number of IP/Prefixes addresses allocated: cur=0, max=5"}
{"level":"info","ts":"2026-10-05T08:42:02.263Z","caller":"ipamd/ipamd.go:1255","msg":"Trying to allocate 1 IP addresses on ENI eni-EXAMPLE19"}
{"level":"debug","ts":"2026-10-05T08:42:02.263Z","caller":"ipamd/ipamd.go:1255","msg":"PD enabled - true"}
{"level":"debug","ts":"2026-10-05T08:42:02.754Z","caller":"awsutils/awsutils.go:2174","msg":"checkAPIErrorAndBroadcastEvent resulted in operation error EC2: AssignPrivateIpAddresses, https response error StatusCode: 400, RequestID: 2b23e565-25e2-4c06-859a-c9670ce382ef, api error InsufficientCidrBlocks: The specified subnet does not have enough free cidr blocks to satisfy the request."}
{"level":"error","ts":"2026-10-05T08:42:02.755Z","caller":"ipamd/ipamd.go:1255","msg":"Failed to allocate a private IP/Prefix addresses on ENI eni-EXAMPLE19: operation error EC2: AssignPrivateIpAddresses, https response error StatusCode: 400, RequestID: 2b23e565-25e2-4c06-859a-c9670ce382ef, api error InsufficientCidrBlocks: The specified subnet does not have enough free cidr blocks to satisfy the request."}
{"level":"debug","ts":"2026-10-05T08:42:02.755Z","caller":"ipamd/ipamd.go:1256","msg":"containsPrivateIPAddressLimitExceededError encountered operation error EC2: AssignPrivateIpAddresses, https response error StatusCode: 400, RequestID: 2b23e565-25e2-4c06-859a-c9670ce382ef, api error InsufficientCidrBlocks: The specified subnet does not have enough free cidr blocks to satisfy the request."}
{"level":"warn","ts":"2026-10-05T08:42:02.755Z","caller":"ipamd/ipamd.go:1113","msg":"failed to allocate all available IPv4 Prefixes on ENI eni-EXAMPLE19, err: operation error EC2: AssignPrivateIpAddresses, https response error StatusCode: 400, RequestID: 2b23e565-25e2-4c06-859a-c9670ce382ef, api error InsufficientCidrBlocks: The specified subnet does not have enough free cidr blocks to satisfy the request."}
{"level":"info","ts":"2026-10-05T08:42:02.756Z","caller":"ipamd/ipamd.go:1259","msg":"Trying to allocate 1 IP addresses on ENI eni-EXAMPLE19"}
{"level":"debug","ts":"2026-10-05T08:42:02.756Z","caller":"ipamd/ipamd.go:1259","msg":"PD enabled - true"}
{"level":"debug","ts":"2026-10-05T08:42:03.206Z","caller":"awsutils/awsutils.go:2174","msg":"checkAPIErrorAndBroadcastEvent resulted in operation error EC2: AssignPrivateIpAddresses, https response error StatusCode: 400, RequestID: 331644b8-dd00-46cf-abaa-0e516e29996a, api error InsufficientCidrBlocks: The specified subnet does not have enough free cidr blocks to satisfy the request."}
{"level":"error","ts":"2026-10-05T08:42:03.206Z","caller":"ipamd/ipamd.go:1259","msg":"Failed to allocate a private IP/Prefix addresses on ENI eni-EXAMPLE19: operation error EC2: AssignPrivateIpAddresses, https response error StatusCode: 400, RequestID: 331644b8-dd00-46cf-abaa-0e516e29996a, api error InsufficientCidrBlocks: The specified subnet does not have enough free cidr blocks to satisfy the request."}
{"level":"debug","ts":"2026-10-05T08:42:03.206Z","caller":"ipamd/ipamd.go:1260","msg":"containsPrivateIPAddressLimitExceededError encountered operation error EC2: AssignPrivateIpAddresses, https response error StatusCode: 400, RequestID: 331644b8-dd00-46cf-abaa-0e516e29996a, api error InsufficientCidrBlocks: The specified subnet does not have enough free cidr blocks to satisfy the request."}
{"level":"debug","ts":"2026-10-05T08:42:03.206Z","caller":"ipamd/ipamd.go:1262","msg":"containsInsufficientCIDRsOrSubnetIPs encountered operation error EC2: AssignPrivateIpAddresses, https response error StatusCode: 400, RequestID: 331644b8-dd00-46cf-abaa-0e516e29996a, api error InsufficientCidrBlocks: The specified subnet does not have enough free cidr blocks to satisfy the request."}
{"level":"debug","ts":"2026-10-05T08:42:03.206Z","caller":"ipamd/ipamd.go:1262","msg":"Insufficient IP Addresses due to: InsufficientCidrBlocks\n"}
{"level":"debug","ts":"2026-10-05T08:42:03.206Z","caller":"ipamd/ipamd.go:1003","msg":"hasRoomForEni: networkCard=0, currentENIs=1, currentUsableENIs=1, maxENI=3, unmanagedENI=0, trunkEni=0, excludedENI=0, hasRoom=true"}
{"level":"debug","ts":"2026-10-05T08:42:03.206Z","caller":"ipamd/ipamd.go:2758","msg":"Prefix target is 1, short of 1 prefixes, free 0 prefixes"}
{"level":"debug","ts":"2026-10-05T08:42:03.206Z","caller":"ipamd/ipamd.go:2595","msg":"ToAllocate: 1, Network Card 0"}
{"level":"info","ts":"2026-10-05T08:42:03.207Z","caller":"awsutils/awsutils.go:1044","msg":"Trying to allocate 1 IP addresses on new ENI"}
{"level":"debug","ts":"2026-10-05T08:42:03.207Z","caller":"awsutils/awsutils.go:1044","msg":"PD enabled - true"}
{"level":"debug","ts":"2026-10-05T08:42:03.432Z","caller":"awsutils/awsutils.go:1272","msg":"Primary subnet subnet-EXAMPLE4 has no kubernetes.io/role/cni tag, including it for ENI creation (backwards compatibility)"}
{"level":"info","ts":"2026-10-05T08:42:03.432Z","caller":"awsutils/awsutils.go:1044","msg":"Creating ENI with security groups: [sg-EXAMPLE1] in subnet: subnet-EXAMPLE4"}
{"level":"debug","ts":"2026-10-05T08:42:03.672Z","caller":"awsutils/awsutils.go:1449","msg":"checkAPIErrorAndBroadcastEvent resulted in operation error EC2: CreateNetworkInterface, https response error StatusCode: 400, RequestID: 8a0d7988-7d28-454d-aa8c-ac1af62683c5, api error InvalidParameterValue: There aren't sufficient free Ipv4 addresses or prefixes"}
{"level":"error","ts":"2026-10-05T08:42:03.672Z","caller":"awsutils/awsutils.go:1285","msg":"Failed to CreateNetworkInterface operation error EC2: CreateNetworkInterface, https response error StatusCode: 400, RequestID: 8a0d7988-7d28-454d-aa8c-ac1af62683c5, api error InvalidParameterValue: There aren't sufficient free Ipv4 addresses or prefixes for subnet subnet-EXAMPLE4"}
{"level":"debug","ts":"2026-10-05T08:42:03.673Z","caller":"awsutils/awsutils.go:1272","msg":"Subnet subnet-EXAMPLE3 has no kubernetes.io/role/cni tag, excluding it from ENI creation"}
{"level":"error","ts":"2026-10-05T08:42:03.673Z","caller":"ipamd/ipamd.go:1004","msg":"Failed to increase pool size due to not able to allocate ENI AllocENI: failed to create ENI: failed to create network interface: operation error EC2: CreateNetworkInterface, https response error StatusCode: 400, RequestID: 8a0d7988-7d28-454d-aa8c-ac1af62683c5, api error InvalidParameterValue: There aren't sufficient free Ipv4 addresses or prefixes"}
{"level":"warn","ts":"2026-10-05T08:42:03.673Z","caller":"ipamd/ipamd.go:1004","msg":"Failed to allocate 1 IP addresses on an ENI: AllocENI: failed to create ENI: failed to create network interface: operation error EC2: CreateNetworkInterface, https response error StatusCode: 400, RequestID: 8a0d7988-7d28-454d-aa8c-ac1af62683c5, api error InvalidParameterValue: There aren't sufficient free Ipv4 addresses or prefixes"}
{"level":"debug","ts":"2026-10-05T08:42:03.673Z","caller":"ipamd/ipamd.go:1082","msg":"containsInsufficientCIDRsOrSubnetIPs encountered AllocENI: failed to create ENI: failed to create network interface: operation error EC2: CreateNetworkInterface, https response error StatusCode: 400, RequestID: 8a0d7988-7d28-454d-aa8c-ac1af62683c5, api error InvalidParameterValue: There aren't sufficient free Ipv4 addresses or prefixes"}
{"level":"debug","ts":"2026-10-05T08:42:03.673Z","caller":"ipamd/ipamd.go:1082","msg":"Insufficient IP Addresses due to: InvalidParameterValue\n"}
{"level":"debug","ts":"2026-10-05T08:42:03.674Z","caller":"ipamd/ipamd.go:813","msg":"Error trying to allocate ENI: AllocENI: failed to create ENI: failed to create network interface: operation error EC2: CreateNetworkInterface, https response error StatusCode: 400, RequestID: 8a0d7988-7d28-454d-aa8c-ac1af62683c5, api error InvalidParameterValue: There aren't sufficient free Ipv4 addresses or prefixes"}
{"level":"debug","ts":"2026-10-05T08:42:03.674Z","caller":"ipamd/ipamd.go:1548","msg":"ENI eni-EXAMPLE19 cannot be deleted because it is primary"}
{"level":"info","ts":"2026-10-05T08:42:05.785Z","caller":"rpc/rpc_grpc.pb.go:117","msg":"Received AddNetwork for NS /var/run/netns/cni-7f3c68f2-2006-1794-373c-26336c4b66ee, Sandbox 42a077db6f624ff0501f75b921acfd73346160dc41866e241a8037b1ba71b7d3, ifname eth0"}
{"level":"debug","ts":"2026-10-05T08:42:05.785Z","caller":"rpc/rpc_grpc.pb.go:117","msg":"AddNetworkRequest: K8S_POD_NAME:\"pause-68d5b89fc-88226\"  K8S_POD_NAMESPACE:\"default\"  K8S_POD_INFRA_CONTAINER_ID:\"42a077db6f624ff0501f75b921acfd73346160dc41866e241a8037b1ba71b7d3\"  ContainerID:\"42a077db6f624ff0501f75b921acfd73346160dc41866e241a8037b1ba71b7d3\"  IfName:\"eth0\"  NetworkName:\"aws-cni\"  Netns:\"/var/run/netns/cni-7f3c68f2-2006-1794-373c-26336c4b66ee\""}
{"level":"info","ts":"2026-10-05T08:42:05.785Z","caller":"rpc/rpc_grpc.pb.go:117","msg":"Required MultiNIC access false, interfaces required 1"}
{"level":"debug","ts":"2026-10-05T08:42:05.785Z","caller":"datastore/data_store.go:713","msg":"AssignPodIPv4Address: IP address pool stats: total 0, assigned 0"}
{"level":"debug","ts":"2026-10-05T08:42:05.785Z","caller":"datastore/data_store.go:713","msg":"AssignPodIPv4Address: ENI eni-EXAMPLE19 does not have available addresses"}
{"level":"error","ts":"2026-10-05T08:42:05.785Z","caller":"datastore/data_store.go:713","msg":"DataStore has no available IP/Prefix addresses"}
{"level":"warn","ts":"2026-10-05T08:42:05.785Z","caller":"rpc/rpc_grpc.pb.go:117","msg":"Failed to assign IPs from network card 0: AssignPodIPAddress: no available IP/Prefix addresses"}
{"level":"error","ts":"2026-10-05T08:42:05.785Z","caller":"rpc/rpc_grpc.pb.go:117","msg":"Returning failure response for AddNetwork: 1 error occurred:\n\t* AssignPodIPAddress: no available IP/Prefix addresses\n\n"}
{"level":"info","ts":"2026-10-05T08:42:05.785Z","caller":"rpc/rpc_grpc.pb.go:117","msg":"Send AddNetworkReply: Success: false IPAddr: [], resp: , err: AssignPodIPAddress: no available IP/Prefix addresses"}
{"level":"info","ts":"2026-10-05T08:42:05.793Z","caller":"rpc/rpc_grpc.pb.go:117","msg":"Received AddNetwork for NS /var/run/netns/cni-5ae4022b-1bac-6a3e-5596-c89758c26d80, Sandbox 82a5e7fce2ddaeebe63ca2810e6d4587ed9891e7f0366e973e517dcb3f73f79d, ifname eth0"}
{"level":"debug","ts":"2026-10-05T08:42:05.793Z","caller":"rpc/rpc_grpc.pb.go:117","msg":"AddNetworkRequest: K8S_POD_NAME:\"pause-68d5b89fc-n9q4v\"  K8S_POD_NAMESPACE:\"default\"  K8S_POD_INFRA_CONTAINER_ID:\"82a5e7fce2ddaeebe63ca2810e6d4587ed9891e7f0366e973e517dcb3f73f79d\"  ContainerID:\"82a5e7fce2ddaeebe63ca2810e6d4587ed9891e7f0366e973e517dcb3f73f79d\"  IfName:\"eth0\"  NetworkName:\"aws-cni\"  Netns:\"/var/run/netns/cni-5ae4022b-1bac-6a3e-5596-c89758c26d80\""}
{"level":"info","ts":"2026-10-05T08:42:05.793Z","caller":"rpc/rpc_grpc.pb.go:117","msg":"Required MultiNIC access false, interfaces required 1"}
{"level":"debug","ts":"2026-10-05T08:42:05.793Z","caller":"datastore/data_store.go:713","msg":"AssignPodIPv4Address: IP address pool stats: total 0, assigned 0"}
{"level":"debug","ts":"2026-10-05T08:42:05.793Z","caller":"datastore/data_store.go:713","msg":"AssignPodIPv4Address: ENI eni-EXAMPLE19 does not have available addresses"}
{"level":"error","ts":"2026-10-05T08:42:05.793Z","caller":"datastore/data_store.go:713","msg":"DataStore has no available IP/Prefix addresses"}
{"level":"warn","ts":"2026-10-05T08:42:05.793Z","caller":"rpc/rpc_grpc.pb.go:117","msg":"Failed to assign IPs from network card 0: AssignPodIPAddress: no available IP/Prefix addresses"}
{"level":"error","ts":"2026-10-05T08:42:05.793Z","caller":"rpc/rpc_grpc.pb.go:117","msg":"Returning failure response for AddNetwork: 1 error occurred:\n\t* AssignPodIPAddress: no available IP/Prefix addresses\n\n"}
{"level":"info","ts":"2026-10-05T08:42:05.793Z","caller":"rpc/rpc_grpc.pb.go:117","msg":"Send AddNetworkReply: Success: false IPAddr: [], resp: , err: AssignPodIPAddress: no available IP/Prefix addresses"}
{"level":"info","ts":"2026-10-05T08:42:05.828Z","caller":"rpc/rpc_grpc.pb.go:135","msg":"Received DelNetwork for Sandbox 42a077db6f624ff0501f75b921acfd73346160dc41866e241a8037b1ba71b7d3"}
{"level":"debug","ts":"2026-10-05T08:42:05.828Z","caller":"rpc/rpc_grpc.pb.go:135","msg":"DelNetworkRequest: K8S_POD_NAME:\"pause-68d5b89fc-88226\"  K8S_POD_NAMESPACE:\"default\"  K8S_POD_INFRA_CONTAINER_ID:\"42a077db6f624ff0501f75b921acfd73346160dc41866e241a8037b1ba71b7d3\"  Reason:\"PodDeleted\"  ContainerID:\"42a077db6f624ff0501f75b921acfd73346160dc41866e241a8037b1ba71b7d3\"  IfName:\"eth0\"  NetworkName:\"aws-cni\"  K8S_POD_UID:\"e903ba0e-e96e-48c7-90d6-ad1a2a6941a3\""}
{"level":"debug","ts":"2026-10-05T08:42:05.828Z","caller":"ipamd/rpc_handler.go:353","msg":"UnassignPodIPAddress: IP address pool stats: total 0, assigned 0, sandbox aws-cni/42a077db6f624ff0501f75b921acfd73346160dc41866e241a8037b1ba71b7d3/eth0"}
{"level":"debug","ts":"2026-10-05T08:42:05.828Z","caller":"ipamd/rpc_handler.go:353","msg":"UnassignPodIPAddress: Failed to find IPAM entry under full key, trying CRI-migrated version"}
{"level":"warn","ts":"2026-10-05T08:42:05.828Z","caller":"ipamd/rpc_handler.go:353","msg":"UnassignPodIPAddress: Failed to find sandbox _migrated-from-cri/42a077db6f624ff0501f75b921acfd73346160dc41866e241a8037b1ba71b7d3/unknown"}
{"level":"info","ts":"2026-10-05T08:42:05.828Z","caller":"rpc/rpc_grpc.pb.go:135","msg":"Send DelNetworkReply: IPAddress: [], err: 1 error occurred:\n\t* datastore: unknown pod\n\n"}
{"level":"info","ts":"2026-10-05T08:42:05.841Z","caller":"rpc/rpc_grpc.pb.go:135","msg":"Received DelNetwork for Sandbox 82a5e7fce2ddaeebe63ca2810e6d4587ed9891e7f0366e973e517dcb3f73f79d"}
{"level":"debug","ts":"2026-10-05T08:42:05.841Z","caller":"rpc/rpc_grpc.pb.go:135","msg":"DelNetworkRequest: K8S_POD_NAME:\"pause-68d5b89fc-n9q4v\"  K8S_POD_NAMESPACE:\"default\"  K8S_POD_INFRA_CONTAINER_ID:\"82a5e7fce2ddaeebe63ca2810e6d4587ed9891e7f0366e973e517dcb3f73f79d\"  Reason:\"PodDeleted\"  ContainerID:\"82a5e7fce2ddaeebe63ca2810e6d4587ed9891e7f0366e973e517dcb3f73f79d\"  IfName:\"eth0\"  NetworkName:\"aws-cni\"  K8S_POD_UID:\"f68fbeb2-acd7-443d-aaf4-9fe8443ea42e\""}
{"level":"debug","ts":"2026-10-05T08:42:05.841Z","caller":"ipamd/rpc_handler.go:353","msg":"UnassignPodIPAddress: IP address pool stats: total 0, assigned 0, sandbox aws-cni/82a5e7fce2ddaeebe63ca2810e6d4587ed9891e7f0366e973e517dcb3f73f79d/eth0"}
{"level":"debug","ts":"2026-10-05T08:42:05.841Z","caller":"ipamd/rpc_handler.go:353","msg":"UnassignPodIPAddress: Failed to find IPAM entry under full key, trying CRI-migrated version"}
{"level":"warn","ts":"2026-10-05T08:42:05.841Z","caller":"ipamd/rpc_handler.go:353","msg":"UnassignPodIPAddress: Failed to find sandbox _migrated-from-cri/82a5e7fce2ddaeebe63ca2810e6d4587ed9891e7f0366e973e517dcb3f73f79d/unknown"}
{"level":"info","ts":"2026-10-05T08:42:05.841Z","caller":"rpc/rpc_grpc.pb.go:135","msg":"Send DelNetworkReply: IPAddress: [], err: 1 error occurred:\n\t* datastore: unknown pod\n\n"}
{"level":"debug","ts":"2026-10-05T08:42:08.675Z","caller":"ipamd/ipamd.go:809","msg":"IP pool is too low for Network Card 0: available (0) < ENI target (1) * addrsPerENI (16)"}
{"level":"debug","ts":"2026-10-05T08:42:08.675Z","caller":"ipamd/ipamd.go:2689","msg":"Prefix pool stats for network card 0: Total IPs/Prefixes = 0/0, AssignedIPs/CooldownIPs: 0/0, c.maxIPsPerENI = 80"}
{"level":"debug","ts":"2026-10-05T08:42:08.676Z","caller":"ipamd/ipamd.go:795","msg":"IP stats for Network Card 0 - total IPs: 0, assigned IPs: 0, cooldown IPs: 0"}
{"level":"debug","ts":"2026-10-05T08:42:08.676Z","caller":"ipamd/ipamd.go:813","msg":"Starting to increase pool size for network card 0"}
{"level":"debug","ts":"2026-10-05T08:42:08.676Z","caller":"ipamd/ipamd.go:966","msg":"Node found \"ip-10-20-0-28.ec2.internal\" - no of taints - 0"}
{"level":"debug","ts":"2026-10-05T08:42:08.676Z","caller":"ipamd/ipamd.go:2758","msg":"Prefix target is 1, short of 1 prefixes, free 0 prefixes"}
{"level":"debug","ts":"2026-10-05T08:42:08.676Z","caller":"ipamd/ipamd.go:1248","msg":"ToAllocate: 1, Network Card 0"}
{"level":"debug","ts":"2026-10-05T08:42:08.676Z","caller":"ipamd/ipamd.go:1251","msg":"Found ENI eni-EXAMPLE19 that has less than the maximum number of IP/Prefixes addresses allocated: cur=0, max=5"}
{"level":"info","ts":"2026-10-05T08:42:08.676Z","caller":"ipamd/ipamd.go:1255","msg":"Trying to allocate 1 IP addresses on ENI eni-EXAMPLE19"}
{"level":"debug","ts":"2026-10-05T08:42:08.676Z","caller":"ipamd/ipamd.go:1255","msg":"PD enabled - true"}
{"level":"info","ts":"2026-10-05T08:42:08.777Z","caller":"rpc/rpc_grpc.pb.go:117","msg":"Received AddNetwork for NS /var/run/netns/cni-2ae600f0-e5d3-661c-d2a2-8d9f683e0f87, Sandbox 8dd6f5f920c69f1d2aa08a6ff8eb73d02212c8b93e64a587b52b47552b8e51ac, ifname eth0"}
{"level":"debug","ts":"2026-10-05T08:42:08.777Z","caller":"rpc/rpc_grpc.pb.go:117","msg":"AddNetworkRequest: K8S_POD_NAME:\"pause-68d5b89fc-5gpj2\"  K8S_POD_NAMESPACE:\"default\"  K8S_POD_INFRA_CONTAINER_ID:\"8dd6f5f920c69f1d2aa08a6ff8eb73d02212c8b93e64a587b52b47552b8e51ac\"  ContainerID:\"8dd6f5f920c69f1d2aa08a6ff8eb73d02212c8b93e64a587b52b47552b8e51ac\"  IfName:\"eth0\"  NetworkName:\"aws-cni\"  Netns:\"/var/run/netns/cni-2ae600f0-e5d3-661c-d2a2-8d9f683e0f87\""}
{"level":"info","ts":"2026-10-05T08:42:08.777Z","caller":"rpc/rpc_grpc.pb.go:117","msg":"Required MultiNIC access false, interfaces required 1"}
{"level":"debug","ts":"2026-10-05T08:42:08.777Z","caller":"datastore/data_store.go:713","msg":"AssignPodIPv4Address: IP address pool stats: total 0, assigned 0"}
{"level":"debug","ts":"2026-10-05T08:42:08.777Z","caller":"datastore/data_store.go:713","msg":"AssignPodIPv4Address: ENI eni-EXAMPLE19 does not have available addresses"}
{"level":"error","ts":"2026-10-05T08:42:08.777Z","caller":"datastore/data_store.go:713","msg":"DataStore has no available IP/Prefix addresses"}
{"level":"warn","ts":"2026-10-05T08:42:08.777Z","caller":"rpc/rpc_grpc.pb.go:117","msg":"Failed to assign IPs from network card 0: AssignPodIPAddress: no available IP/Prefix addresses"}
{"level":"error","ts":"2026-10-05T08:42:08.777Z","caller":"rpc/rpc_grpc.pb.go:117","msg":"Returning failure response for AddNetwork: 1 error occurred:\n\t* AssignPodIPAddress: no available IP/Prefix addresses\n\n"}
{"level":"info","ts":"2026-10-05T08:42:08.777Z","caller":"rpc/rpc_grpc.pb.go:117","msg":"Send AddNetworkReply: Success: false IPAddr: [], resp: , err: AssignPodIPAddress: no available IP/Prefix addresses"}
{"level":"info","ts":"2026-10-05T08:42:08.802Z","caller":"rpc/rpc_grpc.pb.go:135","msg":"Received DelNetwork for Sandbox 8dd6f5f920c69f1d2aa08a6ff8eb73d02212c8b93e64a587b52b47552b8e51ac"}
{"level":"debug","ts":"2026-10-05T08:42:08.802Z","caller":"rpc/rpc_grpc.pb.go:135","msg":"DelNetworkRequest: K8S_POD_NAME:\"pause-68d5b89fc-5gpj2\"  K8S_POD_NAMESPACE:\"default\"  K8S_POD_INFRA_CONTAINER_ID:\"8dd6f5f920c69f1d2aa08a6ff8eb73d02212c8b93e64a587b52b47552b8e51ac\"  Reason:\"PodDeleted\"  ContainerID:\"8dd6f5f920c69f1d2aa08a6ff8eb73d02212c8b93e64a587b52b47552b8e51ac\"  IfName:\"eth0\"  NetworkName:\"aws-cni\"  K8S_POD_UID:\"8da26452-5df7-4b5d-bf8b-b8df9d619b63\""}
{"level":"debug","ts":"2026-10-05T08:42:08.803Z","caller":"ipamd/rpc_handler.go:353","msg":"UnassignPodIPAddress: IP address pool stats: total 0, assigned 0, sandbox aws-cni/8dd6f5f920c69f1d2aa08a6ff8eb73d02212c8b93e64a587b52b47552b8e51ac/eth0"}
{"level":"debug","ts":"2026-10-05T08:42:08.803Z","caller":"ipamd/rpc_handler.go:353","msg":"UnassignPodIPAddress: Failed to find IPAM entry under full key, trying CRI-migrated version"}
{"level":"warn","ts":"2026-10-05T08:42:08.803Z","caller":"ipamd/rpc_handler.go:353","msg":"UnassignPodIPAddress: Failed to find sandbox _migrated-from-cri/8dd6f5f920c69f1d2aa08a6ff8eb73d02212c8b93e64a587b52b47552b8e51ac/unknown"}
{"level":"info","ts":"2026-10-05T08:42:08.803Z","caller":"rpc/rpc_grpc.pb.go:135","msg":"Send DelNetworkReply: IPAddress: [], err: 1 error occurred:\n\t* datastore: unknown pod\n\n"}
{"level":"debug","ts":"2026-10-05T08:42:09.190Z","caller":"awsutils/awsutils.go:2174","msg":"checkAPIErrorAndBroadcastEvent resulted in operation error EC2: AssignPrivateIpAddresses, https response error StatusCode: 400, RequestID: c5e5893e-1a06-4f6d-9917-8228455703aa, api error InsufficientCidrBlocks: The specified subnet does not have enough free cidr blocks to satisfy the request."}
{"level":"error","ts":"2026-10-05T08:42:09.190Z","caller":"ipamd/ipamd.go:1255","msg":"Failed to allocate a private IP/Prefix addresses on ENI eni-EXAMPLE19: operation error EC2: AssignPrivateIpAddresses, https response error StatusCode: 400, RequestID: c5e5893e-1a06-4f6d-9917-8228455703aa, api error InsufficientCidrBlocks: The specified subnet does not have enough free cidr blocks to satisfy the request."}
{"level":"debug","ts":"2026-10-05T08:42:09.190Z","caller":"ipamd/ipamd.go:1256","msg":"containsPrivateIPAddressLimitExceededError encountered operation error EC2: AssignPrivateIpAddresses, https response error StatusCode: 400, RequestID: c5e5893e-1a06-4f6d-9917-8228455703aa, api error InsufficientCidrBlocks: The specified subnet does not have enough free cidr blocks to satisfy the request."}
{"level":"warn","ts":"2026-10-05T08:42:09.190Z","caller":"ipamd/ipamd.go:1113","msg":"failed to allocate all available IPv4 Prefixes on ENI eni-EXAMPLE19, err: operation error EC2: AssignPrivateIpAddresses, https response error StatusCode: 400, RequestID: c5e5893e-1a06-4f6d-9917-8228455703aa, api error InsufficientCidrBlocks: The specified subnet does not have enough free cidr blocks to satisfy the request."}
{"level":"info","ts":"2026-10-05T08:42:09.190Z","caller":"ipamd/ipamd.go:1259","msg":"Trying to allocate 1 IP addresses on ENI eni-EXAMPLE19"}
{"level":"debug","ts":"2026-10-05T08:42:09.190Z","caller":"ipamd/ipamd.go:1259","msg":"PD enabled - true"}
{"level":"debug","ts":"2026-10-05T08:42:09.634Z","caller":"awsutils/awsutils.go:2174","msg":"checkAPIErrorAndBroadcastEvent resulted in operation error EC2: AssignPrivateIpAddresses, https response error StatusCode: 400, RequestID: c3fe477b-15c8-4052-8444-8ce0a78330a4, api error InsufficientCidrBlocks: The specified subnet does not have enough free cidr blocks to satisfy the request."}
{"level":"error","ts":"2026-10-05T08:42:09.634Z","caller":"ipamd/ipamd.go:1259","msg":"Failed to allocate a private IP/Prefix addresses on ENI eni-EXAMPLE19: operation error EC2: AssignPrivateIpAddresses, https response error StatusCode: 400, RequestID: c3fe477b-15c8-4052-8444-8ce0a78330a4, api error InsufficientCidrBlocks: The specified subnet does not have enough free cidr blocks to satisfy the request."}
{"level":"debug","ts":"2026-10-05T08:42:09.634Z","caller":"ipamd/ipamd.go:1260","msg":"containsPrivateIPAddressLimitExceededError encountered operation error EC2: AssignPrivateIpAddresses, https response error StatusCode: 400, RequestID: c3fe477b-15c8-4052-8444-8ce0a78330a4, api error InsufficientCidrBlocks: The specified subnet does not have enough free cidr blocks to satisfy the request."}
{"level":"debug","ts":"2026-10-05T08:42:09.634Z","caller":"ipamd/ipamd.go:1262","msg":"containsInsufficientCIDRsOrSubnetIPs encountered operation error EC2: AssignPrivateIpAddresses, https response error StatusCode: 400, RequestID: c3fe477b-15c8-4052-8444-8ce0a78330a4, api error InsufficientCidrBlocks: The specified subnet does not have enough free cidr blocks to satisfy the request."}
{"level":"debug","ts":"2026-10-05T08:42:09.634Z","caller":"ipamd/ipamd.go:1262","msg":"Insufficient IP Addresses due to: InsufficientCidrBlocks\n"}
{"level":"debug","ts":"2026-10-05T08:42:09.634Z","caller":"ipamd/ipamd.go:1003","msg":"hasRoomForEni: networkCard=0, currentENIs=1, currentUsableENIs=1, maxENI=3, unmanagedENI=0, trunkEni=0, excludedENI=0, hasRoom=true"}
{"level":"debug","ts":"2026-10-05T08:42:09.634Z","caller":"ipamd/ipamd.go:2758","msg":"Prefix target is 1, short of 1 prefixes, free 0 prefixes"}
{"level":"debug","ts":"2026-10-05T08:42:09.634Z","caller":"ipamd/ipamd.go:2595","msg":"ToAllocate: 1, Network Card 0"}
{"level":"info","ts":"2026-10-05T08:42:09.634Z","caller":"awsutils/awsutils.go:1044","msg":"Trying to allocate 1 IP addresses on new ENI"}
{"level":"debug","ts":"2026-10-05T08:42:09.634Z","caller":"awsutils/awsutils.go:1044","msg":"PD enabled - true"}
{"level":"debug","ts":"2026-10-05T08:42:09.746Z","caller":"awsutils/awsutils.go:1272","msg":"Primary subnet subnet-EXAMPLE4 has no kubernetes.io/role/cni tag, including it for ENI creation (backwards compatibility)"}
{"level":"info","ts":"2026-10-05T08:42:09.746Z","caller":"awsutils/awsutils.go:1044","msg":"Creating ENI with security groups: [sg-EXAMPLE1] in subnet: subnet-EXAMPLE4"}
{"level":"debug","ts":"2026-10-05T08:42:09.965Z","caller":"awsutils/awsutils.go:1449","msg":"checkAPIErrorAndBroadcastEvent resulted in operation error EC2: CreateNetworkInterface, https response error StatusCode: 400, RequestID: e0038f4d-1472-4c30-9608-5cde77351375, api error InvalidParameterValue: There aren't sufficient free Ipv4 addresses or prefixes"}
{"level":"error","ts":"2026-10-05T08:42:09.965Z","caller":"awsutils/awsutils.go:1285","msg":"Failed to CreateNetworkInterface operation error EC2: CreateNetworkInterface, https response error StatusCode: 400, RequestID: e0038f4d-1472-4c30-9608-5cde77351375, api error InvalidParameterValue: There aren't sufficient free Ipv4 addresses or prefixes for subnet subnet-EXAMPLE4"}
{"level":"debug","ts":"2026-10-05T08:42:09.965Z","caller":"awsutils/awsutils.go:1272","msg":"Subnet subnet-EXAMPLE3 has no kubernetes.io/role/cni tag, excluding it from ENI creation"}
{"level":"error","ts":"2026-10-05T08:42:09.965Z","caller":"ipamd/ipamd.go:1004","msg":"Failed to increase pool size due to not able to allocate ENI AllocENI: failed to create ENI: failed to create network interface: operation error EC2: CreateNetworkInterface, https response error StatusCode: 400, RequestID: e0038f4d-1472-4c30-9608-5cde77351375, api error InvalidParameterValue: There aren't sufficient free Ipv4 addresses or prefixes"}
{"level":"warn","ts":"2026-10-05T08:42:09.965Z","caller":"ipamd/ipamd.go:1004","msg":"Failed to allocate 1 IP addresses on an ENI: AllocENI: failed to create ENI: failed to create network interface: operation error EC2: CreateNetworkInterface, https response error StatusCode: 400, RequestID: e0038f4d-1472-4c30-9608-5cde77351375, api error InvalidParameterValue: There aren't sufficient free Ipv4 addresses or prefixes"}
{"level":"debug","ts":"2026-10-05T08:42:09.965Z","caller":"ipamd/ipamd.go:1082","msg":"containsInsufficientCIDRsOrSubnetIPs encountered AllocENI: failed to create ENI: failed to create network interface: operation error EC2: CreateNetworkInterface, https response error StatusCode: 400, RequestID: e0038f4d-1472-4c30-9608-5cde77351375, api error InvalidParameterValue: There aren't sufficient free Ipv4 addresses or prefixes"}
{"level":"debug","ts":"2026-10-05T08:42:09.965Z","caller":"ipamd/ipamd.go:1082","msg":"Insufficient IP Addresses due to: InvalidParameterValue\n"}
{"level":"debug","ts":"2026-10-05T08:42:09.965Z","caller":"ipamd/ipamd.go:813","msg":"Error trying to allocate ENI: AllocENI: failed to create ENI: failed to create network interface: operation error EC2: CreateNetworkInterface, https response error StatusCode: 400, RequestID: e0038f4d-1472-4c30-9608-5cde77351375, api error InvalidParameterValue: There aren't sufficient free Ipv4 addresses or prefixes"}
{"level":"debug","ts":"2026-10-05T08:42:09.965Z","caller":"ipamd/ipamd.go:1548","msg":"ENI eni-EXAMPLE19 cannot be deleted because it is primary"}
{"level":"debug","ts":"2026-10-05T08:42:14.967Z","caller":"ipamd/ipamd.go:809","msg":"IP pool is too low for Network Card 0: available (0) < ENI target (1) * addrsPerENI (16)"}
{"level":"debug","ts":"2026-10-05T08:42:14.967Z","caller":"ipamd/ipamd.go:2689","msg":"Prefix pool stats for network card 0: Total IPs/Prefixes = 0/0, AssignedIPs/CooldownIPs: 0/0, c.maxIPsPerENI = 80"}
{"level":"debug","ts":"2026-10-05T08:42:14.967Z","caller":"ipamd/ipamd.go:795","msg":"IP stats for Network Card 0 - total IPs: 0, assigned IPs: 0, cooldown IPs: 0"}
{"level":"debug","ts":"2026-10-05T08:42:14.967Z","caller":"ipamd/ipamd.go:813","msg":"Starting to increase pool size for network card 0"}
{"level":"debug","ts":"2026-10-05T08:42:14.967Z","caller":"ipamd/ipamd.go:966","msg":"Node found \"ip-10-20-0-28.ec2.internal\" - no of taints - 0"}
{"level":"debug","ts":"2026-10-05T08:42:14.967Z","caller":"ipamd/ipamd.go:2758","msg":"Prefix target is 1, short of 1 prefixes, free 0 prefixes"}
{"level":"debug","ts":"2026-10-05T08:42:14.967Z","caller":"ipamd/ipamd.go:1248","msg":"ToAllocate: 1, Network Card 0"}
{"level":"debug","ts":"2026-10-05T08:42:14.967Z","caller":"ipamd/ipamd.go:1251","msg":"Found ENI eni-EXAMPLE19 that has less than the maximum number of IP/Prefixes addresses allocated: cur=0, max=5"}
{"level":"info","ts":"2026-10-05T08:42:14.967Z","caller":"ipamd/ipamd.go:1255","msg":"Trying to allocate 1 IP addresses on ENI eni-EXAMPLE19"}
{"level":"debug","ts":"2026-10-05T08:42:14.967Z","caller":"ipamd/ipamd.go:1255","msg":"PD enabled - true"}
{"level":"debug","ts":"2026-10-05T08:42:15.371Z","caller":"awsutils/awsutils.go:2174","msg":"checkAPIErrorAndBroadcastEvent resulted in operation error EC2: AssignPrivateIpAddresses, https response error StatusCode: 400, RequestID: d4519c33-e60d-47cd-bddc-256ad1e0eb06, api error InsufficientCidrBlocks: The specified subnet does not have enough free cidr blocks to satisfy the request."}
{"level":"error","ts":"2026-10-05T08:42:15.371Z","caller":"ipamd/ipamd.go:1255","msg":"Failed to allocate a private IP/Prefix addresses on ENI eni-EXAMPLE19: operation error EC2: AssignPrivateIpAddresses, https response error StatusCode: 400, RequestID: d4519c33-e60d-47cd-bddc-256ad1e0eb06, api error InsufficientCidrBlocks: The specified subnet does not have enough free cidr blocks to satisfy the request."}
{"level":"debug","ts":"2026-10-05T08:42:15.371Z","caller":"ipamd/ipamd.go:1256","msg":"containsPrivateIPAddressLimitExceededError encountered operation error EC2: AssignPrivateIpAddresses, https response error StatusCode: 400, RequestID: d4519c33-e60d-47cd-bddc-256ad1e0eb06, api error InsufficientCidrBlocks: The specified subnet does not have enough free cidr blocks to satisfy the request."}
{"level":"warn","ts":"2026-10-05T08:42:15.371Z","caller":"ipamd/ipamd.go:1113","msg":"failed to allocate all available IPv4 Prefixes on ENI eni-EXAMPLE19, err: operation error EC2: AssignPrivateIpAddresses, https response error StatusCode: 400, RequestID: d4519c33-e60d-47cd-bddc-256ad1e0eb06, api error InsufficientCidrBlocks: The specified subnet does not have enough free cidr blocks to satisfy the request."}
{"level":"info","ts":"2026-10-05T08:42:15.371Z","caller":"ipamd/ipamd.go:1259","msg":"Trying to allocate 1 IP addresses on ENI eni-EXAMPLE19"}
{"level":"debug","ts":"2026-10-05T08:42:15.371Z","caller":"ipamd/ipamd.go:1259","msg":"PD enabled - true"}
{"level":"debug","ts":"2026-10-05T08:42:15.779Z","caller":"awsutils/awsutils.go:2174","msg":"checkAPIErrorAndBroadcastEvent resulted in operation error EC2: AssignPrivateIpAddresses, https response error StatusCode: 400, RequestID: 9df71d8c-acdd-4181-b4ba-41cc9ebee579, api error InsufficientCidrBlocks: The specified subnet does not have enough free cidr blocks to satisfy the request."}
{"level":"error","ts":"2026-10-05T08:42:15.780Z","caller":"ipamd/ipamd.go:1259","msg":"Failed to allocate a private IP/Prefix addresses on ENI eni-EXAMPLE19: operation error EC2: AssignPrivateIpAddresses, https response error StatusCode: 400, RequestID: 9df71d8c-acdd-4181-b4ba-41cc9ebee579, api error InsufficientCidrBlocks: The specified subnet does not have enough free cidr blocks to satisfy the request."}
{"level":"debug","ts":"2026-10-05T08:42:15.780Z","caller":"ipamd/ipamd.go:1260","msg":"containsPrivateIPAddressLimitExceededError encountered operation error EC2: AssignPrivateIpAddresses, https response error StatusCode: 400, RequestID: 9df71d8c-acdd-4181-b4ba-41cc9ebee579, api error InsufficientCidrBlocks: The specified subnet does not have enough free cidr blocks to satisfy the request."}
{"level":"debug","ts":"2026-10-05T08:42:15.780Z","caller":"ipamd/ipamd.go:1262","msg":"containsInsufficientCIDRsOrSubnetIPs encountered operation error EC2: AssignPrivateIpAddresses, https response error StatusCode: 400, RequestID: 9df71d8c-acdd-4181-b4ba-41cc9ebee579, api error InsufficientCidrBlocks: The specified subnet does not have enough free cidr blocks to satisfy the request."}
{"level":"debug","ts":"2026-10-05T08:42:15.780Z","caller":"ipamd/ipamd.go:1262","msg":"Insufficient IP Addresses due to: InsufficientCidrBlocks\n"}
{"level":"debug","ts":"2026-10-05T08:42:15.780Z","caller":"ipamd/ipamd.go:1003","msg":"hasRoomForEni: networkCard=0, currentENIs=1, currentUsableENIs=1, maxENI=3, unmanagedENI=0, trunkEni=0, excludedENI=0, hasRoom=true"}
{"level":"debug","ts":"2026-10-05T08:42:15.780Z","caller":"ipamd/ipamd.go:2758","msg":"Prefix target is 1, short of 1 prefixes, free 0 prefixes"}
{"level":"debug","ts":"2026-10-05T08:42:15.780Z","caller":"ipamd/ipamd.go:2595","msg":"ToAllocate: 1, Network Card 0"}
{"level":"info","ts":"2026-10-05T08:42:15.780Z","caller":"awsutils/awsutils.go:1044","msg":"Trying to allocate 1 IP addresses on new ENI"}
{"level":"debug","ts":"2026-10-05T08:42:15.780Z","caller":"awsutils/awsutils.go:1044","msg":"PD enabled - true"}
{"level":"debug","ts":"2026-10-05T08:42:16.034Z","caller":"awsutils/awsutils.go:1272","msg":"Primary subnet subnet-EXAMPLE4 has no kubernetes.io/role/cni tag, including it for ENI creation (backwards compatibility)"}
{"level":"info","ts":"2026-10-05T08:42:16.034Z","caller":"awsutils/awsutils.go:1044","msg":"Creating ENI with security groups: [sg-EXAMPLE1] in subnet: subnet-EXAMPLE4"}
{"level":"debug","ts":"2026-10-05T08:42:16.316Z","caller":"awsutils/awsutils.go:1449","msg":"checkAPIErrorAndBroadcastEvent resulted in operation error EC2: CreateNetworkInterface, https response error StatusCode: 400, RequestID: 969d4d5e-14ba-4c44-a121-f136545337e2, api error InvalidParameterValue: There aren't sufficient free Ipv4 addresses or prefixes"}
{"level":"error","ts":"2026-10-05T08:42:16.316Z","caller":"awsutils/awsutils.go:1285","msg":"Failed to CreateNetworkInterface operation error EC2: CreateNetworkInterface, https response error StatusCode: 400, RequestID: 969d4d5e-14ba-4c44-a121-f136545337e2, api error InvalidParameterValue: There aren't sufficient free Ipv4 addresses or prefixes for subnet subnet-EXAMPLE4"}
{"level":"debug","ts":"2026-10-05T08:42:16.316Z","caller":"awsutils/awsutils.go:1272","msg":"Subnet subnet-EXAMPLE3 has no kubernetes.io/role/cni tag, excluding it from ENI creation"}
{"level":"error","ts":"2026-10-05T08:42:16.316Z","caller":"ipamd/ipamd.go:1004","msg":"Failed to increase pool size due to not able to allocate ENI AllocENI: failed to create ENI: failed to create network interface: operation error EC2: CreateNetworkInterface, https response error StatusCode: 400, RequestID: 969d4d5e-14ba-4c44-a121-f136545337e2, api error InvalidParameterValue: There aren't sufficient free Ipv4 addresses or prefixes"}
{"level":"warn","ts":"2026-10-05T08:42:16.316Z","caller":"ipamd/ipamd.go:1004","msg":"Failed to allocate 1 IP addresses on an ENI: AllocENI: failed to create ENI: failed to create network interface: operation error EC2: CreateNetworkInterface, https response error StatusCode: 400, RequestID: 969d4d5e-14ba-4c44-a121-f136545337e2, api error InvalidParameterValue: There aren't sufficient free Ipv4 addresses or prefixes"}
{"level":"debug","ts":"2026-10-05T08:42:16.316Z","caller":"ipamd/ipamd.go:1082","msg":"containsInsufficientCIDRsOrSubnetIPs encountered AllocENI: failed to create ENI: failed to create network interface: operation error EC2: CreateNetworkInterface, https response error StatusCode: 400, RequestID: 969d4d5e-14ba-4c44-a121-f136545337e2, api error InvalidParameterValue: There aren't sufficient free Ipv4 addresses or prefixes"}
{"level":"debug","ts":"2026-10-05T08:42:16.316Z","caller":"ipamd/ipamd.go:1082","msg":"Insufficient IP Addresses due to: InvalidParameterValue\n"}
{"level":"debug","ts":"2026-10-05T08:42:16.316Z","caller":"ipamd/ipamd.go:813","msg":"Error trying to allocate ENI: AllocENI: failed to create ENI: failed to create network interface: operation error EC2: CreateNetworkInterface, https response error StatusCode: 400, RequestID: 969d4d5e-14ba-4c44-a121-f136545337e2, api error InvalidParameterValue: There aren't sufficient free Ipv4 addresses or prefixes"}
{"level":"debug","ts":"2026-10-05T08:42:16.316Z","caller":"ipamd/ipamd.go:1548","msg":"ENI eni-EXAMPLE19 cannot be deleted because it is primary"}
{"level":"info","ts":"2026-10-05T08:42:19.775Z","caller":"rpc/rpc_grpc.pb.go:117","msg":"Received AddNetwork for NS /var/run/netns/cni-dcc9d8b5-efd3-ae6d-302b-d4fc612a67fe, Sandbox c1f943db42c6b2507dcb7b2bd80e96330a86d820b116647cf43e841811b5dbb0, ifname eth0"}
{"level":"debug","ts":"2026-10-05T08:42:19.775Z","caller":"rpc/rpc_grpc.pb.go:117","msg":"AddNetworkRequest: K8S_POD_NAME:\"pause-68d5b89fc-n9q4v\"  K8S_POD_NAMESPACE:\"default\"  K8S_POD_INFRA_CONTAINER_ID:\"c1f943db42c6b2507dcb7b2bd80e96330a86d820b116647cf43e841811b5dbb0\"  ContainerID:\"c1f943db42c6b2507dcb7b2bd80e96330a86d820b116647cf43e841811b5dbb0\"  IfName:\"eth0\"  NetworkName:\"aws-cni\"  Netns:\"/var/run/netns/cni-dcc9d8b5-efd3-ae6d-302b-d4fc612a67fe\""}
{"level":"info","ts":"2026-10-05T08:42:19.775Z","caller":"rpc/rpc_grpc.pb.go:117","msg":"Required MultiNIC access false, interfaces required 1"}
{"level":"debug","ts":"2026-10-05T08:42:19.776Z","caller":"datastore/data_store.go:713","msg":"AssignPodIPv4Address: IP address pool stats: total 0, assigned 0"}
{"level":"debug","ts":"2026-10-05T08:42:19.776Z","caller":"datastore/data_store.go:713","msg":"AssignPodIPv4Address: ENI eni-EXAMPLE19 does not have available addresses"}
{"level":"error","ts":"2026-10-05T08:42:19.776Z","caller":"datastore/data_store.go:713","msg":"DataStore has no available IP/Prefix addresses"}
{"level":"warn","ts":"2026-10-05T08:42:19.776Z","caller":"rpc/rpc_grpc.pb.go:117","msg":"Failed to assign IPs from network card 0: AssignPodIPAddress: no available IP/Prefix addresses"}
{"level":"error","ts":"2026-10-05T08:42:19.776Z","caller":"rpc/rpc_grpc.pb.go:117","msg":"Returning failure response for AddNetwork: 1 error occurred:\n\t* AssignPodIPAddress: no available IP/Prefix addresses\n\n"}
{"level":"info","ts":"2026-10-05T08:42:19.776Z","caller":"rpc/rpc_grpc.pb.go:117","msg":"Send AddNetworkReply: Success: false IPAddr: [], resp: , err: AssignPodIPAddress: no available IP/Prefix addresses"}
{"level":"info","ts":"2026-10-05T08:42:19.800Z","caller":"rpc/rpc_grpc.pb.go:135","msg":"Received DelNetwork for Sandbox c1f943db42c6b2507dcb7b2bd80e96330a86d820b116647cf43e841811b5dbb0"}
{"level":"debug","ts":"2026-10-05T08:42:19.800Z","caller":"rpc/rpc_grpc.pb.go:135","msg":"DelNetworkRequest: K8S_POD_NAME:\"pause-68d5b89fc-n9q4v\"  K8S_POD_NAMESPACE:\"default\"  K8S_POD_INFRA_CONTAINER_ID:\"c1f943db42c6b2507dcb7b2bd80e96330a86d820b116647cf43e841811b5dbb0\"  Reason:\"PodDeleted\"  ContainerID:\"c1f943db42c6b2507dcb7b2bd80e96330a86d820b116647cf43e841811b5dbb0\"  IfName:\"eth0\"  NetworkName:\"aws-cni\"  K8S_POD_UID:\"f68fbeb2-acd7-443d-aaf4-9fe8443ea42e\""}
{"level":"debug","ts":"2026-10-05T08:42:19.800Z","caller":"ipamd/rpc_handler.go:353","msg":"UnassignPodIPAddress: IP address pool stats: total 0, assigned 0, sandbox aws-cni/c1f943db42c6b2507dcb7b2bd80e96330a86d820b116647cf43e841811b5dbb0/eth0"}
{"level":"debug","ts":"2026-10-05T08:42:19.800Z","caller":"ipamd/rpc_handler.go:353","msg":"UnassignPodIPAddress: Failed to find IPAM entry under full key, trying CRI-migrated version"}
{"level":"warn","ts":"2026-10-05T08:42:19.800Z","caller":"ipamd/rpc_handler.go:353","msg":"UnassignPodIPAddress: Failed to find sandbox _migrated-from-cri/c1f943db42c6b2507dcb7b2bd80e96330a86d820b116647cf43e841811b5dbb0/unknown"}
{"level":"info","ts":"2026-10-05T08:42:19.800Z","caller":"rpc/rpc_grpc.pb.go:135","msg":"Send DelNetworkReply: IPAddress: [], err: 1 error occurred:\n\t* datastore: unknown pod\n\n"}
{"level":"info","ts":"2026-10-05T08:42:20.784Z","caller":"rpc/rpc_grpc.pb.go:117","msg":"Received AddNetwork for NS /var/run/netns/cni-aa4f1770-6ae7-0eef-73c0-eaef6e3aa222, Sandbox a205dd704ccee808bfd49a5685c65cd665df6217f5b410f53151ac8802ff9437, ifname eth0"}
{"level":"debug","ts":"2026-10-05T08:42:20.785Z","caller":"rpc/rpc_grpc.pb.go:117","msg":"AddNetworkRequest: K8S_POD_NAME:\"pause-68d5b89fc-5gpj2\"  K8S_POD_NAMESPACE:\"default\"  K8S_POD_INFRA_CONTAINER_ID:\"a205dd704ccee808bfd49a5685c65cd665df6217f5b410f53151ac8802ff9437\"  ContainerID:\"a205dd704ccee808bfd49a5685c65cd665df6217f5b410f53151ac8802ff9437\"  IfName:\"eth0\"  NetworkName:\"aws-cni\"  Netns:\"/var/run/netns/cni-aa4f1770-6ae7-0eef-73c0-eaef6e3aa222\""}
{"level":"info","ts":"2026-10-05T08:42:20.785Z","caller":"rpc/rpc_grpc.pb.go:117","msg":"Required MultiNIC access false, interfaces required 1"}
{"level":"debug","ts":"2026-10-05T08:42:20.785Z","caller":"datastore/data_store.go:713","msg":"AssignPodIPv4Address: IP address pool stats: total 0, assigned 0"}
{"level":"debug","ts":"2026-10-05T08:42:20.785Z","caller":"datastore/data_store.go:713","msg":"AssignPodIPv4Address: ENI eni-EXAMPLE19 does not have available addresses"}
{"level":"error","ts":"2026-10-05T08:42:20.785Z","caller":"datastore/data_store.go:713","msg":"DataStore has no available IP/Prefix addresses"}
{"level":"warn","ts":"2026-10-05T08:42:20.785Z","caller":"rpc/rpc_grpc.pb.go:117","msg":"Failed to assign IPs from network card 0: AssignPodIPAddress: no available IP/Prefix addresses"}
{"level":"error","ts":"2026-10-05T08:42:20.785Z","caller":"rpc/rpc_grpc.pb.go:117","msg":"Returning failure response for AddNetwork: 1 error occurred:\n\t* AssignPodIPAddress: no available IP/Prefix addresses\n\n"}
{"level":"info","ts":"2026-10-05T08:42:20.785Z","caller":"rpc/rpc_grpc.pb.go:117","msg":"Send AddNetworkReply: Success: false IPAddr: [], resp: , err: AssignPodIPAddress: no available IP/Prefix addresses"}
{"level":"info","ts":"2026-10-05T08:42:20.789Z","caller":"rpc/rpc_grpc.pb.go:117","msg":"Received AddNetwork for NS /var/run/netns/cni-f99a1578-0515-3e13-a0a3-e85a9d8bc5c0, Sandbox 963da6dce2733f4248a039e81ace5e5c7ae39a13fe4039ab229afa7b513e752a, ifname eth0"}
{"level":"debug","ts":"2026-10-05T08:42:20.789Z","caller":"rpc/rpc_grpc.pb.go:117","msg":"AddNetworkRequest: K8S_POD_NAME:\"pause-68d5b89fc-88226\"  K8S_POD_NAMESPACE:\"default\"  K8S_POD_INFRA_CONTAINER_ID:\"963da6dce2733f4248a039e81ace5e5c7ae39a13fe4039ab229afa7b513e752a\"  ContainerID:\"963da6dce2733f4248a039e81ace5e5c7ae39a13fe4039ab229afa7b513e752a\"  IfName:\"eth0\"  NetworkName:\"aws-cni\"  Netns:\"/var/run/netns/cni-f99a1578-0515-3e13-a0a3-e85a9d8bc5c0\""}
{"level":"info","ts":"2026-10-05T08:42:20.789Z","caller":"rpc/rpc_grpc.pb.go:117","msg":"Required MultiNIC access false, interfaces required 1"}
{"level":"debug","ts":"2026-10-05T08:42:20.789Z","caller":"datastore/data_store.go:713","msg":"AssignPodIPv4Address: IP address pool stats: total 0, assigned 0"}
{"level":"debug","ts":"2026-10-05T08:42:20.789Z","caller":"datastore/data_store.go:713","msg":"AssignPodIPv4Address: ENI eni-EXAMPLE19 does not have available addresses"}
{"level":"error","ts":"2026-10-05T08:42:20.789Z","caller":"datastore/data_store.go:713","msg":"DataStore has no available IP/Prefix addresses"}
{"level":"warn","ts":"2026-10-05T08:42:20.790Z","caller":"rpc/rpc_grpc.pb.go:117","msg":"Failed to assign IPs from network card 0: AssignPodIPAddress: no available IP/Prefix addresses"}
{"level":"error","ts":"2026-10-05T08:42:20.790Z","caller":"rpc/rpc_grpc.pb.go:117","msg":"Returning failure response for AddNetwork: 1 error occurred:\n\t* AssignPodIPAddress: no available IP/Prefix addresses\n\n"}
{"level":"info","ts":"2026-10-05T08:42:20.790Z","caller":"rpc/rpc_grpc.pb.go:117","msg":"Send AddNetworkReply: Success: false IPAddr: [], resp: , err: AssignPodIPAddress: no available IP/Prefix addresses"}
{"level":"info","ts":"2026-10-05T08:42:20.833Z","caller":"rpc/rpc_grpc.pb.go:135","msg":"Received DelNetwork for Sandbox a205dd704ccee808bfd49a5685c65cd665df6217f5b410f53151ac8802ff9437"}
{"level":"debug","ts":"2026-10-05T08:42:20.833Z","caller":"rpc/rpc_grpc.pb.go:135","msg":"DelNetworkRequest: K8S_POD_NAME:\"pause-68d5b89fc-5gpj2\"  K8S_POD_NAMESPACE:\"default\"  K8S_POD_INFRA_CONTAINER_ID:\"a205dd704ccee808bfd49a5685c65cd665df6217f5b410f53151ac8802ff9437\"  Reason:\"PodDeleted\"  ContainerID:\"a205dd704ccee808bfd49a5685c65cd665df6217f5b410f53151ac8802ff9437\"  IfName:\"eth0\"  NetworkName:\"aws-cni\"  K8S_POD_UID:\"8da26452-5df7-4b5d-bf8b-b8df9d619b63\""}
{"level":"debug","ts":"2026-10-05T08:42:20.833Z","caller":"ipamd/rpc_handler.go:353","msg":"UnassignPodIPAddress: IP address pool stats: total 0, assigned 0, sandbox aws-cni/a205dd704ccee808bfd49a5685c65cd665df6217f5b410f53151ac8802ff9437/eth0"}
{"level":"debug","ts":"2026-10-05T08:42:20.833Z","caller":"ipamd/rpc_handler.go:353","msg":"UnassignPodIPAddress: Failed to find IPAM entry under full key, trying CRI-migrated version"}
{"level":"warn","ts":"2026-10-05T08:42:20.833Z","caller":"ipamd/rpc_handler.go:353","msg":"UnassignPodIPAddress: Failed to find sandbox _migrated-from-cri/a205dd704ccee808bfd49a5685c65cd665df6217f5b410f53151ac8802ff9437/unknown"}
{"level":"info","ts":"2026-10-05T08:42:20.833Z","caller":"rpc/rpc_grpc.pb.go:135","msg":"Send DelNetworkReply: IPAddress: [], err: 1 error occurred:\n\t* datastore: unknown pod\n\n"}
{"level":"info","ts":"2026-10-05T08:42:20.833Z","caller":"rpc/rpc_grpc.pb.go:135","msg":"Received DelNetwork for Sandbox 963da6dce2733f4248a039e81ace5e5c7ae39a13fe4039ab229afa7b513e752a"}
{"level":"debug","ts":"2026-10-05T08:42:20.833Z","caller":"rpc/rpc_grpc.pb.go:135","msg":"DelNetworkRequest: K8S_POD_NAME:\"pause-68d5b89fc-88226\"  K8S_POD_NAMESPACE:\"default\"  K8S_POD_INFRA_CONTAINER_ID:\"963da6dce2733f4248a039e81ace5e5c7ae39a13fe4039ab229afa7b513e752a\"  Reason:\"PodDeleted\"  ContainerID:\"963da6dce2733f4248a039e81ace5e5c7ae39a13fe4039ab229afa7b513e752a\"  IfName:\"eth0\"  NetworkName:\"aws-cni\"  K8S_POD_UID:\"e903ba0e-e96e-48c7-90d6-ad1a2a6941a3\""}
{"level":"debug","ts":"2026-10-05T08:42:20.833Z","caller":"ipamd/rpc_handler.go:353","msg":"UnassignPodIPAddress: IP address pool stats: total 0, assigned 0, sandbox aws-cni/963da6dce2733f4248a039e81ace5e5c7ae39a13fe4039ab229afa7b513e752a/eth0"}
{"level":"debug","ts":"2026-10-05T08:42:20.833Z","caller":"ipamd/rpc_handler.go:353","msg":"UnassignPodIPAddress: Failed to find IPAM entry under full key, trying CRI-migrated version"}
{"level":"warn","ts":"2026-10-05T08:42:20.833Z","caller":"ipamd/rpc_handler.go:353","msg":"UnassignPodIPAddress: Failed to find sandbox _migrated-from-cri/963da6dce2733f4248a039e81ace5e5c7ae39a13fe4039ab229afa7b513e752a/unknown"}
{"level":"info","ts":"2026-10-05T08:42:20.833Z","caller":"rpc/rpc_grpc.pb.go:135","msg":"Send DelNetworkReply: IPAddress: [], err: 1 error occurred:\n\t* datastore: unknown pod\n\n"}
{"level":"debug","ts":"2026-10-05T08:42:21.318Z","caller":"ipamd/ipamd.go:809","msg":"IP pool is too low for Network Card 0: available (0) < ENI target (1) * addrsPerENI (16)"}
{"level":"debug","ts":"2026-10-05T08:42:21.318Z","caller":"ipamd/ipamd.go:2689","msg":"Prefix pool stats for network card 0: Total IPs/Prefixes = 0/0, AssignedIPs/CooldownIPs: 0/0, c.maxIPsPerENI = 80"}
{"level":"debug","ts":"2026-10-05T08:42:21.318Z","caller":"ipamd/ipamd.go:795","msg":"IP stats for Network Card 0 - total IPs: 0, assigned IPs: 0, cooldown IPs: 0"}
{"level":"debug","ts":"2026-10-05T08:42:21.318Z","caller":"ipamd/ipamd.go:813","msg":"Starting to increase pool size for network card 0"}
{"level":"debug","ts":"2026-10-05T08:42:21.318Z","caller":"ipamd/ipamd.go:966","msg":"Node found \"ip-10-20-0-28.ec2.internal\" - no of taints - 0"}
{"level":"debug","ts":"2026-10-05T08:42:21.318Z","caller":"ipamd/ipamd.go:2758","msg":"Prefix target is 1, short of 1 prefixes, free 0 prefixes"}
{"level":"debug","ts":"2026-10-05T08:42:21.318Z","caller":"ipamd/ipamd.go:1248","msg":"ToAllocate: 1, Network Card 0"}
{"level":"debug","ts":"2026-10-05T08:42:21.318Z","caller":"ipamd/ipamd.go:1251","msg":"Found ENI eni-EXAMPLE19 that has less than the maximum number of IP/Prefixes addresses allocated: cur=0, max=5"}
{"level":"info","ts":"2026-10-05T08:42:21.318Z","caller":"ipamd/ipamd.go:1255","msg":"Trying to allocate 1 IP addresses on ENI eni-EXAMPLE19"}
{"level":"debug","ts":"2026-10-05T08:42:21.318Z","caller":"ipamd/ipamd.go:1255","msg":"PD enabled - true"}
{"level":"debug","ts":"2026-10-05T08:42:21.709Z","caller":"awsutils/awsutils.go:2174","msg":"checkAPIErrorAndBroadcastEvent resulted in operation error EC2: AssignPrivateIpAddresses, https response error StatusCode: 400, RequestID: 630efb66-7f62-4986-ae85-39b1cabf232e, api error InsufficientCidrBlocks: The specified subnet does not have enough free cidr blocks to satisfy the request."}
{"level":"error","ts":"2026-10-05T08:42:21.709Z","caller":"ipamd/ipamd.go:1255","msg":"Failed to allocate a private IP/Prefix addresses on ENI eni-EXAMPLE19: operation error EC2: AssignPrivateIpAddresses, https response error StatusCode: 400, RequestID: 630efb66-7f62-4986-ae85-39b1cabf232e, api error InsufficientCidrBlocks: The specified subnet does not have enough free cidr blocks to satisfy the request."}
{"level":"debug","ts":"2026-10-05T08:42:21.709Z","caller":"ipamd/ipamd.go:1256","msg":"containsPrivateIPAddressLimitExceededError encountered operation error EC2: AssignPrivateIpAddresses, https response error StatusCode: 400, RequestID: 630efb66-7f62-4986-ae85-39b1cabf232e, api error InsufficientCidrBlocks: The specified subnet does not have enough free cidr blocks to satisfy the request."}
{"level":"warn","ts":"2026-10-05T08:42:21.709Z","caller":"ipamd/ipamd.go:1113","msg":"failed to allocate all available IPv4 Prefixes on ENI eni-EXAMPLE19, err: operation error EC2: AssignPrivateIpAddresses, https response error StatusCode: 400, RequestID: 630efb66-7f62-4986-ae85-39b1cabf232e, api error InsufficientCidrBlocks: The specified subnet does not have enough free cidr blocks to satisfy the request."}
{"level":"info","ts":"2026-10-05T08:42:21.709Z","caller":"ipamd/ipamd.go:1259","msg":"Trying to allocate 1 IP addresses on ENI eni-EXAMPLE19"}
{"level":"debug","ts":"2026-10-05T08:42:21.709Z","caller":"ipamd/ipamd.go:1259","msg":"PD enabled - true"}
{"level":"debug","ts":"2026-10-05T08:42:22.106Z","caller":"awsutils/awsutils.go:2174","msg":"checkAPIErrorAndBroadcastEvent resulted in operation error EC2: AssignPrivateIpAddresses, https response error StatusCode: 400, RequestID: 3cabddaf-9629-42ba-800c-6b5d351a1d54, api error InsufficientCidrBlocks: The specified subnet does not have enough free cidr blocks to satisfy the request."}
{"level":"error","ts":"2026-10-05T08:42:22.106Z","caller":"ipamd/ipamd.go:1259","msg":"Failed to allocate a private IP/Prefix addresses on ENI eni-EXAMPLE19: operation error EC2: AssignPrivateIpAddresses, https response error StatusCode: 400, RequestID: 3cabddaf-9629-42ba-800c-6b5d351a1d54, api error InsufficientCidrBlocks: The specified subnet does not have enough free cidr blocks to satisfy the request."}
{"level":"debug","ts":"2026-10-05T08:42:22.106Z","caller":"ipamd/ipamd.go:1260","msg":"containsPrivateIPAddressLimitExceededError encountered operation error EC2: AssignPrivateIpAddresses, https response error StatusCode: 400, RequestID: 3cabddaf-9629-42ba-800c-6b5d351a1d54, api error InsufficientCidrBlocks: The specified subnet does not have enough free cidr blocks to satisfy the request."}
{"level":"debug","ts":"2026-10-05T08:42:22.106Z","caller":"ipamd/ipamd.go:1262","msg":"containsInsufficientCIDRsOrSubnetIPs encountered operation error EC2: AssignPrivateIpAddresses, https response error StatusCode: 400, RequestID: 3cabddaf-9629-42ba-800c-6b5d351a1d54, api error InsufficientCidrBlocks: The specified subnet does not have enough free cidr blocks to satisfy the request."}
{"level":"debug","ts":"2026-10-05T08:42:22.106Z","caller":"ipamd/ipamd.go:1262","msg":"Insufficient IP Addresses due to: InsufficientCidrBlocks\n"}
{"level":"debug","ts":"2026-10-05T08:42:22.106Z","caller":"ipamd/ipamd.go:1003","msg":"hasRoomForEni: networkCard=0, currentENIs=1, currentUsableENIs=1, maxENI=3, unmanagedENI=0, trunkEni=0, excludedENI=0, hasRoom=true"}
{"level":"debug","ts":"2026-10-05T08:42:22.106Z","caller":"ipamd/ipamd.go:2758","msg":"Prefix target is 1, short of 1 prefixes, free 0 prefixes"}
{"level":"debug","ts":"2026-10-05T08:42:22.106Z","caller":"ipamd/ipamd.go:2595","msg":"ToAllocate: 1, Network Card 0"}
{"level":"info","ts":"2026-10-05T08:42:22.106Z","caller":"awsutils/awsutils.go:1044","msg":"Trying to allocate 1 IP addresses on new ENI"}
{"level":"debug","ts":"2026-10-05T08:42:22.106Z","caller":"awsutils/awsutils.go:1044","msg":"PD enabled - true"}
{"level":"debug","ts":"2026-10-05T08:42:22.333Z","caller":"awsutils/awsutils.go:1272","msg":"Primary subnet subnet-EXAMPLE4 has no kubernetes.io/role/cni tag, including it for ENI creation (backwards compatibility)"}
{"level":"info","ts":"2026-10-05T08:42:22.333Z","caller":"awsutils/awsutils.go:1044","msg":"Creating ENI with security groups: [sg-EXAMPLE1] in subnet: subnet-EXAMPLE4"}
{"level":"debug","ts":"2026-10-05T08:42:22.553Z","caller":"awsutils/awsutils.go:1449","msg":"checkAPIErrorAndBroadcastEvent resulted in operation error EC2: CreateNetworkInterface, https response error StatusCode: 400, RequestID: 3d495117-77cc-4003-9b66-5447c61a3dd9, api error InvalidParameterValue: There aren't sufficient free Ipv4 addresses or prefixes"}
{"level":"error","ts":"2026-10-05T08:42:22.553Z","caller":"awsutils/awsutils.go:1285","msg":"Failed to CreateNetworkInterface operation error EC2: CreateNetworkInterface, https response error StatusCode: 400, RequestID: 3d495117-77cc-4003-9b66-5447c61a3dd9, api error InvalidParameterValue: There aren't sufficient free Ipv4 addresses or prefixes for subnet subnet-EXAMPLE4"}
{"level":"debug","ts":"2026-10-05T08:42:22.553Z","caller":"awsutils/awsutils.go:1272","msg":"Subnet subnet-EXAMPLE3 has no kubernetes.io/role/cni tag, excluding it from ENI creation"}
{"level":"error","ts":"2026-10-05T08:42:22.553Z","caller":"ipamd/ipamd.go:1004","msg":"Failed to increase pool size due to not able to allocate ENI AllocENI: failed to create ENI: failed to create network interface: operation error EC2: CreateNetworkInterface, https response error StatusCode: 400, RequestID: 3d495117-77cc-4003-9b66-5447c61a3dd9, api error InvalidParameterValue: There aren't sufficient free Ipv4 addresses or prefixes"}
{"level":"warn","ts":"2026-10-05T08:42:22.553Z","caller":"ipamd/ipamd.go:1004","msg":"Failed to allocate 1 IP addresses on an ENI: AllocENI: failed to create ENI: failed to create network interface: operation error EC2: CreateNetworkInterface, https response error StatusCode: 400, RequestID: 3d495117-77cc-4003-9b66-5447c61a3dd9, api error InvalidParameterValue: There aren't sufficient free Ipv4 addresses or prefixes"}
{"level":"debug","ts":"2026-10-05T08:42:22.553Z","caller":"ipamd/ipamd.go:1082","msg":"containsInsufficientCIDRsOrSubnetIPs encountered AllocENI: failed to create ENI: failed to create network interface: operation error EC2: CreateNetworkInterface, https response error StatusCode: 400, RequestID: 3d495117-77cc-4003-9b66-5447c61a3dd9, api error InvalidParameterValue: There aren't sufficient free Ipv4 addresses or prefixes"}
{"level":"debug","ts":"2026-10-05T08:42:22.553Z","caller":"ipamd/ipamd.go:1082","msg":"Insufficient IP Addresses due to: InvalidParameterValue\n"}
{"level":"debug","ts":"2026-10-05T08:42:22.553Z","caller":"ipamd/ipamd.go:813","msg":"Error trying to allocate ENI: AllocENI: failed to create ENI: failed to create network interface: operation error EC2: CreateNetworkInterface, https response error StatusCode: 400, RequestID: 3d495117-77cc-4003-9b66-5447c61a3dd9, api error InvalidParameterValue: There aren't sufficient free Ipv4 addresses or prefixes"}
{"level":"debug","ts":"2026-10-05T08:42:22.553Z","caller":"ipamd/ipamd.go:1548","msg":"ENI eni-EXAMPLE19 cannot be deleted because it is primary"}
{"level":"debug","ts":"2026-10-05T08:42:27.556Z","caller":"ipamd/ipamd.go:809","msg":"IP pool is too low for Network Card 0: available (0) < ENI target (1) * addrsPerENI (16)"}
{"level":"debug","ts":"2026-10-05T08:42:27.556Z","caller":"ipamd/ipamd.go:2689","msg":"Prefix pool stats for network card 0: Total IPs/Prefixes = 0/0, AssignedIPs/CooldownIPs: 0/0, c.maxIPsPerENI = 80"}
{"level":"debug","ts":"2026-10-05T08:42:27.556Z","caller":"ipamd/ipamd.go:795","msg":"IP stats for Network Card 0 - total IPs: 0, assigned IPs: 0, cooldown IPs: 0"}
{"level":"debug","ts":"2026-10-05T08:42:27.556Z","caller":"ipamd/ipamd.go:813","msg":"Starting to increase pool size for network card 0"}
{"level":"debug","ts":"2026-10-05T08:42:27.556Z","caller":"ipamd/ipamd.go:966","msg":"Node found \"ip-10-20-0-28.ec2.internal\" - no of taints - 0"}
{"level":"debug","ts":"2026-10-05T08:42:27.556Z","caller":"ipamd/ipamd.go:2758","msg":"Prefix target is 1, short of 1 prefixes, free 0 prefixes"}
{"level":"debug","ts":"2026-10-05T08:42:27.556Z","caller":"ipamd/ipamd.go:1248","msg":"ToAllocate: 1, Network Card 0"}
{"level":"debug","ts":"2026-10-05T08:42:27.556Z","caller":"ipamd/ipamd.go:1251","msg":"Found ENI eni-EXAMPLE19 that has less than the maximum number of IP/Prefixes addresses allocated: cur=0, max=5"}
{"level":"info","ts":"2026-10-05T08:42:27.556Z","caller":"ipamd/ipamd.go:1255","msg":"Trying to allocate 1 IP addresses on ENI eni-EXAMPLE19"}
{"level":"debug","ts":"2026-10-05T08:42:27.556Z","caller":"ipamd/ipamd.go:1255","msg":"PD enabled - true"}
{"level":"debug","ts":"2026-10-05T08:42:27.970Z","caller":"awsutils/awsutils.go:2174","msg":"checkAPIErrorAndBroadcastEvent resulted in operation error EC2: AssignPrivateIpAddresses, https response error StatusCode: 400, RequestID: ae498e5c-380a-4b2f-ab1f-fcd636317655, api error InsufficientCidrBlocks: The specified subnet does not have enough free cidr blocks to satisfy the request."}
{"level":"error","ts":"2026-10-05T08:42:27.970Z","caller":"ipamd/ipamd.go:1255","msg":"Failed to allocate a private IP/Prefix addresses on ENI eni-EXAMPLE19: operation error EC2: AssignPrivateIpAddresses, https response error StatusCode: 400, RequestID: ae498e5c-380a-4b2f-ab1f-fcd636317655, api error InsufficientCidrBlocks: The specified subnet does not have enough free cidr blocks to satisfy the request."}
{"level":"debug","ts":"2026-10-05T08:42:27.970Z","caller":"ipamd/ipamd.go:1256","msg":"containsPrivateIPAddressLimitExceededError encountered operation error EC2: AssignPrivateIpAddresses, https response error StatusCode: 400, RequestID: ae498e5c-380a-4b2f-ab1f-fcd636317655, api error InsufficientCidrBlocks: The specified subnet does not have enough free cidr blocks to satisfy the request."}
{"level":"warn","ts":"2026-10-05T08:42:27.970Z","caller":"ipamd/ipamd.go:1113","msg":"failed to allocate all available IPv4 Prefixes on ENI eni-EXAMPLE19, err: operation error EC2: AssignPrivateIpAddresses, https response error StatusCode: 400, RequestID: ae498e5c-380a-4b2f-ab1f-fcd636317655, api error InsufficientCidrBlocks: The specified subnet does not have enough free cidr blocks to satisfy the request."}
{"level":"info","ts":"2026-10-05T08:42:27.970Z","caller":"ipamd/ipamd.go:1259","msg":"Trying to allocate 1 IP addresses on ENI eni-EXAMPLE19"}
{"level":"debug","ts":"2026-10-05T08:42:27.970Z","caller":"ipamd/ipamd.go:1259","msg":"PD enabled - true"}
{"level":"debug","ts":"2026-10-05T08:42:28.382Z","caller":"awsutils/awsutils.go:2174","msg":"checkAPIErrorAndBroadcastEvent resulted in operation error EC2: AssignPrivateIpAddresses, https response error StatusCode: 400, RequestID: 6b311bac-8612-4a5a-aa52-b005f56f16b5, api error InsufficientCidrBlocks: The specified subnet does not have enough free cidr blocks to satisfy the request."}
{"level":"error","ts":"2026-10-05T08:42:28.382Z","caller":"ipamd/ipamd.go:1259","msg":"Failed to allocate a private IP/Prefix addresses on ENI eni-EXAMPLE19: operation error EC2: AssignPrivateIpAddresses, https response error StatusCode: 400, RequestID: 6b311bac-8612-4a5a-aa52-b005f56f16b5, api error InsufficientCidrBlocks: The specified subnet does not have enough free cidr blocks to satisfy the request."}
{"level":"debug","ts":"2026-10-05T08:42:28.382Z","caller":"ipamd/ipamd.go:1260","msg":"containsPrivateIPAddressLimitExceededError encountered operation error EC2: AssignPrivateIpAddresses, https response error StatusCode: 400, RequestID: 6b311bac-8612-4a5a-aa52-b005f56f16b5, api error InsufficientCidrBlocks: The specified subnet does not have enough free cidr blocks to satisfy the request."}
{"level":"debug","ts":"2026-10-05T08:42:28.382Z","caller":"ipamd/ipamd.go:1262","msg":"containsInsufficientCIDRsOrSubnetIPs encountered operation error EC2: AssignPrivateIpAddresses, https response error StatusCode: 400, RequestID: 6b311bac-8612-4a5a-aa52-b005f56f16b5, api error InsufficientCidrBlocks: The specified subnet does not have enough free cidr blocks to satisfy the request."}
{"level":"debug","ts":"2026-10-05T08:42:28.382Z","caller":"ipamd/ipamd.go:1262","msg":"Insufficient IP Addresses due to: InsufficientCidrBlocks\n"}
{"level":"debug","ts":"2026-10-05T08:42:28.382Z","caller":"ipamd/ipamd.go:1003","msg":"hasRoomForEni: networkCard=0, currentENIs=1, currentUsableENIs=1, maxENI=3, unmanagedENI=0, trunkEni=0, excludedENI=0, hasRoom=true"}
{"level":"debug","ts":"2026-10-05T08:42:28.382Z","caller":"ipamd/ipamd.go:2758","msg":"Prefix target is 1, short of 1 prefixes, free 0 prefixes"}
{"level":"debug","ts":"2026-10-05T08:42:28.382Z","caller":"ipamd/ipamd.go:2595","msg":"ToAllocate: 1, Network Card 0"}
{"level":"info","ts":"2026-10-05T08:42:28.382Z","caller":"awsutils/awsutils.go:1044","msg":"Trying to allocate 1 IP addresses on new ENI"}
{"level":"debug","ts":"2026-10-05T08:42:28.382Z","caller":"awsutils/awsutils.go:1044","msg":"PD enabled - true"}
{"level":"debug","ts":"2026-10-05T08:42:28.607Z","caller":"awsutils/awsutils.go:1272","msg":"Primary subnet subnet-EXAMPLE4 has no kubernetes.io/role/cni tag, including it for ENI creation (backwards compatibility)"}
{"level":"info","ts":"2026-10-05T08:42:28.607Z","caller":"awsutils/awsutils.go:1044","msg":"Creating ENI with security groups: [sg-EXAMPLE1] in subnet: subnet-EXAMPLE4"}
{"level":"debug","ts":"2026-10-05T08:42:28.864Z","caller":"awsutils/awsutils.go:1449","msg":"checkAPIErrorAndBroadcastEvent resulted in operation error EC2: CreateNetworkInterface, https response error StatusCode: 400, RequestID: b025537a-2bb8-4872-b8d6-a9f8d924286a, api error InvalidParameterValue: There aren't sufficient free Ipv4 addresses or prefixes"}
{"level":"error","ts":"2026-10-05T08:42:28.864Z","caller":"awsutils/awsutils.go:1285","msg":"Failed to CreateNetworkInterface operation error EC2: CreateNetworkInterface, https response error StatusCode: 400, RequestID: b025537a-2bb8-4872-b8d6-a9f8d924286a, api error InvalidParameterValue: There aren't sufficient free Ipv4 addresses or prefixes for subnet subnet-EXAMPLE4"}
{"level":"debug","ts":"2026-10-05T08:42:28.864Z","caller":"awsutils/awsutils.go:1272","msg":"Subnet subnet-EXAMPLE3 has no kubernetes.io/role/cni tag, excluding it from ENI creation"}
{"level":"error","ts":"2026-10-05T08:42:28.864Z","caller":"ipamd/ipamd.go:1004","msg":"Failed to increase pool size due to not able to allocate ENI AllocENI: failed to create ENI: failed to create network interface: operation error EC2: CreateNetworkInterface, https response error StatusCode: 400, RequestID: b025537a-2bb8-4872-b8d6-a9f8d924286a, api error InvalidParameterValue: There aren't sufficient free Ipv4 addresses or prefixes"}
{"level":"warn","ts":"2026-10-05T08:42:28.864Z","caller":"ipamd/ipamd.go:1004","msg":"Failed to allocate 1 IP addresses on an ENI: AllocENI: failed to create ENI: failed to create network interface: operation error EC2: CreateNetworkInterface, https response error StatusCode: 400, RequestID: b025537a-2bb8-4872-b8d6-a9f8d924286a, api error InvalidParameterValue: There aren't sufficient free Ipv4 addresses or prefixes"}
{"level":"debug","ts":"2026-10-05T08:42:28.865Z","caller":"ipamd/ipamd.go:1082","msg":"containsInsufficientCIDRsOrSubnetIPs encountered AllocENI: failed to create ENI: failed to create network interface: operation error EC2: CreateNetworkInterface, https response error StatusCode: 400, RequestID: b025537a-2bb8-4872-b8d6-a9f8d924286a, api error InvalidParameterValue: There aren't sufficient free Ipv4 addresses or prefixes"}
{"level":"debug","ts":"2026-10-05T08:42:28.865Z","caller":"ipamd/ipamd.go:1082","msg":"Insufficient IP Addresses due to: InvalidParameterValue\n"}
{"level":"debug","ts":"2026-10-05T08:42:28.865Z","caller":"ipamd/ipamd.go:813","msg":"Error trying to allocate ENI: AllocENI: failed to create ENI: failed to create network interface: operation error EC2: CreateNetworkInterface, https response error StatusCode: 400, RequestID: b025537a-2bb8-4872-b8d6-a9f8d924286a, api error InvalidParameterValue: There aren't sufficient free Ipv4 addresses or prefixes"}
{"level":"debug","ts":"2026-10-05T08:42:28.865Z","caller":"ipamd/ipamd.go:1548","msg":"ENI eni-EXAMPLE19 cannot be deleted because it is primary"}
{"level":"info","ts":"2026-10-05T08:42:32.791Z","caller":"rpc/rpc_grpc.pb.go:117","msg":"Received AddNetwork for NS /var/run/netns/cni-2163beef-41f1-ee85-2426-ae9194c79d3e, Sandbox 9066b2c94a9ec782074357aa1073e851c7baae8ef46869a45b5cd6fac21559c7, ifname eth0"}
{"level":"debug","ts":"2026-10-05T08:42:32.791Z","caller":"rpc/rpc_grpc.pb.go:117","msg":"AddNetworkRequest: K8S_POD_NAME:\"pause-68d5b89fc-88226\"  K8S_POD_NAMESPACE:\"default\"  K8S_POD_INFRA_CONTAINER_ID:\"9066b2c94a9ec782074357aa1073e851c7baae8ef46869a45b5cd6fac21559c7\"  ContainerID:\"9066b2c94a9ec782074357aa1073e851c7baae8ef46869a45b5cd6fac21559c7\"  IfName:\"eth0\"  NetworkName:\"aws-cni\"  Netns:\"/var/run/netns/cni-2163beef-41f1-ee85-2426-ae9194c79d3e\""}
{"level":"info","ts":"2026-10-05T08:42:32.791Z","caller":"rpc/rpc_grpc.pb.go:117","msg":"Required MultiNIC access false, interfaces required 1"}
{"level":"debug","ts":"2026-10-05T08:42:32.791Z","caller":"datastore/data_store.go:713","msg":"AssignPodIPv4Address: IP address pool stats: total 0, assigned 0"}
{"level":"debug","ts":"2026-10-05T08:42:32.791Z","caller":"datastore/data_store.go:713","msg":"AssignPodIPv4Address: ENI eni-EXAMPLE19 does not have available addresses"}
{"level":"error","ts":"2026-10-05T08:42:32.791Z","caller":"datastore/data_store.go:713","msg":"DataStore has no available IP/Prefix addresses"}
{"level":"warn","ts":"2026-10-05T08:42:32.791Z","caller":"rpc/rpc_grpc.pb.go:117","msg":"Failed to assign IPs from network card 0: AssignPodIPAddress: no available IP/Prefix addresses"}
{"level":"error","ts":"2026-10-05T08:42:32.791Z","caller":"rpc/rpc_grpc.pb.go:117","msg":"Returning failure response for AddNetwork: 1 error occurred:\n\t* AssignPodIPAddress: no available IP/Prefix addresses\n\n"}
{"level":"info","ts":"2026-10-05T08:42:32.791Z","caller":"rpc/rpc_grpc.pb.go:117","msg":"Send AddNetworkReply: Success: false IPAddr: [], resp: , err: AssignPodIPAddress: no available IP/Prefix addresses"}
{"level":"info","ts":"2026-10-05T08:42:32.791Z","caller":"rpc/rpc_grpc.pb.go:117","msg":"Received AddNetwork for NS /var/run/netns/cni-881b54ff-3c96-4ead-aedc-48d04ce5ea79, Sandbox f94da137551823feb95ac625bf03df16605c987cf601ace28dbd4db4dd773aad, ifname eth0"}
{"level":"debug","ts":"2026-10-05T08:42:32.791Z","caller":"rpc/rpc_grpc.pb.go:117","msg":"AddNetworkRequest: K8S_POD_NAME:\"pause-68d5b89fc-n9q4v\"  K8S_POD_NAMESPACE:\"default\"  K8S_POD_INFRA_CONTAINER_ID:\"f94da137551823feb95ac625bf03df16605c987cf601ace28dbd4db4dd773aad\"  ContainerID:\"f94da137551823feb95ac625bf03df16605c987cf601ace28dbd4db4dd773aad\"  IfName:\"eth0\"  NetworkName:\"aws-cni\"  Netns:\"/var/run/netns/cni-881b54ff-3c96-4ead-aedc-48d04ce5ea79\""}
{"level":"info","ts":"2026-10-05T08:42:32.791Z","caller":"rpc/rpc_grpc.pb.go:117","msg":"Required MultiNIC access false, interfaces required 1"}
{"level":"debug","ts":"2026-10-05T08:42:32.791Z","caller":"datastore/data_store.go:713","msg":"AssignPodIPv4Address: IP address pool stats: total 0, assigned 0"}
{"level":"debug","ts":"2026-10-05T08:42:32.791Z","caller":"datastore/data_store.go:713","msg":"AssignPodIPv4Address: ENI eni-EXAMPLE19 does not have available addresses"}
{"level":"error","ts":"2026-10-05T08:42:32.791Z","caller":"datastore/data_store.go:713","msg":"DataStore has no available IP/Prefix addresses"}
{"level":"warn","ts":"2026-10-05T08:42:32.791Z","caller":"rpc/rpc_grpc.pb.go:117","msg":"Failed to assign IPs from network card 0: AssignPodIPAddress: no available IP/Prefix addresses"}
{"level":"error","ts":"2026-10-05T08:42:32.791Z","caller":"rpc/rpc_grpc.pb.go:117","msg":"Returning failure response for AddNetwork: 1 error occurred:\n\t* AssignPodIPAddress: no available IP/Prefix addresses\n\n"}
{"level":"info","ts":"2026-10-05T08:42:32.791Z","caller":"rpc/rpc_grpc.pb.go:117","msg":"Send AddNetworkReply: Success: false IPAddr: [], resp: , err: AssignPodIPAddress: no available IP/Prefix addresses"}
{"level":"info","ts":"2026-10-05T08:42:32.828Z","caller":"rpc/rpc_grpc.pb.go:135","msg":"Received DelNetwork for Sandbox f94da137551823feb95ac625bf03df16605c987cf601ace28dbd4db4dd773aad"}
{"level":"debug","ts":"2026-10-05T08:42:32.828Z","caller":"rpc/rpc_grpc.pb.go:135","msg":"DelNetworkRequest: K8S_POD_NAME:\"pause-68d5b89fc-n9q4v\"  K8S_POD_NAMESPACE:\"default\"  K8S_POD_INFRA_CONTAINER_ID:\"f94da137551823feb95ac625bf03df16605c987cf601ace28dbd4db4dd773aad\"  Reason:\"PodDeleted\"  ContainerID:\"f94da137551823feb95ac625bf03df16605c987cf601ace28dbd4db4dd773aad\"  IfName:\"eth0\"  NetworkName:\"aws-cni\"  K8S_POD_UID:\"f68fbeb2-acd7-443d-aaf4-9fe8443ea42e\""}
{"level":"debug","ts":"2026-10-05T08:42:32.828Z","caller":"ipamd/rpc_handler.go:353","msg":"UnassignPodIPAddress: IP address pool stats: total 0, assigned 0, sandbox aws-cni/f94da137551823feb95ac625bf03df16605c987cf601ace28dbd4db4dd773aad/eth0"}
{"level":"debug","ts":"2026-10-05T08:42:32.828Z","caller":"ipamd/rpc_handler.go:353","msg":"UnassignPodIPAddress: Failed to find IPAM entry under full key, trying CRI-migrated version"}
{"level":"warn","ts":"2026-10-05T08:42:32.828Z","caller":"ipamd/rpc_handler.go:353","msg":"UnassignPodIPAddress: Failed to find sandbox _migrated-from-cri/f94da137551823feb95ac625bf03df16605c987cf601ace28dbd4db4dd773aad/unknown"}
{"level":"info","ts":"2026-10-05T08:42:32.828Z","caller":"rpc/rpc_grpc.pb.go:135","msg":"Send DelNetworkReply: IPAddress: [], err: 1 error occurred:\n\t* datastore: unknown pod\n\n"}
{"level":"info","ts":"2026-10-05T08:42:32.843Z","caller":"rpc/rpc_grpc.pb.go:135","msg":"Received DelNetwork for Sandbox 9066b2c94a9ec782074357aa1073e851c7baae8ef46869a45b5cd6fac21559c7"}
{"level":"debug","ts":"2026-10-05T08:42:32.843Z","caller":"rpc/rpc_grpc.pb.go:135","msg":"DelNetworkRequest: K8S_POD_NAME:\"pause-68d5b89fc-88226\"  K8S_POD_NAMESPACE:\"default\"  K8S_POD_INFRA_CONTAINER_ID:\"9066b2c94a9ec782074357aa1073e851c7baae8ef46869a45b5cd6fac21559c7\"  Reason:\"PodDeleted\"  ContainerID:\"9066b2c94a9ec782074357aa1073e851c7baae8ef46869a45b5cd6fac21559c7\"  IfName:\"eth0\"  NetworkName:\"aws-cni\"  K8S_POD_UID:\"e903ba0e-e96e-48c7-90d6-ad1a2a6941a3\""}
{"level":"debug","ts":"2026-10-05T08:42:32.843Z","caller":"ipamd/rpc_handler.go:353","msg":"UnassignPodIPAddress: IP address pool stats: total 0, assigned 0, sandbox aws-cni/9066b2c94a9ec782074357aa1073e851c7baae8ef46869a45b5cd6fac21559c7/eth0"}
{"level":"debug","ts":"2026-10-05T08:42:32.843Z","caller":"ipamd/rpc_handler.go:353","msg":"UnassignPodIPAddress: Failed to find IPAM entry under full key, trying CRI-migrated version"}
{"level":"warn","ts":"2026-10-05T08:42:32.843Z","caller":"ipamd/rpc_handler.go:353","msg":"UnassignPodIPAddress: Failed to find sandbox _migrated-from-cri/9066b2c94a9ec782074357aa1073e851c7baae8ef46869a45b5cd6fac21559c7/unknown"}
{"level":"info","ts":"2026-10-05T08:42:32.843Z","caller":"rpc/rpc_grpc.pb.go:135","msg":"Send DelNetworkReply: IPAddress: [], err: 1 error occurred:\n\t* datastore: unknown pod\n\n"}
{"level":"debug","ts":"2026-10-05T08:42:33.865Z","caller":"ipamd/ipamd.go:809","msg":"IP pool is too low for Network Card 0: available (0) < ENI target (1) * addrsPerENI (16)"}
{"level":"debug","ts":"2026-10-05T08:42:33.865Z","caller":"ipamd/ipamd.go:2689","msg":"Prefix pool stats for network card 0: Total IPs/Prefixes = 0/0, AssignedIPs/CooldownIPs: 0/0, c.maxIPsPerENI = 80"}
{"level":"debug","ts":"2026-10-05T08:42:33.865Z","caller":"ipamd/ipamd.go:795","msg":"IP stats for Network Card 0 - total IPs: 0, assigned IPs: 0, cooldown IPs: 0"}
{"level":"debug","ts":"2026-10-05T08:42:33.865Z","caller":"ipamd/ipamd.go:813","msg":"Starting to increase pool size for network card 0"}
{"level":"debug","ts":"2026-10-05T08:42:33.865Z","caller":"ipamd/ipamd.go:966","msg":"Node found \"ip-10-20-0-28.ec2.internal\" - no of taints - 0"}
{"level":"debug","ts":"2026-10-05T08:42:33.865Z","caller":"ipamd/ipamd.go:2758","msg":"Prefix target is 1, short of 1 prefixes, free 0 prefixes"}
{"level":"debug","ts":"2026-10-05T08:42:33.865Z","caller":"ipamd/ipamd.go:1248","msg":"ToAllocate: 1, Network Card 0"}
{"level":"debug","ts":"2026-10-05T08:42:33.865Z","caller":"ipamd/ipamd.go:1251","msg":"Found ENI eni-EXAMPLE19 that has less than the maximum number of IP/Prefixes addresses allocated: cur=0, max=5"}
{"level":"info","ts":"2026-10-05T08:42:33.865Z","caller":"ipamd/ipamd.go:1255","msg":"Trying to allocate 1 IP addresses on ENI eni-EXAMPLE19"}
{"level":"debug","ts":"2026-10-05T08:42:33.865Z","caller":"ipamd/ipamd.go:1255","msg":"PD enabled - true"}
{"level":"debug","ts":"2026-10-05T08:42:34.182Z","caller":"awsutils/awsutils.go:2417","msg":"Checking for leaked AWS CNI ENIs."}
{"level":"debug","ts":"2026-10-05T08:42:34.286Z","caller":"awsutils/awsutils.go:2174","msg":"checkAPIErrorAndBroadcastEvent resulted in operation error EC2: AssignPrivateIpAddresses, https response error StatusCode: 400, RequestID: a187dafb-453d-45ce-a701-4bef64a615a0, api error InsufficientCidrBlocks: The specified subnet does not have enough free cidr blocks to satisfy the request."}
{"level":"error","ts":"2026-10-05T08:42:34.286Z","caller":"ipamd/ipamd.go:1255","msg":"Failed to allocate a private IP/Prefix addresses on ENI eni-EXAMPLE19: operation error EC2: AssignPrivateIpAddresses, https response error StatusCode: 400, RequestID: a187dafb-453d-45ce-a701-4bef64a615a0, api error InsufficientCidrBlocks: The specified subnet does not have enough free cidr blocks to satisfy the request."}
{"level":"debug","ts":"2026-10-05T08:42:34.286Z","caller":"ipamd/ipamd.go:1256","msg":"containsPrivateIPAddressLimitExceededError encountered operation error EC2: AssignPrivateIpAddresses, https response error StatusCode: 400, RequestID: a187dafb-453d-45ce-a701-4bef64a615a0, api error InsufficientCidrBlocks: The specified subnet does not have enough free cidr blocks to satisfy the request."}
{"level":"warn","ts":"2026-10-05T08:42:34.286Z","caller":"ipamd/ipamd.go:1113","msg":"failed to allocate all available IPv4 Prefixes on ENI eni-EXAMPLE19, err: operation error EC2: AssignPrivateIpAddresses, https response error StatusCode: 400, RequestID: a187dafb-453d-45ce-a701-4bef64a615a0, api error InsufficientCidrBlocks: The specified subnet does not have enough free cidr blocks to satisfy the request."}
{"level":"info","ts":"2026-10-05T08:42:34.286Z","caller":"ipamd/ipamd.go:1259","msg":"Trying to allocate 1 IP addresses on ENI eni-EXAMPLE19"}
{"level":"debug","ts":"2026-10-05T08:42:34.286Z","caller":"ipamd/ipamd.go:1259","msg":"PD enabled - true"}
{"level":"debug","ts":"2026-10-05T08:42:34.329Z","caller":"awsutils/awsutils.go:2426","msg":"No AWS CNI leaked ENIs found."}
{"level":"debug","ts":"2026-10-05T08:42:34.717Z","caller":"awsutils/awsutils.go:2174","msg":"checkAPIErrorAndBroadcastEvent resulted in operation error EC2: AssignPrivateIpAddresses, https response error StatusCode: 400, RequestID: e43c9114-b9d3-4cbd-96a1-956c9ad14f44, api error InsufficientCidrBlocks: The specified subnet does not have enough free cidr blocks to satisfy the request."}
{"level":"error","ts":"2026-10-05T08:42:34.717Z","caller":"ipamd/ipamd.go:1259","msg":"Failed to allocate a private IP/Prefix addresses on ENI eni-EXAMPLE19: operation error EC2: AssignPrivateIpAddresses, https response error StatusCode: 400, RequestID: e43c9114-b9d3-4cbd-96a1-956c9ad14f44, api error InsufficientCidrBlocks: The specified subnet does not have enough free cidr blocks to satisfy the request."}
{"level":"debug","ts":"2026-10-05T08:42:34.717Z","caller":"ipamd/ipamd.go:1260","msg":"containsPrivateIPAddressLimitExceededError encountered operation error EC2: AssignPrivateIpAddresses, https response error StatusCode: 400, RequestID: e43c9114-b9d3-4cbd-96a1-956c9ad14f44, api error InsufficientCidrBlocks: The specified subnet does not have enough free cidr blocks to satisfy the request."}
{"level":"debug","ts":"2026-10-05T08:42:34.717Z","caller":"ipamd/ipamd.go:1262","msg":"containsInsufficientCIDRsOrSubnetIPs encountered operation error EC2: AssignPrivateIpAddresses, https response error StatusCode: 400, RequestID: e43c9114-b9d3-4cbd-96a1-956c9ad14f44, api error InsufficientCidrBlocks: The specified subnet does not have enough free cidr blocks to satisfy the request."}
{"level":"debug","ts":"2026-10-05T08:42:34.717Z","caller":"ipamd/ipamd.go:1262","msg":"Insufficient IP Addresses due to: InsufficientCidrBlocks\n"}
{"level":"debug","ts":"2026-10-05T08:42:34.717Z","caller":"ipamd/ipamd.go:1003","msg":"hasRoomForEni: networkCard=0, currentENIs=1, currentUsableENIs=1, maxENI=3, unmanagedENI=0, trunkEni=0, excludedENI=0, hasRoom=true"}
{"level":"debug","ts":"2026-10-05T08:42:34.717Z","caller":"ipamd/ipamd.go:2758","msg":"Prefix target is 1, short of 1 prefixes, free 0 prefixes"}
{"level":"debug","ts":"2026-10-05T08:42:34.717Z","caller":"ipamd/ipamd.go:2595","msg":"ToAllocate: 1, Network Card 0"}
{"level":"info","ts":"2026-10-05T08:42:34.717Z","caller":"awsutils/awsutils.go:1044","msg":"Trying to allocate 1 IP addresses on new ENI"}
{"level":"debug","ts":"2026-10-05T08:42:34.718Z","caller":"awsutils/awsutils.go:1044","msg":"PD enabled - true"}
{"level":"debug","ts":"2026-10-05T08:42:34.931Z","caller":"awsutils/awsutils.go:1272","msg":"Primary subnet subnet-EXAMPLE4 has no kubernetes.io/role/cni tag, including it for ENI creation (backwards compatibility)"}
{"level":"info","ts":"2026-10-05T08:42:34.931Z","caller":"awsutils/awsutils.go:1044","msg":"Creating ENI with security groups: [sg-EXAMPLE1] in subnet: subnet-EXAMPLE4"}
{"level":"debug","ts":"2026-10-05T08:42:35.158Z","caller":"awsutils/awsutils.go:1449","msg":"checkAPIErrorAndBroadcastEvent resulted in operation error EC2: CreateNetworkInterface, https response error StatusCode: 400, RequestID: 7b2f7dff-f1e6-44e3-8cba-cf13b8b1b4aa, api error InvalidParameterValue: There aren't sufficient free Ipv4 addresses or prefixes"}
{"level":"error","ts":"2026-10-05T08:42:35.158Z","caller":"awsutils/awsutils.go:1285","msg":"Failed to CreateNetworkInterface operation error EC2: CreateNetworkInterface, https response error StatusCode: 400, RequestID: 7b2f7dff-f1e6-44e3-8cba-cf13b8b1b4aa, api error InvalidParameterValue: There aren't sufficient free Ipv4 addresses or prefixes for subnet subnet-EXAMPLE4"}
{"level":"debug","ts":"2026-10-05T08:42:35.158Z","caller":"awsutils/awsutils.go:1272","msg":"Subnet subnet-EXAMPLE3 has no kubernetes.io/role/cni tag, excluding it from ENI creation"}
{"level":"error","ts":"2026-10-05T08:42:35.158Z","caller":"ipamd/ipamd.go:1004","msg":"Failed to increase pool size due to not able to allocate ENI AllocENI: failed to create ENI: failed to create network interface: operation error EC2: CreateNetworkInterface, https response error StatusCode: 400, RequestID: 7b2f7dff-f1e6-44e3-8cba-cf13b8b1b4aa, api error InvalidParameterValue: There aren't sufficient free Ipv4 addresses or prefixes"}
{"level":"warn","ts":"2026-10-05T08:42:35.158Z","caller":"ipamd/ipamd.go:1004","msg":"Failed to allocate 1 IP addresses on an ENI: AllocENI: failed to create ENI: failed to create network interface: operation error EC2: CreateNetworkInterface, https response error StatusCode: 400, RequestID: 7b2f7dff-f1e6-44e3-8cba-cf13b8b1b4aa, api error InvalidParameterValue: There aren't sufficient free Ipv4 addresses or prefixes"}
{"level":"debug","ts":"2026-10-05T08:42:35.158Z","caller":"ipamd/ipamd.go:1082","msg":"containsInsufficientCIDRsOrSubnetIPs encountered AllocENI: failed to create ENI: failed to create network interface: operation error EC2: CreateNetworkInterface, https response error StatusCode: 400, RequestID: 7b2f7dff-f1e6-44e3-8cba-cf13b8b1b4aa, api error InvalidParameterValue: There aren't sufficient free Ipv4 addresses or prefixes"}
{"level":"debug","ts":"2026-10-05T08:42:35.158Z","caller":"ipamd/ipamd.go:1082","msg":"Insufficient IP Addresses due to: InvalidParameterValue\n"}
{"level":"debug","ts":"2026-10-05T08:42:35.158Z","caller":"ipamd/ipamd.go:813","msg":"Error trying to allocate ENI: AllocENI: failed to create ENI: failed to create network interface: operation error EC2: CreateNetworkInterface, https response error StatusCode: 400, RequestID: 7b2f7dff-f1e6-44e3-8cba-cf13b8b1b4aa, api error InvalidParameterValue: There aren't sufficient free Ipv4 addresses or prefixes"}
{"level":"debug","ts":"2026-10-05T08:42:35.158Z","caller":"ipamd/ipamd.go:1548","msg":"ENI eni-EXAMPLE19 cannot be deleted because it is primary"}
{"level":"info","ts":"2026-10-05T08:42:35.776Z","caller":"rpc/rpc_grpc.pb.go:117","msg":"Received AddNetwork for NS /var/run/netns/cni-16b9dc8f-dc2f-77e2-b991-24cf0b91161b, Sandbox c2a1c1a0ca032f52550e67468e090abffe4793acc5befffb3baca59a10571025, ifname eth0"}
{"level":"debug","ts":"2026-10-05T08:42:35.776Z","caller":"rpc/rpc_grpc.pb.go:117","msg":"AddNetworkRequest: K8S_POD_NAME:\"pause-68d5b89fc-5gpj2\"  K8S_POD_NAMESPACE:\"default\"  K8S_POD_INFRA_CONTAINER_ID:\"c2a1c1a0ca032f52550e67468e090abffe4793acc5befffb3baca59a10571025\"  ContainerID:\"c2a1c1a0ca032f52550e67468e090abffe4793acc5befffb3baca59a10571025\"  IfName:\"eth0\"  NetworkName:\"aws-cni\"  Netns:\"/var/run/netns/cni-16b9dc8f-dc2f-77e2-b991-24cf0b91161b\""}
{"level":"info","ts":"2026-10-05T08:42:35.776Z","caller":"rpc/rpc_grpc.pb.go:117","msg":"Required MultiNIC access false, interfaces required 1"}
{"level":"debug","ts":"2026-10-05T08:42:35.776Z","caller":"datastore/data_store.go:713","msg":"AssignPodIPv4Address: IP address pool stats: total 0, assigned 0"}
{"level":"debug","ts":"2026-10-05T08:42:35.776Z","caller":"datastore/data_store.go:713","msg":"AssignPodIPv4Address: ENI eni-EXAMPLE19 does not have available addresses"}
{"level":"error","ts":"2026-10-05T08:42:35.776Z","caller":"datastore/data_store.go:713","msg":"DataStore has no available IP/Prefix addresses"}
{"level":"warn","ts":"2026-10-05T08:42:35.776Z","caller":"rpc/rpc_grpc.pb.go:117","msg":"Failed to assign IPs from network card 0: AssignPodIPAddress: no available IP/Prefix addresses"}
{"level":"error","ts":"2026-10-05T08:42:35.776Z","caller":"rpc/rpc_grpc.pb.go:117","msg":"Returning failure response for AddNetwork: 1 error occurred:\n\t* AssignPodIPAddress: no available IP/Prefix addresses\n\n"}
{"level":"info","ts":"2026-10-05T08:42:35.776Z","caller":"rpc/rpc_grpc.pb.go:117","msg":"Send AddNetworkReply: Success: false IPAddr: [], resp: , err: AssignPodIPAddress: no available IP/Prefix addresses"}
{"level":"info","ts":"2026-10-05T08:42:35.801Z","caller":"rpc/rpc_grpc.pb.go:135","msg":"Received DelNetwork for Sandbox c2a1c1a0ca032f52550e67468e090abffe4793acc5befffb3baca59a10571025"}
{"level":"debug","ts":"2026-10-05T08:42:35.801Z","caller":"rpc/rpc_grpc.pb.go:135","msg":"DelNetworkRequest: K8S_POD_NAME:\"pause-68d5b89fc-5gpj2\"  K8S_POD_NAMESPACE:\"default\"  K8S_POD_INFRA_CONTAINER_ID:\"c2a1c1a0ca032f52550e67468e090abffe4793acc5befffb3baca59a10571025\"  Reason:\"PodDeleted\"  ContainerID:\"c2a1c1a0ca032f52550e67468e090abffe4793acc5befffb3baca59a10571025\"  IfName:\"eth0\"  NetworkName:\"aws-cni\"  K8S_POD_UID:\"8da26452-5df7-4b5d-bf8b-b8df9d619b63\""}
{"level":"debug","ts":"2026-10-05T08:42:35.801Z","caller":"ipamd/rpc_handler.go:353","msg":"UnassignPodIPAddress: IP address pool stats: total 0, assigned 0, sandbox aws-cni/c2a1c1a0ca032f52550e67468e090abffe4793acc5befffb3baca59a10571025/eth0"}
{"level":"debug","ts":"2026-10-05T08:42:35.801Z","caller":"ipamd/rpc_handler.go:353","msg":"UnassignPodIPAddress: Failed to find IPAM entry under full key, trying CRI-migrated version"}
{"level":"warn","ts":"2026-10-05T08:42:35.801Z","caller":"ipamd/rpc_handler.go:353","msg":"UnassignPodIPAddress: Failed to find sandbox _migrated-from-cri/c2a1c1a0ca032f52550e67468e090abffe4793acc5befffb3baca59a10571025/unknown"}
{"level":"info","ts":"2026-10-05T08:42:35.801Z","caller":"rpc/rpc_grpc.pb.go:135","msg":"Send DelNetworkReply: IPAddress: [], err: 1 error occurred:\n\t* datastore: unknown pod\n\n"}
{"level":"debug","ts":"2026-10-05T08:42:40.159Z","caller":"ipamd/ipamd.go:809","msg":"IP pool is too low for Network Card 0: available (0) < ENI target (1) * addrsPerENI (16)"}
{"level":"debug","ts":"2026-10-05T08:42:40.160Z","caller":"ipamd/ipamd.go:2689","msg":"Prefix pool stats for network card 0: Total IPs/Prefixes = 0/0, AssignedIPs/CooldownIPs: 0/0, c.maxIPsPerENI = 80"}
{"level":"debug","ts":"2026-10-05T08:42:40.160Z","caller":"ipamd/ipamd.go:795","msg":"IP stats for Network Card 0 - total IPs: 0, assigned IPs: 0, cooldown IPs: 0"}
{"level":"debug","ts":"2026-10-05T08:42:40.160Z","caller":"ipamd/ipamd.go:813","msg":"Starting to increase pool size for network card 0"}
{"level":"debug","ts":"2026-10-05T08:42:40.160Z","caller":"ipamd/ipamd.go:966","msg":"Node found \"ip-10-20-0-28.ec2.internal\" - no of taints - 0"}
{"level":"debug","ts":"2026-10-05T08:42:40.160Z","caller":"ipamd/ipamd.go:2758","msg":"Prefix target is 1, short of 1 prefixes, free 0 prefixes"}
{"level":"debug","ts":"2026-10-05T08:42:40.160Z","caller":"ipamd/ipamd.go:1248","msg":"ToAllocate: 1, Network Card 0"}
{"level":"debug","ts":"2026-10-05T08:42:40.160Z","caller":"ipamd/ipamd.go:1251","msg":"Found ENI eni-EXAMPLE19 that has less than the maximum number of IP/Prefixes addresses allocated: cur=0, max=5"}
{"level":"info","ts":"2026-10-05T08:42:40.160Z","caller":"ipamd/ipamd.go:1255","msg":"Trying to allocate 1 IP addresses on ENI eni-EXAMPLE19"}
{"level":"debug","ts":"2026-10-05T08:42:40.160Z","caller":"ipamd/ipamd.go:1255","msg":"PD enabled - true"}
{"level":"debug","ts":"2026-10-05T08:42:40.613Z","caller":"awsutils/awsutils.go:2174","msg":"checkAPIErrorAndBroadcastEvent resulted in operation error EC2: AssignPrivateIpAddresses, https response error StatusCode: 400, RequestID: 5f112a10-ede8-44da-9b19-718bc15eabc0, api error InsufficientCidrBlocks: The specified subnet does not have enough free cidr blocks to satisfy the request."}
{"level":"error","ts":"2026-10-05T08:42:40.613Z","caller":"ipamd/ipamd.go:1255","msg":"Failed to allocate a private IP/Prefix addresses on ENI eni-EXAMPLE19: operation error EC2: AssignPrivateIpAddresses, https response error StatusCode: 400, RequestID: 5f112a10-ede8-44da-9b19-718bc15eabc0, api error InsufficientCidrBlocks: The specified subnet does not have enough free cidr blocks to satisfy the request."}
{"level":"debug","ts":"2026-10-05T08:42:40.613Z","caller":"ipamd/ipamd.go:1256","msg":"containsPrivateIPAddressLimitExceededError encountered operation error EC2: AssignPrivateIpAddresses, https response error StatusCode: 400, RequestID: 5f112a10-ede8-44da-9b19-718bc15eabc0, api error InsufficientCidrBlocks: The specified subnet does not have enough free cidr blocks to satisfy the request."}
{"level":"warn","ts":"2026-10-05T08:42:40.613Z","caller":"ipamd/ipamd.go:1113","msg":"failed to allocate all available IPv4 Prefixes on ENI eni-EXAMPLE19, err: operation error EC2: AssignPrivateIpAddresses, https response error StatusCode: 400, RequestID: 5f112a10-ede8-44da-9b19-718bc15eabc0, api error InsufficientCidrBlocks: The specified subnet does not have enough free cidr blocks to satisfy the request."}
{"level":"info","ts":"2026-10-05T08:42:40.613Z","caller":"ipamd/ipamd.go:1259","msg":"Trying to allocate 1 IP addresses on ENI eni-EXAMPLE19"}
{"level":"debug","ts":"2026-10-05T08:42:40.613Z","caller":"ipamd/ipamd.go:1259","msg":"PD enabled - true"}
{"level":"debug","ts":"2026-10-05T08:42:41.115Z","caller":"awsutils/awsutils.go:2174","msg":"checkAPIErrorAndBroadcastEvent resulted in operation error EC2: AssignPrivateIpAddresses, https response error StatusCode: 400, RequestID: cc8c874d-d288-4126-9ce6-bfdbc8c0d91e, api error InsufficientCidrBlocks: The specified subnet does not have enough free cidr blocks to satisfy the request."}
{"level":"error","ts":"2026-10-05T08:42:41.115Z","caller":"ipamd/ipamd.go:1259","msg":"Failed to allocate a private IP/Prefix addresses on ENI eni-EXAMPLE19: operation error EC2: AssignPrivateIpAddresses, https response error StatusCode: 400, RequestID: cc8c874d-d288-4126-9ce6-bfdbc8c0d91e, api error InsufficientCidrBlocks: The specified subnet does not have enough free cidr blocks to satisfy the request."}
{"level":"debug","ts":"2026-10-05T08:42:41.115Z","caller":"ipamd/ipamd.go:1260","msg":"containsPrivateIPAddressLimitExceededError encountered operation error EC2: AssignPrivateIpAddresses, https response error StatusCode: 400, RequestID: cc8c874d-d288-4126-9ce6-bfdbc8c0d91e, api error InsufficientCidrBlocks: The specified subnet does not have enough free cidr blocks to satisfy the request."}
{"level":"debug","ts":"2026-10-05T08:42:41.115Z","caller":"ipamd/ipamd.go:1262","msg":"containsInsufficientCIDRsOrSubnetIPs encountered operation error EC2: AssignPrivateIpAddresses, https response error StatusCode: 400, RequestID: cc8c874d-d288-4126-9ce6-bfdbc8c0d91e, api error InsufficientCidrBlocks: The specified subnet does not have enough free cidr blocks to satisfy the request."}
{"level":"debug","ts":"2026-10-05T08:42:41.115Z","caller":"ipamd/ipamd.go:1262","msg":"Insufficient IP Addresses due to: InsufficientCidrBlocks\n"}
{"level":"debug","ts":"2026-10-05T08:42:41.115Z","caller":"ipamd/ipamd.go:1003","msg":"hasRoomForEni: networkCard=0, currentENIs=1, currentUsableENIs=1, maxENI=3, unmanagedENI=0, trunkEni=0, excludedENI=0, hasRoom=true"}
{"level":"debug","ts":"2026-10-05T08:42:41.115Z","caller":"ipamd/ipamd.go:2758","msg":"Prefix target is 1, short of 1 prefixes, free 0 prefixes"}
{"level":"debug","ts":"2026-10-05T08:42:41.115Z","caller":"ipamd/ipamd.go:2595","msg":"ToAllocate: 1, Network Card 0"}
{"level":"info","ts":"2026-10-05T08:42:41.115Z","caller":"awsutils/awsutils.go:1044","msg":"Trying to allocate 1 IP addresses on new ENI"}
{"level":"debug","ts":"2026-10-05T08:42:41.115Z","caller":"awsutils/awsutils.go:1044","msg":"PD enabled - true"}
{"level":"debug","ts":"2026-10-05T08:42:41.237Z","caller":"awsutils/awsutils.go:1272","msg":"Primary subnet subnet-EXAMPLE4 has no kubernetes.io/role/cni tag, including it for ENI creation (backwards compatibility)"}
{"level":"info","ts":"2026-10-05T08:42:41.237Z","caller":"awsutils/awsutils.go:1044","msg":"Creating ENI with security groups: [sg-EXAMPLE1] in subnet: subnet-EXAMPLE4"}
{"level":"debug","ts":"2026-10-05T08:42:41.464Z","caller":"awsutils/awsutils.go:1449","msg":"checkAPIErrorAndBroadcastEvent resulted in operation error EC2: CreateNetworkInterface, https response error StatusCode: 400, RequestID: 4b1ff9df-166d-4672-8942-00817575f1d9, api error InvalidParameterValue: There aren't sufficient free Ipv4 addresses or prefixes"}
{"level":"error","ts":"2026-10-05T08:42:41.464Z","caller":"awsutils/awsutils.go:1285","msg":"Failed to CreateNetworkInterface operation error EC2: CreateNetworkInterface, https response error StatusCode: 400, RequestID: 4b1ff9df-166d-4672-8942-00817575f1d9, api error InvalidParameterValue: There aren't sufficient free Ipv4 addresses or prefixes for subnet subnet-EXAMPLE4"}
{"level":"debug","ts":"2026-10-05T08:42:41.464Z","caller":"awsutils/awsutils.go:1272","msg":"Subnet subnet-EXAMPLE3 has no kubernetes.io/role/cni tag, excluding it from ENI creation"}
{"level":"error","ts":"2026-10-05T08:42:41.464Z","caller":"ipamd/ipamd.go:1004","msg":"Failed to increase pool size due to not able to allocate ENI AllocENI: failed to create ENI: failed to create network interface: operation error EC2: CreateNetworkInterface, https response error StatusCode: 400, RequestID: 4b1ff9df-166d-4672-8942-00817575f1d9, api error InvalidParameterValue: There aren't sufficient free Ipv4 addresses or prefixes"}
{"level":"warn","ts":"2026-10-05T08:42:41.464Z","caller":"ipamd/ipamd.go:1004","msg":"Failed to allocate 1 IP addresses on an ENI: AllocENI: failed to create ENI: failed to create network interface: operation error EC2: CreateNetworkInterface, https response error StatusCode: 400, RequestID: 4b1ff9df-166d-4672-8942-00817575f1d9, api error InvalidParameterValue: There aren't sufficient free Ipv4 addresses or prefixes"}
{"level":"debug","ts":"2026-10-05T08:42:41.464Z","caller":"ipamd/ipamd.go:1082","msg":"containsInsufficientCIDRsOrSubnetIPs encountered AllocENI: failed to create ENI: failed to create network interface: operation error EC2: CreateNetworkInterface, https response error StatusCode: 400, RequestID: 4b1ff9df-166d-4672-8942-00817575f1d9, api error InvalidParameterValue: There aren't sufficient free Ipv4 addresses or prefixes"}
{"level":"debug","ts":"2026-10-05T08:42:41.464Z","caller":"ipamd/ipamd.go:1082","msg":"Insufficient IP Addresses due to: InvalidParameterValue\n"}
{"level":"debug","ts":"2026-10-05T08:42:41.464Z","caller":"ipamd/ipamd.go:813","msg":"Error trying to allocate ENI: AllocENI: failed to create ENI: failed to create network interface: operation error EC2: CreateNetworkInterface, https response error StatusCode: 400, RequestID: 4b1ff9df-166d-4672-8942-00817575f1d9, api error InvalidParameterValue: There aren't sufficient free Ipv4 addresses or prefixes"}
{"level":"debug","ts":"2026-10-05T08:42:41.464Z","caller":"ipamd/ipamd.go:1548","msg":"ENI eni-EXAMPLE19 cannot be deleted because it is primary"}
{"level":"info","ts":"2026-10-05T08:42:44.774Z","caller":"rpc/rpc_grpc.pb.go:117","msg":"Received AddNetwork for NS /var/run/netns/cni-351f60c1-efbf-39a2-3aed-4dba901efdbb, Sandbox 46ed4d0f980e0e9dee4bd50f0afdc83fe7dedf83c61fe816a0927ec0ff129bbb, ifname eth0"}
{"level":"debug","ts":"2026-10-05T08:42:44.775Z","caller":"rpc/rpc_grpc.pb.go:117","msg":"AddNetworkRequest: K8S_POD_NAME:\"pause-68d5b89fc-88226\"  K8S_POD_NAMESPACE:\"default\"  K8S_POD_INFRA_CONTAINER_ID:\"46ed4d0f980e0e9dee4bd50f0afdc83fe7dedf83c61fe816a0927ec0ff129bbb\"  ContainerID:\"46ed4d0f980e0e9dee4bd50f0afdc83fe7dedf83c61fe816a0927ec0ff129bbb\"  IfName:\"eth0\"  NetworkName:\"aws-cni\"  Netns:\"/var/run/netns/cni-351f60c1-efbf-39a2-3aed-4dba901efdbb\""}
{"level":"info","ts":"2026-10-05T08:42:44.775Z","caller":"rpc/rpc_grpc.pb.go:117","msg":"Required MultiNIC access false, interfaces required 1"}
{"level":"debug","ts":"2026-10-05T08:42:44.775Z","caller":"datastore/data_store.go:713","msg":"AssignPodIPv4Address: IP address pool stats: total 0, assigned 0"}
{"level":"debug","ts":"2026-10-05T08:42:44.775Z","caller":"datastore/data_store.go:713","msg":"AssignPodIPv4Address: ENI eni-EXAMPLE19 does not have available addresses"}
{"level":"error","ts":"2026-10-05T08:42:44.775Z","caller":"datastore/data_store.go:713","msg":"DataStore has no available IP/Prefix addresses"}
{"level":"warn","ts":"2026-10-05T08:42:44.775Z","caller":"rpc/rpc_grpc.pb.go:117","msg":"Failed to assign IPs from network card 0: AssignPodIPAddress: no available IP/Prefix addresses"}
{"level":"error","ts":"2026-10-05T08:42:44.775Z","caller":"rpc/rpc_grpc.pb.go:117","msg":"Returning failure response for AddNetwork: 1 error occurred:\n\t* AssignPodIPAddress: no available IP/Prefix addresses\n\n"}
{"level":"info","ts":"2026-10-05T08:42:44.775Z","caller":"rpc/rpc_grpc.pb.go:117","msg":"Send AddNetworkReply: Success: false IPAddr: [], resp: , err: AssignPodIPAddress: no available IP/Prefix addresses"}
{"level":"info","ts":"2026-10-05T08:42:44.800Z","caller":"rpc/rpc_grpc.pb.go:135","msg":"Received DelNetwork for Sandbox 46ed4d0f980e0e9dee4bd50f0afdc83fe7dedf83c61fe816a0927ec0ff129bbb"}
{"level":"debug","ts":"2026-10-05T08:42:44.800Z","caller":"rpc/rpc_grpc.pb.go:135","msg":"DelNetworkRequest: K8S_POD_NAME:\"pause-68d5b89fc-88226\"  K8S_POD_NAMESPACE:\"default\"  K8S_POD_INFRA_CONTAINER_ID:\"46ed4d0f980e0e9dee4bd50f0afdc83fe7dedf83c61fe816a0927ec0ff129bbb\"  Reason:\"PodDeleted\"  ContainerID:\"46ed4d0f980e0e9dee4bd50f0afdc83fe7dedf83c61fe816a0927ec0ff129bbb\"  IfName:\"eth0\"  NetworkName:\"aws-cni\"  K8S_POD_UID:\"e903ba0e-e96e-48c7-90d6-ad1a2a6941a3\""}
{"level":"debug","ts":"2026-10-05T08:42:44.800Z","caller":"ipamd/rpc_handler.go:353","msg":"UnassignPodIPAddress: IP address pool stats: total 0, assigned 0, sandbox aws-cni/46ed4d0f980e0e9dee4bd50f0afdc83fe7dedf83c61fe816a0927ec0ff129bbb/eth0"}
{"level":"debug","ts":"2026-10-05T08:42:44.800Z","caller":"ipamd/rpc_handler.go:353","msg":"UnassignPodIPAddress: Failed to find IPAM entry under full key, trying CRI-migrated version"}
{"level":"warn","ts":"2026-10-05T08:42:44.800Z","caller":"ipamd/rpc_handler.go:353","msg":"UnassignPodIPAddress: Failed to find sandbox _migrated-from-cri/46ed4d0f980e0e9dee4bd50f0afdc83fe7dedf83c61fe816a0927ec0ff129bbb/unknown"}
{"level":"info","ts":"2026-10-05T08:42:44.800Z","caller":"rpc/rpc_grpc.pb.go:135","msg":"Send DelNetworkReply: IPAddress: [], err: 1 error occurred:\n\t* datastore: unknown pod\n\n"}
{"level":"debug","ts":"2026-10-05T08:42:46.465Z","caller":"ipamd/ipamd.go:809","msg":"IP pool is too low for Network Card 0: available (0) < ENI target (1) * addrsPerENI (16)"}
{"level":"debug","ts":"2026-10-05T08:42:46.465Z","caller":"ipamd/ipamd.go:2689","msg":"Prefix pool stats for network card 0: Total IPs/Prefixes = 0/0, AssignedIPs/CooldownIPs: 0/0, c.maxIPsPerENI = 80"}
{"level":"debug","ts":"2026-10-05T08:42:46.465Z","caller":"ipamd/ipamd.go:795","msg":"IP stats for Network Card 0 - total IPs: 0, assigned IPs: 0, cooldown IPs: 0"}
{"level":"debug","ts":"2026-10-05T08:42:46.465Z","caller":"ipamd/ipamd.go:813","msg":"Starting to increase pool size for network card 0"}
{"level":"debug","ts":"2026-10-05T08:42:46.466Z","caller":"ipamd/ipamd.go:966","msg":"Node found \"ip-10-20-0-28.ec2.internal\" - no of taints - 0"}
{"level":"debug","ts":"2026-10-05T08:42:46.466Z","caller":"ipamd/ipamd.go:2758","msg":"Prefix target is 1, short of 1 prefixes, free 0 prefixes"}
{"level":"debug","ts":"2026-10-05T08:42:46.466Z","caller":"ipamd/ipamd.go:1248","msg":"ToAllocate: 1, Network Card 0"}
{"level":"debug","ts":"2026-10-05T08:42:46.466Z","caller":"ipamd/ipamd.go:1251","msg":"Found ENI eni-EXAMPLE19 that has less than the maximum number of IP/Prefixes addresses allocated: cur=0, max=5"}
{"level":"info","ts":"2026-10-05T08:42:46.466Z","caller":"ipamd/ipamd.go:1255","msg":"Trying to allocate 1 IP addresses on ENI eni-EXAMPLE19"}
{"level":"debug","ts":"2026-10-05T08:42:46.466Z","caller":"ipamd/ipamd.go:1255","msg":"PD enabled - true"}
{"level":"debug","ts":"2026-10-05T08:42:46.891Z","caller":"awsutils/awsutils.go:2174","msg":"checkAPIErrorAndBroadcastEvent resulted in operation error EC2: AssignPrivateIpAddresses, https response error StatusCode: 400, RequestID: 66a9b0ce-0b7c-4996-993b-e29a26901e61, api error InsufficientCidrBlocks: The specified subnet does not have enough free cidr blocks to satisfy the request."}
{"level":"error","ts":"2026-10-05T08:42:46.891Z","caller":"ipamd/ipamd.go:1255","msg":"Failed to allocate a private IP/Prefix addresses on ENI eni-EXAMPLE19: operation error EC2: AssignPrivateIpAddresses, https response error StatusCode: 400, RequestID: 66a9b0ce-0b7c-4996-993b-e29a26901e61, api error InsufficientCidrBlocks: The specified subnet does not have enough free cidr blocks to satisfy the request."}
{"level":"debug","ts":"2026-10-05T08:42:46.891Z","caller":"ipamd/ipamd.go:1256","msg":"containsPrivateIPAddressLimitExceededError encountered operation error EC2: AssignPrivateIpAddresses, https response error StatusCode: 400, RequestID: 66a9b0ce-0b7c-4996-993b-e29a26901e61, api error InsufficientCidrBlocks: The specified subnet does not have enough free cidr blocks to satisfy the request."}
{"level":"warn","ts":"2026-10-05T08:42:46.891Z","caller":"ipamd/ipamd.go:1113","msg":"failed to allocate all available IPv4 Prefixes on ENI eni-EXAMPLE19, err: operation error EC2: AssignPrivateIpAddresses, https response error StatusCode: 400, RequestID: 66a9b0ce-0b7c-4996-993b-e29a26901e61, api error InsufficientCidrBlocks: The specified subnet does not have enough free cidr blocks to satisfy the request."}
{"level":"info","ts":"2026-10-05T08:42:46.891Z","caller":"ipamd/ipamd.go:1259","msg":"Trying to allocate 1 IP addresses on ENI eni-EXAMPLE19"}
{"level":"debug","ts":"2026-10-05T08:42:46.891Z","caller":"ipamd/ipamd.go:1259","msg":"PD enabled - true"}
{"level":"debug","ts":"2026-10-05T08:42:47.285Z","caller":"awsutils/awsutils.go:2174","msg":"checkAPIErrorAndBroadcastEvent resulted in operation error EC2: AssignPrivateIpAddresses, https response error StatusCode: 400, RequestID: f08fdf29-2911-4958-9ec7-1461c898997f, api error InsufficientCidrBlocks: The specified subnet does not have enough free cidr blocks to satisfy the request."}
{"level":"error","ts":"2026-10-05T08:42:47.285Z","caller":"ipamd/ipamd.go:1259","msg":"Failed to allocate a private IP/Prefix addresses on ENI eni-EXAMPLE19: operation error EC2: AssignPrivateIpAddresses, https response error StatusCode: 400, RequestID: f08fdf29-2911-4958-9ec7-1461c898997f, api error InsufficientCidrBlocks: The specified subnet does not have enough free cidr blocks to satisfy the request."}
{"level":"debug","ts":"2026-10-05T08:42:47.285Z","caller":"ipamd/ipamd.go:1260","msg":"containsPrivateIPAddressLimitExceededError encountered operation error EC2: AssignPrivateIpAddresses, https response error StatusCode: 400, RequestID: f08fdf29-2911-4958-9ec7-1461c898997f, api error InsufficientCidrBlocks: The specified subnet does not have enough free cidr blocks to satisfy the request."}
{"level":"debug","ts":"2026-10-05T08:42:47.285Z","caller":"ipamd/ipamd.go:1262","msg":"containsInsufficientCIDRsOrSubnetIPs encountered operation error EC2: AssignPrivateIpAddresses, https response error StatusCode: 400, RequestID: f08fdf29-2911-4958-9ec7-1461c898997f, api error InsufficientCidrBlocks: The specified subnet does not have enough free cidr blocks to satisfy the request."}
{"level":"debug","ts":"2026-10-05T08:42:47.285Z","caller":"ipamd/ipamd.go:1262","msg":"Insufficient IP Addresses due to: InsufficientCidrBlocks\n"}
{"level":"debug","ts":"2026-10-05T08:42:47.285Z","caller":"ipamd/ipamd.go:1003","msg":"hasRoomForEni: networkCard=0, currentENIs=1, currentUsableENIs=1, maxENI=3, unmanagedENI=0, trunkEni=0, excludedENI=0, hasRoom=true"}
{"level":"debug","ts":"2026-10-05T08:42:47.285Z","caller":"ipamd/ipamd.go:2758","msg":"Prefix target is 1, short of 1 prefixes, free 0 prefixes"}
{"level":"debug","ts":"2026-10-05T08:42:47.285Z","caller":"ipamd/ipamd.go:2595","msg":"ToAllocate: 1, Network Card 0"}
{"level":"info","ts":"2026-10-05T08:42:47.285Z","caller":"awsutils/awsutils.go:1044","msg":"Trying to allocate 1 IP addresses on new ENI"}
{"level":"debug","ts":"2026-10-05T08:42:47.285Z","caller":"awsutils/awsutils.go:1044","msg":"PD enabled - true"}
{"level":"debug","ts":"2026-10-05T08:42:47.533Z","caller":"awsutils/awsutils.go:1272","msg":"Primary subnet subnet-EXAMPLE4 has no kubernetes.io/role/cni tag, including it for ENI creation (backwards compatibility)"}
{"level":"info","ts":"2026-10-05T08:42:47.533Z","caller":"awsutils/awsutils.go:1044","msg":"Creating ENI with security groups: [sg-EXAMPLE1] in subnet: subnet-EXAMPLE4"}
{"level":"debug","ts":"2026-10-05T08:42:47.778Z","caller":"awsutils/awsutils.go:1449","msg":"checkAPIErrorAndBroadcastEvent resulted in operation error EC2: CreateNetworkInterface, https response error StatusCode: 400, RequestID: de0ed101-9fdb-4fe2-afe9-6b0cc34f2019, api error InvalidParameterValue: There aren't sufficient free Ipv4 addresses or prefixes"}
{"level":"error","ts":"2026-10-05T08:42:47.778Z","caller":"awsutils/awsutils.go:1285","msg":"Failed to CreateNetworkInterface operation error EC2: CreateNetworkInterface, https response error StatusCode: 400, RequestID: de0ed101-9fdb-4fe2-afe9-6b0cc34f2019, api error InvalidParameterValue: There aren't sufficient free Ipv4 addresses or prefixes for subnet subnet-EXAMPLE4"}
{"level":"debug","ts":"2026-10-05T08:42:47.779Z","caller":"awsutils/awsutils.go:1272","msg":"Subnet subnet-EXAMPLE3 has no kubernetes.io/role/cni tag, excluding it from ENI creation"}
{"level":"error","ts":"2026-10-05T08:42:47.779Z","caller":"ipamd/ipamd.go:1004","msg":"Failed to increase pool size due to not able to allocate ENI AllocENI: failed to create ENI: failed to create network interface: operation error EC2: CreateNetworkInterface, https response error StatusCode: 400, RequestID: de0ed101-9fdb-4fe2-afe9-6b0cc34f2019, api error InvalidParameterValue: There aren't sufficient free Ipv4 addresses or prefixes"}
{"level":"warn","ts":"2026-10-05T08:42:47.779Z","caller":"ipamd/ipamd.go:1004","msg":"Failed to allocate 1 IP addresses on an ENI: AllocENI: failed to create ENI: failed to create network interface: operation error EC2: CreateNetworkInterface, https response error StatusCode: 400, RequestID: de0ed101-9fdb-4fe2-afe9-6b0cc34f2019, api error InvalidParameterValue: There aren't sufficient free Ipv4 addresses or prefixes"}
{"level":"debug","ts":"2026-10-05T08:42:47.779Z","caller":"ipamd/ipamd.go:1082","msg":"containsInsufficientCIDRsOrSubnetIPs encountered AllocENI: failed to create ENI: failed to create network interface: operation error EC2: CreateNetworkInterface, https response error StatusCode: 400, RequestID: de0ed101-9fdb-4fe2-afe9-6b0cc34f2019, api error InvalidParameterValue: There aren't sufficient free Ipv4 addresses or prefixes"}
{"level":"debug","ts":"2026-10-05T08:42:47.779Z","caller":"ipamd/ipamd.go:1082","msg":"Insufficient IP Addresses due to: InvalidParameterValue\n"}
{"level":"debug","ts":"2026-10-05T08:42:47.779Z","caller":"ipamd/ipamd.go:813","msg":"Error trying to allocate ENI: AllocENI: failed to create ENI: failed to create network interface: operation error EC2: CreateNetworkInterface, https response error StatusCode: 400, RequestID: de0ed101-9fdb-4fe2-afe9-6b0cc34f2019, api error InvalidParameterValue: There aren't sufficient free Ipv4 addresses or prefixes"}
{"level":"debug","ts":"2026-10-05T08:42:47.779Z","caller":"ipamd/ipamd.go:1548","msg":"ENI eni-EXAMPLE19 cannot be deleted because it is primary"}
{"level":"info","ts":"2026-10-05T08:42:47.790Z","caller":"rpc/rpc_grpc.pb.go:117","msg":"Received AddNetwork for NS /var/run/netns/cni-8705cf26-e979-02a2-d512-bb58251926c8, Sandbox 1574274cc5493d612d4c1c581977138ad3bd2c8e3cd9fad8e81312f2b690c1b7, ifname eth0"}
{"level":"debug","ts":"2026-10-05T08:42:47.790Z","caller":"rpc/rpc_grpc.pb.go:117","msg":"AddNetworkRequest: K8S_POD_NAME:\"pause-68d5b89fc-n9q4v\"  K8S_POD_NAMESPACE:\"default\"  K8S_POD_INFRA_CONTAINER_ID:\"1574274cc5493d612d4c1c581977138ad3bd2c8e3cd9fad8e81312f2b690c1b7\"  ContainerID:\"1574274cc5493d612d4c1c581977138ad3bd2c8e3cd9fad8e81312f2b690c1b7\"  IfName:\"eth0\"  NetworkName:\"aws-cni\"  Netns:\"/var/run/netns/cni-8705cf26-e979-02a2-d512-bb58251926c8\""}
{"level":"info","ts":"2026-10-05T08:42:47.790Z","caller":"rpc/rpc_grpc.pb.go:117","msg":"Required MultiNIC access false, interfaces required 1"}
{"level":"debug","ts":"2026-10-05T08:42:47.790Z","caller":"datastore/data_store.go:713","msg":"AssignPodIPv4Address: IP address pool stats: total 0, assigned 0"}
{"level":"debug","ts":"2026-10-05T08:42:47.790Z","caller":"datastore/data_store.go:713","msg":"AssignPodIPv4Address: ENI eni-EXAMPLE19 does not have available addresses"}
{"level":"error","ts":"2026-10-05T08:42:47.790Z","caller":"datastore/data_store.go:713","msg":"DataStore has no available IP/Prefix addresses"}
{"level":"warn","ts":"2026-10-05T08:42:47.790Z","caller":"rpc/rpc_grpc.pb.go:117","msg":"Failed to assign IPs from network card 0: AssignPodIPAddress: no available IP/Prefix addresses"}
{"level":"error","ts":"2026-10-05T08:42:47.790Z","caller":"rpc/rpc_grpc.pb.go:117","msg":"Returning failure response for AddNetwork: 1 error occurred:\n\t* AssignPodIPAddress: no available IP/Prefix addresses\n\n"}
{"level":"info","ts":"2026-10-05T08:42:47.790Z","caller":"rpc/rpc_grpc.pb.go:117","msg":"Send AddNetworkReply: Success: false IPAddr: [], resp: , err: AssignPodIPAddress: no available IP/Prefix addresses"}
{"level":"info","ts":"2026-10-05T08:42:47.797Z","caller":"rpc/rpc_grpc.pb.go:117","msg":"Received AddNetwork for NS /var/run/netns/cni-7d6971c7-0c42-6a74-de01-728dc35195b4, Sandbox 5162f0a737756d504e8de9ef903986e408660abd47c48db6f1191063869beb02, ifname eth0"}
{"level":"debug","ts":"2026-10-05T08:42:47.797Z","caller":"rpc/rpc_grpc.pb.go:117","msg":"AddNetworkRequest: K8S_POD_NAME:\"pause-68d5b89fc-5gpj2\"  K8S_POD_NAMESPACE:\"default\"  K8S_POD_INFRA_CONTAINER_ID:\"5162f0a737756d504e8de9ef903986e408660abd47c48db6f1191063869beb02\"  ContainerID:\"5162f0a737756d504e8de9ef903986e408660abd47c48db6f1191063869beb02\"  IfName:\"eth0\"  NetworkName:\"aws-cni\"  Netns:\"/var/run/netns/cni-7d6971c7-0c42-6a74-de01-728dc35195b4\""}
{"level":"info","ts":"2026-10-05T08:42:47.797Z","caller":"rpc/rpc_grpc.pb.go:117","msg":"Required MultiNIC access false, interfaces required 1"}
{"level":"debug","ts":"2026-10-05T08:42:47.797Z","caller":"datastore/data_store.go:713","msg":"AssignPodIPv4Address: IP address pool stats: total 0, assigned 0"}
{"level":"debug","ts":"2026-10-05T08:42:47.797Z","caller":"datastore/data_store.go:713","msg":"AssignPodIPv4Address: ENI eni-EXAMPLE19 does not have available addresses"}
{"level":"error","ts":"2026-10-05T08:42:47.797Z","caller":"datastore/data_store.go:713","msg":"DataStore has no available IP/Prefix addresses"}
{"level":"warn","ts":"2026-10-05T08:42:47.797Z","caller":"rpc/rpc_grpc.pb.go:117","msg":"Failed to assign IPs from network card 0: AssignPodIPAddress: no available IP/Prefix addresses"}
{"level":"error","ts":"2026-10-05T08:42:47.797Z","caller":"rpc/rpc_grpc.pb.go:117","msg":"Returning failure response for AddNetwork: 1 error occurred:\n\t* AssignPodIPAddress: no available IP/Prefix addresses\n\n"}
{"level":"info","ts":"2026-10-05T08:42:47.797Z","caller":"rpc/rpc_grpc.pb.go:117","msg":"Send AddNetworkReply: Success: false IPAddr: [], resp: , err: AssignPodIPAddress: no available IP/Prefix addresses"}
{"level":"info","ts":"2026-10-05T08:42:47.829Z","caller":"rpc/rpc_grpc.pb.go:135","msg":"Received DelNetwork for Sandbox 1574274cc5493d612d4c1c581977138ad3bd2c8e3cd9fad8e81312f2b690c1b7"}
{"level":"debug","ts":"2026-10-05T08:42:47.829Z","caller":"rpc/rpc_grpc.pb.go:135","msg":"DelNetworkRequest: K8S_POD_NAME:\"pause-68d5b89fc-n9q4v\"  K8S_POD_NAMESPACE:\"default\"  K8S_POD_INFRA_CONTAINER_ID:\"1574274cc5493d612d4c1c581977138ad3bd2c8e3cd9fad8e81312f2b690c1b7\"  Reason:\"PodDeleted\"  ContainerID:\"1574274cc5493d612d4c1c581977138ad3bd2c8e3cd9fad8e81312f2b690c1b7\"  IfName:\"eth0\"  NetworkName:\"aws-cni\"  K8S_POD_UID:\"f68fbeb2-acd7-443d-aaf4-9fe8443ea42e\""}
{"level":"debug","ts":"2026-10-05T08:42:47.829Z","caller":"ipamd/rpc_handler.go:353","msg":"UnassignPodIPAddress: IP address pool stats: total 0, assigned 0, sandbox aws-cni/1574274cc5493d612d4c1c581977138ad3bd2c8e3cd9fad8e81312f2b690c1b7/eth0"}
{"level":"debug","ts":"2026-10-05T08:42:47.829Z","caller":"ipamd/rpc_handler.go:353","msg":"UnassignPodIPAddress: Failed to find IPAM entry under full key, trying CRI-migrated version"}
{"level":"warn","ts":"2026-10-05T08:42:47.829Z","caller":"ipamd/rpc_handler.go:353","msg":"UnassignPodIPAddress: Failed to find sandbox _migrated-from-cri/1574274cc5493d612d4c1c581977138ad3bd2c8e3cd9fad8e81312f2b690c1b7/unknown"}
{"level":"info","ts":"2026-10-05T08:42:47.829Z","caller":"rpc/rpc_grpc.pb.go:135","msg":"Send DelNetworkReply: IPAddress: [], err: 1 error occurred:\n\t* datastore: unknown pod\n\n"}
{"level":"info","ts":"2026-10-05T08:42:47.836Z","caller":"rpc/rpc_grpc.pb.go:135","msg":"Received DelNetwork for Sandbox 5162f0a737756d504e8de9ef903986e408660abd47c48db6f1191063869beb02"}
{"level":"debug","ts":"2026-10-05T08:42:47.836Z","caller":"rpc/rpc_grpc.pb.go:135","msg":"DelNetworkRequest: K8S_POD_NAME:\"pause-68d5b89fc-5gpj2\"  K8S_POD_NAMESPACE:\"default\"  K8S_POD_INFRA_CONTAINER_ID:\"5162f0a737756d504e8de9ef903986e408660abd47c48db6f1191063869beb02\"  Reason:\"PodDeleted\"  ContainerID:\"5162f0a737756d504e8de9ef903986e408660abd47c48db6f1191063869beb02\"  IfName:\"eth0\"  NetworkName:\"aws-cni\"  K8S_POD_UID:\"8da26452-5df7-4b5d-bf8b-b8df9d619b63\""}
{"level":"debug","ts":"2026-10-05T08:42:47.836Z","caller":"ipamd/rpc_handler.go:353","msg":"UnassignPodIPAddress: IP address pool stats: total 0, assigned 0, sandbox aws-cni/5162f0a737756d504e8de9ef903986e408660abd47c48db6f1191063869beb02/eth0"}
{"level":"debug","ts":"2026-10-05T08:42:47.836Z","caller":"ipamd/rpc_handler.go:353","msg":"UnassignPodIPAddress: Failed to find IPAM entry under full key, trying CRI-migrated version"}
{"level":"warn","ts":"2026-10-05T08:42:47.836Z","caller":"ipamd/rpc_handler.go:353","msg":"UnassignPodIPAddress: Failed to find sandbox _migrated-from-cri/5162f0a737756d504e8de9ef903986e408660abd47c48db6f1191063869beb02/unknown"}
{"level":"info","ts":"2026-10-05T08:42:47.836Z","caller":"rpc/rpc_grpc.pb.go:135","msg":"Send DelNetworkReply: IPAddress: [], err: 1 error occurred:\n\t* datastore: unknown pod\n\n"}
{"level":"debug","ts":"2026-10-05T08:42:52.780Z","caller":"ipamd/ipamd.go:809","msg":"IP pool is too low for Network Card 0: available (0) < ENI target (1) * addrsPerENI (16)"}
{"level":"debug","ts":"2026-10-05T08:42:52.780Z","caller":"ipamd/ipamd.go:2689","msg":"Prefix pool stats for network card 0: Total IPs/Prefixes = 0/0, AssignedIPs/CooldownIPs: 0/0, c.maxIPsPerENI = 80"}
{"level":"debug","ts":"2026-10-05T08:42:52.780Z","caller":"ipamd/ipamd.go:795","msg":"IP stats for Network Card 0 - total IPs: 0, assigned IPs: 0, cooldown IPs: 0"}
{"level":"debug","ts":"2026-10-05T08:42:52.780Z","caller":"ipamd/ipamd.go:813","msg":"Starting to increase pool size for network card 0"}
{"level":"debug","ts":"2026-10-05T08:42:52.780Z","caller":"ipamd/ipamd.go:966","msg":"Node found \"ip-10-20-0-28.ec2.internal\" - no of taints - 0"}
{"level":"debug","ts":"2026-10-05T08:42:52.780Z","caller":"ipamd/ipamd.go:2758","msg":"Prefix target is 1, short of 1 prefixes, free 0 prefixes"}
{"level":"debug","ts":"2026-10-05T08:42:52.780Z","caller":"ipamd/ipamd.go:1248","msg":"ToAllocate: 1, Network Card 0"}
{"level":"debug","ts":"2026-10-05T08:42:52.780Z","caller":"ipamd/ipamd.go:1251","msg":"Found ENI eni-EXAMPLE19 that has less than the maximum number of IP/Prefixes addresses allocated: cur=0, max=5"}
{"level":"info","ts":"2026-10-05T08:42:52.780Z","caller":"ipamd/ipamd.go:1255","msg":"Trying to allocate 1 IP addresses on ENI eni-EXAMPLE19"}
{"level":"debug","ts":"2026-10-05T08:42:52.781Z","caller":"ipamd/ipamd.go:1255","msg":"PD enabled - true"}
{"level":"debug","ts":"2026-10-05T08:42:53.173Z","caller":"awsutils/awsutils.go:2174","msg":"checkAPIErrorAndBroadcastEvent resulted in operation error EC2: AssignPrivateIpAddresses, https response error StatusCode: 400, RequestID: 9aa76be5-a655-4cbb-9335-2b43069e2325, api error InsufficientCidrBlocks: The specified subnet does not have enough free cidr blocks to satisfy the request."}
{"level":"error","ts":"2026-10-05T08:42:53.173Z","caller":"ipamd/ipamd.go:1255","msg":"Failed to allocate a private IP/Prefix addresses on ENI eni-EXAMPLE19: operation error EC2: AssignPrivateIpAddresses, https response error StatusCode: 400, RequestID: 9aa76be5-a655-4cbb-9335-2b43069e2325, api error InsufficientCidrBlocks: The specified subnet does not have enough free cidr blocks to satisfy the request."}
{"level":"debug","ts":"2026-10-05T08:42:53.173Z","caller":"ipamd/ipamd.go:1256","msg":"containsPrivateIPAddressLimitExceededError encountered operation error EC2: AssignPrivateIpAddresses, https response error StatusCode: 400, RequestID: 9aa76be5-a655-4cbb-9335-2b43069e2325, api error InsufficientCidrBlocks: The specified subnet does not have enough free cidr blocks to satisfy the request."}
{"level":"warn","ts":"2026-10-05T08:42:53.173Z","caller":"ipamd/ipamd.go:1113","msg":"failed to allocate all available IPv4 Prefixes on ENI eni-EXAMPLE19, err: operation error EC2: AssignPrivateIpAddresses, https response error StatusCode: 400, RequestID: 9aa76be5-a655-4cbb-9335-2b43069e2325, api error InsufficientCidrBlocks: The specified subnet does not have enough free cidr blocks to satisfy the request."}
{"level":"info","ts":"2026-10-05T08:42:53.173Z","caller":"ipamd/ipamd.go:1259","msg":"Trying to allocate 1 IP addresses on ENI eni-EXAMPLE19"}
{"level":"debug","ts":"2026-10-05T08:42:53.173Z","caller":"ipamd/ipamd.go:1259","msg":"PD enabled - true"}
{"level":"debug","ts":"2026-10-05T08:42:53.593Z","caller":"awsutils/awsutils.go:2174","msg":"checkAPIErrorAndBroadcastEvent resulted in operation error EC2: AssignPrivateIpAddresses, https response error StatusCode: 400, RequestID: 6106fb75-6db1-46bc-8da0-a0dc949fa614, api error InsufficientCidrBlocks: The specified subnet does not have enough free cidr blocks to satisfy the request."}
{"level":"error","ts":"2026-10-05T08:42:53.593Z","caller":"ipamd/ipamd.go:1259","msg":"Failed to allocate a private IP/Prefix addresses on ENI eni-EXAMPLE19: operation error EC2: AssignPrivateIpAddresses, https response error StatusCode: 400, RequestID: 6106fb75-6db1-46bc-8da0-a0dc949fa614, api error InsufficientCidrBlocks: The specified subnet does not have enough free cidr blocks to satisfy the request."}
{"level":"debug","ts":"2026-10-05T08:42:53.593Z","caller":"ipamd/ipamd.go:1260","msg":"containsPrivateIPAddressLimitExceededError encountered operation error EC2: AssignPrivateIpAddresses, https response error StatusCode: 400, RequestID: 6106fb75-6db1-46bc-8da0-a0dc949fa614, api error InsufficientCidrBlocks: The specified subnet does not have enough free cidr blocks to satisfy the request."}
{"level":"debug","ts":"2026-10-05T08:42:53.593Z","caller":"ipamd/ipamd.go:1262","msg":"containsInsufficientCIDRsOrSubnetIPs encountered operation error EC2: AssignPrivateIpAddresses, https response error StatusCode: 400, RequestID: 6106fb75-6db1-46bc-8da0-a0dc949fa614, api error InsufficientCidrBlocks: The specified subnet does not have enough free cidr blocks to satisfy the request."}
{"level":"debug","ts":"2026-10-05T08:42:53.593Z","caller":"ipamd/ipamd.go:1262","msg":"Insufficient IP Addresses due to: InsufficientCidrBlocks\n"}
{"level":"debug","ts":"2026-10-05T08:42:53.593Z","caller":"ipamd/ipamd.go:1003","msg":"hasRoomForEni: networkCard=0, currentENIs=1, currentUsableENIs=1, maxENI=3, unmanagedENI=0, trunkEni=0, excludedENI=0, hasRoom=true"}
{"level":"debug","ts":"2026-10-05T08:42:53.593Z","caller":"ipamd/ipamd.go:2758","msg":"Prefix target is 1, short of 1 prefixes, free 0 prefixes"}
{"level":"debug","ts":"2026-10-05T08:42:53.593Z","caller":"ipamd/ipamd.go:2595","msg":"ToAllocate: 1, Network Card 0"}
{"level":"info","ts":"2026-10-05T08:42:53.593Z","caller":"awsutils/awsutils.go:1044","msg":"Trying to allocate 1 IP addresses on new ENI"}
{"level":"debug","ts":"2026-10-05T08:42:53.593Z","caller":"awsutils/awsutils.go:1044","msg":"PD enabled - true"}
{"level":"debug","ts":"2026-10-05T08:42:53.830Z","caller":"awsutils/awsutils.go:1272","msg":"Primary subnet subnet-EXAMPLE4 has no kubernetes.io/role/cni tag, including it for ENI creation (backwards compatibility)"}
{"level":"info","ts":"2026-10-05T08:42:53.830Z","caller":"awsutils/awsutils.go:1044","msg":"Creating ENI with security groups: [sg-EXAMPLE1] in subnet: subnet-EXAMPLE4"}
{"level":"debug","ts":"2026-10-05T08:42:54.066Z","caller":"awsutils/awsutils.go:1449","msg":"checkAPIErrorAndBroadcastEvent resulted in operation error EC2: CreateNetworkInterface, https response error StatusCode: 400, RequestID: 0c510ff2-4543-4ffa-ae6c-1d7829779855, api error InvalidParameterValue: There aren't sufficient free Ipv4 addresses or prefixes"}
{"level":"error","ts":"2026-10-05T08:42:54.066Z","caller":"awsutils/awsutils.go:1285","msg":"Failed to CreateNetworkInterface operation error EC2: CreateNetworkInterface, https response error StatusCode: 400, RequestID: 0c510ff2-4543-4ffa-ae6c-1d7829779855, api error InvalidParameterValue: There aren't sufficient free Ipv4 addresses or prefixes for subnet subnet-EXAMPLE4"}
{"level":"debug","ts":"2026-10-05T08:42:54.066Z","caller":"awsutils/awsutils.go:1272","msg":"Subnet subnet-EXAMPLE3 has no kubernetes.io/role/cni tag, excluding it from ENI creation"}
{"level":"error","ts":"2026-10-05T08:42:54.066Z","caller":"ipamd/ipamd.go:1004","msg":"Failed to increase pool size due to not able to allocate ENI AllocENI: failed to create ENI: failed to create network interface: operation error EC2: CreateNetworkInterface, https response error StatusCode: 400, RequestID: 0c510ff2-4543-4ffa-ae6c-1d7829779855, api error InvalidParameterValue: There aren't sufficient free Ipv4 addresses or prefixes"}
{"level":"warn","ts":"2026-10-05T08:42:54.066Z","caller":"ipamd/ipamd.go:1004","msg":"Failed to allocate 1 IP addresses on an ENI: AllocENI: failed to create ENI: failed to create network interface: operation error EC2: CreateNetworkInterface, https response error StatusCode: 400, RequestID: 0c510ff2-4543-4ffa-ae6c-1d7829779855, api error InvalidParameterValue: There aren't sufficient free Ipv4 addresses or prefixes"}
{"level":"debug","ts":"2026-10-05T08:42:54.066Z","caller":"ipamd/ipamd.go:1082","msg":"containsInsufficientCIDRsOrSubnetIPs encountered AllocENI: failed to create ENI: failed to create network interface: operation error EC2: CreateNetworkInterface, https response error StatusCode: 400, RequestID: 0c510ff2-4543-4ffa-ae6c-1d7829779855, api error InvalidParameterValue: There aren't sufficient free Ipv4 addresses or prefixes"}
{"level":"debug","ts":"2026-10-05T08:42:54.066Z","caller":"ipamd/ipamd.go:1082","msg":"Insufficient IP Addresses due to: InvalidParameterValue\n"}
{"level":"debug","ts":"2026-10-05T08:42:54.066Z","caller":"ipamd/ipamd.go:813","msg":"Error trying to allocate ENI: AllocENI: failed to create ENI: failed to create network interface: operation error EC2: CreateNetworkInterface, https response error StatusCode: 400, RequestID: 0c510ff2-4543-4ffa-ae6c-1d7829779855, api error InvalidParameterValue: There aren't sufficient free Ipv4 addresses or prefixes"}
{"level":"debug","ts":"2026-10-05T08:42:54.066Z","caller":"ipamd/ipamd.go:1548","msg":"ENI eni-EXAMPLE19 cannot be deleted because it is primary"}
{"level":"debug","ts":"2026-10-05T08:42:56.566Z","caller":"ipamd/ipamd.go:798","msg":"Reconciling ENI/IP pool info because time since last 1m3.246707323s > 1m0s"}
{"level":"debug","ts":"2026-10-05T08:42:56.567Z","caller":"ipamd/ipamd.go:1621","msg":"Total number of interfaces found: 1 "}
{"level":"debug","ts":"2026-10-05T08:42:56.567Z","caller":"awsutils/awsutils.go:787","msg":"Found ENI MAC address: 12:ff:db:1a:05:f7"}
{"level":"debug","ts":"2026-10-05T08:42:56.570Z","caller":"awsutils/awsutils.go:787","msg":"Found ENI: eni-EXAMPLE19, MAC 12:ff:db:1a:05:f7, device 0"}
{"level":"debug","ts":"2026-10-05T08:42:56.571Z","caller":"awsutils/awsutils.go:787","msg":"Found IPv4 addresses associated with interface. This is not efa-only interface"}
{"level":"debug","ts":"2026-10-05T08:42:56.574Z","caller":"ipamd/ipamd.go:798","msg":"Reconcile existing ENI eni-EXAMPLE19 IP pool"}
{"level":"info","ts":"2026-10-05T08:42:56.574Z","caller":"ipamd/ipamd.go:1766","msg":"Reconcile and skip primary IP 10.20.0.28 on ENI eni-EXAMPLE19"}
{"level":"debug","ts":"2026-10-05T08:42:56.574Z","caller":"ipamd/ipamd.go:798","msg":"Reconcile existing ENI eni-EXAMPLE19 IP prefixes"}
{"level":"debug","ts":"2026-10-05T08:42:56.574Z","caller":"ipamd/ipamd.go:1693","msg":"Found prefix pool count 0 for eni eni-EXAMPLE19\n"}
{"level":"debug","ts":"2026-10-05T08:42:56.574Z","caller":"ipamd/ipamd.go:798","msg":"Successfully Reconciled ENI/IP pool"}
{"level":"debug","ts":"2026-10-05T08:42:56.574Z","caller":"ipamd/ipamd.go:1738","msg":"Prefix pool stats for network card 0: Total IPs/Prefixes = 0/0, AssignedIPs/CooldownIPs: 0/0, c.maxIPsPerENI = 80"}
{"level":"debug","ts":"2026-10-05T08:42:56.574Z","caller":"ipamd/ipamd.go:798","msg":"Primary IP for ENI eni-EXAMPLE19 is 10.20.0.28"}
{"level":"info","ts":"2026-10-05T08:42:56.776Z","caller":"rpc/rpc_grpc.pb.go:117","msg":"Received AddNetwork for NS /var/run/netns/cni-57ee24d2-a409-39b3-5798-258a19e57586, Sandbox 249d1a52556331d937b03918bee15003076eebc72253afd375efe3418a453a68, ifname eth0"}
{"level":"debug","ts":"2026-10-05T08:42:56.776Z","caller":"rpc/rpc_grpc.pb.go:117","msg":"AddNetworkRequest: K8S_POD_NAME:\"pause-68d5b89fc-88226\"  K8S_POD_NAMESPACE:\"default\"  K8S_POD_INFRA_CONTAINER_ID:\"249d1a52556331d937b03918bee15003076eebc72253afd375efe3418a453a68\"  ContainerID:\"249d1a52556331d937b03918bee15003076eebc72253afd375efe3418a453a68\"  IfName:\"eth0\"  NetworkName:\"aws-cni\"  Netns:\"/var/run/netns/cni-57ee24d2-a409-39b3-5798-258a19e57586\""}
{"level":"info","ts":"2026-10-05T08:42:56.776Z","caller":"rpc/rpc_grpc.pb.go:117","msg":"Required MultiNIC access false, interfaces required 1"}
{"level":"debug","ts":"2026-10-05T08:42:56.776Z","caller":"datastore/data_store.go:713","msg":"AssignPodIPv4Address: IP address pool stats: total 0, assigned 0"}
{"level":"debug","ts":"2026-10-05T08:42:56.776Z","caller":"datastore/data_store.go:713","msg":"AssignPodIPv4Address: ENI eni-EXAMPLE19 does not have available addresses"}
{"level":"error","ts":"2026-10-05T08:42:56.776Z","caller":"datastore/data_store.go:713","msg":"DataStore has no available IP/Prefix addresses"}
{"level":"warn","ts":"2026-10-05T08:42:56.776Z","caller":"rpc/rpc_grpc.pb.go:117","msg":"Failed to assign IPs from network card 0: AssignPodIPAddress: no available IP/Prefix addresses"}
{"level":"error","ts":"2026-10-05T08:42:56.776Z","caller":"rpc/rpc_grpc.pb.go:117","msg":"Returning failure response for AddNetwork: 1 error occurred:\n\t* AssignPodIPAddress: no available IP/Prefix addresses\n\n"}
{"level":"info","ts":"2026-10-05T08:42:56.776Z","caller":"rpc/rpc_grpc.pb.go:117","msg":"Send AddNetworkReply: Success: false IPAddr: [], resp: , err: AssignPodIPAddress: no available IP/Prefix addresses"}
{"level":"info","ts":"2026-10-05T08:42:56.801Z","caller":"rpc/rpc_grpc.pb.go:135","msg":"Received DelNetwork for Sandbox 249d1a52556331d937b03918bee15003076eebc72253afd375efe3418a453a68"}
{"level":"debug","ts":"2026-10-05T08:42:56.801Z","caller":"rpc/rpc_grpc.pb.go:135","msg":"DelNetworkRequest: K8S_POD_NAME:\"pause-68d5b89fc-88226\"  K8S_POD_NAMESPACE:\"default\"  K8S_POD_INFRA_CONTAINER_ID:\"249d1a52556331d937b03918bee15003076eebc72253afd375efe3418a453a68\"  Reason:\"PodDeleted\"  ContainerID:\"249d1a52556331d937b03918bee15003076eebc72253afd375efe3418a453a68\"  IfName:\"eth0\"  NetworkName:\"aws-cni\"  K8S_POD_UID:\"e903ba0e-e96e-48c7-90d6-ad1a2a6941a3\""}
{"level":"debug","ts":"2026-10-05T08:42:56.801Z","caller":"ipamd/rpc_handler.go:353","msg":"UnassignPodIPAddress: IP address pool stats: total 0, assigned 0, sandbox aws-cni/249d1a52556331d937b03918bee15003076eebc72253afd375efe3418a453a68/eth0"}
{"level":"debug","ts":"2026-10-05T08:42:56.801Z","caller":"ipamd/rpc_handler.go:353","msg":"UnassignPodIPAddress: Failed to find IPAM entry under full key, trying CRI-migrated version"}
{"level":"warn","ts":"2026-10-05T08:42:56.801Z","caller":"ipamd/rpc_handler.go:353","msg":"UnassignPodIPAddress: Failed to find sandbox _migrated-from-cri/249d1a52556331d937b03918bee15003076eebc72253afd375efe3418a453a68/unknown"}
{"level":"info","ts":"2026-10-05T08:42:56.801Z","caller":"rpc/rpc_grpc.pb.go:135","msg":"Send DelNetworkReply: IPAddress: [], err: 1 error occurred:\n\t* datastore: unknown pod\n\n"}
{"level":"info","ts":"2026-10-05T08:42:58.775Z","caller":"rpc/rpc_grpc.pb.go:117","msg":"Received AddNetwork for NS /var/run/netns/cni-bf960e38-05ad-04c8-8f50-93b41bcb55eb, Sandbox 8a91e0268b19f0ef45536439b34dcacf19f96bea4c5690a10fa6e0499e3abe8f, ifname eth0"}
{"level":"debug","ts":"2026-10-05T08:42:58.775Z","caller":"rpc/rpc_grpc.pb.go:117","msg":"AddNetworkRequest: K8S_POD_NAME:\"pause-68d5b89fc-n9q4v\"  K8S_POD_NAMESPACE:\"default\"  K8S_POD_INFRA_CONTAINER_ID:\"8a91e0268b19f0ef45536439b34dcacf19f96bea4c5690a10fa6e0499e3abe8f\"  ContainerID:\"8a91e0268b19f0ef45536439b34dcacf19f96bea4c5690a10fa6e0499e3abe8f\"  IfName:\"eth0\"  NetworkName:\"aws-cni\"  Netns:\"/var/run/netns/cni-bf960e38-05ad-04c8-8f50-93b41bcb55eb\""}
{"level":"info","ts":"2026-10-05T08:42:58.775Z","caller":"rpc/rpc_grpc.pb.go:117","msg":"Required MultiNIC access false, interfaces required 1"}
{"level":"debug","ts":"2026-10-05T08:42:58.775Z","caller":"datastore/data_store.go:713","msg":"AssignPodIPv4Address: IP address pool stats: total 0, assigned 0"}
{"level":"debug","ts":"2026-10-05T08:42:58.775Z","caller":"datastore/data_store.go:713","msg":"AssignPodIPv4Address: ENI eni-EXAMPLE19 does not have available addresses"}
{"level":"error","ts":"2026-10-05T08:42:58.775Z","caller":"datastore/data_store.go:713","msg":"DataStore has no available IP/Prefix addresses"}
{"level":"warn","ts":"2026-10-05T08:42:58.775Z","caller":"rpc/rpc_grpc.pb.go:117","msg":"Failed to assign IPs from network card 0: AssignPodIPAddress: no available IP/Prefix addresses"}
{"level":"error","ts":"2026-10-05T08:42:58.775Z","caller":"rpc/rpc_grpc.pb.go:117","msg":"Returning failure response for AddNetwork: 1 error occurred:\n\t* AssignPodIPAddress: no available IP/Prefix addresses\n\n"}
{"level":"info","ts":"2026-10-05T08:42:58.775Z","caller":"rpc/rpc_grpc.pb.go:117","msg":"Send AddNetworkReply: Success: false IPAddr: [], resp: , err: AssignPodIPAddress: no available IP/Prefix addresses"}
{"level":"info","ts":"2026-10-05T08:42:58.799Z","caller":"rpc/rpc_grpc.pb.go:135","msg":"Received DelNetwork for Sandbox 8a91e0268b19f0ef45536439b34dcacf19f96bea4c5690a10fa6e0499e3abe8f"}
{"level":"debug","ts":"2026-10-05T08:42:58.799Z","caller":"rpc/rpc_grpc.pb.go:135","msg":"DelNetworkRequest: K8S_POD_NAME:\"pause-68d5b89fc-n9q4v\"  K8S_POD_NAMESPACE:\"default\"  K8S_POD_INFRA_CONTAINER_ID:\"8a91e0268b19f0ef45536439b34dcacf19f96bea4c5690a10fa6e0499e3abe8f\"  Reason:\"PodDeleted\"  ContainerID:\"8a91e0268b19f0ef45536439b34dcacf19f96bea4c5690a10fa6e0499e3abe8f\"  IfName:\"eth0\"  NetworkName:\"aws-cni\"  K8S_POD_UID:\"f68fbeb2-acd7-443d-aaf4-9fe8443ea42e\""}
{"level":"debug","ts":"2026-10-05T08:42:58.799Z","caller":"ipamd/rpc_handler.go:353","msg":"UnassignPodIPAddress: IP address pool stats: total 0, assigned 0, sandbox aws-cni/8a91e0268b19f0ef45536439b34dcacf19f96bea4c5690a10fa6e0499e3abe8f/eth0"}
{"level":"debug","ts":"2026-10-05T08:42:58.799Z","caller":"ipamd/rpc_handler.go:353","msg":"UnassignPodIPAddress: Failed to find IPAM entry under full key, trying CRI-migrated version"}
{"level":"warn","ts":"2026-10-05T08:42:58.799Z","caller":"ipamd/rpc_handler.go:353","msg":"UnassignPodIPAddress: Failed to find sandbox _migrated-from-cri/8a91e0268b19f0ef45536439b34dcacf19f96bea4c5690a10fa6e0499e3abe8f/unknown"}
{"level":"info","ts":"2026-10-05T08:42:58.799Z","caller":"rpc/rpc_grpc.pb.go:135","msg":"Send DelNetworkReply: IPAddress: [], err: 1 error occurred:\n\t* datastore: unknown pod\n\n"}
{"level":"debug","ts":"2026-10-05T08:42:59.074Z","caller":"ipamd/ipamd.go:809","msg":"IP pool is too low for Network Card 0: available (0) < ENI target (1) * addrsPerENI (16)"}
{"level":"debug","ts":"2026-10-05T08:42:59.074Z","caller":"ipamd/ipamd.go:2689","msg":"Prefix pool stats for network card 0: Total IPs/Prefixes = 0/0, AssignedIPs/CooldownIPs: 0/0, c.maxIPsPerENI = 80"}
{"level":"debug","ts":"2026-10-05T08:42:59.074Z","caller":"ipamd/ipamd.go:795","msg":"IP stats for Network Card 0 - total IPs: 0, assigned IPs: 0, cooldown IPs: 0"}
{"level":"debug","ts":"2026-10-05T08:42:59.074Z","caller":"ipamd/ipamd.go:813","msg":"Starting to increase pool size for network card 0"}
{"level":"debug","ts":"2026-10-05T08:42:59.075Z","caller":"ipamd/ipamd.go:966","msg":"Node found \"ip-10-20-0-28.ec2.internal\" - no of taints - 0"}
{"level":"debug","ts":"2026-10-05T08:42:59.075Z","caller":"ipamd/ipamd.go:2758","msg":"Prefix target is 1, short of 1 prefixes, free 0 prefixes"}
{"level":"debug","ts":"2026-10-05T08:42:59.075Z","caller":"ipamd/ipamd.go:1248","msg":"ToAllocate: 1, Network Card 0"}
{"level":"debug","ts":"2026-10-05T08:42:59.075Z","caller":"ipamd/ipamd.go:1251","msg":"Found ENI eni-EXAMPLE19 that has less than the maximum number of IP/Prefixes addresses allocated: cur=0, max=5"}
{"level":"info","ts":"2026-10-05T08:42:59.075Z","caller":"ipamd/ipamd.go:1255","msg":"Trying to allocate 1 IP addresses on ENI eni-EXAMPLE19"}
{"level":"debug","ts":"2026-10-05T08:42:59.075Z","caller":"ipamd/ipamd.go:1255","msg":"PD enabled - true"}
{"level":"debug","ts":"2026-10-05T08:42:59.468Z","caller":"awsutils/awsutils.go:2174","msg":"checkAPIErrorAndBroadcastEvent resulted in operation error EC2: AssignPrivateIpAddresses, https response error StatusCode: 400, RequestID: 95800148-a888-4d61-a3e2-a240c78fa717, api error InsufficientCidrBlocks: The specified subnet does not have enough free cidr blocks to satisfy the request."}
{"level":"error","ts":"2026-10-05T08:42:59.468Z","caller":"ipamd/ipamd.go:1255","msg":"Failed to allocate a private IP/Prefix addresses on ENI eni-EXAMPLE19: operation error EC2: AssignPrivateIpAddresses, https response error StatusCode: 400, RequestID: 95800148-a888-4d61-a3e2-a240c78fa717, api error InsufficientCidrBlocks: The specified subnet does not have enough free cidr blocks to satisfy the request."}
{"level":"debug","ts":"2026-10-05T08:42:59.469Z","caller":"ipamd/ipamd.go:1256","msg":"containsPrivateIPAddressLimitExceededError encountered operation error EC2: AssignPrivateIpAddresses, https response error StatusCode: 400, RequestID: 95800148-a888-4d61-a3e2-a240c78fa717, api error InsufficientCidrBlocks: The specified subnet does not have enough free cidr blocks to satisfy the request."}
{"level":"warn","ts":"2026-10-05T08:42:59.469Z","caller":"ipamd/ipamd.go:1113","msg":"failed to allocate all available IPv4 Prefixes on ENI eni-EXAMPLE19, err: operation error EC2: AssignPrivateIpAddresses, https response error StatusCode: 400, RequestID: 95800148-a888-4d61-a3e2-a240c78fa717, api error InsufficientCidrBlocks: The specified subnet does not have enough free cidr blocks to satisfy the request."}
{"level":"info","ts":"2026-10-05T08:42:59.469Z","caller":"ipamd/ipamd.go:1259","msg":"Trying to allocate 1 IP addresses on ENI eni-EXAMPLE19"}
{"level":"debug","ts":"2026-10-05T08:42:59.469Z","caller":"ipamd/ipamd.go:1259","msg":"PD enabled - true"}
{"level":"info","ts":"2026-10-05T08:42:59.775Z","caller":"rpc/rpc_grpc.pb.go:117","msg":"Received AddNetwork for NS /var/run/netns/cni-64a758b3-9707-74a4-3569-0c14ef2a6fb1, Sandbox e198256938e10dff327cfb926a54c2ccdcf0d5685a683536af30765df0d381f6, ifname eth0"}
{"level":"debug","ts":"2026-10-05T08:42:59.775Z","caller":"rpc/rpc_grpc.pb.go:117","msg":"AddNetworkRequest: K8S_POD_NAME:\"pause-68d5b89fc-5gpj2\"  K8S_POD_NAMESPACE:\"default\"  K8S_POD_INFRA_CONTAINER_ID:\"e198256938e10dff327cfb926a54c2ccdcf0d5685a683536af30765df0d381f6\"  ContainerID:\"e198256938e10dff327cfb926a54c2ccdcf0d5685a683536af30765df0d381f6\"  IfName:\"eth0\"  NetworkName:\"aws-cni\"  Netns:\"/var/run/netns/cni-64a758b3-9707-74a4-3569-0c14ef2a6fb1\""}
{"level":"info","ts":"2026-10-05T08:42:59.775Z","caller":"rpc/rpc_grpc.pb.go:117","msg":"Required MultiNIC access false, interfaces required 1"}
{"level":"debug","ts":"2026-10-05T08:42:59.775Z","caller":"datastore/data_store.go:713","msg":"AssignPodIPv4Address: IP address pool stats: total 0, assigned 0"}
{"level":"debug","ts":"2026-10-05T08:42:59.775Z","caller":"datastore/data_store.go:713","msg":"AssignPodIPv4Address: ENI eni-EXAMPLE19 does not have available addresses"}
{"level":"error","ts":"2026-10-05T08:42:59.775Z","caller":"datastore/data_store.go:713","msg":"DataStore has no available IP/Prefix addresses"}
{"level":"warn","ts":"2026-10-05T08:42:59.775Z","caller":"rpc/rpc_grpc.pb.go:117","msg":"Failed to assign IPs from network card 0: AssignPodIPAddress: no available IP/Prefix addresses"}
{"level":"error","ts":"2026-10-05T08:42:59.775Z","caller":"rpc/rpc_grpc.pb.go:117","msg":"Returning failure response for AddNetwork: 1 error occurred:\n\t* AssignPodIPAddress: no available IP/Prefix addresses\n\n"}
{"level":"info","ts":"2026-10-05T08:42:59.775Z","caller":"rpc/rpc_grpc.pb.go:117","msg":"Send AddNetworkReply: Success: false IPAddr: [], resp: , err: AssignPodIPAddress: no available IP/Prefix addresses"}
{"level":"info","ts":"2026-10-05T08:42:59.800Z","caller":"rpc/rpc_grpc.pb.go:135","msg":"Received DelNetwork for Sandbox e198256938e10dff327cfb926a54c2ccdcf0d5685a683536af30765df0d381f6"}
{"level":"debug","ts":"2026-10-05T08:42:59.800Z","caller":"rpc/rpc_grpc.pb.go:135","msg":"DelNetworkRequest: K8S_POD_NAME:\"pause-68d5b89fc-5gpj2\"  K8S_POD_NAMESPACE:\"default\"  K8S_POD_INFRA_CONTAINER_ID:\"e198256938e10dff327cfb926a54c2ccdcf0d5685a683536af30765df0d381f6\"  Reason:\"PodDeleted\"  ContainerID:\"e198256938e10dff327cfb926a54c2ccdcf0d5685a683536af30765df0d381f6\"  IfName:\"eth0\"  NetworkName:\"aws-cni\"  K8S_POD_UID:\"8da26452-5df7-4b5d-bf8b-b8df9d619b63\""}
{"level":"debug","ts":"2026-10-05T08:42:59.800Z","caller":"ipamd/rpc_handler.go:353","msg":"UnassignPodIPAddress: IP address pool stats: total 0, assigned 0, sandbox aws-cni/e198256938e10dff327cfb926a54c2ccdcf0d5685a683536af30765df0d381f6/eth0"}
{"level":"debug","ts":"2026-10-05T08:42:59.800Z","caller":"ipamd/rpc_handler.go:353","msg":"UnassignPodIPAddress: Failed to find IPAM entry under full key, trying CRI-migrated version"}
{"level":"warn","ts":"2026-10-05T08:42:59.800Z","caller":"ipamd/rpc_handler.go:353","msg":"UnassignPodIPAddress: Failed to find sandbox _migrated-from-cri/e198256938e10dff327cfb926a54c2ccdcf0d5685a683536af30765df0d381f6/unknown"}
{"level":"info","ts":"2026-10-05T08:42:59.800Z","caller":"rpc/rpc_grpc.pb.go:135","msg":"Send DelNetworkReply: IPAddress: [], err: 1 error occurred:\n\t* datastore: unknown pod\n\n"}
{"level":"debug","ts":"2026-10-05T08:42:59.841Z","caller":"awsutils/awsutils.go:2174","msg":"checkAPIErrorAndBroadcastEvent resulted in operation error EC2: AssignPrivateIpAddresses, https response error StatusCode: 400, RequestID: 08f4d180-d769-4240-ba8e-8efa903859f3, api error InsufficientCidrBlocks: The specified subnet does not have enough free cidr blocks to satisfy the request."}
{"level":"error","ts":"2026-10-05T08:42:59.841Z","caller":"ipamd/ipamd.go:1259","msg":"Failed to allocate a private IP/Prefix addresses on ENI eni-EXAMPLE19: operation error EC2: AssignPrivateIpAddresses, https response error StatusCode: 400, RequestID: 08f4d180-d769-4240-ba8e-8efa903859f3, api error InsufficientCidrBlocks: The specified subnet does not have enough free cidr blocks to satisfy the request."}
{"level":"debug","ts":"2026-10-05T08:42:59.841Z","caller":"ipamd/ipamd.go:1260","msg":"containsPrivateIPAddressLimitExceededError encountered operation error EC2: AssignPrivateIpAddresses, https response error StatusCode: 400, RequestID: 08f4d180-d769-4240-ba8e-8efa903859f3, api error InsufficientCidrBlocks: The specified subnet does not have enough free cidr blocks to satisfy the request."}
{"level":"debug","ts":"2026-10-05T08:42:59.841Z","caller":"ipamd/ipamd.go:1262","msg":"containsInsufficientCIDRsOrSubnetIPs encountered operation error EC2: AssignPrivateIpAddresses, https response error StatusCode: 400, RequestID: 08f4d180-d769-4240-ba8e-8efa903859f3, api error InsufficientCidrBlocks: The specified subnet does not have enough free cidr blocks to satisfy the request."}
{"level":"debug","ts":"2026-10-05T08:42:59.841Z","caller":"ipamd/ipamd.go:1262","msg":"Insufficient IP Addresses due to: InsufficientCidrBlocks\n"}
{"level":"debug","ts":"2026-10-05T08:42:59.841Z","caller":"ipamd/ipamd.go:1003","msg":"hasRoomForEni: networkCard=0, currentENIs=1, currentUsableENIs=1, maxENI=3, unmanagedENI=0, trunkEni=0, excludedENI=0, hasRoom=true"}
{"level":"debug","ts":"2026-10-05T08:42:59.841Z","caller":"ipamd/ipamd.go:2758","msg":"Prefix target is 1, short of 1 prefixes, free 0 prefixes"}
{"level":"debug","ts":"2026-10-05T08:42:59.841Z","caller":"ipamd/ipamd.go:2595","msg":"ToAllocate: 1, Network Card 0"}
{"level":"info","ts":"2026-10-05T08:42:59.841Z","caller":"awsutils/awsutils.go:1044","msg":"Trying to allocate 1 IP addresses on new ENI"}
{"level":"debug","ts":"2026-10-05T08:42:59.841Z","caller":"awsutils/awsutils.go:1044","msg":"PD enabled - true"}
{"level":"debug","ts":"2026-10-05T08:43:00.094Z","caller":"awsutils/awsutils.go:1272","msg":"Primary subnet subnet-EXAMPLE4 has no kubernetes.io/role/cni tag, including it for ENI creation (backwards compatibility)"}
{"level":"info","ts":"2026-10-05T08:43:00.095Z","caller":"awsutils/awsutils.go:1044","msg":"Creating ENI with security groups: [sg-EXAMPLE1] in subnet: subnet-EXAMPLE4"}
{"level":"debug","ts":"2026-10-05T08:43:00.320Z","caller":"awsutils/awsutils.go:1449","msg":"checkAPIErrorAndBroadcastEvent resulted in operation error EC2: CreateNetworkInterface, https response error StatusCode: 400, RequestID: 166c57ed-6bb6-4b19-b988-0503f8bb128f, api error InvalidParameterValue: There aren't sufficient free Ipv4 addresses or prefixes"}
{"level":"error","ts":"2026-10-05T08:43:00.320Z","caller":"awsutils/awsutils.go:1285","msg":"Failed to CreateNetworkInterface operation error EC2: CreateNetworkInterface, https response error StatusCode: 400, RequestID: 166c57ed-6bb6-4b19-b988-0503f8bb128f, api error InvalidParameterValue: There aren't sufficient free Ipv4 addresses or prefixes for subnet subnet-EXAMPLE4"}
{"level":"debug","ts":"2026-10-05T08:43:00.320Z","caller":"awsutils/awsutils.go:1272","msg":"Subnet subnet-EXAMPLE3 has no kubernetes.io/role/cni tag, excluding it from ENI creation"}
{"level":"error","ts":"2026-10-05T08:43:00.320Z","caller":"ipamd/ipamd.go:1004","msg":"Failed to increase pool size due to not able to allocate ENI AllocENI: failed to create ENI: failed to create network interface: operation error EC2: CreateNetworkInterface, https response error StatusCode: 400, RequestID: 166c57ed-6bb6-4b19-b988-0503f8bb128f, api error InvalidParameterValue: There aren't sufficient free Ipv4 addresses or prefixes"}
{"level":"warn","ts":"2026-10-05T08:43:00.320Z","caller":"ipamd/ipamd.go:1004","msg":"Failed to allocate 1 IP addresses on an ENI: AllocENI: failed to create ENI: failed to create network interface: operation error EC2: CreateNetworkInterface, https response error StatusCode: 400, RequestID: 166c57ed-6bb6-4b19-b988-0503f8bb128f, api error InvalidParameterValue: There aren't sufficient free Ipv4 addresses or prefixes"}
{"level":"debug","ts":"2026-10-05T08:43:00.320Z","caller":"ipamd/ipamd.go:1082","msg":"containsInsufficientCIDRsOrSubnetIPs encountered AllocENI: failed to create ENI: failed to create network interface: operation error EC2: CreateNetworkInterface, https response error StatusCode: 400, RequestID: 166c57ed-6bb6-4b19-b988-0503f8bb128f, api error InvalidParameterValue: There aren't sufficient free Ipv4 addresses or prefixes"}
{"level":"debug","ts":"2026-10-05T08:43:00.320Z","caller":"ipamd/ipamd.go:1082","msg":"Insufficient IP Addresses due to: InvalidParameterValue\n"}
{"level":"debug","ts":"2026-10-05T08:43:00.320Z","caller":"ipamd/ipamd.go:813","msg":"Error trying to allocate ENI: AllocENI: failed to create ENI: failed to create network interface: operation error EC2: CreateNetworkInterface, https response error StatusCode: 400, RequestID: 166c57ed-6bb6-4b19-b988-0503f8bb128f, api error InvalidParameterValue: There aren't sufficient free Ipv4 addresses or prefixes"}
{"level":"debug","ts":"2026-10-05T08:43:00.320Z","caller":"ipamd/ipamd.go:1548","msg":"ENI eni-EXAMPLE19 cannot be deleted because it is primary"}
{"level":"debug","ts":"2026-10-05T08:43:05.322Z","caller":"ipamd/ipamd.go:809","msg":"IP pool is too low for Network Card 0: available (0) < ENI target (1) * addrsPerENI (16)"}
{"level":"debug","ts":"2026-10-05T08:43:05.322Z","caller":"ipamd/ipamd.go:2689","msg":"Prefix pool stats for network card 0: Total IPs/Prefixes = 0/0, AssignedIPs/CooldownIPs: 0/0, c.maxIPsPerENI = 80"}
{"level":"debug","ts":"2026-10-05T08:43:05.322Z","caller":"ipamd/ipamd.go:795","msg":"IP stats for Network Card 0 - total IPs: 0, assigned IPs: 0, cooldown IPs: 0"}
{"level":"debug","ts":"2026-10-05T08:43:05.322Z","caller":"ipamd/ipamd.go:813","msg":"Starting to increase pool size for network card 0"}
{"level":"debug","ts":"2026-10-05T08:43:05.322Z","caller":"ipamd/ipamd.go:966","msg":"Node found \"ip-10-20-0-28.ec2.internal\" - no of taints - 0"}
{"level":"debug","ts":"2026-10-05T08:43:05.322Z","caller":"ipamd/ipamd.go:2758","msg":"Prefix target is 1, short of 1 prefixes, free 0 prefixes"}
{"level":"debug","ts":"2026-10-05T08:43:05.322Z","caller":"ipamd/ipamd.go:1248","msg":"ToAllocate: 1, Network Card 0"}
{"level":"debug","ts":"2026-10-05T08:43:05.322Z","caller":"ipamd/ipamd.go:1251","msg":"Found ENI eni-EXAMPLE19 that has less than the maximum number of IP/Prefixes addresses allocated: cur=0, max=5"}
{"level":"info","ts":"2026-10-05T08:43:05.322Z","caller":"ipamd/ipamd.go:1255","msg":"Trying to allocate 1 IP addresses on ENI eni-EXAMPLE19"}
{"level":"debug","ts":"2026-10-05T08:43:05.322Z","caller":"ipamd/ipamd.go:1255","msg":"PD enabled - true"}
{"level":"debug","ts":"2026-10-05T08:43:05.744Z","caller":"awsutils/awsutils.go:2174","msg":"checkAPIErrorAndBroadcastEvent resulted in operation error EC2: AssignPrivateIpAddresses, https response error StatusCode: 400, RequestID: d8f3f7c2-c9d1-40df-84fe-a1e70a1be7aa, api error InsufficientCidrBlocks: The specified subnet does not have enough free cidr blocks to satisfy the request."}
{"level":"error","ts":"2026-10-05T08:43:05.744Z","caller":"ipamd/ipamd.go:1255","msg":"Failed to allocate a private IP/Prefix addresses on ENI eni-EXAMPLE19: operation error EC2: AssignPrivateIpAddresses, https response error StatusCode: 400, RequestID: d8f3f7c2-c9d1-40df-84fe-a1e70a1be7aa, api error InsufficientCidrBlocks: The specified subnet does not have enough free cidr blocks to satisfy the request."}
{"level":"debug","ts":"2026-10-05T08:43:05.744Z","caller":"ipamd/ipamd.go:1256","msg":"containsPrivateIPAddressLimitExceededError encountered operation error EC2: AssignPrivateIpAddresses, https response error StatusCode: 400, RequestID: d8f3f7c2-c9d1-40df-84fe-a1e70a1be7aa, api error InsufficientCidrBlocks: The specified subnet does not have enough free cidr blocks to satisfy the request."}
{"level":"warn","ts":"2026-10-05T08:43:05.744Z","caller":"ipamd/ipamd.go:1113","msg":"failed to allocate all available IPv4 Prefixes on ENI eni-EXAMPLE19, err: operation error EC2: AssignPrivateIpAddresses, https response error StatusCode: 400, RequestID: d8f3f7c2-c9d1-40df-84fe-a1e70a1be7aa, api error InsufficientCidrBlocks: The specified subnet does not have enough free cidr blocks to satisfy the request."}
{"level":"info","ts":"2026-10-05T08:43:05.744Z","caller":"ipamd/ipamd.go:1259","msg":"Trying to allocate 1 IP addresses on ENI eni-EXAMPLE19"}
{"level":"debug","ts":"2026-10-05T08:43:05.744Z","caller":"ipamd/ipamd.go:1259","msg":"PD enabled - true"}
{"level":"debug","ts":"2026-10-05T08:43:06.108Z","caller":"awsutils/awsutils.go:2174","msg":"checkAPIErrorAndBroadcastEvent resulted in operation error EC2: AssignPrivateIpAddresses, https response error StatusCode: 400, RequestID: fd8fed59-0e4e-4046-aa20-f9eccb5bc4c3, api error InsufficientCidrBlocks: The specified subnet does not have enough free cidr blocks to satisfy the request."}
{"level":"error","ts":"2026-10-05T08:43:06.108Z","caller":"ipamd/ipamd.go:1259","msg":"Failed to allocate a private IP/Prefix addresses on ENI eni-EXAMPLE19: operation error EC2: AssignPrivateIpAddresses, https response error StatusCode: 400, RequestID: fd8fed59-0e4e-4046-aa20-f9eccb5bc4c3, api error InsufficientCidrBlocks: The specified subnet does not have enough free cidr blocks to satisfy the request."}
{"level":"debug","ts":"2026-10-05T08:43:06.108Z","caller":"ipamd/ipamd.go:1260","msg":"containsPrivateIPAddressLimitExceededError encountered operation error EC2: AssignPrivateIpAddresses, https response error StatusCode: 400, RequestID: fd8fed59-0e4e-4046-aa20-f9eccb5bc4c3, api error InsufficientCidrBlocks: The specified subnet does not have enough free cidr blocks to satisfy the request."}
{"level":"debug","ts":"2026-10-05T08:43:06.108Z","caller":"ipamd/ipamd.go:1262","msg":"containsInsufficientCIDRsOrSubnetIPs encountered operation error EC2: AssignPrivateIpAddresses, https response error StatusCode: 400, RequestID: fd8fed59-0e4e-4046-aa20-f9eccb5bc4c3, api error InsufficientCidrBlocks: The specified subnet does not have enough free cidr blocks to satisfy the request."}
{"level":"debug","ts":"2026-10-05T08:43:06.108Z","caller":"ipamd/ipamd.go:1262","msg":"Insufficient IP Addresses due to: InsufficientCidrBlocks\n"}
{"level":"debug","ts":"2026-10-05T08:43:06.108Z","caller":"ipamd/ipamd.go:1003","msg":"hasRoomForEni: networkCard=0, currentENIs=1, currentUsableENIs=1, maxENI=3, unmanagedENI=0, trunkEni=0, excludedENI=0, hasRoom=true"}
{"level":"debug","ts":"2026-10-05T08:43:06.108Z","caller":"ipamd/ipamd.go:2758","msg":"Prefix target is 1, short of 1 prefixes, free 0 prefixes"}
{"level":"debug","ts":"2026-10-05T08:43:06.108Z","caller":"ipamd/ipamd.go:2595","msg":"ToAllocate: 1, Network Card 0"}
{"level":"info","ts":"2026-10-05T08:43:06.108Z","caller":"awsutils/awsutils.go:1044","msg":"Trying to allocate 1 IP addresses on new ENI"}
{"level":"debug","ts":"2026-10-05T08:43:06.108Z","caller":"awsutils/awsutils.go:1044","msg":"PD enabled - true"}
{"level":"debug","ts":"2026-10-05T08:43:06.347Z","caller":"awsutils/awsutils.go:1272","msg":"Primary subnet subnet-EXAMPLE4 has no kubernetes.io/role/cni tag, including it for ENI creation (backwards compatibility)"}
{"level":"info","ts":"2026-10-05T08:43:06.347Z","caller":"awsutils/awsutils.go:1044","msg":"Creating ENI with security groups: [sg-EXAMPLE1] in subnet: subnet-EXAMPLE4"}
{"level":"debug","ts":"2026-10-05T08:43:06.614Z","caller":"awsutils/awsutils.go:1449","msg":"checkAPIErrorAndBroadcastEvent resulted in operation error EC2: CreateNetworkInterface, https response error StatusCode: 400, RequestID: a44829d1-a0bc-4d71-83b4-1dd334c617ca, api error InvalidParameterValue: There aren't sufficient free Ipv4 addresses or prefixes"}
{"level":"error","ts":"2026-10-05T08:43:06.614Z","caller":"awsutils/awsutils.go:1285","msg":"Failed to CreateNetworkInterface operation error EC2: CreateNetworkInterface, https response error StatusCode: 400, RequestID: a44829d1-a0bc-4d71-83b4-1dd334c617ca, api error InvalidParameterValue: There aren't sufficient free Ipv4 addresses or prefixes for subnet subnet-EXAMPLE4"}
{"level":"debug","ts":"2026-10-05T08:43:06.614Z","caller":"awsutils/awsutils.go:1272","msg":"Subnet subnet-EXAMPLE3 has no kubernetes.io/role/cni tag, excluding it from ENI creation"}
{"level":"error","ts":"2026-10-05T08:43:06.614Z","caller":"ipamd/ipamd.go:1004","msg":"Failed to increase pool size due to not able to allocate ENI AllocENI: failed to create ENI: failed to create network interface: operation error EC2: CreateNetworkInterface, https response error StatusCode: 400, RequestID: a44829d1-a0bc-4d71-83b4-1dd334c617ca, api error InvalidParameterValue: There aren't sufficient free Ipv4 addresses or prefixes"}
{"level":"warn","ts":"2026-10-05T08:43:06.614Z","caller":"ipamd/ipamd.go:1004","msg":"Failed to allocate 1 IP addresses on an ENI: AllocENI: failed to create ENI: failed to create network interface: operation error EC2: CreateNetworkInterface, https response error StatusCode: 400, RequestID: a44829d1-a0bc-4d71-83b4-1dd334c617ca, api error InvalidParameterValue: There aren't sufficient free Ipv4 addresses or prefixes"}
{"level":"debug","ts":"2026-10-05T08:43:06.614Z","caller":"ipamd/ipamd.go:1082","msg":"containsInsufficientCIDRsOrSubnetIPs encountered AllocENI: failed to create ENI: failed to create network interface: operation error EC2: CreateNetworkInterface, https response error StatusCode: 400, RequestID: a44829d1-a0bc-4d71-83b4-1dd334c617ca, api error InvalidParameterValue: There aren't sufficient free Ipv4 addresses or prefixes"}
{"level":"debug","ts":"2026-10-05T08:43:06.614Z","caller":"ipamd/ipamd.go:1082","msg":"Insufficient IP Addresses due to: InvalidParameterValue\n"}
{"level":"debug","ts":"2026-10-05T08:43:06.614Z","caller":"ipamd/ipamd.go:813","msg":"Error trying to allocate ENI: AllocENI: failed to create ENI: failed to create network interface: operation error EC2: CreateNetworkInterface, https response error StatusCode: 400, RequestID: a44829d1-a0bc-4d71-83b4-1dd334c617ca, api error InvalidParameterValue: There aren't sufficient free Ipv4 addresses or prefixes"}
{"level":"debug","ts":"2026-10-05T08:43:06.614Z","caller":"ipamd/ipamd.go:1548","msg":"ENI eni-EXAMPLE19 cannot be deleted because it is primary"}
{"level":"info","ts":"2026-10-05T08:43:08.776Z","caller":"rpc/rpc_grpc.pb.go:117","msg":"Received AddNetwork for NS /var/run/netns/cni-f41d860c-6d7c-2874-baab-3603aa9c9ba6, Sandbox f7405329514c45c1a1b798e7c8f99ec1ad275d7efe70fb3b14814a87832c05dc, ifname eth0"}
{"level":"debug","ts":"2026-10-05T08:43:08.776Z","caller":"rpc/rpc_grpc.pb.go:117","msg":"AddNetworkRequest: K8S_POD_NAME:\"pause-68d5b89fc-88226\"  K8S_POD_NAMESPACE:\"default\"  K8S_POD_INFRA_CONTAINER_ID:\"f7405329514c45c1a1b798e7c8f99ec1ad275d7efe70fb3b14814a87832c05dc\"  ContainerID:\"f7405329514c45c1a1b798e7c8f99ec1ad275d7efe70fb3b14814a87832c05dc\"  IfName:\"eth0\"  NetworkName:\"aws-cni\"  Netns:\"/var/run/netns/cni-f41d860c-6d7c-2874-baab-3603aa9c9ba6\""}
{"level":"info","ts":"2026-10-05T08:43:08.776Z","caller":"rpc/rpc_grpc.pb.go:117","msg":"Required MultiNIC access false, interfaces required 1"}
{"level":"debug","ts":"2026-10-05T08:43:08.776Z","caller":"datastore/data_store.go:713","msg":"AssignPodIPv4Address: IP address pool stats: total 0, assigned 0"}
{"level":"debug","ts":"2026-10-05T08:43:08.776Z","caller":"datastore/data_store.go:713","msg":"AssignPodIPv4Address: ENI eni-EXAMPLE19 does not have available addresses"}
{"level":"error","ts":"2026-10-05T08:43:08.776Z","caller":"datastore/data_store.go:713","msg":"DataStore has no available IP/Prefix addresses"}
{"level":"warn","ts":"2026-10-05T08:43:08.776Z","caller":"rpc/rpc_grpc.pb.go:117","msg":"Failed to assign IPs from network card 0: AssignPodIPAddress: no available IP/Prefix addresses"}
{"level":"error","ts":"2026-10-05T08:43:08.776Z","caller":"rpc/rpc_grpc.pb.go:117","msg":"Returning failure response for AddNetwork: 1 error occurred:\n\t* AssignPodIPAddress: no available IP/Prefix addresses\n\n"}
{"level":"info","ts":"2026-10-05T08:43:08.776Z","caller":"rpc/rpc_grpc.pb.go:117","msg":"Send AddNetworkReply: Success: false IPAddr: [], resp: , err: AssignPodIPAddress: no available IP/Prefix addresses"}
{"level":"info","ts":"2026-10-05T08:43:08.802Z","caller":"rpc/rpc_grpc.pb.go:135","msg":"Received DelNetwork for Sandbox f7405329514c45c1a1b798e7c8f99ec1ad275d7efe70fb3b14814a87832c05dc"}
{"level":"debug","ts":"2026-10-05T08:43:08.802Z","caller":"rpc/rpc_grpc.pb.go:135","msg":"DelNetworkRequest: K8S_POD_NAME:\"pause-68d5b89fc-88226\"  K8S_POD_NAMESPACE:\"default\"  K8S_POD_INFRA_CONTAINER_ID:\"f7405329514c45c1a1b798e7c8f99ec1ad275d7efe70fb3b14814a87832c05dc\"  Reason:\"PodDeleted\"  ContainerID:\"f7405329514c45c1a1b798e7c8f99ec1ad275d7efe70fb3b14814a87832c05dc\"  IfName:\"eth0\"  NetworkName:\"aws-cni\"  K8S_POD_UID:\"e903ba0e-e96e-48c7-90d6-ad1a2a6941a3\""}
{"level":"debug","ts":"2026-10-05T08:43:08.802Z","caller":"ipamd/rpc_handler.go:353","msg":"UnassignPodIPAddress: IP address pool stats: total 0, assigned 0, sandbox aws-cni/f7405329514c45c1a1b798e7c8f99ec1ad275d7efe70fb3b14814a87832c05dc/eth0"}
{"level":"debug","ts":"2026-10-05T08:43:08.802Z","caller":"ipamd/rpc_handler.go:353","msg":"UnassignPodIPAddress: Failed to find IPAM entry under full key, trying CRI-migrated version"}
{"level":"warn","ts":"2026-10-05T08:43:08.802Z","caller":"ipamd/rpc_handler.go:353","msg":"UnassignPodIPAddress: Failed to find sandbox _migrated-from-cri/f7405329514c45c1a1b798e7c8f99ec1ad275d7efe70fb3b14814a87832c05dc/unknown"}
{"level":"info","ts":"2026-10-05T08:43:08.802Z","caller":"rpc/rpc_grpc.pb.go:135","msg":"Send DelNetworkReply: IPAddress: [], err: 1 error occurred:\n\t* datastore: unknown pod\n\n"}
{"level":"debug","ts":"2026-10-05T08:43:11.615Z","caller":"ipamd/ipamd.go:809","msg":"IP pool is too low for Network Card 0: available (0) < ENI target (1) * addrsPerENI (16)"}
{"level":"debug","ts":"2026-10-05T08:43:11.615Z","caller":"ipamd/ipamd.go:2689","msg":"Prefix pool stats for network card 0: Total IPs/Prefixes = 0/0, AssignedIPs/CooldownIPs: 0/0, c.maxIPsPerENI = 80"}
{"level":"debug","ts":"2026-10-05T08:43:11.615Z","caller":"ipamd/ipamd.go:795","msg":"IP stats for Network Card 0 - total IPs: 0, assigned IPs: 0, cooldown IPs: 0"}
{"level":"debug","ts":"2026-10-05T08:43:11.615Z","caller":"ipamd/ipamd.go:813","msg":"Starting to increase pool size for network card 0"}
{"level":"debug","ts":"2026-10-05T08:43:11.615Z","caller":"ipamd/ipamd.go:966","msg":"Node found \"ip-10-20-0-28.ec2.internal\" - no of taints - 0"}
{"level":"debug","ts":"2026-10-05T08:43:11.615Z","caller":"ipamd/ipamd.go:2758","msg":"Prefix target is 1, short of 1 prefixes, free 0 prefixes"}
{"level":"debug","ts":"2026-10-05T08:43:11.615Z","caller":"ipamd/ipamd.go:1248","msg":"ToAllocate: 1, Network Card 0"}
{"level":"debug","ts":"2026-10-05T08:43:11.615Z","caller":"ipamd/ipamd.go:1251","msg":"Found ENI eni-EXAMPLE19 that has less than the maximum number of IP/Prefixes addresses allocated: cur=0, max=5"}
{"level":"info","ts":"2026-10-05T08:43:11.615Z","caller":"ipamd/ipamd.go:1255","msg":"Trying to allocate 1 IP addresses on ENI eni-EXAMPLE19"}
{"level":"debug","ts":"2026-10-05T08:43:11.615Z","caller":"ipamd/ipamd.go:1255","msg":"PD enabled - true"}
{"level":"info","ts":"2026-10-05T08:43:11.775Z","caller":"rpc/rpc_grpc.pb.go:117","msg":"Received AddNetwork for NS /var/run/netns/cni-833b7bb4-40d9-6247-6172-4b49a6590c08, Sandbox 6eed20d3595f1bb12c89a7fab062a7c89784e7062a127892b4d8224e8e9c988c, ifname eth0"}
{"level":"debug","ts":"2026-10-05T08:43:11.775Z","caller":"rpc/rpc_grpc.pb.go:117","msg":"AddNetworkRequest: K8S_POD_NAME:\"pause-68d5b89fc-5gpj2\"  K8S_POD_NAMESPACE:\"default\"  K8S_POD_INFRA_CONTAINER_ID:\"6eed20d3595f1bb12c89a7fab062a7c89784e7062a127892b4d8224e8e9c988c\"  ContainerID:\"6eed20d3595f1bb12c89a7fab062a7c89784e7062a127892b4d8224e8e9c988c\"  IfName:\"eth0\"  NetworkName:\"aws-cni\"  Netns:\"/var/run/netns/cni-833b7bb4-40d9-6247-6172-4b49a6590c08\""}
{"level":"info","ts":"2026-10-05T08:43:11.775Z","caller":"rpc/rpc_grpc.pb.go:117","msg":"Required MultiNIC access false, interfaces required 1"}
{"level":"debug","ts":"2026-10-05T08:43:11.775Z","caller":"datastore/data_store.go:713","msg":"AssignPodIPv4Address: IP address pool stats: total 0, assigned 0"}
{"level":"debug","ts":"2026-10-05T08:43:11.775Z","caller":"datastore/data_store.go:713","msg":"AssignPodIPv4Address: ENI eni-EXAMPLE19 does not have available addresses"}
{"level":"error","ts":"2026-10-05T08:43:11.775Z","caller":"datastore/data_store.go:713","msg":"DataStore has no available IP/Prefix addresses"}
{"level":"warn","ts":"2026-10-05T08:43:11.775Z","caller":"rpc/rpc_grpc.pb.go:117","msg":"Failed to assign IPs from network card 0: AssignPodIPAddress: no available IP/Prefix addresses"}
{"level":"error","ts":"2026-10-05T08:43:11.775Z","caller":"rpc/rpc_grpc.pb.go:117","msg":"Returning failure response for AddNetwork: 1 error occurred:\n\t* AssignPodIPAddress: no available IP/Prefix addresses\n\n"}
{"level":"info","ts":"2026-10-05T08:43:11.775Z","caller":"rpc/rpc_grpc.pb.go:117","msg":"Send AddNetworkReply: Success: false IPAddr: [], resp: , err: AssignPodIPAddress: no available IP/Prefix addresses"}
{"level":"info","ts":"2026-10-05T08:43:11.800Z","caller":"rpc/rpc_grpc.pb.go:135","msg":"Received DelNetwork for Sandbox 6eed20d3595f1bb12c89a7fab062a7c89784e7062a127892b4d8224e8e9c988c"}
{"level":"debug","ts":"2026-10-05T08:43:11.800Z","caller":"rpc/rpc_grpc.pb.go:135","msg":"DelNetworkRequest: K8S_POD_NAME:\"pause-68d5b89fc-5gpj2\"  K8S_POD_NAMESPACE:\"default\"  K8S_POD_INFRA_CONTAINER_ID:\"6eed20d3595f1bb12c89a7fab062a7c89784e7062a127892b4d8224e8e9c988c\"  Reason:\"PodDeleted\"  ContainerID:\"6eed20d3595f1bb12c89a7fab062a7c89784e7062a127892b4d8224e8e9c988c\"  IfName:\"eth0\"  NetworkName:\"aws-cni\"  K8S_POD_UID:\"8da26452-5df7-4b5d-bf8b-b8df9d619b63\""}
{"level":"debug","ts":"2026-10-05T08:43:11.800Z","caller":"ipamd/rpc_handler.go:353","msg":"UnassignPodIPAddress: IP address pool stats: total 0, assigned 0, sandbox aws-cni/6eed20d3595f1bb12c89a7fab062a7c89784e7062a127892b4d8224e8e9c988c/eth0"}
{"level":"debug","ts":"2026-10-05T08:43:11.800Z","caller":"ipamd/rpc_handler.go:353","msg":"UnassignPodIPAddress: Failed to find IPAM entry under full key, trying CRI-migrated version"}
{"level":"warn","ts":"2026-10-05T08:43:11.800Z","caller":"ipamd/rpc_handler.go:353","msg":"UnassignPodIPAddress: Failed to find sandbox _migrated-from-cri/6eed20d3595f1bb12c89a7fab062a7c89784e7062a127892b4d8224e8e9c988c/unknown"}
{"level":"info","ts":"2026-10-05T08:43:11.801Z","caller":"rpc/rpc_grpc.pb.go:135","msg":"Send DelNetworkReply: IPAddress: [], err: 1 error occurred:\n\t* datastore: unknown pod\n\n"}
{"level":"debug","ts":"2026-10-05T08:43:12.049Z","caller":"awsutils/awsutils.go:2174","msg":"checkAPIErrorAndBroadcastEvent resulted in operation error EC2: AssignPrivateIpAddresses, https response error StatusCode: 400, RequestID: e6ee565c-4027-4853-a557-fbd9096c7ffb, api error InsufficientCidrBlocks: The specified subnet does not have enough free cidr blocks to satisfy the request."}
{"level":"error","ts":"2026-10-05T08:43:12.049Z","caller":"ipamd/ipamd.go:1255","msg":"Failed to allocate a private IP/Prefix addresses on ENI eni-EXAMPLE19: operation error EC2: AssignPrivateIpAddresses, https response error StatusCode: 400, RequestID: e6ee565c-4027-4853-a557-fbd9096c7ffb, api error InsufficientCidrBlocks: The specified subnet does not have enough free cidr blocks to satisfy the request."}
{"level":"debug","ts":"2026-10-05T08:43:12.049Z","caller":"ipamd/ipamd.go:1256","msg":"containsPrivateIPAddressLimitExceededError encountered operation error EC2: AssignPrivateIpAddresses, https response error StatusCode: 400, RequestID: e6ee565c-4027-4853-a557-fbd9096c7ffb, api error InsufficientCidrBlocks: The specified subnet does not have enough free cidr blocks to satisfy the request."}
{"level":"warn","ts":"2026-10-05T08:43:12.049Z","caller":"ipamd/ipamd.go:1113","msg":"failed to allocate all available IPv4 Prefixes on ENI eni-EXAMPLE19, err: operation error EC2: AssignPrivateIpAddresses, https response error StatusCode: 400, RequestID: e6ee565c-4027-4853-a557-fbd9096c7ffb, api error InsufficientCidrBlocks: The specified subnet does not have enough free cidr blocks to satisfy the request."}
{"level":"info","ts":"2026-10-05T08:43:12.049Z","caller":"ipamd/ipamd.go:1259","msg":"Trying to allocate 1 IP addresses on ENI eni-EXAMPLE19"}
{"level":"debug","ts":"2026-10-05T08:43:12.049Z","caller":"ipamd/ipamd.go:1259","msg":"PD enabled - true"}
{"level":"debug","ts":"2026-10-05T08:43:12.446Z","caller":"awsutils/awsutils.go:2174","msg":"checkAPIErrorAndBroadcastEvent resulted in operation error EC2: AssignPrivateIpAddresses, https response error StatusCode: 400, RequestID: 51bf4b97-4986-4357-83a5-7e5dcaf464dc, api error InsufficientCidrBlocks: The specified subnet does not have enough free cidr blocks to satisfy the request."}
{"level":"error","ts":"2026-10-05T08:43:12.446Z","caller":"ipamd/ipamd.go:1259","msg":"Failed to allocate a private IP/Prefix addresses on ENI eni-EXAMPLE19: operation error EC2: AssignPrivateIpAddresses, https response error StatusCode: 400, RequestID: 51bf4b97-4986-4357-83a5-7e5dcaf464dc, api error InsufficientCidrBlocks: The specified subnet does not have enough free cidr blocks to satisfy the request."}
{"level":"debug","ts":"2026-10-05T08:43:12.446Z","caller":"ipamd/ipamd.go:1260","msg":"containsPrivateIPAddressLimitExceededError encountered operation error EC2: AssignPrivateIpAddresses, https response error StatusCode: 400, RequestID: 51bf4b97-4986-4357-83a5-7e5dcaf464dc, api error InsufficientCidrBlocks: The specified subnet does not have enough free cidr blocks to satisfy the request."}
{"level":"debug","ts":"2026-10-05T08:43:12.446Z","caller":"ipamd/ipamd.go:1262","msg":"containsInsufficientCIDRsOrSubnetIPs encountered operation error EC2: AssignPrivateIpAddresses, https response error StatusCode: 400, RequestID: 51bf4b97-4986-4357-83a5-7e5dcaf464dc, api error InsufficientCidrBlocks: The specified subnet does not have enough free cidr blocks to satisfy the request."}
{"level":"debug","ts":"2026-10-05T08:43:12.446Z","caller":"ipamd/ipamd.go:1262","msg":"Insufficient IP Addresses due to: InsufficientCidrBlocks\n"}
{"level":"debug","ts":"2026-10-05T08:43:12.446Z","caller":"ipamd/ipamd.go:1003","msg":"hasRoomForEni: networkCard=0, currentENIs=1, currentUsableENIs=1, maxENI=3, unmanagedENI=0, trunkEni=0, excludedENI=0, hasRoom=true"}
{"level":"debug","ts":"2026-10-05T08:43:12.446Z","caller":"ipamd/ipamd.go:2758","msg":"Prefix target is 1, short of 1 prefixes, free 0 prefixes"}
{"level":"debug","ts":"2026-10-05T08:43:12.446Z","caller":"ipamd/ipamd.go:2595","msg":"ToAllocate: 1, Network Card 0"}
{"level":"info","ts":"2026-10-05T08:43:12.446Z","caller":"awsutils/awsutils.go:1044","msg":"Trying to allocate 1 IP addresses on new ENI"}
{"level":"debug","ts":"2026-10-05T08:43:12.446Z","caller":"awsutils/awsutils.go:1044","msg":"PD enabled - true"}
{"level":"debug","ts":"2026-10-05T08:43:12.623Z","caller":"awsutils/awsutils.go:1272","msg":"Primary subnet subnet-EXAMPLE4 has no kubernetes.io/role/cni tag, including it for ENI creation (backwards compatibility)"}
{"level":"info","ts":"2026-10-05T08:43:12.623Z","caller":"awsutils/awsutils.go:1044","msg":"Creating ENI with security groups: [sg-EXAMPLE1] in subnet: subnet-EXAMPLE4"}
{"level":"debug","ts":"2026-10-05T08:43:12.859Z","caller":"awsutils/awsutils.go:1449","msg":"checkAPIErrorAndBroadcastEvent resulted in operation error EC2: CreateNetworkInterface, https response error StatusCode: 400, RequestID: ce52b6d5-602a-4fcd-a05c-dc90a28a8bfa, api error InvalidParameterValue: There aren't sufficient free Ipv4 addresses or prefixes"}
{"level":"error","ts":"2026-10-05T08:43:12.859Z","caller":"awsutils/awsutils.go:1285","msg":"Failed to CreateNetworkInterface operation error EC2: CreateNetworkInterface, https response error StatusCode: 400, RequestID: ce52b6d5-602a-4fcd-a05c-dc90a28a8bfa, api error InvalidParameterValue: There aren't sufficient free Ipv4 addresses or prefixes for subnet subnet-EXAMPLE4"}
{"level":"debug","ts":"2026-10-05T08:43:12.859Z","caller":"awsutils/awsutils.go:1272","msg":"Subnet subnet-EXAMPLE3 has no kubernetes.io/role/cni tag, excluding it from ENI creation"}
{"level":"error","ts":"2026-10-05T08:43:12.859Z","caller":"ipamd/ipamd.go:1004","msg":"Failed to increase pool size due to not able to allocate ENI AllocENI: failed to create ENI: failed to create network interface: operation error EC2: CreateNetworkInterface, https response error StatusCode: 400, RequestID: ce52b6d5-602a-4fcd-a05c-dc90a28a8bfa, api error InvalidParameterValue: There aren't sufficient free Ipv4 addresses or prefixes"}
{"level":"warn","ts":"2026-10-05T08:43:12.859Z","caller":"ipamd/ipamd.go:1004","msg":"Failed to allocate 1 IP addresses on an ENI: AllocENI: failed to create ENI: failed to create network interface: operation error EC2: CreateNetworkInterface, https response error StatusCode: 400, RequestID: ce52b6d5-602a-4fcd-a05c-dc90a28a8bfa, api error InvalidParameterValue: There aren't sufficient free Ipv4 addresses or prefixes"}
{"level":"debug","ts":"2026-10-05T08:43:12.859Z","caller":"ipamd/ipamd.go:1082","msg":"containsInsufficientCIDRsOrSubnetIPs encountered AllocENI: failed to create ENI: failed to create network interface: operation error EC2: CreateNetworkInterface, https response error StatusCode: 400, RequestID: ce52b6d5-602a-4fcd-a05c-dc90a28a8bfa, api error InvalidParameterValue: There aren't sufficient free Ipv4 addresses or prefixes"}
{"level":"debug","ts":"2026-10-05T08:43:12.860Z","caller":"ipamd/ipamd.go:1082","msg":"Insufficient IP Addresses due to: InvalidParameterValue\n"}
{"level":"debug","ts":"2026-10-05T08:43:12.860Z","caller":"ipamd/ipamd.go:813","msg":"Error trying to allocate ENI: AllocENI: failed to create ENI: failed to create network interface: operation error EC2: CreateNetworkInterface, https response error StatusCode: 400, RequestID: ce52b6d5-602a-4fcd-a05c-dc90a28a8bfa, api error InvalidParameterValue: There aren't sufficient free Ipv4 addresses or prefixes"}
{"level":"debug","ts":"2026-10-05T08:43:12.860Z","caller":"ipamd/ipamd.go:1548","msg":"ENI eni-EXAMPLE19 cannot be deleted because it is primary"}
{"level":"info","ts":"2026-10-05T08:43:13.778Z","caller":"rpc/rpc_grpc.pb.go:117","msg":"Received AddNetwork for NS /var/run/netns/cni-1a0bf5a0-ad23-6208-6fe3-19e49f62f924, Sandbox cd905d0c0bd3f5430621816971f192ab2c104a0938f8564fa3b8356ecc4b097b, ifname eth0"}
{"level":"debug","ts":"2026-10-05T08:43:13.778Z","caller":"rpc/rpc_grpc.pb.go:117","msg":"AddNetworkRequest: K8S_POD_NAME:\"pause-68d5b89fc-n9q4v\"  K8S_POD_NAMESPACE:\"default\"  K8S_POD_INFRA_CONTAINER_ID:\"cd905d0c0bd3f5430621816971f192ab2c104a0938f8564fa3b8356ecc4b097b\"  ContainerID:\"cd905d0c0bd3f5430621816971f192ab2c104a0938f8564fa3b8356ecc4b097b\"  IfName:\"eth0\"  NetworkName:\"aws-cni\"  Netns:\"/var/run/netns/cni-1a0bf5a0-ad23-6208-6fe3-19e49f62f924\""}
{"level":"info","ts":"2026-10-05T08:43:13.778Z","caller":"rpc/rpc_grpc.pb.go:117","msg":"Required MultiNIC access false, interfaces required 1"}
{"level":"debug","ts":"2026-10-05T08:43:13.778Z","caller":"datastore/data_store.go:713","msg":"AssignPodIPv4Address: IP address pool stats: total 0, assigned 0"}
{"level":"debug","ts":"2026-10-05T08:43:13.778Z","caller":"datastore/data_store.go:713","msg":"AssignPodIPv4Address: ENI eni-EXAMPLE19 does not have available addresses"}
{"level":"error","ts":"2026-10-05T08:43:13.778Z","caller":"datastore/data_store.go:713","msg":"DataStore has no available IP/Prefix addresses"}
{"level":"warn","ts":"2026-10-05T08:43:13.778Z","caller":"rpc/rpc_grpc.pb.go:117","msg":"Failed to assign IPs from network card 0: AssignPodIPAddress: no available IP/Prefix addresses"}
{"level":"error","ts":"2026-10-05T08:43:13.778Z","caller":"rpc/rpc_grpc.pb.go:117","msg":"Returning failure response for AddNetwork: 1 error occurred:\n\t* AssignPodIPAddress: no available IP/Prefix addresses\n\n"}
{"level":"info","ts":"2026-10-05T08:43:13.778Z","caller":"rpc/rpc_grpc.pb.go:117","msg":"Send AddNetworkReply: Success: false IPAddr: [], resp: , err: AssignPodIPAddress: no available IP/Prefix addresses"}
{"level":"info","ts":"2026-10-05T08:43:13.804Z","caller":"rpc/rpc_grpc.pb.go:135","msg":"Received DelNetwork for Sandbox cd905d0c0bd3f5430621816971f192ab2c104a0938f8564fa3b8356ecc4b097b"}
{"level":"debug","ts":"2026-10-05T08:43:13.804Z","caller":"rpc/rpc_grpc.pb.go:135","msg":"DelNetworkRequest: K8S_POD_NAME:\"pause-68d5b89fc-n9q4v\"  K8S_POD_NAMESPACE:\"default\"  K8S_POD_INFRA_CONTAINER_ID:\"cd905d0c0bd3f5430621816971f192ab2c104a0938f8564fa3b8356ecc4b097b\"  Reason:\"PodDeleted\"  ContainerID:\"cd905d0c0bd3f5430621816971f192ab2c104a0938f8564fa3b8356ecc4b097b\"  IfName:\"eth0\"  NetworkName:\"aws-cni\"  K8S_POD_UID:\"f68fbeb2-acd7-443d-aaf4-9fe8443ea42e\""}
{"level":"debug","ts":"2026-10-05T08:43:13.804Z","caller":"ipamd/rpc_handler.go:353","msg":"UnassignPodIPAddress: IP address pool stats: total 0, assigned 0, sandbox aws-cni/cd905d0c0bd3f5430621816971f192ab2c104a0938f8564fa3b8356ecc4b097b/eth0"}
{"level":"debug","ts":"2026-10-05T08:43:13.804Z","caller":"ipamd/rpc_handler.go:353","msg":"UnassignPodIPAddress: Failed to find IPAM entry under full key, trying CRI-migrated version"}
{"level":"warn","ts":"2026-10-05T08:43:13.804Z","caller":"ipamd/rpc_handler.go:353","msg":"UnassignPodIPAddress: Failed to find sandbox _migrated-from-cri/cd905d0c0bd3f5430621816971f192ab2c104a0938f8564fa3b8356ecc4b097b/unknown"}
{"level":"info","ts":"2026-10-05T08:43:13.804Z","caller":"rpc/rpc_grpc.pb.go:135","msg":"Send DelNetworkReply: IPAddress: [], err: 1 error occurred:\n\t* datastore: unknown pod\n\n"}
{"level":"debug","ts":"2026-10-05T08:43:17.861Z","caller":"ipamd/ipamd.go:809","msg":"IP pool is too low for Network Card 0: available (0) < ENI target (1) * addrsPerENI (16)"}
{"level":"debug","ts":"2026-10-05T08:43:17.861Z","caller":"ipamd/ipamd.go:2689","msg":"Prefix pool stats for network card 0: Total IPs/Prefixes = 0/0, AssignedIPs/CooldownIPs: 0/0, c.maxIPsPerENI = 80"}
{"level":"debug","ts":"2026-10-05T08:43:17.861Z","caller":"ipamd/ipamd.go:795","msg":"IP stats for Network Card 0 - total IPs: 0, assigned IPs: 0, cooldown IPs: 0"}
{"level":"debug","ts":"2026-10-05T08:43:17.861Z","caller":"ipamd/ipamd.go:813","msg":"Starting to increase pool size for network card 0"}
{"level":"debug","ts":"2026-10-05T08:43:17.861Z","caller":"ipamd/ipamd.go:966","msg":"Node found \"ip-10-20-0-28.ec2.internal\" - no of taints - 0"}
{"level":"debug","ts":"2026-10-05T08:43:17.861Z","caller":"ipamd/ipamd.go:2758","msg":"Prefix target is 1, short of 1 prefixes, free 0 prefixes"}
{"level":"debug","ts":"2026-10-05T08:43:17.861Z","caller":"ipamd/ipamd.go:1248","msg":"ToAllocate: 1, Network Card 0"}
{"level":"debug","ts":"2026-10-05T08:43:17.862Z","caller":"ipamd/ipamd.go:1251","msg":"Found ENI eni-EXAMPLE19 that has less than the maximum number of IP/Prefixes addresses allocated: cur=0, max=5"}
{"level":"info","ts":"2026-10-05T08:43:17.862Z","caller":"ipamd/ipamd.go:1255","msg":"Trying to allocate 1 IP addresses on ENI eni-EXAMPLE19"}
{"level":"debug","ts":"2026-10-05T08:43:17.862Z","caller":"ipamd/ipamd.go:1255","msg":"PD enabled - true"}
{"level":"debug","ts":"2026-10-05T08:43:18.286Z","caller":"awsutils/awsutils.go:2174","msg":"checkAPIErrorAndBroadcastEvent resulted in operation error EC2: AssignPrivateIpAddresses, https response error StatusCode: 400, RequestID: 681dec3a-2c8c-4a7c-aebf-4785157d50f3, api error InsufficientCidrBlocks: The specified subnet does not have enough free cidr blocks to satisfy the request."}
{"level":"error","ts":"2026-10-05T08:43:18.286Z","caller":"ipamd/ipamd.go:1255","msg":"Failed to allocate a private IP/Prefix addresses on ENI eni-EXAMPLE19: operation error EC2: AssignPrivateIpAddresses, https response error StatusCode: 400, RequestID: 681dec3a-2c8c-4a7c-aebf-4785157d50f3, api error InsufficientCidrBlocks: The specified subnet does not have enough free cidr blocks to satisfy the request."}
{"level":"debug","ts":"2026-10-05T08:43:18.286Z","caller":"ipamd/ipamd.go:1256","msg":"containsPrivateIPAddressLimitExceededError encountered operation error EC2: AssignPrivateIpAddresses, https response error StatusCode: 400, RequestID: 681dec3a-2c8c-4a7c-aebf-4785157d50f3, api error InsufficientCidrBlocks: The specified subnet does not have enough free cidr blocks to satisfy the request."}
{"level":"warn","ts":"2026-10-05T08:43:18.286Z","caller":"ipamd/ipamd.go:1113","msg":"failed to allocate all available IPv4 Prefixes on ENI eni-EXAMPLE19, err: operation error EC2: AssignPrivateIpAddresses, https response error StatusCode: 400, RequestID: 681dec3a-2c8c-4a7c-aebf-4785157d50f3, api error InsufficientCidrBlocks: The specified subnet does not have enough free cidr blocks to satisfy the request."}
{"level":"info","ts":"2026-10-05T08:43:18.286Z","caller":"ipamd/ipamd.go:1259","msg":"Trying to allocate 1 IP addresses on ENI eni-EXAMPLE19"}
{"level":"debug","ts":"2026-10-05T08:43:18.286Z","caller":"ipamd/ipamd.go:1259","msg":"PD enabled - true"}
{"level":"debug","ts":"2026-10-05T08:43:18.717Z","caller":"awsutils/awsutils.go:2174","msg":"checkAPIErrorAndBroadcastEvent resulted in operation error EC2: AssignPrivateIpAddresses, https response error StatusCode: 400, RequestID: 1face477-6d77-401d-8dce-111122223333, api error InsufficientCidrBlocks: The specified subnet does not have enough free cidr blocks to satisfy the request."}
{"level":"error","ts":"2026-10-05T08:43:18.717Z","caller":"ipamd/ipamd.go:1259","msg":"Failed to allocate a private IP/Prefix addresses on ENI eni-EXAMPLE19: operation error EC2: AssignPrivateIpAddresses, https response error StatusCode: 400, RequestID: 1face477-6d77-401d-8dce-111122223333, api error InsufficientCidrBlocks: The specified subnet does not have enough free cidr blocks to satisfy the request."}
{"level":"debug","ts":"2026-10-05T08:43:18.717Z","caller":"ipamd/ipamd.go:1260","msg":"containsPrivateIPAddressLimitExceededError encountered operation error EC2: AssignPrivateIpAddresses, https response error StatusCode: 400, RequestID: 1face477-6d77-401d-8dce-111122223333, api error InsufficientCidrBlocks: The specified subnet does not have enough free cidr blocks to satisfy the request."}
{"level":"debug","ts":"2026-10-05T08:43:18.717Z","caller":"ipamd/ipamd.go:1262","msg":"containsInsufficientCIDRsOrSubnetIPs encountered operation error EC2: AssignPrivateIpAddresses, https response error StatusCode: 400, RequestID: 1face477-6d77-401d-8dce-111122223333, api error InsufficientCidrBlocks: The specified subnet does not have enough free cidr blocks to satisfy the request."}
{"level":"debug","ts":"2026-10-05T08:43:18.717Z","caller":"ipamd/ipamd.go:1262","msg":"Insufficient IP Addresses due to: InsufficientCidrBlocks\n"}
{"level":"debug","ts":"2026-10-05T08:43:18.717Z","caller":"ipamd/ipamd.go:1003","msg":"hasRoomForEni: networkCard=0, currentENIs=1, currentUsableENIs=1, maxENI=3, unmanagedENI=0, trunkEni=0, excludedENI=0, hasRoom=true"}
{"level":"debug","ts":"2026-10-05T08:43:18.717Z","caller":"ipamd/ipamd.go:2758","msg":"Prefix target is 1, short of 1 prefixes, free 0 prefixes"}
{"level":"debug","ts":"2026-10-05T08:43:18.717Z","caller":"ipamd/ipamd.go:2595","msg":"ToAllocate: 1, Network Card 0"}
{"level":"info","ts":"2026-10-05T08:43:18.717Z","caller":"awsutils/awsutils.go:1044","msg":"Trying to allocate 1 IP addresses on new ENI"}
{"level":"debug","ts":"2026-10-05T08:43:18.717Z","caller":"awsutils/awsutils.go:1044","msg":"PD enabled - true"}
{"level":"debug","ts":"2026-10-05T08:43:18.947Z","caller":"awsutils/awsutils.go:1272","msg":"Primary subnet subnet-EXAMPLE4 has no kubernetes.io/role/cni tag, including it for ENI creation (backwards compatibility)"}
{"level":"info","ts":"2026-10-05T08:43:18.947Z","caller":"awsutils/awsutils.go:1044","msg":"Creating ENI with security groups: [sg-EXAMPLE1] in subnet: subnet-EXAMPLE4"}
{"level":"debug","ts":"2026-10-05T08:43:19.219Z","caller":"awsutils/awsutils.go:1449","msg":"checkAPIErrorAndBroadcastEvent resulted in operation error EC2: CreateNetworkInterface, https response error StatusCode: 400, RequestID: 2c8024ac-8f5c-4add-818e-eb7abf6e81e2, api error InvalidParameterValue: There aren't sufficient free Ipv4 addresses or prefixes"}
{"level":"error","ts":"2026-10-05T08:43:19.219Z","caller":"awsutils/awsutils.go:1285","msg":"Failed to CreateNetworkInterface operation error EC2: CreateNetworkInterface, https response error StatusCode: 400, RequestID: 2c8024ac-8f5c-4add-818e-eb7abf6e81e2, api error InvalidParameterValue: There aren't sufficient free Ipv4 addresses or prefixes for subnet subnet-EXAMPLE4"}
{"level":"debug","ts":"2026-10-05T08:43:19.219Z","caller":"awsutils/awsutils.go:1272","msg":"Subnet subnet-EXAMPLE3 has no kubernetes.io/role/cni tag, excluding it from ENI creation"}
{"level":"error","ts":"2026-10-05T08:43:19.219Z","caller":"ipamd/ipamd.go:1004","msg":"Failed to increase pool size due to not able to allocate ENI AllocENI: failed to create ENI: failed to create network interface: operation error EC2: CreateNetworkInterface, https response error StatusCode: 400, RequestID: 2c8024ac-8f5c-4add-818e-eb7abf6e81e2, api error InvalidParameterValue: There aren't sufficient free Ipv4 addresses or prefixes"}
{"level":"warn","ts":"2026-10-05T08:43:19.220Z","caller":"ipamd/ipamd.go:1004","msg":"Failed to allocate 1 IP addresses on an ENI: AllocENI: failed to create ENI: failed to create network interface: operation error EC2: CreateNetworkInterface, https response error StatusCode: 400, RequestID: 2c8024ac-8f5c-4add-818e-eb7abf6e81e2, api error InvalidParameterValue: There aren't sufficient free Ipv4 addresses or prefixes"}
{"level":"debug","ts":"2026-10-05T08:43:19.220Z","caller":"ipamd/ipamd.go:1082","msg":"containsInsufficientCIDRsOrSubnetIPs encountered AllocENI: failed to create ENI: failed to create network interface: operation error EC2: CreateNetworkInterface, https response error StatusCode: 400, RequestID: 2c8024ac-8f5c-4add-818e-eb7abf6e81e2, api error InvalidParameterValue: There aren't sufficient free Ipv4 addresses or prefixes"}
{"level":"debug","ts":"2026-10-05T08:43:19.220Z","caller":"ipamd/ipamd.go:1082","msg":"Insufficient IP Addresses due to: InvalidParameterValue\n"}
{"level":"debug","ts":"2026-10-05T08:43:19.220Z","caller":"ipamd/ipamd.go:813","msg":"Error trying to allocate ENI: AllocENI: failed to create ENI: failed to create network interface: operation error EC2: CreateNetworkInterface, https response error StatusCode: 400, RequestID: 2c8024ac-8f5c-4add-818e-eb7abf6e81e2, api error InvalidParameterValue: There aren't sufficient free Ipv4 addresses or prefixes"}
{"level":"debug","ts":"2026-10-05T08:43:19.220Z","caller":"ipamd/ipamd.go:1548","msg":"ENI eni-EXAMPLE19 cannot be deleted because it is primary"}
{"level":"info","ts":"2026-10-05T08:43:20.775Z","caller":"rpc/rpc_grpc.pb.go:117","msg":"Received AddNetwork for NS /var/run/netns/cni-d47f3e59-ad08-1050-cc57-853ce5b1fa57, Sandbox fc33b3f137681ae6d15d333c77ee1602f0251c91a59509dd48469653aa9024fb, ifname eth0"}
{"level":"debug","ts":"2026-10-05T08:43:20.775Z","caller":"rpc/rpc_grpc.pb.go:117","msg":"AddNetworkRequest: K8S_POD_NAME:\"pause-68d5b89fc-88226\"  K8S_POD_NAMESPACE:\"default\"  K8S_POD_INFRA_CONTAINER_ID:\"fc33b3f137681ae6d15d333c77ee1602f0251c91a59509dd48469653aa9024fb\"  ContainerID:\"fc33b3f137681ae6d15d333c77ee1602f0251c91a59509dd48469653aa9024fb\"  IfName:\"eth0\"  NetworkName:\"aws-cni\"  Netns:\"/var/run/netns/cni-d47f3e59-ad08-1050-cc57-853ce5b1fa57\""}
{"level":"info","ts":"2026-10-05T08:43:20.775Z","caller":"rpc/rpc_grpc.pb.go:117","msg":"Required MultiNIC access false, interfaces required 1"}
{"level":"debug","ts":"2026-10-05T08:43:20.775Z","caller":"datastore/data_store.go:713","msg":"AssignPodIPv4Address: IP address pool stats: total 0, assigned 0"}
{"level":"debug","ts":"2026-10-05T08:43:20.775Z","caller":"datastore/data_store.go:713","msg":"AssignPodIPv4Address: ENI eni-EXAMPLE19 does not have available addresses"}
{"level":"error","ts":"2026-10-05T08:43:20.775Z","caller":"datastore/data_store.go:713","msg":"DataStore has no available IP/Prefix addresses"}
{"level":"warn","ts":"2026-10-05T08:43:20.775Z","caller":"rpc/rpc_grpc.pb.go:117","msg":"Failed to assign IPs from network card 0: AssignPodIPAddress: no available IP/Prefix addresses"}
{"level":"error","ts":"2026-10-05T08:43:20.775Z","caller":"rpc/rpc_grpc.pb.go:117","msg":"Returning failure response for AddNetwork: 1 error occurred:\n\t* AssignPodIPAddress: no available IP/Prefix addresses\n\n"}
{"level":"info","ts":"2026-10-05T08:43:20.775Z","caller":"rpc/rpc_grpc.pb.go:117","msg":"Send AddNetworkReply: Success: false IPAddr: [], resp: , err: AssignPodIPAddress: no available IP/Prefix addresses"}
{"level":"info","ts":"2026-10-05T08:43:20.800Z","caller":"rpc/rpc_grpc.pb.go:135","msg":"Received DelNetwork for Sandbox fc33b3f137681ae6d15d333c77ee1602f0251c91a59509dd48469653aa9024fb"}
{"level":"debug","ts":"2026-10-05T08:43:20.800Z","caller":"rpc/rpc_grpc.pb.go:135","msg":"DelNetworkRequest: K8S_POD_NAME:\"pause-68d5b89fc-88226\"  K8S_POD_NAMESPACE:\"default\"  K8S_POD_INFRA_CONTAINER_ID:\"fc33b3f137681ae6d15d333c77ee1602f0251c91a59509dd48469653aa9024fb\"  Reason:\"PodDeleted\"  ContainerID:\"fc33b3f137681ae6d15d333c77ee1602f0251c91a59509dd48469653aa9024fb\"  IfName:\"eth0\"  NetworkName:\"aws-cni\"  K8S_POD_UID:\"e903ba0e-e96e-48c7-90d6-ad1a2a6941a3\""}
{"level":"debug","ts":"2026-10-05T08:43:20.800Z","caller":"ipamd/rpc_handler.go:353","msg":"UnassignPodIPAddress: IP address pool stats: total 0, assigned 0, sandbox aws-cni/fc33b3f137681ae6d15d333c77ee1602f0251c91a59509dd48469653aa9024fb/eth0"}
{"level":"debug","ts":"2026-10-05T08:43:20.800Z","caller":"ipamd/rpc_handler.go:353","msg":"UnassignPodIPAddress: Failed to find IPAM entry under full key, trying CRI-migrated version"}
{"level":"warn","ts":"2026-10-05T08:43:20.800Z","caller":"ipamd/rpc_handler.go:353","msg":"UnassignPodIPAddress: Failed to find sandbox _migrated-from-cri/fc33b3f137681ae6d15d333c77ee1602f0251c91a59509dd48469653aa9024fb/unknown"}
{"level":"info","ts":"2026-10-05T08:43:20.800Z","caller":"rpc/rpc_grpc.pb.go:135","msg":"Send DelNetworkReply: IPAddress: [], err: 1 error occurred:\n\t* datastore: unknown pod\n\n"}
{"level":"debug","ts":"2026-10-05T08:43:24.221Z","caller":"ipamd/ipamd.go:809","msg":"IP pool is too low for Network Card 0: available (0) < ENI target (1) * addrsPerENI (16)"}
{"level":"debug","ts":"2026-10-05T08:43:24.221Z","caller":"ipamd/ipamd.go:2689","msg":"Prefix pool stats for network card 0: Total IPs/Prefixes = 0/0, AssignedIPs/CooldownIPs: 0/0, c.maxIPsPerENI = 80"}
{"level":"debug","ts":"2026-10-05T08:43:24.221Z","caller":"ipamd/ipamd.go:795","msg":"IP stats for Network Card 0 - total IPs: 0, assigned IPs: 0, cooldown IPs: 0"}
{"level":"debug","ts":"2026-10-05T08:43:24.221Z","caller":"ipamd/ipamd.go:813","msg":"Starting to increase pool size for network card 0"}
{"level":"debug","ts":"2026-10-05T08:43:24.221Z","caller":"ipamd/ipamd.go:966","msg":"Node found \"ip-10-20-0-28.ec2.internal\" - no of taints - 0"}
{"level":"debug","ts":"2026-10-05T08:43:24.221Z","caller":"ipamd/ipamd.go:2758","msg":"Prefix target is 1, short of 1 prefixes, free 0 prefixes"}
{"level":"debug","ts":"2026-10-05T08:43:24.221Z","caller":"ipamd/ipamd.go:1248","msg":"ToAllocate: 1, Network Card 0"}
{"level":"debug","ts":"2026-10-05T08:43:24.221Z","caller":"ipamd/ipamd.go:1251","msg":"Found ENI eni-EXAMPLE19 that has less than the maximum number of IP/Prefixes addresses allocated: cur=0, max=5"}
{"level":"info","ts":"2026-10-05T08:43:24.221Z","caller":"ipamd/ipamd.go:1255","msg":"Trying to allocate 1 IP addresses on ENI eni-EXAMPLE19"}
{"level":"debug","ts":"2026-10-05T08:43:24.221Z","caller":"ipamd/ipamd.go:1255","msg":"PD enabled - true"}
{"level":"debug","ts":"2026-10-05T08:43:24.660Z","caller":"awsutils/awsutils.go:2174","msg":"checkAPIErrorAndBroadcastEvent resulted in operation error EC2: AssignPrivateIpAddresses, https response error StatusCode: 400, RequestID: 254ccaf7-421f-45bd-915d-c9e4ca9e67c3, api error InsufficientCidrBlocks: The specified subnet does not have enough free cidr blocks to satisfy the request."}
{"level":"error","ts":"2026-10-05T08:43:24.660Z","caller":"ipamd/ipamd.go:1255","msg":"Failed to allocate a private IP/Prefix addresses on ENI eni-EXAMPLE19: operation error EC2: AssignPrivateIpAddresses, https response error StatusCode: 400, RequestID: 254ccaf7-421f-45bd-915d-c9e4ca9e67c3, api error InsufficientCidrBlocks: The specified subnet does not have enough free cidr blocks to satisfy the request."}
{"level":"debug","ts":"2026-10-05T08:43:24.660Z","caller":"ipamd/ipamd.go:1256","msg":"containsPrivateIPAddressLimitExceededError encountered operation error EC2: AssignPrivateIpAddresses, https response error StatusCode: 400, RequestID: 254ccaf7-421f-45bd-915d-c9e4ca9e67c3, api error InsufficientCidrBlocks: The specified subnet does not have enough free cidr blocks to satisfy the request."}
{"level":"warn","ts":"2026-10-05T08:43:24.660Z","caller":"ipamd/ipamd.go:1113","msg":"failed to allocate all available IPv4 Prefixes on ENI eni-EXAMPLE19, err: operation error EC2: AssignPrivateIpAddresses, https response error StatusCode: 400, RequestID: 254ccaf7-421f-45bd-915d-c9e4ca9e67c3, api error InsufficientCidrBlocks: The specified subnet does not have enough free cidr blocks to satisfy the request."}
{"level":"info","ts":"2026-10-05T08:43:24.660Z","caller":"ipamd/ipamd.go:1259","msg":"Trying to allocate 1 IP addresses on ENI eni-EXAMPLE19"}
{"level":"debug","ts":"2026-10-05T08:43:24.660Z","caller":"ipamd/ipamd.go:1259","msg":"PD enabled - true"}
{"level":"debug","ts":"2026-10-05T08:43:25.050Z","caller":"awsutils/awsutils.go:2174","msg":"checkAPIErrorAndBroadcastEvent resulted in operation error EC2: AssignPrivateIpAddresses, https response error StatusCode: 400, RequestID: 96c32fa8-a932-43f9-bb91-a54a02038999, api error InsufficientCidrBlocks: The specified subnet does not have enough free cidr blocks to satisfy the request."}
{"level":"error","ts":"2026-10-05T08:43:25.050Z","caller":"ipamd/ipamd.go:1259","msg":"Failed to allocate a private IP/Prefix addresses on ENI eni-EXAMPLE19: operation error EC2: AssignPrivateIpAddresses, https response error StatusCode: 400, RequestID: 96c32fa8-a932-43f9-bb91-a54a02038999, api error InsufficientCidrBlocks: The specified subnet does not have enough free cidr blocks to satisfy the request."}
{"level":"debug","ts":"2026-10-05T08:43:25.050Z","caller":"ipamd/ipamd.go:1260","msg":"containsPrivateIPAddressLimitExceededError encountered operation error EC2: AssignPrivateIpAddresses, https response error StatusCode: 400, RequestID: 96c32fa8-a932-43f9-bb91-a54a02038999, api error InsufficientCidrBlocks: The specified subnet does not have enough free cidr blocks to satisfy the request."}
{"level":"debug","ts":"2026-10-05T08:43:25.050Z","caller":"ipamd/ipamd.go:1262","msg":"containsInsufficientCIDRsOrSubnetIPs encountered operation error EC2: AssignPrivateIpAddresses, https response error StatusCode: 400, RequestID: 96c32fa8-a932-43f9-bb91-a54a02038999, api error InsufficientCidrBlocks: The specified subnet does not have enough free cidr blocks to satisfy the request."}
{"level":"debug","ts":"2026-10-05T08:43:25.050Z","caller":"ipamd/ipamd.go:1262","msg":"Insufficient IP Addresses due to: InsufficientCidrBlocks\n"}
{"level":"debug","ts":"2026-10-05T08:43:25.050Z","caller":"ipamd/ipamd.go:1003","msg":"hasRoomForEni: networkCard=0, currentENIs=1, currentUsableENIs=1, maxENI=3, unmanagedENI=0, trunkEni=0, excludedENI=0, hasRoom=true"}
{"level":"debug","ts":"2026-10-05T08:43:25.050Z","caller":"ipamd/ipamd.go:2758","msg":"Prefix target is 1, short of 1 prefixes, free 0 prefixes"}
{"level":"debug","ts":"2026-10-05T08:43:25.050Z","caller":"ipamd/ipamd.go:2595","msg":"ToAllocate: 1, Network Card 0"}
{"level":"info","ts":"2026-10-05T08:43:25.050Z","caller":"awsutils/awsutils.go:1044","msg":"Trying to allocate 1 IP addresses on new ENI"}
{"level":"debug","ts":"2026-10-05T08:43:25.050Z","caller":"awsutils/awsutils.go:1044","msg":"PD enabled - true"}
{"level":"debug","ts":"2026-10-05T08:43:25.262Z","caller":"awsutils/awsutils.go:1272","msg":"Primary subnet subnet-EXAMPLE4 has no kubernetes.io/role/cni tag, including it for ENI creation (backwards compatibility)"}
{"level":"info","ts":"2026-10-05T08:43:25.262Z","caller":"awsutils/awsutils.go:1044","msg":"Creating ENI with security groups: [sg-EXAMPLE1] in subnet: subnet-EXAMPLE4"}
{"level":"debug","ts":"2026-10-05T08:43:25.500Z","caller":"awsutils/awsutils.go:1449","msg":"checkAPIErrorAndBroadcastEvent resulted in operation error EC2: CreateNetworkInterface, https response error StatusCode: 400, RequestID: 795b1506-1d52-4a39-ae8c-e064d761b1fe, api error InvalidParameterValue: There aren't sufficient free Ipv4 addresses or prefixes"}
{"level":"error","ts":"2026-10-05T08:43:25.500Z","caller":"awsutils/awsutils.go:1285","msg":"Failed to CreateNetworkInterface operation error EC2: CreateNetworkInterface, https response error StatusCode: 400, RequestID: 795b1506-1d52-4a39-ae8c-e064d761b1fe, api error InvalidParameterValue: There aren't sufficient free Ipv4 addresses or prefixes for subnet subnet-EXAMPLE4"}
{"level":"debug","ts":"2026-10-05T08:43:25.500Z","caller":"awsutils/awsutils.go:1272","msg":"Subnet subnet-EXAMPLE3 has no kubernetes.io/role/cni tag, excluding it from ENI creation"}
{"level":"error","ts":"2026-10-05T08:43:25.501Z","caller":"ipamd/ipamd.go:1004","msg":"Failed to increase pool size due to not able to allocate ENI AllocENI: failed to create ENI: failed to create network interface: operation error EC2: CreateNetworkInterface, https response error StatusCode: 400, RequestID: 795b1506-1d52-4a39-ae8c-e064d761b1fe, api error InvalidParameterValue: There aren't sufficient free Ipv4 addresses or prefixes"}
{"level":"warn","ts":"2026-10-05T08:43:25.501Z","caller":"ipamd/ipamd.go:1004","msg":"Failed to allocate 1 IP addresses on an ENI: AllocENI: failed to create ENI: failed to create network interface: operation error EC2: CreateNetworkInterface, https response error StatusCode: 400, RequestID: 795b1506-1d52-4a39-ae8c-e064d761b1fe, api error InvalidParameterValue: There aren't sufficient free Ipv4 addresses or prefixes"}
{"level":"debug","ts":"2026-10-05T08:43:25.501Z","caller":"ipamd/ipamd.go:1082","msg":"containsInsufficientCIDRsOrSubnetIPs encountered AllocENI: failed to create ENI: failed to create network interface: operation error EC2: CreateNetworkInterface, https response error StatusCode: 400, RequestID: 795b1506-1d52-4a39-ae8c-e064d761b1fe, api error InvalidParameterValue: There aren't sufficient free Ipv4 addresses or prefixes"}
{"level":"debug","ts":"2026-10-05T08:43:25.501Z","caller":"ipamd/ipamd.go:1082","msg":"Insufficient IP Addresses due to: InvalidParameterValue\n"}
{"level":"debug","ts":"2026-10-05T08:43:25.501Z","caller":"ipamd/ipamd.go:813","msg":"Error trying to allocate ENI: AllocENI: failed to create ENI: failed to create network interface: operation error EC2: CreateNetworkInterface, https response error StatusCode: 400, RequestID: 795b1506-1d52-4a39-ae8c-e064d761b1fe, api error InvalidParameterValue: There aren't sufficient free Ipv4 addresses or prefixes"}
{"level":"debug","ts":"2026-10-05T08:43:25.501Z","caller":"ipamd/ipamd.go:1548","msg":"ENI eni-EXAMPLE19 cannot be deleted because it is primary"}
{"level":"info","ts":"2026-10-05T08:43:25.776Z","caller":"rpc/rpc_grpc.pb.go:117","msg":"Received AddNetwork for NS /var/run/netns/cni-01feb5a3-5f56-8ac8-2170-f8066de5d6b0, Sandbox 0bb7d9b14c2ba7d1383ff84e23b6f46ca33b71b63729c1597d26f8ea56617c6a, ifname eth0"}
{"level":"debug","ts":"2026-10-05T08:43:25.776Z","caller":"rpc/rpc_grpc.pb.go:117","msg":"AddNetworkRequest: K8S_POD_NAME:\"pause-68d5b89fc-5gpj2\"  K8S_POD_NAMESPACE:\"default\"  K8S_POD_INFRA_CONTAINER_ID:\"0bb7d9b14c2ba7d1383ff84e23b6f46ca33b71b63729c1597d26f8ea56617c6a\"  ContainerID:\"0bb7d9b14c2ba7d1383ff84e23b6f46ca33b71b63729c1597d26f8ea56617c6a\"  IfName:\"eth0\"  NetworkName:\"aws-cni\"  Netns:\"/var/run/netns/cni-01feb5a3-5f56-8ac8-2170-f8066de5d6b0\""}
{"level":"info","ts":"2026-10-05T08:43:25.776Z","caller":"rpc/rpc_grpc.pb.go:117","msg":"Required MultiNIC access false, interfaces required 1"}
{"level":"debug","ts":"2026-10-05T08:43:25.776Z","caller":"datastore/data_store.go:713","msg":"AssignPodIPv4Address: IP address pool stats: total 0, assigned 0"}
{"level":"debug","ts":"2026-10-05T08:43:25.776Z","caller":"datastore/data_store.go:713","msg":"AssignPodIPv4Address: ENI eni-EXAMPLE19 does not have available addresses"}
{"level":"error","ts":"2026-10-05T08:43:25.776Z","caller":"datastore/data_store.go:713","msg":"DataStore has no available IP/Prefix addresses"}
{"level":"warn","ts":"2026-10-05T08:43:25.776Z","caller":"rpc/rpc_grpc.pb.go:117","msg":"Failed to assign IPs from network card 0: AssignPodIPAddress: no available IP/Prefix addresses"}
{"level":"error","ts":"2026-10-05T08:43:25.776Z","caller":"rpc/rpc_grpc.pb.go:117","msg":"Returning failure response for AddNetwork: 1 error occurred:\n\t* AssignPodIPAddress: no available IP/Prefix addresses\n\n"}
{"level":"info","ts":"2026-10-05T08:43:25.776Z","caller":"rpc/rpc_grpc.pb.go:117","msg":"Send AddNetworkReply: Success: false IPAddr: [], resp: , err: AssignPodIPAddress: no available IP/Prefix addresses"}
{"level":"info","ts":"2026-10-05T08:43:25.800Z","caller":"rpc/rpc_grpc.pb.go:135","msg":"Received DelNetwork for Sandbox 0bb7d9b14c2ba7d1383ff84e23b6f46ca33b71b63729c1597d26f8ea56617c6a"}
{"level":"debug","ts":"2026-10-05T08:43:25.800Z","caller":"rpc/rpc_grpc.pb.go:135","msg":"DelNetworkRequest: K8S_POD_NAME:\"pause-68d5b89fc-5gpj2\"  K8S_POD_NAMESPACE:\"default\"  K8S_POD_INFRA_CONTAINER_ID:\"0bb7d9b14c2ba7d1383ff84e23b6f46ca33b71b63729c1597d26f8ea56617c6a\"  Reason:\"PodDeleted\"  ContainerID:\"0bb7d9b14c2ba7d1383ff84e23b6f46ca33b71b63729c1597d26f8ea56617c6a\"  IfName:\"eth0\"  NetworkName:\"aws-cni\"  K8S_POD_UID:\"8da26452-5df7-4b5d-bf8b-b8df9d619b63\""}
{"level":"debug","ts":"2026-10-05T08:43:25.801Z","caller":"ipamd/rpc_handler.go:353","msg":"UnassignPodIPAddress: IP address pool stats: total 0, assigned 0, sandbox aws-cni/0bb7d9b14c2ba7d1383ff84e23b6f46ca33b71b63729c1597d26f8ea56617c6a/eth0"}
{"level":"debug","ts":"2026-10-05T08:43:25.801Z","caller":"ipamd/rpc_handler.go:353","msg":"UnassignPodIPAddress: Failed to find IPAM entry under full key, trying CRI-migrated version"}
{"level":"warn","ts":"2026-10-05T08:43:25.801Z","caller":"ipamd/rpc_handler.go:353","msg":"UnassignPodIPAddress: Failed to find sandbox _migrated-from-cri/0bb7d9b14c2ba7d1383ff84e23b6f46ca33b71b63729c1597d26f8ea56617c6a/unknown"}
{"level":"info","ts":"2026-10-05T08:43:25.801Z","caller":"rpc/rpc_grpc.pb.go:135","msg":"Send DelNetworkReply: IPAddress: [], err: 1 error occurred:\n\t* datastore: unknown pod\n\n"}
{"level":"info","ts":"2026-10-05T08:43:28.775Z","caller":"rpc/rpc_grpc.pb.go:117","msg":"Received AddNetwork for NS /var/run/netns/cni-24f3d028-bd54-b226-92a4-b12260c3e207, Sandbox 7a453f30b81015927ea56634a88212e7406267f90a4741b7a7b52ea404cfba5d, ifname eth0"}
{"level":"debug","ts":"2026-10-05T08:43:28.775Z","caller":"rpc/rpc_grpc.pb.go:117","msg":"AddNetworkRequest: K8S_POD_NAME:\"pause-68d5b89fc-n9q4v\"  K8S_POD_NAMESPACE:\"default\"  K8S_POD_INFRA_CONTAINER_ID:\"7a453f30b81015927ea56634a88212e7406267f90a4741b7a7b52ea404cfba5d\"  ContainerID:\"7a453f30b81015927ea56634a88212e7406267f90a4741b7a7b52ea404cfba5d\"  IfName:\"eth0\"  NetworkName:\"aws-cni\"  Netns:\"/var/run/netns/cni-24f3d028-bd54-b226-92a4-b12260c3e207\""}
{"level":"info","ts":"2026-10-05T08:43:28.775Z","caller":"rpc/rpc_grpc.pb.go:117","msg":"Required MultiNIC access false, interfaces required 1"}
{"level":"debug","ts":"2026-10-05T08:43:28.775Z","caller":"datastore/data_store.go:713","msg":"AssignPodIPv4Address: IP address pool stats: total 0, assigned 0"}
{"level":"debug","ts":"2026-10-05T08:43:28.775Z","caller":"datastore/data_store.go:713","msg":"AssignPodIPv4Address: ENI eni-EXAMPLE19 does not have available addresses"}
{"level":"error","ts":"2026-10-05T08:43:28.775Z","caller":"datastore/data_store.go:713","msg":"DataStore has no available IP/Prefix addresses"}
{"level":"warn","ts":"2026-10-05T08:43:28.775Z","caller":"rpc/rpc_grpc.pb.go:117","msg":"Failed to assign IPs from network card 0: AssignPodIPAddress: no available IP/Prefix addresses"}
{"level":"error","ts":"2026-10-05T08:43:28.775Z","caller":"rpc/rpc_grpc.pb.go:117","msg":"Returning failure response for AddNetwork: 1 error occurred:\n\t* AssignPodIPAddress: no available IP/Prefix addresses\n\n"}
{"level":"info","ts":"2026-10-05T08:43:28.775Z","caller":"rpc/rpc_grpc.pb.go:117","msg":"Send AddNetworkReply: Success: false IPAddr: [], resp: , err: AssignPodIPAddress: no available IP/Prefix addresses"}
{"level":"info","ts":"2026-10-05T08:43:28.804Z","caller":"rpc/rpc_grpc.pb.go:135","msg":"Received DelNetwork for Sandbox 7a453f30b81015927ea56634a88212e7406267f90a4741b7a7b52ea404cfba5d"}
{"level":"debug","ts":"2026-10-05T08:43:28.804Z","caller":"rpc/rpc_grpc.pb.go:135","msg":"DelNetworkRequest: K8S_POD_NAME:\"pause-68d5b89fc-n9q4v\"  K8S_POD_NAMESPACE:\"default\"  K8S_POD_INFRA_CONTAINER_ID:\"7a453f30b81015927ea56634a88212e7406267f90a4741b7a7b52ea404cfba5d\"  Reason:\"PodDeleted\"  ContainerID:\"7a453f30b81015927ea56634a88212e7406267f90a4741b7a7b52ea404cfba5d\"  IfName:\"eth0\"  NetworkName:\"aws-cni\"  K8S_POD_UID:\"f68fbeb2-acd7-443d-aaf4-9fe8443ea42e\""}
{"level":"debug","ts":"2026-10-05T08:43:28.804Z","caller":"ipamd/rpc_handler.go:353","msg":"UnassignPodIPAddress: IP address pool stats: total 0, assigned 0, sandbox aws-cni/7a453f30b81015927ea56634a88212e7406267f90a4741b7a7b52ea404cfba5d/eth0"}
{"level":"debug","ts":"2026-10-05T08:43:28.804Z","caller":"ipamd/rpc_handler.go:353","msg":"UnassignPodIPAddress: Failed to find IPAM entry under full key, trying CRI-migrated version"}
{"level":"warn","ts":"2026-10-05T08:43:28.804Z","caller":"ipamd/rpc_handler.go:353","msg":"UnassignPodIPAddress: Failed to find sandbox _migrated-from-cri/7a453f30b81015927ea56634a88212e7406267f90a4741b7a7b52ea404cfba5d/unknown"}
{"level":"info","ts":"2026-10-05T08:43:28.804Z","caller":"rpc/rpc_grpc.pb.go:135","msg":"Send DelNetworkReply: IPAddress: [], err: 1 error occurred:\n\t* datastore: unknown pod\n\n"}
{"level":"debug","ts":"2026-10-05T08:43:30.502Z","caller":"ipamd/ipamd.go:809","msg":"IP pool is too low for Network Card 0: available (0) < ENI target (1) * addrsPerENI (16)"}
{"level":"debug","ts":"2026-10-05T08:43:30.502Z","caller":"ipamd/ipamd.go:2689","msg":"Prefix pool stats for network card 0: Total IPs/Prefixes = 0/0, AssignedIPs/CooldownIPs: 0/0, c.maxIPsPerENI = 80"}
{"level":"debug","ts":"2026-10-05T08:43:30.502Z","caller":"ipamd/ipamd.go:795","msg":"IP stats for Network Card 0 - total IPs: 0, assigned IPs: 0, cooldown IPs: 0"}
{"level":"debug","ts":"2026-10-05T08:43:30.502Z","caller":"ipamd/ipamd.go:813","msg":"Starting to increase pool size for network card 0"}
{"level":"debug","ts":"2026-10-05T08:43:30.503Z","caller":"ipamd/ipamd.go:966","msg":"Node found \"ip-10-20-0-28.ec2.internal\" - no of taints - 0"}
{"level":"debug","ts":"2026-10-05T08:43:30.503Z","caller":"ipamd/ipamd.go:2758","msg":"Prefix target is 1, short of 1 prefixes, free 0 prefixes"}
{"level":"debug","ts":"2026-10-05T08:43:30.503Z","caller":"ipamd/ipamd.go:1248","msg":"ToAllocate: 1, Network Card 0"}
{"level":"debug","ts":"2026-10-05T08:43:30.503Z","caller":"ipamd/ipamd.go:1251","msg":"Found ENI eni-EXAMPLE19 that has less than the maximum number of IP/Prefixes addresses allocated: cur=0, max=5"}
{"level":"info","ts":"2026-10-05T08:43:30.503Z","caller":"ipamd/ipamd.go:1255","msg":"Trying to allocate 1 IP addresses on ENI eni-EXAMPLE19"}
{"level":"debug","ts":"2026-10-05T08:43:30.503Z","caller":"ipamd/ipamd.go:1255","msg":"PD enabled - true"}
{"level":"debug","ts":"2026-10-05T08:43:30.968Z","caller":"awsutils/awsutils.go:2174","msg":"checkAPIErrorAndBroadcastEvent resulted in operation error EC2: AssignPrivateIpAddresses, https response error StatusCode: 400, RequestID: b62dc6e8-0485-42fe-8005-f201fa1bcefc, api error InsufficientCidrBlocks: The specified subnet does not have enough free cidr blocks to satisfy the request."}
{"level":"error","ts":"2026-10-05T08:43:30.968Z","caller":"ipamd/ipamd.go:1255","msg":"Failed to allocate a private IP/Prefix addresses on ENI eni-EXAMPLE19: operation error EC2: AssignPrivateIpAddresses, https response error StatusCode: 400, RequestID: b62dc6e8-0485-42fe-8005-f201fa1bcefc, api error InsufficientCidrBlocks: The specified subnet does not have enough free cidr blocks to satisfy the request."}
{"level":"debug","ts":"2026-10-05T08:43:30.968Z","caller":"ipamd/ipamd.go:1256","msg":"containsPrivateIPAddressLimitExceededError encountered operation error EC2: AssignPrivateIpAddresses, https response error StatusCode: 400, RequestID: b62dc6e8-0485-42fe-8005-f201fa1bcefc, api error InsufficientCidrBlocks: The specified subnet does not have enough free cidr blocks to satisfy the request."}
{"level":"warn","ts":"2026-10-05T08:43:30.968Z","caller":"ipamd/ipamd.go:1113","msg":"failed to allocate all available IPv4 Prefixes on ENI eni-EXAMPLE19, err: operation error EC2: AssignPrivateIpAddresses, https response error StatusCode: 400, RequestID: b62dc6e8-0485-42fe-8005-f201fa1bcefc, api error InsufficientCidrBlocks: The specified subnet does not have enough free cidr blocks to satisfy the request."}
{"level":"info","ts":"2026-10-05T08:43:30.968Z","caller":"ipamd/ipamd.go:1259","msg":"Trying to allocate 1 IP addresses on ENI eni-EXAMPLE19"}
{"level":"debug","ts":"2026-10-05T08:43:30.968Z","caller":"ipamd/ipamd.go:1259","msg":"PD enabled - true"}
{"level":"debug","ts":"2026-10-05T08:43:31.389Z","caller":"awsutils/awsutils.go:2174","msg":"checkAPIErrorAndBroadcastEvent resulted in operation error EC2: AssignPrivateIpAddresses, https response error StatusCode: 400, RequestID: dca625c1-df18-4e23-8c5c-118d0541aeaa, api error InsufficientCidrBlocks: The specified subnet does not have enough free cidr blocks to satisfy the request."}
{"level":"error","ts":"2026-10-05T08:43:31.389Z","caller":"ipamd/ipamd.go:1259","msg":"Failed to allocate a private IP/Prefix addresses on ENI eni-EXAMPLE19: operation error EC2: AssignPrivateIpAddresses, https response error StatusCode: 400, RequestID: dca625c1-df18-4e23-8c5c-118d0541aeaa, api error InsufficientCidrBlocks: The specified subnet does not have enough free cidr blocks to satisfy the request."}
{"level":"debug","ts":"2026-10-05T08:43:31.389Z","caller":"ipamd/ipamd.go:1260","msg":"containsPrivateIPAddressLimitExceededError encountered operation error EC2: AssignPrivateIpAddresses, https response error StatusCode: 400, RequestID: dca625c1-df18-4e23-8c5c-118d0541aeaa, api error InsufficientCidrBlocks: The specified subnet does not have enough free cidr blocks to satisfy the request."}
{"level":"debug","ts":"2026-10-05T08:43:31.389Z","caller":"ipamd/ipamd.go:1262","msg":"containsInsufficientCIDRsOrSubnetIPs encountered operation error EC2: AssignPrivateIpAddresses, https response error StatusCode: 400, RequestID: dca625c1-df18-4e23-8c5c-118d0541aeaa, api error InsufficientCidrBlocks: The specified subnet does not have enough free cidr blocks to satisfy the request."}
{"level":"debug","ts":"2026-10-05T08:43:31.389Z","caller":"ipamd/ipamd.go:1262","msg":"Insufficient IP Addresses due to: InsufficientCidrBlocks\n"}
{"level":"debug","ts":"2026-10-05T08:43:31.389Z","caller":"ipamd/ipamd.go:1003","msg":"hasRoomForEni: networkCard=0, currentENIs=1, currentUsableENIs=1, maxENI=3, unmanagedENI=0, trunkEni=0, excludedENI=0, hasRoom=true"}
{"level":"debug","ts":"2026-10-05T08:43:31.389Z","caller":"ipamd/ipamd.go:2758","msg":"Prefix target is 1, short of 1 prefixes, free 0 prefixes"}
{"level":"debug","ts":"2026-10-05T08:43:31.389Z","caller":"ipamd/ipamd.go:2595","msg":"ToAllocate: 1, Network Card 0"}
{"level":"info","ts":"2026-10-05T08:43:31.390Z","caller":"awsutils/awsutils.go:1044","msg":"Trying to allocate 1 IP addresses on new ENI"}
{"level":"debug","ts":"2026-10-05T08:43:31.390Z","caller":"awsutils/awsutils.go:1044","msg":"PD enabled - true"}
{"level":"debug","ts":"2026-10-05T08:43:31.610Z","caller":"awsutils/awsutils.go:1272","msg":"Primary subnet subnet-EXAMPLE4 has no kubernetes.io/role/cni tag, including it for ENI creation (backwards compatibility)"}
{"level":"info","ts":"2026-10-05T08:43:31.610Z","caller":"awsutils/awsutils.go:1044","msg":"Creating ENI with security groups: [sg-EXAMPLE1] in subnet: subnet-EXAMPLE4"}
{"level":"debug","ts":"2026-10-05T08:43:31.849Z","caller":"awsutils/awsutils.go:1449","msg":"checkAPIErrorAndBroadcastEvent resulted in operation error EC2: CreateNetworkInterface, https response error StatusCode: 400, RequestID: 2c7669ee-8625-462f-94c0-130b245a903e, api error InvalidParameterValue: There aren't sufficient free Ipv4 addresses or prefixes"}
{"level":"error","ts":"2026-10-05T08:43:31.849Z","caller":"awsutils/awsutils.go:1285","msg":"Failed to CreateNetworkInterface operation error EC2: CreateNetworkInterface, https response error StatusCode: 400, RequestID: 2c7669ee-8625-462f-94c0-130b245a903e, api error InvalidParameterValue: There aren't sufficient free Ipv4 addresses or prefixes for subnet subnet-EXAMPLE4"}
{"level":"debug","ts":"2026-10-05T08:43:31.849Z","caller":"awsutils/awsutils.go:1272","msg":"Subnet subnet-EXAMPLE3 has no kubernetes.io/role/cni tag, excluding it from ENI creation"}
{"level":"error","ts":"2026-10-05T08:43:31.849Z","caller":"ipamd/ipamd.go:1004","msg":"Failed to increase pool size due to not able to allocate ENI AllocENI: failed to create ENI: failed to create network interface: operation error EC2: CreateNetworkInterface, https response error StatusCode: 400, RequestID: 2c7669ee-8625-462f-94c0-130b245a903e, api error InvalidParameterValue: There aren't sufficient free Ipv4 addresses or prefixes"}
{"level":"warn","ts":"2026-10-05T08:43:31.849Z","caller":"ipamd/ipamd.go:1004","msg":"Failed to allocate 1 IP addresses on an ENI: AllocENI: failed to create ENI: failed to create network interface: operation error EC2: CreateNetworkInterface, https response error StatusCode: 400, RequestID: 2c7669ee-8625-462f-94c0-130b245a903e, api error InvalidParameterValue: There aren't sufficient free Ipv4 addresses or prefixes"}
{"level":"debug","ts":"2026-10-05T08:43:31.849Z","caller":"ipamd/ipamd.go:1082","msg":"containsInsufficientCIDRsOrSubnetIPs encountered AllocENI: failed to create ENI: failed to create network interface: operation error EC2: CreateNetworkInterface, https response error StatusCode: 400, RequestID: 2c7669ee-8625-462f-94c0-130b245a903e, api error InvalidParameterValue: There aren't sufficient free Ipv4 addresses or prefixes"}
{"level":"debug","ts":"2026-10-05T08:43:31.849Z","caller":"ipamd/ipamd.go:1082","msg":"Insufficient IP Addresses due to: InvalidParameterValue\n"}
{"level":"debug","ts":"2026-10-05T08:43:31.849Z","caller":"ipamd/ipamd.go:813","msg":"Error trying to allocate ENI: AllocENI: failed to create ENI: failed to create network interface: operation error EC2: CreateNetworkInterface, https response error StatusCode: 400, RequestID: 2c7669ee-8625-462f-94c0-130b245a903e, api error InvalidParameterValue: There aren't sufficient free Ipv4 addresses or prefixes"}
{"level":"debug","ts":"2026-10-05T08:43:31.849Z","caller":"ipamd/ipamd.go:1548","msg":"ENI eni-EXAMPLE19 cannot be deleted because it is primary"}
{"level":"info","ts":"2026-10-05T08:43:34.778Z","caller":"rpc/rpc_grpc.pb.go:117","msg":"Received AddNetwork for NS /var/run/netns/cni-8adea0e8-5592-871d-bde8-9b537a8a0c49, Sandbox 2ecd81138c8f81f2c0039fab2b15e8d4664574fd00f139b351977e764bba718d, ifname eth0"}
{"level":"debug","ts":"2026-10-05T08:43:34.778Z","caller":"rpc/rpc_grpc.pb.go:117","msg":"AddNetworkRequest: K8S_POD_NAME:\"pause-68d5b89fc-88226\"  K8S_POD_NAMESPACE:\"default\"  K8S_POD_INFRA_CONTAINER_ID:\"2ecd81138c8f81f2c0039fab2b15e8d4664574fd00f139b351977e764bba718d\"  ContainerID:\"2ecd81138c8f81f2c0039fab2b15e8d4664574fd00f139b351977e764bba718d\"  IfName:\"eth0\"  NetworkName:\"aws-cni\"  Netns:\"/var/run/netns/cni-8adea0e8-5592-871d-bde8-9b537a8a0c49\""}
{"level":"info","ts":"2026-10-05T08:43:34.778Z","caller":"rpc/rpc_grpc.pb.go:117","msg":"Required MultiNIC access false, interfaces required 1"}
{"level":"debug","ts":"2026-10-05T08:43:34.778Z","caller":"datastore/data_store.go:713","msg":"AssignPodIPv4Address: IP address pool stats: total 0, assigned 0"}
{"level":"debug","ts":"2026-10-05T08:43:34.778Z","caller":"datastore/data_store.go:713","msg":"AssignPodIPv4Address: ENI eni-EXAMPLE19 does not have available addresses"}
{"level":"error","ts":"2026-10-05T08:43:34.778Z","caller":"datastore/data_store.go:713","msg":"DataStore has no available IP/Prefix addresses"}
{"level":"warn","ts":"2026-10-05T08:43:34.778Z","caller":"rpc/rpc_grpc.pb.go:117","msg":"Failed to assign IPs from network card 0: AssignPodIPAddress: no available IP/Prefix addresses"}
{"level":"error","ts":"2026-10-05T08:43:34.778Z","caller":"rpc/rpc_grpc.pb.go:117","msg":"Returning failure response for AddNetwork: 1 error occurred:\n\t* AssignPodIPAddress: no available IP/Prefix addresses\n\n"}
{"level":"info","ts":"2026-10-05T08:43:34.778Z","caller":"rpc/rpc_grpc.pb.go:117","msg":"Send AddNetworkReply: Success: false IPAddr: [], resp: , err: AssignPodIPAddress: no available IP/Prefix addresses"}
{"level":"info","ts":"2026-10-05T08:43:34.802Z","caller":"rpc/rpc_grpc.pb.go:135","msg":"Received DelNetwork for Sandbox 2ecd81138c8f81f2c0039fab2b15e8d4664574fd00f139b351977e764bba718d"}
{"level":"debug","ts":"2026-10-05T08:43:34.803Z","caller":"rpc/rpc_grpc.pb.go:135","msg":"DelNetworkRequest: K8S_POD_NAME:\"pause-68d5b89fc-88226\"  K8S_POD_NAMESPACE:\"default\"  K8S_POD_INFRA_CONTAINER_ID:\"2ecd81138c8f81f2c0039fab2b15e8d4664574fd00f139b351977e764bba718d\"  Reason:\"PodDeleted\"  ContainerID:\"2ecd81138c8f81f2c0039fab2b15e8d4664574fd00f139b351977e764bba718d\"  IfName:\"eth0\"  NetworkName:\"aws-cni\"  K8S_POD_UID:\"e903ba0e-e96e-48c7-90d6-ad1a2a6941a3\""}
{"level":"debug","ts":"2026-10-05T08:43:34.803Z","caller":"ipamd/rpc_handler.go:353","msg":"UnassignPodIPAddress: IP address pool stats: total 0, assigned 0, sandbox aws-cni/2ecd81138c8f81f2c0039fab2b15e8d4664574fd00f139b351977e764bba718d/eth0"}
{"level":"debug","ts":"2026-10-05T08:43:34.803Z","caller":"ipamd/rpc_handler.go:353","msg":"UnassignPodIPAddress: Failed to find IPAM entry under full key, trying CRI-migrated version"}
{"level":"warn","ts":"2026-10-05T08:43:34.803Z","caller":"ipamd/rpc_handler.go:353","msg":"UnassignPodIPAddress: Failed to find sandbox _migrated-from-cri/2ecd81138c8f81f2c0039fab2b15e8d4664574fd00f139b351977e764bba718d/unknown"}
{"level":"info","ts":"2026-10-05T08:43:34.803Z","caller":"rpc/rpc_grpc.pb.go:135","msg":"Send DelNetworkReply: IPAddress: [], err: 1 error occurred:\n\t* datastore: unknown pod\n\n"}
{"level":"debug","ts":"2026-10-05T08:43:36.851Z","caller":"ipamd/ipamd.go:809","msg":"IP pool is too low for Network Card 0: available (0) < ENI target (1) * addrsPerENI (16)"}
{"level":"debug","ts":"2026-10-05T08:43:36.851Z","caller":"ipamd/ipamd.go:2689","msg":"Prefix pool stats for network card 0: Total IPs/Prefixes = 0/0, AssignedIPs/CooldownIPs: 0/0, c.maxIPsPerENI = 80"}
{"level":"debug","ts":"2026-10-05T08:43:36.851Z","caller":"ipamd/ipamd.go:795","msg":"IP stats for Network Card 0 - total IPs: 0, assigned IPs: 0, cooldown IPs: 0"}
{"level":"debug","ts":"2026-10-05T08:43:36.851Z","caller":"ipamd/ipamd.go:813","msg":"Starting to increase pool size for network card 0"}
{"level":"debug","ts":"2026-10-05T08:43:36.851Z","caller":"ipamd/ipamd.go:966","msg":"Node found \"ip-10-20-0-28.ec2.internal\" - no of taints - 0"}
{"level":"debug","ts":"2026-10-05T08:43:36.851Z","caller":"ipamd/ipamd.go:2758","msg":"Prefix target is 1, short of 1 prefixes, free 0 prefixes"}
{"level":"debug","ts":"2026-10-05T08:43:36.851Z","caller":"ipamd/ipamd.go:1248","msg":"ToAllocate: 1, Network Card 0"}
{"level":"debug","ts":"2026-10-05T08:43:36.851Z","caller":"ipamd/ipamd.go:1251","msg":"Found ENI eni-EXAMPLE19 that has less than the maximum number of IP/Prefixes addresses allocated: cur=0, max=5"}
{"level":"info","ts":"2026-10-05T08:43:36.851Z","caller":"ipamd/ipamd.go:1255","msg":"Trying to allocate 1 IP addresses on ENI eni-EXAMPLE19"}
{"level":"debug","ts":"2026-10-05T08:43:36.851Z","caller":"ipamd/ipamd.go:1255","msg":"PD enabled - true"}
{"level":"debug","ts":"2026-10-05T08:43:37.290Z","caller":"awsutils/awsutils.go:2174","msg":"checkAPIErrorAndBroadcastEvent resulted in operation error EC2: AssignPrivateIpAddresses, https response error StatusCode: 400, RequestID: d6e9896a-b40e-46e8-8912-b3c177e922e4, api error InsufficientCidrBlocks: The specified subnet does not have enough free cidr blocks to satisfy the request."}
{"level":"error","ts":"2026-10-05T08:43:37.290Z","caller":"ipamd/ipamd.go:1255","msg":"Failed to allocate a private IP/Prefix addresses on ENI eni-EXAMPLE19: operation error EC2: AssignPrivateIpAddresses, https response error StatusCode: 400, RequestID: d6e9896a-b40e-46e8-8912-b3c177e922e4, api error InsufficientCidrBlocks: The specified subnet does not have enough free cidr blocks to satisfy the request."}
{"level":"debug","ts":"2026-10-05T08:43:37.290Z","caller":"ipamd/ipamd.go:1256","msg":"containsPrivateIPAddressLimitExceededError encountered operation error EC2: AssignPrivateIpAddresses, https response error StatusCode: 400, RequestID: d6e9896a-b40e-46e8-8912-b3c177e922e4, api error InsufficientCidrBlocks: The specified subnet does not have enough free cidr blocks to satisfy the request."}
{"level":"warn","ts":"2026-10-05T08:43:37.290Z","caller":"ipamd/ipamd.go:1113","msg":"failed to allocate all available IPv4 Prefixes on ENI eni-EXAMPLE19, err: operation error EC2: AssignPrivateIpAddresses, https response error StatusCode: 400, RequestID: d6e9896a-b40e-46e8-8912-b3c177e922e4, api error InsufficientCidrBlocks: The specified subnet does not have enough free cidr blocks to satisfy the request."}
{"level":"info","ts":"2026-10-05T08:43:37.290Z","caller":"ipamd/ipamd.go:1259","msg":"Trying to allocate 1 IP addresses on ENI eni-EXAMPLE19"}
{"level":"debug","ts":"2026-10-05T08:43:37.290Z","caller":"ipamd/ipamd.go:1259","msg":"PD enabled - true"}
{"level":"debug","ts":"2026-10-05T08:43:37.709Z","caller":"awsutils/awsutils.go:2174","msg":"checkAPIErrorAndBroadcastEvent resulted in operation error EC2: AssignPrivateIpAddresses, https response error StatusCode: 400, RequestID: 3a49dd9b-cabf-4392-9aba-201f3f4b992b, api error InsufficientCidrBlocks: The specified subnet does not have enough free cidr blocks to satisfy the request."}
{"level":"error","ts":"2026-10-05T08:43:37.709Z","caller":"ipamd/ipamd.go:1259","msg":"Failed to allocate a private IP/Prefix addresses on ENI eni-EXAMPLE19: operation error EC2: AssignPrivateIpAddresses, https response error StatusCode: 400, RequestID: 3a49dd9b-cabf-4392-9aba-201f3f4b992b, api error InsufficientCidrBlocks: The specified subnet does not have enough free cidr blocks to satisfy the request."}
{"level":"debug","ts":"2026-10-05T08:43:37.709Z","caller":"ipamd/ipamd.go:1260","msg":"containsPrivateIPAddressLimitExceededError encountered operation error EC2: AssignPrivateIpAddresses, https response error StatusCode: 400, RequestID: 3a49dd9b-cabf-4392-9aba-201f3f4b992b, api error InsufficientCidrBlocks: The specified subnet does not have enough free cidr blocks to satisfy the request."}
{"level":"debug","ts":"2026-10-05T08:43:37.709Z","caller":"ipamd/ipamd.go:1262","msg":"containsInsufficientCIDRsOrSubnetIPs encountered operation error EC2: AssignPrivateIpAddresses, https response error StatusCode: 400, RequestID: 3a49dd9b-cabf-4392-9aba-201f3f4b992b, api error InsufficientCidrBlocks: The specified subnet does not have enough free cidr blocks to satisfy the request."}
{"level":"debug","ts":"2026-10-05T08:43:37.709Z","caller":"ipamd/ipamd.go:1262","msg":"Insufficient IP Addresses due to: InsufficientCidrBlocks\n"}
{"level":"debug","ts":"2026-10-05T08:43:37.709Z","caller":"ipamd/ipamd.go:1003","msg":"hasRoomForEni: networkCard=0, currentENIs=1, currentUsableENIs=1, maxENI=3, unmanagedENI=0, trunkEni=0, excludedENI=0, hasRoom=true"}
{"level":"debug","ts":"2026-10-05T08:43:37.709Z","caller":"ipamd/ipamd.go:2758","msg":"Prefix target is 1, short of 1 prefixes, free 0 prefixes"}
{"level":"debug","ts":"2026-10-05T08:43:37.709Z","caller":"ipamd/ipamd.go:2595","msg":"ToAllocate: 1, Network Card 0"}
{"level":"info","ts":"2026-10-05T08:43:37.709Z","caller":"awsutils/awsutils.go:1044","msg":"Trying to allocate 1 IP addresses on new ENI"}
{"level":"debug","ts":"2026-10-05T08:43:37.709Z","caller":"awsutils/awsutils.go:1044","msg":"PD enabled - true"}
{"level":"debug","ts":"2026-10-05T08:43:38.002Z","caller":"awsutils/awsutils.go:1272","msg":"Primary subnet subnet-EXAMPLE4 has no kubernetes.io/role/cni tag, including it for ENI creation (backwards compatibility)"}
{"level":"info","ts":"2026-10-05T08:43:38.002Z","caller":"awsutils/awsutils.go:1044","msg":"Creating ENI with security groups: [sg-EXAMPLE1] in subnet: subnet-EXAMPLE4"}
{"level":"debug","ts":"2026-10-05T08:43:38.170Z","caller":"awsutils/awsutils.go:1449","msg":"checkAPIErrorAndBroadcastEvent resulted in operation error EC2: CreateNetworkInterface, https response error StatusCode: 400, RequestID: ca9260a5-6796-474b-8dde-3fff1a3fcc29, api error InvalidParameterValue: There aren't sufficient free Ipv4 addresses or prefixes"}
{"level":"error","ts":"2026-10-05T08:43:38.170Z","caller":"awsutils/awsutils.go:1285","msg":"Failed to CreateNetworkInterface operation error EC2: CreateNetworkInterface, https response error StatusCode: 400, RequestID: ca9260a5-6796-474b-8dde-3fff1a3fcc29, api error InvalidParameterValue: There aren't sufficient free Ipv4 addresses or prefixes for subnet subnet-EXAMPLE4"}
{"level":"debug","ts":"2026-10-05T08:43:38.170Z","caller":"awsutils/awsutils.go:1272","msg":"Subnet subnet-EXAMPLE3 has no kubernetes.io/role/cni tag, excluding it from ENI creation"}
{"level":"error","ts":"2026-10-05T08:43:38.170Z","caller":"ipamd/ipamd.go:1004","msg":"Failed to increase pool size due to not able to allocate ENI AllocENI: failed to create ENI: failed to create network interface: operation error EC2: CreateNetworkInterface, https response error StatusCode: 400, RequestID: ca9260a5-6796-474b-8dde-3fff1a3fcc29, api error InvalidParameterValue: There aren't sufficient free Ipv4 addresses or prefixes"}
{"level":"warn","ts":"2026-10-05T08:43:38.170Z","caller":"ipamd/ipamd.go:1004","msg":"Failed to allocate 1 IP addresses on an ENI: AllocENI: failed to create ENI: failed to create network interface: operation error EC2: CreateNetworkInterface, https response error StatusCode: 400, RequestID: ca9260a5-6796-474b-8dde-3fff1a3fcc29, api error InvalidParameterValue: There aren't sufficient free Ipv4 addresses or prefixes"}
{"level":"debug","ts":"2026-10-05T08:43:38.170Z","caller":"ipamd/ipamd.go:1082","msg":"containsInsufficientCIDRsOrSubnetIPs encountered AllocENI: failed to create ENI: failed to create network interface: operation error EC2: CreateNetworkInterface, https response error StatusCode: 400, RequestID: ca9260a5-6796-474b-8dde-3fff1a3fcc29, api error InvalidParameterValue: There aren't sufficient free Ipv4 addresses or prefixes"}
{"level":"debug","ts":"2026-10-05T08:43:38.170Z","caller":"ipamd/ipamd.go:1082","msg":"Insufficient IP Addresses due to: InvalidParameterValue\n"}
{"level":"debug","ts":"2026-10-05T08:43:38.170Z","caller":"ipamd/ipamd.go:813","msg":"Error trying to allocate ENI: AllocENI: failed to create ENI: failed to create network interface: operation error EC2: CreateNetworkInterface, https response error StatusCode: 400, RequestID: ca9260a5-6796-474b-8dde-3fff1a3fcc29, api error InvalidParameterValue: There aren't sufficient free Ipv4 addresses or prefixes"}
{"level":"debug","ts":"2026-10-05T08:43:38.170Z","caller":"ipamd/ipamd.go:1548","msg":"ENI eni-EXAMPLE19 cannot be deleted because it is primary"}
{"level":"info","ts":"2026-10-05T08:43:38.776Z","caller":"rpc/rpc_grpc.pb.go:117","msg":"Received AddNetwork for NS /var/run/netns/cni-489d7f8c-09c0-ec6d-6033-1d14e9855de5, Sandbox 756dc9ade6856f0a3e7d9f22cf893f18f94831b7a51b638c5dbb5c94868a57ac, ifname eth0"}
{"level":"debug","ts":"2026-10-05T08:43:38.776Z","caller":"rpc/rpc_grpc.pb.go:117","msg":"AddNetworkRequest: K8S_POD_NAME:\"pause-68d5b89fc-5gpj2\"  K8S_POD_NAMESPACE:\"default\"  K8S_POD_INFRA_CONTAINER_ID:\"756dc9ade6856f0a3e7d9f22cf893f18f94831b7a51b638c5dbb5c94868a57ac\"  ContainerID:\"756dc9ade6856f0a3e7d9f22cf893f18f94831b7a51b638c5dbb5c94868a57ac\"  IfName:\"eth0\"  NetworkName:\"aws-cni\"  Netns:\"/var/run/netns/cni-489d7f8c-09c0-ec6d-6033-1d14e9855de5\""}
{"level":"info","ts":"2026-10-05T08:43:38.776Z","caller":"rpc/rpc_grpc.pb.go:117","msg":"Required MultiNIC access false, interfaces required 1"}
{"level":"debug","ts":"2026-10-05T08:43:38.776Z","caller":"datastore/data_store.go:713","msg":"AssignPodIPv4Address: IP address pool stats: total 0, assigned 0"}
{"level":"debug","ts":"2026-10-05T08:43:38.776Z","caller":"datastore/data_store.go:713","msg":"AssignPodIPv4Address: ENI eni-EXAMPLE19 does not have available addresses"}
{"level":"error","ts":"2026-10-05T08:43:38.776Z","caller":"datastore/data_store.go:713","msg":"DataStore has no available IP/Prefix addresses"}
{"level":"warn","ts":"2026-10-05T08:43:38.776Z","caller":"rpc/rpc_grpc.pb.go:117","msg":"Failed to assign IPs from network card 0: AssignPodIPAddress: no available IP/Prefix addresses"}
{"level":"error","ts":"2026-10-05T08:43:38.776Z","caller":"rpc/rpc_grpc.pb.go:117","msg":"Returning failure response for AddNetwork: 1 error occurred:\n\t* AssignPodIPAddress: no available IP/Prefix addresses\n\n"}
{"level":"info","ts":"2026-10-05T08:43:38.777Z","caller":"rpc/rpc_grpc.pb.go:117","msg":"Send AddNetworkReply: Success: false IPAddr: [], resp: , err: AssignPodIPAddress: no available IP/Prefix addresses"}
{"level":"info","ts":"2026-10-05T08:43:38.801Z","caller":"rpc/rpc_grpc.pb.go:135","msg":"Received DelNetwork for Sandbox 756dc9ade6856f0a3e7d9f22cf893f18f94831b7a51b638c5dbb5c94868a57ac"}
{"level":"debug","ts":"2026-10-05T08:43:38.801Z","caller":"rpc/rpc_grpc.pb.go:135","msg":"DelNetworkRequest: K8S_POD_NAME:\"pause-68d5b89fc-5gpj2\"  K8S_POD_NAMESPACE:\"default\"  K8S_POD_INFRA_CONTAINER_ID:\"756dc9ade6856f0a3e7d9f22cf893f18f94831b7a51b638c5dbb5c94868a57ac\"  Reason:\"PodDeleted\"  ContainerID:\"756dc9ade6856f0a3e7d9f22cf893f18f94831b7a51b638c5dbb5c94868a57ac\"  IfName:\"eth0\"  NetworkName:\"aws-cni\"  K8S_POD_UID:\"8da26452-5df7-4b5d-bf8b-b8df9d619b63\""}
{"level":"debug","ts":"2026-10-05T08:43:38.801Z","caller":"ipamd/rpc_handler.go:353","msg":"UnassignPodIPAddress: IP address pool stats: total 0, assigned 0, sandbox aws-cni/756dc9ade6856f0a3e7d9f22cf893f18f94831b7a51b638c5dbb5c94868a57ac/eth0"}
{"level":"debug","ts":"2026-10-05T08:43:38.801Z","caller":"ipamd/rpc_handler.go:353","msg":"UnassignPodIPAddress: Failed to find IPAM entry under full key, trying CRI-migrated version"}
{"level":"warn","ts":"2026-10-05T08:43:38.801Z","caller":"ipamd/rpc_handler.go:353","msg":"UnassignPodIPAddress: Failed to find sandbox _migrated-from-cri/756dc9ade6856f0a3e7d9f22cf893f18f94831b7a51b638c5dbb5c94868a57ac/unknown"}
{"level":"info","ts":"2026-10-05T08:43:38.801Z","caller":"rpc/rpc_grpc.pb.go:135","msg":"Send DelNetworkReply: IPAddress: [], err: 1 error occurred:\n\t* datastore: unknown pod\n\n"}
{"level":"info","ts":"2026-10-05T08:43:40.776Z","caller":"rpc/rpc_grpc.pb.go:117","msg":"Received AddNetwork for NS /var/run/netns/cni-91b83657-0dfb-36c9-d0c2-60e3708e477f, Sandbox d7b33455dff4328063eebb1c11dbe212f90a217047c8a2d72f9fae4d65b84866, ifname eth0"}
{"level":"debug","ts":"2026-10-05T08:43:40.776Z","caller":"rpc/rpc_grpc.pb.go:117","msg":"AddNetworkRequest: K8S_POD_NAME:\"pause-68d5b89fc-n9q4v\"  K8S_POD_NAMESPACE:\"default\"  K8S_POD_INFRA_CONTAINER_ID:\"d7b33455dff4328063eebb1c11dbe212f90a217047c8a2d72f9fae4d65b84866\"  ContainerID:\"d7b33455dff4328063eebb1c11dbe212f90a217047c8a2d72f9fae4d65b84866\"  IfName:\"eth0\"  NetworkName:\"aws-cni\"  Netns:\"/var/run/netns/cni-91b83657-0dfb-36c9-d0c2-60e3708e477f\""}
{"level":"info","ts":"2026-10-05T08:43:40.776Z","caller":"rpc/rpc_grpc.pb.go:117","msg":"Required MultiNIC access false, interfaces required 1"}
{"level":"debug","ts":"2026-10-05T08:43:40.776Z","caller":"datastore/data_store.go:713","msg":"AssignPodIPv4Address: IP address pool stats: total 0, assigned 0"}
{"level":"debug","ts":"2026-10-05T08:43:40.776Z","caller":"datastore/data_store.go:713","msg":"AssignPodIPv4Address: ENI eni-EXAMPLE19 does not have available addresses"}
{"level":"error","ts":"2026-10-05T08:43:40.776Z","caller":"datastore/data_store.go:713","msg":"DataStore has no available IP/Prefix addresses"}
{"level":"warn","ts":"2026-10-05T08:43:40.776Z","caller":"rpc/rpc_grpc.pb.go:117","msg":"Failed to assign IPs from network card 0: AssignPodIPAddress: no available IP/Prefix addresses"}
{"level":"error","ts":"2026-10-05T08:43:40.776Z","caller":"rpc/rpc_grpc.pb.go:117","msg":"Returning failure response for AddNetwork: 1 error occurred:\n\t* AssignPodIPAddress: no available IP/Prefix addresses\n\n"}
{"level":"info","ts":"2026-10-05T08:43:40.776Z","caller":"rpc/rpc_grpc.pb.go:117","msg":"Send AddNetworkReply: Success: false IPAddr: [], resp: , err: AssignPodIPAddress: no available IP/Prefix addresses"}
{"level":"info","ts":"2026-10-05T08:43:40.803Z","caller":"rpc/rpc_grpc.pb.go:135","msg":"Received DelNetwork for Sandbox d7b33455dff4328063eebb1c11dbe212f90a217047c8a2d72f9fae4d65b84866"}
{"level":"debug","ts":"2026-10-05T08:43:40.803Z","caller":"rpc/rpc_grpc.pb.go:135","msg":"DelNetworkRequest: K8S_POD_NAME:\"pause-68d5b89fc-n9q4v\"  K8S_POD_NAMESPACE:\"default\"  K8S_POD_INFRA_CONTAINER_ID:\"d7b33455dff4328063eebb1c11dbe212f90a217047c8a2d72f9fae4d65b84866\"  Reason:\"PodDeleted\"  ContainerID:\"d7b33455dff4328063eebb1c11dbe212f90a217047c8a2d72f9fae4d65b84866\"  IfName:\"eth0\"  NetworkName:\"aws-cni\"  K8S_POD_UID:\"f68fbeb2-acd7-443d-aaf4-9fe8443ea42e\""}
{"level":"debug","ts":"2026-10-05T08:43:40.803Z","caller":"ipamd/rpc_handler.go:353","msg":"UnassignPodIPAddress: IP address pool stats: total 0, assigned 0, sandbox aws-cni/d7b33455dff4328063eebb1c11dbe212f90a217047c8a2d72f9fae4d65b84866/eth0"}
{"level":"debug","ts":"2026-10-05T08:43:40.803Z","caller":"ipamd/rpc_handler.go:353","msg":"UnassignPodIPAddress: Failed to find IPAM entry under full key, trying CRI-migrated version"}
{"level":"warn","ts":"2026-10-05T08:43:40.803Z","caller":"ipamd/rpc_handler.go:353","msg":"UnassignPodIPAddress: Failed to find sandbox _migrated-from-cri/d7b33455dff4328063eebb1c11dbe212f90a217047c8a2d72f9fae4d65b84866/unknown"}
{"level":"info","ts":"2026-10-05T08:43:40.803Z","caller":"rpc/rpc_grpc.pb.go:135","msg":"Send DelNetworkReply: IPAddress: [], err: 1 error occurred:\n\t* datastore: unknown pod\n\n"}
{"level":"debug","ts":"2026-10-05T08:43:43.171Z","caller":"ipamd/ipamd.go:809","msg":"IP pool is too low for Network Card 0: available (0) < ENI target (1) * addrsPerENI (16)"}
{"level":"debug","ts":"2026-10-05T08:43:43.171Z","caller":"ipamd/ipamd.go:2689","msg":"Prefix pool stats for network card 0: Total IPs/Prefixes = 0/0, AssignedIPs/CooldownIPs: 0/0, c.maxIPsPerENI = 80"}
{"level":"debug","ts":"2026-10-05T08:43:43.171Z","caller":"ipamd/ipamd.go:795","msg":"IP stats for Network Card 0 - total IPs: 0, assigned IPs: 0, cooldown IPs: 0"}
{"level":"debug","ts":"2026-10-05T08:43:43.171Z","caller":"ipamd/ipamd.go:813","msg":"Starting to increase pool size for network card 0"}
{"level":"debug","ts":"2026-10-05T08:43:43.171Z","caller":"ipamd/ipamd.go:966","msg":"Node found \"ip-10-20-0-28.ec2.internal\" - no of taints - 0"}
{"level":"debug","ts":"2026-10-05T08:43:43.171Z","caller":"ipamd/ipamd.go:2758","msg":"Prefix target is 1, short of 1 prefixes, free 0 prefixes"}
{"level":"debug","ts":"2026-10-05T08:43:43.171Z","caller":"ipamd/ipamd.go:1248","msg":"ToAllocate: 1, Network Card 0"}
{"level":"debug","ts":"2026-10-05T08:43:43.171Z","caller":"ipamd/ipamd.go:1251","msg":"Found ENI eni-EXAMPLE19 that has less than the maximum number of IP/Prefixes addresses allocated: cur=0, max=5"}
{"level":"info","ts":"2026-10-05T08:43:43.171Z","caller":"ipamd/ipamd.go:1255","msg":"Trying to allocate 1 IP addresses on ENI eni-EXAMPLE19"}
{"level":"debug","ts":"2026-10-05T08:43:43.171Z","caller":"ipamd/ipamd.go:1255","msg":"PD enabled - true"}
{"level":"debug","ts":"2026-10-05T08:43:43.576Z","caller":"awsutils/awsutils.go:2174","msg":"checkAPIErrorAndBroadcastEvent resulted in operation error EC2: AssignPrivateIpAddresses, https response error StatusCode: 400, RequestID: 40143069-5176-46f1-9f4a-d4a35061a657, api error InsufficientCidrBlocks: The specified subnet does not have enough free cidr blocks to satisfy the request."}
{"level":"error","ts":"2026-10-05T08:43:43.576Z","caller":"ipamd/ipamd.go:1255","msg":"Failed to allocate a private IP/Prefix addresses on ENI eni-EXAMPLE19: operation error EC2: AssignPrivateIpAddresses, https response error StatusCode: 400, RequestID: 40143069-5176-46f1-9f4a-d4a35061a657, api error InsufficientCidrBlocks: The specified subnet does not have enough free cidr blocks to satisfy the request."}
{"level":"debug","ts":"2026-10-05T08:43:43.576Z","caller":"ipamd/ipamd.go:1256","msg":"containsPrivateIPAddressLimitExceededError encountered operation error EC2: AssignPrivateIpAddresses, https response error StatusCode: 400, RequestID: 40143069-5176-46f1-9f4a-d4a35061a657, api error InsufficientCidrBlocks: The specified subnet does not have enough free cidr blocks to satisfy the request."}
{"level":"warn","ts":"2026-10-05T08:43:43.576Z","caller":"ipamd/ipamd.go:1113","msg":"failed to allocate all available IPv4 Prefixes on ENI eni-EXAMPLE19, err: operation error EC2: AssignPrivateIpAddresses, https response error StatusCode: 400, RequestID: 40143069-5176-46f1-9f4a-d4a35061a657, api error InsufficientCidrBlocks: The specified subnet does not have enough free cidr blocks to satisfy the request."}
{"level":"info","ts":"2026-10-05T08:43:43.576Z","caller":"ipamd/ipamd.go:1259","msg":"Trying to allocate 1 IP addresses on ENI eni-EXAMPLE19"}
{"level":"debug","ts":"2026-10-05T08:43:43.576Z","caller":"ipamd/ipamd.go:1259","msg":"PD enabled - true"}
{"level":"debug","ts":"2026-10-05T08:43:43.988Z","caller":"awsutils/awsutils.go:2174","msg":"checkAPIErrorAndBroadcastEvent resulted in operation error EC2: AssignPrivateIpAddresses, https response error StatusCode: 400, RequestID: 8caefd6b-3d51-4450-b54a-e2dcb4c60d85, api error InsufficientCidrBlocks: The specified subnet does not have enough free cidr blocks to satisfy the request."}
{"level":"error","ts":"2026-10-05T08:43:43.988Z","caller":"ipamd/ipamd.go:1259","msg":"Failed to allocate a private IP/Prefix addresses on ENI eni-EXAMPLE19: operation error EC2: AssignPrivateIpAddresses, https response error StatusCode: 400, RequestID: 8caefd6b-3d51-4450-b54a-e2dcb4c60d85, api error InsufficientCidrBlocks: The specified subnet does not have enough free cidr blocks to satisfy the request."}
{"level":"debug","ts":"2026-10-05T08:43:43.988Z","caller":"ipamd/ipamd.go:1260","msg":"containsPrivateIPAddressLimitExceededError encountered operation error EC2: AssignPrivateIpAddresses, https response error StatusCode: 400, RequestID: 8caefd6b-3d51-4450-b54a-e2dcb4c60d85, api error InsufficientCidrBlocks: The specified subnet does not have enough free cidr blocks to satisfy the request."}
{"level":"debug","ts":"2026-10-05T08:43:43.988Z","caller":"ipamd/ipamd.go:1262","msg":"containsInsufficientCIDRsOrSubnetIPs encountered operation error EC2: AssignPrivateIpAddresses, https response error StatusCode: 400, RequestID: 8caefd6b-3d51-4450-b54a-e2dcb4c60d85, api error InsufficientCidrBlocks: The specified subnet does not have enough free cidr blocks to satisfy the request."}
{"level":"debug","ts":"2026-10-05T08:43:43.988Z","caller":"ipamd/ipamd.go:1262","msg":"Insufficient IP Addresses due to: InsufficientCidrBlocks\n"}
{"level":"debug","ts":"2026-10-05T08:43:43.988Z","caller":"ipamd/ipamd.go:1003","msg":"hasRoomForEni: networkCard=0, currentENIs=1, currentUsableENIs=1, maxENI=3, unmanagedENI=0, trunkEni=0, excludedENI=0, hasRoom=true"}
{"level":"debug","ts":"2026-10-05T08:43:43.988Z","caller":"ipamd/ipamd.go:2758","msg":"Prefix target is 1, short of 1 prefixes, free 0 prefixes"}
{"level":"debug","ts":"2026-10-05T08:43:43.988Z","caller":"ipamd/ipamd.go:2595","msg":"ToAllocate: 1, Network Card 0"}
{"level":"info","ts":"2026-10-05T08:43:43.988Z","caller":"awsutils/awsutils.go:1044","msg":"Trying to allocate 1 IP addresses on new ENI"}
{"level":"debug","ts":"2026-10-05T08:43:43.988Z","caller":"awsutils/awsutils.go:1044","msg":"PD enabled - true"}
{"level":"debug","ts":"2026-10-05T08:43:44.147Z","caller":"awsutils/awsutils.go:1272","msg":"Primary subnet subnet-EXAMPLE4 has no kubernetes.io/role/cni tag, including it for ENI creation (backwards compatibility)"}
{"level":"info","ts":"2026-10-05T08:43:44.147Z","caller":"awsutils/awsutils.go:1044","msg":"Creating ENI with security groups: [sg-EXAMPLE1] in subnet: subnet-EXAMPLE4"}
{"level":"debug","ts":"2026-10-05T08:43:44.368Z","caller":"awsutils/awsutils.go:1449","msg":"checkAPIErrorAndBroadcastEvent resulted in operation error EC2: CreateNetworkInterface, https response error StatusCode: 400, RequestID: 15a9e990-5147-4dc0-8fb4-824d9198ad24, api error InvalidParameterValue: There aren't sufficient free Ipv4 addresses or prefixes"}
{"level":"error","ts":"2026-10-05T08:43:44.368Z","caller":"awsutils/awsutils.go:1285","msg":"Failed to CreateNetworkInterface operation error EC2: CreateNetworkInterface, https response error StatusCode: 400, RequestID: 15a9e990-5147-4dc0-8fb4-824d9198ad24, api error InvalidParameterValue: There aren't sufficient free Ipv4 addresses or prefixes for subnet subnet-EXAMPLE4"}
{"level":"debug","ts":"2026-10-05T08:43:44.368Z","caller":"awsutils/awsutils.go:1272","msg":"Subnet subnet-EXAMPLE3 has no kubernetes.io/role/cni tag, excluding it from ENI creation"}
{"level":"error","ts":"2026-10-05T08:43:44.368Z","caller":"ipamd/ipamd.go:1004","msg":"Failed to increase pool size due to not able to allocate ENI AllocENI: failed to create ENI: failed to create network interface: operation error EC2: CreateNetworkInterface, https response error StatusCode: 400, RequestID: 15a9e990-5147-4dc0-8fb4-824d9198ad24, api error InvalidParameterValue: There aren't sufficient free Ipv4 addresses or prefixes"}
{"level":"warn","ts":"2026-10-05T08:43:44.368Z","caller":"ipamd/ipamd.go:1004","msg":"Failed to allocate 1 IP addresses on an ENI: AllocENI: failed to create ENI: failed to create network interface: operation error EC2: CreateNetworkInterface, https response error StatusCode: 400, RequestID: 15a9e990-5147-4dc0-8fb4-824d9198ad24, api error InvalidParameterValue: There aren't sufficient free Ipv4 addresses or prefixes"}
{"level":"debug","ts":"2026-10-05T08:43:44.368Z","caller":"ipamd/ipamd.go:1082","msg":"containsInsufficientCIDRsOrSubnetIPs encountered AllocENI: failed to create ENI: failed to create network interface: operation error EC2: CreateNetworkInterface, https response error StatusCode: 400, RequestID: 15a9e990-5147-4dc0-8fb4-824d9198ad24, api error InvalidParameterValue: There aren't sufficient free Ipv4 addresses or prefixes"}
{"level":"debug","ts":"2026-10-05T08:43:44.368Z","caller":"ipamd/ipamd.go:1082","msg":"Insufficient IP Addresses due to: InvalidParameterValue\n"}
{"level":"debug","ts":"2026-10-05T08:43:44.368Z","caller":"ipamd/ipamd.go:813","msg":"Error trying to allocate ENI: AllocENI: failed to create ENI: failed to create network interface: operation error EC2: CreateNetworkInterface, https response error StatusCode: 400, RequestID: 15a9e990-5147-4dc0-8fb4-824d9198ad24, api error InvalidParameterValue: There aren't sufficient free Ipv4 addresses or prefixes"}
{"level":"debug","ts":"2026-10-05T08:43:44.368Z","caller":"ipamd/ipamd.go:1548","msg":"ENI eni-EXAMPLE19 cannot be deleted because it is primary"}
{"level":"debug","ts":"2026-10-05T08:43:49.368Z","caller":"ipamd/ipamd.go:809","msg":"IP pool is too low for Network Card 0: available (0) < ENI target (1) * addrsPerENI (16)"}
{"level":"debug","ts":"2026-10-05T08:43:49.369Z","caller":"ipamd/ipamd.go:2689","msg":"Prefix pool stats for network card 0: Total IPs/Prefixes = 0/0, AssignedIPs/CooldownIPs: 0/0, c.maxIPsPerENI = 80"}
{"level":"debug","ts":"2026-10-05T08:43:49.369Z","caller":"ipamd/ipamd.go:795","msg":"IP stats for Network Card 0 - total IPs: 0, assigned IPs: 0, cooldown IPs: 0"}
{"level":"debug","ts":"2026-10-05T08:43:49.369Z","caller":"ipamd/ipamd.go:813","msg":"Starting to increase pool size for network card 0"}
{"level":"debug","ts":"2026-10-05T08:43:49.369Z","caller":"ipamd/ipamd.go:966","msg":"Node found \"ip-10-20-0-28.ec2.internal\" - no of taints - 0"}
{"level":"debug","ts":"2026-10-05T08:43:49.369Z","caller":"ipamd/ipamd.go:2758","msg":"Prefix target is 1, short of 1 prefixes, free 0 prefixes"}
{"level":"debug","ts":"2026-10-05T08:43:49.369Z","caller":"ipamd/ipamd.go:1248","msg":"ToAllocate: 1, Network Card 0"}
{"level":"debug","ts":"2026-10-05T08:43:49.369Z","caller":"ipamd/ipamd.go:1251","msg":"Found ENI eni-EXAMPLE19 that has less than the maximum number of IP/Prefixes addresses allocated: cur=0, max=5"}
{"level":"info","ts":"2026-10-05T08:43:49.369Z","caller":"ipamd/ipamd.go:1255","msg":"Trying to allocate 1 IP addresses on ENI eni-EXAMPLE19"}
{"level":"debug","ts":"2026-10-05T08:43:49.369Z","caller":"ipamd/ipamd.go:1255","msg":"PD enabled - true"}
{"level":"info","ts":"2026-10-05T08:43:49.779Z","caller":"rpc/rpc_grpc.pb.go:117","msg":"Received AddNetwork for NS /var/run/netns/cni-24b83010-b015-03ae-c4e1-e61dceea6b2c, Sandbox fca4cfac3bd00427123b25e30bd38aadcebdd04cd461c0b97c1dfe6e903f5a12, ifname eth0"}
{"level":"debug","ts":"2026-10-05T08:43:49.779Z","caller":"rpc/rpc_grpc.pb.go:117","msg":"AddNetworkRequest: K8S_POD_NAME:\"pause-68d5b89fc-88226\"  K8S_POD_NAMESPACE:\"default\"  K8S_POD_INFRA_CONTAINER_ID:\"fca4cfac3bd00427123b25e30bd38aadcebdd04cd461c0b97c1dfe6e903f5a12\"  ContainerID:\"fca4cfac3bd00427123b25e30bd38aadcebdd04cd461c0b97c1dfe6e903f5a12\"  IfName:\"eth0\"  NetworkName:\"aws-cni\"  Netns:\"/var/run/netns/cni-24b83010-b015-03ae-c4e1-e61dceea6b2c\""}
{"level":"info","ts":"2026-10-05T08:43:49.779Z","caller":"rpc/rpc_grpc.pb.go:117","msg":"Required MultiNIC access false, interfaces required 1"}
{"level":"debug","ts":"2026-10-05T08:43:49.779Z","caller":"datastore/data_store.go:713","msg":"AssignPodIPv4Address: IP address pool stats: total 0, assigned 0"}
{"level":"debug","ts":"2026-10-05T08:43:49.779Z","caller":"datastore/data_store.go:713","msg":"AssignPodIPv4Address: ENI eni-EXAMPLE19 does not have available addresses"}
{"level":"error","ts":"2026-10-05T08:43:49.779Z","caller":"datastore/data_store.go:713","msg":"DataStore has no available IP/Prefix addresses"}
{"level":"warn","ts":"2026-10-05T08:43:49.779Z","caller":"rpc/rpc_grpc.pb.go:117","msg":"Failed to assign IPs from network card 0: AssignPodIPAddress: no available IP/Prefix addresses"}
{"level":"error","ts":"2026-10-05T08:43:49.779Z","caller":"rpc/rpc_grpc.pb.go:117","msg":"Returning failure response for AddNetwork: 1 error occurred:\n\t* AssignPodIPAddress: no available IP/Prefix addresses\n\n"}
{"level":"info","ts":"2026-10-05T08:43:49.779Z","caller":"rpc/rpc_grpc.pb.go:117","msg":"Send AddNetworkReply: Success: false IPAddr: [], resp: , err: AssignPodIPAddress: no available IP/Prefix addresses"}
{"level":"debug","ts":"2026-10-05T08:43:49.798Z","caller":"awsutils/awsutils.go:2174","msg":"checkAPIErrorAndBroadcastEvent resulted in operation error EC2: AssignPrivateIpAddresses, https response error StatusCode: 400, RequestID: 3c1514cf-e47c-47f7-8809-f5c6ae9c9204, api error InsufficientCidrBlocks: The specified subnet does not have enough free cidr blocks to satisfy the request."}
{"level":"error","ts":"2026-10-05T08:43:49.798Z","caller":"ipamd/ipamd.go:1255","msg":"Failed to allocate a private IP/Prefix addresses on ENI eni-EXAMPLE19: operation error EC2: AssignPrivateIpAddresses, https response error StatusCode: 400, RequestID: 3c1514cf-e47c-47f7-8809-f5c6ae9c9204, api error InsufficientCidrBlocks: The specified subnet does not have enough free cidr blocks to satisfy the request."}
{"level":"debug","ts":"2026-10-05T08:43:49.798Z","caller":"ipamd/ipamd.go:1256","msg":"containsPrivateIPAddressLimitExceededError encountered operation error EC2: AssignPrivateIpAddresses, https response error StatusCode: 400, RequestID: 3c1514cf-e47c-47f7-8809-f5c6ae9c9204, api error InsufficientCidrBlocks: The specified subnet does not have enough free cidr blocks to satisfy the request."}
{"level":"warn","ts":"2026-10-05T08:43:49.798Z","caller":"ipamd/ipamd.go:1113","msg":"failed to allocate all available IPv4 Prefixes on ENI eni-EXAMPLE19, err: operation error EC2: AssignPrivateIpAddresses, https response error StatusCode: 400, RequestID: 3c1514cf-e47c-47f7-8809-f5c6ae9c9204, api error InsufficientCidrBlocks: The specified subnet does not have enough free cidr blocks to satisfy the request."}
{"level":"info","ts":"2026-10-05T08:43:49.798Z","caller":"ipamd/ipamd.go:1259","msg":"Trying to allocate 1 IP addresses on ENI eni-EXAMPLE19"}
{"level":"debug","ts":"2026-10-05T08:43:49.798Z","caller":"ipamd/ipamd.go:1259","msg":"PD enabled - true"}
{"level":"info","ts":"2026-10-05T08:43:49.805Z","caller":"rpc/rpc_grpc.pb.go:135","msg":"Received DelNetwork for Sandbox fca4cfac3bd00427123b25e30bd38aadcebdd04cd461c0b97c1dfe6e903f5a12"}
{"level":"debug","ts":"2026-10-05T08:43:49.805Z","caller":"rpc/rpc_grpc.pb.go:135","msg":"DelNetworkRequest: K8S_POD_NAME:\"pause-68d5b89fc-88226\"  K8S_POD_NAMESPACE:\"default\"  K8S_POD_INFRA_CONTAINER_ID:\"fca4cfac3bd00427123b25e30bd38aadcebdd04cd461c0b97c1dfe6e903f5a12\"  Reason:\"PodDeleted\"  ContainerID:\"fca4cfac3bd00427123b25e30bd38aadcebdd04cd461c0b97c1dfe6e903f5a12\"  IfName:\"eth0\"  NetworkName:\"aws-cni\"  K8S_POD_UID:\"e903ba0e-e96e-48c7-90d6-ad1a2a6941a3\""}
{"level":"debug","ts":"2026-10-05T08:43:49.805Z","caller":"ipamd/rpc_handler.go:353","msg":"UnassignPodIPAddress: IP address pool stats: total 0, assigned 0, sandbox aws-cni/fca4cfac3bd00427123b25e30bd38aadcebdd04cd461c0b97c1dfe6e903f5a12/eth0"}
{"level":"debug","ts":"2026-10-05T08:43:49.805Z","caller":"ipamd/rpc_handler.go:353","msg":"UnassignPodIPAddress: Failed to find IPAM entry under full key, trying CRI-migrated version"}
{"level":"warn","ts":"2026-10-05T08:43:49.805Z","caller":"ipamd/rpc_handler.go:353","msg":"UnassignPodIPAddress: Failed to find sandbox _migrated-from-cri/fca4cfac3bd00427123b25e30bd38aadcebdd04cd461c0b97c1dfe6e903f5a12/unknown"}
{"level":"info","ts":"2026-10-05T08:43:49.805Z","caller":"rpc/rpc_grpc.pb.go:135","msg":"Send DelNetworkReply: IPAddress: [], err: 1 error occurred:\n\t* datastore: unknown pod\n\n"}
{"level":"debug","ts":"2026-10-05T08:43:50.234Z","caller":"awsutils/awsutils.go:2174","msg":"checkAPIErrorAndBroadcastEvent resulted in operation error EC2: AssignPrivateIpAddresses, https response error StatusCode: 400, RequestID: 607547a0-870f-41f6-b973-c336f528a797, api error InsufficientCidrBlocks: The specified subnet does not have enough free cidr blocks to satisfy the request."}
{"level":"error","ts":"2026-10-05T08:43:50.234Z","caller":"ipamd/ipamd.go:1259","msg":"Failed to allocate a private IP/Prefix addresses on ENI eni-EXAMPLE19: operation error EC2: AssignPrivateIpAddresses, https response error StatusCode: 400, RequestID: 607547a0-870f-41f6-b973-c336f528a797, api error InsufficientCidrBlocks: The specified subnet does not have enough free cidr blocks to satisfy the request."}
{"level":"debug","ts":"2026-10-05T08:43:50.234Z","caller":"ipamd/ipamd.go:1260","msg":"containsPrivateIPAddressLimitExceededError encountered operation error EC2: AssignPrivateIpAddresses, https response error StatusCode: 400, RequestID: 607547a0-870f-41f6-b973-c336f528a797, api error InsufficientCidrBlocks: The specified subnet does not have enough free cidr blocks to satisfy the request."}
{"level":"debug","ts":"2026-10-05T08:43:50.234Z","caller":"ipamd/ipamd.go:1262","msg":"containsInsufficientCIDRsOrSubnetIPs encountered operation error EC2: AssignPrivateIpAddresses, https response error StatusCode: 400, RequestID: 607547a0-870f-41f6-b973-c336f528a797, api error InsufficientCidrBlocks: The specified subnet does not have enough free cidr blocks to satisfy the request."}
{"level":"debug","ts":"2026-10-05T08:43:50.234Z","caller":"ipamd/ipamd.go:1262","msg":"Insufficient IP Addresses due to: InsufficientCidrBlocks\n"}
{"level":"debug","ts":"2026-10-05T08:43:50.234Z","caller":"ipamd/ipamd.go:1003","msg":"hasRoomForEni: networkCard=0, currentENIs=1, currentUsableENIs=1, maxENI=3, unmanagedENI=0, trunkEni=0, excludedENI=0, hasRoom=true"}
{"level":"debug","ts":"2026-10-05T08:43:50.234Z","caller":"ipamd/ipamd.go:2758","msg":"Prefix target is 1, short of 1 prefixes, free 0 prefixes"}
{"level":"debug","ts":"2026-10-05T08:43:50.234Z","caller":"ipamd/ipamd.go:2595","msg":"ToAllocate: 1, Network Card 0"}
{"level":"info","ts":"2026-10-05T08:43:50.234Z","caller":"awsutils/awsutils.go:1044","msg":"Trying to allocate 1 IP addresses on new ENI"}
{"level":"debug","ts":"2026-10-05T08:43:50.234Z","caller":"awsutils/awsutils.go:1044","msg":"PD enabled - true"}
{"level":"debug","ts":"2026-10-05T08:43:50.498Z","caller":"awsutils/awsutils.go:1272","msg":"Primary subnet subnet-EXAMPLE4 has no kubernetes.io/role/cni tag, including it for ENI creation (backwards compatibility)"}
{"level":"info","ts":"2026-10-05T08:43:50.498Z","caller":"awsutils/awsutils.go:1044","msg":"Creating ENI with security groups: [sg-EXAMPLE1] in subnet: subnet-EXAMPLE4"}
{"level":"debug","ts":"2026-10-05T08:43:50.740Z","caller":"awsutils/awsutils.go:1449","msg":"checkAPIErrorAndBroadcastEvent resulted in operation error EC2: CreateNetworkInterface, https response error StatusCode: 400, RequestID: 6d4d43c5-efd0-4074-a4ec-a011f8116dc9, api error InvalidParameterValue: There aren't sufficient free Ipv4 addresses or prefixes"}
{"level":"error","ts":"2026-10-05T08:43:50.740Z","caller":"awsutils/awsutils.go:1285","msg":"Failed to CreateNetworkInterface operation error EC2: CreateNetworkInterface, https response error StatusCode: 400, RequestID: 6d4d43c5-efd0-4074-a4ec-a011f8116dc9, api error InvalidParameterValue: There aren't sufficient free Ipv4 addresses or prefixes for subnet subnet-EXAMPLE4"}
{"level":"debug","ts":"2026-10-05T08:43:50.740Z","caller":"awsutils/awsutils.go:1272","msg":"Subnet subnet-EXAMPLE3 has no kubernetes.io/role/cni tag, excluding it from ENI creation"}
{"level":"error","ts":"2026-10-05T08:43:50.740Z","caller":"ipamd/ipamd.go:1004","msg":"Failed to increase pool size due to not able to allocate ENI AllocENI: failed to create ENI: failed to create network interface: operation error EC2: CreateNetworkInterface, https response error StatusCode: 400, RequestID: 6d4d43c5-efd0-4074-a4ec-a011f8116dc9, api error InvalidParameterValue: There aren't sufficient free Ipv4 addresses or prefixes"}
{"level":"warn","ts":"2026-10-05T08:43:50.740Z","caller":"ipamd/ipamd.go:1004","msg":"Failed to allocate 1 IP addresses on an ENI: AllocENI: failed to create ENI: failed to create network interface: operation error EC2: CreateNetworkInterface, https response error StatusCode: 400, RequestID: 6d4d43c5-efd0-4074-a4ec-a011f8116dc9, api error InvalidParameterValue: There aren't sufficient free Ipv4 addresses or prefixes"}
{"level":"debug","ts":"2026-10-05T08:43:50.740Z","caller":"ipamd/ipamd.go:1082","msg":"containsInsufficientCIDRsOrSubnetIPs encountered AllocENI: failed to create ENI: failed to create network interface: operation error EC2: CreateNetworkInterface, https response error StatusCode: 400, RequestID: 6d4d43c5-efd0-4074-a4ec-a011f8116dc9, api error InvalidParameterValue: There aren't sufficient free Ipv4 addresses or prefixes"}
{"level":"debug","ts":"2026-10-05T08:43:50.740Z","caller":"ipamd/ipamd.go:1082","msg":"Insufficient IP Addresses due to: InvalidParameterValue\n"}
{"level":"debug","ts":"2026-10-05T08:43:50.740Z","caller":"ipamd/ipamd.go:813","msg":"Error trying to allocate ENI: AllocENI: failed to create ENI: failed to create network interface: operation error EC2: CreateNetworkInterface, https response error StatusCode: 400, RequestID: 6d4d43c5-efd0-4074-a4ec-a011f8116dc9, api error InvalidParameterValue: There aren't sufficient free Ipv4 addresses or prefixes"}
{"level":"debug","ts":"2026-10-05T08:43:50.740Z","caller":"ipamd/ipamd.go:1548","msg":"ENI eni-EXAMPLE19 cannot be deleted because it is primary"}
{"level":"info","ts":"2026-10-05T08:43:52.778Z","caller":"rpc/rpc_grpc.pb.go:117","msg":"Received AddNetwork for NS /var/run/netns/cni-2b17965a-daec-a183-bc62-745673d964a7, Sandbox c7ad0b23b20d2ed0f58e841f990c869d42bcef0fa5fa5e581cc6e6867e5c6a5a, ifname eth0"}
{"level":"debug","ts":"2026-10-05T08:43:52.778Z","caller":"rpc/rpc_grpc.pb.go:117","msg":"AddNetworkRequest: K8S_POD_NAME:\"pause-68d5b89fc-5gpj2\"  K8S_POD_NAMESPACE:\"default\"  K8S_POD_INFRA_CONTAINER_ID:\"c7ad0b23b20d2ed0f58e841f990c869d42bcef0fa5fa5e581cc6e6867e5c6a5a\"  ContainerID:\"c7ad0b23b20d2ed0f58e841f990c869d42bcef0fa5fa5e581cc6e6867e5c6a5a\"  IfName:\"eth0\"  NetworkName:\"aws-cni\"  Netns:\"/var/run/netns/cni-2b17965a-daec-a183-bc62-745673d964a7\""}
{"level":"info","ts":"2026-10-05T08:43:52.778Z","caller":"rpc/rpc_grpc.pb.go:117","msg":"Required MultiNIC access false, interfaces required 1"}
{"level":"debug","ts":"2026-10-05T08:43:52.778Z","caller":"datastore/data_store.go:713","msg":"AssignPodIPv4Address: IP address pool stats: total 0, assigned 0"}
{"level":"debug","ts":"2026-10-05T08:43:52.778Z","caller":"datastore/data_store.go:713","msg":"AssignPodIPv4Address: ENI eni-EXAMPLE19 does not have available addresses"}
{"level":"error","ts":"2026-10-05T08:43:52.778Z","caller":"datastore/data_store.go:713","msg":"DataStore has no available IP/Prefix addresses"}
{"level":"warn","ts":"2026-10-05T08:43:52.778Z","caller":"rpc/rpc_grpc.pb.go:117","msg":"Failed to assign IPs from network card 0: AssignPodIPAddress: no available IP/Prefix addresses"}
{"level":"error","ts":"2026-10-05T08:43:52.778Z","caller":"rpc/rpc_grpc.pb.go:117","msg":"Returning failure response for AddNetwork: 1 error occurred:\n\t* AssignPodIPAddress: no available IP/Prefix addresses\n\n"}
{"level":"info","ts":"2026-10-05T08:43:52.778Z","caller":"rpc/rpc_grpc.pb.go:117","msg":"Send AddNetworkReply: Success: false IPAddr: [], resp: , err: AssignPodIPAddress: no available IP/Prefix addresses"}
{"level":"info","ts":"2026-10-05T08:43:52.803Z","caller":"rpc/rpc_grpc.pb.go:135","msg":"Received DelNetwork for Sandbox c7ad0b23b20d2ed0f58e841f990c869d42bcef0fa5fa5e581cc6e6867e5c6a5a"}
{"level":"debug","ts":"2026-10-05T08:43:52.803Z","caller":"rpc/rpc_grpc.pb.go:135","msg":"DelNetworkRequest: K8S_POD_NAME:\"pause-68d5b89fc-5gpj2\"  K8S_POD_NAMESPACE:\"default\"  K8S_POD_INFRA_CONTAINER_ID:\"c7ad0b23b20d2ed0f58e841f990c869d42bcef0fa5fa5e581cc6e6867e5c6a5a\"  Reason:\"PodDeleted\"  ContainerID:\"c7ad0b23b20d2ed0f58e841f990c869d42bcef0fa5fa5e581cc6e6867e5c6a5a\"  IfName:\"eth0\"  NetworkName:\"aws-cni\"  K8S_POD_UID:\"8da26452-5df7-4b5d-bf8b-b8df9d619b63\""}
{"level":"debug","ts":"2026-10-05T08:43:52.803Z","caller":"ipamd/rpc_handler.go:353","msg":"UnassignPodIPAddress: IP address pool stats: total 0, assigned 0, sandbox aws-cni/c7ad0b23b20d2ed0f58e841f990c869d42bcef0fa5fa5e581cc6e6867e5c6a5a/eth0"}
{"level":"debug","ts":"2026-10-05T08:43:52.803Z","caller":"ipamd/rpc_handler.go:353","msg":"UnassignPodIPAddress: Failed to find IPAM entry under full key, trying CRI-migrated version"}
{"level":"warn","ts":"2026-10-05T08:43:52.803Z","caller":"ipamd/rpc_handler.go:353","msg":"UnassignPodIPAddress: Failed to find sandbox _migrated-from-cri/c7ad0b23b20d2ed0f58e841f990c869d42bcef0fa5fa5e581cc6e6867e5c6a5a/unknown"}
{"level":"info","ts":"2026-10-05T08:43:52.803Z","caller":"rpc/rpc_grpc.pb.go:135","msg":"Send DelNetworkReply: IPAddress: [], err: 1 error occurred:\n\t* datastore: unknown pod\n\n"}
{"level":"info","ts":"2026-10-05T08:43:53.775Z","caller":"rpc/rpc_grpc.pb.go:117","msg":"Received AddNetwork for NS /var/run/netns/cni-e92ca515-24e5-d2d3-e18c-35a87fad9424, Sandbox f8c1abe72b63fdfbf598daf3861cebdbc9458ebff2c84d1685d9257e000ec671, ifname eth0"}
{"level":"debug","ts":"2026-10-05T08:43:53.775Z","caller":"rpc/rpc_grpc.pb.go:117","msg":"AddNetworkRequest: K8S_POD_NAME:\"pause-68d5b89fc-n9q4v\"  K8S_POD_NAMESPACE:\"default\"  K8S_POD_INFRA_CONTAINER_ID:\"f8c1abe72b63fdfbf598daf3861cebdbc9458ebff2c84d1685d9257e000ec671\"  ContainerID:\"f8c1abe72b63fdfbf598daf3861cebdbc9458ebff2c84d1685d9257e000ec671\"  IfName:\"eth0\"  NetworkName:\"aws-cni\"  Netns:\"/var/run/netns/cni-e92ca515-24e5-d2d3-e18c-35a87fad9424\""}
{"level":"info","ts":"2026-10-05T08:43:53.775Z","caller":"rpc/rpc_grpc.pb.go:117","msg":"Required MultiNIC access false, interfaces required 1"}
{"level":"debug","ts":"2026-10-05T08:43:53.775Z","caller":"datastore/data_store.go:713","msg":"AssignPodIPv4Address: IP address pool stats: total 0, assigned 0"}
{"level":"debug","ts":"2026-10-05T08:43:53.775Z","caller":"datastore/data_store.go:713","msg":"AssignPodIPv4Address: ENI eni-EXAMPLE19 does not have available addresses"}
{"level":"error","ts":"2026-10-05T08:43:53.775Z","caller":"datastore/data_store.go:713","msg":"DataStore has no available IP/Prefix addresses"}
{"level":"warn","ts":"2026-10-05T08:43:53.775Z","caller":"rpc/rpc_grpc.pb.go:117","msg":"Failed to assign IPs from network card 0: AssignPodIPAddress: no available IP/Prefix addresses"}
{"level":"error","ts":"2026-10-05T08:43:53.775Z","caller":"rpc/rpc_grpc.pb.go:117","msg":"Returning failure response for AddNetwork: 1 error occurred:\n\t* AssignPodIPAddress: no available IP/Prefix addresses\n\n"}
{"level":"info","ts":"2026-10-05T08:43:53.775Z","caller":"rpc/rpc_grpc.pb.go:117","msg":"Send AddNetworkReply: Success: false IPAddr: [], resp: , err: AssignPodIPAddress: no available IP/Prefix addresses"}
{"level":"info","ts":"2026-10-05T08:43:53.800Z","caller":"rpc/rpc_grpc.pb.go:135","msg":"Received DelNetwork for Sandbox f8c1abe72b63fdfbf598daf3861cebdbc9458ebff2c84d1685d9257e000ec671"}
{"level":"debug","ts":"2026-10-05T08:43:53.800Z","caller":"rpc/rpc_grpc.pb.go:135","msg":"DelNetworkRequest: K8S_POD_NAME:\"pause-68d5b89fc-n9q4v\"  K8S_POD_NAMESPACE:\"default\"  K8S_POD_INFRA_CONTAINER_ID:\"f8c1abe72b63fdfbf598daf3861cebdbc9458ebff2c84d1685d9257e000ec671\"  Reason:\"PodDeleted\"  ContainerID:\"f8c1abe72b63fdfbf598daf3861cebdbc9458ebff2c84d1685d9257e000ec671\"  IfName:\"eth0\"  NetworkName:\"aws-cni\"  K8S_POD_UID:\"f68fbeb2-acd7-443d-aaf4-9fe8443ea42e\""}
{"level":"debug","ts":"2026-10-05T08:43:53.800Z","caller":"ipamd/rpc_handler.go:353","msg":"UnassignPodIPAddress: IP address pool stats: total 0, assigned 0, sandbox aws-cni/f8c1abe72b63fdfbf598daf3861cebdbc9458ebff2c84d1685d9257e000ec671/eth0"}
{"level":"debug","ts":"2026-10-05T08:43:53.800Z","caller":"ipamd/rpc_handler.go:353","msg":"UnassignPodIPAddress: Failed to find IPAM entry under full key, trying CRI-migrated version"}
{"level":"warn","ts":"2026-10-05T08:43:53.800Z","caller":"ipamd/rpc_handler.go:353","msg":"UnassignPodIPAddress: Failed to find sandbox _migrated-from-cri/f8c1abe72b63fdfbf598daf3861cebdbc9458ebff2c84d1685d9257e000ec671/unknown"}
{"level":"info","ts":"2026-10-05T08:43:53.800Z","caller":"rpc/rpc_grpc.pb.go:135","msg":"Send DelNetworkReply: IPAddress: [], err: 1 error occurred:\n\t* datastore: unknown pod\n\n"}
{"level":"debug","ts":"2026-10-05T08:43:55.741Z","caller":"ipamd/ipamd.go:809","msg":"IP pool is too low for Network Card 0: available (0) < ENI target (1) * addrsPerENI (16)"}
{"level":"debug","ts":"2026-10-05T08:43:55.741Z","caller":"ipamd/ipamd.go:2689","msg":"Prefix pool stats for network card 0: Total IPs/Prefixes = 0/0, AssignedIPs/CooldownIPs: 0/0, c.maxIPsPerENI = 80"}
{"level":"debug","ts":"2026-10-05T08:43:55.741Z","caller":"ipamd/ipamd.go:795","msg":"IP stats for Network Card 0 - total IPs: 0, assigned IPs: 0, cooldown IPs: 0"}
{"level":"debug","ts":"2026-10-05T08:43:55.741Z","caller":"ipamd/ipamd.go:813","msg":"Starting to increase pool size for network card 0"}
{"level":"debug","ts":"2026-10-05T08:43:55.741Z","caller":"ipamd/ipamd.go:966","msg":"Node found \"ip-10-20-0-28.ec2.internal\" - no of taints - 0"}
{"level":"debug","ts":"2026-10-05T08:43:55.741Z","caller":"ipamd/ipamd.go:2758","msg":"Prefix target is 1, short of 1 prefixes, free 0 prefixes"}
{"level":"debug","ts":"2026-10-05T08:43:55.741Z","caller":"ipamd/ipamd.go:1248","msg":"ToAllocate: 1, Network Card 0"}
{"level":"debug","ts":"2026-10-05T08:43:55.741Z","caller":"ipamd/ipamd.go:1251","msg":"Found ENI eni-EXAMPLE19 that has less than the maximum number of IP/Prefixes addresses allocated: cur=0, max=5"}
{"level":"info","ts":"2026-10-05T08:43:55.741Z","caller":"ipamd/ipamd.go:1255","msg":"Trying to allocate 1 IP addresses on ENI eni-EXAMPLE19"}
{"level":"debug","ts":"2026-10-05T08:43:55.741Z","caller":"ipamd/ipamd.go:1255","msg":"PD enabled - true"}
{"level":"debug","ts":"2026-10-05T08:43:56.144Z","caller":"awsutils/awsutils.go:2174","msg":"checkAPIErrorAndBroadcastEvent resulted in operation error EC2: AssignPrivateIpAddresses, https response error StatusCode: 400, RequestID: edc519c8-818a-4d01-b960-9c7e6cfb00b4, api error InsufficientCidrBlocks: The specified subnet does not have enough free cidr blocks to satisfy the request."}
{"level":"error","ts":"2026-10-05T08:43:56.144Z","caller":"ipamd/ipamd.go:1255","msg":"Failed to allocate a private IP/Prefix addresses on ENI eni-EXAMPLE19: operation error EC2: AssignPrivateIpAddresses, https response error StatusCode: 400, RequestID: edc519c8-818a-4d01-b960-9c7e6cfb00b4, api error InsufficientCidrBlocks: The specified subnet does not have enough free cidr blocks to satisfy the request."}
{"level":"debug","ts":"2026-10-05T08:43:56.144Z","caller":"ipamd/ipamd.go:1256","msg":"containsPrivateIPAddressLimitExceededError encountered operation error EC2: AssignPrivateIpAddresses, https response error StatusCode: 400, RequestID: edc519c8-818a-4d01-b960-9c7e6cfb00b4, api error InsufficientCidrBlocks: The specified subnet does not have enough free cidr blocks to satisfy the request."}
{"level":"warn","ts":"2026-10-05T08:43:56.144Z","caller":"ipamd/ipamd.go:1113","msg":"failed to allocate all available IPv4 Prefixes on ENI eni-EXAMPLE19, err: operation error EC2: AssignPrivateIpAddresses, https response error StatusCode: 400, RequestID: edc519c8-818a-4d01-b960-9c7e6cfb00b4, api error InsufficientCidrBlocks: The specified subnet does not have enough free cidr blocks to satisfy the request."}
{"level":"info","ts":"2026-10-05T08:43:56.144Z","caller":"ipamd/ipamd.go:1259","msg":"Trying to allocate 1 IP addresses on ENI eni-EXAMPLE19"}
{"level":"debug","ts":"2026-10-05T08:43:56.144Z","caller":"ipamd/ipamd.go:1259","msg":"PD enabled - true"}
{"level":"debug","ts":"2026-10-05T08:43:56.553Z","caller":"awsutils/awsutils.go:2174","msg":"checkAPIErrorAndBroadcastEvent resulted in operation error EC2: AssignPrivateIpAddresses, https response error StatusCode: 400, RequestID: ae2760f1-3195-4db4-b934-17006258606a, api error InsufficientCidrBlocks: The specified subnet does not have enough free cidr blocks to satisfy the request."}
{"level":"error","ts":"2026-10-05T08:43:56.553Z","caller":"ipamd/ipamd.go:1259","msg":"Failed to allocate a private IP/Prefix addresses on ENI eni-EXAMPLE19: operation error EC2: AssignPrivateIpAddresses, https response error StatusCode: 400, RequestID: ae2760f1-3195-4db4-b934-17006258606a, api error InsufficientCidrBlocks: The specified subnet does not have enough free cidr blocks to satisfy the request."}
{"level":"debug","ts":"2026-10-05T08:43:56.553Z","caller":"ipamd/ipamd.go:1260","msg":"containsPrivateIPAddressLimitExceededError encountered operation error EC2: AssignPrivateIpAddresses, https response error StatusCode: 400, RequestID: ae2760f1-3195-4db4-b934-17006258606a, api error InsufficientCidrBlocks: The specified subnet does not have enough free cidr blocks to satisfy the request."}
{"level":"debug","ts":"2026-10-05T08:43:56.553Z","caller":"ipamd/ipamd.go:1262","msg":"containsInsufficientCIDRsOrSubnetIPs encountered operation error EC2: AssignPrivateIpAddresses, https response error StatusCode: 400, RequestID: ae2760f1-3195-4db4-b934-17006258606a, api error InsufficientCidrBlocks: The specified subnet does not have enough free cidr blocks to satisfy the request."}
{"level":"debug","ts":"2026-10-05T08:43:56.553Z","caller":"ipamd/ipamd.go:1262","msg":"Insufficient IP Addresses due to: InsufficientCidrBlocks\n"}
{"level":"debug","ts":"2026-10-05T08:43:56.553Z","caller":"ipamd/ipamd.go:1003","msg":"hasRoomForEni: networkCard=0, currentENIs=1, currentUsableENIs=1, maxENI=3, unmanagedENI=0, trunkEni=0, excludedENI=0, hasRoom=true"}
{"level":"debug","ts":"2026-10-05T08:43:56.553Z","caller":"ipamd/ipamd.go:2758","msg":"Prefix target is 1, short of 1 prefixes, free 0 prefixes"}
{"level":"debug","ts":"2026-10-05T08:43:56.553Z","caller":"ipamd/ipamd.go:2595","msg":"ToAllocate: 1, Network Card 0"}
{"level":"info","ts":"2026-10-05T08:43:56.553Z","caller":"awsutils/awsutils.go:1044","msg":"Trying to allocate 1 IP addresses on new ENI"}
{"level":"debug","ts":"2026-10-05T08:43:56.553Z","caller":"awsutils/awsutils.go:1044","msg":"PD enabled - true"}
{"level":"debug","ts":"2026-10-05T08:43:56.800Z","caller":"awsutils/awsutils.go:1272","msg":"Primary subnet subnet-EXAMPLE4 has no kubernetes.io/role/cni tag, including it for ENI creation (backwards compatibility)"}
{"level":"info","ts":"2026-10-05T08:43:56.800Z","caller":"awsutils/awsutils.go:1044","msg":"Creating ENI with security groups: [sg-EXAMPLE1] in subnet: subnet-EXAMPLE4"}
{"level":"debug","ts":"2026-10-05T08:43:57.015Z","caller":"awsutils/awsutils.go:1449","msg":"checkAPIErrorAndBroadcastEvent resulted in operation error EC2: CreateNetworkInterface, https response error StatusCode: 400, RequestID: 2b2d3b8e-e70b-4617-8b34-2d724bf42da1, api error InvalidParameterValue: There aren't sufficient free Ipv4 addresses or prefixes"}
{"level":"error","ts":"2026-10-05T08:43:57.015Z","caller":"awsutils/awsutils.go:1285","msg":"Failed to CreateNetworkInterface operation error EC2: CreateNetworkInterface, https response error StatusCode: 400, RequestID: 2b2d3b8e-e70b-4617-8b34-2d724bf42da1, api error InvalidParameterValue: There aren't sufficient free Ipv4 addresses or prefixes for subnet subnet-EXAMPLE4"}
{"level":"debug","ts":"2026-10-05T08:43:57.016Z","caller":"awsutils/awsutils.go:1272","msg":"Subnet subnet-EXAMPLE3 has no kubernetes.io/role/cni tag, excluding it from ENI creation"}
{"level":"error","ts":"2026-10-05T08:43:57.016Z","caller":"ipamd/ipamd.go:1004","msg":"Failed to increase pool size due to not able to allocate ENI AllocENI: failed to create ENI: failed to create network interface: operation error EC2: CreateNetworkInterface, https response error StatusCode: 400, RequestID: 2b2d3b8e-e70b-4617-8b34-2d724bf42da1, api error InvalidParameterValue: There aren't sufficient free Ipv4 addresses or prefixes"}
{"level":"warn","ts":"2026-10-05T08:43:57.016Z","caller":"ipamd/ipamd.go:1004","msg":"Failed to allocate 1 IP addresses on an ENI: AllocENI: failed to create ENI: failed to create network interface: operation error EC2: CreateNetworkInterface, https response error StatusCode: 400, RequestID: 2b2d3b8e-e70b-4617-8b34-2d724bf42da1, api error InvalidParameterValue: There aren't sufficient free Ipv4 addresses or prefixes"}
{"level":"debug","ts":"2026-10-05T08:43:57.016Z","caller":"ipamd/ipamd.go:1082","msg":"containsInsufficientCIDRsOrSubnetIPs encountered AllocENI: failed to create ENI: failed to create network interface: operation error EC2: CreateNetworkInterface, https response error StatusCode: 400, RequestID: 2b2d3b8e-e70b-4617-8b34-2d724bf42da1, api error InvalidParameterValue: There aren't sufficient free Ipv4 addresses or prefixes"}
{"level":"debug","ts":"2026-10-05T08:43:57.016Z","caller":"ipamd/ipamd.go:1082","msg":"Insufficient IP Addresses due to: InvalidParameterValue\n"}
{"level":"debug","ts":"2026-10-05T08:43:57.016Z","caller":"ipamd/ipamd.go:813","msg":"Error trying to allocate ENI: AllocENI: failed to create ENI: failed to create network interface: operation error EC2: CreateNetworkInterface, https response error StatusCode: 400, RequestID: 2b2d3b8e-e70b-4617-8b34-2d724bf42da1, api error InvalidParameterValue: There aren't sufficient free Ipv4 addresses or prefixes"}
{"level":"debug","ts":"2026-10-05T08:43:57.016Z","caller":"ipamd/ipamd.go:1548","msg":"ENI eni-EXAMPLE19 cannot be deleted because it is primary"}
{"level":"debug","ts":"2026-10-05T08:43:59.516Z","caller":"ipamd/ipamd.go:798","msg":"Reconciling ENI/IP pool info because time since last 1m2.942758889s > 1m0s"}
{"level":"debug","ts":"2026-10-05T08:43:59.518Z","caller":"ipamd/ipamd.go:1621","msg":"Total number of interfaces found: 1 "}
{"level":"debug","ts":"2026-10-05T08:43:59.518Z","caller":"awsutils/awsutils.go:787","msg":"Found ENI MAC address: 12:ff:db:1a:05:f7"}
{"level":"debug","ts":"2026-10-05T08:43:59.520Z","caller":"awsutils/awsutils.go:787","msg":"Found ENI: eni-EXAMPLE19, MAC 12:ff:db:1a:05:f7, device 0"}
{"level":"debug","ts":"2026-10-05T08:43:59.522Z","caller":"awsutils/awsutils.go:787","msg":"Found IPv4 addresses associated with interface. This is not efa-only interface"}
{"level":"debug","ts":"2026-10-05T08:43:59.526Z","caller":"ipamd/ipamd.go:798","msg":"Reconcile existing ENI eni-EXAMPLE19 IP pool"}
{"level":"info","ts":"2026-10-05T08:43:59.526Z","caller":"ipamd/ipamd.go:1766","msg":"Reconcile and skip primary IP 10.20.0.28 on ENI eni-EXAMPLE19"}
{"level":"debug","ts":"2026-10-05T08:43:59.526Z","caller":"ipamd/ipamd.go:798","msg":"Reconcile existing ENI eni-EXAMPLE19 IP prefixes"}
{"level":"debug","ts":"2026-10-05T08:43:59.526Z","caller":"ipamd/ipamd.go:1693","msg":"Found prefix pool count 0 for eni eni-EXAMPLE19\n"}
{"level":"debug","ts":"2026-10-05T08:43:59.526Z","caller":"ipamd/ipamd.go:798","msg":"Successfully Reconciled ENI/IP pool"}
{"level":"debug","ts":"2026-10-05T08:43:59.526Z","caller":"ipamd/ipamd.go:1738","msg":"Prefix pool stats for network card 0: Total IPs/Prefixes = 0/0, AssignedIPs/CooldownIPs: 0/0, c.maxIPsPerENI = 80"}
{"level":"debug","ts":"2026-10-05T08:43:59.526Z","caller":"ipamd/ipamd.go:798","msg":"Primary IP for ENI eni-EXAMPLE19 is 10.20.0.28"}
{"level":"info","ts":"2026-10-05T08:44:00.776Z","caller":"rpc/rpc_grpc.pb.go:117","msg":"Received AddNetwork for NS /var/run/netns/cni-47b3b31b-bd07-db1f-33aa-16734da65b4f, Sandbox 50b4669e124fd5e22634e4d1acefcc5f37620f323df5746ccf75328a0817702c, ifname eth0"}
{"level":"debug","ts":"2026-10-05T08:44:00.776Z","caller":"rpc/rpc_grpc.pb.go:117","msg":"AddNetworkRequest: K8S_POD_NAME:\"pause-68d5b89fc-88226\"  K8S_POD_NAMESPACE:\"default\"  K8S_POD_INFRA_CONTAINER_ID:\"50b4669e124fd5e22634e4d1acefcc5f37620f323df5746ccf75328a0817702c\"  ContainerID:\"50b4669e124fd5e22634e4d1acefcc5f37620f323df5746ccf75328a0817702c\"  IfName:\"eth0\"  NetworkName:\"aws-cni\"  Netns:\"/var/run/netns/cni-47b3b31b-bd07-db1f-33aa-16734da65b4f\""}
{"level":"info","ts":"2026-10-05T08:44:00.776Z","caller":"rpc/rpc_grpc.pb.go:117","msg":"Required MultiNIC access false, interfaces required 1"}
{"level":"debug","ts":"2026-10-05T08:44:00.776Z","caller":"datastore/data_store.go:713","msg":"AssignPodIPv4Address: IP address pool stats: total 0, assigned 0"}
{"level":"debug","ts":"2026-10-05T08:44:00.776Z","caller":"datastore/data_store.go:713","msg":"AssignPodIPv4Address: ENI eni-EXAMPLE19 does not have available addresses"}
{"level":"error","ts":"2026-10-05T08:44:00.776Z","caller":"datastore/data_store.go:713","msg":"DataStore has no available IP/Prefix addresses"}
{"level":"warn","ts":"2026-10-05T08:44:00.776Z","caller":"rpc/rpc_grpc.pb.go:117","msg":"Failed to assign IPs from network card 0: AssignPodIPAddress: no available IP/Prefix addresses"}
{"level":"error","ts":"2026-10-05T08:44:00.776Z","caller":"rpc/rpc_grpc.pb.go:117","msg":"Returning failure response for AddNetwork: 1 error occurred:\n\t* AssignPodIPAddress: no available IP/Prefix addresses\n\n"}
{"level":"info","ts":"2026-10-05T08:44:00.776Z","caller":"rpc/rpc_grpc.pb.go:117","msg":"Send AddNetworkReply: Success: false IPAddr: [], resp: , err: AssignPodIPAddress: no available IP/Prefix addresses"}
{"level":"info","ts":"2026-10-05T08:44:00.803Z","caller":"rpc/rpc_grpc.pb.go:135","msg":"Received DelNetwork for Sandbox 50b4669e124fd5e22634e4d1acefcc5f37620f323df5746ccf75328a0817702c"}
{"level":"debug","ts":"2026-10-05T08:44:00.804Z","caller":"rpc/rpc_grpc.pb.go:135","msg":"DelNetworkRequest: K8S_POD_NAME:\"pause-68d5b89fc-88226\"  K8S_POD_NAMESPACE:\"default\"  K8S_POD_INFRA_CONTAINER_ID:\"50b4669e124fd5e22634e4d1acefcc5f37620f323df5746ccf75328a0817702c\"  Reason:\"PodDeleted\"  ContainerID:\"50b4669e124fd5e22634e4d1acefcc5f37620f323df5746ccf75328a0817702c\"  IfName:\"eth0\"  NetworkName:\"aws-cni\"  K8S_POD_UID:\"e903ba0e-e96e-48c7-90d6-ad1a2a6941a3\""}
{"level":"debug","ts":"2026-10-05T08:44:00.804Z","caller":"ipamd/rpc_handler.go:353","msg":"UnassignPodIPAddress: IP address pool stats: total 0, assigned 0, sandbox aws-cni/50b4669e124fd5e22634e4d1acefcc5f37620f323df5746ccf75328a0817702c/eth0"}
{"level":"debug","ts":"2026-10-05T08:44:00.804Z","caller":"ipamd/rpc_handler.go:353","msg":"UnassignPodIPAddress: Failed to find IPAM entry under full key, trying CRI-migrated version"}
{"level":"warn","ts":"2026-10-05T08:44:00.804Z","caller":"ipamd/rpc_handler.go:353","msg":"UnassignPodIPAddress: Failed to find sandbox _migrated-from-cri/50b4669e124fd5e22634e4d1acefcc5f37620f323df5746ccf75328a0817702c/unknown"}
{"level":"info","ts":"2026-10-05T08:44:00.804Z","caller":"rpc/rpc_grpc.pb.go:135","msg":"Send DelNetworkReply: IPAddress: [], err: 1 error occurred:\n\t* datastore: unknown pod\n\n"}
{"level":"debug","ts":"2026-10-05T08:44:02.027Z","caller":"ipamd/ipamd.go:809","msg":"IP pool is too low for Network Card 0: available (0) < ENI target (1) * addrsPerENI (16)"}
{"level":"debug","ts":"2026-10-05T08:44:02.027Z","caller":"ipamd/ipamd.go:2689","msg":"Prefix pool stats for network card 0: Total IPs/Prefixes = 0/0, AssignedIPs/CooldownIPs: 0/0, c.maxIPsPerENI = 80"}
{"level":"debug","ts":"2026-10-05T08:44:02.028Z","caller":"ipamd/ipamd.go:795","msg":"IP stats for Network Card 0 - total IPs: 0, assigned IPs: 0, cooldown IPs: 0"}
{"level":"debug","ts":"2026-10-05T08:44:02.028Z","caller":"ipamd/ipamd.go:813","msg":"Starting to increase pool size for network card 0"}
{"level":"debug","ts":"2026-10-05T08:44:02.028Z","caller":"ipamd/ipamd.go:966","msg":"Node found \"ip-10-20-0-28.ec2.internal\" - no of taints - 0"}
{"level":"debug","ts":"2026-10-05T08:44:02.029Z","caller":"ipamd/ipamd.go:2758","msg":"Prefix target is 1, short of 1 prefixes, free 0 prefixes"}
{"level":"debug","ts":"2026-10-05T08:44:02.029Z","caller":"ipamd/ipamd.go:1248","msg":"ToAllocate: 1, Network Card 0"}
{"level":"debug","ts":"2026-10-05T08:44:02.029Z","caller":"ipamd/ipamd.go:1251","msg":"Found ENI eni-EXAMPLE19 that has less than the maximum number of IP/Prefixes addresses allocated: cur=0, max=5"}
{"level":"info","ts":"2026-10-05T08:44:02.029Z","caller":"ipamd/ipamd.go:1255","msg":"Trying to allocate 1 IP addresses on ENI eni-EXAMPLE19"}
{"level":"debug","ts":"2026-10-05T08:44:02.029Z","caller":"ipamd/ipamd.go:1255","msg":"PD enabled - true"}
{"level":"debug","ts":"2026-10-05T08:44:02.485Z","caller":"awsutils/awsutils.go:2174","msg":"checkAPIErrorAndBroadcastEvent resulted in operation error EC2: AssignPrivateIpAddresses, https response error StatusCode: 400, RequestID: a7d0925c-1060-4cee-ae2a-82d3a04f93e6, api error InsufficientCidrBlocks: The specified subnet does not have enough free cidr blocks to satisfy the request."}
{"level":"error","ts":"2026-10-05T08:44:02.485Z","caller":"ipamd/ipamd.go:1255","msg":"Failed to allocate a private IP/Prefix addresses on ENI eni-EXAMPLE19: operation error EC2: AssignPrivateIpAddresses, https response error StatusCode: 400, RequestID: a7d0925c-1060-4cee-ae2a-82d3a04f93e6, api error InsufficientCidrBlocks: The specified subnet does not have enough free cidr blocks to satisfy the request."}
{"level":"debug","ts":"2026-10-05T08:44:02.485Z","caller":"ipamd/ipamd.go:1256","msg":"containsPrivateIPAddressLimitExceededError encountered operation error EC2: AssignPrivateIpAddresses, https response error StatusCode: 400, RequestID: a7d0925c-1060-4cee-ae2a-82d3a04f93e6, api error InsufficientCidrBlocks: The specified subnet does not have enough free cidr blocks to satisfy the request."}
{"level":"warn","ts":"2026-10-05T08:44:02.485Z","caller":"ipamd/ipamd.go:1113","msg":"failed to allocate all available IPv4 Prefixes on ENI eni-EXAMPLE19, err: operation error EC2: AssignPrivateIpAddresses, https response error StatusCode: 400, RequestID: a7d0925c-1060-4cee-ae2a-82d3a04f93e6, api error InsufficientCidrBlocks: The specified subnet does not have enough free cidr blocks to satisfy the request."}
{"level":"info","ts":"2026-10-05T08:44:02.485Z","caller":"ipamd/ipamd.go:1259","msg":"Trying to allocate 1 IP addresses on ENI eni-EXAMPLE19"}
{"level":"debug","ts":"2026-10-05T08:44:02.485Z","caller":"ipamd/ipamd.go:1259","msg":"PD enabled - true"}
{"level":"debug","ts":"2026-10-05T08:44:02.901Z","caller":"awsutils/awsutils.go:2174","msg":"checkAPIErrorAndBroadcastEvent resulted in operation error EC2: AssignPrivateIpAddresses, https response error StatusCode: 400, RequestID: 3a4fd51b-db4c-4b48-9373-bc398f6bfa77, api error InsufficientCidrBlocks: The specified subnet does not have enough free cidr blocks to satisfy the request."}
{"level":"error","ts":"2026-10-05T08:44:02.901Z","caller":"ipamd/ipamd.go:1259","msg":"Failed to allocate a private IP/Prefix addresses on ENI eni-EXAMPLE19: operation error EC2: AssignPrivateIpAddresses, https response error StatusCode: 400, RequestID: 3a4fd51b-db4c-4b48-9373-bc398f6bfa77, api error InsufficientCidrBlocks: The specified subnet does not have enough free cidr blocks to satisfy the request."}
{"level":"debug","ts":"2026-10-05T08:44:02.901Z","caller":"ipamd/ipamd.go:1260","msg":"containsPrivateIPAddressLimitExceededError encountered operation error EC2: AssignPrivateIpAddresses, https response error StatusCode: 400, RequestID: 3a4fd51b-db4c-4b48-9373-bc398f6bfa77, api error InsufficientCidrBlocks: The specified subnet does not have enough free cidr blocks to satisfy the request."}
{"level":"debug","ts":"2026-10-05T08:44:02.901Z","caller":"ipamd/ipamd.go:1262","msg":"containsInsufficientCIDRsOrSubnetIPs encountered operation error EC2: AssignPrivateIpAddresses, https response error StatusCode: 400, RequestID: 3a4fd51b-db4c-4b48-9373-bc398f6bfa77, api error InsufficientCidrBlocks: The specified subnet does not have enough free cidr blocks to satisfy the request."}
{"level":"debug","ts":"2026-10-05T08:44:02.901Z","caller":"ipamd/ipamd.go:1262","msg":"Insufficient IP Addresses due to: InsufficientCidrBlocks\n"}
{"level":"debug","ts":"2026-10-05T08:44:02.901Z","caller":"ipamd/ipamd.go:1003","msg":"hasRoomForEni: networkCard=0, currentENIs=1, currentUsableENIs=1, maxENI=3, unmanagedENI=0, trunkEni=0, excludedENI=0, hasRoom=true"}
{"level":"debug","ts":"2026-10-05T08:44:02.901Z","caller":"ipamd/ipamd.go:2758","msg":"Prefix target is 1, short of 1 prefixes, free 0 prefixes"}
{"level":"debug","ts":"2026-10-05T08:44:02.901Z","caller":"ipamd/ipamd.go:2595","msg":"ToAllocate: 1, Network Card 0"}
{"level":"info","ts":"2026-10-05T08:44:02.901Z","caller":"awsutils/awsutils.go:1044","msg":"Trying to allocate 1 IP addresses on new ENI"}
{"level":"debug","ts":"2026-10-05T08:44:02.901Z","caller":"awsutils/awsutils.go:1044","msg":"PD enabled - true"}
{"level":"debug","ts":"2026-10-05T08:44:03.092Z","caller":"awsutils/awsutils.go:1272","msg":"Primary subnet subnet-EXAMPLE4 has no kubernetes.io/role/cni tag, including it for ENI creation (backwards compatibility)"}
{"level":"info","ts":"2026-10-05T08:44:03.092Z","caller":"awsutils/awsutils.go:1044","msg":"Creating ENI with security groups: [sg-EXAMPLE1] in subnet: subnet-EXAMPLE4"}
{"level":"debug","ts":"2026-10-05T08:44:03.331Z","caller":"awsutils/awsutils.go:1449","msg":"checkAPIErrorAndBroadcastEvent resulted in operation error EC2: CreateNetworkInterface, https response error StatusCode: 400, RequestID: 8d07b5c2-de56-40cf-bcbc-266636392ead, api error InvalidParameterValue: There aren't sufficient free Ipv4 addresses or prefixes"}
{"level":"error","ts":"2026-10-05T08:44:03.331Z","caller":"awsutils/awsutils.go:1285","msg":"Failed to CreateNetworkInterface operation error EC2: CreateNetworkInterface, https response error StatusCode: 400, RequestID: 8d07b5c2-de56-40cf-bcbc-266636392ead, api error InvalidParameterValue: There aren't sufficient free Ipv4 addresses or prefixes for subnet subnet-EXAMPLE4"}
{"level":"debug","ts":"2026-10-05T08:44:03.331Z","caller":"awsutils/awsutils.go:1272","msg":"Subnet subnet-EXAMPLE3 has no kubernetes.io/role/cni tag, excluding it from ENI creation"}
{"level":"error","ts":"2026-10-05T08:44:03.331Z","caller":"ipamd/ipamd.go:1004","msg":"Failed to increase pool size due to not able to allocate ENI AllocENI: failed to create ENI: failed to create network interface: operation error EC2: CreateNetworkInterface, https response error StatusCode: 400, RequestID: 8d07b5c2-de56-40cf-bcbc-266636392ead, api error InvalidParameterValue: There aren't sufficient free Ipv4 addresses or prefixes"}
{"level":"warn","ts":"2026-10-05T08:44:03.331Z","caller":"ipamd/ipamd.go:1004","msg":"Failed to allocate 1 IP addresses on an ENI: AllocENI: failed to create ENI: failed to create network interface: operation error EC2: CreateNetworkInterface, https response error StatusCode: 400, RequestID: 8d07b5c2-de56-40cf-bcbc-266636392ead, api error InvalidParameterValue: There aren't sufficient free Ipv4 addresses or prefixes"}
{"level":"debug","ts":"2026-10-05T08:44:03.331Z","caller":"ipamd/ipamd.go:1082","msg":"containsInsufficientCIDRsOrSubnetIPs encountered AllocENI: failed to create ENI: failed to create network interface: operation error EC2: CreateNetworkInterface, https response error StatusCode: 400, RequestID: 8d07b5c2-de56-40cf-bcbc-266636392ead, api error InvalidParameterValue: There aren't sufficient free Ipv4 addresses or prefixes"}
{"level":"debug","ts":"2026-10-05T08:44:03.331Z","caller":"ipamd/ipamd.go:1082","msg":"Insufficient IP Addresses due to: InvalidParameterValue\n"}
{"level":"debug","ts":"2026-10-05T08:44:03.331Z","caller":"ipamd/ipamd.go:813","msg":"Error trying to allocate ENI: AllocENI: failed to create ENI: failed to create network interface: operation error EC2: CreateNetworkInterface, https response error StatusCode: 400, RequestID: 8d07b5c2-de56-40cf-bcbc-266636392ead, api error InvalidParameterValue: There aren't sufficient free Ipv4 addresses or prefixes"}
{"level":"debug","ts":"2026-10-05T08:44:03.331Z","caller":"ipamd/ipamd.go:1548","msg":"ENI eni-EXAMPLE19 cannot be deleted because it is primary"}
{"level":"info","ts":"2026-10-05T08:44:03.775Z","caller":"rpc/rpc_grpc.pb.go:117","msg":"Received AddNetwork for NS /var/run/netns/cni-db4bcc02-637a-966e-6d43-274ffc726bc4, Sandbox 4ee496892514e198fc94c8cba9c4ef97e657b324a9113de3462adcdf9394a98c, ifname eth0"}
{"level":"debug","ts":"2026-10-05T08:44:03.775Z","caller":"rpc/rpc_grpc.pb.go:117","msg":"AddNetworkRequest: K8S_POD_NAME:\"pause-68d5b89fc-5gpj2\"  K8S_POD_NAMESPACE:\"default\"  K8S_POD_INFRA_CONTAINER_ID:\"4ee496892514e198fc94c8cba9c4ef97e657b324a9113de3462adcdf9394a98c\"  ContainerID:\"4ee496892514e198fc94c8cba9c4ef97e657b324a9113de3462adcdf9394a98c\"  IfName:\"eth0\"  NetworkName:\"aws-cni\"  Netns:\"/var/run/netns/cni-db4bcc02-637a-966e-6d43-274ffc726bc4\""}
{"level":"info","ts":"2026-10-05T08:44:03.775Z","caller":"rpc/rpc_grpc.pb.go:117","msg":"Required MultiNIC access false, interfaces required 1"}
{"level":"debug","ts":"2026-10-05T08:44:03.775Z","caller":"datastore/data_store.go:713","msg":"AssignPodIPv4Address: IP address pool stats: total 0, assigned 0"}
{"level":"debug","ts":"2026-10-05T08:44:03.775Z","caller":"datastore/data_store.go:713","msg":"AssignPodIPv4Address: ENI eni-EXAMPLE19 does not have available addresses"}
{"level":"error","ts":"2026-10-05T08:44:03.775Z","caller":"datastore/data_store.go:713","msg":"DataStore has no available IP/Prefix addresses"}
{"level":"warn","ts":"2026-10-05T08:44:03.775Z","caller":"rpc/rpc_grpc.pb.go:117","msg":"Failed to assign IPs from network card 0: AssignPodIPAddress: no available IP/Prefix addresses"}
{"level":"error","ts":"2026-10-05T08:44:03.775Z","caller":"rpc/rpc_grpc.pb.go:117","msg":"Returning failure response for AddNetwork: 1 error occurred:\n\t* AssignPodIPAddress: no available IP/Prefix addresses\n\n"}
{"level":"info","ts":"2026-10-05T08:44:03.775Z","caller":"rpc/rpc_grpc.pb.go:117","msg":"Send AddNetworkReply: Success: false IPAddr: [], resp: , err: AssignPodIPAddress: no available IP/Prefix addresses"}
{"level":"info","ts":"2026-10-05T08:44:03.801Z","caller":"rpc/rpc_grpc.pb.go:135","msg":"Received DelNetwork for Sandbox 4ee496892514e198fc94c8cba9c4ef97e657b324a9113de3462adcdf9394a98c"}
{"level":"debug","ts":"2026-10-05T08:44:03.801Z","caller":"rpc/rpc_grpc.pb.go:135","msg":"DelNetworkRequest: K8S_POD_NAME:\"pause-68d5b89fc-5gpj2\"  K8S_POD_NAMESPACE:\"default\"  K8S_POD_INFRA_CONTAINER_ID:\"4ee496892514e198fc94c8cba9c4ef97e657b324a9113de3462adcdf9394a98c\"  Reason:\"PodDeleted\"  ContainerID:\"4ee496892514e198fc94c8cba9c4ef97e657b324a9113de3462adcdf9394a98c\"  IfName:\"eth0\"  NetworkName:\"aws-cni\"  K8S_POD_UID:\"8da26452-5df7-4b5d-bf8b-b8df9d619b63\""}
{"level":"debug","ts":"2026-10-05T08:44:03.801Z","caller":"ipamd/rpc_handler.go:353","msg":"UnassignPodIPAddress: IP address pool stats: total 0, assigned 0, sandbox aws-cni/4ee496892514e198fc94c8cba9c4ef97e657b324a9113de3462adcdf9394a98c/eth0"}
{"level":"debug","ts":"2026-10-05T08:44:03.801Z","caller":"ipamd/rpc_handler.go:353","msg":"UnassignPodIPAddress: Failed to find IPAM entry under full key, trying CRI-migrated version"}
{"level":"warn","ts":"2026-10-05T08:44:03.801Z","caller":"ipamd/rpc_handler.go:353","msg":"UnassignPodIPAddress: Failed to find sandbox _migrated-from-cri/4ee496892514e198fc94c8cba9c4ef97e657b324a9113de3462adcdf9394a98c/unknown"}
{"level":"info","ts":"2026-10-05T08:44:03.801Z","caller":"rpc/rpc_grpc.pb.go:135","msg":"Send DelNetworkReply: IPAddress: [], err: 1 error occurred:\n\t* datastore: unknown pod\n\n"}
{"level":"debug","ts":"2026-10-05T08:44:08.332Z","caller":"ipamd/ipamd.go:809","msg":"IP pool is too low for Network Card 0: available (0) < ENI target (1) * addrsPerENI (16)"}
{"level":"debug","ts":"2026-10-05T08:44:08.332Z","caller":"ipamd/ipamd.go:2689","msg":"Prefix pool stats for network card 0: Total IPs/Prefixes = 0/0, AssignedIPs/CooldownIPs: 0/0, c.maxIPsPerENI = 80"}
{"level":"debug","ts":"2026-10-05T08:44:08.332Z","caller":"ipamd/ipamd.go:795","msg":"IP stats for Network Card 0 - total IPs: 0, assigned IPs: 0, cooldown IPs: 0"}
{"level":"debug","ts":"2026-10-05T08:44:08.332Z","caller":"ipamd/ipamd.go:813","msg":"Starting to increase pool size for network card 0"}
{"level":"debug","ts":"2026-10-05T08:44:08.332Z","caller":"ipamd/ipamd.go:966","msg":"Node found \"ip-10-20-0-28.ec2.internal\" - no of taints - 0"}
{"level":"debug","ts":"2026-10-05T08:44:08.332Z","caller":"ipamd/ipamd.go:2758","msg":"Prefix target is 1, short of 1 prefixes, free 0 prefixes"}
{"level":"debug","ts":"2026-10-05T08:44:08.332Z","caller":"ipamd/ipamd.go:1248","msg":"ToAllocate: 1, Network Card 0"}
{"level":"debug","ts":"2026-10-05T08:44:08.332Z","caller":"ipamd/ipamd.go:1251","msg":"Found ENI eni-EXAMPLE19 that has less than the maximum number of IP/Prefixes addresses allocated: cur=0, max=5"}
{"level":"info","ts":"2026-10-05T08:44:08.332Z","caller":"ipamd/ipamd.go:1255","msg":"Trying to allocate 1 IP addresses on ENI eni-EXAMPLE19"}
{"level":"debug","ts":"2026-10-05T08:44:08.332Z","caller":"ipamd/ipamd.go:1255","msg":"PD enabled - true"}
{"level":"debug","ts":"2026-10-05T08:44:08.758Z","caller":"awsutils/awsutils.go:2174","msg":"checkAPIErrorAndBroadcastEvent resulted in operation error EC2: AssignPrivateIpAddresses, https response error StatusCode: 400, RequestID: b6db7cbd-6a05-44c2-86b6-7267037559d8, api error InsufficientCidrBlocks: The specified subnet does not have enough free cidr blocks to satisfy the request."}
{"level":"error","ts":"2026-10-05T08:44:08.758Z","caller":"ipamd/ipamd.go:1255","msg":"Failed to allocate a private IP/Prefix addresses on ENI eni-EXAMPLE19: operation error EC2: AssignPrivateIpAddresses, https response error StatusCode: 400, RequestID: b6db7cbd-6a05-44c2-86b6-7267037559d8, api error InsufficientCidrBlocks: The specified subnet does not have enough free cidr blocks to satisfy the request."}
{"level":"debug","ts":"2026-10-05T08:44:08.758Z","caller":"ipamd/ipamd.go:1256","msg":"containsPrivateIPAddressLimitExceededError encountered operation error EC2: AssignPrivateIpAddresses, https response error StatusCode: 400, RequestID: b6db7cbd-6a05-44c2-86b6-7267037559d8, api error InsufficientCidrBlocks: The specified subnet does not have enough free cidr blocks to satisfy the request."}
{"level":"warn","ts":"2026-10-05T08:44:08.758Z","caller":"ipamd/ipamd.go:1113","msg":"failed to allocate all available IPv4 Prefixes on ENI eni-EXAMPLE19, err: operation error EC2: AssignPrivateIpAddresses, https response error StatusCode: 400, RequestID: b6db7cbd-6a05-44c2-86b6-7267037559d8, api error InsufficientCidrBlocks: The specified subnet does not have enough free cidr blocks to satisfy the request."}
{"level":"info","ts":"2026-10-05T08:44:08.758Z","caller":"ipamd/ipamd.go:1259","msg":"Trying to allocate 1 IP addresses on ENI eni-EXAMPLE19"}
{"level":"debug","ts":"2026-10-05T08:44:08.758Z","caller":"ipamd/ipamd.go:1259","msg":"PD enabled - true"}
{"level":"debug","ts":"2026-10-05T08:44:09.156Z","caller":"awsutils/awsutils.go:2174","msg":"checkAPIErrorAndBroadcastEvent resulted in operation error EC2: AssignPrivateIpAddresses, https response error StatusCode: 400, RequestID: 38e02235-e0e4-4d77-b503-dc880622ac35, api error InsufficientCidrBlocks: The specified subnet does not have enough free cidr blocks to satisfy the request."}
{"level":"error","ts":"2026-10-05T08:44:09.156Z","caller":"ipamd/ipamd.go:1259","msg":"Failed to allocate a private IP/Prefix addresses on ENI eni-EXAMPLE19: operation error EC2: AssignPrivateIpAddresses, https response error StatusCode: 400, RequestID: 38e02235-e0e4-4d77-b503-dc880622ac35, api error InsufficientCidrBlocks: The specified subnet does not have enough free cidr blocks to satisfy the request."}
{"level":"debug","ts":"2026-10-05T08:44:09.156Z","caller":"ipamd/ipamd.go:1260","msg":"containsPrivateIPAddressLimitExceededError encountered operation error EC2: AssignPrivateIpAddresses, https response error StatusCode: 400, RequestID: 38e02235-e0e4-4d77-b503-dc880622ac35, api error InsufficientCidrBlocks: The specified subnet does not have enough free cidr blocks to satisfy the request."}
{"level":"debug","ts":"2026-10-05T08:44:09.156Z","caller":"ipamd/ipamd.go:1262","msg":"containsInsufficientCIDRsOrSubnetIPs encountered operation error EC2: AssignPrivateIpAddresses, https response error StatusCode: 400, RequestID: 38e02235-e0e4-4d77-b503-dc880622ac35, api error InsufficientCidrBlocks: The specified subnet does not have enough free cidr blocks to satisfy the request."}
{"level":"debug","ts":"2026-10-05T08:44:09.156Z","caller":"ipamd/ipamd.go:1262","msg":"Insufficient IP Addresses due to: InsufficientCidrBlocks\n"}
{"level":"debug","ts":"2026-10-05T08:44:09.156Z","caller":"ipamd/ipamd.go:1003","msg":"hasRoomForEni: networkCard=0, currentENIs=1, currentUsableENIs=1, maxENI=3, unmanagedENI=0, trunkEni=0, excludedENI=0, hasRoom=true"}
{"level":"debug","ts":"2026-10-05T08:44:09.156Z","caller":"ipamd/ipamd.go:2758","msg":"Prefix target is 1, short of 1 prefixes, free 0 prefixes"}
{"level":"debug","ts":"2026-10-05T08:44:09.156Z","caller":"ipamd/ipamd.go:2595","msg":"ToAllocate: 1, Network Card 0"}
{"level":"info","ts":"2026-10-05T08:44:09.156Z","caller":"awsutils/awsutils.go:1044","msg":"Trying to allocate 1 IP addresses on new ENI"}
{"level":"debug","ts":"2026-10-05T08:44:09.157Z","caller":"awsutils/awsutils.go:1044","msg":"PD enabled - true"}
{"level":"debug","ts":"2026-10-05T08:44:09.403Z","caller":"awsutils/awsutils.go:1272","msg":"Primary subnet subnet-EXAMPLE4 has no kubernetes.io/role/cni tag, including it for ENI creation (backwards compatibility)"}
{"level":"info","ts":"2026-10-05T08:44:09.403Z","caller":"awsutils/awsutils.go:1044","msg":"Creating ENI with security groups: [sg-EXAMPLE1] in subnet: subnet-EXAMPLE4"}
{"level":"debug","ts":"2026-10-05T08:44:09.633Z","caller":"awsutils/awsutils.go:1449","msg":"checkAPIErrorAndBroadcastEvent resulted in operation error EC2: CreateNetworkInterface, https response error StatusCode: 400, RequestID: 15182027-52b7-4ee5-98d6-df6efc957284, api error InvalidParameterValue: There aren't sufficient free Ipv4 addresses or prefixes"}
{"level":"error","ts":"2026-10-05T08:44:09.633Z","caller":"awsutils/awsutils.go:1285","msg":"Failed to CreateNetworkInterface operation error EC2: CreateNetworkInterface, https response error StatusCode: 400, RequestID: 15182027-52b7-4ee5-98d6-df6efc957284, api error InvalidParameterValue: There aren't sufficient free Ipv4 addresses or prefixes for subnet subnet-EXAMPLE4"}
{"level":"debug","ts":"2026-10-05T08:44:09.633Z","caller":"awsutils/awsutils.go:1272","msg":"Subnet subnet-EXAMPLE3 has no kubernetes.io/role/cni tag, excluding it from ENI creation"}
{"level":"error","ts":"2026-10-05T08:44:09.633Z","caller":"ipamd/ipamd.go:1004","msg":"Failed to increase pool size due to not able to allocate ENI AllocENI: failed to create ENI: failed to create network interface: operation error EC2: CreateNetworkInterface, https response error StatusCode: 400, RequestID: 15182027-52b7-4ee5-98d6-df6efc957284, api error InvalidParameterValue: There aren't sufficient free Ipv4 addresses or prefixes"}
{"level":"warn","ts":"2026-10-05T08:44:09.633Z","caller":"ipamd/ipamd.go:1004","msg":"Failed to allocate 1 IP addresses on an ENI: AllocENI: failed to create ENI: failed to create network interface: operation error EC2: CreateNetworkInterface, https response error StatusCode: 400, RequestID: 15182027-52b7-4ee5-98d6-df6efc957284, api error InvalidParameterValue: There aren't sufficient free Ipv4 addresses or prefixes"}
{"level":"debug","ts":"2026-10-05T08:44:09.633Z","caller":"ipamd/ipamd.go:1082","msg":"containsInsufficientCIDRsOrSubnetIPs encountered AllocENI: failed to create ENI: failed to create network interface: operation error EC2: CreateNetworkInterface, https response error StatusCode: 400, RequestID: 15182027-52b7-4ee5-98d6-df6efc957284, api error InvalidParameterValue: There aren't sufficient free Ipv4 addresses or prefixes"}
{"level":"debug","ts":"2026-10-05T08:44:09.633Z","caller":"ipamd/ipamd.go:1082","msg":"Insufficient IP Addresses due to: InvalidParameterValue\n"}
{"level":"debug","ts":"2026-10-05T08:44:09.633Z","caller":"ipamd/ipamd.go:813","msg":"Error trying to allocate ENI: AllocENI: failed to create ENI: failed to create network interface: operation error EC2: CreateNetworkInterface, https response error StatusCode: 400, RequestID: 15182027-52b7-4ee5-98d6-df6efc957284, api error InvalidParameterValue: There aren't sufficient free Ipv4 addresses or prefixes"}
{"level":"debug","ts":"2026-10-05T08:44:09.633Z","caller":"ipamd/ipamd.go:1548","msg":"ENI eni-EXAMPLE19 cannot be deleted because it is primary"}
{"level":"info","ts":"2026-10-05T08:44:09.781Z","caller":"rpc/rpc_grpc.pb.go:117","msg":"Received AddNetwork for NS /var/run/netns/cni-4b7c2515-12ee-282a-bf45-c88169e9e8a8, Sandbox c73e4bdc14cc2692eefab939966f27d66e6877245372d3462b51c6a6c619ce38, ifname eth0"}
{"level":"debug","ts":"2026-10-05T08:44:09.781Z","caller":"rpc/rpc_grpc.pb.go:117","msg":"AddNetworkRequest: K8S_POD_NAME:\"pause-68d5b89fc-n9q4v\"  K8S_POD_NAMESPACE:\"default\"  K8S_POD_INFRA_CONTAINER_ID:\"c73e4bdc14cc2692eefab939966f27d66e6877245372d3462b51c6a6c619ce38\"  ContainerID:\"c73e4bdc14cc2692eefab939966f27d66e6877245372d3462b51c6a6c619ce38\"  IfName:\"eth0\"  NetworkName:\"aws-cni\"  Netns:\"/var/run/netns/cni-4b7c2515-12ee-282a-bf45-c88169e9e8a8\""}
{"level":"info","ts":"2026-10-05T08:44:09.781Z","caller":"rpc/rpc_grpc.pb.go:117","msg":"Required MultiNIC access false, interfaces required 1"}
{"level":"debug","ts":"2026-10-05T08:44:09.781Z","caller":"datastore/data_store.go:713","msg":"AssignPodIPv4Address: IP address pool stats: total 0, assigned 0"}
{"level":"debug","ts":"2026-10-05T08:44:09.781Z","caller":"datastore/data_store.go:713","msg":"AssignPodIPv4Address: ENI eni-EXAMPLE19 does not have available addresses"}
{"level":"error","ts":"2026-10-05T08:44:09.781Z","caller":"datastore/data_store.go:713","msg":"DataStore has no available IP/Prefix addresses"}
{"level":"warn","ts":"2026-10-05T08:44:09.781Z","caller":"rpc/rpc_grpc.pb.go:117","msg":"Failed to assign IPs from network card 0: AssignPodIPAddress: no available IP/Prefix addresses"}
{"level":"error","ts":"2026-10-05T08:44:09.781Z","caller":"rpc/rpc_grpc.pb.go:117","msg":"Returning failure response for AddNetwork: 1 error occurred:\n\t* AssignPodIPAddress: no available IP/Prefix addresses\n\n"}
{"level":"info","ts":"2026-10-05T08:44:09.782Z","caller":"rpc/rpc_grpc.pb.go:117","msg":"Send AddNetworkReply: Success: false IPAddr: [], resp: , err: AssignPodIPAddress: no available IP/Prefix addresses"}
{"level":"info","ts":"2026-10-05T08:44:09.806Z","caller":"rpc/rpc_grpc.pb.go:135","msg":"Received DelNetwork for Sandbox c73e4bdc14cc2692eefab939966f27d66e6877245372d3462b51c6a6c619ce38"}
{"level":"debug","ts":"2026-10-05T08:44:09.806Z","caller":"rpc/rpc_grpc.pb.go:135","msg":"DelNetworkRequest: K8S_POD_NAME:\"pause-68d5b89fc-n9q4v\"  K8S_POD_NAMESPACE:\"default\"  K8S_POD_INFRA_CONTAINER_ID:\"c73e4bdc14cc2692eefab939966f27d66e6877245372d3462b51c6a6c619ce38\"  Reason:\"PodDeleted\"  ContainerID:\"c73e4bdc14cc2692eefab939966f27d66e6877245372d3462b51c6a6c619ce38\"  IfName:\"eth0\"  NetworkName:\"aws-cni\"  K8S_POD_UID:\"f68fbeb2-acd7-443d-aaf4-9fe8443ea42e\""}
{"level":"debug","ts":"2026-10-05T08:44:09.806Z","caller":"ipamd/rpc_handler.go:353","msg":"UnassignPodIPAddress: IP address pool stats: total 0, assigned 0, sandbox aws-cni/c73e4bdc14cc2692eefab939966f27d66e6877245372d3462b51c6a6c619ce38/eth0"}
{"level":"debug","ts":"2026-10-05T08:44:09.806Z","caller":"ipamd/rpc_handler.go:353","msg":"UnassignPodIPAddress: Failed to find IPAM entry under full key, trying CRI-migrated version"}
{"level":"warn","ts":"2026-10-05T08:44:09.806Z","caller":"ipamd/rpc_handler.go:353","msg":"UnassignPodIPAddress: Failed to find sandbox _migrated-from-cri/c73e4bdc14cc2692eefab939966f27d66e6877245372d3462b51c6a6c619ce38/unknown"}
{"level":"info","ts":"2026-10-05T08:44:09.806Z","caller":"rpc/rpc_grpc.pb.go:135","msg":"Send DelNetworkReply: IPAddress: [], err: 1 error occurred:\n\t* datastore: unknown pod\n\n"}
{"level":"info","ts":"2026-10-05T08:44:11.774Z","caller":"rpc/rpc_grpc.pb.go:117","msg":"Received AddNetwork for NS /var/run/netns/cni-54e1acd9-b319-68d8-5e35-cb3795fd80bb, Sandbox 09d188ed6cb58eada88b40ea4e26ca034b6cd4c618d711ff4e6c376a11572153, ifname eth0"}
{"level":"debug","ts":"2026-10-05T08:44:11.774Z","caller":"rpc/rpc_grpc.pb.go:117","msg":"AddNetworkRequest: K8S_POD_NAME:\"pause-68d5b89fc-88226\"  K8S_POD_NAMESPACE:\"default\"  K8S_POD_INFRA_CONTAINER_ID:\"09d188ed6cb58eada88b40ea4e26ca034b6cd4c618d711ff4e6c376a11572153\"  ContainerID:\"09d188ed6cb58eada88b40ea4e26ca034b6cd4c618d711ff4e6c376a11572153\"  IfName:\"eth0\"  NetworkName:\"aws-cni\"  Netns:\"/var/run/netns/cni-54e1acd9-b319-68d8-5e35-cb3795fd80bb\""}
{"level":"info","ts":"2026-10-05T08:44:11.774Z","caller":"rpc/rpc_grpc.pb.go:117","msg":"Required MultiNIC access false, interfaces required 1"}
{"level":"debug","ts":"2026-10-05T08:44:11.774Z","caller":"datastore/data_store.go:713","msg":"AssignPodIPv4Address: IP address pool stats: total 0, assigned 0"}
{"level":"debug","ts":"2026-10-05T08:44:11.774Z","caller":"datastore/data_store.go:713","msg":"AssignPodIPv4Address: ENI eni-EXAMPLE19 does not have available addresses"}
{"level":"error","ts":"2026-10-05T08:44:11.774Z","caller":"datastore/data_store.go:713","msg":"DataStore has no available IP/Prefix addresses"}
{"level":"warn","ts":"2026-10-05T08:44:11.774Z","caller":"rpc/rpc_grpc.pb.go:117","msg":"Failed to assign IPs from network card 0: AssignPodIPAddress: no available IP/Prefix addresses"}
{"level":"error","ts":"2026-10-05T08:44:11.774Z","caller":"rpc/rpc_grpc.pb.go:117","msg":"Returning failure response for AddNetwork: 1 error occurred:\n\t* AssignPodIPAddress: no available IP/Prefix addresses\n\n"}
{"level":"info","ts":"2026-10-05T08:44:11.774Z","caller":"rpc/rpc_grpc.pb.go:117","msg":"Send AddNetworkReply: Success: false IPAddr: [], resp: , err: AssignPodIPAddress: no available IP/Prefix addresses"}
{"level":"info","ts":"2026-10-05T08:44:11.799Z","caller":"rpc/rpc_grpc.pb.go:135","msg":"Received DelNetwork for Sandbox 09d188ed6cb58eada88b40ea4e26ca034b6cd4c618d711ff4e6c376a11572153"}
{"level":"debug","ts":"2026-10-05T08:44:11.799Z","caller":"rpc/rpc_grpc.pb.go:135","msg":"DelNetworkRequest: K8S_POD_NAME:\"pause-68d5b89fc-88226\"  K8S_POD_NAMESPACE:\"default\"  K8S_POD_INFRA_CONTAINER_ID:\"09d188ed6cb58eada88b40ea4e26ca034b6cd4c618d711ff4e6c376a11572153\"  Reason:\"PodDeleted\"  ContainerID:\"09d188ed6cb58eada88b40ea4e26ca034b6cd4c618d711ff4e6c376a11572153\"  IfName:\"eth0\"  NetworkName:\"aws-cni\"  K8S_POD_UID:\"e903ba0e-e96e-48c7-90d6-ad1a2a6941a3\""}
{"level":"debug","ts":"2026-10-05T08:44:11.799Z","caller":"ipamd/rpc_handler.go:353","msg":"UnassignPodIPAddress: IP address pool stats: total 0, assigned 0, sandbox aws-cni/09d188ed6cb58eada88b40ea4e26ca034b6cd4c618d711ff4e6c376a11572153/eth0"}
{"level":"debug","ts":"2026-10-05T08:44:11.799Z","caller":"ipamd/rpc_handler.go:353","msg":"UnassignPodIPAddress: Failed to find IPAM entry under full key, trying CRI-migrated version"}
{"level":"warn","ts":"2026-10-05T08:44:11.799Z","caller":"ipamd/rpc_handler.go:353","msg":"UnassignPodIPAddress: Failed to find sandbox _migrated-from-cri/09d188ed6cb58eada88b40ea4e26ca034b6cd4c618d711ff4e6c376a11572153/unknown"}
{"level":"info","ts":"2026-10-05T08:44:11.799Z","caller":"rpc/rpc_grpc.pb.go:135","msg":"Send DelNetworkReply: IPAddress: [], err: 1 error occurred:\n\t* datastore: unknown pod\n\n"}
