{"level":"info","ts":"2026-10-05T08:38:34.598Z","caller":"logger/logger.go:52","msg":"Constructed new logger instance"}
{"level":"info","ts":"2026-10-05T08:38:34.598Z","caller":"netlinkwrapper/netlink.go:27","msg":"Initialized new logger as an existing instance was not found"}
{"level":"info","ts":"2026-10-05T08:38:34.645Z","caller":"logger/logger.go:52","msg":"Constructed new logger instance"}
{"level":"info","ts":"2026-10-05T08:38:34.645Z","caller":"netlinkwrapper/netlink.go:27","msg":"Initialized new logger as an existing instance was not found"}
{"level":"info","ts":"2026-10-05T08:38:34.658Z","caller":"aws-k8s-agent/main.go:52","msg":"Starting L-IPAMD   ..."}
{"level":"info","ts":"2026-10-05T08:38:34.658Z","caller":"aws-k8s-agent/main.go:52","msg":"Waiting to connect API server for upto 30s..."}
{"level":"info","ts":"2026-10-05T08:38:34.659Z","caller":"aws-k8s-agent/main.go:127","msg":"Testing communication with server ..."}
{"level":"info","ts":"2026-10-05T08:38:34.668Z","caller":"wait/loop.go:53","msg":"Successful communication with the Cluster! Cluster Version is: v1.36.4-eks-cfb47f5"}
{"level":"info","ts":"2026-10-05T08:38:34.668Z","caller":"aws-k8s-agent/main.go:52","msg":"API server connectivity established."}
{"level":"info","ts":"2026-10-05T08:38:34.679Z","caller":"aws-k8s-agent/main.go:136","msg":"Cache-based Kubernetes client successfully created."}
{"level":"info","ts":"2026-10-05T08:38:34.681Z","caller":"aws-k8s-agent/main.go:136","msg":"k8sClient created successfully"}
{"level":"debug","ts":"2026-10-05T08:38:34.783Z","caller":"eventrecorder/eventrecorder.go:68","msg":"Pod found aws-node-mj7kt - labels - 5"}
{"level":"debug","ts":"2026-10-05T08:38:34.794Z","caller":"awssession/session.go:44","msg":"HTTP_TIMEOUT env is not set or set to less than 10 seconds, defaulting to httpTimeout to 10s"}
{"level":"debug","ts":"2026-10-05T08:38:34.797Z","caller":"ipamd/ipamd.go:414","msg":"Discovered region: us-east-1"}
{"level":"info","ts":"2026-10-05T08:38:34.797Z","caller":"ipamd/ipamd.go:414","msg":"Custom networking enabled false"}
{"level":"info","ts":"2026-10-05T08:38:34.797Z","caller":"ipamd/ipamd.go:414","msg":"Subnet discovery enabled true"}
{"level":"debug","ts":"2026-10-05T08:38:34.799Z","caller":"awsutils/awsutils.go:471","msg":"Found availability zone: us-east-1a "}
{"level":"debug","ts":"2026-10-05T08:38:34.800Z","caller":"awsutils/awsutils.go:471","msg":"Discovered the instance primary IPv4 address: 10.20.0.29"}
{"level":"debug","ts":"2026-10-05T08:38:34.801Z","caller":"awsutils/awsutils.go:471","msg":"Found instance-id: i-EXAMPLE10 "}
{"level":"debug","ts":"2026-10-05T08:38:34.802Z","caller":"awsutils/awsutils.go:471","msg":"Found instance-type: t3.medium "}
{"level":"debug","ts":"2026-10-05T08:38:34.803Z","caller":"awsutils/awsutils.go:471","msg":"Found primary interface's MAC address: 12:ff:f3:10:df:d7"}
{"level":"debug","ts":"2026-10-05T08:38:34.804Z","caller":"awsutils/awsutils.go:471","msg":"eni-EXAMPLE20 is the primary ENI of this instance"}
{"level":"debug","ts":"2026-10-05T08:38:34.805Z","caller":"awsutils/awsutils.go:471","msg":"Found subnet-id: subnet-EXAMPLE4 "}
{"level":"debug","ts":"2026-10-05T08:38:34.806Z","caller":"awsutils/awsutils.go:471","msg":"Found vpc-id: vpc-EXAMPLE1 "}
{"level":"debug","ts":"2026-10-05T08:38:34.806Z","caller":"ipamd/ipamd.go:423","msg":"Using WARM_ENI_TARGET 1"}
{"level":"debug","ts":"2026-10-05T08:38:34.806Z","caller":"ipamd/ipamd.go:424","msg":"Using WARM_IP_TARGET 0"}
{"level":"debug","ts":"2026-10-05T08:38:34.806Z","caller":"ipamd/ipamd.go:425","msg":"Using MINIMUM_IP_TARGET 0"}
{"level":"debug","ts":"2026-10-05T08:38:34.806Z","caller":"ipamd/ipamd.go:426","msg":"Using WARM_PREFIX_TARGET 1"}
{"level":"debug","ts":"2026-10-05T08:38:34.806Z","caller":"ipamd/ipamd.go:2809","msg":"Check if instance supports Prefix Delegation"}
{"level":"debug","ts":"2026-10-05T08:38:34.806Z","caller":"awsutils/awsutils.go:2120","msg":"Instance hypervisor family nitro"}
{"level":"debug","ts":"2026-10-05T08:38:34.806Z","caller":"ipamd/ipamd.go:2809","msg":"Instance supports Prefix Delegation"}
{"level":"info","ts":"2026-10-05T08:38:34.806Z","caller":"ipamd/ipamd.go:449","msg":"Prefix Delegation enabled true"}
{"level":"debug","ts":"2026-10-05T08:38:34.806Z","caller":"ipamd/ipamd.go:453","msg":"Start node init"}
{"level":"debug","ts":"2026-10-05T08:38:34.806Z","caller":"ipamd/ipamd.go:2779","msg":"max prefix 5 max ips 80"}
{"level":"debug","ts":"2026-10-05T08:38:34.806Z","caller":"ipamd/ipamd.go:464","msg":"Max ip per ENI 80 and max prefixes per ENI 5"}
{"level":"info","ts":"2026-10-05T08:38:34.807Z","caller":"awsutils/awsutils.go:2417","msg":"Will attempt to clean up AWS CNI leaked ENIs after waiting 2m11s."}
{"level":"info","ts":"2026-10-05T08:38:34.808Z","caller":"ipamd/ipamd.go:476","msg":"Setting up host network... "}
{"level":"debug","ts":"2026-10-05T08:38:34.808Z","caller":"netlinkwrapper/netlink.go:138","msg":"netlink operation succeeded on attempt 1 of 5"}
{"level":"debug","ts":"2026-10-05T08:38:34.808Z","caller":"networkutils/network.go:309","msg":"Found the Link that uses mac address 12:ff:f3:10:df:d7 and its index is 2 (attempt 1/5)"}
{"level":"debug","ts":"2026-10-05T08:38:34.808Z","caller":"networkutils/network.go:467","msg":"Trying to find primary interface that has mac : 12:ff:f3:10:df:d7"}
{"level":"debug","ts":"2026-10-05T08:38:34.808Z","caller":"networkutils/network.go:467","msg":"Discovered interface: lo, mac: "}
{"level":"debug","ts":"2026-10-05T08:38:34.808Z","caller":"networkutils/network.go:467","msg":"Discovered interface: ens5, mac: 12:ff:f3:10:df:d7"}
{"level":"info","ts":"2026-10-05T08:38:34.808Z","caller":"networkutils/network.go:467","msg":"Discovered primary interface: ens5"}
{"level":"debug","ts":"2026-10-05T08:38:34.811Z","caller":"networkutils/network.go:478","msg":"Adding 10.20.0.0/24 CIDR to NAT chain"}
{"level":"debug","ts":"2026-10-05T08:38:34.811Z","caller":"networkutils/network.go:478","msg":"Total CIDRs to program - 1"}
{"level":"debug","ts":"2026-10-05T08:38:34.811Z","caller":"networkutils/network.go:478","msg":"Setup Host Network: iptables -N AWS-SNAT-CHAIN-0 -t nat"}
{"level":"debug","ts":"2026-10-05T08:38:34.813Z","caller":"networkutils/network.go:478","msg":"Setup Host Network: iptables -A POSTROUTING -m comment --comment \"AWS SNAT CHAIN\" -j AWS-SNAT-CHAIN-0"}
{"level":"debug","ts":"2026-10-05T08:38:34.813Z","caller":"networkutils/network.go:478","msg":"Setup Host Network: iptables -A AWS-SNAT-CHAIN-0 -d 10.20.0.0/24 -m comment --comment AWS SNAT CHAIN -t nat -j RETURN"}
{"level":"debug","ts":"2026-10-05T08:38:34.813Z","caller":"networkutils/network.go:691","msg":"Setup Host Network: loading existing iptables nat rules with chain prefix AWS-SNAT-CHAIN"}
{"level":"debug","ts":"2026-10-05T08:38:34.819Z","caller":"networkutils/network.go:691","msg":"host network setup: found potentially stale rule for chain AWS-SNAT-CHAIN-0: [-N AWS-SNAT-CHAIN-0]"}
{"level":"debug","ts":"2026-10-05T08:38:34.819Z","caller":"networkutils/network.go:564","msg":"Setup Host Network: computing stale iptables rules for nat table with chain prefix AWS-SNAT-CHAIN"}
{"level":"debug","ts":"2026-10-05T08:38:34.819Z","caller":"networkutils/network.go:564","msg":"Setup Host Network: active chain found: AWS-SNAT-CHAIN-0"}
{"level":"debug","ts":"2026-10-05T08:38:34.819Z","caller":"networkutils/network.go:478","msg":"iptableRules: [nat/POSTROUTING rule first SNAT rules for non-VPC outbound traffic shouldExist true rule [-m comment --comment AWS SNAT CHAIN -j AWS-SNAT-CHAIN-0] nat/AWS-SNAT-CHAIN-0 rule AWS-SNAT-CHAIN-0 shouldExist true rule [-d 10.20.0.0/24 -m comment --comment AWS SNAT CHAIN -j RETURN] nat/AWS-SNAT-CHAIN-0 rule last SNAT rule for non-VPC outbound traffic shouldExist true rule [! -o vlan+ -m comment --comment AWS, SNAT -m addrtype ! --dst-type LOCAL -j SNAT --to-source 10.20.0.29 --random-fully] mangle/PREROUTING rule connmark for primary ENI shouldExist true rule [-m comment --comment AWS, primary ENI -i ens5 -m addrtype --dst-type LOCAL --limit-iface-in -j CONNMARK --set-mark 0x80/0x80] mangle/PREROUTING rule connmark restore for primary ENI shouldExist true rule [-m comment --comment AWS, primary ENI -i eni+ -j CONNMARK --restore-mark --mask 0x80] mangle/PREROUTING rule connmark restore for primary ENI from vlan shouldExist true rule [-m comment --comment AWS, primary ENI -i vlan+ -j CONNMARK --restore-mark --mask 0x80]]"}
{"level":"debug","ts":"2026-10-05T08:38:34.819Z","caller":"networkutils/network.go:482","msg":"execute iptable rule : first SNAT rules for non-VPC outbound traffic"}
{"level":"debug","ts":"2026-10-05T08:38:34.821Z","caller":"networkutils/network.go:482","msg":"rule nat/POSTROUTING rule first SNAT rules for non-VPC outbound traffic shouldExist true rule [-m comment --comment AWS SNAT CHAIN -j AWS-SNAT-CHAIN-0] exists false, err <nil>"}
{"level":"debug","ts":"2026-10-05T08:38:34.823Z","caller":"networkutils/network.go:482","msg":"execute iptable rule : AWS-SNAT-CHAIN-0"}
{"level":"debug","ts":"2026-10-05T08:38:34.824Z","caller":"networkutils/network.go:482","msg":"rule nat/AWS-SNAT-CHAIN-0 rule AWS-SNAT-CHAIN-0 shouldExist true rule [-d 10.20.0.0/24 -m comment --comment AWS SNAT CHAIN -j RETURN] exists false, err <nil>"}
{"level":"debug","ts":"2026-10-05T08:38:34.827Z","caller":"networkutils/network.go:482","msg":"execute iptable rule : last SNAT rule for non-VPC outbound traffic"}
{"level":"debug","ts":"2026-10-05T08:38:34.830Z","caller":"networkutils/network.go:482","msg":"rule nat/AWS-SNAT-CHAIN-0 rule last SNAT rule for non-VPC outbound traffic shouldExist true rule [! -o vlan+ -m comment --comment AWS, SNAT -m addrtype ! --dst-type LOCAL -j SNAT --to-source 10.20.0.29 --random-fully] exists false, err <nil>"}
{"level":"debug","ts":"2026-10-05T08:38:34.832Z","caller":"networkutils/network.go:482","msg":"execute iptable rule : connmark for primary ENI"}
{"level":"debug","ts":"2026-10-05T08:38:34.840Z","caller":"networkutils/network.go:482","msg":"rule mangle/PREROUTING rule connmark for primary ENI shouldExist true rule [-m comment --comment AWS, primary ENI -i ens5 -m addrtype --dst-type LOCAL --limit-iface-in -j CONNMARK --set-mark 0x80/0x80] exists false, err <nil>"}
{"level":"debug","ts":"2026-10-05T08:38:34.844Z","caller":"networkutils/network.go:482","msg":"execute iptable rule : connmark restore for primary ENI"}
{"level":"debug","ts":"2026-10-05T08:38:34.847Z","caller":"networkutils/network.go:482","msg":"rule mangle/PREROUTING rule connmark restore for primary ENI shouldExist true rule [-m comment --comment AWS, primary ENI -i eni+ -j CONNMARK --restore-mark --mask 0x80] exists false, err <nil>"}
{"level":"debug","ts":"2026-10-05T08:38:34.850Z","caller":"networkutils/network.go:482","msg":"execute iptable rule : connmark restore for primary ENI from vlan"}
{"level":"debug","ts":"2026-10-05T08:38:34.854Z","caller":"networkutils/network.go:482","msg":"rule mangle/PREROUTING rule connmark restore for primary ENI from vlan shouldExist true rule [-m comment --comment AWS, primary ENI -i vlan+ -j CONNMARK --restore-mark --mask 0x80] exists false, err <nil>"}
{"level":"info","ts":"2026-10-05T08:38:34.858Z","caller":"networkutils/nftables_connmark.go:135","msg":"chain does not exists nat-prerouting: conn.Execute failed: netlink receive: no such file or directory"}
{"level":"info","ts":"2026-10-05T08:38:34.858Z","caller":"networkutils/nftables_connmark.go:139","msg":"chain does not exists snat-mark: conn.Execute failed: netlink receive: no such file or directory"}
{"level":"debug","ts":"2026-10-05T08:38:34.858Z","caller":"networkutils/nftables_connmark.go:147","msg":"base chain nat-prerouting: rules missing or out of order (fib=false jump=false restore=false ordered=false stale=0); flushing and reinstalling all 3 rules"}
{"level":"debug","ts":"2026-10-05T08:38:35.006Z","caller":"awsutils/awsutils.go:1743","msg":"Total number of interfaces found: 1 "}
{"level":"debug","ts":"2026-10-05T08:38:35.006Z","caller":"awsutils/awsutils.go:787","msg":"Found ENI MAC address: 12:ff:f3:10:df:d7"}
{"level":"debug","ts":"2026-10-05T08:38:35.017Z","caller":"awsutils/awsutils.go:787","msg":"Found ENI: eni-EXAMPLE20, MAC 12:ff:f3:10:df:d7, device 0"}
{"level":"debug","ts":"2026-10-05T08:38:35.019Z","caller":"awsutils/awsutils.go:787","msg":"Found IPv4 addresses associated with interface. This is not efa-only interface"}
{"level":"info","ts":"2026-10-05T08:38:35.270Z","caller":"ipamd/ipamd.go:489","msg":"Got network card index 0 for ENI eni-EXAMPLE20"}
{"level":"info","ts":"2026-10-05T08:38:35.270Z","caller":"ipamd/ipamd.go:489","msg":"eni-EXAMPLE20 is of type: interface"}
{"level":"debug","ts":"2026-10-05T08:38:35.270Z","caller":"ipamd/ipamd.go:453","msg":"DescribeAllENIs success: ENIs: 1, tagged: 1"}
{"level":"info","ts":"2026-10-05T08:38:35.270Z","caller":"ipamd/ipamd.go:501","msg":"initialized datastore for network cards index 0"}
{"level":"debug","ts":"2026-10-05T08:38:35.270Z","caller":"ipamd/ipamd.go:453","msg":"Discovered ENI eni-EXAMPLE20, trying to set it up"}
{"level":"debug","ts":"2026-10-05T08:38:35.270Z","caller":"ipamd/ipamd.go:532","msg":"Tagging ENI eni-EXAMPLE20 with missing tags: map[cluster.k8s.amazonaws.com/name:eks-ipv4-lab eks:eni:owner:amazon-vpc-cni node.k8s.amazonaws.com/instance_id:i-EXAMPLE10]"}
{"level":"debug","ts":"2026-10-05T08:38:35.470Z","caller":"retry/retry.go:70","msg":"Successfully tagged ENI: eni-EXAMPLE20"}
{"level":"debug","ts":"2026-10-05T08:38:35.470Z","caller":"ipamd/ipamd.go:1313","msg":"DataStore add an ENI eni-EXAMPLE20"}
{"level":"debug","ts":"2026-10-05T08:38:35.706Z","caller":"ipamd/ipamd.go:2913","msg":"IsSubnetExcluded: subnet subnet-EXAMPLE4 has no kubernetes.io/role/cni tag, not excluded"}
{"level":"info","ts":"2026-10-05T08:38:35.706Z","caller":"ipamd/ipamd.go:541","msg":"Found ENIs having 1 secondary IPs and 0 Prefixes"}
{"level":"debug","ts":"2026-10-05T08:38:35.706Z","caller":"ipamd/ipamd.go:1394","msg":"Prefix pool stats for network card 0: Total IPs/Prefixes = 0/0, AssignedIPs/CooldownIPs: 0/0, c.maxIPsPerENI = 80"}
{"level":"debug","ts":"2026-10-05T08:38:35.706Z","caller":"ipamd/ipamd.go:1415","msg":"Prefix pool stats for network card 0: Total IPs/Prefixes = 0/0, AssignedIPs/CooldownIPs: 0/0, c.maxIPsPerENI = 80"}
{"level":"info","ts":"2026-10-05T08:38:35.706Z","caller":"ipamd/ipamd.go:453","msg":"ENI eni-EXAMPLE20 set up."}
{"level":"info","ts":"2026-10-05T08:38:35.706Z","caller":"datastore/data_store.go:1767","msg":"Begin ipam state recovery from backing store"}
{"level":"debug","ts":"2026-10-05T08:38:35.706Z","caller":"datastore/data_store.go:1767","msg":"backing store doesn't exists, assuming bootstrap on a new node"}
{"level":"debug","ts":"2026-10-05T08:38:35.706Z","caller":"ipamd/ipamd.go:569","msg":"checkAndHandleAllENIExclusion: completed ENI exclusion check"}
{"level":"debug","ts":"2026-10-05T08:38:35.706Z","caller":"ipamd/ipamd.go:575","msg":"tryUnassignIPsFromENIs"}
{"level":"debug","ts":"2026-10-05T08:38:35.706Z","caller":"ipamd/ipamd.go:2445","msg":"No freeable IPs"}
{"level":"debug","ts":"2026-10-05T08:38:35.706Z","caller":"netlinkwrapper/netlink.go:204","msg":"netlink operation succeeded on attempt 1 of 5"}
{"level":"debug","ts":"2026-10-05T08:38:35.706Z","caller":"ipamd/ipamd.go:730","msg":"Update Rule List with set []"}
{"level":"info","ts":"2026-10-05T08:38:35.710Z","caller":"awsutils/awsutils.go:749","msg":"Found primary SG sg-EXAMPLE1, added to ipamd cache"}
{"level":"debug","ts":"2026-10-05T08:38:35.710Z","caller":"awsutils/awsutils.go:767","msg":"Update ENI eni-EXAMPLE20 with security groups [sg-EXAMPLE1]"}
{"level":"info","ts":"2026-10-05T08:38:36.156Z","caller":"ipamd/ipamd.go:609","msg":"Get Node Info for: ip-10-20-0-29.ec2.internal"}
{"level":"debug","ts":"2026-10-05T08:38:36.257Z","caller":"ipamd/ipamd.go:681","msg":"IP pool is too low for Network Card 0: available (0) < ENI target (1) * addrsPerENI (16)"}
{"level":"debug","ts":"2026-10-05T08:38:36.257Z","caller":"ipamd/ipamd.go:2689","msg":"Prefix pool stats for network card 0: Total IPs/Prefixes = 0/0, AssignedIPs/CooldownIPs: 0/0, c.maxIPsPerENI = 80"}
{"level":"debug","ts":"2026-10-05T08:38:36.257Z","caller":"ipamd/ipamd.go:669","msg":"is datastore pool low for networkCard 0, decision true"}
{"level":"debug","ts":"2026-10-05T08:38:36.257Z","caller":"ipamd/ipamd.go:684","msg":"Starting to increase pool size for network card 0"}
{"level":"debug","ts":"2026-10-05T08:38:36.257Z","caller":"ipamd/ipamd.go:966","msg":"Node found \"ip-10-20-0-29.ec2.internal\" - no of taints - 1"}
{"level":"debug","ts":"2026-10-05T08:38:36.257Z","caller":"ipamd/ipamd.go:2758","msg":"Prefix target is 1, short of 1 prefixes, free 0 prefixes"}
{"level":"debug","ts":"2026-10-05T08:38:36.257Z","caller":"ipamd/ipamd.go:1248","msg":"ToAllocate: 1, Network Card 0"}
{"level":"debug","ts":"2026-10-05T08:38:36.257Z","caller":"ipamd/ipamd.go:1251","msg":"Found ENI eni-EXAMPLE20 that has less than the maximum number of IP/Prefixes addresses allocated: cur=0, max=5"}
{"level":"info","ts":"2026-10-05T08:38:36.257Z","caller":"ipamd/ipamd.go:1255","msg":"Trying to allocate 1 IP addresses on ENI eni-EXAMPLE20"}
{"level":"debug","ts":"2026-10-05T08:38:36.257Z","caller":"ipamd/ipamd.go:1255","msg":"PD enabled - true"}
{"level":"debug","ts":"2026-10-05T08:38:36.672Z","caller":"awsutils/awsutils.go:2174","msg":"checkAPIErrorAndBroadcastEvent resulted in operation error EC2: AssignPrivateIpAddresses, https response error StatusCode: 400, RequestID: 743242d5-8d28-43af-9a76-83d5a4553dac, api error InsufficientCidrBlocks: The specified subnet does not have enough free cidr blocks to satisfy the request."}
{"level":"error","ts":"2026-10-05T08:38:36.672Z","caller":"ipamd/ipamd.go:1255","msg":"Failed to allocate a private IP/Prefix addresses on ENI eni-EXAMPLE20: operation error EC2: AssignPrivateIpAddresses, https response error StatusCode: 400, RequestID: 743242d5-8d28-43af-9a76-83d5a4553dac, api error InsufficientCidrBlocks: The specified subnet does not have enough free cidr blocks to satisfy the request."}
{"level":"debug","ts":"2026-10-05T08:38:36.672Z","caller":"ipamd/ipamd.go:1256","msg":"containsPrivateIPAddressLimitExceededError encountered operation error EC2: AssignPrivateIpAddresses, https response error StatusCode: 400, RequestID: 743242d5-8d28-43af-9a76-83d5a4553dac, api error InsufficientCidrBlocks: The specified subnet does not have enough free cidr blocks to satisfy the request."}
{"level":"warn","ts":"2026-10-05T08:38:36.672Z","caller":"ipamd/ipamd.go:1113","msg":"failed to allocate all available IPv4 Prefixes on ENI eni-EXAMPLE20, err: operation error EC2: AssignPrivateIpAddresses, https response error StatusCode: 400, RequestID: 743242d5-8d28-43af-9a76-83d5a4553dac, api error InsufficientCidrBlocks: The specified subnet does not have enough free cidr blocks to satisfy the request."}
{"level":"info","ts":"2026-10-05T08:38:36.672Z","caller":"ipamd/ipamd.go:1259","msg":"Trying to allocate 1 IP addresses on ENI eni-EXAMPLE20"}
{"level":"debug","ts":"2026-10-05T08:38:36.672Z","caller":"ipamd/ipamd.go:1259","msg":"PD enabled - true"}
{"level":"debug","ts":"2026-10-05T08:38:37.084Z","caller":"awsutils/awsutils.go:2174","msg":"checkAPIErrorAndBroadcastEvent resulted in operation error EC2: AssignPrivateIpAddresses, https response error StatusCode: 400, RequestID: c0d82020-6fe4-4394-a372-85884d566c57, api error InsufficientCidrBlocks: The specified subnet does not have enough free cidr blocks to satisfy the request."}
{"level":"error","ts":"2026-10-05T08:38:37.084Z","caller":"ipamd/ipamd.go:1259","msg":"Failed to allocate a private IP/Prefix addresses on ENI eni-EXAMPLE20: operation error EC2: AssignPrivateIpAddresses, https response error StatusCode: 400, RequestID: c0d82020-6fe4-4394-a372-85884d566c57, api error InsufficientCidrBlocks: The specified subnet does not have enough free cidr blocks to satisfy the request."}
{"level":"debug","ts":"2026-10-05T08:38:37.084Z","caller":"ipamd/ipamd.go:1260","msg":"containsPrivateIPAddressLimitExceededError encountered operation error EC2: AssignPrivateIpAddresses, https response error StatusCode: 400, RequestID: c0d82020-6fe4-4394-a372-85884d566c57, api error InsufficientCidrBlocks: The specified subnet does not have enough free cidr blocks to satisfy the request."}
{"level":"debug","ts":"2026-10-05T08:38:37.084Z","caller":"ipamd/ipamd.go:1262","msg":"containsInsufficientCIDRsOrSubnetIPs encountered operation error EC2: AssignPrivateIpAddresses, https response error StatusCode: 400, RequestID: c0d82020-6fe4-4394-a372-85884d566c57, api error InsufficientCidrBlocks: The specified subnet does not have enough free cidr blocks to satisfy the request."}
{"level":"debug","ts":"2026-10-05T08:38:37.084Z","caller":"ipamd/ipamd.go:1262","msg":"Insufficient IP Addresses due to: InsufficientCidrBlocks\n"}
{"level":"debug","ts":"2026-10-05T08:38:37.084Z","caller":"ipamd/ipamd.go:1003","msg":"hasRoomForEni: networkCard=0, currentENIs=1, currentUsableENIs=1, maxENI=3, unmanagedENI=0, trunkEni=0, excludedENI=0, hasRoom=true"}
{"level":"debug","ts":"2026-10-05T08:38:37.084Z","caller":"ipamd/ipamd.go:2758","msg":"Prefix target is 1, short of 1 prefixes, free 0 prefixes"}
{"level":"debug","ts":"2026-10-05T08:38:37.084Z","caller":"ipamd/ipamd.go:2595","msg":"ToAllocate: 1, Network Card 0"}
{"level":"info","ts":"2026-10-05T08:38:37.084Z","caller":"awsutils/awsutils.go:1044","msg":"Trying to allocate 1 IP addresses on new ENI"}
{"level":"debug","ts":"2026-10-05T08:38:37.084Z","caller":"awsutils/awsutils.go:1044","msg":"PD enabled - true"}
{"level":"debug","ts":"2026-10-05T08:38:37.311Z","caller":"awsutils/awsutils.go:1272","msg":"Primary subnet subnet-EXAMPLE4 has no kubernetes.io/role/cni tag, including it for ENI creation (backwards compatibility)"}
{"level":"info","ts":"2026-10-05T08:38:37.311Z","caller":"awsutils/awsutils.go:1044","msg":"Creating ENI with security groups: [sg-EXAMPLE1] in subnet: subnet-EXAMPLE4"}
{"level":"debug","ts":"2026-10-05T08:38:37.505Z","caller":"awsutils/awsutils.go:1449","msg":"checkAPIErrorAndBroadcastEvent resulted in operation error EC2: CreateNetworkInterface, https response error StatusCode: 400, RequestID: 4a38439b-da8a-49f6-864a-5c19c38c1b24, api error InvalidParameterValue: There aren't sufficient free Ipv4 addresses or prefixes"}
{"level":"error","ts":"2026-10-05T08:38:37.505Z","caller":"awsutils/awsutils.go:1285","msg":"Failed to CreateNetworkInterface operation error EC2: CreateNetworkInterface, https response error StatusCode: 400, RequestID: 4a38439b-da8a-49f6-864a-5c19c38c1b24, api error InvalidParameterValue: There aren't sufficient free Ipv4 addresses or prefixes for subnet subnet-EXAMPLE4"}
{"level":"debug","ts":"2026-10-05T08:38:37.505Z","caller":"awsutils/awsutils.go:1272","msg":"Subnet subnet-EXAMPLE3 has no kubernetes.io/role/cni tag, excluding it from ENI creation"}
{"level":"error","ts":"2026-10-05T08:38:37.505Z","caller":"ipamd/ipamd.go:1004","msg":"Failed to increase pool size due to not able to allocate ENI AllocENI: failed to create ENI: failed to create network interface: operation error EC2: CreateNetworkInterface, https response error StatusCode: 400, RequestID: 4a38439b-da8a-49f6-864a-5c19c38c1b24, api error InvalidParameterValue: There aren't sufficient free Ipv4 addresses or prefixes"}
{"level":"warn","ts":"2026-10-05T08:38:37.505Z","caller":"ipamd/ipamd.go:1004","msg":"Failed to allocate 1 IP addresses on an ENI: AllocENI: failed to create ENI: failed to create network interface: operation error EC2: CreateNetworkInterface, https response error StatusCode: 400, RequestID: 4a38439b-da8a-49f6-864a-5c19c38c1b24, api error InvalidParameterValue: There aren't sufficient free Ipv4 addresses or prefixes"}
{"level":"debug","ts":"2026-10-05T08:38:37.505Z","caller":"ipamd/ipamd.go:1082","msg":"containsInsufficientCIDRsOrSubnetIPs encountered AllocENI: failed to create ENI: failed to create network interface: operation error EC2: CreateNetworkInterface, https response error StatusCode: 400, RequestID: 4a38439b-da8a-49f6-864a-5c19c38c1b24, api error InvalidParameterValue: There aren't sufficient free Ipv4 addresses or prefixes"}
{"level":"debug","ts":"2026-10-05T08:38:37.505Z","caller":"ipamd/ipamd.go:1082","msg":"Insufficient IP Addresses due to: InvalidParameterValue\n"}
{"level":"debug","ts":"2026-10-05T08:38:37.505Z","caller":"ipamd/ipamd.go:684","msg":"Error trying to allocate ENI: AllocENI: failed to create ENI: failed to create network interface: operation error EC2: CreateNetworkInterface, https response error StatusCode: 400, RequestID: 4a38439b-da8a-49f6-864a-5c19c38c1b24, api error InvalidParameterValue: There aren't sufficient free Ipv4 addresses or prefixes"}
{"level":"debug","ts":"2026-10-05T08:38:37.505Z","caller":"ipamd/ipamd.go:453","msg":"node init completed successfully"}
{"level":"info","ts":"2026-10-05T08:38:37.505Z","caller":"ipamd/rpc_handler.go:492","msg":"Serving RPC Handler version  on unix:/var/run/aws-node/ipamd.sock"}
{"level":"info","ts":"2026-10-05T08:38:37.506Z","caller":"runtime/asm_amd64.s:1771","msg":"Setting up shutdown hook."}
{"level":"info","ts":"2026-10-05T08:38:37.506Z","caller":"runtime/asm_amd64.s:1771","msg":"IP pool manager - max pods: 110, warm IP target: 0, warm prefix target: 1, warm ENI target: 1, minimum IP target: 0"}
{"level":"info","ts":"2026-10-05T08:38:37.506Z","caller":"runtime/asm_amd64.s:1771","msg":"Serving metrics on port 61678"}
{"level":"info","ts":"2026-10-05T08:38:37.506Z","caller":"ipamd/introspect.go:55","msg":"Serving introspection endpoints on 127.0.0.1:61679"}
{"level":"debug","ts":"2026-10-05T08:38:40.006Z","caller":"ipamd/ipamd.go:809","msg":"IP pool is too low for Network Card 0: available (0) < ENI target (1) * addrsPerENI (16)"}
{"level":"debug","ts":"2026-10-05T08:38:40.006Z","caller":"ipamd/ipamd.go:2689","msg":"Prefix pool stats for network card 0: Total IPs/Prefixes = 0/0, AssignedIPs/CooldownIPs: 0/0, c.maxIPsPerENI = 80"}
{"level":"debug","ts":"2026-10-05T08:38:40.006Z","caller":"ipamd/ipamd.go:795","msg":"IP stats for Network Card 0 - total IPs: 0, assigned IPs: 0, cooldown IPs: 0"}
{"level":"debug","ts":"2026-10-05T08:38:40.006Z","caller":"ipamd/ipamd.go:813","msg":"Starting to increase pool size for network card 0"}
{"level":"debug","ts":"2026-10-05T08:38:40.006Z","caller":"ipamd/ipamd.go:966","msg":"Node found \"ip-10-20-0-29.ec2.internal\" - no of taints - 0"}
{"level":"debug","ts":"2026-10-05T08:38:40.006Z","caller":"ipamd/ipamd.go:2758","msg":"Prefix target is 1, short of 1 prefixes, free 0 prefixes"}
{"level":"debug","ts":"2026-10-05T08:38:40.006Z","caller":"ipamd/ipamd.go:1248","msg":"ToAllocate: 1, Network Card 0"}
{"level":"debug","ts":"2026-10-05T08:38:40.006Z","caller":"ipamd/ipamd.go:1251","msg":"Found ENI eni-EXAMPLE20 that has less than the maximum number of IP/Prefixes addresses allocated: cur=0, max=5"}
{"level":"info","ts":"2026-10-05T08:38:40.006Z","caller":"ipamd/ipamd.go:1255","msg":"Trying to allocate 1 IP addresses on ENI eni-EXAMPLE20"}
{"level":"debug","ts":"2026-10-05T08:38:40.006Z","caller":"ipamd/ipamd.go:1255","msg":"PD enabled - true"}
{"level":"debug","ts":"2026-10-05T08:38:40.410Z","caller":"awsutils/awsutils.go:2174","msg":"checkAPIErrorAndBroadcastEvent resulted in operation error EC2: AssignPrivateIpAddresses, https response error StatusCode: 400, RequestID: 38c98cb5-ae31-49ed-8cbe-3034a1ff938b, api error InsufficientCidrBlocks: The specified subnet does not have enough free cidr blocks to satisfy the request."}
{"level":"error","ts":"2026-10-05T08:38:40.410Z","caller":"ipamd/ipamd.go:1255","msg":"Failed to allocate a private IP/Prefix addresses on ENI eni-EXAMPLE20: operation error EC2: AssignPrivateIpAddresses, https response error StatusCode: 400, RequestID: 38c98cb5-ae31-49ed-8cbe-3034a1ff938b, api error InsufficientCidrBlocks: The specified subnet does not have enough free cidr blocks to satisfy the request."}
{"level":"debug","ts":"2026-10-05T08:38:40.410Z","caller":"ipamd/ipamd.go:1256","msg":"containsPrivateIPAddressLimitExceededError encountered operation error EC2: AssignPrivateIpAddresses, https response error StatusCode: 400, RequestID: 38c98cb5-ae31-49ed-8cbe-3034a1ff938b, api error InsufficientCidrBlocks: The specified subnet does not have enough free cidr blocks to satisfy the request."}
{"level":"warn","ts":"2026-10-05T08:38:40.410Z","caller":"ipamd/ipamd.go:1113","msg":"failed to allocate all available IPv4 Prefixes on ENI eni-EXAMPLE20, err: operation error EC2: AssignPrivateIpAddresses, https response error StatusCode: 400, RequestID: 38c98cb5-ae31-49ed-8cbe-3034a1ff938b, api error InsufficientCidrBlocks: The specified subnet does not have enough free cidr blocks to satisfy the request."}
{"level":"info","ts":"2026-10-05T08:38:40.410Z","caller":"ipamd/ipamd.go:1259","msg":"Trying to allocate 1 IP addresses on ENI eni-EXAMPLE20"}
{"level":"debug","ts":"2026-10-05T08:38:40.410Z","caller":"ipamd/ipamd.go:1259","msg":"PD enabled - true"}
{"level":"debug","ts":"2026-10-05T08:38:40.840Z","caller":"awsutils/awsutils.go:2174","msg":"checkAPIErrorAndBroadcastEvent resulted in operation error EC2: AssignPrivateIpAddresses, https response error StatusCode: 400, RequestID: e88edd4f-3236-4587-b079-ef615c03be3e, api error InsufficientCidrBlocks: The specified subnet does not have enough free cidr blocks to satisfy the request."}
{"level":"error","ts":"2026-10-05T08:38:40.840Z","caller":"ipamd/ipamd.go:1259","msg":"Failed to allocate a private IP/Prefix addresses on ENI eni-EXAMPLE20: operation error EC2: AssignPrivateIpAddresses, https response error StatusCode: 400, RequestID: e88edd4f-3236-4587-b079-ef615c03be3e, api error InsufficientCidrBlocks: The specified subnet does not have enough free cidr blocks to satisfy the request."}
{"level":"debug","ts":"2026-10-05T08:38:40.840Z","caller":"ipamd/ipamd.go:1260","msg":"containsPrivateIPAddressLimitExceededError encountered operation error EC2: AssignPrivateIpAddresses, https response error StatusCode: 400, RequestID: e88edd4f-3236-4587-b079-ef615c03be3e, api error InsufficientCidrBlocks: The specified subnet does not have enough free cidr blocks to satisfy the request."}
{"level":"debug","ts":"2026-10-05T08:38:40.840Z","caller":"ipamd/ipamd.go:1262","msg":"containsInsufficientCIDRsOrSubnetIPs encountered operation error EC2: AssignPrivateIpAddresses, https response error StatusCode: 400, RequestID: e88edd4f-3236-4587-b079-ef615c03be3e, api error InsufficientCidrBlocks: The specified subnet does not have enough free cidr blocks to satisfy the request."}
{"level":"debug","ts":"2026-10-05T08:38:40.840Z","caller":"ipamd/ipamd.go:1262","msg":"Insufficient IP Addresses due to: InsufficientCidrBlocks\n"}
{"level":"debug","ts":"2026-10-05T08:38:40.840Z","caller":"ipamd/ipamd.go:1003","msg":"hasRoomForEni: networkCard=0, currentENIs=1, currentUsableENIs=1, maxENI=3, unmanagedENI=0, trunkEni=0, excludedENI=0, hasRoom=true"}
{"level":"debug","ts":"2026-10-05T08:38:40.840Z","caller":"ipamd/ipamd.go:2758","msg":"Prefix target is 1, short of 1 prefixes, free 0 prefixes"}
{"level":"debug","ts":"2026-10-05T08:38:40.840Z","caller":"ipamd/ipamd.go:2595","msg":"ToAllocate: 1, Network Card 0"}
{"level":"info","ts":"2026-10-05T08:38:40.840Z","caller":"awsutils/awsutils.go:1044","msg":"Trying to allocate 1 IP addresses on new ENI"}
{"level":"debug","ts":"2026-10-05T08:38:40.840Z","caller":"awsutils/awsutils.go:1044","msg":"PD enabled - true"}
{"level":"debug","ts":"2026-10-05T08:38:41.033Z","caller":"awsutils/awsutils.go:1272","msg":"Primary subnet subnet-EXAMPLE4 has no kubernetes.io/role/cni tag, including it for ENI creation (backwards compatibility)"}
{"level":"info","ts":"2026-10-05T08:38:41.033Z","caller":"awsutils/awsutils.go:1044","msg":"Creating ENI with security groups: [sg-EXAMPLE1] in subnet: subnet-EXAMPLE4"}
{"level":"debug","ts":"2026-10-05T08:38:41.209Z","caller":"awsutils/awsutils.go:1449","msg":"checkAPIErrorAndBroadcastEvent resulted in operation error EC2: CreateNetworkInterface, https response error StatusCode: 400, RequestID: 89b7b31e-f099-479a-a1a3-de5778b265fa, api error InvalidParameterValue: There aren't sufficient free Ipv4 addresses or prefixes"}
{"level":"error","ts":"2026-10-05T08:38:41.209Z","caller":"awsutils/awsutils.go:1285","msg":"Failed to CreateNetworkInterface operation error EC2: CreateNetworkInterface, https response error StatusCode: 400, RequestID: 89b7b31e-f099-479a-a1a3-de5778b265fa, api error InvalidParameterValue: There aren't sufficient free Ipv4 addresses or prefixes for subnet subnet-EXAMPLE4"}
{"level":"debug","ts":"2026-10-05T08:38:41.209Z","caller":"awsutils/awsutils.go:1272","msg":"Subnet subnet-EXAMPLE3 has no kubernetes.io/role/cni tag, excluding it from ENI creation"}
{"level":"error","ts":"2026-10-05T08:38:41.209Z","caller":"ipamd/ipamd.go:1004","msg":"Failed to increase pool size due to not able to allocate ENI AllocENI: failed to create ENI: failed to create network interface: operation error EC2: CreateNetworkInterface, https response error StatusCode: 400, RequestID: 89b7b31e-f099-479a-a1a3-de5778b265fa, api error InvalidParameterValue: There aren't sufficient free Ipv4 addresses or prefixes"}
{"level":"warn","ts":"2026-10-05T08:38:41.209Z","caller":"ipamd/ipamd.go:1004","msg":"Failed to allocate 1 IP addresses on an ENI: AllocENI: failed to create ENI: failed to create network interface: operation error EC2: CreateNetworkInterface, https response error StatusCode: 400, RequestID: 89b7b31e-f099-479a-a1a3-de5778b265fa, api error InvalidParameterValue: There aren't sufficient free Ipv4 addresses or prefixes"}
{"level":"debug","ts":"2026-10-05T08:38:41.209Z","caller":"ipamd/ipamd.go:1082","msg":"containsInsufficientCIDRsOrSubnetIPs encountered AllocENI: failed to create ENI: failed to create network interface: operation error EC2: CreateNetworkInterface, https response error StatusCode: 400, RequestID: 89b7b31e-f099-479a-a1a3-de5778b265fa, api error InvalidParameterValue: There aren't sufficient free Ipv4 addresses or prefixes"}
{"level":"debug","ts":"2026-10-05T08:38:41.209Z","caller":"ipamd/ipamd.go:1082","msg":"Insufficient IP Addresses due to: InvalidParameterValue\n"}
{"level":"debug","ts":"2026-10-05T08:38:41.209Z","caller":"ipamd/ipamd.go:813","msg":"Error trying to allocate ENI: AllocENI: failed to create ENI: failed to create network interface: operation error EC2: CreateNetworkInterface, https response error StatusCode: 400, RequestID: 89b7b31e-f099-479a-a1a3-de5778b265fa, api error InvalidParameterValue: There aren't sufficient free Ipv4 addresses or prefixes"}
{"level":"debug","ts":"2026-10-05T08:38:41.209Z","caller":"ipamd/ipamd.go:1548","msg":"ENI eni-EXAMPLE20 cannot be deleted because it is primary"}
{"level":"debug","ts":"2026-10-05T08:38:43.709Z","caller":"ipamd/ipamd.go:798","msg":"Reconciling ENI/IP pool info because time since last 2562047h47m16.854775807s > 1m0s"}
{"level":"debug","ts":"2026-10-05T08:38:43.711Z","caller":"ipamd/ipamd.go:1621","msg":"Total number of interfaces found: 1 "}
{"level":"debug","ts":"2026-10-05T08:38:43.711Z","caller":"awsutils/awsutils.go:787","msg":"Found ENI MAC address: 12:ff:f3:10:df:d7"}
{"level":"debug","ts":"2026-10-05T08:38:43.715Z","caller":"awsutils/awsutils.go:787","msg":"Found ENI: eni-EXAMPLE20, MAC 12:ff:f3:10:df:d7, device 0"}
{"level":"debug","ts":"2026-10-05T08:38:43.717Z","caller":"awsutils/awsutils.go:787","msg":"Found IPv4 addresses associated with interface. This is not efa-only interface"}
{"level":"debug","ts":"2026-10-05T08:38:43.722Z","caller":"ipamd/ipamd.go:798","msg":"Reconcile existing ENI eni-EXAMPLE20 IP pool"}
{"level":"info","ts":"2026-10-05T08:38:43.722Z","caller":"ipamd/ipamd.go:1766","msg":"Reconcile and skip primary IP 10.20.0.29 on ENI eni-EXAMPLE20"}
{"level":"debug","ts":"2026-10-05T08:38:43.722Z","caller":"ipamd/ipamd.go:798","msg":"Reconcile existing ENI eni-EXAMPLE20 IP prefixes"}
{"level":"debug","ts":"2026-10-05T08:38:43.722Z","caller":"ipamd/ipamd.go:1693","msg":"Found prefix pool count 0 for eni eni-EXAMPLE20\n"}
{"level":"debug","ts":"2026-10-05T08:38:43.722Z","caller":"ipamd/ipamd.go:798","msg":"Successfully Reconciled ENI/IP pool"}
{"level":"debug","ts":"2026-10-05T08:38:43.722Z","caller":"ipamd/ipamd.go:1738","msg":"Prefix pool stats for network card 0: Total IPs/Prefixes = 0/0, AssignedIPs/CooldownIPs: 0/0, c.maxIPsPerENI = 80"}
{"level":"debug","ts":"2026-10-05T08:38:43.722Z","caller":"ipamd/ipamd.go:798","msg":"Primary IP for ENI eni-EXAMPLE20 is 10.20.0.29"}
{"level":"debug","ts":"2026-10-05T08:38:46.222Z","caller":"ipamd/ipamd.go:809","msg":"IP pool is too low for Network Card 0: available (0) < ENI target (1) * addrsPerENI (16)"}
{"level":"debug","ts":"2026-10-05T08:38:46.223Z","caller":"ipamd/ipamd.go:2689","msg":"Prefix pool stats for network card 0: Total IPs/Prefixes = 0/0, AssignedIPs/CooldownIPs: 0/0, c.maxIPsPerENI = 80"}
{"level":"debug","ts":"2026-10-05T08:38:46.223Z","caller":"ipamd/ipamd.go:795","msg":"IP stats for Network Card 0 - total IPs: 0, assigned IPs: 0, cooldown IPs: 0"}
{"level":"debug","ts":"2026-10-05T08:38:46.223Z","caller":"ipamd/ipamd.go:813","msg":"Starting to increase pool size for network card 0"}
{"level":"debug","ts":"2026-10-05T08:38:46.223Z","caller":"ipamd/ipamd.go:966","msg":"Node found \"ip-10-20-0-29.ec2.internal\" - no of taints - 0"}
{"level":"debug","ts":"2026-10-05T08:38:46.223Z","caller":"ipamd/ipamd.go:2758","msg":"Prefix target is 1, short of 1 prefixes, free 0 prefixes"}
{"level":"debug","ts":"2026-10-05T08:38:46.223Z","caller":"ipamd/ipamd.go:1248","msg":"ToAllocate: 1, Network Card 0"}
{"level":"debug","ts":"2026-10-05T08:38:46.223Z","caller":"ipamd/ipamd.go:1251","msg":"Found ENI eni-EXAMPLE20 that has less than the maximum number of IP/Prefixes addresses allocated: cur=0, max=5"}
{"level":"info","ts":"2026-10-05T08:38:46.223Z","caller":"ipamd/ipamd.go:1255","msg":"Trying to allocate 1 IP addresses on ENI eni-EXAMPLE20"}
{"level":"debug","ts":"2026-10-05T08:38:46.223Z","caller":"ipamd/ipamd.go:1255","msg":"PD enabled - true"}
{"level":"debug","ts":"2026-10-05T08:38:46.683Z","caller":"awsutils/awsutils.go:2174","msg":"checkAPIErrorAndBroadcastEvent resulted in operation error EC2: AssignPrivateIpAddresses, https response error StatusCode: 400, RequestID: 949627f0-3f00-4d95-9845-2276ec4b4c43, api error InsufficientCidrBlocks: The specified subnet does not have enough free cidr blocks to satisfy the request."}
{"level":"error","ts":"2026-10-05T08:38:46.683Z","caller":"ipamd/ipamd.go:1255","msg":"Failed to allocate a private IP/Prefix addresses on ENI eni-EXAMPLE20: operation error EC2: AssignPrivateIpAddresses, https response error StatusCode: 400, RequestID: 949627f0-3f00-4d95-9845-2276ec4b4c43, api error InsufficientCidrBlocks: The specified subnet does not have enough free cidr blocks to satisfy the request."}
{"level":"debug","ts":"2026-10-05T08:38:46.683Z","caller":"ipamd/ipamd.go:1256","msg":"containsPrivateIPAddressLimitExceededError encountered operation error EC2: AssignPrivateIpAddresses, https response error StatusCode: 400, RequestID: 949627f0-3f00-4d95-9845-2276ec4b4c43, api error InsufficientCidrBlocks: The specified subnet does not have enough free cidr blocks to satisfy the request."}
{"level":"warn","ts":"2026-10-05T08:38:46.683Z","caller":"ipamd/ipamd.go:1113","msg":"failed to allocate all available IPv4 Prefixes on ENI eni-EXAMPLE20, err: operation error EC2: AssignPrivateIpAddresses, https response error StatusCode: 400, RequestID: 949627f0-3f00-4d95-9845-2276ec4b4c43, api error InsufficientCidrBlocks: The specified subnet does not have enough free cidr blocks to satisfy the request."}
{"level":"info","ts":"2026-10-05T08:38:46.683Z","caller":"ipamd/ipamd.go:1259","msg":"Trying to allocate 1 IP addresses on ENI eni-EXAMPLE20"}
{"level":"debug","ts":"2026-10-05T08:38:46.683Z","caller":"ipamd/ipamd.go:1259","msg":"PD enabled - true"}
{"level":"debug","ts":"2026-10-05T08:38:47.063Z","caller":"awsutils/awsutils.go:2174","msg":"checkAPIErrorAndBroadcastEvent resulted in operation error EC2: AssignPrivateIpAddresses, https response error StatusCode: 400, RequestID: 4acc1620-19a8-4f7a-a0e3-d0a00448d445, api error InsufficientCidrBlocks: The specified subnet does not have enough free cidr blocks to satisfy the request."}
{"level":"error","ts":"2026-10-05T08:38:47.063Z","caller":"ipamd/ipamd.go:1259","msg":"Failed to allocate a private IP/Prefix addresses on ENI eni-EXAMPLE20: operation error EC2: AssignPrivateIpAddresses, https response error StatusCode: 400, RequestID: 4acc1620-19a8-4f7a-a0e3-d0a00448d445, api error InsufficientCidrBlocks: The specified subnet does not have enough free cidr blocks to satisfy the request."}
{"level":"debug","ts":"2026-10-05T08:38:47.063Z","caller":"ipamd/ipamd.go:1260","msg":"containsPrivateIPAddressLimitExceededError encountered operation error EC2: AssignPrivateIpAddresses, https response error StatusCode: 400, RequestID: 4acc1620-19a8-4f7a-a0e3-d0a00448d445, api error InsufficientCidrBlocks: The specified subnet does not have enough free cidr blocks to satisfy the request."}
{"level":"debug","ts":"2026-10-05T08:38:47.063Z","caller":"ipamd/ipamd.go:1262","msg":"containsInsufficientCIDRsOrSubnetIPs encountered operation error EC2: AssignPrivateIpAddresses, https response error StatusCode: 400, RequestID: 4acc1620-19a8-4f7a-a0e3-d0a00448d445, api error InsufficientCidrBlocks: The specified subnet does not have enough free cidr blocks to satisfy the request."}
{"level":"debug","ts":"2026-10-05T08:38:47.063Z","caller":"ipamd/ipamd.go:1262","msg":"Insufficient IP Addresses due to: InsufficientCidrBlocks\n"}
{"level":"debug","ts":"2026-10-05T08:38:47.063Z","caller":"ipamd/ipamd.go:1003","msg":"hasRoomForEni: networkCard=0, currentENIs=1, currentUsableENIs=1, maxENI=3, unmanagedENI=0, trunkEni=0, excludedENI=0, hasRoom=true"}
{"level":"debug","ts":"2026-10-05T08:38:47.063Z","caller":"ipamd/ipamd.go:2758","msg":"Prefix target is 1, short of 1 prefixes, free 0 prefixes"}
{"level":"debug","ts":"2026-10-05T08:38:47.063Z","caller":"ipamd/ipamd.go:2595","msg":"ToAllocate: 1, Network Card 0"}
{"level":"info","ts":"2026-10-05T08:38:47.063Z","caller":"awsutils/awsutils.go:1044","msg":"Trying to allocate 1 IP addresses on new ENI"}
{"level":"debug","ts":"2026-10-05T08:38:47.063Z","caller":"awsutils/awsutils.go:1044","msg":"PD enabled - true"}
{"level":"debug","ts":"2026-10-05T08:38:47.133Z","caller":"awsutils/awsutils.go:1272","msg":"Primary subnet subnet-EXAMPLE4 has no kubernetes.io/role/cni tag, including it for ENI creation (backwards compatibility)"}
{"level":"info","ts":"2026-10-05T08:38:47.133Z","caller":"awsutils/awsutils.go:1044","msg":"Creating ENI with security groups: [sg-EXAMPLE1] in subnet: subnet-EXAMPLE4"}
{"level":"debug","ts":"2026-10-05T08:38:47.411Z","caller":"awsutils/awsutils.go:1449","msg":"checkAPIErrorAndBroadcastEvent resulted in operation error EC2: CreateNetworkInterface, https response error StatusCode: 400, RequestID: 50fbf8bb-45ec-451d-902e-21a222e1c968, api error InvalidParameterValue: There aren't sufficient free Ipv4 addresses or prefixes"}
{"level":"error","ts":"2026-10-05T08:38:47.411Z","caller":"awsutils/awsutils.go:1285","msg":"Failed to CreateNetworkInterface operation error EC2: CreateNetworkInterface, https response error StatusCode: 400, RequestID: 50fbf8bb-45ec-451d-902e-21a222e1c968, api error InvalidParameterValue: There aren't sufficient free Ipv4 addresses or prefixes for subnet subnet-EXAMPLE4"}
{"level":"debug","ts":"2026-10-05T08:38:47.411Z","caller":"awsutils/awsutils.go:1272","msg":"Subnet subnet-EXAMPLE3 has no kubernetes.io/role/cni tag, excluding it from ENI creation"}
{"level":"error","ts":"2026-10-05T08:38:47.411Z","caller":"ipamd/ipamd.go:1004","msg":"Failed to increase pool size due to not able to allocate ENI AllocENI: failed to create ENI: failed to create network interface: operation error EC2: CreateNetworkInterface, https response error StatusCode: 400, RequestID: 50fbf8bb-45ec-451d-902e-21a222e1c968, api error InvalidParameterValue: There aren't sufficient free Ipv4 addresses or prefixes"}
{"level":"warn","ts":"2026-10-05T08:38:47.411Z","caller":"ipamd/ipamd.go:1004","msg":"Failed to allocate 1 IP addresses on an ENI: AllocENI: failed to create ENI: failed to create network interface: operation error EC2: CreateNetworkInterface, https response error StatusCode: 400, RequestID: 50fbf8bb-45ec-451d-902e-21a222e1c968, api error InvalidParameterValue: There aren't sufficient free Ipv4 addresses or prefixes"}
{"level":"debug","ts":"2026-10-05T08:38:47.411Z","caller":"ipamd/ipamd.go:1082","msg":"containsInsufficientCIDRsOrSubnetIPs encountered AllocENI: failed to create ENI: failed to create network interface: operation error EC2: CreateNetworkInterface, https response error StatusCode: 400, RequestID: 50fbf8bb-45ec-451d-902e-21a222e1c968, api error InvalidParameterValue: There aren't sufficient free Ipv4 addresses or prefixes"}
{"level":"debug","ts":"2026-10-05T08:38:47.411Z","caller":"ipamd/ipamd.go:1082","msg":"Insufficient IP Addresses due to: InvalidParameterValue\n"}
{"level":"debug","ts":"2026-10-05T08:38:47.411Z","caller":"ipamd/ipamd.go:813","msg":"Error trying to allocate ENI: AllocENI: failed to create ENI: failed to create network interface: operation error EC2: CreateNetworkInterface, https response error StatusCode: 400, RequestID: 50fbf8bb-45ec-451d-902e-21a222e1c968, api error InvalidParameterValue: There aren't sufficient free Ipv4 addresses or prefixes"}
{"level":"debug","ts":"2026-10-05T08:38:47.411Z","caller":"ipamd/ipamd.go:1548","msg":"ENI eni-EXAMPLE20 cannot be deleted because it is primary"}
{"level":"debug","ts":"2026-10-05T08:38:52.411Z","caller":"ipamd/ipamd.go:809","msg":"IP pool is too low for Network Card 0: available (0) < ENI target (1) * addrsPerENI (16)"}
{"level":"debug","ts":"2026-10-05T08:38:52.411Z","caller":"ipamd/ipamd.go:2689","msg":"Prefix pool stats for network card 0: Total IPs/Prefixes = 0/0, AssignedIPs/CooldownIPs: 0/0, c.maxIPsPerENI = 80"}
{"level":"debug","ts":"2026-10-05T08:38:52.411Z","caller":"ipamd/ipamd.go:795","msg":"IP stats for Network Card 0 - total IPs: 0, assigned IPs: 0, cooldown IPs: 0"}
{"level":"debug","ts":"2026-10-05T08:38:52.411Z","caller":"ipamd/ipamd.go:813","msg":"Starting to increase pool size for network card 0"}
{"level":"debug","ts":"2026-10-05T08:38:52.411Z","caller":"ipamd/ipamd.go:966","msg":"Node found \"ip-10-20-0-29.ec2.internal\" - no of taints - 0"}
{"level":"debug","ts":"2026-10-05T08:38:52.411Z","caller":"ipamd/ipamd.go:2758","msg":"Prefix target is 1, short of 1 prefixes, free 0 prefixes"}
{"level":"debug","ts":"2026-10-05T08:38:52.411Z","caller":"ipamd/ipamd.go:1248","msg":"ToAllocate: 1, Network Card 0"}
{"level":"debug","ts":"2026-10-05T08:38:52.411Z","caller":"ipamd/ipamd.go:1251","msg":"Found ENI eni-EXAMPLE20 that has less than the maximum number of IP/Prefixes addresses allocated: cur=0, max=5"}
{"level":"info","ts":"2026-10-05T08:38:52.411Z","caller":"ipamd/ipamd.go:1255","msg":"Trying to allocate 1 IP addresses on ENI eni-EXAMPLE20"}
{"level":"debug","ts":"2026-10-05T08:38:52.411Z","caller":"ipamd/ipamd.go:1255","msg":"PD enabled - true"}
{"level":"debug","ts":"2026-10-05T08:38:52.823Z","caller":"awsutils/awsutils.go:2174","msg":"checkAPIErrorAndBroadcastEvent resulted in operation error EC2: AssignPrivateIpAddresses, https response error StatusCode: 400, RequestID: a885c750-f6ce-4678-b91f-6e5da1de60ab, api error InsufficientCidrBlocks: The specified subnet does not have enough free cidr blocks to satisfy the request."}
{"level":"error","ts":"2026-10-05T08:38:52.823Z","caller":"ipamd/ipamd.go:1255","msg":"Failed to allocate a private IP/Prefix addresses on ENI eni-EXAMPLE20: operation error EC2: AssignPrivateIpAddresses, https response error StatusCode: 400, RequestID: a885c750-f6ce-4678-b91f-6e5da1de60ab, api error InsufficientCidrBlocks: The specified subnet does not have enough free cidr blocks to satisfy the request."}
{"level":"debug","ts":"2026-10-05T08:38:52.823Z","caller":"ipamd/ipamd.go:1256","msg":"containsPrivateIPAddressLimitExceededError encountered operation error EC2: AssignPrivateIpAddresses, https response error StatusCode: 400, RequestID: a885c750-f6ce-4678-b91f-6e5da1de60ab, api error InsufficientCidrBlocks: The specified subnet does not have enough free cidr blocks to satisfy the request."}
{"level":"warn","ts":"2026-10-05T08:38:52.823Z","caller":"ipamd/ipamd.go:1113","msg":"failed to allocate all available IPv4 Prefixes on ENI eni-EXAMPLE20, err: operation error EC2: AssignPrivateIpAddresses, https response error StatusCode: 400, RequestID: a885c750-f6ce-4678-b91f-6e5da1de60ab, api error InsufficientCidrBlocks: The specified subnet does not have enough free cidr blocks to satisfy the request."}
{"level":"info","ts":"2026-10-05T08:38:52.823Z","caller":"ipamd/ipamd.go:1259","msg":"Trying to allocate 1 IP addresses on ENI eni-EXAMPLE20"}
{"level":"debug","ts":"2026-10-05T08:38:52.823Z","caller":"ipamd/ipamd.go:1259","msg":"PD enabled - true"}
{"level":"debug","ts":"2026-10-05T08:38:53.251Z","caller":"awsutils/awsutils.go:2174","msg":"checkAPIErrorAndBroadcastEvent resulted in operation error EC2: AssignPrivateIpAddresses, https response error StatusCode: 400, RequestID: a2fe540c-e126-4d7b-82c0-ba53b395d122, api error InsufficientCidrBlocks: The specified subnet does not have enough free cidr blocks to satisfy the request."}
{"level":"error","ts":"2026-10-05T08:38:53.251Z","caller":"ipamd/ipamd.go:1259","msg":"Failed to allocate a private IP/Prefix addresses on ENI eni-EXAMPLE20: operation error EC2: AssignPrivateIpAddresses, https response error StatusCode: 400, RequestID: a2fe540c-e126-4d7b-82c0-ba53b395d122, api error InsufficientCidrBlocks: The specified subnet does not have enough free cidr blocks to satisfy the request."}
{"level":"debug","ts":"2026-10-05T08:38:53.251Z","caller":"ipamd/ipamd.go:1260","msg":"containsPrivateIPAddressLimitExceededError encountered operation error EC2: AssignPrivateIpAddresses, https response error StatusCode: 400, RequestID: a2fe540c-e126-4d7b-82c0-ba53b395d122, api error InsufficientCidrBlocks: The specified subnet does not have enough free cidr blocks to satisfy the request."}
{"level":"debug","ts":"2026-10-05T08:38:53.251Z","caller":"ipamd/ipamd.go:1262","msg":"containsInsufficientCIDRsOrSubnetIPs encountered operation error EC2: AssignPrivateIpAddresses, https response error StatusCode: 400, RequestID: a2fe540c-e126-4d7b-82c0-ba53b395d122, api error InsufficientCidrBlocks: The specified subnet does not have enough free cidr blocks to satisfy the request."}
{"level":"debug","ts":"2026-10-05T08:38:53.251Z","caller":"ipamd/ipamd.go:1262","msg":"Insufficient IP Addresses due to: InsufficientCidrBlocks\n"}
{"level":"debug","ts":"2026-10-05T08:38:53.251Z","caller":"ipamd/ipamd.go:1003","msg":"hasRoomForEni: networkCard=0, currentENIs=1, currentUsableENIs=1, maxENI=3, unmanagedENI=0, trunkEni=0, excludedENI=0, hasRoom=true"}
{"level":"debug","ts":"2026-10-05T08:38:53.251Z","caller":"ipamd/ipamd.go:2758","msg":"Prefix target is 1, short of 1 prefixes, free 0 prefixes"}
{"level":"debug","ts":"2026-10-05T08:38:53.251Z","caller":"ipamd/ipamd.go:2595","msg":"ToAllocate: 1, Network Card 0"}
{"level":"info","ts":"2026-10-05T08:38:53.251Z","caller":"awsutils/awsutils.go:1044","msg":"Trying to allocate 1 IP addresses on new ENI"}
{"level":"debug","ts":"2026-10-05T08:38:53.251Z","caller":"awsutils/awsutils.go:1044","msg":"PD enabled - true"}
{"level":"debug","ts":"2026-10-05T08:38:53.528Z","caller":"awsutils/awsutils.go:1272","msg":"Primary subnet subnet-EXAMPLE4 has no kubernetes.io/role/cni tag, including it for ENI creation (backwards compatibility)"}
{"level":"info","ts":"2026-10-05T08:38:53.528Z","caller":"awsutils/awsutils.go:1044","msg":"Creating ENI with security groups: [sg-EXAMPLE1] in subnet: subnet-EXAMPLE4"}
{"level":"debug","ts":"2026-10-05T08:38:53.760Z","caller":"awsutils/awsutils.go:1449","msg":"checkAPIErrorAndBroadcastEvent resulted in operation error EC2: CreateNetworkInterface, https response error StatusCode: 400, RequestID: f4d5e994-7c29-43c9-a964-5d796aa6c366, api error InvalidParameterValue: There aren't sufficient free Ipv4 addresses or prefixes"}
{"level":"error","ts":"2026-10-05T08:38:53.760Z","caller":"awsutils/awsutils.go:1285","msg":"Failed to CreateNetworkInterface operation error EC2: CreateNetworkInterface, https response error StatusCode: 400, RequestID: f4d5e994-7c29-43c9-a964-5d796aa6c366, api error InvalidParameterValue: There aren't sufficient free Ipv4 addresses or prefixes for subnet subnet-EXAMPLE4"}
{"level":"debug","ts":"2026-10-05T08:38:53.761Z","caller":"awsutils/awsutils.go:1272","msg":"Subnet subnet-EXAMPLE3 has no kubernetes.io/role/cni tag, excluding it from ENI creation"}
{"level":"error","ts":"2026-10-05T08:38:53.761Z","caller":"ipamd/ipamd.go:1004","msg":"Failed to increase pool size due to not able to allocate ENI AllocENI: failed to create ENI: failed to create network interface: operation error EC2: CreateNetworkInterface, https response error StatusCode: 400, RequestID: f4d5e994-7c29-43c9-a964-5d796aa6c366, api error InvalidParameterValue: There aren't sufficient free Ipv4 addresses or prefixes"}
{"level":"warn","ts":"2026-10-05T08:38:53.761Z","caller":"ipamd/ipamd.go:1004","msg":"Failed to allocate 1 IP addresses on an ENI: AllocENI: failed to create ENI: failed to create network interface: operation error EC2: CreateNetworkInterface, https response error StatusCode: 400, RequestID: f4d5e994-7c29-43c9-a964-5d796aa6c366, api error InvalidParameterValue: There aren't sufficient free Ipv4 addresses or prefixes"}
{"level":"debug","ts":"2026-10-05T08:38:53.761Z","caller":"ipamd/ipamd.go:1082","msg":"containsInsufficientCIDRsOrSubnetIPs encountered AllocENI: failed to create ENI: failed to create network interface: operation error EC2: CreateNetworkInterface, https response error StatusCode: 400, RequestID: f4d5e994-7c29-43c9-a964-5d796aa6c366, api error InvalidParameterValue: There aren't sufficient free Ipv4 addresses or prefixes"}
{"level":"debug","ts":"2026-10-05T08:38:53.761Z","caller":"ipamd/ipamd.go:1082","msg":"Insufficient IP Addresses due to: InvalidParameterValue\n"}
{"level":"debug","ts":"2026-10-05T08:38:53.761Z","caller":"ipamd/ipamd.go:813","msg":"Error trying to allocate ENI: AllocENI: failed to create ENI: failed to create network interface: operation error EC2: CreateNetworkInterface, https response error StatusCode: 400, RequestID: f4d5e994-7c29-43c9-a964-5d796aa6c366, api error InvalidParameterValue: There aren't sufficient free Ipv4 addresses or prefixes"}
{"level":"debug","ts":"2026-10-05T08:38:53.761Z","caller":"ipamd/ipamd.go:1548","msg":"ENI eni-EXAMPLE20 cannot be deleted because it is primary"}
{"level":"debug","ts":"2026-10-05T08:38:58.761Z","caller":"ipamd/ipamd.go:809","msg":"IP pool is too low for Network Card 0: available (0) < ENI target (1) * addrsPerENI (16)"}
{"level":"debug","ts":"2026-10-05T08:38:58.761Z","caller":"ipamd/ipamd.go:2689","msg":"Prefix pool stats for network card 0: Total IPs/Prefixes = 0/0, AssignedIPs/CooldownIPs: 0/0, c.maxIPsPerENI = 80"}
{"level":"debug","ts":"2026-10-05T08:38:58.761Z","caller":"ipamd/ipamd.go:795","msg":"IP stats for Network Card 0 - total IPs: 0, assigned IPs: 0, cooldown IPs: 0"}
{"level":"debug","ts":"2026-10-05T08:38:58.761Z","caller":"ipamd/ipamd.go:813","msg":"Starting to increase pool size for network card 0"}
{"level":"debug","ts":"2026-10-05T08:38:58.761Z","caller":"ipamd/ipamd.go:966","msg":"Node found \"ip-10-20-0-29.ec2.internal\" - no of taints - 0"}
{"level":"debug","ts":"2026-10-05T08:38:58.761Z","caller":"ipamd/ipamd.go:2758","msg":"Prefix target is 1, short of 1 prefixes, free 0 prefixes"}
{"level":"debug","ts":"2026-10-05T08:38:58.761Z","caller":"ipamd/ipamd.go:1248","msg":"ToAllocate: 1, Network Card 0"}
{"level":"debug","ts":"2026-10-05T08:38:58.761Z","caller":"ipamd/ipamd.go:1251","msg":"Found ENI eni-EXAMPLE20 that has less than the maximum number of IP/Prefixes addresses allocated: cur=0, max=5"}
{"level":"info","ts":"2026-10-05T08:38:58.761Z","caller":"ipamd/ipamd.go:1255","msg":"Trying to allocate 1 IP addresses on ENI eni-EXAMPLE20"}
{"level":"debug","ts":"2026-10-05T08:38:58.761Z","caller":"ipamd/ipamd.go:1255","msg":"PD enabled - true"}
{"level":"debug","ts":"2026-10-05T08:38:59.188Z","caller":"awsutils/awsutils.go:2174","msg":"checkAPIErrorAndBroadcastEvent resulted in operation error EC2: AssignPrivateIpAddresses, https response error StatusCode: 400, RequestID: ef20403a-6f2d-4858-80ab-3ef64772e3b2, api error InsufficientCidrBlocks: The specified subnet does not have enough free cidr blocks to satisfy the request."}
{"level":"error","ts":"2026-10-05T08:38:59.188Z","caller":"ipamd/ipamd.go:1255","msg":"Failed to allocate a private IP/Prefix addresses on ENI eni-EXAMPLE20: operation error EC2: AssignPrivateIpAddresses, https response error StatusCode: 400, RequestID: ef20403a-6f2d-4858-80ab-3ef64772e3b2, api error InsufficientCidrBlocks: The specified subnet does not have enough free cidr blocks to satisfy the request."}
{"level":"debug","ts":"2026-10-05T08:38:59.188Z","caller":"ipamd/ipamd.go:1256","msg":"containsPrivateIPAddressLimitExceededError encountered operation error EC2: AssignPrivateIpAddresses, https response error StatusCode: 400, RequestID: ef20403a-6f2d-4858-80ab-3ef64772e3b2, api error InsufficientCidrBlocks: The specified subnet does not have enough free cidr blocks to satisfy the request."}
{"level":"warn","ts":"2026-10-05T08:38:59.188Z","caller":"ipamd/ipamd.go:1113","msg":"failed to allocate all available IPv4 Prefixes on ENI eni-EXAMPLE20, err: operation error EC2: AssignPrivateIpAddresses, https response error StatusCode: 400, RequestID: ef20403a-6f2d-4858-80ab-3ef64772e3b2, api error InsufficientCidrBlocks: The specified subnet does not have enough free cidr blocks to satisfy the request."}
{"level":"info","ts":"2026-10-05T08:38:59.188Z","caller":"ipamd/ipamd.go:1259","msg":"Trying to allocate 1 IP addresses on ENI eni-EXAMPLE20"}
{"level":"debug","ts":"2026-10-05T08:38:59.188Z","caller":"ipamd/ipamd.go:1259","msg":"PD enabled - true"}
{"level":"debug","ts":"2026-10-05T08:38:59.593Z","caller":"awsutils/awsutils.go:2174","msg":"checkAPIErrorAndBroadcastEvent resulted in operation error EC2: AssignPrivateIpAddresses, https response error StatusCode: 400, RequestID: f69eae77-384c-4b69-a225-a98e3e4a9948, api error InsufficientCidrBlocks: The specified subnet does not have enough free cidr blocks to satisfy the request."}
{"level":"error","ts":"2026-10-05T08:38:59.593Z","caller":"ipamd/ipamd.go:1259","msg":"Failed to allocate a private IP/Prefix addresses on ENI eni-EXAMPLE20: operation error EC2: AssignPrivateIpAddresses, https response error StatusCode: 400, RequestID: f69eae77-384c-4b69-a225-a98e3e4a9948, api error InsufficientCidrBlocks: The specified subnet does not have enough free cidr blocks to satisfy the request."}
{"level":"debug","ts":"2026-10-05T08:38:59.593Z","caller":"ipamd/ipamd.go:1260","msg":"containsPrivateIPAddressLimitExceededError encountered operation error EC2: AssignPrivateIpAddresses, https response error StatusCode: 400, RequestID: f69eae77-384c-4b69-a225-a98e3e4a9948, api error InsufficientCidrBlocks: The specified subnet does not have enough free cidr blocks to satisfy the request."}
{"level":"debug","ts":"2026-10-05T08:38:59.593Z","caller":"ipamd/ipamd.go:1262","msg":"containsInsufficientCIDRsOrSubnetIPs encountered operation error EC2: AssignPrivateIpAddresses, https response error StatusCode: 400, RequestID: f69eae77-384c-4b69-a225-a98e3e4a9948, api error InsufficientCidrBlocks: The specified subnet does not have enough free cidr blocks to satisfy the request."}
{"level":"debug","ts":"2026-10-05T08:38:59.593Z","caller":"ipamd/ipamd.go:1262","msg":"Insufficient IP Addresses due to: InsufficientCidrBlocks\n"}
{"level":"debug","ts":"2026-10-05T08:38:59.593Z","caller":"ipamd/ipamd.go:1003","msg":"hasRoomForEni: networkCard=0, currentENIs=1, currentUsableENIs=1, maxENI=3, unmanagedENI=0, trunkEni=0, excludedENI=0, hasRoom=true"}
{"level":"debug","ts":"2026-10-05T08:38:59.593Z","caller":"ipamd/ipamd.go:2758","msg":"Prefix target is 1, short of 1 prefixes, free 0 prefixes"}
{"level":"debug","ts":"2026-10-05T08:38:59.593Z","caller":"ipamd/ipamd.go:2595","msg":"ToAllocate: 1, Network Card 0"}
{"level":"info","ts":"2026-10-05T08:38:59.593Z","caller":"awsutils/awsutils.go:1044","msg":"Trying to allocate 1 IP addresses on new ENI"}
{"level":"debug","ts":"2026-10-05T08:38:59.593Z","caller":"awsutils/awsutils.go:1044","msg":"PD enabled - true"}
{"level":"debug","ts":"2026-10-05T08:38:59.858Z","caller":"awsutils/awsutils.go:1272","msg":"Primary subnet subnet-EXAMPLE4 has no kubernetes.io/role/cni tag, including it for ENI creation (backwards compatibility)"}
{"level":"info","ts":"2026-10-05T08:38:59.858Z","caller":"awsutils/awsutils.go:1044","msg":"Creating ENI with security groups: [sg-EXAMPLE1] in subnet: subnet-EXAMPLE4"}
{"level":"debug","ts":"2026-10-05T08:39:00.104Z","caller":"awsutils/awsutils.go:1449","msg":"checkAPIErrorAndBroadcastEvent resulted in operation error EC2: CreateNetworkInterface, https response error StatusCode: 400, RequestID: e21e90d9-ba7b-4041-81c7-33071ebe34f5, api error InvalidParameterValue: There aren't sufficient free Ipv4 addresses or prefixes"}
{"level":"error","ts":"2026-10-05T08:39:00.105Z","caller":"awsutils/awsutils.go:1285","msg":"Failed to CreateNetworkInterface operation error EC2: CreateNetworkInterface, https response error StatusCode: 400, RequestID: e21e90d9-ba7b-4041-81c7-33071ebe34f5, api error InvalidParameterValue: There aren't sufficient free Ipv4 addresses or prefixes for subnet subnet-EXAMPLE4"}
{"level":"debug","ts":"2026-10-05T08:39:00.105Z","caller":"awsutils/awsutils.go:1272","msg":"Subnet subnet-EXAMPLE3 has no kubernetes.io/role/cni tag, excluding it from ENI creation"}
{"level":"error","ts":"2026-10-05T08:39:00.105Z","caller":"ipamd/ipamd.go:1004","msg":"Failed to increase pool size due to not able to allocate ENI AllocENI: failed to create ENI: failed to create network interface: operation error EC2: CreateNetworkInterface, https response error StatusCode: 400, RequestID: e21e90d9-ba7b-4041-81c7-33071ebe34f5, api error InvalidParameterValue: There aren't sufficient free Ipv4 addresses or prefixes"}
{"level":"warn","ts":"2026-10-05T08:39:00.107Z","caller":"ipamd/ipamd.go:1004","msg":"Failed to allocate 1 IP addresses on an ENI: AllocENI: failed to create ENI: failed to create network interface: operation error EC2: CreateNetworkInterface, https response error StatusCode: 400, RequestID: e21e90d9-ba7b-4041-81c7-33071ebe34f5, api error InvalidParameterValue: There aren't sufficient free Ipv4 addresses or prefixes"}
{"level":"debug","ts":"2026-10-05T08:39:00.107Z","caller":"ipamd/ipamd.go:1082","msg":"containsInsufficientCIDRsOrSubnetIPs encountered AllocENI: failed to create ENI: failed to create network interface: operation error EC2: CreateNetworkInterface, https response error StatusCode: 400, RequestID: e21e90d9-ba7b-4041-81c7-33071ebe34f5, api error InvalidParameterValue: There aren't sufficient free Ipv4 addresses or prefixes"}
{"level":"debug","ts":"2026-10-05T08:39:00.107Z","caller":"ipamd/ipamd.go:1082","msg":"Insufficient IP Addresses due to: InvalidParameterValue\n"}
{"level":"debug","ts":"2026-10-05T08:39:00.107Z","caller":"ipamd/ipamd.go:813","msg":"Error trying to allocate ENI: AllocENI: failed to create ENI: failed to create network interface: operation error EC2: CreateNetworkInterface, https response error StatusCode: 400, RequestID: e21e90d9-ba7b-4041-81c7-33071ebe34f5, api error InvalidParameterValue: There aren't sufficient free Ipv4 addresses or prefixes"}
{"level":"debug","ts":"2026-10-05T08:39:00.107Z","caller":"ipamd/ipamd.go:1548","msg":"ENI eni-EXAMPLE20 cannot be deleted because it is primary"}
{"level":"debug","ts":"2026-10-05T08:39:05.117Z","caller":"ipamd/ipamd.go:809","msg":"IP pool is too low for Network Card 0: available (0) < ENI target (1) * addrsPerENI (16)"}
{"level":"debug","ts":"2026-10-05T08:39:05.117Z","caller":"ipamd/ipamd.go:2689","msg":"Prefix pool stats for network card 0: Total IPs/Prefixes = 0/0, AssignedIPs/CooldownIPs: 0/0, c.maxIPsPerENI = 80"}
{"level":"debug","ts":"2026-10-05T08:39:05.117Z","caller":"ipamd/ipamd.go:795","msg":"IP stats for Network Card 0 - total IPs: 0, assigned IPs: 0, cooldown IPs: 0"}
{"level":"debug","ts":"2026-10-05T08:39:05.118Z","caller":"ipamd/ipamd.go:813","msg":"Starting to increase pool size for network card 0"}
{"level":"debug","ts":"2026-10-05T08:39:05.118Z","caller":"ipamd/ipamd.go:966","msg":"Node found \"ip-10-20-0-29.ec2.internal\" - no of taints - 0"}
{"level":"debug","ts":"2026-10-05T08:39:05.118Z","caller":"ipamd/ipamd.go:2758","msg":"Prefix target is 1, short of 1 prefixes, free 0 prefixes"}
{"level":"debug","ts":"2026-10-05T08:39:05.118Z","caller":"ipamd/ipamd.go:1248","msg":"ToAllocate: 1, Network Card 0"}
{"level":"debug","ts":"2026-10-05T08:39:05.118Z","caller":"ipamd/ipamd.go:1251","msg":"Found ENI eni-EXAMPLE20 that has less than the maximum number of IP/Prefixes addresses allocated: cur=0, max=5"}
{"level":"info","ts":"2026-10-05T08:39:05.118Z","caller":"ipamd/ipamd.go:1255","msg":"Trying to allocate 1 IP addresses on ENI eni-EXAMPLE20"}
{"level":"debug","ts":"2026-10-05T08:39:05.118Z","caller":"ipamd/ipamd.go:1255","msg":"PD enabled - true"}
{"level":"debug","ts":"2026-10-05T08:39:05.516Z","caller":"awsutils/awsutils.go:2174","msg":"checkAPIErrorAndBroadcastEvent resulted in operation error EC2: AssignPrivateIpAddresses, https response error StatusCode: 400, RequestID: 46e80b9c-ce53-427a-a473-b555757090c0, api error InsufficientCidrBlocks: The specified subnet does not have enough free cidr blocks to satisfy the request."}
{"level":"error","ts":"2026-10-05T08:39:05.516Z","caller":"ipamd/ipamd.go:1255","msg":"Failed to allocate a private IP/Prefix addresses on ENI eni-EXAMPLE20: operation error EC2: AssignPrivateIpAddresses, https response error StatusCode: 400, RequestID: 46e80b9c-ce53-427a-a473-b555757090c0, api error InsufficientCidrBlocks: The specified subnet does not have enough free cidr blocks to satisfy the request."}
{"level":"debug","ts":"2026-10-05T08:39:05.516Z","caller":"ipamd/ipamd.go:1256","msg":"containsPrivateIPAddressLimitExceededError encountered operation error EC2: AssignPrivateIpAddresses, https response error StatusCode: 400, RequestID: 46e80b9c-ce53-427a-a473-b555757090c0, api error InsufficientCidrBlocks: The specified subnet does not have enough free cidr blocks to satisfy the request."}
{"level":"warn","ts":"2026-10-05T08:39:05.516Z","caller":"ipamd/ipamd.go:1113","msg":"failed to allocate all available IPv4 Prefixes on ENI eni-EXAMPLE20, err: operation error EC2: AssignPrivateIpAddresses, https response error StatusCode: 400, RequestID: 46e80b9c-ce53-427a-a473-b555757090c0, api error InsufficientCidrBlocks: The specified subnet does not have enough free cidr blocks to satisfy the request."}
{"level":"info","ts":"2026-10-05T08:39:05.516Z","caller":"ipamd/ipamd.go:1259","msg":"Trying to allocate 1 IP addresses on ENI eni-EXAMPLE20"}
{"level":"debug","ts":"2026-10-05T08:39:05.516Z","caller":"ipamd/ipamd.go:1259","msg":"PD enabled - true"}
{"level":"debug","ts":"2026-10-05T08:39:05.944Z","caller":"awsutils/awsutils.go:2174","msg":"checkAPIErrorAndBroadcastEvent resulted in operation error EC2: AssignPrivateIpAddresses, https response error StatusCode: 400, RequestID: 624a74e1-d3cb-4497-845c-58287419fbf0, api error InsufficientCidrBlocks: The specified subnet does not have enough free cidr blocks to satisfy the request."}
{"level":"error","ts":"2026-10-05T08:39:05.944Z","caller":"ipamd/ipamd.go:1259","msg":"Failed to allocate a private IP/Prefix addresses on ENI eni-EXAMPLE20: operation error EC2: AssignPrivateIpAddresses, https response error StatusCode: 400, RequestID: 624a74e1-d3cb-4497-845c-58287419fbf0, api error InsufficientCidrBlocks: The specified subnet does not have enough free cidr blocks to satisfy the request."}
{"level":"debug","ts":"2026-10-05T08:39:05.944Z","caller":"ipamd/ipamd.go:1260","msg":"containsPrivateIPAddressLimitExceededError encountered operation error EC2: AssignPrivateIpAddresses, https response error StatusCode: 400, RequestID: 624a74e1-d3cb-4497-845c-58287419fbf0, api error InsufficientCidrBlocks: The specified subnet does not have enough free cidr blocks to satisfy the request."}
{"level":"debug","ts":"2026-10-05T08:39:05.944Z","caller":"ipamd/ipamd.go:1262","msg":"containsInsufficientCIDRsOrSubnetIPs encountered operation error EC2: AssignPrivateIpAddresses, https response error StatusCode: 400, RequestID: 624a74e1-d3cb-4497-845c-58287419fbf0, api error InsufficientCidrBlocks: The specified subnet does not have enough free cidr blocks to satisfy the request."}
{"level":"debug","ts":"2026-10-05T08:39:05.944Z","caller":"ipamd/ipamd.go:1262","msg":"Insufficient IP Addresses due to: InsufficientCidrBlocks\n"}
{"level":"debug","ts":"2026-10-05T08:39:05.944Z","caller":"ipamd/ipamd.go:1003","msg":"hasRoomForEni: networkCard=0, currentENIs=1, currentUsableENIs=1, maxENI=3, unmanagedENI=0, trunkEni=0, excludedENI=0, hasRoom=true"}
{"level":"debug","ts":"2026-10-05T08:39:05.944Z","caller":"ipamd/ipamd.go:2758","msg":"Prefix target is 1, short of 1 prefixes, free 0 prefixes"}
{"level":"debug","ts":"2026-10-05T08:39:05.944Z","caller":"ipamd/ipamd.go:2595","msg":"ToAllocate: 1, Network Card 0"}
{"level":"info","ts":"2026-10-05T08:39:05.945Z","caller":"awsutils/awsutils.go:1044","msg":"Trying to allocate 1 IP addresses on new ENI"}
{"level":"debug","ts":"2026-10-05T08:39:05.945Z","caller":"awsutils/awsutils.go:1044","msg":"PD enabled - true"}
{"level":"debug","ts":"2026-10-05T08:39:06.255Z","caller":"awsutils/awsutils.go:1272","msg":"Primary subnet subnet-EXAMPLE4 has no kubernetes.io/role/cni tag, including it for ENI creation (backwards compatibility)"}
{"level":"info","ts":"2026-10-05T08:39:06.255Z","caller":"awsutils/awsutils.go:1044","msg":"Creating ENI with security groups: [sg-EXAMPLE1] in subnet: subnet-EXAMPLE4"}
{"level":"debug","ts":"2026-10-05T08:39:06.471Z","caller":"awsutils/awsutils.go:1449","msg":"checkAPIErrorAndBroadcastEvent resulted in operation error EC2: CreateNetworkInterface, https response error StatusCode: 400, RequestID: 6a598ff2-0f7e-43ce-a1ca-4d16c3bbf118, api error InvalidParameterValue: There aren't sufficient free Ipv4 addresses or prefixes"}
{"level":"error","ts":"2026-10-05T08:39:06.471Z","caller":"awsutils/awsutils.go:1285","msg":"Failed to CreateNetworkInterface operation error EC2: CreateNetworkInterface, https response error StatusCode: 400, RequestID: 6a598ff2-0f7e-43ce-a1ca-4d16c3bbf118, api error InvalidParameterValue: There aren't sufficient free Ipv4 addresses or prefixes for subnet subnet-EXAMPLE4"}
{"level":"debug","ts":"2026-10-05T08:39:06.471Z","caller":"awsutils/awsutils.go:1272","msg":"Subnet subnet-EXAMPLE3 has no kubernetes.io/role/cni tag, excluding it from ENI creation"}
{"level":"error","ts":"2026-10-05T08:39:06.471Z","caller":"ipamd/ipamd.go:1004","msg":"Failed to increase pool size due to not able to allocate ENI AllocENI: failed to create ENI: failed to create network interface: operation error EC2: CreateNetworkInterface, https response error StatusCode: 400, RequestID: 6a598ff2-0f7e-43ce-a1ca-4d16c3bbf118, api error InvalidParameterValue: There aren't sufficient free Ipv4 addresses or prefixes"}
{"level":"warn","ts":"2026-10-05T08:39:06.471Z","caller":"ipamd/ipamd.go:1004","msg":"Failed to allocate 1 IP addresses on an ENI: AllocENI: failed to create ENI: failed to create network interface: operation error EC2: CreateNetworkInterface, https response error StatusCode: 400, RequestID: 6a598ff2-0f7e-43ce-a1ca-4d16c3bbf118, api error InvalidParameterValue: There aren't sufficient free Ipv4 addresses or prefixes"}
{"level":"debug","ts":"2026-10-05T08:39:06.471Z","caller":"ipamd/ipamd.go:1082","msg":"containsInsufficientCIDRsOrSubnetIPs encountered AllocENI: failed to create ENI: failed to create network interface: operation error EC2: CreateNetworkInterface, https response error StatusCode: 400, RequestID: 6a598ff2-0f7e-43ce-a1ca-4d16c3bbf118, api error InvalidParameterValue: There aren't sufficient free Ipv4 addresses or prefixes"}
{"level":"debug","ts":"2026-10-05T08:39:06.471Z","caller":"ipamd/ipamd.go:1082","msg":"Insufficient IP Addresses due to: InvalidParameterValue\n"}
{"level":"debug","ts":"2026-10-05T08:39:06.471Z","caller":"ipamd/ipamd.go:813","msg":"Error trying to allocate ENI: AllocENI: failed to create ENI: failed to create network interface: operation error EC2: CreateNetworkInterface, https response error StatusCode: 400, RequestID: 6a598ff2-0f7e-43ce-a1ca-4d16c3bbf118, api error InvalidParameterValue: There aren't sufficient free Ipv4 addresses or prefixes"}
{"level":"debug","ts":"2026-10-05T08:39:06.471Z","caller":"ipamd/ipamd.go:1548","msg":"ENI eni-EXAMPLE20 cannot be deleted because it is primary"}
{"level":"debug","ts":"2026-10-05T08:39:11.473Z","caller":"ipamd/ipamd.go:809","msg":"IP pool is too low for Network Card 0: available (0) < ENI target (1) * addrsPerENI (16)"}
{"level":"debug","ts":"2026-10-05T08:39:11.473Z","caller":"ipamd/ipamd.go:2689","msg":"Prefix pool stats for network card 0: Total IPs/Prefixes = 0/0, AssignedIPs/CooldownIPs: 0/0, c.maxIPsPerENI = 80"}
{"level":"debug","ts":"2026-10-05T08:39:11.473Z","caller":"ipamd/ipamd.go:795","msg":"IP stats for Network Card 0 - total IPs: 0, assigned IPs: 0, cooldown IPs: 0"}
{"level":"debug","ts":"2026-10-05T08:39:11.473Z","caller":"ipamd/ipamd.go:813","msg":"Starting to increase pool size for network card 0"}
{"level":"debug","ts":"2026-10-05T08:39:11.473Z","caller":"ipamd/ipamd.go:966","msg":"Node found \"ip-10-20-0-29.ec2.internal\" - no of taints - 0"}
{"level":"debug","ts":"2026-10-05T08:39:11.473Z","caller":"ipamd/ipamd.go:2758","msg":"Prefix target is 1, short of 1 prefixes, free 0 prefixes"}
{"level":"debug","ts":"2026-10-05T08:39:11.473Z","caller":"ipamd/ipamd.go:1248","msg":"ToAllocate: 1, Network Card 0"}
{"level":"debug","ts":"2026-10-05T08:39:11.473Z","caller":"ipamd/ipamd.go:1251","msg":"Found ENI eni-EXAMPLE20 that has less than the maximum number of IP/Prefixes addresses allocated: cur=0, max=5"}
{"level":"info","ts":"2026-10-05T08:39:11.473Z","caller":"ipamd/ipamd.go:1255","msg":"Trying to allocate 1 IP addresses on ENI eni-EXAMPLE20"}
{"level":"debug","ts":"2026-10-05T08:39:11.473Z","caller":"ipamd/ipamd.go:1255","msg":"PD enabled - true"}
{"level":"debug","ts":"2026-10-05T08:39:11.886Z","caller":"awsutils/awsutils.go:2174","msg":"checkAPIErrorAndBroadcastEvent resulted in operation error EC2: AssignPrivateIpAddresses, https response error StatusCode: 400, RequestID: aa819fbb-dad5-4d9d-abf3-d55ea247295b, api error InsufficientCidrBlocks: The specified subnet does not have enough free cidr blocks to satisfy the request."}
{"level":"error","ts":"2026-10-05T08:39:11.886Z","caller":"ipamd/ipamd.go:1255","msg":"Failed to allocate a private IP/Prefix addresses on ENI eni-EXAMPLE20: operation error EC2: AssignPrivateIpAddresses, https response error StatusCode: 400, RequestID: aa819fbb-dad5-4d9d-abf3-d55ea247295b, api error InsufficientCidrBlocks: The specified subnet does not have enough free cidr blocks to satisfy the request."}
{"level":"debug","ts":"2026-10-05T08:39:11.886Z","caller":"ipamd/ipamd.go:1256","msg":"containsPrivateIPAddressLimitExceededError encountered operation error EC2: AssignPrivateIpAddresses, https response error StatusCode: 400, RequestID: aa819fbb-dad5-4d9d-abf3-d55ea247295b, api error InsufficientCidrBlocks: The specified subnet does not have enough free cidr blocks to satisfy the request."}
{"level":"warn","ts":"2026-10-05T08:39:11.886Z","caller":"ipamd/ipamd.go:1113","msg":"failed to allocate all available IPv4 Prefixes on ENI eni-EXAMPLE20, err: operation error EC2: AssignPrivateIpAddresses, https response error StatusCode: 400, RequestID: aa819fbb-dad5-4d9d-abf3-d55ea247295b, api error InsufficientCidrBlocks: The specified subnet does not have enough free cidr blocks to satisfy the request."}
{"level":"info","ts":"2026-10-05T08:39:11.886Z","caller":"ipamd/ipamd.go:1259","msg":"Trying to allocate 1 IP addresses on ENI eni-EXAMPLE20"}
{"level":"debug","ts":"2026-10-05T08:39:11.886Z","caller":"ipamd/ipamd.go:1259","msg":"PD enabled - true"}
{"level":"debug","ts":"2026-10-05T08:39:12.297Z","caller":"awsutils/awsutils.go:2174","msg":"checkAPIErrorAndBroadcastEvent resulted in operation error EC2: AssignPrivateIpAddresses, https response error StatusCode: 400, RequestID: cf225b5a-262b-45fa-8431-6026a44dbeb2, api error InsufficientCidrBlocks: The specified subnet does not have enough free cidr blocks to satisfy the request."}
{"level":"error","ts":"2026-10-05T08:39:12.297Z","caller":"ipamd/ipamd.go:1259","msg":"Failed to allocate a private IP/Prefix addresses on ENI eni-EXAMPLE20: operation error EC2: AssignPrivateIpAddresses, https response error StatusCode: 400, RequestID: cf225b5a-262b-45fa-8431-6026a44dbeb2, api error InsufficientCidrBlocks: The specified subnet does not have enough free cidr blocks to satisfy the request."}
{"level":"debug","ts":"2026-10-05T08:39:12.297Z","caller":"ipamd/ipamd.go:1260","msg":"containsPrivateIPAddressLimitExceededError encountered operation error EC2: AssignPrivateIpAddresses, https response error StatusCode: 400, RequestID: cf225b5a-262b-45fa-8431-6026a44dbeb2, api error InsufficientCidrBlocks: The specified subnet does not have enough free cidr blocks to satisfy the request."}
{"level":"debug","ts":"2026-10-05T08:39:12.297Z","caller":"ipamd/ipamd.go:1262","msg":"containsInsufficientCIDRsOrSubnetIPs encountered operation error EC2: AssignPrivateIpAddresses, https response error StatusCode: 400, RequestID: cf225b5a-262b-45fa-8431-6026a44dbeb2, api error InsufficientCidrBlocks: The specified subnet does not have enough free cidr blocks to satisfy the request."}
{"level":"debug","ts":"2026-10-05T08:39:12.297Z","caller":"ipamd/ipamd.go:1262","msg":"Insufficient IP Addresses due to: InsufficientCidrBlocks\n"}
{"level":"debug","ts":"2026-10-05T08:39:12.297Z","caller":"ipamd/ipamd.go:1003","msg":"hasRoomForEni: networkCard=0, currentENIs=1, currentUsableENIs=1, maxENI=3, unmanagedENI=0, trunkEni=0, excludedENI=0, hasRoom=true"}
{"level":"debug","ts":"2026-10-05T08:39:12.297Z","caller":"ipamd/ipamd.go:2758","msg":"Prefix target is 1, short of 1 prefixes, free 0 prefixes"}
{"level":"debug","ts":"2026-10-05T08:39:12.297Z","caller":"ipamd/ipamd.go:2595","msg":"ToAllocate: 1, Network Card 0"}
{"level":"info","ts":"2026-10-05T08:39:12.297Z","caller":"awsutils/awsutils.go:1044","msg":"Trying to allocate 1 IP addresses on new ENI"}
{"level":"debug","ts":"2026-10-05T08:39:12.297Z","caller":"awsutils/awsutils.go:1044","msg":"PD enabled - true"}
{"level":"debug","ts":"2026-10-05T08:39:12.569Z","caller":"awsutils/awsutils.go:1272","msg":"Primary subnet subnet-EXAMPLE4 has no kubernetes.io/role/cni tag, including it for ENI creation (backwards compatibility)"}
{"level":"info","ts":"2026-10-05T08:39:12.569Z","caller":"awsutils/awsutils.go:1044","msg":"Creating ENI with security groups: [sg-EXAMPLE1] in subnet: subnet-EXAMPLE4"}
{"level":"debug","ts":"2026-10-05T08:39:12.826Z","caller":"awsutils/awsutils.go:1449","msg":"checkAPIErrorAndBroadcastEvent resulted in operation error EC2: CreateNetworkInterface, https response error StatusCode: 400, RequestID: 78e7b291-3f6b-4b75-a3be-e0625d91ec8e, api error InvalidParameterValue: There aren't sufficient free Ipv4 addresses or prefixes"}
{"level":"error","ts":"2026-10-05T08:39:12.826Z","caller":"awsutils/awsutils.go:1285","msg":"Failed to CreateNetworkInterface operation error EC2: CreateNetworkInterface, https response error StatusCode: 400, RequestID: 78e7b291-3f6b-4b75-a3be-e0625d91ec8e, api error InvalidParameterValue: There aren't sufficient free Ipv4 addresses or prefixes for subnet subnet-EXAMPLE4"}
{"level":"debug","ts":"2026-10-05T08:39:12.826Z","caller":"awsutils/awsutils.go:1272","msg":"Subnet subnet-EXAMPLE3 has no kubernetes.io/role/cni tag, excluding it from ENI creation"}
{"level":"error","ts":"2026-10-05T08:39:12.826Z","caller":"ipamd/ipamd.go:1004","msg":"Failed to increase pool size due to not able to allocate ENI AllocENI: failed to create ENI: failed to create network interface: operation error EC2: CreateNetworkInterface, https response error StatusCode: 400, RequestID: 78e7b291-3f6b-4b75-a3be-e0625d91ec8e, api error InvalidParameterValue: There aren't sufficient free Ipv4 addresses or prefixes"}
{"level":"warn","ts":"2026-10-05T08:39:12.826Z","caller":"ipamd/ipamd.go:1004","msg":"Failed to allocate 1 IP addresses on an ENI: AllocENI: failed to create ENI: failed to create network interface: operation error EC2: CreateNetworkInterface, https response error StatusCode: 400, RequestID: 78e7b291-3f6b-4b75-a3be-e0625d91ec8e, api error InvalidParameterValue: There aren't sufficient free Ipv4 addresses or prefixes"}
{"level":"debug","ts":"2026-10-05T08:39:12.826Z","caller":"ipamd/ipamd.go:1082","msg":"containsInsufficientCIDRsOrSubnetIPs encountered AllocENI: failed to create ENI: failed to create network interface: operation error EC2: CreateNetworkInterface, https response error StatusCode: 400, RequestID: 78e7b291-3f6b-4b75-a3be-e0625d91ec8e, api error InvalidParameterValue: There aren't sufficient free Ipv4 addresses or prefixes"}
{"level":"debug","ts":"2026-10-05T08:39:12.826Z","caller":"ipamd/ipamd.go:1082","msg":"Insufficient IP Addresses due to: InvalidParameterValue\n"}
{"level":"debug","ts":"2026-10-05T08:39:12.826Z","caller":"ipamd/ipamd.go:813","msg":"Error trying to allocate ENI: AllocENI: failed to create ENI: failed to create network interface: operation error EC2: CreateNetworkInterface, https response error StatusCode: 400, RequestID: 78e7b291-3f6b-4b75-a3be-e0625d91ec8e, api error InvalidParameterValue: There aren't sufficient free Ipv4 addresses or prefixes"}
{"level":"debug","ts":"2026-10-05T08:39:12.826Z","caller":"ipamd/ipamd.go:1548","msg":"ENI eni-EXAMPLE20 cannot be deleted because it is primary"}
{"level":"debug","ts":"2026-10-05T08:39:17.829Z","caller":"ipamd/ipamd.go:809","msg":"IP pool is too low for Network Card 0: available (0) < ENI target (1) * addrsPerENI (16)"}
{"level":"debug","ts":"2026-10-05T08:39:17.829Z","caller":"ipamd/ipamd.go:2689","msg":"Prefix pool stats for network card 0: Total IPs/Prefixes = 0/0, AssignedIPs/CooldownIPs: 0/0, c.maxIPsPerENI = 80"}
{"level":"debug","ts":"2026-10-05T08:39:17.829Z","caller":"ipamd/ipamd.go:795","msg":"IP stats for Network Card 0 - total IPs: 0, assigned IPs: 0, cooldown IPs: 0"}
{"level":"debug","ts":"2026-10-05T08:39:17.829Z","caller":"ipamd/ipamd.go:813","msg":"Starting to increase pool size for network card 0"}
{"level":"debug","ts":"2026-10-05T08:39:17.829Z","caller":"ipamd/ipamd.go:966","msg":"Node found \"ip-10-20-0-29.ec2.internal\" - no of taints - 0"}
{"level":"debug","ts":"2026-10-05T08:39:17.829Z","caller":"ipamd/ipamd.go:2758","msg":"Prefix target is 1, short of 1 prefixes, free 0 prefixes"}
{"level":"debug","ts":"2026-10-05T08:39:17.829Z","caller":"ipamd/ipamd.go:1248","msg":"ToAllocate: 1, Network Card 0"}
{"level":"debug","ts":"2026-10-05T08:39:17.829Z","caller":"ipamd/ipamd.go:1251","msg":"Found ENI eni-EXAMPLE20 that has less than the maximum number of IP/Prefixes addresses allocated: cur=0, max=5"}
{"level":"info","ts":"2026-10-05T08:39:17.829Z","caller":"ipamd/ipamd.go:1255","msg":"Trying to allocate 1 IP addresses on ENI eni-EXAMPLE20"}
{"level":"debug","ts":"2026-10-05T08:39:17.829Z","caller":"ipamd/ipamd.go:1255","msg":"PD enabled - true"}
{"level":"debug","ts":"2026-10-05T08:39:18.285Z","caller":"awsutils/awsutils.go:2174","msg":"checkAPIErrorAndBroadcastEvent resulted in operation error EC2: AssignPrivateIpAddresses, https response error StatusCode: 400, RequestID: b79301a4-dcbc-45e2-b239-211e394bb6d9, api error InsufficientCidrBlocks: The specified subnet does not have enough free cidr blocks to satisfy the request."}
{"level":"error","ts":"2026-10-05T08:39:18.285Z","caller":"ipamd/ipamd.go:1255","msg":"Failed to allocate a private IP/Prefix addresses on ENI eni-EXAMPLE20: operation error EC2: AssignPrivateIpAddresses, https response error StatusCode: 400, RequestID: b79301a4-dcbc-45e2-b239-211e394bb6d9, api error InsufficientCidrBlocks: The specified subnet does not have enough free cidr blocks to satisfy the request."}
{"level":"debug","ts":"2026-10-05T08:39:18.285Z","caller":"ipamd/ipamd.go:1256","msg":"containsPrivateIPAddressLimitExceededError encountered operation error EC2: AssignPrivateIpAddresses, https response error StatusCode: 400, RequestID: b79301a4-dcbc-45e2-b239-211e394bb6d9, api error InsufficientCidrBlocks: The specified subnet does not have enough free cidr blocks to satisfy the request."}
{"level":"warn","ts":"2026-10-05T08:39:18.285Z","caller":"ipamd/ipamd.go:1113","msg":"failed to allocate all available IPv4 Prefixes on ENI eni-EXAMPLE20, err: operation error EC2: AssignPrivateIpAddresses, https response error StatusCode: 400, RequestID: b79301a4-dcbc-45e2-b239-211e394bb6d9, api error InsufficientCidrBlocks: The specified subnet does not have enough free cidr blocks to satisfy the request."}
{"level":"info","ts":"2026-10-05T08:39:18.285Z","caller":"ipamd/ipamd.go:1259","msg":"Trying to allocate 1 IP addresses on ENI eni-EXAMPLE20"}
{"level":"debug","ts":"2026-10-05T08:39:18.285Z","caller":"ipamd/ipamd.go:1259","msg":"PD enabled - true"}
{"level":"debug","ts":"2026-10-05T08:39:18.675Z","caller":"awsutils/awsutils.go:2174","msg":"checkAPIErrorAndBroadcastEvent resulted in operation error EC2: AssignPrivateIpAddresses, https response error StatusCode: 400, RequestID: b0391849-90fd-412a-a5e6-7229ddbbfad7, api error InsufficientCidrBlocks: The specified subnet does not have enough free cidr blocks to satisfy the request."}
{"level":"error","ts":"2026-10-05T08:39:18.675Z","caller":"ipamd/ipamd.go:1259","msg":"Failed to allocate a private IP/Prefix addresses on ENI eni-EXAMPLE20: operation error EC2: AssignPrivateIpAddresses, https response error StatusCode: 400, RequestID: b0391849-90fd-412a-a5e6-7229ddbbfad7, api error InsufficientCidrBlocks: The specified subnet does not have enough free cidr blocks to satisfy the request."}
{"level":"debug","ts":"2026-10-05T08:39:18.675Z","caller":"ipamd/ipamd.go:1260","msg":"containsPrivateIPAddressLimitExceededError encountered operation error EC2: AssignPrivateIpAddresses, https response error StatusCode: 400, RequestID: b0391849-90fd-412a-a5e6-7229ddbbfad7, api error InsufficientCidrBlocks: The specified subnet does not have enough free cidr blocks to satisfy the request."}
{"level":"debug","ts":"2026-10-05T08:39:18.675Z","caller":"ipamd/ipamd.go:1262","msg":"containsInsufficientCIDRsOrSubnetIPs encountered operation error EC2: AssignPrivateIpAddresses, https response error StatusCode: 400, RequestID: b0391849-90fd-412a-a5e6-7229ddbbfad7, api error InsufficientCidrBlocks: The specified subnet does not have enough free cidr blocks to satisfy the request."}
{"level":"debug","ts":"2026-10-05T08:39:18.675Z","caller":"ipamd/ipamd.go:1262","msg":"Insufficient IP Addresses due to: InsufficientCidrBlocks\n"}
{"level":"debug","ts":"2026-10-05T08:39:18.675Z","caller":"ipamd/ipamd.go:1003","msg":"hasRoomForEni: networkCard=0, currentENIs=1, currentUsableENIs=1, maxENI=3, unmanagedENI=0, trunkEni=0, excludedENI=0, hasRoom=true"}
{"level":"debug","ts":"2026-10-05T08:39:18.675Z","caller":"ipamd/ipamd.go:2758","msg":"Prefix target is 1, short of 1 prefixes, free 0 prefixes"}
{"level":"debug","ts":"2026-10-05T08:39:18.675Z","caller":"ipamd/ipamd.go:2595","msg":"ToAllocate: 1, Network Card 0"}
{"level":"info","ts":"2026-10-05T08:39:18.675Z","caller":"awsutils/awsutils.go:1044","msg":"Trying to allocate 1 IP addresses on new ENI"}
{"level":"debug","ts":"2026-10-05T08:39:18.675Z","caller":"awsutils/awsutils.go:1044","msg":"PD enabled - true"}
{"level":"debug","ts":"2026-10-05T08:39:18.871Z","caller":"awsutils/awsutils.go:1272","msg":"Primary subnet subnet-EXAMPLE4 has no kubernetes.io/role/cni tag, including it for ENI creation (backwards compatibility)"}
{"level":"info","ts":"2026-10-05T08:39:18.871Z","caller":"awsutils/awsutils.go:1044","msg":"Creating ENI with security groups: [sg-EXAMPLE1] in subnet: subnet-EXAMPLE4"}
{"level":"debug","ts":"2026-10-05T08:39:19.117Z","caller":"awsutils/awsutils.go:1449","msg":"checkAPIErrorAndBroadcastEvent resulted in operation error EC2: CreateNetworkInterface, https response error StatusCode: 400, RequestID: 8e98ecc5-37d0-4a8b-95aa-fb87607923e8, api error InvalidParameterValue: There aren't sufficient free Ipv4 addresses or prefixes"}
{"level":"error","ts":"2026-10-05T08:39:19.117Z","caller":"awsutils/awsutils.go:1285","msg":"Failed to CreateNetworkInterface operation error EC2: CreateNetworkInterface, https response error StatusCode: 400, RequestID: 8e98ecc5-37d0-4a8b-95aa-fb87607923e8, api error InvalidParameterValue: There aren't sufficient free Ipv4 addresses or prefixes for subnet subnet-EXAMPLE4"}
{"level":"debug","ts":"2026-10-05T08:39:19.117Z","caller":"awsutils/awsutils.go:1272","msg":"Subnet subnet-EXAMPLE3 has no kubernetes.io/role/cni tag, excluding it from ENI creation"}
{"level":"error","ts":"2026-10-05T08:39:19.117Z","caller":"ipamd/ipamd.go:1004","msg":"Failed to increase pool size due to not able to allocate ENI AllocENI: failed to create ENI: failed to create network interface: operation error EC2: CreateNetworkInterface, https response error StatusCode: 400, RequestID: 8e98ecc5-37d0-4a8b-95aa-fb87607923e8, api error InvalidParameterValue: There aren't sufficient free Ipv4 addresses or prefixes"}
{"level":"warn","ts":"2026-10-05T08:39:19.117Z","caller":"ipamd/ipamd.go:1004","msg":"Failed to allocate 1 IP addresses on an ENI: AllocENI: failed to create ENI: failed to create network interface: operation error EC2: CreateNetworkInterface, https response error StatusCode: 400, RequestID: 8e98ecc5-37d0-4a8b-95aa-fb87607923e8, api error InvalidParameterValue: There aren't sufficient free Ipv4 addresses or prefixes"}
{"level":"debug","ts":"2026-10-05T08:39:19.117Z","caller":"ipamd/ipamd.go:1082","msg":"containsInsufficientCIDRsOrSubnetIPs encountered AllocENI: failed to create ENI: failed to create network interface: operation error EC2: CreateNetworkInterface, https response error StatusCode: 400, RequestID: 8e98ecc5-37d0-4a8b-95aa-fb87607923e8, api error InvalidParameterValue: There aren't sufficient free Ipv4 addresses or prefixes"}
{"level":"debug","ts":"2026-10-05T08:39:19.117Z","caller":"ipamd/ipamd.go:1082","msg":"Insufficient IP Addresses due to: InvalidParameterValue\n"}
{"level":"debug","ts":"2026-10-05T08:39:19.117Z","caller":"ipamd/ipamd.go:813","msg":"Error trying to allocate ENI: AllocENI: failed to create ENI: failed to create network interface: operation error EC2: CreateNetworkInterface, https response error StatusCode: 400, RequestID: 8e98ecc5-37d0-4a8b-95aa-fb87607923e8, api error InvalidParameterValue: There aren't sufficient free Ipv4 addresses or prefixes"}
{"level":"debug","ts":"2026-10-05T08:39:19.117Z","caller":"ipamd/ipamd.go:1548","msg":"ENI eni-EXAMPLE20 cannot be deleted because it is primary"}
{"level":"debug","ts":"2026-10-05T08:39:24.120Z","caller":"ipamd/ipamd.go:809","msg":"IP pool is too low for Network Card 0: available (0) < ENI target (1) * addrsPerENI (16)"}
{"level":"debug","ts":"2026-10-05T08:39:24.121Z","caller":"ipamd/ipamd.go:2689","msg":"Prefix pool stats for network card 0: Total IPs/Prefixes = 0/0, AssignedIPs/CooldownIPs: 0/0, c.maxIPsPerENI = 80"}
{"level":"debug","ts":"2026-10-05T08:39:24.121Z","caller":"ipamd/ipamd.go:795","msg":"IP stats for Network Card 0 - total IPs: 0, assigned IPs: 0, cooldown IPs: 0"}
{"level":"debug","ts":"2026-10-05T08:39:24.121Z","caller":"ipamd/ipamd.go:813","msg":"Starting to increase pool size for network card 0"}
{"level":"debug","ts":"2026-10-05T08:39:24.121Z","caller":"ipamd/ipamd.go:966","msg":"Node found \"ip-10-20-0-29.ec2.internal\" - no of taints - 0"}
{"level":"debug","ts":"2026-10-05T08:39:24.121Z","caller":"ipamd/ipamd.go:2758","msg":"Prefix target is 1, short of 1 prefixes, free 0 prefixes"}
{"level":"debug","ts":"2026-10-05T08:39:24.121Z","caller":"ipamd/ipamd.go:1248","msg":"ToAllocate: 1, Network Card 0"}
{"level":"debug","ts":"2026-10-05T08:39:24.121Z","caller":"ipamd/ipamd.go:1251","msg":"Found ENI eni-EXAMPLE20 that has less than the maximum number of IP/Prefixes addresses allocated: cur=0, max=5"}
{"level":"info","ts":"2026-10-05T08:39:24.121Z","caller":"ipamd/ipamd.go:1255","msg":"Trying to allocate 1 IP addresses on ENI eni-EXAMPLE20"}
{"level":"debug","ts":"2026-10-05T08:39:24.121Z","caller":"ipamd/ipamd.go:1255","msg":"PD enabled - true"}
{"level":"debug","ts":"2026-10-05T08:39:24.526Z","caller":"awsutils/awsutils.go:2174","msg":"checkAPIErrorAndBroadcastEvent resulted in operation error EC2: AssignPrivateIpAddresses, https response error StatusCode: 400, RequestID: 42b4b4e1-0151-4171-9d3a-db6be0fd15e0, api error InsufficientCidrBlocks: The specified subnet does not have enough free cidr blocks to satisfy the request."}
{"level":"error","ts":"2026-10-05T08:39:24.527Z","caller":"ipamd/ipamd.go:1255","msg":"Failed to allocate a private IP/Prefix addresses on ENI eni-EXAMPLE20: operation error EC2: AssignPrivateIpAddresses, https response error StatusCode: 400, RequestID: 42b4b4e1-0151-4171-9d3a-db6be0fd15e0, api error InsufficientCidrBlocks: The specified subnet does not have enough free cidr blocks to satisfy the request."}
{"level":"debug","ts":"2026-10-05T08:39:24.527Z","caller":"ipamd/ipamd.go:1256","msg":"containsPrivateIPAddressLimitExceededError encountered operation error EC2: AssignPrivateIpAddresses, https response error StatusCode: 400, RequestID: 42b4b4e1-0151-4171-9d3a-db6be0fd15e0, api error InsufficientCidrBlocks: The specified subnet does not have enough free cidr blocks to satisfy the request."}
{"level":"warn","ts":"2026-10-05T08:39:24.527Z","caller":"ipamd/ipamd.go:1113","msg":"failed to allocate all available IPv4 Prefixes on ENI eni-EXAMPLE20, err: operation error EC2: AssignPrivateIpAddresses, https response error StatusCode: 400, RequestID: 42b4b4e1-0151-4171-9d3a-db6be0fd15e0, api error InsufficientCidrBlocks: The specified subnet does not have enough free cidr blocks to satisfy the request."}
{"level":"info","ts":"2026-10-05T08:39:24.527Z","caller":"ipamd/ipamd.go:1259","msg":"Trying to allocate 1 IP addresses on ENI eni-EXAMPLE20"}
{"level":"debug","ts":"2026-10-05T08:39:24.527Z","caller":"ipamd/ipamd.go:1259","msg":"PD enabled - true"}
{"level":"debug","ts":"2026-10-05T08:39:24.979Z","caller":"awsutils/awsutils.go:2174","msg":"checkAPIErrorAndBroadcastEvent resulted in operation error EC2: AssignPrivateIpAddresses, https response error StatusCode: 400, RequestID: bab7d384-c126-433f-a60d-18651d37ede6, api error InsufficientCidrBlocks: The specified subnet does not have enough free cidr blocks to satisfy the request."}
{"level":"error","ts":"2026-10-05T08:39:24.980Z","caller":"ipamd/ipamd.go:1259","msg":"Failed to allocate a private IP/Prefix addresses on ENI eni-EXAMPLE20: operation error EC2: AssignPrivateIpAddresses, https response error StatusCode: 400, RequestID: bab7d384-c126-433f-a60d-18651d37ede6, api error InsufficientCidrBlocks: The specified subnet does not have enough free cidr blocks to satisfy the request."}
{"level":"debug","ts":"2026-10-05T08:39:24.980Z","caller":"ipamd/ipamd.go:1260","msg":"containsPrivateIPAddressLimitExceededError encountered operation error EC2: AssignPrivateIpAddresses, https response error StatusCode: 400, RequestID: bab7d384-c126-433f-a60d-18651d37ede6, api error InsufficientCidrBlocks: The specified subnet does not have enough free cidr blocks to satisfy the request."}
{"level":"debug","ts":"2026-10-05T08:39:24.980Z","caller":"ipamd/ipamd.go:1262","msg":"containsInsufficientCIDRsOrSubnetIPs encountered operation error EC2: AssignPrivateIpAddresses, https response error StatusCode: 400, RequestID: bab7d384-c126-433f-a60d-18651d37ede6, api error InsufficientCidrBlocks: The specified subnet does not have enough free cidr blocks to satisfy the request."}
{"level":"debug","ts":"2026-10-05T08:39:24.980Z","caller":"ipamd/ipamd.go:1262","msg":"Insufficient IP Addresses due to: InsufficientCidrBlocks\n"}
{"level":"debug","ts":"2026-10-05T08:39:24.980Z","caller":"ipamd/ipamd.go:1003","msg":"hasRoomForEni: networkCard=0, currentENIs=1, currentUsableENIs=1, maxENI=3, unmanagedENI=0, trunkEni=0, excludedENI=0, hasRoom=true"}
{"level":"debug","ts":"2026-10-05T08:39:24.980Z","caller":"ipamd/ipamd.go:2758","msg":"Prefix target is 1, short of 1 prefixes, free 0 prefixes"}
{"level":"debug","ts":"2026-10-05T08:39:24.980Z","caller":"ipamd/ipamd.go:2595","msg":"ToAllocate: 1, Network Card 0"}
{"level":"info","ts":"2026-10-05T08:39:24.980Z","caller":"awsutils/awsutils.go:1044","msg":"Trying to allocate 1 IP addresses on new ENI"}
{"level":"debug","ts":"2026-10-05T08:39:24.980Z","caller":"awsutils/awsutils.go:1044","msg":"PD enabled - true"}
{"level":"debug","ts":"2026-10-05T08:39:25.243Z","caller":"awsutils/awsutils.go:1272","msg":"Primary subnet subnet-EXAMPLE4 has no kubernetes.io/role/cni tag, including it for ENI creation (backwards compatibility)"}
{"level":"info","ts":"2026-10-05T08:39:25.243Z","caller":"awsutils/awsutils.go:1044","msg":"Creating ENI with security groups: [sg-EXAMPLE1] in subnet: subnet-EXAMPLE4"}
{"level":"debug","ts":"2026-10-05T08:39:25.493Z","caller":"awsutils/awsutils.go:1449","msg":"checkAPIErrorAndBroadcastEvent resulted in operation error EC2: CreateNetworkInterface, https response error StatusCode: 400, RequestID: b019a391-c718-4256-a3b9-705106d4b19b, api error InvalidParameterValue: There aren't sufficient free Ipv4 addresses or prefixes"}
{"level":"error","ts":"2026-10-05T08:39:25.493Z","caller":"awsutils/awsutils.go:1285","msg":"Failed to CreateNetworkInterface operation error EC2: CreateNetworkInterface, https response error StatusCode: 400, RequestID: b019a391-c718-4256-a3b9-705106d4b19b, api error InvalidParameterValue: There aren't sufficient free Ipv4 addresses or prefixes for subnet subnet-EXAMPLE4"}
{"level":"debug","ts":"2026-10-05T08:39:25.493Z","caller":"awsutils/awsutils.go:1272","msg":"Subnet subnet-EXAMPLE3 has no kubernetes.io/role/cni tag, excluding it from ENI creation"}
{"level":"error","ts":"2026-10-05T08:39:25.493Z","caller":"ipamd/ipamd.go:1004","msg":"Failed to increase pool size due to not able to allocate ENI AllocENI: failed to create ENI: failed to create network interface: operation error EC2: CreateNetworkInterface, https response error StatusCode: 400, RequestID: b019a391-c718-4256-a3b9-705106d4b19b, api error InvalidParameterValue: There aren't sufficient free Ipv4 addresses or prefixes"}
{"level":"warn","ts":"2026-10-05T08:39:25.493Z","caller":"ipamd/ipamd.go:1004","msg":"Failed to allocate 1 IP addresses on an ENI: AllocENI: failed to create ENI: failed to create network interface: operation error EC2: CreateNetworkInterface, https response error StatusCode: 400, RequestID: b019a391-c718-4256-a3b9-705106d4b19b, api error InvalidParameterValue: There aren't sufficient free Ipv4 addresses or prefixes"}
{"level":"debug","ts":"2026-10-05T08:39:25.493Z","caller":"ipamd/ipamd.go:1082","msg":"containsInsufficientCIDRsOrSubnetIPs encountered AllocENI: failed to create ENI: failed to create network interface: operation error EC2: CreateNetworkInterface, https response error StatusCode: 400, RequestID: b019a391-c718-4256-a3b9-705106d4b19b, api error InvalidParameterValue: There aren't sufficient free Ipv4 addresses or prefixes"}
{"level":"debug","ts":"2026-10-05T08:39:25.493Z","caller":"ipamd/ipamd.go:1082","msg":"Insufficient IP Addresses due to: InvalidParameterValue\n"}
{"level":"debug","ts":"2026-10-05T08:39:25.493Z","caller":"ipamd/ipamd.go:813","msg":"Error trying to allocate ENI: AllocENI: failed to create ENI: failed to create network interface: operation error EC2: CreateNetworkInterface, https response error StatusCode: 400, RequestID: b019a391-c718-4256-a3b9-705106d4b19b, api error InvalidParameterValue: There aren't sufficient free Ipv4 addresses or prefixes"}
{"level":"debug","ts":"2026-10-05T08:39:25.493Z","caller":"ipamd/ipamd.go:1548","msg":"ENI eni-EXAMPLE20 cannot be deleted because it is primary"}
{"level":"debug","ts":"2026-10-05T08:39:30.494Z","caller":"ipamd/ipamd.go:809","msg":"IP pool is too low for Network Card 0: available (0) < ENI target (1) * addrsPerENI (16)"}
{"level":"debug","ts":"2026-10-05T08:39:30.494Z","caller":"ipamd/ipamd.go:2689","msg":"Prefix pool stats for network card 0: Total IPs/Prefixes = 0/0, AssignedIPs/CooldownIPs: 0/0, c.maxIPsPerENI = 80"}
{"level":"debug","ts":"2026-10-05T08:39:30.494Z","caller":"ipamd/ipamd.go:795","msg":"IP stats for Network Card 0 - total IPs: 0, assigned IPs: 0, cooldown IPs: 0"}
{"level":"debug","ts":"2026-10-05T08:39:30.495Z","caller":"ipamd/ipamd.go:813","msg":"Starting to increase pool size for network card 0"}
{"level":"debug","ts":"2026-10-05T08:39:30.495Z","caller":"ipamd/ipamd.go:966","msg":"Node found \"ip-10-20-0-29.ec2.internal\" - no of taints - 0"}
{"level":"debug","ts":"2026-10-05T08:39:30.495Z","caller":"ipamd/ipamd.go:2758","msg":"Prefix target is 1, short of 1 prefixes, free 0 prefixes"}
{"level":"debug","ts":"2026-10-05T08:39:30.495Z","caller":"ipamd/ipamd.go:1248","msg":"ToAllocate: 1, Network Card 0"}
{"level":"debug","ts":"2026-10-05T08:39:30.495Z","caller":"ipamd/ipamd.go:1251","msg":"Found ENI eni-EXAMPLE20 that has less than the maximum number of IP/Prefixes addresses allocated: cur=0, max=5"}
{"level":"info","ts":"2026-10-05T08:39:30.495Z","caller":"ipamd/ipamd.go:1255","msg":"Trying to allocate 1 IP addresses on ENI eni-EXAMPLE20"}
{"level":"debug","ts":"2026-10-05T08:39:30.495Z","caller":"ipamd/ipamd.go:1255","msg":"PD enabled - true"}
{"level":"debug","ts":"2026-10-05T08:39:30.930Z","caller":"awsutils/awsutils.go:2174","msg":"checkAPIErrorAndBroadcastEvent resulted in operation error EC2: AssignPrivateIpAddresses, https response error StatusCode: 400, RequestID: 4e1cadd9-588b-4fd2-9c12-b9f57e4e7df8, api error InsufficientCidrBlocks: The specified subnet does not have enough free cidr blocks to satisfy the request."}
{"level":"error","ts":"2026-10-05T08:39:30.930Z","caller":"ipamd/ipamd.go:1255","msg":"Failed to allocate a private IP/Prefix addresses on ENI eni-EXAMPLE20: operation error EC2: AssignPrivateIpAddresses, https response error StatusCode: 400, RequestID: 4e1cadd9-588b-4fd2-9c12-b9f57e4e7df8, api error InsufficientCidrBlocks: The specified subnet does not have enough free cidr blocks to satisfy the request."}
{"level":"debug","ts":"2026-10-05T08:39:30.930Z","caller":"ipamd/ipamd.go:1256","msg":"containsPrivateIPAddressLimitExceededError encountered operation error EC2: AssignPrivateIpAddresses, https response error StatusCode: 400, RequestID: 4e1cadd9-588b-4fd2-9c12-b9f57e4e7df8, api error InsufficientCidrBlocks: The specified subnet does not have enough free cidr blocks to satisfy the request."}
{"level":"warn","ts":"2026-10-05T08:39:30.930Z","caller":"ipamd/ipamd.go:1113","msg":"failed to allocate all available IPv4 Prefixes on ENI eni-EXAMPLE20, err: operation error EC2: AssignPrivateIpAddresses, https response error StatusCode: 400, RequestID: 4e1cadd9-588b-4fd2-9c12-b9f57e4e7df8, api error InsufficientCidrBlocks: The specified subnet does not have enough free cidr blocks to satisfy the request."}
{"level":"info","ts":"2026-10-05T08:39:30.930Z","caller":"ipamd/ipamd.go:1259","msg":"Trying to allocate 1 IP addresses on ENI eni-EXAMPLE20"}
{"level":"debug","ts":"2026-10-05T08:39:30.930Z","caller":"ipamd/ipamd.go:1259","msg":"PD enabled - true"}
{"level":"debug","ts":"2026-10-05T08:39:31.377Z","caller":"awsutils/awsutils.go:2174","msg":"checkAPIErrorAndBroadcastEvent resulted in operation error EC2: AssignPrivateIpAddresses, https response error StatusCode: 400, RequestID: bff9509f-41f4-43cb-982d-8baf3d6b2629, api error InsufficientCidrBlocks: The specified subnet does not have enough free cidr blocks to satisfy the request."}
{"level":"error","ts":"2026-10-05T08:39:31.377Z","caller":"ipamd/ipamd.go:1259","msg":"Failed to allocate a private IP/Prefix addresses on ENI eni-EXAMPLE20: operation error EC2: AssignPrivateIpAddresses, https response error StatusCode: 400, RequestID: bff9509f-41f4-43cb-982d-8baf3d6b2629, api error InsufficientCidrBlocks: The specified subnet does not have enough free cidr blocks to satisfy the request."}
{"level":"debug","ts":"2026-10-05T08:39:31.377Z","caller":"ipamd/ipamd.go:1260","msg":"containsPrivateIPAddressLimitExceededError encountered operation error EC2: AssignPrivateIpAddresses, https response error StatusCode: 400, RequestID: bff9509f-41f4-43cb-982d-8baf3d6b2629, api error InsufficientCidrBlocks: The specified subnet does not have enough free cidr blocks to satisfy the request."}
{"level":"debug","ts":"2026-10-05T08:39:31.377Z","caller":"ipamd/ipamd.go:1262","msg":"containsInsufficientCIDRsOrSubnetIPs encountered operation error EC2: AssignPrivateIpAddresses, https response error StatusCode: 400, RequestID: bff9509f-41f4-43cb-982d-8baf3d6b2629, api error InsufficientCidrBlocks: The specified subnet does not have enough free cidr blocks to satisfy the request."}
{"level":"debug","ts":"2026-10-05T08:39:31.377Z","caller":"ipamd/ipamd.go:1262","msg":"Insufficient IP Addresses due to: InsufficientCidrBlocks\n"}
{"level":"debug","ts":"2026-10-05T08:39:31.377Z","caller":"ipamd/ipamd.go:1003","msg":"hasRoomForEni: networkCard=0, currentENIs=1, currentUsableENIs=1, maxENI=3, unmanagedENI=0, trunkEni=0, excludedENI=0, hasRoom=true"}
{"level":"debug","ts":"2026-10-05T08:39:31.377Z","caller":"ipamd/ipamd.go:2758","msg":"Prefix target is 1, short of 1 prefixes, free 0 prefixes"}
{"level":"debug","ts":"2026-10-05T08:39:31.377Z","caller":"ipamd/ipamd.go:2595","msg":"ToAllocate: 1, Network Card 0"}
{"level":"info","ts":"2026-10-05T08:39:31.377Z","caller":"awsutils/awsutils.go:1044","msg":"Trying to allocate 1 IP addresses on new ENI"}
{"level":"debug","ts":"2026-10-05T08:39:31.377Z","caller":"awsutils/awsutils.go:1044","msg":"PD enabled - true"}
{"level":"debug","ts":"2026-10-05T08:39:31.611Z","caller":"awsutils/awsutils.go:1272","msg":"Primary subnet subnet-EXAMPLE4 has no kubernetes.io/role/cni tag, including it for ENI creation (backwards compatibility)"}
{"level":"info","ts":"2026-10-05T08:39:31.611Z","caller":"awsutils/awsutils.go:1044","msg":"Creating ENI with security groups: [sg-EXAMPLE1] in subnet: subnet-EXAMPLE4"}
{"level":"debug","ts":"2026-10-05T08:39:31.868Z","caller":"awsutils/awsutils.go:1449","msg":"checkAPIErrorAndBroadcastEvent resulted in operation error EC2: CreateNetworkInterface, https response error StatusCode: 400, RequestID: fef008bd-f304-475a-b632-801349f5b727, api error InvalidParameterValue: There aren't sufficient free Ipv4 addresses or prefixes"}
{"level":"error","ts":"2026-10-05T08:39:31.868Z","caller":"awsutils/awsutils.go:1285","msg":"Failed to CreateNetworkInterface operation error EC2: CreateNetworkInterface, https response error StatusCode: 400, RequestID: fef008bd-f304-475a-b632-801349f5b727, api error InvalidParameterValue: There aren't sufficient free Ipv4 addresses or prefixes for subnet subnet-EXAMPLE4"}
{"level":"debug","ts":"2026-10-05T08:39:31.868Z","caller":"awsutils/awsutils.go:1272","msg":"Subnet subnet-EXAMPLE3 has no kubernetes.io/role/cni tag, excluding it from ENI creation"}
{"level":"error","ts":"2026-10-05T08:39:31.868Z","caller":"ipamd/ipamd.go:1004","msg":"Failed to increase pool size due to not able to allocate ENI AllocENI: failed to create ENI: failed to create network interface: operation error EC2: CreateNetworkInterface, https response error StatusCode: 400, RequestID: fef008bd-f304-475a-b632-801349f5b727, api error InvalidParameterValue: There aren't sufficient free Ipv4 addresses or prefixes"}
{"level":"warn","ts":"2026-10-05T08:39:31.868Z","caller":"ipamd/ipamd.go:1004","msg":"Failed to allocate 1 IP addresses on an ENI: AllocENI: failed to create ENI: failed to create network interface: operation error EC2: CreateNetworkInterface, https response error StatusCode: 400, RequestID: fef008bd-f304-475a-b632-801349f5b727, api error InvalidParameterValue: There aren't sufficient free Ipv4 addresses or prefixes"}
{"level":"debug","ts":"2026-10-05T08:39:31.868Z","caller":"ipamd/ipamd.go:1082","msg":"containsInsufficientCIDRsOrSubnetIPs encountered AllocENI: failed to create ENI: failed to create network interface: operation error EC2: CreateNetworkInterface, https response error StatusCode: 400, RequestID: fef008bd-f304-475a-b632-801349f5b727, api error InvalidParameterValue: There aren't sufficient free Ipv4 addresses or prefixes"}
{"level":"debug","ts":"2026-10-05T08:39:31.868Z","caller":"ipamd/ipamd.go:1082","msg":"Insufficient IP Addresses due to: InvalidParameterValue\n"}
{"level":"debug","ts":"2026-10-05T08:39:31.868Z","caller":"ipamd/ipamd.go:813","msg":"Error trying to allocate ENI: AllocENI: failed to create ENI: failed to create network interface: operation error EC2: CreateNetworkInterface, https response error StatusCode: 400, RequestID: fef008bd-f304-475a-b632-801349f5b727, api error InvalidParameterValue: There aren't sufficient free Ipv4 addresses or prefixes"}
{"level":"debug","ts":"2026-10-05T08:39:31.868Z","caller":"ipamd/ipamd.go:1548","msg":"ENI eni-EXAMPLE20 cannot be deleted because it is primary"}
{"level":"debug","ts":"2026-10-05T08:39:36.869Z","caller":"ipamd/ipamd.go:809","msg":"IP pool is too low for Network Card 0: available (0) < ENI target (1) * addrsPerENI (16)"}
{"level":"debug","ts":"2026-10-05T08:39:36.869Z","caller":"ipamd/ipamd.go:2689","msg":"Prefix pool stats for network card 0: Total IPs/Prefixes = 0/0, AssignedIPs/CooldownIPs: 0/0, c.maxIPsPerENI = 80"}
{"level":"debug","ts":"2026-10-05T08:39:36.869Z","caller":"ipamd/ipamd.go:795","msg":"IP stats for Network Card 0 - total IPs: 0, assigned IPs: 0, cooldown IPs: 0"}
{"level":"debug","ts":"2026-10-05T08:39:36.869Z","caller":"ipamd/ipamd.go:813","msg":"Starting to increase pool size for network card 0"}
{"level":"debug","ts":"2026-10-05T08:39:36.869Z","caller":"ipamd/ipamd.go:966","msg":"Node found \"ip-10-20-0-29.ec2.internal\" - no of taints - 0"}
{"level":"debug","ts":"2026-10-05T08:39:36.869Z","caller":"ipamd/ipamd.go:2758","msg":"Prefix target is 1, short of 1 prefixes, free 0 prefixes"}
{"level":"debug","ts":"2026-10-05T08:39:36.869Z","caller":"ipamd/ipamd.go:1248","msg":"ToAllocate: 1, Network Card 0"}
{"level":"debug","ts":"2026-10-05T08:39:36.869Z","caller":"ipamd/ipamd.go:1251","msg":"Found ENI eni-EXAMPLE20 that has less than the maximum number of IP/Prefixes addresses allocated: cur=0, max=5"}
{"level":"info","ts":"2026-10-05T08:39:36.869Z","caller":"ipamd/ipamd.go:1255","msg":"Trying to allocate 1 IP addresses on ENI eni-EXAMPLE20"}
{"level":"debug","ts":"2026-10-05T08:39:36.869Z","caller":"ipamd/ipamd.go:1255","msg":"PD enabled - true"}
{"level":"debug","ts":"2026-10-05T08:39:37.297Z","caller":"awsutils/awsutils.go:2174","msg":"checkAPIErrorAndBroadcastEvent resulted in operation error EC2: AssignPrivateIpAddresses, https response error StatusCode: 400, RequestID: 423d8add-1ef7-477f-928a-e782dab74c66, api error InsufficientCidrBlocks: The specified subnet does not have enough free cidr blocks to satisfy the request."}
{"level":"error","ts":"2026-10-05T08:39:37.297Z","caller":"ipamd/ipamd.go:1255","msg":"Failed to allocate a private IP/Prefix addresses on ENI eni-EXAMPLE20: operation error EC2: AssignPrivateIpAddresses, https response error StatusCode: 400, RequestID: 423d8add-1ef7-477f-928a-e782dab74c66, api error InsufficientCidrBlocks: The specified subnet does not have enough free cidr blocks to satisfy the request."}
{"level":"debug","ts":"2026-10-05T08:39:37.297Z","caller":"ipamd/ipamd.go:1256","msg":"containsPrivateIPAddressLimitExceededError encountered operation error EC2: AssignPrivateIpAddresses, https response error StatusCode: 400, RequestID: 423d8add-1ef7-477f-928a-e782dab74c66, api error InsufficientCidrBlocks: The specified subnet does not have enough free cidr blocks to satisfy the request."}
{"level":"warn","ts":"2026-10-05T08:39:37.297Z","caller":"ipamd/ipamd.go:1113","msg":"failed to allocate all available IPv4 Prefixes on ENI eni-EXAMPLE20, err: operation error EC2: AssignPrivateIpAddresses, https response error StatusCode: 400, RequestID: 423d8add-1ef7-477f-928a-e782dab74c66, api error InsufficientCidrBlocks: The specified subnet does not have enough free cidr blocks to satisfy the request."}
{"level":"info","ts":"2026-10-05T08:39:37.297Z","caller":"ipamd/ipamd.go:1259","msg":"Trying to allocate 1 IP addresses on ENI eni-EXAMPLE20"}
{"level":"debug","ts":"2026-10-05T08:39:37.297Z","caller":"ipamd/ipamd.go:1259","msg":"PD enabled - true"}
{"level":"debug","ts":"2026-10-05T08:39:37.684Z","caller":"awsutils/awsutils.go:2174","msg":"checkAPIErrorAndBroadcastEvent resulted in operation error EC2: AssignPrivateIpAddresses, https response error StatusCode: 400, RequestID: 50c9f3c6-2265-475d-ab51-99847d54aed3, api error InsufficientCidrBlocks: The specified subnet does not have enough free cidr blocks to satisfy the request."}
{"level":"error","ts":"2026-10-05T08:39:37.684Z","caller":"ipamd/ipamd.go:1259","msg":"Failed to allocate a private IP/Prefix addresses on ENI eni-EXAMPLE20: operation error EC2: AssignPrivateIpAddresses, https response error StatusCode: 400, RequestID: 50c9f3c6-2265-475d-ab51-99847d54aed3, api error InsufficientCidrBlocks: The specified subnet does not have enough free cidr blocks to satisfy the request."}
{"level":"debug","ts":"2026-10-05T08:39:37.684Z","caller":"ipamd/ipamd.go:1260","msg":"containsPrivateIPAddressLimitExceededError encountered operation error EC2: AssignPrivateIpAddresses, https response error StatusCode: 400, RequestID: 50c9f3c6-2265-475d-ab51-99847d54aed3, api error InsufficientCidrBlocks: The specified subnet does not have enough free cidr blocks to satisfy the request."}
{"level":"debug","ts":"2026-10-05T08:39:37.684Z","caller":"ipamd/ipamd.go:1262","msg":"containsInsufficientCIDRsOrSubnetIPs encountered operation error EC2: AssignPrivateIpAddresses, https response error StatusCode: 400, RequestID: 50c9f3c6-2265-475d-ab51-99847d54aed3, api error InsufficientCidrBlocks: The specified subnet does not have enough free cidr blocks to satisfy the request."}
{"level":"debug","ts":"2026-10-05T08:39:37.684Z","caller":"ipamd/ipamd.go:1262","msg":"Insufficient IP Addresses due to: InsufficientCidrBlocks\n"}
{"level":"debug","ts":"2026-10-05T08:39:37.684Z","caller":"ipamd/ipamd.go:1003","msg":"hasRoomForEni: networkCard=0, currentENIs=1, currentUsableENIs=1, maxENI=3, unmanagedENI=0, trunkEni=0, excludedENI=0, hasRoom=true"}
{"level":"debug","ts":"2026-10-05T08:39:37.684Z","caller":"ipamd/ipamd.go:2758","msg":"Prefix target is 1, short of 1 prefixes, free 0 prefixes"}
{"level":"debug","ts":"2026-10-05T08:39:37.684Z","caller":"ipamd/ipamd.go:2595","msg":"ToAllocate: 1, Network Card 0"}
{"level":"info","ts":"2026-10-05T08:39:37.684Z","caller":"awsutils/awsutils.go:1044","msg":"Trying to allocate 1 IP addresses on new ENI"}
{"level":"debug","ts":"2026-10-05T08:39:37.684Z","caller":"awsutils/awsutils.go:1044","msg":"PD enabled - true"}
{"level":"debug","ts":"2026-10-05T08:39:37.953Z","caller":"awsutils/awsutils.go:1272","msg":"Primary subnet subnet-EXAMPLE4 has no kubernetes.io/role/cni tag, including it for ENI creation (backwards compatibility)"}
{"level":"info","ts":"2026-10-05T08:39:37.953Z","caller":"awsutils/awsutils.go:1044","msg":"Creating ENI with security groups: [sg-EXAMPLE1] in subnet: subnet-EXAMPLE4"}
{"level":"debug","ts":"2026-10-05T08:39:38.176Z","caller":"awsutils/awsutils.go:1449","msg":"checkAPIErrorAndBroadcastEvent resulted in operation error EC2: CreateNetworkInterface, https response error StatusCode: 400, RequestID: 536f6140-514f-4c19-ab96-2b0a39330549, api error InvalidParameterValue: There aren't sufficient free Ipv4 addresses or prefixes"}
{"level":"error","ts":"2026-10-05T08:39:38.176Z","caller":"awsutils/awsutils.go:1285","msg":"Failed to CreateNetworkInterface operation error EC2: CreateNetworkInterface, https response error StatusCode: 400, RequestID: 536f6140-514f-4c19-ab96-2b0a39330549, api error InvalidParameterValue: There aren't sufficient free Ipv4 addresses or prefixes for subnet subnet-EXAMPLE4"}
{"level":"debug","ts":"2026-10-05T08:39:38.176Z","caller":"awsutils/awsutils.go:1272","msg":"Subnet subnet-EXAMPLE3 has no kubernetes.io/role/cni tag, excluding it from ENI creation"}
{"level":"error","ts":"2026-10-05T08:39:38.176Z","caller":"ipamd/ipamd.go:1004","msg":"Failed to increase pool size due to not able to allocate ENI AllocENI: failed to create ENI: failed to create network interface: operation error EC2: CreateNetworkInterface, https response error StatusCode: 400, RequestID: 536f6140-514f-4c19-ab96-2b0a39330549, api error InvalidParameterValue: There aren't sufficient free Ipv4 addresses or prefixes"}
{"level":"warn","ts":"2026-10-05T08:39:38.176Z","caller":"ipamd/ipamd.go:1004","msg":"Failed to allocate 1 IP addresses on an ENI: AllocENI: failed to create ENI: failed to create network interface: operation error EC2: CreateNetworkInterface, https response error StatusCode: 400, RequestID: 536f6140-514f-4c19-ab96-2b0a39330549, api error InvalidParameterValue: There aren't sufficient free Ipv4 addresses or prefixes"}
{"level":"debug","ts":"2026-10-05T08:39:38.176Z","caller":"ipamd/ipamd.go:1082","msg":"containsInsufficientCIDRsOrSubnetIPs encountered AllocENI: failed to create ENI: failed to create network interface: operation error EC2: CreateNetworkInterface, https response error StatusCode: 400, RequestID: 536f6140-514f-4c19-ab96-2b0a39330549, api error InvalidParameterValue: There aren't sufficient free Ipv4 addresses or prefixes"}
{"level":"debug","ts":"2026-10-05T08:39:38.176Z","caller":"ipamd/ipamd.go:1082","msg":"Insufficient IP Addresses due to: InvalidParameterValue\n"}
{"level":"debug","ts":"2026-10-05T08:39:38.176Z","caller":"ipamd/ipamd.go:813","msg":"Error trying to allocate ENI: AllocENI: failed to create ENI: failed to create network interface: operation error EC2: CreateNetworkInterface, https response error StatusCode: 400, RequestID: 536f6140-514f-4c19-ab96-2b0a39330549, api error InvalidParameterValue: There aren't sufficient free Ipv4 addresses or prefixes"}
{"level":"debug","ts":"2026-10-05T08:39:38.176Z","caller":"ipamd/ipamd.go:1548","msg":"ENI eni-EXAMPLE20 cannot be deleted because it is primary"}
{"level":"debug","ts":"2026-10-05T08:39:43.177Z","caller":"ipamd/ipamd.go:809","msg":"IP pool is too low for Network Card 0: available (0) < ENI target (1) * addrsPerENI (16)"}
{"level":"debug","ts":"2026-10-05T08:39:43.177Z","caller":"ipamd/ipamd.go:2689","msg":"Prefix pool stats for network card 0: Total IPs/Prefixes = 0/0, AssignedIPs/CooldownIPs: 0/0, c.maxIPsPerENI = 80"}
{"level":"debug","ts":"2026-10-05T08:39:43.177Z","caller":"ipamd/ipamd.go:795","msg":"IP stats for Network Card 0 - total IPs: 0, assigned IPs: 0, cooldown IPs: 0"}
{"level":"debug","ts":"2026-10-05T08:39:43.177Z","caller":"ipamd/ipamd.go:813","msg":"Starting to increase pool size for network card 0"}
{"level":"debug","ts":"2026-10-05T08:39:43.177Z","caller":"ipamd/ipamd.go:966","msg":"Node found \"ip-10-20-0-29.ec2.internal\" - no of taints - 0"}
{"level":"debug","ts":"2026-10-05T08:39:43.177Z","caller":"ipamd/ipamd.go:2758","msg":"Prefix target is 1, short of 1 prefixes, free 0 prefixes"}
{"level":"debug","ts":"2026-10-05T08:39:43.177Z","caller":"ipamd/ipamd.go:1248","msg":"ToAllocate: 1, Network Card 0"}
{"level":"debug","ts":"2026-10-05T08:39:43.177Z","caller":"ipamd/ipamd.go:1251","msg":"Found ENI eni-EXAMPLE20 that has less than the maximum number of IP/Prefixes addresses allocated: cur=0, max=5"}
{"level":"info","ts":"2026-10-05T08:39:43.177Z","caller":"ipamd/ipamd.go:1255","msg":"Trying to allocate 1 IP addresses on ENI eni-EXAMPLE20"}
{"level":"debug","ts":"2026-10-05T08:39:43.177Z","caller":"ipamd/ipamd.go:1255","msg":"PD enabled - true"}
{"level":"debug","ts":"2026-10-05T08:39:43.567Z","caller":"awsutils/awsutils.go:2174","msg":"checkAPIErrorAndBroadcastEvent resulted in operation error EC2: AssignPrivateIpAddresses, https response error StatusCode: 400, RequestID: 509c2c58-09bd-40e1-b7a3-01b2d0f1777e, api error InsufficientCidrBlocks: The specified subnet does not have enough free cidr blocks to satisfy the request."}
{"level":"error","ts":"2026-10-05T08:39:43.567Z","caller":"ipamd/ipamd.go:1255","msg":"Failed to allocate a private IP/Prefix addresses on ENI eni-EXAMPLE20: operation error EC2: AssignPrivateIpAddresses, https response error StatusCode: 400, RequestID: 509c2c58-09bd-40e1-b7a3-01b2d0f1777e, api error InsufficientCidrBlocks: The specified subnet does not have enough free cidr blocks to satisfy the request."}
{"level":"debug","ts":"2026-10-05T08:39:43.567Z","caller":"ipamd/ipamd.go:1256","msg":"containsPrivateIPAddressLimitExceededError encountered operation error EC2: AssignPrivateIpAddresses, https response error StatusCode: 400, RequestID: 509c2c58-09bd-40e1-b7a3-01b2d0f1777e, api error InsufficientCidrBlocks: The specified subnet does not have enough free cidr blocks to satisfy the request."}
{"level":"warn","ts":"2026-10-05T08:39:43.567Z","caller":"ipamd/ipamd.go:1113","msg":"failed to allocate all available IPv4 Prefixes on ENI eni-EXAMPLE20, err: operation error EC2: AssignPrivateIpAddresses, https response error StatusCode: 400, RequestID: 509c2c58-09bd-40e1-b7a3-01b2d0f1777e, api error InsufficientCidrBlocks: The specified subnet does not have enough free cidr blocks to satisfy the request."}
{"level":"info","ts":"2026-10-05T08:39:43.567Z","caller":"ipamd/ipamd.go:1259","msg":"Trying to allocate 1 IP addresses on ENI eni-EXAMPLE20"}
{"level":"debug","ts":"2026-10-05T08:39:43.567Z","caller":"ipamd/ipamd.go:1259","msg":"PD enabled - true"}
{"level":"debug","ts":"2026-10-05T08:39:44.059Z","caller":"awsutils/awsutils.go:2174","msg":"checkAPIErrorAndBroadcastEvent resulted in operation error EC2: AssignPrivateIpAddresses, https response error StatusCode: 400, RequestID: 40674ebc-f089-4870-b8b7-6325037f6aaf, api error InsufficientCidrBlocks: The specified subnet does not have enough free cidr blocks to satisfy the request."}
{"level":"error","ts":"2026-10-05T08:39:44.059Z","caller":"ipamd/ipamd.go:1259","msg":"Failed to allocate a private IP/Prefix addresses on ENI eni-EXAMPLE20: operation error EC2: AssignPrivateIpAddresses, https response error StatusCode: 400, RequestID: 40674ebc-f089-4870-b8b7-6325037f6aaf, api error InsufficientCidrBlocks: The specified subnet does not have enough free cidr blocks to satisfy the request."}
{"level":"debug","ts":"2026-10-05T08:39:44.059Z","caller":"ipamd/ipamd.go:1260","msg":"containsPrivateIPAddressLimitExceededError encountered operation error EC2: AssignPrivateIpAddresses, https response error StatusCode: 400, RequestID: 40674ebc-f089-4870-b8b7-6325037f6aaf, api error InsufficientCidrBlocks: The specified subnet does not have enough free cidr blocks to satisfy the request."}
{"level":"debug","ts":"2026-10-05T08:39:44.059Z","caller":"ipamd/ipamd.go:1262","msg":"containsInsufficientCIDRsOrSubnetIPs encountered operation error EC2: AssignPrivateIpAddresses, https response error StatusCode: 400, RequestID: 40674ebc-f089-4870-b8b7-6325037f6aaf, api error InsufficientCidrBlocks: The specified subnet does not have enough free cidr blocks to satisfy the request."}
{"level":"debug","ts":"2026-10-05T08:39:44.059Z","caller":"ipamd/ipamd.go:1262","msg":"Insufficient IP Addresses due to: InsufficientCidrBlocks\n"}
{"level":"debug","ts":"2026-10-05T08:39:44.059Z","caller":"ipamd/ipamd.go:1003","msg":"hasRoomForEni: networkCard=0, currentENIs=1, currentUsableENIs=1, maxENI=3, unmanagedENI=0, trunkEni=0, excludedENI=0, hasRoom=true"}
{"level":"debug","ts":"2026-10-05T08:39:44.059Z","caller":"ipamd/ipamd.go:2758","msg":"Prefix target is 1, short of 1 prefixes, free 0 prefixes"}
{"level":"debug","ts":"2026-10-05T08:39:44.059Z","caller":"ipamd/ipamd.go:2595","msg":"ToAllocate: 1, Network Card 0"}
{"level":"info","ts":"2026-10-05T08:39:44.059Z","caller":"awsutils/awsutils.go:1044","msg":"Trying to allocate 1 IP addresses on new ENI"}
{"level":"debug","ts":"2026-10-05T08:39:44.059Z","caller":"awsutils/awsutils.go:1044","msg":"PD enabled - true"}
{"level":"debug","ts":"2026-10-05T08:39:44.282Z","caller":"awsutils/awsutils.go:1272","msg":"Primary subnet subnet-EXAMPLE4 has no kubernetes.io/role/cni tag, including it for ENI creation (backwards compatibility)"}
{"level":"info","ts":"2026-10-05T08:39:44.282Z","caller":"awsutils/awsutils.go:1044","msg":"Creating ENI with security groups: [sg-EXAMPLE1] in subnet: subnet-EXAMPLE4"}
{"level":"debug","ts":"2026-10-05T08:39:44.537Z","caller":"awsutils/awsutils.go:1449","msg":"checkAPIErrorAndBroadcastEvent resulted in operation error EC2: CreateNetworkInterface, https response error StatusCode: 400, RequestID: 565d43b1-25b3-4b71-83d5-56073f4f930e, api error InvalidParameterValue: There aren't sufficient free Ipv4 addresses or prefixes"}
{"level":"error","ts":"2026-10-05T08:39:44.537Z","caller":"awsutils/awsutils.go:1285","msg":"Failed to CreateNetworkInterface operation error EC2: CreateNetworkInterface, https response error StatusCode: 400, RequestID: 565d43b1-25b3-4b71-83d5-56073f4f930e, api error InvalidParameterValue: There aren't sufficient free Ipv4 addresses or prefixes for subnet subnet-EXAMPLE4"}
{"level":"debug","ts":"2026-10-05T08:39:44.537Z","caller":"awsutils/awsutils.go:1272","msg":"Subnet subnet-EXAMPLE3 has no kubernetes.io/role/cni tag, excluding it from ENI creation"}
{"level":"error","ts":"2026-10-05T08:39:44.537Z","caller":"ipamd/ipamd.go:1004","msg":"Failed to increase pool size due to not able to allocate ENI AllocENI: failed to create ENI: failed to create network interface: operation error EC2: CreateNetworkInterface, https response error StatusCode: 400, RequestID: 565d43b1-25b3-4b71-83d5-56073f4f930e, api error InvalidParameterValue: There aren't sufficient free Ipv4 addresses or prefixes"}
{"level":"warn","ts":"2026-10-05T08:39:44.537Z","caller":"ipamd/ipamd.go:1004","msg":"Failed to allocate 1 IP addresses on an ENI: AllocENI: failed to create ENI: failed to create network interface: operation error EC2: CreateNetworkInterface, https response error StatusCode: 400, RequestID: 565d43b1-25b3-4b71-83d5-56073f4f930e, api error InvalidParameterValue: There aren't sufficient free Ipv4 addresses or prefixes"}
{"level":"debug","ts":"2026-10-05T08:39:44.537Z","caller":"ipamd/ipamd.go:1082","msg":"containsInsufficientCIDRsOrSubnetIPs encountered AllocENI: failed to create ENI: failed to create network interface: operation error EC2: CreateNetworkInterface, https response error StatusCode: 400, RequestID: 565d43b1-25b3-4b71-83d5-56073f4f930e, api error InvalidParameterValue: There aren't sufficient free Ipv4 addresses or prefixes"}
{"level":"debug","ts":"2026-10-05T08:39:44.537Z","caller":"ipamd/ipamd.go:1082","msg":"Insufficient IP Addresses due to: InvalidParameterValue\n"}
{"level":"debug","ts":"2026-10-05T08:39:44.537Z","caller":"ipamd/ipamd.go:813","msg":"Error trying to allocate ENI: AllocENI: failed to create ENI: failed to create network interface: operation error EC2: CreateNetworkInterface, https response error StatusCode: 400, RequestID: 565d43b1-25b3-4b71-83d5-56073f4f930e, api error InvalidParameterValue: There aren't sufficient free Ipv4 addresses or prefixes"}
{"level":"debug","ts":"2026-10-05T08:39:44.537Z","caller":"ipamd/ipamd.go:1548","msg":"ENI eni-EXAMPLE20 cannot be deleted because it is primary"}
{"level":"debug","ts":"2026-10-05T08:39:47.037Z","caller":"ipamd/ipamd.go:798","msg":"Reconciling ENI/IP pool info because time since last 1m3.314900112s > 1m0s"}
{"level":"debug","ts":"2026-10-05T08:39:47.040Z","caller":"ipamd/ipamd.go:1621","msg":"Total number of interfaces found: 1 "}
{"level":"debug","ts":"2026-10-05T08:39:47.040Z","caller":"awsutils/awsutils.go:787","msg":"Found ENI MAC address: 12:ff:f3:10:df:d7"}
{"level":"debug","ts":"2026-10-05T08:39:47.044Z","caller":"awsutils/awsutils.go:787","msg":"Found ENI: eni-EXAMPLE20, MAC 12:ff:f3:10:df:d7, device 0"}
{"level":"debug","ts":"2026-10-05T08:39:47.048Z","caller":"awsutils/awsutils.go:787","msg":"Found IPv4 addresses associated with interface. This is not efa-only interface"}
{"level":"debug","ts":"2026-10-05T08:39:47.055Z","caller":"ipamd/ipamd.go:798","msg":"Reconcile existing ENI eni-EXAMPLE20 IP pool"}
{"level":"info","ts":"2026-10-05T08:39:47.055Z","caller":"ipamd/ipamd.go:1766","msg":"Reconcile and skip primary IP 10.20.0.29 on ENI eni-EXAMPLE20"}
{"level":"debug","ts":"2026-10-05T08:39:47.055Z","caller":"ipamd/ipamd.go:798","msg":"Reconcile existing ENI eni-EXAMPLE20 IP prefixes"}
{"level":"debug","ts":"2026-10-05T08:39:47.055Z","caller":"ipamd/ipamd.go:1693","msg":"Found prefix pool count 0 for eni eni-EXAMPLE20\n"}
{"level":"debug","ts":"2026-10-05T08:39:47.055Z","caller":"ipamd/ipamd.go:798","msg":"Successfully Reconciled ENI/IP pool"}
{"level":"debug","ts":"2026-10-05T08:39:47.055Z","caller":"ipamd/ipamd.go:1738","msg":"Prefix pool stats for network card 0: Total IPs/Prefixes = 0/0, AssignedIPs/CooldownIPs: 0/0, c.maxIPsPerENI = 80"}
{"level":"debug","ts":"2026-10-05T08:39:47.055Z","caller":"ipamd/ipamd.go:798","msg":"Primary IP for ENI eni-EXAMPLE20 is 10.20.0.29"}
{"level":"debug","ts":"2026-10-05T08:39:49.555Z","caller":"ipamd/ipamd.go:809","msg":"IP pool is too low for Network Card 0: available (0) < ENI target (1) * addrsPerENI (16)"}
{"level":"debug","ts":"2026-10-05T08:39:49.555Z","caller":"ipamd/ipamd.go:2689","msg":"Prefix pool stats for network card 0: Total IPs/Prefixes = 0/0, AssignedIPs/CooldownIPs: 0/0, c.maxIPsPerENI = 80"}
{"level":"debug","ts":"2026-10-05T08:39:49.555Z","caller":"ipamd/ipamd.go:795","msg":"IP stats for Network Card 0 - total IPs: 0, assigned IPs: 0, cooldown IPs: 0"}
{"level":"debug","ts":"2026-10-05T08:39:49.555Z","caller":"ipamd/ipamd.go:813","msg":"Starting to increase pool size for network card 0"}
{"level":"debug","ts":"2026-10-05T08:39:49.555Z","caller":"ipamd/ipamd.go:966","msg":"Node found \"ip-10-20-0-29.ec2.internal\" - no of taints - 0"}
{"level":"debug","ts":"2026-10-05T08:39:49.555Z","caller":"ipamd/ipamd.go:2758","msg":"Prefix target is 1, short of 1 prefixes, free 0 prefixes"}
{"level":"debug","ts":"2026-10-05T08:39:49.555Z","caller":"ipamd/ipamd.go:1248","msg":"ToAllocate: 1, Network Card 0"}
{"level":"debug","ts":"2026-10-05T08:39:49.555Z","caller":"ipamd/ipamd.go:1251","msg":"Found ENI eni-EXAMPLE20 that has less than the maximum number of IP/Prefixes addresses allocated: cur=0, max=5"}
{"level":"info","ts":"2026-10-05T08:39:49.555Z","caller":"ipamd/ipamd.go:1255","msg":"Trying to allocate 1 IP addresses on ENI eni-EXAMPLE20"}
{"level":"debug","ts":"2026-10-05T08:39:49.555Z","caller":"ipamd/ipamd.go:1255","msg":"PD enabled - true"}
{"level":"debug","ts":"2026-10-05T08:39:49.974Z","caller":"awsutils/awsutils.go:2174","msg":"checkAPIErrorAndBroadcastEvent resulted in operation error EC2: AssignPrivateIpAddresses, https response error StatusCode: 400, RequestID: 0c386f31-c560-48ac-8331-98c4970f63be, api error InsufficientCidrBlocks: The specified subnet does not have enough free cidr blocks to satisfy the request."}
{"level":"error","ts":"2026-10-05T08:39:49.974Z","caller":"ipamd/ipamd.go:1255","msg":"Failed to allocate a private IP/Prefix addresses on ENI eni-EXAMPLE20: operation error EC2: AssignPrivateIpAddresses, https response error StatusCode: 400, RequestID: 0c386f31-c560-48ac-8331-98c4970f63be, api error InsufficientCidrBlocks: The specified subnet does not have enough free cidr blocks to satisfy the request."}
{"level":"debug","ts":"2026-10-05T08:39:49.974Z","caller":"ipamd/ipamd.go:1256","msg":"containsPrivateIPAddressLimitExceededError encountered operation error EC2: AssignPrivateIpAddresses, https response error StatusCode: 400, RequestID: 0c386f31-c560-48ac-8331-98c4970f63be, api error InsufficientCidrBlocks: The specified subnet does not have enough free cidr blocks to satisfy the request."}
{"level":"warn","ts":"2026-10-05T08:39:49.974Z","caller":"ipamd/ipamd.go:1113","msg":"failed to allocate all available IPv4 Prefixes on ENI eni-EXAMPLE20, err: operation error EC2: AssignPrivateIpAddresses, https response error StatusCode: 400, RequestID: 0c386f31-c560-48ac-8331-98c4970f63be, api error InsufficientCidrBlocks: The specified subnet does not have enough free cidr blocks to satisfy the request."}
{"level":"info","ts":"2026-10-05T08:39:49.974Z","caller":"ipamd/ipamd.go:1259","msg":"Trying to allocate 1 IP addresses on ENI eni-EXAMPLE20"}
{"level":"debug","ts":"2026-10-05T08:39:49.974Z","caller":"ipamd/ipamd.go:1259","msg":"PD enabled - true"}
{"level":"debug","ts":"2026-10-05T08:39:50.433Z","caller":"awsutils/awsutils.go:2174","msg":"checkAPIErrorAndBroadcastEvent resulted in operation error EC2: AssignPrivateIpAddresses, https response error StatusCode: 400, RequestID: af267b2f-4c70-4dac-93e2-84897878ff34, api error InsufficientCidrBlocks: The specified subnet does not have enough free cidr blocks to satisfy the request."}
{"level":"error","ts":"2026-10-05T08:39:50.433Z","caller":"ipamd/ipamd.go:1259","msg":"Failed to allocate a private IP/Prefix addresses on ENI eni-EXAMPLE20: operation error EC2: AssignPrivateIpAddresses, https response error StatusCode: 400, RequestID: af267b2f-4c70-4dac-93e2-84897878ff34, api error InsufficientCidrBlocks: The specified subnet does not have enough free cidr blocks to satisfy the request."}
{"level":"debug","ts":"2026-10-05T08:39:50.433Z","caller":"ipamd/ipamd.go:1260","msg":"containsPrivateIPAddressLimitExceededError encountered operation error EC2: AssignPrivateIpAddresses, https response error StatusCode: 400, RequestID: af267b2f-4c70-4dac-93e2-84897878ff34, api error InsufficientCidrBlocks: The specified subnet does not have enough free cidr blocks to satisfy the request."}
{"level":"debug","ts":"2026-10-05T08:39:50.433Z","caller":"ipamd/ipamd.go:1262","msg":"containsInsufficientCIDRsOrSubnetIPs encountered operation error EC2: AssignPrivateIpAddresses, https response error StatusCode: 400, RequestID: af267b2f-4c70-4dac-93e2-84897878ff34, api error InsufficientCidrBlocks: The specified subnet does not have enough free cidr blocks to satisfy the request."}
{"level":"debug","ts":"2026-10-05T08:39:50.433Z","caller":"ipamd/ipamd.go:1262","msg":"Insufficient IP Addresses due to: InsufficientCidrBlocks\n"}
{"level":"debug","ts":"2026-10-05T08:39:50.433Z","caller":"ipamd/ipamd.go:1003","msg":"hasRoomForEni: networkCard=0, currentENIs=1, currentUsableENIs=1, maxENI=3, unmanagedENI=0, trunkEni=0, excludedENI=0, hasRoom=true"}
{"level":"debug","ts":"2026-10-05T08:39:50.433Z","caller":"ipamd/ipamd.go:2758","msg":"Prefix target is 1, short of 1 prefixes, free 0 prefixes"}
{"level":"debug","ts":"2026-10-05T08:39:50.433Z","caller":"ipamd/ipamd.go:2595","msg":"ToAllocate: 1, Network Card 0"}
{"level":"info","ts":"2026-10-05T08:39:50.433Z","caller":"awsutils/awsutils.go:1044","msg":"Trying to allocate 1 IP addresses on new ENI"}
{"level":"debug","ts":"2026-10-05T08:39:50.433Z","caller":"awsutils/awsutils.go:1044","msg":"PD enabled - true"}
{"level":"debug","ts":"2026-10-05T08:39:50.716Z","caller":"awsutils/awsutils.go:1272","msg":"Primary subnet subnet-EXAMPLE4 has no kubernetes.io/role/cni tag, including it for ENI creation (backwards compatibility)"}
{"level":"info","ts":"2026-10-05T08:39:50.716Z","caller":"awsutils/awsutils.go:1044","msg":"Creating ENI with security groups: [sg-EXAMPLE1] in subnet: subnet-EXAMPLE4"}
{"level":"debug","ts":"2026-10-05T08:39:50.973Z","caller":"awsutils/awsutils.go:1449","msg":"checkAPIErrorAndBroadcastEvent resulted in operation error EC2: CreateNetworkInterface, https response error StatusCode: 400, RequestID: 13a21ec3-e304-46e6-9173-061d89f88aae, api error InvalidParameterValue: There aren't sufficient free Ipv4 addresses or prefixes"}
{"level":"error","ts":"2026-10-05T08:39:50.974Z","caller":"awsutils/awsutils.go:1285","msg":"Failed to CreateNetworkInterface operation error EC2: CreateNetworkInterface, https response error StatusCode: 400, RequestID: 13a21ec3-e304-46e6-9173-061d89f88aae, api error InvalidParameterValue: There aren't sufficient free Ipv4 addresses or prefixes for subnet subnet-EXAMPLE4"}
{"level":"debug","ts":"2026-10-05T08:39:50.974Z","caller":"awsutils/awsutils.go:1272","msg":"Subnet subnet-EXAMPLE3 has no kubernetes.io/role/cni tag, excluding it from ENI creation"}
{"level":"error","ts":"2026-10-05T08:39:50.974Z","caller":"ipamd/ipamd.go:1004","msg":"Failed to increase pool size due to not able to allocate ENI AllocENI: failed to create ENI: failed to create network interface: operation error EC2: CreateNetworkInterface, https response error StatusCode: 400, RequestID: 13a21ec3-e304-46e6-9173-061d89f88aae, api error InvalidParameterValue: There aren't sufficient free Ipv4 addresses or prefixes"}
{"level":"warn","ts":"2026-10-05T08:39:50.974Z","caller":"ipamd/ipamd.go:1004","msg":"Failed to allocate 1 IP addresses on an ENI: AllocENI: failed to create ENI: failed to create network interface: operation error EC2: CreateNetworkInterface, https response error StatusCode: 400, RequestID: 13a21ec3-e304-46e6-9173-061d89f88aae, api error InvalidParameterValue: There aren't sufficient free Ipv4 addresses or prefixes"}
{"level":"debug","ts":"2026-10-05T08:39:50.974Z","caller":"ipamd/ipamd.go:1082","msg":"containsInsufficientCIDRsOrSubnetIPs encountered AllocENI: failed to create ENI: failed to create network interface: operation error EC2: CreateNetworkInterface, https response error StatusCode: 400, RequestID: 13a21ec3-e304-46e6-9173-061d89f88aae, api error InvalidParameterValue: There aren't sufficient free Ipv4 addresses or prefixes"}
{"level":"debug","ts":"2026-10-05T08:39:50.974Z","caller":"ipamd/ipamd.go:1082","msg":"Insufficient IP Addresses due to: InvalidParameterValue\n"}
{"level":"debug","ts":"2026-10-05T08:39:50.974Z","caller":"ipamd/ipamd.go:813","msg":"Error trying to allocate ENI: AllocENI: failed to create ENI: failed to create network interface: operation error EC2: CreateNetworkInterface, https response error StatusCode: 400, RequestID: 13a21ec3-e304-46e6-9173-061d89f88aae, api error InvalidParameterValue: There aren't sufficient free Ipv4 addresses or prefixes"}
{"level":"debug","ts":"2026-10-05T08:39:50.974Z","caller":"ipamd/ipamd.go:1548","msg":"ENI eni-EXAMPLE20 cannot be deleted because it is primary"}
{"level":"debug","ts":"2026-10-05T08:39:55.976Z","caller":"ipamd/ipamd.go:809","msg":"IP pool is too low for Network Card 0: available (0) < ENI target (1) * addrsPerENI (16)"}
{"level":"debug","ts":"2026-10-05T08:39:55.976Z","caller":"ipamd/ipamd.go:2689","msg":"Prefix pool stats for network card 0: Total IPs/Prefixes = 0/0, AssignedIPs/CooldownIPs: 0/0, c.maxIPsPerENI = 80"}
{"level":"debug","ts":"2026-10-05T08:39:55.976Z","caller":"ipamd/ipamd.go:795","msg":"IP stats for Network Card 0 - total IPs: 0, assigned IPs: 0, cooldown IPs: 0"}
{"level":"debug","ts":"2026-10-05T08:39:55.976Z","caller":"ipamd/ipamd.go:813","msg":"Starting to increase pool size for network card 0"}
{"level":"debug","ts":"2026-10-05T08:39:55.976Z","caller":"ipamd/ipamd.go:966","msg":"Node found \"ip-10-20-0-29.ec2.internal\" - no of taints - 0"}
{"level":"debug","ts":"2026-10-05T08:39:55.976Z","caller":"ipamd/ipamd.go:2758","msg":"Prefix target is 1, short of 1 prefixes, free 0 prefixes"}
{"level":"debug","ts":"2026-10-05T08:39:55.976Z","caller":"ipamd/ipamd.go:1248","msg":"ToAllocate: 1, Network Card 0"}
{"level":"debug","ts":"2026-10-05T08:39:55.976Z","caller":"ipamd/ipamd.go:1251","msg":"Found ENI eni-EXAMPLE20 that has less than the maximum number of IP/Prefixes addresses allocated: cur=0, max=5"}
{"level":"info","ts":"2026-10-05T08:39:55.976Z","caller":"ipamd/ipamd.go:1255","msg":"Trying to allocate 1 IP addresses on ENI eni-EXAMPLE20"}
{"level":"debug","ts":"2026-10-05T08:39:55.976Z","caller":"ipamd/ipamd.go:1255","msg":"PD enabled - true"}
{"level":"debug","ts":"2026-10-05T08:39:56.415Z","caller":"awsutils/awsutils.go:2174","msg":"checkAPIErrorAndBroadcastEvent resulted in operation error EC2: AssignPrivateIpAddresses, https response error StatusCode: 400, RequestID: 271f50a9-028f-4093-940a-27c97a9b3538, api error InsufficientCidrBlocks: The specified subnet does not have enough free cidr blocks to satisfy the request."}
{"level":"error","ts":"2026-10-05T08:39:56.415Z","caller":"ipamd/ipamd.go:1255","msg":"Failed to allocate a private IP/Prefix addresses on ENI eni-EXAMPLE20: operation error EC2: AssignPrivateIpAddresses, https response error StatusCode: 400, RequestID: 271f50a9-028f-4093-940a-27c97a9b3538, api error InsufficientCidrBlocks: The specified subnet does not have enough free cidr blocks to satisfy the request."}
{"level":"debug","ts":"2026-10-05T08:39:56.415Z","caller":"ipamd/ipamd.go:1256","msg":"containsPrivateIPAddressLimitExceededError encountered operation error EC2: AssignPrivateIpAddresses, https response error StatusCode: 400, RequestID: 271f50a9-028f-4093-940a-27c97a9b3538, api error InsufficientCidrBlocks: The specified subnet does not have enough free cidr blocks to satisfy the request."}
{"level":"warn","ts":"2026-10-05T08:39:56.415Z","caller":"ipamd/ipamd.go:1113","msg":"failed to allocate all available IPv4 Prefixes on ENI eni-EXAMPLE20, err: operation error EC2: AssignPrivateIpAddresses, https response error StatusCode: 400, RequestID: 271f50a9-028f-4093-940a-27c97a9b3538, api error InsufficientCidrBlocks: The specified subnet does not have enough free cidr blocks to satisfy the request."}
{"level":"info","ts":"2026-10-05T08:39:56.415Z","caller":"ipamd/ipamd.go:1259","msg":"Trying to allocate 1 IP addresses on ENI eni-EXAMPLE20"}
{"level":"debug","ts":"2026-10-05T08:39:56.415Z","caller":"ipamd/ipamd.go:1259","msg":"PD enabled - true"}
{"level":"debug","ts":"2026-10-05T08:39:56.795Z","caller":"awsutils/awsutils.go:2174","msg":"checkAPIErrorAndBroadcastEvent resulted in operation error EC2: AssignPrivateIpAddresses, https response error StatusCode: 400, RequestID: 1e973501-3402-4d9f-afd8-84c34fe75066, api error InsufficientCidrBlocks: The specified subnet does not have enough free cidr blocks to satisfy the request."}
{"level":"error","ts":"2026-10-05T08:39:56.795Z","caller":"ipamd/ipamd.go:1259","msg":"Failed to allocate a private IP/Prefix addresses on ENI eni-EXAMPLE20: operation error EC2: AssignPrivateIpAddresses, https response error StatusCode: 400, RequestID: 1e973501-3402-4d9f-afd8-84c34fe75066, api error InsufficientCidrBlocks: The specified subnet does not have enough free cidr blocks to satisfy the request."}
{"level":"debug","ts":"2026-10-05T08:39:56.795Z","caller":"ipamd/ipamd.go:1260","msg":"containsPrivateIPAddressLimitExceededError encountered operation error EC2: AssignPrivateIpAddresses, https response error StatusCode: 400, RequestID: 1e973501-3402-4d9f-afd8-84c34fe75066, api error InsufficientCidrBlocks: The specified subnet does not have enough free cidr blocks to satisfy the request."}
{"level":"debug","ts":"2026-10-05T08:39:56.795Z","caller":"ipamd/ipamd.go:1262","msg":"containsInsufficientCIDRsOrSubnetIPs encountered operation error EC2: AssignPrivateIpAddresses, https response error StatusCode: 400, RequestID: 1e973501-3402-4d9f-afd8-84c34fe75066, api error InsufficientCidrBlocks: The specified subnet does not have enough free cidr blocks to satisfy the request."}
{"level":"debug","ts":"2026-10-05T08:39:56.795Z","caller":"ipamd/ipamd.go:1262","msg":"Insufficient IP Addresses due to: InsufficientCidrBlocks\n"}
{"level":"debug","ts":"2026-10-05T08:39:56.795Z","caller":"ipamd/ipamd.go:1003","msg":"hasRoomForEni: networkCard=0, currentENIs=1, currentUsableENIs=1, maxENI=3, unmanagedENI=0, trunkEni=0, excludedENI=0, hasRoom=true"}
{"level":"debug","ts":"2026-10-05T08:39:56.795Z","caller":"ipamd/ipamd.go:2758","msg":"Prefix target is 1, short of 1 prefixes, free 0 prefixes"}
{"level":"debug","ts":"2026-10-05T08:39:56.795Z","caller":"ipamd/ipamd.go:2595","msg":"ToAllocate: 1, Network Card 0"}
{"level":"info","ts":"2026-10-05T08:39:56.795Z","caller":"awsutils/awsutils.go:1044","msg":"Trying to allocate 1 IP addresses on new ENI"}
{"level":"debug","ts":"2026-10-05T08:39:56.795Z","caller":"awsutils/awsutils.go:1044","msg":"PD enabled - true"}
{"level":"debug","ts":"2026-10-05T08:39:56.997Z","caller":"awsutils/awsutils.go:1272","msg":"Primary subnet subnet-EXAMPLE4 has no kubernetes.io/role/cni tag, including it for ENI creation (backwards compatibility)"}
{"level":"info","ts":"2026-10-05T08:39:56.997Z","caller":"awsutils/awsutils.go:1044","msg":"Creating ENI with security groups: [sg-EXAMPLE1] in subnet: subnet-EXAMPLE4"}
{"level":"debug","ts":"2026-10-05T08:39:57.235Z","caller":"awsutils/awsutils.go:1449","msg":"checkAPIErrorAndBroadcastEvent resulted in operation error EC2: CreateNetworkInterface, https response error StatusCode: 400, RequestID: f5c1282e-18c6-46f4-b452-20a65704af59, api error InvalidParameterValue: There aren't sufficient free Ipv4 addresses or prefixes"}
{"level":"error","ts":"2026-10-05T08:39:57.235Z","caller":"awsutils/awsutils.go:1285","msg":"Failed to CreateNetworkInterface operation error EC2: CreateNetworkInterface, https response error StatusCode: 400, RequestID: f5c1282e-18c6-46f4-b452-20a65704af59, api error InvalidParameterValue: There aren't sufficient free Ipv4 addresses or prefixes for subnet subnet-EXAMPLE4"}
{"level":"debug","ts":"2026-10-05T08:39:57.235Z","caller":"awsutils/awsutils.go:1272","msg":"Subnet subnet-EXAMPLE3 has no kubernetes.io/role/cni tag, excluding it from ENI creation"}
{"level":"error","ts":"2026-10-05T08:39:57.235Z","caller":"ipamd/ipamd.go:1004","msg":"Failed to increase pool size due to not able to allocate ENI AllocENI: failed to create ENI: failed to create network interface: operation error EC2: CreateNetworkInterface, https response error StatusCode: 400, RequestID: f5c1282e-18c6-46f4-b452-20a65704af59, api error InvalidParameterValue: There aren't sufficient free Ipv4 addresses or prefixes"}
{"level":"warn","ts":"2026-10-05T08:39:57.235Z","caller":"ipamd/ipamd.go:1004","msg":"Failed to allocate 1 IP addresses on an ENI: AllocENI: failed to create ENI: failed to create network interface: operation error EC2: CreateNetworkInterface, https response error StatusCode: 400, RequestID: f5c1282e-18c6-46f4-b452-20a65704af59, api error InvalidParameterValue: There aren't sufficient free Ipv4 addresses or prefixes"}
{"level":"debug","ts":"2026-10-05T08:39:57.235Z","caller":"ipamd/ipamd.go:1082","msg":"containsInsufficientCIDRsOrSubnetIPs encountered AllocENI: failed to create ENI: failed to create network interface: operation error EC2: CreateNetworkInterface, https response error StatusCode: 400, RequestID: f5c1282e-18c6-46f4-b452-20a65704af59, api error InvalidParameterValue: There aren't sufficient free Ipv4 addresses or prefixes"}
{"level":"debug","ts":"2026-10-05T08:39:57.235Z","caller":"ipamd/ipamd.go:1082","msg":"Insufficient IP Addresses due to: InvalidParameterValue\n"}
{"level":"debug","ts":"2026-10-05T08:39:57.235Z","caller":"ipamd/ipamd.go:813","msg":"Error trying to allocate ENI: AllocENI: failed to create ENI: failed to create network interface: operation error EC2: CreateNetworkInterface, https response error StatusCode: 400, RequestID: f5c1282e-18c6-46f4-b452-20a65704af59, api error InvalidParameterValue: There aren't sufficient free Ipv4 addresses or prefixes"}
{"level":"debug","ts":"2026-10-05T08:39:57.235Z","caller":"ipamd/ipamd.go:1548","msg":"ENI eni-EXAMPLE20 cannot be deleted because it is primary"}
{"level":"debug","ts":"2026-10-05T08:40:02.235Z","caller":"ipamd/ipamd.go:809","msg":"IP pool is too low for Network Card 0: available (0) < ENI target (1) * addrsPerENI (16)"}
{"level":"debug","ts":"2026-10-05T08:40:02.236Z","caller":"ipamd/ipamd.go:2689","msg":"Prefix pool stats for network card 0: Total IPs/Prefixes = 0/0, AssignedIPs/CooldownIPs: 0/0, c.maxIPsPerENI = 80"}
{"level":"debug","ts":"2026-10-05T08:40:02.236Z","caller":"ipamd/ipamd.go:795","msg":"IP stats for Network Card 0 - total IPs: 0, assigned IPs: 0, cooldown IPs: 0"}
{"level":"debug","ts":"2026-10-05T08:40:02.236Z","caller":"ipamd/ipamd.go:813","msg":"Starting to increase pool size for network card 0"}
{"level":"debug","ts":"2026-10-05T08:40:02.236Z","caller":"ipamd/ipamd.go:966","msg":"Node found \"ip-10-20-0-29.ec2.internal\" - no of taints - 0"}
{"level":"debug","ts":"2026-10-05T08:40:02.236Z","caller":"ipamd/ipamd.go:2758","msg":"Prefix target is 1, short of 1 prefixes, free 0 prefixes"}
{"level":"debug","ts":"2026-10-05T08:40:02.236Z","caller":"ipamd/ipamd.go:1248","msg":"ToAllocate: 1, Network Card 0"}
{"level":"debug","ts":"2026-10-05T08:40:02.236Z","caller":"ipamd/ipamd.go:1251","msg":"Found ENI eni-EXAMPLE20 that has less than the maximum number of IP/Prefixes addresses allocated: cur=0, max=5"}
{"level":"info","ts":"2026-10-05T08:40:02.236Z","caller":"ipamd/ipamd.go:1255","msg":"Trying to allocate 1 IP addresses on ENI eni-EXAMPLE20"}
{"level":"debug","ts":"2026-10-05T08:40:02.236Z","caller":"ipamd/ipamd.go:1255","msg":"PD enabled - true"}
{"level":"debug","ts":"2026-10-05T08:40:02.688Z","caller":"awsutils/awsutils.go:2174","msg":"checkAPIErrorAndBroadcastEvent resulted in operation error EC2: AssignPrivateIpAddresses, https response error StatusCode: 400, RequestID: 412ab120-4222-4191-876c-c248c79540e4, api error InsufficientCidrBlocks: The specified subnet does not have enough free cidr blocks to satisfy the request."}
{"level":"error","ts":"2026-10-05T08:40:02.688Z","caller":"ipamd/ipamd.go:1255","msg":"Failed to allocate a private IP/Prefix addresses on ENI eni-EXAMPLE20: operation error EC2: AssignPrivateIpAddresses, https response error StatusCode: 400, RequestID: 412ab120-4222-4191-876c-c248c79540e4, api error InsufficientCidrBlocks: The specified subnet does not have enough free cidr blocks to satisfy the request."}
{"level":"debug","ts":"2026-10-05T08:40:02.688Z","caller":"ipamd/ipamd.go:1256","msg":"containsPrivateIPAddressLimitExceededError encountered operation error EC2: AssignPrivateIpAddresses, https response error StatusCode: 400, RequestID: 412ab120-4222-4191-876c-c248c79540e4, api error InsufficientCidrBlocks: The specified subnet does not have enough free cidr blocks to satisfy the request."}
{"level":"warn","ts":"2026-10-05T08:40:02.688Z","caller":"ipamd/ipamd.go:1113","msg":"failed to allocate all available IPv4 Prefixes on ENI eni-EXAMPLE20, err: operation error EC2: AssignPrivateIpAddresses, https response error StatusCode: 400, RequestID: 412ab120-4222-4191-876c-c248c79540e4, api error InsufficientCidrBlocks: The specified subnet does not have enough free cidr blocks to satisfy the request."}
{"level":"info","ts":"2026-10-05T08:40:02.688Z","caller":"ipamd/ipamd.go:1259","msg":"Trying to allocate 1 IP addresses on ENI eni-EXAMPLE20"}
{"level":"debug","ts":"2026-10-05T08:40:02.688Z","caller":"ipamd/ipamd.go:1259","msg":"PD enabled - true"}
{"level":"debug","ts":"2026-10-05T08:40:03.110Z","caller":"awsutils/awsutils.go:2174","msg":"checkAPIErrorAndBroadcastEvent resulted in operation error EC2: AssignPrivateIpAddresses, https response error StatusCode: 400, RequestID: 406e324e-35af-4f64-be14-ac15130b7846, api error InsufficientCidrBlocks: The specified subnet does not have enough free cidr blocks to satisfy the request."}
{"level":"error","ts":"2026-10-05T08:40:03.110Z","caller":"ipamd/ipamd.go:1259","msg":"Failed to allocate a private IP/Prefix addresses on ENI eni-EXAMPLE20: operation error EC2: AssignPrivateIpAddresses, https response error StatusCode: 400, RequestID: 406e324e-35af-4f64-be14-ac15130b7846, api error InsufficientCidrBlocks: The specified subnet does not have enough free cidr blocks to satisfy the request."}
{"level":"debug","ts":"2026-10-05T08:40:03.110Z","caller":"ipamd/ipamd.go:1260","msg":"containsPrivateIPAddressLimitExceededError encountered operation error EC2: AssignPrivateIpAddresses, https response error StatusCode: 400, RequestID: 406e324e-35af-4f64-be14-ac15130b7846, api error InsufficientCidrBlocks: The specified subnet does not have enough free cidr blocks to satisfy the request."}
{"level":"debug","ts":"2026-10-05T08:40:03.110Z","caller":"ipamd/ipamd.go:1262","msg":"containsInsufficientCIDRsOrSubnetIPs encountered operation error EC2: AssignPrivateIpAddresses, https response error StatusCode: 400, RequestID: 406e324e-35af-4f64-be14-ac15130b7846, api error InsufficientCidrBlocks: The specified subnet does not have enough free cidr blocks to satisfy the request."}
{"level":"debug","ts":"2026-10-05T08:40:03.110Z","caller":"ipamd/ipamd.go:1262","msg":"Insufficient IP Addresses due to: InsufficientCidrBlocks\n"}
{"level":"debug","ts":"2026-10-05T08:40:03.110Z","caller":"ipamd/ipamd.go:1003","msg":"hasRoomForEni: networkCard=0, currentENIs=1, currentUsableENIs=1, maxENI=3, unmanagedENI=0, trunkEni=0, excludedENI=0, hasRoom=true"}
{"level":"debug","ts":"2026-10-05T08:40:03.110Z","caller":"ipamd/ipamd.go:2758","msg":"Prefix target is 1, short of 1 prefixes, free 0 prefixes"}
{"level":"debug","ts":"2026-10-05T08:40:03.110Z","caller":"ipamd/ipamd.go:2595","msg":"ToAllocate: 1, Network Card 0"}
{"level":"info","ts":"2026-10-05T08:40:03.110Z","caller":"awsutils/awsutils.go:1044","msg":"Trying to allocate 1 IP addresses on new ENI"}
{"level":"debug","ts":"2026-10-05T08:40:03.110Z","caller":"awsutils/awsutils.go:1044","msg":"PD enabled - true"}
{"level":"debug","ts":"2026-10-05T08:40:03.293Z","caller":"awsutils/awsutils.go:1272","msg":"Primary subnet subnet-EXAMPLE4 has no kubernetes.io/role/cni tag, including it for ENI creation (backwards compatibility)"}
{"level":"info","ts":"2026-10-05T08:40:03.293Z","caller":"awsutils/awsutils.go:1044","msg":"Creating ENI with security groups: [sg-EXAMPLE1] in subnet: subnet-EXAMPLE4"}
{"level":"debug","ts":"2026-10-05T08:40:03.529Z","caller":"awsutils/awsutils.go:1449","msg":"checkAPIErrorAndBroadcastEvent resulted in operation error EC2: CreateNetworkInterface, https response error StatusCode: 400, RequestID: a962f3c8-8b3f-4eed-83f3-3fd4b73e0152, api error InvalidParameterValue: There aren't sufficient free Ipv4 addresses or prefixes"}
{"level":"error","ts":"2026-10-05T08:40:03.529Z","caller":"awsutils/awsutils.go:1285","msg":"Failed to CreateNetworkInterface operation error EC2: CreateNetworkInterface, https response error StatusCode: 400, RequestID: a962f3c8-8b3f-4eed-83f3-3fd4b73e0152, api error InvalidParameterValue: There aren't sufficient free Ipv4 addresses or prefixes for subnet subnet-EXAMPLE4"}
{"level":"debug","ts":"2026-10-05T08:40:03.529Z","caller":"awsutils/awsutils.go:1272","msg":"Subnet subnet-EXAMPLE3 has no kubernetes.io/role/cni tag, excluding it from ENI creation"}
{"level":"error","ts":"2026-10-05T08:40:03.529Z","caller":"ipamd/ipamd.go:1004","msg":"Failed to increase pool size due to not able to allocate ENI AllocENI: failed to create ENI: failed to create network interface: operation error EC2: CreateNetworkInterface, https response error StatusCode: 400, RequestID: a962f3c8-8b3f-4eed-83f3-3fd4b73e0152, api error InvalidParameterValue: There aren't sufficient free Ipv4 addresses or prefixes"}
{"level":"warn","ts":"2026-10-05T08:40:03.529Z","caller":"ipamd/ipamd.go:1004","msg":"Failed to allocate 1 IP addresses on an ENI: AllocENI: failed to create ENI: failed to create network interface: operation error EC2: CreateNetworkInterface, https response error StatusCode: 400, RequestID: a962f3c8-8b3f-4eed-83f3-3fd4b73e0152, api error InvalidParameterValue: There aren't sufficient free Ipv4 addresses or prefixes"}
{"level":"debug","ts":"2026-10-05T08:40:03.529Z","caller":"ipamd/ipamd.go:1082","msg":"containsInsufficientCIDRsOrSubnetIPs encountered AllocENI: failed to create ENI: failed to create network interface: operation error EC2: CreateNetworkInterface, https response error StatusCode: 400, RequestID: a962f3c8-8b3f-4eed-83f3-3fd4b73e0152, api error InvalidParameterValue: There aren't sufficient free Ipv4 addresses or prefixes"}
{"level":"debug","ts":"2026-10-05T08:40:03.529Z","caller":"ipamd/ipamd.go:1082","msg":"Insufficient IP Addresses due to: InvalidParameterValue\n"}
{"level":"debug","ts":"2026-10-05T08:40:03.529Z","caller":"ipamd/ipamd.go:813","msg":"Error trying to allocate ENI: AllocENI: failed to create ENI: failed to create network interface: operation error EC2: CreateNetworkInterface, https response error StatusCode: 400, RequestID: a962f3c8-8b3f-4eed-83f3-3fd4b73e0152, api error InvalidParameterValue: There aren't sufficient free Ipv4 addresses or prefixes"}
{"level":"debug","ts":"2026-10-05T08:40:03.529Z","caller":"ipamd/ipamd.go:1548","msg":"ENI eni-EXAMPLE20 cannot be deleted because it is primary"}
{"level":"debug","ts":"2026-10-05T08:40:08.530Z","caller":"ipamd/ipamd.go:809","msg":"IP pool is too low for Network Card 0: available (0) < ENI target (1) * addrsPerENI (16)"}
{"level":"debug","ts":"2026-10-05T08:40:08.531Z","caller":"ipamd/ipamd.go:2689","msg":"Prefix pool stats for network card 0: Total IPs/Prefixes = 0/0, AssignedIPs/CooldownIPs: 0/0, c.maxIPsPerENI = 80"}
{"level":"debug","ts":"2026-10-05T08:40:08.531Z","caller":"ipamd/ipamd.go:795","msg":"IP stats for Network Card 0 - total IPs: 0, assigned IPs: 0, cooldown IPs: 0"}
{"level":"debug","ts":"2026-10-05T08:40:08.531Z","caller":"ipamd/ipamd.go:813","msg":"Starting to increase pool size for network card 0"}
{"level":"debug","ts":"2026-10-05T08:40:08.532Z","caller":"ipamd/ipamd.go:966","msg":"Node found \"ip-10-20-0-29.ec2.internal\" - no of taints - 0"}
{"level":"debug","ts":"2026-10-05T08:40:08.532Z","caller":"ipamd/ipamd.go:2758","msg":"Prefix target is 1, short of 1 prefixes, free 0 prefixes"}
{"level":"debug","ts":"2026-10-05T08:40:08.532Z","caller":"ipamd/ipamd.go:1248","msg":"ToAllocate: 1, Network Card 0"}
{"level":"debug","ts":"2026-10-05T08:40:08.532Z","caller":"ipamd/ipamd.go:1251","msg":"Found ENI eni-EXAMPLE20 that has less than the maximum number of IP/Prefixes addresses allocated: cur=0, max=5"}
{"level":"info","ts":"2026-10-05T08:40:08.532Z","caller":"ipamd/ipamd.go:1255","msg":"Trying to allocate 1 IP addresses on ENI eni-EXAMPLE20"}
{"level":"debug","ts":"2026-10-05T08:40:08.532Z","caller":"ipamd/ipamd.go:1255","msg":"PD enabled - true"}
{"level":"debug","ts":"2026-10-05T08:40:09.001Z","caller":"awsutils/awsutils.go:2174","msg":"checkAPIErrorAndBroadcastEvent resulted in operation error EC2: AssignPrivateIpAddresses, https response error StatusCode: 400, RequestID: be90a610-0889-4185-a1af-048bf8a50ffb, api error InsufficientCidrBlocks: The specified subnet does not have enough free cidr blocks to satisfy the request."}
{"level":"error","ts":"2026-10-05T08:40:09.001Z","caller":"ipamd/ipamd.go:1255","msg":"Failed to allocate a private IP/Prefix addresses on ENI eni-EXAMPLE20: operation error EC2: AssignPrivateIpAddresses, https response error StatusCode: 400, RequestID: be90a610-0889-4185-a1af-048bf8a50ffb, api error InsufficientCidrBlocks: The specified subnet does not have enough free cidr blocks to satisfy the request."}
{"level":"debug","ts":"2026-10-05T08:40:09.001Z","caller":"ipamd/ipamd.go:1256","msg":"containsPrivateIPAddressLimitExceededError encountered operation error EC2: AssignPrivateIpAddresses, https response error StatusCode: 400, RequestID: be90a610-0889-4185-a1af-048bf8a50ffb, api error InsufficientCidrBlocks: The specified subnet does not have enough free cidr blocks to satisfy the request."}
{"level":"warn","ts":"2026-10-05T08:40:09.001Z","caller":"ipamd/ipamd.go:1113","msg":"failed to allocate all available IPv4 Prefixes on ENI eni-EXAMPLE20, err: operation error EC2: AssignPrivateIpAddresses, https response error StatusCode: 400, RequestID: be90a610-0889-4185-a1af-048bf8a50ffb, api error InsufficientCidrBlocks: The specified subnet does not have enough free cidr blocks to satisfy the request."}
{"level":"info","ts":"2026-10-05T08:40:09.001Z","caller":"ipamd/ipamd.go:1259","msg":"Trying to allocate 1 IP addresses on ENI eni-EXAMPLE20"}
{"level":"debug","ts":"2026-10-05T08:40:09.001Z","caller":"ipamd/ipamd.go:1259","msg":"PD enabled - true"}
{"level":"debug","ts":"2026-10-05T08:40:09.446Z","caller":"awsutils/awsutils.go:2174","msg":"checkAPIErrorAndBroadcastEvent resulted in operation error EC2: AssignPrivateIpAddresses, https response error StatusCode: 400, RequestID: 8c198cca-42b5-44c7-a032-84cc679ff9a7, api error InsufficientCidrBlocks: The specified subnet does not have enough free cidr blocks to satisfy the request."}
{"level":"error","ts":"2026-10-05T08:40:09.446Z","caller":"ipamd/ipamd.go:1259","msg":"Failed to allocate a private IP/Prefix addresses on ENI eni-EXAMPLE20: operation error EC2: AssignPrivateIpAddresses, https response error StatusCode: 400, RequestID: 8c198cca-42b5-44c7-a032-84cc679ff9a7, api error InsufficientCidrBlocks: The specified subnet does not have enough free cidr blocks to satisfy the request."}
{"level":"debug","ts":"2026-10-05T08:40:09.446Z","caller":"ipamd/ipamd.go:1260","msg":"containsPrivateIPAddressLimitExceededError encountered operation error EC2: AssignPrivateIpAddresses, https response error StatusCode: 400, RequestID: 8c198cca-42b5-44c7-a032-84cc679ff9a7, api error InsufficientCidrBlocks: The specified subnet does not have enough free cidr blocks to satisfy the request."}
{"level":"debug","ts":"2026-10-05T08:40:09.446Z","caller":"ipamd/ipamd.go:1262","msg":"containsInsufficientCIDRsOrSubnetIPs encountered operation error EC2: AssignPrivateIpAddresses, https response error StatusCode: 400, RequestID: 8c198cca-42b5-44c7-a032-84cc679ff9a7, api error InsufficientCidrBlocks: The specified subnet does not have enough free cidr blocks to satisfy the request."}
{"level":"debug","ts":"2026-10-05T08:40:09.446Z","caller":"ipamd/ipamd.go:1262","msg":"Insufficient IP Addresses due to: InsufficientCidrBlocks\n"}
{"level":"debug","ts":"2026-10-05T08:40:09.446Z","caller":"ipamd/ipamd.go:1003","msg":"hasRoomForEni: networkCard=0, currentENIs=1, currentUsableENIs=1, maxENI=3, unmanagedENI=0, trunkEni=0, excludedENI=0, hasRoom=true"}
{"level":"debug","ts":"2026-10-05T08:40:09.446Z","caller":"ipamd/ipamd.go:2758","msg":"Prefix target is 1, short of 1 prefixes, free 0 prefixes"}
{"level":"debug","ts":"2026-10-05T08:40:09.446Z","caller":"ipamd/ipamd.go:2595","msg":"ToAllocate: 1, Network Card 0"}
{"level":"info","ts":"2026-10-05T08:40:09.446Z","caller":"awsutils/awsutils.go:1044","msg":"Trying to allocate 1 IP addresses on new ENI"}
{"level":"debug","ts":"2026-10-05T08:40:09.446Z","caller":"awsutils/awsutils.go:1044","msg":"PD enabled - true"}
{"level":"debug","ts":"2026-10-05T08:40:09.520Z","caller":"awsutils/awsutils.go:1272","msg":"Primary subnet subnet-EXAMPLE4 has no kubernetes.io/role/cni tag, including it for ENI creation (backwards compatibility)"}
{"level":"info","ts":"2026-10-05T08:40:09.520Z","caller":"awsutils/awsutils.go:1044","msg":"Creating ENI with security groups: [sg-EXAMPLE1] in subnet: subnet-EXAMPLE4"}
{"level":"debug","ts":"2026-10-05T08:40:09.689Z","caller":"awsutils/awsutils.go:1449","msg":"checkAPIErrorAndBroadcastEvent resulted in operation error EC2: CreateNetworkInterface, https response error StatusCode: 400, RequestID: d2ac718c-ecc4-40a5-b743-1b9c6c9c1e82, api error InvalidParameterValue: There aren't sufficient free Ipv4 addresses or prefixes"}
{"level":"error","ts":"2026-10-05T08:40:09.689Z","caller":"awsutils/awsutils.go:1285","msg":"Failed to CreateNetworkInterface operation error EC2: CreateNetworkInterface, https response error StatusCode: 400, RequestID: d2ac718c-ecc4-40a5-b743-1b9c6c9c1e82, api error InvalidParameterValue: There aren't sufficient free Ipv4 addresses or prefixes for subnet subnet-EXAMPLE4"}
{"level":"debug","ts":"2026-10-05T08:40:09.690Z","caller":"awsutils/awsutils.go:1272","msg":"Subnet subnet-EXAMPLE3 has no kubernetes.io/role/cni tag, excluding it from ENI creation"}
{"level":"error","ts":"2026-10-05T08:40:09.690Z","caller":"ipamd/ipamd.go:1004","msg":"Failed to increase pool size due to not able to allocate ENI AllocENI: failed to create ENI: failed to create network interface: operation error EC2: CreateNetworkInterface, https response error StatusCode: 400, RequestID: d2ac718c-ecc4-40a5-b743-1b9c6c9c1e82, api error InvalidParameterValue: There aren't sufficient free Ipv4 addresses or prefixes"}
{"level":"warn","ts":"2026-10-05T08:40:09.690Z","caller":"ipamd/ipamd.go:1004","msg":"Failed to allocate 1 IP addresses on an ENI: AllocENI: failed to create ENI: failed to create network interface: operation error EC2: CreateNetworkInterface, https response error StatusCode: 400, RequestID: d2ac718c-ecc4-40a5-b743-1b9c6c9c1e82, api error InvalidParameterValue: There aren't sufficient free Ipv4 addresses or prefixes"}
{"level":"debug","ts":"2026-10-05T08:40:09.690Z","caller":"ipamd/ipamd.go:1082","msg":"containsInsufficientCIDRsOrSubnetIPs encountered AllocENI: failed to create ENI: failed to create network interface: operation error EC2: CreateNetworkInterface, https response error StatusCode: 400, RequestID: d2ac718c-ecc4-40a5-b743-1b9c6c9c1e82, api error InvalidParameterValue: There aren't sufficient free Ipv4 addresses or prefixes"}
{"level":"debug","ts":"2026-10-05T08:40:09.690Z","caller":"ipamd/ipamd.go:1082","msg":"Insufficient IP Addresses due to: InvalidParameterValue\n"}
{"level":"debug","ts":"2026-10-05T08:40:09.691Z","caller":"ipamd/ipamd.go:813","msg":"Error trying to allocate ENI: AllocENI: failed to create ENI: failed to create network interface: operation error EC2: CreateNetworkInterface, https response error StatusCode: 400, RequestID: d2ac718c-ecc4-40a5-b743-1b9c6c9c1e82, api error InvalidParameterValue: There aren't sufficient free Ipv4 addresses or prefixes"}
{"level":"debug","ts":"2026-10-05T08:40:09.691Z","caller":"ipamd/ipamd.go:1548","msg":"ENI eni-EXAMPLE20 cannot be deleted because it is primary"}
{"level":"debug","ts":"2026-10-05T08:40:14.692Z","caller":"ipamd/ipamd.go:809","msg":"IP pool is too low for Network Card 0: available (0) < ENI target (1) * addrsPerENI (16)"}
{"level":"debug","ts":"2026-10-05T08:40:14.693Z","caller":"ipamd/ipamd.go:2689","msg":"Prefix pool stats for network card 0: Total IPs/Prefixes = 0/0, AssignedIPs/CooldownIPs: 0/0, c.maxIPsPerENI = 80"}
{"level":"debug","ts":"2026-10-05T08:40:14.693Z","caller":"ipamd/ipamd.go:795","msg":"IP stats for Network Card 0 - total IPs: 0, assigned IPs: 0, cooldown IPs: 0"}
{"level":"debug","ts":"2026-10-05T08:40:14.693Z","caller":"ipamd/ipamd.go:813","msg":"Starting to increase pool size for network card 0"}
{"level":"debug","ts":"2026-10-05T08:40:14.693Z","caller":"ipamd/ipamd.go:966","msg":"Node found \"ip-10-20-0-29.ec2.internal\" - no of taints - 0"}
{"level":"debug","ts":"2026-10-05T08:40:14.693Z","caller":"ipamd/ipamd.go:2758","msg":"Prefix target is 1, short of 1 prefixes, free 0 prefixes"}
{"level":"debug","ts":"2026-10-05T08:40:14.693Z","caller":"ipamd/ipamd.go:1248","msg":"ToAllocate: 1, Network Card 0"}
{"level":"debug","ts":"2026-10-05T08:40:14.693Z","caller":"ipamd/ipamd.go:1251","msg":"Found ENI eni-EXAMPLE20 that has less than the maximum number of IP/Prefixes addresses allocated: cur=0, max=5"}
{"level":"info","ts":"2026-10-05T08:40:14.693Z","caller":"ipamd/ipamd.go:1255","msg":"Trying to allocate 1 IP addresses on ENI eni-EXAMPLE20"}
{"level":"debug","ts":"2026-10-05T08:40:14.693Z","caller":"ipamd/ipamd.go:1255","msg":"PD enabled - true"}
{"level":"debug","ts":"2026-10-05T08:40:15.101Z","caller":"awsutils/awsutils.go:2174","msg":"checkAPIErrorAndBroadcastEvent resulted in operation error EC2: AssignPrivateIpAddresses, https response error StatusCode: 400, RequestID: 045a9d5f-f7a4-4cb1-aea9-8c80e075d9a7, api error InsufficientCidrBlocks: The specified subnet does not have enough free cidr blocks to satisfy the request."}
{"level":"error","ts":"2026-10-05T08:40:15.101Z","caller":"ipamd/ipamd.go:1255","msg":"Failed to allocate a private IP/Prefix addresses on ENI eni-EXAMPLE20: operation error EC2: AssignPrivateIpAddresses, https response error StatusCode: 400, RequestID: 045a9d5f-f7a4-4cb1-aea9-8c80e075d9a7, api error InsufficientCidrBlocks: The specified subnet does not have enough free cidr blocks to satisfy the request."}
{"level":"debug","ts":"2026-10-05T08:40:15.101Z","caller":"ipamd/ipamd.go:1256","msg":"containsPrivateIPAddressLimitExceededError encountered operation error EC2: AssignPrivateIpAddresses, https response error StatusCode: 400, RequestID: 045a9d5f-f7a4-4cb1-aea9-8c80e075d9a7, api error InsufficientCidrBlocks: The specified subnet does not have enough free cidr blocks to satisfy the request."}
{"level":"warn","ts":"2026-10-05T08:40:15.101Z","caller":"ipamd/ipamd.go:1113","msg":"failed to allocate all available IPv4 Prefixes on ENI eni-EXAMPLE20, err: operation error EC2: AssignPrivateIpAddresses, https response error StatusCode: 400, RequestID: 045a9d5f-f7a4-4cb1-aea9-8c80e075d9a7, api error InsufficientCidrBlocks: The specified subnet does not have enough free cidr blocks to satisfy the request."}
{"level":"info","ts":"2026-10-05T08:40:15.101Z","caller":"ipamd/ipamd.go:1259","msg":"Trying to allocate 1 IP addresses on ENI eni-EXAMPLE20"}
{"level":"debug","ts":"2026-10-05T08:40:15.101Z","caller":"ipamd/ipamd.go:1259","msg":"PD enabled - true"}
{"level":"debug","ts":"2026-10-05T08:40:15.558Z","caller":"awsutils/awsutils.go:2174","msg":"checkAPIErrorAndBroadcastEvent resulted in operation error EC2: AssignPrivateIpAddresses, https response error StatusCode: 400, RequestID: 2edb1e29-22e9-461c-a8e3-aaab162d38dd, api error InsufficientCidrBlocks: The specified subnet does not have enough free cidr blocks to satisfy the request."}
{"level":"error","ts":"2026-10-05T08:40:15.558Z","caller":"ipamd/ipamd.go:1259","msg":"Failed to allocate a private IP/Prefix addresses on ENI eni-EXAMPLE20: operation error EC2: AssignPrivateIpAddresses, https response error StatusCode: 400, RequestID: 2edb1e29-22e9-461c-a8e3-aaab162d38dd, api error InsufficientCidrBlocks: The specified subnet does not have enough free cidr blocks to satisfy the request."}
{"level":"debug","ts":"2026-10-05T08:40:15.558Z","caller":"ipamd/ipamd.go:1260","msg":"containsPrivateIPAddressLimitExceededError encountered operation error EC2: AssignPrivateIpAddresses, https response error StatusCode: 400, RequestID: 2edb1e29-22e9-461c-a8e3-aaab162d38dd, api error InsufficientCidrBlocks: The specified subnet does not have enough free cidr blocks to satisfy the request."}
{"level":"debug","ts":"2026-10-05T08:40:15.558Z","caller":"ipamd/ipamd.go:1262","msg":"containsInsufficientCIDRsOrSubnetIPs encountered operation error EC2: AssignPrivateIpAddresses, https response error StatusCode: 400, RequestID: 2edb1e29-22e9-461c-a8e3-aaab162d38dd, api error InsufficientCidrBlocks: The specified subnet does not have enough free cidr blocks to satisfy the request."}
{"level":"debug","ts":"2026-10-05T08:40:15.558Z","caller":"ipamd/ipamd.go:1262","msg":"Insufficient IP Addresses due to: InsufficientCidrBlocks\n"}
{"level":"debug","ts":"2026-10-05T08:40:15.558Z","caller":"ipamd/ipamd.go:1003","msg":"hasRoomForEni: networkCard=0, currentENIs=1, currentUsableENIs=1, maxENI=3, unmanagedENI=0, trunkEni=0, excludedENI=0, hasRoom=true"}
{"level":"debug","ts":"2026-10-05T08:40:15.558Z","caller":"ipamd/ipamd.go:2758","msg":"Prefix target is 1, short of 1 prefixes, free 0 prefixes"}
{"level":"debug","ts":"2026-10-05T08:40:15.558Z","caller":"ipamd/ipamd.go:2595","msg":"ToAllocate: 1, Network Card 0"}
{"level":"info","ts":"2026-10-05T08:40:15.558Z","caller":"awsutils/awsutils.go:1044","msg":"Trying to allocate 1 IP addresses on new ENI"}
{"level":"debug","ts":"2026-10-05T08:40:15.558Z","caller":"awsutils/awsutils.go:1044","msg":"PD enabled - true"}
{"level":"debug","ts":"2026-10-05T08:40:15.784Z","caller":"awsutils/awsutils.go:1272","msg":"Primary subnet subnet-EXAMPLE4 has no kubernetes.io/role/cni tag, including it for ENI creation (backwards compatibility)"}
{"level":"info","ts":"2026-10-05T08:40:15.784Z","caller":"awsutils/awsutils.go:1044","msg":"Creating ENI with security groups: [sg-EXAMPLE1] in subnet: subnet-EXAMPLE4"}
{"level":"debug","ts":"2026-10-05T08:40:16.053Z","caller":"awsutils/awsutils.go:1449","msg":"checkAPIErrorAndBroadcastEvent resulted in operation error EC2: CreateNetworkInterface, https response error StatusCode: 400, RequestID: 925981ea-7ee0-4f9a-9451-bdedd62d6ae0, api error InvalidParameterValue: There aren't sufficient free Ipv4 addresses or prefixes"}
{"level":"error","ts":"2026-10-05T08:40:16.053Z","caller":"awsutils/awsutils.go:1285","msg":"Failed to CreateNetworkInterface operation error EC2: CreateNetworkInterface, https response error StatusCode: 400, RequestID: 925981ea-7ee0-4f9a-9451-bdedd62d6ae0, api error InvalidParameterValue: There aren't sufficient free Ipv4 addresses or prefixes for subnet subnet-EXAMPLE4"}
{"level":"debug","ts":"2026-10-05T08:40:16.053Z","caller":"awsutils/awsutils.go:1272","msg":"Subnet subnet-EXAMPLE3 has no kubernetes.io/role/cni tag, excluding it from ENI creation"}
{"level":"error","ts":"2026-10-05T08:40:16.053Z","caller":"ipamd/ipamd.go:1004","msg":"Failed to increase pool size due to not able to allocate ENI AllocENI: failed to create ENI: failed to create network interface: operation error EC2: CreateNetworkInterface, https response error StatusCode: 400, RequestID: 925981ea-7ee0-4f9a-9451-bdedd62d6ae0, api error InvalidParameterValue: There aren't sufficient free Ipv4 addresses or prefixes"}
{"level":"warn","ts":"2026-10-05T08:40:16.053Z","caller":"ipamd/ipamd.go:1004","msg":"Failed to allocate 1 IP addresses on an ENI: AllocENI: failed to create ENI: failed to create network interface: operation error EC2: CreateNetworkInterface, https response error StatusCode: 400, RequestID: 925981ea-7ee0-4f9a-9451-bdedd62d6ae0, api error InvalidParameterValue: There aren't sufficient free Ipv4 addresses or prefixes"}
{"level":"debug","ts":"2026-10-05T08:40:16.053Z","caller":"ipamd/ipamd.go:1082","msg":"containsInsufficientCIDRsOrSubnetIPs encountered AllocENI: failed to create ENI: failed to create network interface: operation error EC2: CreateNetworkInterface, https response error StatusCode: 400, RequestID: 925981ea-7ee0-4f9a-9451-bdedd62d6ae0, api error InvalidParameterValue: There aren't sufficient free Ipv4 addresses or prefixes"}
{"level":"debug","ts":"2026-10-05T08:40:16.053Z","caller":"ipamd/ipamd.go:1082","msg":"Insufficient IP Addresses due to: InvalidParameterValue\n"}
{"level":"debug","ts":"2026-10-05T08:40:16.053Z","caller":"ipamd/ipamd.go:813","msg":"Error trying to allocate ENI: AllocENI: failed to create ENI: failed to create network interface: operation error EC2: CreateNetworkInterface, https response error StatusCode: 400, RequestID: 925981ea-7ee0-4f9a-9451-bdedd62d6ae0, api error InvalidParameterValue: There aren't sufficient free Ipv4 addresses or prefixes"}
{"level":"debug","ts":"2026-10-05T08:40:16.053Z","caller":"ipamd/ipamd.go:1548","msg":"ENI eni-EXAMPLE20 cannot be deleted because it is primary"}
{"level":"debug","ts":"2026-10-05T08:40:21.053Z","caller":"ipamd/ipamd.go:809","msg":"IP pool is too low for Network Card 0: available (0) < ENI target (1) * addrsPerENI (16)"}
{"level":"debug","ts":"2026-10-05T08:40:21.053Z","caller":"ipamd/ipamd.go:2689","msg":"Prefix pool stats for network card 0: Total IPs/Prefixes = 0/0, AssignedIPs/CooldownIPs: 0/0, c.maxIPsPerENI = 80"}
{"level":"debug","ts":"2026-10-05T08:40:21.053Z","caller":"ipamd/ipamd.go:795","msg":"IP stats for Network Card 0 - total IPs: 0, assigned IPs: 0, cooldown IPs: 0"}
{"level":"debug","ts":"2026-10-05T08:40:21.053Z","caller":"ipamd/ipamd.go:813","msg":"Starting to increase pool size for network card 0"}
{"level":"debug","ts":"2026-10-05T08:40:21.054Z","caller":"ipamd/ipamd.go:966","msg":"Node found \"ip-10-20-0-29.ec2.internal\" - no of taints - 0"}
{"level":"debug","ts":"2026-10-05T08:40:21.054Z","caller":"ipamd/ipamd.go:2758","msg":"Prefix target is 1, short of 1 prefixes, free 0 prefixes"}
{"level":"debug","ts":"2026-10-05T08:40:21.054Z","caller":"ipamd/ipamd.go:1248","msg":"ToAllocate: 1, Network Card 0"}
{"level":"debug","ts":"2026-10-05T08:40:21.054Z","caller":"ipamd/ipamd.go:1251","msg":"Found ENI eni-EXAMPLE20 that has less than the maximum number of IP/Prefixes addresses allocated: cur=0, max=5"}
{"level":"info","ts":"2026-10-05T08:40:21.054Z","caller":"ipamd/ipamd.go:1255","msg":"Trying to allocate 1 IP addresses on ENI eni-EXAMPLE20"}
{"level":"debug","ts":"2026-10-05T08:40:21.054Z","caller":"ipamd/ipamd.go:1255","msg":"PD enabled - true"}
{"level":"debug","ts":"2026-10-05T08:40:21.658Z","caller":"awsutils/awsutils.go:2174","msg":"checkAPIErrorAndBroadcastEvent resulted in operation error EC2: AssignPrivateIpAddresses, https response error StatusCode: 400, RequestID: b6897d96-cd7e-47ad-90e8-070b5c3116c9, api error InsufficientCidrBlocks: The specified subnet does not have enough free cidr blocks to satisfy the request."}
{"level":"error","ts":"2026-10-05T08:40:21.658Z","caller":"ipamd/ipamd.go:1255","msg":"Failed to allocate a private IP/Prefix addresses on ENI eni-EXAMPLE20: operation error EC2: AssignPrivateIpAddresses, https response error StatusCode: 400, RequestID: b6897d96-cd7e-47ad-90e8-070b5c3116c9, api error InsufficientCidrBlocks: The specified subnet does not have enough free cidr blocks to satisfy the request."}
{"level":"debug","ts":"2026-10-05T08:40:21.658Z","caller":"ipamd/ipamd.go:1256","msg":"containsPrivateIPAddressLimitExceededError encountered operation error EC2: AssignPrivateIpAddresses, https response error StatusCode: 400, RequestID: b6897d96-cd7e-47ad-90e8-070b5c3116c9, api error InsufficientCidrBlocks: The specified subnet does not have enough free cidr blocks to satisfy the request."}
{"level":"warn","ts":"2026-10-05T08:40:21.658Z","caller":"ipamd/ipamd.go:1113","msg":"failed to allocate all available IPv4 Prefixes on ENI eni-EXAMPLE20, err: operation error EC2: AssignPrivateIpAddresses, https response error StatusCode: 400, RequestID: b6897d96-cd7e-47ad-90e8-070b5c3116c9, api error InsufficientCidrBlocks: The specified subnet does not have enough free cidr blocks to satisfy the request."}
{"level":"info","ts":"2026-10-05T08:40:21.658Z","caller":"ipamd/ipamd.go:1259","msg":"Trying to allocate 1 IP addresses on ENI eni-EXAMPLE20"}
{"level":"debug","ts":"2026-10-05T08:40:21.658Z","caller":"ipamd/ipamd.go:1259","msg":"PD enabled - true"}
{"level":"debug","ts":"2026-10-05T08:40:22.100Z","caller":"awsutils/awsutils.go:2174","msg":"checkAPIErrorAndBroadcastEvent resulted in operation error EC2: AssignPrivateIpAddresses, https response error StatusCode: 400, RequestID: 1aa464e5-5f27-4e19-9c2e-b28792e1faf5, api error InsufficientCidrBlocks: The specified subnet does not have enough free cidr blocks to satisfy the request."}
{"level":"error","ts":"2026-10-05T08:40:22.100Z","caller":"ipamd/ipamd.go:1259","msg":"Failed to allocate a private IP/Prefix addresses on ENI eni-EXAMPLE20: operation error EC2: AssignPrivateIpAddresses, https response error StatusCode: 400, RequestID: 1aa464e5-5f27-4e19-9c2e-b28792e1faf5, api error InsufficientCidrBlocks: The specified subnet does not have enough free cidr blocks to satisfy the request."}
{"level":"debug","ts":"2026-10-05T08:40:22.100Z","caller":"ipamd/ipamd.go:1260","msg":"containsPrivateIPAddressLimitExceededError encountered operation error EC2: AssignPrivateIpAddresses, https response error StatusCode: 400, RequestID: 1aa464e5-5f27-4e19-9c2e-b28792e1faf5, api error InsufficientCidrBlocks: The specified subnet does not have enough free cidr blocks to satisfy the request."}
{"level":"debug","ts":"2026-10-05T08:40:22.100Z","caller":"ipamd/ipamd.go:1262","msg":"containsInsufficientCIDRsOrSubnetIPs encountered operation error EC2: AssignPrivateIpAddresses, https response error StatusCode: 400, RequestID: 1aa464e5-5f27-4e19-9c2e-b28792e1faf5, api error InsufficientCidrBlocks: The specified subnet does not have enough free cidr blocks to satisfy the request."}
{"level":"debug","ts":"2026-10-05T08:40:22.100Z","caller":"ipamd/ipamd.go:1262","msg":"Insufficient IP Addresses due to: InsufficientCidrBlocks\n"}
{"level":"debug","ts":"2026-10-05T08:40:22.101Z","caller":"ipamd/ipamd.go:1003","msg":"hasRoomForEni: networkCard=0, currentENIs=1, currentUsableENIs=1, maxENI=3, unmanagedENI=0, trunkEni=0, excludedENI=0, hasRoom=true"}
{"level":"debug","ts":"2026-10-05T08:40:22.101Z","caller":"ipamd/ipamd.go:2758","msg":"Prefix target is 1, short of 1 prefixes, free 0 prefixes"}
{"level":"debug","ts":"2026-10-05T08:40:22.101Z","caller":"ipamd/ipamd.go:2595","msg":"ToAllocate: 1, Network Card 0"}
{"level":"info","ts":"2026-10-05T08:40:22.101Z","caller":"awsutils/awsutils.go:1044","msg":"Trying to allocate 1 IP addresses on new ENI"}
{"level":"debug","ts":"2026-10-05T08:40:22.101Z","caller":"awsutils/awsutils.go:1044","msg":"PD enabled - true"}
{"level":"debug","ts":"2026-10-05T08:40:22.172Z","caller":"awsutils/awsutils.go:1272","msg":"Primary subnet subnet-EXAMPLE4 has no kubernetes.io/role/cni tag, including it for ENI creation (backwards compatibility)"}
{"level":"info","ts":"2026-10-05T08:40:22.172Z","caller":"awsutils/awsutils.go:1044","msg":"Creating ENI with security groups: [sg-EXAMPLE1] in subnet: subnet-EXAMPLE4"}
{"level":"debug","ts":"2026-10-05T08:40:22.364Z","caller":"awsutils/awsutils.go:1449","msg":"checkAPIErrorAndBroadcastEvent resulted in operation error EC2: CreateNetworkInterface, https response error StatusCode: 400, RequestID: 3801b7e6-81fb-4f2b-85d7-1b6b4c727728, api error InvalidParameterValue: There aren't sufficient free Ipv4 addresses or prefixes"}
{"level":"error","ts":"2026-10-05T08:40:22.365Z","caller":"awsutils/awsutils.go:1285","msg":"Failed to CreateNetworkInterface operation error EC2: CreateNetworkInterface, https response error StatusCode: 400, RequestID: 3801b7e6-81fb-4f2b-85d7-1b6b4c727728, api error InvalidParameterValue: There aren't sufficient free Ipv4 addresses or prefixes for subnet subnet-EXAMPLE4"}
{"level":"debug","ts":"2026-10-05T08:40:22.365Z","caller":"awsutils/awsutils.go:1272","msg":"Subnet subnet-EXAMPLE3 has no kubernetes.io/role/cni tag, excluding it from ENI creation"}
{"level":"error","ts":"2026-10-05T08:40:22.365Z","caller":"ipamd/ipamd.go:1004","msg":"Failed to increase pool size due to not able to allocate ENI AllocENI: failed to create ENI: failed to create network interface: operation error EC2: CreateNetworkInterface, https response error StatusCode: 400, RequestID: 3801b7e6-81fb-4f2b-85d7-1b6b4c727728, api error InvalidParameterValue: There aren't sufficient free Ipv4 addresses or prefixes"}
{"level":"warn","ts":"2026-10-05T08:40:22.365Z","caller":"ipamd/ipamd.go:1004","msg":"Failed to allocate 1 IP addresses on an ENI: AllocENI: failed to create ENI: failed to create network interface: operation error EC2: CreateNetworkInterface, https response error StatusCode: 400, RequestID: 3801b7e6-81fb-4f2b-85d7-1b6b4c727728, api error InvalidParameterValue: There aren't sufficient free Ipv4 addresses or prefixes"}
{"level":"debug","ts":"2026-10-05T08:40:22.365Z","caller":"ipamd/ipamd.go:1082","msg":"containsInsufficientCIDRsOrSubnetIPs encountered AllocENI: failed to create ENI: failed to create network interface: operation error EC2: CreateNetworkInterface, https response error StatusCode: 400, RequestID: 3801b7e6-81fb-4f2b-85d7-1b6b4c727728, api error InvalidParameterValue: There aren't sufficient free Ipv4 addresses or prefixes"}
{"level":"debug","ts":"2026-10-05T08:40:22.365Z","caller":"ipamd/ipamd.go:1082","msg":"Insufficient IP Addresses due to: InvalidParameterValue\n"}
{"level":"debug","ts":"2026-10-05T08:40:22.365Z","caller":"ipamd/ipamd.go:813","msg":"Error trying to allocate ENI: AllocENI: failed to create ENI: failed to create network interface: operation error EC2: CreateNetworkInterface, https response error StatusCode: 400, RequestID: 3801b7e6-81fb-4f2b-85d7-1b6b4c727728, api error InvalidParameterValue: There aren't sufficient free Ipv4 addresses or prefixes"}
{"level":"debug","ts":"2026-10-05T08:40:22.365Z","caller":"ipamd/ipamd.go:1548","msg":"ENI eni-EXAMPLE20 cannot be deleted because it is primary"}
{"level":"debug","ts":"2026-10-05T08:40:27.365Z","caller":"ipamd/ipamd.go:809","msg":"IP pool is too low for Network Card 0: available (0) < ENI target (1) * addrsPerENI (16)"}
{"level":"debug","ts":"2026-10-05T08:40:27.365Z","caller":"ipamd/ipamd.go:2689","msg":"Prefix pool stats for network card 0: Total IPs/Prefixes = 0/0, AssignedIPs/CooldownIPs: 0/0, c.maxIPsPerENI = 80"}
{"level":"debug","ts":"2026-10-05T08:40:27.365Z","caller":"ipamd/ipamd.go:795","msg":"IP stats for Network Card 0 - total IPs: 0, assigned IPs: 0, cooldown IPs: 0"}
{"level":"debug","ts":"2026-10-05T08:40:27.365Z","caller":"ipamd/ipamd.go:813","msg":"Starting to increase pool size for network card 0"}
{"level":"debug","ts":"2026-10-05T08:40:27.365Z","caller":"ipamd/ipamd.go:966","msg":"Node found \"ip-10-20-0-29.ec2.internal\" - no of taints - 0"}
{"level":"debug","ts":"2026-10-05T08:40:27.365Z","caller":"ipamd/ipamd.go:2758","msg":"Prefix target is 1, short of 1 prefixes, free 0 prefixes"}
{"level":"debug","ts":"2026-10-05T08:40:27.365Z","caller":"ipamd/ipamd.go:1248","msg":"ToAllocate: 1, Network Card 0"}
{"level":"debug","ts":"2026-10-05T08:40:27.365Z","caller":"ipamd/ipamd.go:1251","msg":"Found ENI eni-EXAMPLE20 that has less than the maximum number of IP/Prefixes addresses allocated: cur=0, max=5"}
{"level":"info","ts":"2026-10-05T08:40:27.365Z","caller":"ipamd/ipamd.go:1255","msg":"Trying to allocate 1 IP addresses on ENI eni-EXAMPLE20"}
{"level":"debug","ts":"2026-10-05T08:40:27.365Z","caller":"ipamd/ipamd.go:1255","msg":"PD enabled - true"}
{"level":"debug","ts":"2026-10-05T08:40:27.767Z","caller":"awsutils/awsutils.go:2174","msg":"checkAPIErrorAndBroadcastEvent resulted in operation error EC2: AssignPrivateIpAddresses, https response error StatusCode: 400, RequestID: 84baa4bd-2128-4a1f-996b-8b1c824a0dc0, api error InsufficientCidrBlocks: The specified subnet does not have enough free cidr blocks to satisfy the request."}
{"level":"error","ts":"2026-10-05T08:40:27.767Z","caller":"ipamd/ipamd.go:1255","msg":"Failed to allocate a private IP/Prefix addresses on ENI eni-EXAMPLE20: operation error EC2: AssignPrivateIpAddresses, https response error StatusCode: 400, RequestID: 84baa4bd-2128-4a1f-996b-8b1c824a0dc0, api error InsufficientCidrBlocks: The specified subnet does not have enough free cidr blocks to satisfy the request."}
{"level":"debug","ts":"2026-10-05T08:40:27.767Z","caller":"ipamd/ipamd.go:1256","msg":"containsPrivateIPAddressLimitExceededError encountered operation error EC2: AssignPrivateIpAddresses, https response error StatusCode: 400, RequestID: 84baa4bd-2128-4a1f-996b-8b1c824a0dc0, api error InsufficientCidrBlocks: The specified subnet does not have enough free cidr blocks to satisfy the request."}
{"level":"warn","ts":"2026-10-05T08:40:27.767Z","caller":"ipamd/ipamd.go:1113","msg":"failed to allocate all available IPv4 Prefixes on ENI eni-EXAMPLE20, err: operation error EC2: AssignPrivateIpAddresses, https response error StatusCode: 400, RequestID: 84baa4bd-2128-4a1f-996b-8b1c824a0dc0, api error InsufficientCidrBlocks: The specified subnet does not have enough free cidr blocks to satisfy the request."}
{"level":"info","ts":"2026-10-05T08:40:27.767Z","caller":"ipamd/ipamd.go:1259","msg":"Trying to allocate 1 IP addresses on ENI eni-EXAMPLE20"}
{"level":"debug","ts":"2026-10-05T08:40:27.767Z","caller":"ipamd/ipamd.go:1259","msg":"PD enabled - true"}
{"level":"debug","ts":"2026-10-05T08:40:28.209Z","caller":"awsutils/awsutils.go:2174","msg":"checkAPIErrorAndBroadcastEvent resulted in operation error EC2: AssignPrivateIpAddresses, https response error StatusCode: 400, RequestID: b2fb109b-62a2-4faa-ad68-ab60a184f50d, api error InsufficientCidrBlocks: The specified subnet does not have enough free cidr blocks to satisfy the request."}
{"level":"error","ts":"2026-10-05T08:40:28.209Z","caller":"ipamd/ipamd.go:1259","msg":"Failed to allocate a private IP/Prefix addresses on ENI eni-EXAMPLE20: operation error EC2: AssignPrivateIpAddresses, https response error StatusCode: 400, RequestID: b2fb109b-62a2-4faa-ad68-ab60a184f50d, api error InsufficientCidrBlocks: The specified subnet does not have enough free cidr blocks to satisfy the request."}
{"level":"debug","ts":"2026-10-05T08:40:28.209Z","caller":"ipamd/ipamd.go:1260","msg":"containsPrivateIPAddressLimitExceededError encountered operation error EC2: AssignPrivateIpAddresses, https response error StatusCode: 400, RequestID: b2fb109b-62a2-4faa-ad68-ab60a184f50d, api error InsufficientCidrBlocks: The specified subnet does not have enough free cidr blocks to satisfy the request."}
{"level":"debug","ts":"2026-10-05T08:40:28.209Z","caller":"ipamd/ipamd.go:1262","msg":"containsInsufficientCIDRsOrSubnetIPs encountered operation error EC2: AssignPrivateIpAddresses, https response error StatusCode: 400, RequestID: b2fb109b-62a2-4faa-ad68-ab60a184f50d, api error InsufficientCidrBlocks: The specified subnet does not have enough free cidr blocks to satisfy the request."}
{"level":"debug","ts":"2026-10-05T08:40:28.209Z","caller":"ipamd/ipamd.go:1262","msg":"Insufficient IP Addresses due to: InsufficientCidrBlocks\n"}
{"level":"debug","ts":"2026-10-05T08:40:28.209Z","caller":"ipamd/ipamd.go:1003","msg":"hasRoomForEni: networkCard=0, currentENIs=1, currentUsableENIs=1, maxENI=3, unmanagedENI=0, trunkEni=0, excludedENI=0, hasRoom=true"}
{"level":"debug","ts":"2026-10-05T08:40:28.209Z","caller":"ipamd/ipamd.go:2758","msg":"Prefix target is 1, short of 1 prefixes, free 0 prefixes"}
{"level":"debug","ts":"2026-10-05T08:40:28.209Z","caller":"ipamd/ipamd.go:2595","msg":"ToAllocate: 1, Network Card 0"}
{"level":"info","ts":"2026-10-05T08:40:28.209Z","caller":"awsutils/awsutils.go:1044","msg":"Trying to allocate 1 IP addresses on new ENI"}
{"level":"debug","ts":"2026-10-05T08:40:28.209Z","caller":"awsutils/awsutils.go:1044","msg":"PD enabled - true"}
{"level":"debug","ts":"2026-10-05T08:40:28.403Z","caller":"awsutils/awsutils.go:1272","msg":"Primary subnet subnet-EXAMPLE4 has no kubernetes.io/role/cni tag, including it for ENI creation (backwards compatibility)"}
{"level":"info","ts":"2026-10-05T08:40:28.403Z","caller":"awsutils/awsutils.go:1044","msg":"Creating ENI with security groups: [sg-EXAMPLE1] in subnet: subnet-EXAMPLE4"}
{"level":"debug","ts":"2026-10-05T08:40:28.651Z","caller":"awsutils/awsutils.go:1449","msg":"checkAPIErrorAndBroadcastEvent resulted in operation error EC2: CreateNetworkInterface, https response error StatusCode: 400, RequestID: 043e44ff-26a9-4b7d-a618-20ce07f2f424, api error InvalidParameterValue: There aren't sufficient free Ipv4 addresses or prefixes"}
{"level":"error","ts":"2026-10-05T08:40:28.652Z","caller":"awsutils/awsutils.go:1285","msg":"Failed to CreateNetworkInterface operation error EC2: CreateNetworkInterface, https response error StatusCode: 400, RequestID: 043e44ff-26a9-4b7d-a618-20ce07f2f424, api error InvalidParameterValue: There aren't sufficient free Ipv4 addresses or prefixes for subnet subnet-EXAMPLE4"}
{"level":"debug","ts":"2026-10-05T08:40:28.652Z","caller":"awsutils/awsutils.go:1272","msg":"Subnet subnet-EXAMPLE3 has no kubernetes.io/role/cni tag, excluding it from ENI creation"}
{"level":"error","ts":"2026-10-05T08:40:28.652Z","caller":"ipamd/ipamd.go:1004","msg":"Failed to increase pool size due to not able to allocate ENI AllocENI: failed to create ENI: failed to create network interface: operation error EC2: CreateNetworkInterface, https response error StatusCode: 400, RequestID: 043e44ff-26a9-4b7d-a618-20ce07f2f424, api error InvalidParameterValue: There aren't sufficient free Ipv4 addresses or prefixes"}
{"level":"warn","ts":"2026-10-05T08:40:28.652Z","caller":"ipamd/ipamd.go:1004","msg":"Failed to allocate 1 IP addresses on an ENI: AllocENI: failed to create ENI: failed to create network interface: operation error EC2: CreateNetworkInterface, https response error StatusCode: 400, RequestID: 043e44ff-26a9-4b7d-a618-20ce07f2f424, api error InvalidParameterValue: There aren't sufficient free Ipv4 addresses or prefixes"}
{"level":"debug","ts":"2026-10-05T08:40:28.652Z","caller":"ipamd/ipamd.go:1082","msg":"containsInsufficientCIDRsOrSubnetIPs encountered AllocENI: failed to create ENI: failed to create network interface: operation error EC2: CreateNetworkInterface, https response error StatusCode: 400, RequestID: 043e44ff-26a9-4b7d-a618-20ce07f2f424, api error InvalidParameterValue: There aren't sufficient free Ipv4 addresses or prefixes"}
{"level":"debug","ts":"2026-10-05T08:40:28.652Z","caller":"ipamd/ipamd.go:1082","msg":"Insufficient IP Addresses due to: InvalidParameterValue\n"}
{"level":"debug","ts":"2026-10-05T08:40:28.652Z","caller":"ipamd/ipamd.go:813","msg":"Error trying to allocate ENI: AllocENI: failed to create ENI: failed to create network interface: operation error EC2: CreateNetworkInterface, https response error StatusCode: 400, RequestID: 043e44ff-26a9-4b7d-a618-20ce07f2f424, api error InvalidParameterValue: There aren't sufficient free Ipv4 addresses or prefixes"}
{"level":"debug","ts":"2026-10-05T08:40:28.652Z","caller":"ipamd/ipamd.go:1548","msg":"ENI eni-EXAMPLE20 cannot be deleted because it is primary"}
{"level":"debug","ts":"2026-10-05T08:40:33.653Z","caller":"ipamd/ipamd.go:809","msg":"IP pool is too low for Network Card 0: available (0) < ENI target (1) * addrsPerENI (16)"}
{"level":"debug","ts":"2026-10-05T08:40:33.653Z","caller":"ipamd/ipamd.go:2689","msg":"Prefix pool stats for network card 0: Total IPs/Prefixes = 0/0, AssignedIPs/CooldownIPs: 0/0, c.maxIPsPerENI = 80"}
{"level":"debug","ts":"2026-10-05T08:40:33.653Z","caller":"ipamd/ipamd.go:795","msg":"IP stats for Network Card 0 - total IPs: 0, assigned IPs: 0, cooldown IPs: 0"}
{"level":"debug","ts":"2026-10-05T08:40:33.653Z","caller":"ipamd/ipamd.go:813","msg":"Starting to increase pool size for network card 0"}
{"level":"debug","ts":"2026-10-05T08:40:33.653Z","caller":"ipamd/ipamd.go:966","msg":"Node found \"ip-10-20-0-29.ec2.internal\" - no of taints - 0"}
{"level":"debug","ts":"2026-10-05T08:40:33.653Z","caller":"ipamd/ipamd.go:2758","msg":"Prefix target is 1, short of 1 prefixes, free 0 prefixes"}
{"level":"debug","ts":"2026-10-05T08:40:33.653Z","caller":"ipamd/ipamd.go:1248","msg":"ToAllocate: 1, Network Card 0"}
{"level":"debug","ts":"2026-10-05T08:40:33.653Z","caller":"ipamd/ipamd.go:1251","msg":"Found ENI eni-EXAMPLE20 that has less than the maximum number of IP/Prefixes addresses allocated: cur=0, max=5"}
{"level":"info","ts":"2026-10-05T08:40:33.653Z","caller":"ipamd/ipamd.go:1255","msg":"Trying to allocate 1 IP addresses on ENI eni-EXAMPLE20"}
{"level":"debug","ts":"2026-10-05T08:40:33.653Z","caller":"ipamd/ipamd.go:1255","msg":"PD enabled - true"}
{"level":"debug","ts":"2026-10-05T08:40:34.073Z","caller":"awsutils/awsutils.go:2174","msg":"checkAPIErrorAndBroadcastEvent resulted in operation error EC2: AssignPrivateIpAddresses, https response error StatusCode: 400, RequestID: 7cac9502-4026-42aa-a8eb-f35c3f78582f, api error InsufficientCidrBlocks: The specified subnet does not have enough free cidr blocks to satisfy the request."}
{"level":"error","ts":"2026-10-05T08:40:34.073Z","caller":"ipamd/ipamd.go:1255","msg":"Failed to allocate a private IP/Prefix addresses on ENI eni-EXAMPLE20: operation error EC2: AssignPrivateIpAddresses, https response error StatusCode: 400, RequestID: 7cac9502-4026-42aa-a8eb-f35c3f78582f, api error InsufficientCidrBlocks: The specified subnet does not have enough free cidr blocks to satisfy the request."}
{"level":"debug","ts":"2026-10-05T08:40:34.073Z","caller":"ipamd/ipamd.go:1256","msg":"containsPrivateIPAddressLimitExceededError encountered operation error EC2: AssignPrivateIpAddresses, https response error StatusCode: 400, RequestID: 7cac9502-4026-42aa-a8eb-f35c3f78582f, api error InsufficientCidrBlocks: The specified subnet does not have enough free cidr blocks to satisfy the request."}
{"level":"warn","ts":"2026-10-05T08:40:34.073Z","caller":"ipamd/ipamd.go:1113","msg":"failed to allocate all available IPv4 Prefixes on ENI eni-EXAMPLE20, err: operation error EC2: AssignPrivateIpAddresses, https response error StatusCode: 400, RequestID: 7cac9502-4026-42aa-a8eb-f35c3f78582f, api error InsufficientCidrBlocks: The specified subnet does not have enough free cidr blocks to satisfy the request."}
{"level":"info","ts":"2026-10-05T08:40:34.073Z","caller":"ipamd/ipamd.go:1259","msg":"Trying to allocate 1 IP addresses on ENI eni-EXAMPLE20"}
{"level":"debug","ts":"2026-10-05T08:40:34.073Z","caller":"ipamd/ipamd.go:1259","msg":"PD enabled - true"}
{"level":"debug","ts":"2026-10-05T08:40:34.459Z","caller":"awsutils/awsutils.go:2174","msg":"checkAPIErrorAndBroadcastEvent resulted in operation error EC2: AssignPrivateIpAddresses, https response error StatusCode: 400, RequestID: 557b68ab-67ce-4fef-be93-e173ff9adc5b, api error InsufficientCidrBlocks: The specified subnet does not have enough free cidr blocks to satisfy the request."}
{"level":"error","ts":"2026-10-05T08:40:34.459Z","caller":"ipamd/ipamd.go:1259","msg":"Failed to allocate a private IP/Prefix addresses on ENI eni-EXAMPLE20: operation error EC2: AssignPrivateIpAddresses, https response error StatusCode: 400, RequestID: 557b68ab-67ce-4fef-be93-e173ff9adc5b, api error InsufficientCidrBlocks: The specified subnet does not have enough free cidr blocks to satisfy the request."}
{"level":"debug","ts":"2026-10-05T08:40:34.459Z","caller":"ipamd/ipamd.go:1260","msg":"containsPrivateIPAddressLimitExceededError encountered operation error EC2: AssignPrivateIpAddresses, https response error StatusCode: 400, RequestID: 557b68ab-67ce-4fef-be93-e173ff9adc5b, api error InsufficientCidrBlocks: The specified subnet does not have enough free cidr blocks to satisfy the request."}
{"level":"debug","ts":"2026-10-05T08:40:34.459Z","caller":"ipamd/ipamd.go:1262","msg":"containsInsufficientCIDRsOrSubnetIPs encountered operation error EC2: AssignPrivateIpAddresses, https response error StatusCode: 400, RequestID: 557b68ab-67ce-4fef-be93-e173ff9adc5b, api error InsufficientCidrBlocks: The specified subnet does not have enough free cidr blocks to satisfy the request."}
{"level":"debug","ts":"2026-10-05T08:40:34.459Z","caller":"ipamd/ipamd.go:1262","msg":"Insufficient IP Addresses due to: InsufficientCidrBlocks\n"}
{"level":"debug","ts":"2026-10-05T08:40:34.459Z","caller":"ipamd/ipamd.go:1003","msg":"hasRoomForEni: networkCard=0, currentENIs=1, currentUsableENIs=1, maxENI=3, unmanagedENI=0, trunkEni=0, excludedENI=0, hasRoom=true"}
{"level":"debug","ts":"2026-10-05T08:40:34.459Z","caller":"ipamd/ipamd.go:2758","msg":"Prefix target is 1, short of 1 prefixes, free 0 prefixes"}
{"level":"debug","ts":"2026-10-05T08:40:34.459Z","caller":"ipamd/ipamd.go:2595","msg":"ToAllocate: 1, Network Card 0"}
{"level":"info","ts":"2026-10-05T08:40:34.459Z","caller":"awsutils/awsutils.go:1044","msg":"Trying to allocate 1 IP addresses on new ENI"}
{"level":"debug","ts":"2026-10-05T08:40:34.459Z","caller":"awsutils/awsutils.go:1044","msg":"PD enabled - true"}
{"level":"debug","ts":"2026-10-05T08:40:34.722Z","caller":"awsutils/awsutils.go:1272","msg":"Primary subnet subnet-EXAMPLE4 has no kubernetes.io/role/cni tag, including it for ENI creation (backwards compatibility)"}
{"level":"info","ts":"2026-10-05T08:40:34.722Z","caller":"awsutils/awsutils.go:1044","msg":"Creating ENI with security groups: [sg-EXAMPLE1] in subnet: subnet-EXAMPLE4"}
{"level":"debug","ts":"2026-10-05T08:40:34.948Z","caller":"awsutils/awsutils.go:1449","msg":"checkAPIErrorAndBroadcastEvent resulted in operation error EC2: CreateNetworkInterface, https response error StatusCode: 400, RequestID: 8a716a0d-7f79-4de8-bfad-111122223333, api error InvalidParameterValue: There aren't sufficient free Ipv4 addresses or prefixes"}
{"level":"error","ts":"2026-10-05T08:40:34.948Z","caller":"awsutils/awsutils.go:1285","msg":"Failed to CreateNetworkInterface operation error EC2: CreateNetworkInterface, https response error StatusCode: 400, RequestID: 8a716a0d-7f79-4de8-bfad-111122223333, api error InvalidParameterValue: There aren't sufficient free Ipv4 addresses or prefixes for subnet subnet-EXAMPLE4"}
{"level":"debug","ts":"2026-10-05T08:40:34.948Z","caller":"awsutils/awsutils.go:1272","msg":"Subnet subnet-EXAMPLE3 has no kubernetes.io/role/cni tag, excluding it from ENI creation"}
{"level":"error","ts":"2026-10-05T08:40:34.948Z","caller":"ipamd/ipamd.go:1004","msg":"Failed to increase pool size due to not able to allocate ENI AllocENI: failed to create ENI: failed to create network interface: operation error EC2: CreateNetworkInterface, https response error StatusCode: 400, RequestID: 8a716a0d-7f79-4de8-bfad-111122223333, api error InvalidParameterValue: There aren't sufficient free Ipv4 addresses or prefixes"}
{"level":"warn","ts":"2026-10-05T08:40:34.948Z","caller":"ipamd/ipamd.go:1004","msg":"Failed to allocate 1 IP addresses on an ENI: AllocENI: failed to create ENI: failed to create network interface: operation error EC2: CreateNetworkInterface, https response error StatusCode: 400, RequestID: 8a716a0d-7f79-4de8-bfad-111122223333, api error InvalidParameterValue: There aren't sufficient free Ipv4 addresses or prefixes"}
{"level":"debug","ts":"2026-10-05T08:40:34.948Z","caller":"ipamd/ipamd.go:1082","msg":"containsInsufficientCIDRsOrSubnetIPs encountered AllocENI: failed to create ENI: failed to create network interface: operation error EC2: CreateNetworkInterface, https response error StatusCode: 400, RequestID: 8a716a0d-7f79-4de8-bfad-111122223333, api error InvalidParameterValue: There aren't sufficient free Ipv4 addresses or prefixes"}
{"level":"debug","ts":"2026-10-05T08:40:34.948Z","caller":"ipamd/ipamd.go:1082","msg":"Insufficient IP Addresses due to: InvalidParameterValue\n"}
{"level":"debug","ts":"2026-10-05T08:40:34.948Z","caller":"ipamd/ipamd.go:813","msg":"Error trying to allocate ENI: AllocENI: failed to create ENI: failed to create network interface: operation error EC2: CreateNetworkInterface, https response error StatusCode: 400, RequestID: 8a716a0d-7f79-4de8-bfad-111122223333, api error InvalidParameterValue: There aren't sufficient free Ipv4 addresses or prefixes"}
{"level":"debug","ts":"2026-10-05T08:40:34.948Z","caller":"ipamd/ipamd.go:1548","msg":"ENI eni-EXAMPLE20 cannot be deleted because it is primary"}
{"level":"debug","ts":"2026-10-05T08:40:39.949Z","caller":"ipamd/ipamd.go:809","msg":"IP pool is too low for Network Card 0: available (0) < ENI target (1) * addrsPerENI (16)"}
{"level":"debug","ts":"2026-10-05T08:40:39.949Z","caller":"ipamd/ipamd.go:2689","msg":"Prefix pool stats for network card 0: Total IPs/Prefixes = 0/0, AssignedIPs/CooldownIPs: 0/0, c.maxIPsPerENI = 80"}
{"level":"debug","ts":"2026-10-05T08:40:39.949Z","caller":"ipamd/ipamd.go:795","msg":"IP stats for Network Card 0 - total IPs: 0, assigned IPs: 0, cooldown IPs: 0"}
{"level":"debug","ts":"2026-10-05T08:40:39.949Z","caller":"ipamd/ipamd.go:813","msg":"Starting to increase pool size for network card 0"}
{"level":"debug","ts":"2026-10-05T08:40:39.949Z","caller":"ipamd/ipamd.go:966","msg":"Node found \"ip-10-20-0-29.ec2.internal\" - no of taints - 0"}
{"level":"debug","ts":"2026-10-05T08:40:39.949Z","caller":"ipamd/ipamd.go:2758","msg":"Prefix target is 1, short of 1 prefixes, free 0 prefixes"}
{"level":"debug","ts":"2026-10-05T08:40:39.949Z","caller":"ipamd/ipamd.go:1248","msg":"ToAllocate: 1, Network Card 0"}
{"level":"debug","ts":"2026-10-05T08:40:39.949Z","caller":"ipamd/ipamd.go:1251","msg":"Found ENI eni-EXAMPLE20 that has less than the maximum number of IP/Prefixes addresses allocated: cur=0, max=5"}
{"level":"info","ts":"2026-10-05T08:40:39.949Z","caller":"ipamd/ipamd.go:1255","msg":"Trying to allocate 1 IP addresses on ENI eni-EXAMPLE20"}
{"level":"debug","ts":"2026-10-05T08:40:39.949Z","caller":"ipamd/ipamd.go:1255","msg":"PD enabled - true"}
{"level":"debug","ts":"2026-10-05T08:40:40.422Z","caller":"awsutils/awsutils.go:2174","msg":"checkAPIErrorAndBroadcastEvent resulted in operation error EC2: AssignPrivateIpAddresses, https response error StatusCode: 400, RequestID: aa5b82f4-472f-4704-8306-9ccdf527e788, api error InsufficientCidrBlocks: The specified subnet does not have enough free cidr blocks to satisfy the request."}
{"level":"error","ts":"2026-10-05T08:40:40.422Z","caller":"ipamd/ipamd.go:1255","msg":"Failed to allocate a private IP/Prefix addresses on ENI eni-EXAMPLE20: operation error EC2: AssignPrivateIpAddresses, https response error StatusCode: 400, RequestID: aa5b82f4-472f-4704-8306-9ccdf527e788, api error InsufficientCidrBlocks: The specified subnet does not have enough free cidr blocks to satisfy the request."}
{"level":"debug","ts":"2026-10-05T08:40:40.422Z","caller":"ipamd/ipamd.go:1256","msg":"containsPrivateIPAddressLimitExceededError encountered operation error EC2: AssignPrivateIpAddresses, https response error StatusCode: 400, RequestID: aa5b82f4-472f-4704-8306-9ccdf527e788, api error InsufficientCidrBlocks: The specified subnet does not have enough free cidr blocks to satisfy the request."}
{"level":"warn","ts":"2026-10-05T08:40:40.422Z","caller":"ipamd/ipamd.go:1113","msg":"failed to allocate all available IPv4 Prefixes on ENI eni-EXAMPLE20, err: operation error EC2: AssignPrivateIpAddresses, https response error StatusCode: 400, RequestID: aa5b82f4-472f-4704-8306-9ccdf527e788, api error InsufficientCidrBlocks: The specified subnet does not have enough free cidr blocks to satisfy the request."}
{"level":"info","ts":"2026-10-05T08:40:40.422Z","caller":"ipamd/ipamd.go:1259","msg":"Trying to allocate 1 IP addresses on ENI eni-EXAMPLE20"}
{"level":"debug","ts":"2026-10-05T08:40:40.422Z","caller":"ipamd/ipamd.go:1259","msg":"PD enabled - true"}
{"level":"debug","ts":"2026-10-05T08:40:40.853Z","caller":"awsutils/awsutils.go:2174","msg":"checkAPIErrorAndBroadcastEvent resulted in operation error EC2: AssignPrivateIpAddresses, https response error StatusCode: 400, RequestID: ec599ea9-f6ea-4e3b-b3ad-7be1c4ef7c89, api error InsufficientCidrBlocks: The specified subnet does not have enough free cidr blocks to satisfy the request."}
{"level":"error","ts":"2026-10-05T08:40:40.853Z","caller":"ipamd/ipamd.go:1259","msg":"Failed to allocate a private IP/Prefix addresses on ENI eni-EXAMPLE20: operation error EC2: AssignPrivateIpAddresses, https response error StatusCode: 400, RequestID: ec599ea9-f6ea-4e3b-b3ad-7be1c4ef7c89, api error InsufficientCidrBlocks: The specified subnet does not have enough free cidr blocks to satisfy the request."}
{"level":"debug","ts":"2026-10-05T08:40:40.853Z","caller":"ipamd/ipamd.go:1260","msg":"containsPrivateIPAddressLimitExceededError encountered operation error EC2: AssignPrivateIpAddresses, https response error StatusCode: 400, RequestID: ec599ea9-f6ea-4e3b-b3ad-7be1c4ef7c89, api error InsufficientCidrBlocks: The specified subnet does not have enough free cidr blocks to satisfy the request."}
{"level":"debug","ts":"2026-10-05T08:40:40.853Z","caller":"ipamd/ipamd.go:1262","msg":"containsInsufficientCIDRsOrSubnetIPs encountered operation error EC2: AssignPrivateIpAddresses, https response error StatusCode: 400, RequestID: ec599ea9-f6ea-4e3b-b3ad-7be1c4ef7c89, api error InsufficientCidrBlocks: The specified subnet does not have enough free cidr blocks to satisfy the request."}
{"level":"debug","ts":"2026-10-05T08:40:40.853Z","caller":"ipamd/ipamd.go:1262","msg":"Insufficient IP Addresses due to: InsufficientCidrBlocks\n"}
{"level":"debug","ts":"2026-10-05T08:40:40.853Z","caller":"ipamd/ipamd.go:1003","msg":"hasRoomForEni: networkCard=0, currentENIs=1, currentUsableENIs=1, maxENI=3, unmanagedENI=0, trunkEni=0, excludedENI=0, hasRoom=true"}
{"level":"debug","ts":"2026-10-05T08:40:40.853Z","caller":"ipamd/ipamd.go:2758","msg":"Prefix target is 1, short of 1 prefixes, free 0 prefixes"}
{"level":"debug","ts":"2026-10-05T08:40:40.853Z","caller":"ipamd/ipamd.go:2595","msg":"ToAllocate: 1, Network Card 0"}
{"level":"info","ts":"2026-10-05T08:40:40.853Z","caller":"awsutils/awsutils.go:1044","msg":"Trying to allocate 1 IP addresses on new ENI"}
{"level":"debug","ts":"2026-10-05T08:40:40.853Z","caller":"awsutils/awsutils.go:1044","msg":"PD enabled - true"}
{"level":"debug","ts":"2026-10-05T08:40:41.106Z","caller":"awsutils/awsutils.go:1272","msg":"Primary subnet subnet-EXAMPLE4 has no kubernetes.io/role/cni tag, including it for ENI creation (backwards compatibility)"}
{"level":"info","ts":"2026-10-05T08:40:41.106Z","caller":"awsutils/awsutils.go:1044","msg":"Creating ENI with security groups: [sg-EXAMPLE1] in subnet: subnet-EXAMPLE4"}
{"level":"debug","ts":"2026-10-05T08:40:41.343Z","caller":"awsutils/awsutils.go:1449","msg":"checkAPIErrorAndBroadcastEvent resulted in operation error EC2: CreateNetworkInterface, https response error StatusCode: 400, RequestID: 5beb6a68-e096-4442-9a0a-2fe3f18a532a, api error InvalidParameterValue: There aren't sufficient free Ipv4 addresses or prefixes"}
{"level":"error","ts":"2026-10-05T08:40:41.343Z","caller":"awsutils/awsutils.go:1285","msg":"Failed to CreateNetworkInterface operation error EC2: CreateNetworkInterface, https response error StatusCode: 400, RequestID: 5beb6a68-e096-4442-9a0a-2fe3f18a532a, api error InvalidParameterValue: There aren't sufficient free Ipv4 addresses or prefixes for subnet subnet-EXAMPLE4"}
{"level":"debug","ts":"2026-10-05T08:40:41.343Z","caller":"awsutils/awsutils.go:1272","msg":"Subnet subnet-EXAMPLE3 has no kubernetes.io/role/cni tag, excluding it from ENI creation"}
{"level":"error","ts":"2026-10-05T08:40:41.343Z","caller":"ipamd/ipamd.go:1004","msg":"Failed to increase pool size due to not able to allocate ENI AllocENI: failed to create ENI: failed to create network interface: operation error EC2: CreateNetworkInterface, https response error StatusCode: 400, RequestID: 5beb6a68-e096-4442-9a0a-2fe3f18a532a, api error InvalidParameterValue: There aren't sufficient free Ipv4 addresses or prefixes"}
{"level":"warn","ts":"2026-10-05T08:40:41.343Z","caller":"ipamd/ipamd.go:1004","msg":"Failed to allocate 1 IP addresses on an ENI: AllocENI: failed to create ENI: failed to create network interface: operation error EC2: CreateNetworkInterface, https response error StatusCode: 400, RequestID: 5beb6a68-e096-4442-9a0a-2fe3f18a532a, api error InvalidParameterValue: There aren't sufficient free Ipv4 addresses or prefixes"}
{"level":"debug","ts":"2026-10-05T08:40:41.343Z","caller":"ipamd/ipamd.go:1082","msg":"containsInsufficientCIDRsOrSubnetIPs encountered AllocENI: failed to create ENI: failed to create network interface: operation error EC2: CreateNetworkInterface, https response error StatusCode: 400, RequestID: 5beb6a68-e096-4442-9a0a-2fe3f18a532a, api error InvalidParameterValue: There aren't sufficient free Ipv4 addresses or prefixes"}
{"level":"debug","ts":"2026-10-05T08:40:41.343Z","caller":"ipamd/ipamd.go:1082","msg":"Insufficient IP Addresses due to: InvalidParameterValue\n"}
{"level":"debug","ts":"2026-10-05T08:40:41.343Z","caller":"ipamd/ipamd.go:813","msg":"Error trying to allocate ENI: AllocENI: failed to create ENI: failed to create network interface: operation error EC2: CreateNetworkInterface, https response error StatusCode: 400, RequestID: 5beb6a68-e096-4442-9a0a-2fe3f18a532a, api error InvalidParameterValue: There aren't sufficient free Ipv4 addresses or prefixes"}
{"level":"debug","ts":"2026-10-05T08:40:41.343Z","caller":"ipamd/ipamd.go:1548","msg":"ENI eni-EXAMPLE20 cannot be deleted because it is primary"}
{"level":"debug","ts":"2026-10-05T08:40:45.808Z","caller":"awsutils/awsutils.go:2417","msg":"Checking for leaked AWS CNI ENIs."}
{"level":"debug","ts":"2026-10-05T08:40:45.944Z","caller":"awsutils/awsutils.go:2426","msg":"No AWS CNI leaked ENIs found."}
{"level":"debug","ts":"2026-10-05T08:40:46.345Z","caller":"ipamd/ipamd.go:809","msg":"IP pool is too low for Network Card 0: available (0) < ENI target (1) * addrsPerENI (16)"}
{"level":"debug","ts":"2026-10-05T08:40:46.345Z","caller":"ipamd/ipamd.go:2689","msg":"Prefix pool stats for network card 0: Total IPs/Prefixes = 0/0, AssignedIPs/CooldownIPs: 0/0, c.maxIPsPerENI = 80"}
{"level":"debug","ts":"2026-10-05T08:40:46.345Z","caller":"ipamd/ipamd.go:795","msg":"IP stats for Network Card 0 - total IPs: 0, assigned IPs: 0, cooldown IPs: 0"}
{"level":"debug","ts":"2026-10-05T08:40:46.345Z","caller":"ipamd/ipamd.go:813","msg":"Starting to increase pool size for network card 0"}
{"level":"debug","ts":"2026-10-05T08:40:46.345Z","caller":"ipamd/ipamd.go:966","msg":"Node found \"ip-10-20-0-29.ec2.internal\" - no of taints - 0"}
{"level":"debug","ts":"2026-10-05T08:40:46.345Z","caller":"ipamd/ipamd.go:2758","msg":"Prefix target is 1, short of 1 prefixes, free 0 prefixes"}
{"level":"debug","ts":"2026-10-05T08:40:46.345Z","caller":"ipamd/ipamd.go:1248","msg":"ToAllocate: 1, Network Card 0"}
{"level":"debug","ts":"2026-10-05T08:40:46.345Z","caller":"ipamd/ipamd.go:1251","msg":"Found ENI eni-EXAMPLE20 that has less than the maximum number of IP/Prefixes addresses allocated: cur=0, max=5"}
{"level":"info","ts":"2026-10-05T08:40:46.345Z","caller":"ipamd/ipamd.go:1255","msg":"Trying to allocate 1 IP addresses on ENI eni-EXAMPLE20"}
{"level":"debug","ts":"2026-10-05T08:40:46.345Z","caller":"ipamd/ipamd.go:1255","msg":"PD enabled - true"}
{"level":"debug","ts":"2026-10-05T08:40:46.762Z","caller":"awsutils/awsutils.go:2174","msg":"checkAPIErrorAndBroadcastEvent resulted in operation error EC2: AssignPrivateIpAddresses, https response error StatusCode: 400, RequestID: df6c0f2a-a6bf-42cc-b88a-3f6b566ca7e0, api error InsufficientCidrBlocks: The specified subnet does not have enough free cidr blocks to satisfy the request."}
{"level":"error","ts":"2026-10-05T08:40:46.763Z","caller":"ipamd/ipamd.go:1255","msg":"Failed to allocate a private IP/Prefix addresses on ENI eni-EXAMPLE20: operation error EC2: AssignPrivateIpAddresses, https response error StatusCode: 400, RequestID: df6c0f2a-a6bf-42cc-b88a-3f6b566ca7e0, api error InsufficientCidrBlocks: The specified subnet does not have enough free cidr blocks to satisfy the request."}
{"level":"debug","ts":"2026-10-05T08:40:46.763Z","caller":"ipamd/ipamd.go:1256","msg":"containsPrivateIPAddressLimitExceededError encountered operation error EC2: AssignPrivateIpAddresses, https response error StatusCode: 400, RequestID: df6c0f2a-a6bf-42cc-b88a-3f6b566ca7e0, api error InsufficientCidrBlocks: The specified subnet does not have enough free cidr blocks to satisfy the request."}
{"level":"warn","ts":"2026-10-05T08:40:46.763Z","caller":"ipamd/ipamd.go:1113","msg":"failed to allocate all available IPv4 Prefixes on ENI eni-EXAMPLE20, err: operation error EC2: AssignPrivateIpAddresses, https response error StatusCode: 400, RequestID: df6c0f2a-a6bf-42cc-b88a-3f6b566ca7e0, api error InsufficientCidrBlocks: The specified subnet does not have enough free cidr blocks to satisfy the request."}
{"level":"info","ts":"2026-10-05T08:40:46.763Z","caller":"ipamd/ipamd.go:1259","msg":"Trying to allocate 1 IP addresses on ENI eni-EXAMPLE20"}
{"level":"debug","ts":"2026-10-05T08:40:46.763Z","caller":"ipamd/ipamd.go:1259","msg":"PD enabled - true"}
{"level":"debug","ts":"2026-10-05T08:40:47.174Z","caller":"awsutils/awsutils.go:2174","msg":"checkAPIErrorAndBroadcastEvent resulted in operation error EC2: AssignPrivateIpAddresses, https response error StatusCode: 400, RequestID: ca11278b-3aec-464b-9cff-45758ceb49b2, api error InsufficientCidrBlocks: The specified subnet does not have enough free cidr blocks to satisfy the request."}
{"level":"error","ts":"2026-10-05T08:40:47.174Z","caller":"ipamd/ipamd.go:1259","msg":"Failed to allocate a private IP/Prefix addresses on ENI eni-EXAMPLE20: operation error EC2: AssignPrivateIpAddresses, https response error StatusCode: 400, RequestID: ca11278b-3aec-464b-9cff-45758ceb49b2, api error InsufficientCidrBlocks: The specified subnet does not have enough free cidr blocks to satisfy the request."}
{"level":"debug","ts":"2026-10-05T08:40:47.174Z","caller":"ipamd/ipamd.go:1260","msg":"containsPrivateIPAddressLimitExceededError encountered operation error EC2: AssignPrivateIpAddresses, https response error StatusCode: 400, RequestID: ca11278b-3aec-464b-9cff-45758ceb49b2, api error InsufficientCidrBlocks: The specified subnet does not have enough free cidr blocks to satisfy the request."}
{"level":"debug","ts":"2026-10-05T08:40:47.174Z","caller":"ipamd/ipamd.go:1262","msg":"containsInsufficientCIDRsOrSubnetIPs encountered operation error EC2: AssignPrivateIpAddresses, https response error StatusCode: 400, RequestID: ca11278b-3aec-464b-9cff-45758ceb49b2, api error InsufficientCidrBlocks: The specified subnet does not have enough free cidr blocks to satisfy the request."}
{"level":"debug","ts":"2026-10-05T08:40:47.174Z","caller":"ipamd/ipamd.go:1262","msg":"Insufficient IP Addresses due to: InsufficientCidrBlocks\n"}
{"level":"debug","ts":"2026-10-05T08:40:47.174Z","caller":"ipamd/ipamd.go:1003","msg":"hasRoomForEni: networkCard=0, currentENIs=1, currentUsableENIs=1, maxENI=3, unmanagedENI=0, trunkEni=0, excludedENI=0, hasRoom=true"}
{"level":"debug","ts":"2026-10-05T08:40:47.174Z","caller":"ipamd/ipamd.go:2758","msg":"Prefix target is 1, short of 1 prefixes, free 0 prefixes"}
{"level":"debug","ts":"2026-10-05T08:40:47.174Z","caller":"ipamd/ipamd.go:2595","msg":"ToAllocate: 1, Network Card 0"}
{"level":"info","ts":"2026-10-05T08:40:47.174Z","caller":"awsutils/awsutils.go:1044","msg":"Trying to allocate 1 IP addresses on new ENI"}
{"level":"debug","ts":"2026-10-05T08:40:47.174Z","caller":"awsutils/awsutils.go:1044","msg":"PD enabled - true"}
{"level":"debug","ts":"2026-10-05T08:40:47.423Z","caller":"awsutils/awsutils.go:1272","msg":"Primary subnet subnet-EXAMPLE4 has no kubernetes.io/role/cni tag, including it for ENI creation (backwards compatibility)"}
{"level":"info","ts":"2026-10-05T08:40:47.423Z","caller":"awsutils/awsutils.go:1044","msg":"Creating ENI with security groups: [sg-EXAMPLE1] in subnet: subnet-EXAMPLE4"}
{"level":"debug","ts":"2026-10-05T08:40:47.665Z","caller":"awsutils/awsutils.go:1449","msg":"checkAPIErrorAndBroadcastEvent resulted in operation error EC2: CreateNetworkInterface, https response error StatusCode: 400, RequestID: 38b92356-8dfc-4bec-a13a-01eaf5d56d9b, api error InvalidParameterValue: There aren't sufficient free Ipv4 addresses or prefixes"}
{"level":"error","ts":"2026-10-05T08:40:47.665Z","caller":"awsutils/awsutils.go:1285","msg":"Failed to CreateNetworkInterface operation error EC2: CreateNetworkInterface, https response error StatusCode: 400, RequestID: 38b92356-8dfc-4bec-a13a-01eaf5d56d9b, api error InvalidParameterValue: There aren't sufficient free Ipv4 addresses or prefixes for subnet subnet-EXAMPLE4"}
{"level":"debug","ts":"2026-10-05T08:40:47.665Z","caller":"awsutils/awsutils.go:1272","msg":"Subnet subnet-EXAMPLE3 has no kubernetes.io/role/cni tag, excluding it from ENI creation"}
{"level":"error","ts":"2026-10-05T08:40:47.665Z","caller":"ipamd/ipamd.go:1004","msg":"Failed to increase pool size due to not able to allocate ENI AllocENI: failed to create ENI: failed to create network interface: operation error EC2: CreateNetworkInterface, https response error StatusCode: 400, RequestID: 38b92356-8dfc-4bec-a13a-01eaf5d56d9b, api error InvalidParameterValue: There aren't sufficient free Ipv4 addresses or prefixes"}
{"level":"warn","ts":"2026-10-05T08:40:47.665Z","caller":"ipamd/ipamd.go:1004","msg":"Failed to allocate 1 IP addresses on an ENI: AllocENI: failed to create ENI: failed to create network interface: operation error EC2: CreateNetworkInterface, https response error StatusCode: 400, RequestID: 38b92356-8dfc-4bec-a13a-01eaf5d56d9b, api error InvalidParameterValue: There aren't sufficient free Ipv4 addresses or prefixes"}
{"level":"debug","ts":"2026-10-05T08:40:47.665Z","caller":"ipamd/ipamd.go:1082","msg":"containsInsufficientCIDRsOrSubnetIPs encountered AllocENI: failed to create ENI: failed to create network interface: operation error EC2: CreateNetworkInterface, https response error StatusCode: 400, RequestID: 38b92356-8dfc-4bec-a13a-01eaf5d56d9b, api error InvalidParameterValue: There aren't sufficient free Ipv4 addresses or prefixes"}
{"level":"debug","ts":"2026-10-05T08:40:47.665Z","caller":"ipamd/ipamd.go:1082","msg":"Insufficient IP Addresses due to: InvalidParameterValue\n"}
{"level":"debug","ts":"2026-10-05T08:40:47.665Z","caller":"ipamd/ipamd.go:813","msg":"Error trying to allocate ENI: AllocENI: failed to create ENI: failed to create network interface: operation error EC2: CreateNetworkInterface, https response error StatusCode: 400, RequestID: 38b92356-8dfc-4bec-a13a-01eaf5d56d9b, api error InvalidParameterValue: There aren't sufficient free Ipv4 addresses or prefixes"}
{"level":"debug","ts":"2026-10-05T08:40:47.665Z","caller":"ipamd/ipamd.go:1548","msg":"ENI eni-EXAMPLE20 cannot be deleted because it is primary"}
{"level":"debug","ts":"2026-10-05T08:40:50.165Z","caller":"ipamd/ipamd.go:798","msg":"Reconciling ENI/IP pool info because time since last 1m3.110270701s > 1m0s"}
{"level":"debug","ts":"2026-10-05T08:40:50.167Z","caller":"ipamd/ipamd.go:1621","msg":"Total number of interfaces found: 1 "}
{"level":"debug","ts":"2026-10-05T08:40:50.167Z","caller":"awsutils/awsutils.go:787","msg":"Found ENI MAC address: 12:ff:f3:10:df:d7"}
{"level":"debug","ts":"2026-10-05T08:40:50.171Z","caller":"awsutils/awsutils.go:787","msg":"Found ENI: eni-EXAMPLE20, MAC 12:ff:f3:10:df:d7, device 0"}
{"level":"debug","ts":"2026-10-05T08:40:50.173Z","caller":"awsutils/awsutils.go:787","msg":"Found IPv4 addresses associated with interface. This is not efa-only interface"}
{"level":"debug","ts":"2026-10-05T08:40:50.177Z","caller":"ipamd/ipamd.go:798","msg":"Reconcile existing ENI eni-EXAMPLE20 IP pool"}
{"level":"info","ts":"2026-10-05T08:40:50.177Z","caller":"ipamd/ipamd.go:1766","msg":"Reconcile and skip primary IP 10.20.0.29 on ENI eni-EXAMPLE20"}
{"level":"debug","ts":"2026-10-05T08:40:50.177Z","caller":"ipamd/ipamd.go:798","msg":"Reconcile existing ENI eni-EXAMPLE20 IP prefixes"}
{"level":"debug","ts":"2026-10-05T08:40:50.177Z","caller":"ipamd/ipamd.go:1693","msg":"Found prefix pool count 0 for eni eni-EXAMPLE20\n"}
{"level":"debug","ts":"2026-10-05T08:40:50.177Z","caller":"ipamd/ipamd.go:798","msg":"Successfully Reconciled ENI/IP pool"}
{"level":"debug","ts":"2026-10-05T08:40:50.177Z","caller":"ipamd/ipamd.go:1738","msg":"Prefix pool stats for network card 0: Total IPs/Prefixes = 0/0, AssignedIPs/CooldownIPs: 0/0, c.maxIPsPerENI = 80"}
{"level":"debug","ts":"2026-10-05T08:40:50.177Z","caller":"ipamd/ipamd.go:798","msg":"Primary IP for ENI eni-EXAMPLE20 is 10.20.0.29"}
{"level":"debug","ts":"2026-10-05T08:40:52.678Z","caller":"ipamd/ipamd.go:809","msg":"IP pool is too low for Network Card 0: available (0) < ENI target (1) * addrsPerENI (16)"}
{"level":"debug","ts":"2026-10-05T08:40:52.678Z","caller":"ipamd/ipamd.go:2689","msg":"Prefix pool stats for network card 0: Total IPs/Prefixes = 0/0, AssignedIPs/CooldownIPs: 0/0, c.maxIPsPerENI = 80"}
{"level":"debug","ts":"2026-10-05T08:40:52.678Z","caller":"ipamd/ipamd.go:795","msg":"IP stats for Network Card 0 - total IPs: 0, assigned IPs: 0, cooldown IPs: 0"}
{"level":"debug","ts":"2026-10-05T08:40:52.678Z","caller":"ipamd/ipamd.go:813","msg":"Starting to increase pool size for network card 0"}
{"level":"debug","ts":"2026-10-05T08:40:52.678Z","caller":"ipamd/ipamd.go:966","msg":"Node found \"ip-10-20-0-29.ec2.internal\" - no of taints - 0"}
{"level":"debug","ts":"2026-10-05T08:40:52.678Z","caller":"ipamd/ipamd.go:2758","msg":"Prefix target is 1, short of 1 prefixes, free 0 prefixes"}
{"level":"debug","ts":"2026-10-05T08:40:52.678Z","caller":"ipamd/ipamd.go:1248","msg":"ToAllocate: 1, Network Card 0"}
{"level":"debug","ts":"2026-10-05T08:40:52.678Z","caller":"ipamd/ipamd.go:1251","msg":"Found ENI eni-EXAMPLE20 that has less than the maximum number of IP/Prefixes addresses allocated: cur=0, max=5"}
{"level":"info","ts":"2026-10-05T08:40:52.678Z","caller":"ipamd/ipamd.go:1255","msg":"Trying to allocate 1 IP addresses on ENI eni-EXAMPLE20"}
{"level":"debug","ts":"2026-10-05T08:40:52.678Z","caller":"ipamd/ipamd.go:1255","msg":"PD enabled - true"}
{"level":"debug","ts":"2026-10-05T08:40:53.222Z","caller":"awsutils/awsutils.go:2174","msg":"checkAPIErrorAndBroadcastEvent resulted in operation error EC2: AssignPrivateIpAddresses, https response error StatusCode: 400, RequestID: e1e3bd82-7c84-4b78-b7c6-7320451d8e89, api error InsufficientCidrBlocks: The specified subnet does not have enough free cidr blocks to satisfy the request."}
{"level":"error","ts":"2026-10-05T08:40:53.222Z","caller":"ipamd/ipamd.go:1255","msg":"Failed to allocate a private IP/Prefix addresses on ENI eni-EXAMPLE20: operation error EC2: AssignPrivateIpAddresses, https response error StatusCode: 400, RequestID: e1e3bd82-7c84-4b78-b7c6-7320451d8e89, api error InsufficientCidrBlocks: The specified subnet does not have enough free cidr blocks to satisfy the request."}
{"level":"debug","ts":"2026-10-05T08:40:53.222Z","caller":"ipamd/ipamd.go:1256","msg":"containsPrivateIPAddressLimitExceededError encountered operation error EC2: AssignPrivateIpAddresses, https response error StatusCode: 400, RequestID: e1e3bd82-7c84-4b78-b7c6-7320451d8e89, api error InsufficientCidrBlocks: The specified subnet does not have enough free cidr blocks to satisfy the request."}
{"level":"warn","ts":"2026-10-05T08:40:53.222Z","caller":"ipamd/ipamd.go:1113","msg":"failed to allocate all available IPv4 Prefixes on ENI eni-EXAMPLE20, err: operation error EC2: AssignPrivateIpAddresses, https response error StatusCode: 400, RequestID: e1e3bd82-7c84-4b78-b7c6-7320451d8e89, api error InsufficientCidrBlocks: The specified subnet does not have enough free cidr blocks to satisfy the request."}
{"level":"info","ts":"2026-10-05T08:40:53.222Z","caller":"ipamd/ipamd.go:1259","msg":"Trying to allocate 1 IP addresses on ENI eni-EXAMPLE20"}
{"level":"debug","ts":"2026-10-05T08:40:53.222Z","caller":"ipamd/ipamd.go:1259","msg":"PD enabled - true"}
{"level":"debug","ts":"2026-10-05T08:40:53.612Z","caller":"awsutils/awsutils.go:2174","msg":"checkAPIErrorAndBroadcastEvent resulted in operation error EC2: AssignPrivateIpAddresses, https response error StatusCode: 400, RequestID: ea4a5905-5e81-495b-a486-190b3427b41c, api error InsufficientCidrBlocks: The specified subnet does not have enough free cidr blocks to satisfy the request."}
{"level":"error","ts":"2026-10-05T08:40:53.612Z","caller":"ipamd/ipamd.go:1259","msg":"Failed to allocate a private IP/Prefix addresses on ENI eni-EXAMPLE20: operation error EC2: AssignPrivateIpAddresses, https response error StatusCode: 400, RequestID: ea4a5905-5e81-495b-a486-190b3427b41c, api error InsufficientCidrBlocks: The specified subnet does not have enough free cidr blocks to satisfy the request."}
{"level":"debug","ts":"2026-10-05T08:40:53.612Z","caller":"ipamd/ipamd.go:1260","msg":"containsPrivateIPAddressLimitExceededError encountered operation error EC2: AssignPrivateIpAddresses, https response error StatusCode: 400, RequestID: ea4a5905-5e81-495b-a486-190b3427b41c, api error InsufficientCidrBlocks: The specified subnet does not have enough free cidr blocks to satisfy the request."}
{"level":"debug","ts":"2026-10-05T08:40:53.612Z","caller":"ipamd/ipamd.go:1262","msg":"containsInsufficientCIDRsOrSubnetIPs encountered operation error EC2: AssignPrivateIpAddresses, https response error StatusCode: 400, RequestID: ea4a5905-5e81-495b-a486-190b3427b41c, api error InsufficientCidrBlocks: The specified subnet does not have enough free cidr blocks to satisfy the request."}
{"level":"debug","ts":"2026-10-05T08:40:53.612Z","caller":"ipamd/ipamd.go:1262","msg":"Insufficient IP Addresses due to: InsufficientCidrBlocks\n"}
{"level":"debug","ts":"2026-10-05T08:40:53.612Z","caller":"ipamd/ipamd.go:1003","msg":"hasRoomForEni: networkCard=0, currentENIs=1, currentUsableENIs=1, maxENI=3, unmanagedENI=0, trunkEni=0, excludedENI=0, hasRoom=true"}
{"level":"debug","ts":"2026-10-05T08:40:53.612Z","caller":"ipamd/ipamd.go:2758","msg":"Prefix target is 1, short of 1 prefixes, free 0 prefixes"}
{"level":"debug","ts":"2026-10-05T08:40:53.612Z","caller":"ipamd/ipamd.go:2595","msg":"ToAllocate: 1, Network Card 0"}
{"level":"info","ts":"2026-10-05T08:40:53.612Z","caller":"awsutils/awsutils.go:1044","msg":"Trying to allocate 1 IP addresses on new ENI"}
{"level":"debug","ts":"2026-10-05T08:40:53.612Z","caller":"awsutils/awsutils.go:1044","msg":"PD enabled - true"}
{"level":"debug","ts":"2026-10-05T08:40:53.807Z","caller":"awsutils/awsutils.go:1272","msg":"Primary subnet subnet-EXAMPLE4 has no kubernetes.io/role/cni tag, including it for ENI creation (backwards compatibility)"}
{"level":"info","ts":"2026-10-05T08:40:53.807Z","caller":"awsutils/awsutils.go:1044","msg":"Creating ENI with security groups: [sg-EXAMPLE1] in subnet: subnet-EXAMPLE4"}
{"level":"debug","ts":"2026-10-05T08:40:54.030Z","caller":"awsutils/awsutils.go:1449","msg":"checkAPIErrorAndBroadcastEvent resulted in operation error EC2: CreateNetworkInterface, https response error StatusCode: 400, RequestID: f7a9d470-2306-4d22-9f2e-590dbcba18eb, api error InvalidParameterValue: There aren't sufficient free Ipv4 addresses or prefixes"}
{"level":"error","ts":"2026-10-05T08:40:54.030Z","caller":"awsutils/awsutils.go:1285","msg":"Failed to CreateNetworkInterface operation error EC2: CreateNetworkInterface, https response error StatusCode: 400, RequestID: f7a9d470-2306-4d22-9f2e-590dbcba18eb, api error InvalidParameterValue: There aren't sufficient free Ipv4 addresses or prefixes for subnet subnet-EXAMPLE4"}
{"level":"debug","ts":"2026-10-05T08:40:54.030Z","caller":"awsutils/awsutils.go:1272","msg":"Subnet subnet-EXAMPLE3 has no kubernetes.io/role/cni tag, excluding it from ENI creation"}
{"level":"error","ts":"2026-10-05T08:40:54.030Z","caller":"ipamd/ipamd.go:1004","msg":"Failed to increase pool size due to not able to allocate ENI AllocENI: failed to create ENI: failed to create network interface: operation error EC2: CreateNetworkInterface, https response error StatusCode: 400, RequestID: f7a9d470-2306-4d22-9f2e-590dbcba18eb, api error InvalidParameterValue: There aren't sufficient free Ipv4 addresses or prefixes"}
{"level":"warn","ts":"2026-10-05T08:40:54.030Z","caller":"ipamd/ipamd.go:1004","msg":"Failed to allocate 1 IP addresses on an ENI: AllocENI: failed to create ENI: failed to create network interface: operation error EC2: CreateNetworkInterface, https response error StatusCode: 400, RequestID: f7a9d470-2306-4d22-9f2e-590dbcba18eb, api error InvalidParameterValue: There aren't sufficient free Ipv4 addresses or prefixes"}
{"level":"debug","ts":"2026-10-05T08:40:54.030Z","caller":"ipamd/ipamd.go:1082","msg":"containsInsufficientCIDRsOrSubnetIPs encountered AllocENI: failed to create ENI: failed to create network interface: operation error EC2: CreateNetworkInterface, https response error StatusCode: 400, RequestID: f7a9d470-2306-4d22-9f2e-590dbcba18eb, api error InvalidParameterValue: There aren't sufficient free Ipv4 addresses or prefixes"}
{"level":"debug","ts":"2026-10-05T08:40:54.030Z","caller":"ipamd/ipamd.go:1082","msg":"Insufficient IP Addresses due to: InvalidParameterValue\n"}
{"level":"debug","ts":"2026-10-05T08:40:54.030Z","caller":"ipamd/ipamd.go:813","msg":"Error trying to allocate ENI: AllocENI: failed to create ENI: failed to create network interface: operation error EC2: CreateNetworkInterface, https response error StatusCode: 400, RequestID: f7a9d470-2306-4d22-9f2e-590dbcba18eb, api error InvalidParameterValue: There aren't sufficient free Ipv4 addresses or prefixes"}
{"level":"debug","ts":"2026-10-05T08:40:54.030Z","caller":"ipamd/ipamd.go:1548","msg":"ENI eni-EXAMPLE20 cannot be deleted because it is primary"}
{"level":"debug","ts":"2026-10-05T08:40:59.032Z","caller":"ipamd/ipamd.go:809","msg":"IP pool is too low for Network Card 0: available (0) < ENI target (1) * addrsPerENI (16)"}
{"level":"debug","ts":"2026-10-05T08:40:59.032Z","caller":"ipamd/ipamd.go:2689","msg":"Prefix pool stats for network card 0: Total IPs/Prefixes = 0/0, AssignedIPs/CooldownIPs: 0/0, c.maxIPsPerENI = 80"}
{"level":"debug","ts":"2026-10-05T08:40:59.032Z","caller":"ipamd/ipamd.go:795","msg":"IP stats for Network Card 0 - total IPs: 0, assigned IPs: 0, cooldown IPs: 0"}
{"level":"debug","ts":"2026-10-05T08:40:59.032Z","caller":"ipamd/ipamd.go:813","msg":"Starting to increase pool size for network card 0"}
{"level":"debug","ts":"2026-10-05T08:40:59.032Z","caller":"ipamd/ipamd.go:966","msg":"Node found \"ip-10-20-0-29.ec2.internal\" - no of taints - 0"}
{"level":"debug","ts":"2026-10-05T08:40:59.032Z","caller":"ipamd/ipamd.go:2758","msg":"Prefix target is 1, short of 1 prefixes, free 0 prefixes"}
{"level":"debug","ts":"2026-10-05T08:40:59.032Z","caller":"ipamd/ipamd.go:1248","msg":"ToAllocate: 1, Network Card 0"}
{"level":"debug","ts":"2026-10-05T08:40:59.032Z","caller":"ipamd/ipamd.go:1251","msg":"Found ENI eni-EXAMPLE20 that has less than the maximum number of IP/Prefixes addresses allocated: cur=0, max=5"}
{"level":"info","ts":"2026-10-05T08:40:59.032Z","caller":"ipamd/ipamd.go:1255","msg":"Trying to allocate 1 IP addresses on ENI eni-EXAMPLE20"}
{"level":"debug","ts":"2026-10-05T08:40:59.032Z","caller":"ipamd/ipamd.go:1255","msg":"PD enabled - true"}
{"level":"debug","ts":"2026-10-05T08:40:59.461Z","caller":"awsutils/awsutils.go:2174","msg":"checkAPIErrorAndBroadcastEvent resulted in operation error EC2: AssignPrivateIpAddresses, https response error StatusCode: 400, RequestID: 38648f05-7610-4f7a-ac9d-db90bfa9fbbd, api error InsufficientCidrBlocks: The specified subnet does not have enough free cidr blocks to satisfy the request."}
{"level":"error","ts":"2026-10-05T08:40:59.461Z","caller":"ipamd/ipamd.go:1255","msg":"Failed to allocate a private IP/Prefix addresses on ENI eni-EXAMPLE20: operation error EC2: AssignPrivateIpAddresses, https response error StatusCode: 400, RequestID: 38648f05-7610-4f7a-ac9d-db90bfa9fbbd, api error InsufficientCidrBlocks: The specified subnet does not have enough free cidr blocks to satisfy the request."}
{"level":"debug","ts":"2026-10-05T08:40:59.461Z","caller":"ipamd/ipamd.go:1256","msg":"containsPrivateIPAddressLimitExceededError encountered operation error EC2: AssignPrivateIpAddresses, https response error StatusCode: 400, RequestID: 38648f05-7610-4f7a-ac9d-db90bfa9fbbd, api error InsufficientCidrBlocks: The specified subnet does not have enough free cidr blocks to satisfy the request."}
{"level":"warn","ts":"2026-10-05T08:40:59.461Z","caller":"ipamd/ipamd.go:1113","msg":"failed to allocate all available IPv4 Prefixes on ENI eni-EXAMPLE20, err: operation error EC2: AssignPrivateIpAddresses, https response error StatusCode: 400, RequestID: 38648f05-7610-4f7a-ac9d-db90bfa9fbbd, api error InsufficientCidrBlocks: The specified subnet does not have enough free cidr blocks to satisfy the request."}
{"level":"info","ts":"2026-10-05T08:40:59.461Z","caller":"ipamd/ipamd.go:1259","msg":"Trying to allocate 1 IP addresses on ENI eni-EXAMPLE20"}
{"level":"debug","ts":"2026-10-05T08:40:59.461Z","caller":"ipamd/ipamd.go:1259","msg":"PD enabled - true"}
{"level":"debug","ts":"2026-10-05T08:40:59.876Z","caller":"awsutils/awsutils.go:2174","msg":"checkAPIErrorAndBroadcastEvent resulted in operation error EC2: AssignPrivateIpAddresses, https response error StatusCode: 400, RequestID: d4f97711-ed9b-4b93-b1f4-7b9e0fff0054, api error InsufficientCidrBlocks: The specified subnet does not have enough free cidr blocks to satisfy the request."}
{"level":"error","ts":"2026-10-05T08:40:59.876Z","caller":"ipamd/ipamd.go:1259","msg":"Failed to allocate a private IP/Prefix addresses on ENI eni-EXAMPLE20: operation error EC2: AssignPrivateIpAddresses, https response error StatusCode: 400, RequestID: d4f97711-ed9b-4b93-b1f4-7b9e0fff0054, api error InsufficientCidrBlocks: The specified subnet does not have enough free cidr blocks to satisfy the request."}
{"level":"debug","ts":"2026-10-05T08:40:59.877Z","caller":"ipamd/ipamd.go:1260","msg":"containsPrivateIPAddressLimitExceededError encountered operation error EC2: AssignPrivateIpAddresses, https response error StatusCode: 400, RequestID: d4f97711-ed9b-4b93-b1f4-7b9e0fff0054, api error InsufficientCidrBlocks: The specified subnet does not have enough free cidr blocks to satisfy the request."}
{"level":"debug","ts":"2026-10-05T08:40:59.877Z","caller":"ipamd/ipamd.go:1262","msg":"containsInsufficientCIDRsOrSubnetIPs encountered operation error EC2: AssignPrivateIpAddresses, https response error StatusCode: 400, RequestID: d4f97711-ed9b-4b93-b1f4-7b9e0fff0054, api error InsufficientCidrBlocks: The specified subnet does not have enough free cidr blocks to satisfy the request."}
{"level":"debug","ts":"2026-10-05T08:40:59.877Z","caller":"ipamd/ipamd.go:1262","msg":"Insufficient IP Addresses due to: InsufficientCidrBlocks\n"}
{"level":"debug","ts":"2026-10-05T08:40:59.877Z","caller":"ipamd/ipamd.go:1003","msg":"hasRoomForEni: networkCard=0, currentENIs=1, currentUsableENIs=1, maxENI=3, unmanagedENI=0, trunkEni=0, excludedENI=0, hasRoom=true"}
{"level":"debug","ts":"2026-10-05T08:40:59.877Z","caller":"ipamd/ipamd.go:2758","msg":"Prefix target is 1, short of 1 prefixes, free 0 prefixes"}
{"level":"debug","ts":"2026-10-05T08:40:59.877Z","caller":"ipamd/ipamd.go:2595","msg":"ToAllocate: 1, Network Card 0"}
{"level":"info","ts":"2026-10-05T08:40:59.877Z","caller":"awsutils/awsutils.go:1044","msg":"Trying to allocate 1 IP addresses on new ENI"}
{"level":"debug","ts":"2026-10-05T08:40:59.877Z","caller":"awsutils/awsutils.go:1044","msg":"PD enabled - true"}
{"level":"debug","ts":"2026-10-05T08:41:00.107Z","caller":"awsutils/awsutils.go:1272","msg":"Primary subnet subnet-EXAMPLE4 has no kubernetes.io/role/cni tag, including it for ENI creation (backwards compatibility)"}
{"level":"info","ts":"2026-10-05T08:41:00.107Z","caller":"awsutils/awsutils.go:1044","msg":"Creating ENI with security groups: [sg-EXAMPLE1] in subnet: subnet-EXAMPLE4"}
{"level":"debug","ts":"2026-10-05T08:41:00.340Z","caller":"awsutils/awsutils.go:1449","msg":"checkAPIErrorAndBroadcastEvent resulted in operation error EC2: CreateNetworkInterface, https response error StatusCode: 400, RequestID: 0fb471e5-e512-4013-a96c-e164af891440, api error InvalidParameterValue: There aren't sufficient free Ipv4 addresses or prefixes"}
{"level":"error","ts":"2026-10-05T08:41:00.340Z","caller":"awsutils/awsutils.go:1285","msg":"Failed to CreateNetworkInterface operation error EC2: CreateNetworkInterface, https response error StatusCode: 400, RequestID: 0fb471e5-e512-4013-a96c-e164af891440, api error InvalidParameterValue: There aren't sufficient free Ipv4 addresses or prefixes for subnet subnet-EXAMPLE4"}
{"level":"debug","ts":"2026-10-05T08:41:00.340Z","caller":"awsutils/awsutils.go:1272","msg":"Subnet subnet-EXAMPLE3 has no kubernetes.io/role/cni tag, excluding it from ENI creation"}
{"level":"error","ts":"2026-10-05T08:41:00.340Z","caller":"ipamd/ipamd.go:1004","msg":"Failed to increase pool size due to not able to allocate ENI AllocENI: failed to create ENI: failed to create network interface: operation error EC2: CreateNetworkInterface, https response error StatusCode: 400, RequestID: 0fb471e5-e512-4013-a96c-e164af891440, api error InvalidParameterValue: There aren't sufficient free Ipv4 addresses or prefixes"}
{"level":"warn","ts":"2026-10-05T08:41:00.340Z","caller":"ipamd/ipamd.go:1004","msg":"Failed to allocate 1 IP addresses on an ENI: AllocENI: failed to create ENI: failed to create network interface: operation error EC2: CreateNetworkInterface, https response error StatusCode: 400, RequestID: 0fb471e5-e512-4013-a96c-e164af891440, api error InvalidParameterValue: There aren't sufficient free Ipv4 addresses or prefixes"}
{"level":"debug","ts":"2026-10-05T08:41:00.340Z","caller":"ipamd/ipamd.go:1082","msg":"containsInsufficientCIDRsOrSubnetIPs encountered AllocENI: failed to create ENI: failed to create network interface: operation error EC2: CreateNetworkInterface, https response error StatusCode: 400, RequestID: 0fb471e5-e512-4013-a96c-e164af891440, api error InvalidParameterValue: There aren't sufficient free Ipv4 addresses or prefixes"}
{"level":"debug","ts":"2026-10-05T08:41:00.340Z","caller":"ipamd/ipamd.go:1082","msg":"Insufficient IP Addresses due to: InvalidParameterValue\n"}
{"level":"debug","ts":"2026-10-05T08:41:00.340Z","caller":"ipamd/ipamd.go:813","msg":"Error trying to allocate ENI: AllocENI: failed to create ENI: failed to create network interface: operation error EC2: CreateNetworkInterface, https response error StatusCode: 400, RequestID: 0fb471e5-e512-4013-a96c-e164af891440, api error InvalidParameterValue: There aren't sufficient free Ipv4 addresses or prefixes"}
{"level":"debug","ts":"2026-10-05T08:41:00.340Z","caller":"ipamd/ipamd.go:1548","msg":"ENI eni-EXAMPLE20 cannot be deleted because it is primary"}
{"level":"debug","ts":"2026-10-05T08:41:05.342Z","caller":"ipamd/ipamd.go:809","msg":"IP pool is too low for Network Card 0: available (0) < ENI target (1) * addrsPerENI (16)"}
{"level":"debug","ts":"2026-10-05T08:41:05.342Z","caller":"ipamd/ipamd.go:2689","msg":"Prefix pool stats for network card 0: Total IPs/Prefixes = 0/0, AssignedIPs/CooldownIPs: 0/0, c.maxIPsPerENI = 80"}
{"level":"debug","ts":"2026-10-05T08:41:05.342Z","caller":"ipamd/ipamd.go:795","msg":"IP stats for Network Card 0 - total IPs: 0, assigned IPs: 0, cooldown IPs: 0"}
{"level":"debug","ts":"2026-10-05T08:41:05.342Z","caller":"ipamd/ipamd.go:813","msg":"Starting to increase pool size for network card 0"}
{"level":"debug","ts":"2026-10-05T08:41:05.343Z","caller":"ipamd/ipamd.go:966","msg":"Node found \"ip-10-20-0-29.ec2.internal\" - no of taints - 0"}
{"level":"debug","ts":"2026-10-05T08:41:05.343Z","caller":"ipamd/ipamd.go:2758","msg":"Prefix target is 1, short of 1 prefixes, free 0 prefixes"}
{"level":"debug","ts":"2026-10-05T08:41:05.343Z","caller":"ipamd/ipamd.go:1248","msg":"ToAllocate: 1, Network Card 0"}
{"level":"debug","ts":"2026-10-05T08:41:05.343Z","caller":"ipamd/ipamd.go:1251","msg":"Found ENI eni-EXAMPLE20 that has less than the maximum number of IP/Prefixes addresses allocated: cur=0, max=5"}
{"level":"info","ts":"2026-10-05T08:41:05.343Z","caller":"ipamd/ipamd.go:1255","msg":"Trying to allocate 1 IP addresses on ENI eni-EXAMPLE20"}
{"level":"debug","ts":"2026-10-05T08:41:05.343Z","caller":"ipamd/ipamd.go:1255","msg":"PD enabled - true"}
{"level":"debug","ts":"2026-10-05T08:41:05.754Z","caller":"awsutils/awsutils.go:2174","msg":"checkAPIErrorAndBroadcastEvent resulted in operation error EC2: AssignPrivateIpAddresses, https response error StatusCode: 400, RequestID: 0bb5c0ce-0695-4f70-a321-8343e8f166cd, api error InsufficientCidrBlocks: The specified subnet does not have enough free cidr blocks to satisfy the request."}
{"level":"error","ts":"2026-10-05T08:41:05.754Z","caller":"ipamd/ipamd.go:1255","msg":"Failed to allocate a private IP/Prefix addresses on ENI eni-EXAMPLE20: operation error EC2: AssignPrivateIpAddresses, https response error StatusCode: 400, RequestID: 0bb5c0ce-0695-4f70-a321-8343e8f166cd, api error InsufficientCidrBlocks: The specified subnet does not have enough free cidr blocks to satisfy the request."}
{"level":"debug","ts":"2026-10-05T08:41:05.754Z","caller":"ipamd/ipamd.go:1256","msg":"containsPrivateIPAddressLimitExceededError encountered operation error EC2: AssignPrivateIpAddresses, https response error StatusCode: 400, RequestID: 0bb5c0ce-0695-4f70-a321-8343e8f166cd, api error InsufficientCidrBlocks: The specified subnet does not have enough free cidr blocks to satisfy the request."}
{"level":"warn","ts":"2026-10-05T08:41:05.754Z","caller":"ipamd/ipamd.go:1113","msg":"failed to allocate all available IPv4 Prefixes on ENI eni-EXAMPLE20, err: operation error EC2: AssignPrivateIpAddresses, https response error StatusCode: 400, RequestID: 0bb5c0ce-0695-4f70-a321-8343e8f166cd, api error InsufficientCidrBlocks: The specified subnet does not have enough free cidr blocks to satisfy the request."}
{"level":"info","ts":"2026-10-05T08:41:05.754Z","caller":"ipamd/ipamd.go:1259","msg":"Trying to allocate 1 IP addresses on ENI eni-EXAMPLE20"}
{"level":"debug","ts":"2026-10-05T08:41:05.754Z","caller":"ipamd/ipamd.go:1259","msg":"PD enabled - true"}
{"level":"debug","ts":"2026-10-05T08:41:06.218Z","caller":"awsutils/awsutils.go:2174","msg":"checkAPIErrorAndBroadcastEvent resulted in operation error EC2: AssignPrivateIpAddresses, https response error StatusCode: 400, RequestID: df4b481e-3ea0-439b-92d6-78f4366610da, api error InsufficientCidrBlocks: The specified subnet does not have enough free cidr blocks to satisfy the request."}
{"level":"error","ts":"2026-10-05T08:41:06.218Z","caller":"ipamd/ipamd.go:1259","msg":"Failed to allocate a private IP/Prefix addresses on ENI eni-EXAMPLE20: operation error EC2: AssignPrivateIpAddresses, https response error StatusCode: 400, RequestID: df4b481e-3ea0-439b-92d6-78f4366610da, api error InsufficientCidrBlocks: The specified subnet does not have enough free cidr blocks to satisfy the request."}
{"level":"debug","ts":"2026-10-05T08:41:06.218Z","caller":"ipamd/ipamd.go:1260","msg":"containsPrivateIPAddressLimitExceededError encountered operation error EC2: AssignPrivateIpAddresses, https response error StatusCode: 400, RequestID: df4b481e-3ea0-439b-92d6-78f4366610da, api error InsufficientCidrBlocks: The specified subnet does not have enough free cidr blocks to satisfy the request."}
{"level":"debug","ts":"2026-10-05T08:41:06.218Z","caller":"ipamd/ipamd.go:1262","msg":"containsInsufficientCIDRsOrSubnetIPs encountered operation error EC2: AssignPrivateIpAddresses, https response error StatusCode: 400, RequestID: df4b481e-3ea0-439b-92d6-78f4366610da, api error InsufficientCidrBlocks: The specified subnet does not have enough free cidr blocks to satisfy the request."}
{"level":"debug","ts":"2026-10-05T08:41:06.218Z","caller":"ipamd/ipamd.go:1262","msg":"Insufficient IP Addresses due to: InsufficientCidrBlocks\n"}
{"level":"debug","ts":"2026-10-05T08:41:06.218Z","caller":"ipamd/ipamd.go:1003","msg":"hasRoomForEni: networkCard=0, currentENIs=1, currentUsableENIs=1, maxENI=3, unmanagedENI=0, trunkEni=0, excludedENI=0, hasRoom=true"}
{"level":"debug","ts":"2026-10-05T08:41:06.218Z","caller":"ipamd/ipamd.go:2758","msg":"Prefix target is 1, short of 1 prefixes, free 0 prefixes"}
{"level":"debug","ts":"2026-10-05T08:41:06.218Z","caller":"ipamd/ipamd.go:2595","msg":"ToAllocate: 1, Network Card 0"}
{"level":"info","ts":"2026-10-05T08:41:06.218Z","caller":"awsutils/awsutils.go:1044","msg":"Trying to allocate 1 IP addresses on new ENI"}
{"level":"debug","ts":"2026-10-05T08:41:06.218Z","caller":"awsutils/awsutils.go:1044","msg":"PD enabled - true"}
{"level":"debug","ts":"2026-10-05T08:41:06.447Z","caller":"awsutils/awsutils.go:1272","msg":"Primary subnet subnet-EXAMPLE4 has no kubernetes.io/role/cni tag, including it for ENI creation (backwards compatibility)"}
{"level":"info","ts":"2026-10-05T08:41:06.448Z","caller":"awsutils/awsutils.go:1044","msg":"Creating ENI with security groups: [sg-EXAMPLE1] in subnet: subnet-EXAMPLE4"}
{"level":"debug","ts":"2026-10-05T08:41:06.682Z","caller":"awsutils/awsutils.go:1449","msg":"checkAPIErrorAndBroadcastEvent resulted in operation error EC2: CreateNetworkInterface, https response error StatusCode: 400, RequestID: 73114438-cf51-4e4e-8cdf-076c0f291e14, api error InvalidParameterValue: There aren't sufficient free Ipv4 addresses or prefixes"}
{"level":"error","ts":"2026-10-05T08:41:06.682Z","caller":"awsutils/awsutils.go:1285","msg":"Failed to CreateNetworkInterface operation error EC2: CreateNetworkInterface, https response error StatusCode: 400, RequestID: 73114438-cf51-4e4e-8cdf-076c0f291e14, api error InvalidParameterValue: There aren't sufficient free Ipv4 addresses or prefixes for subnet subnet-EXAMPLE4"}
{"level":"debug","ts":"2026-10-05T08:41:06.682Z","caller":"awsutils/awsutils.go:1272","msg":"Subnet subnet-EXAMPLE3 has no kubernetes.io/role/cni tag, excluding it from ENI creation"}
{"level":"error","ts":"2026-10-05T08:41:06.682Z","caller":"ipamd/ipamd.go:1004","msg":"Failed to increase pool size due to not able to allocate ENI AllocENI: failed to create ENI: failed to create network interface: operation error EC2: CreateNetworkInterface, https response error StatusCode: 400, RequestID: 73114438-cf51-4e4e-8cdf-076c0f291e14, api error InvalidParameterValue: There aren't sufficient free Ipv4 addresses or prefixes"}
{"level":"warn","ts":"2026-10-05T08:41:06.682Z","caller":"ipamd/ipamd.go:1004","msg":"Failed to allocate 1 IP addresses on an ENI: AllocENI: failed to create ENI: failed to create network interface: operation error EC2: CreateNetworkInterface, https response error StatusCode: 400, RequestID: 73114438-cf51-4e4e-8cdf-076c0f291e14, api error InvalidParameterValue: There aren't sufficient free Ipv4 addresses or prefixes"}
{"level":"debug","ts":"2026-10-05T08:41:06.682Z","caller":"ipamd/ipamd.go:1082","msg":"containsInsufficientCIDRsOrSubnetIPs encountered AllocENI: failed to create ENI: failed to create network interface: operation error EC2: CreateNetworkInterface, https response error StatusCode: 400, RequestID: 73114438-cf51-4e4e-8cdf-076c0f291e14, api error InvalidParameterValue: There aren't sufficient free Ipv4 addresses or prefixes"}
{"level":"debug","ts":"2026-10-05T08:41:06.682Z","caller":"ipamd/ipamd.go:1082","msg":"Insufficient IP Addresses due to: InvalidParameterValue\n"}
{"level":"debug","ts":"2026-10-05T08:41:06.682Z","caller":"ipamd/ipamd.go:813","msg":"Error trying to allocate ENI: AllocENI: failed to create ENI: failed to create network interface: operation error EC2: CreateNetworkInterface, https response error StatusCode: 400, RequestID: 73114438-cf51-4e4e-8cdf-076c0f291e14, api error InvalidParameterValue: There aren't sufficient free Ipv4 addresses or prefixes"}
{"level":"debug","ts":"2026-10-05T08:41:06.682Z","caller":"ipamd/ipamd.go:1548","msg":"ENI eni-EXAMPLE20 cannot be deleted because it is primary"}
{"level":"debug","ts":"2026-10-05T08:41:11.684Z","caller":"ipamd/ipamd.go:809","msg":"IP pool is too low for Network Card 0: available (0) < ENI target (1) * addrsPerENI (16)"}
{"level":"debug","ts":"2026-10-05T08:41:11.684Z","caller":"ipamd/ipamd.go:2689","msg":"Prefix pool stats for network card 0: Total IPs/Prefixes = 0/0, AssignedIPs/CooldownIPs: 0/0, c.maxIPsPerENI = 80"}
{"level":"debug","ts":"2026-10-05T08:41:11.684Z","caller":"ipamd/ipamd.go:795","msg":"IP stats for Network Card 0 - total IPs: 0, assigned IPs: 0, cooldown IPs: 0"}
{"level":"debug","ts":"2026-10-05T08:41:11.684Z","caller":"ipamd/ipamd.go:813","msg":"Starting to increase pool size for network card 0"}
{"level":"debug","ts":"2026-10-05T08:41:11.684Z","caller":"ipamd/ipamd.go:966","msg":"Node found \"ip-10-20-0-29.ec2.internal\" - no of taints - 0"}
{"level":"debug","ts":"2026-10-05T08:41:11.684Z","caller":"ipamd/ipamd.go:2758","msg":"Prefix target is 1, short of 1 prefixes, free 0 prefixes"}
{"level":"debug","ts":"2026-10-05T08:41:11.684Z","caller":"ipamd/ipamd.go:1248","msg":"ToAllocate: 1, Network Card 0"}
{"level":"debug","ts":"2026-10-05T08:41:11.684Z","caller":"ipamd/ipamd.go:1251","msg":"Found ENI eni-EXAMPLE20 that has less than the maximum number of IP/Prefixes addresses allocated: cur=0, max=5"}
{"level":"info","ts":"2026-10-05T08:41:11.684Z","caller":"ipamd/ipamd.go:1255","msg":"Trying to allocate 1 IP addresses on ENI eni-EXAMPLE20"}
{"level":"debug","ts":"2026-10-05T08:41:11.684Z","caller":"ipamd/ipamd.go:1255","msg":"PD enabled - true"}
{"level":"debug","ts":"2026-10-05T08:41:12.307Z","caller":"awsutils/awsutils.go:2174","msg":"checkAPIErrorAndBroadcastEvent resulted in operation error EC2: AssignPrivateIpAddresses, https response error StatusCode: 400, RequestID: c34b946f-4250-4bf5-9088-b5f28392365b, api error InsufficientCidrBlocks: The specified subnet does not have enough free cidr blocks to satisfy the request."}
{"level":"error","ts":"2026-10-05T08:41:12.307Z","caller":"ipamd/ipamd.go:1255","msg":"Failed to allocate a private IP/Prefix addresses on ENI eni-EXAMPLE20: operation error EC2: AssignPrivateIpAddresses, https response error StatusCode: 400, RequestID: c34b946f-4250-4bf5-9088-b5f28392365b, api error InsufficientCidrBlocks: The specified subnet does not have enough free cidr blocks to satisfy the request."}
{"level":"debug","ts":"2026-10-05T08:41:12.307Z","caller":"ipamd/ipamd.go:1256","msg":"containsPrivateIPAddressLimitExceededError encountered operation error EC2: AssignPrivateIpAddresses, https response error StatusCode: 400, RequestID: c34b946f-4250-4bf5-9088-b5f28392365b, api error InsufficientCidrBlocks: The specified subnet does not have enough free cidr blocks to satisfy the request."}
{"level":"warn","ts":"2026-10-05T08:41:12.307Z","caller":"ipamd/ipamd.go:1113","msg":"failed to allocate all available IPv4 Prefixes on ENI eni-EXAMPLE20, err: operation error EC2: AssignPrivateIpAddresses, https response error StatusCode: 400, RequestID: c34b946f-4250-4bf5-9088-b5f28392365b, api error InsufficientCidrBlocks: The specified subnet does not have enough free cidr blocks to satisfy the request."}
{"level":"info","ts":"2026-10-05T08:41:12.307Z","caller":"ipamd/ipamd.go:1259","msg":"Trying to allocate 1 IP addresses on ENI eni-EXAMPLE20"}
{"level":"debug","ts":"2026-10-05T08:41:12.307Z","caller":"ipamd/ipamd.go:1259","msg":"PD enabled - true"}
{"level":"debug","ts":"2026-10-05T08:41:12.709Z","caller":"awsutils/awsutils.go:2174","msg":"checkAPIErrorAndBroadcastEvent resulted in operation error EC2: AssignPrivateIpAddresses, https response error StatusCode: 400, RequestID: 63684483-4e2b-45ae-834d-8e94570d718f, api error InsufficientCidrBlocks: The specified subnet does not have enough free cidr blocks to satisfy the request."}
{"level":"error","ts":"2026-10-05T08:41:12.710Z","caller":"ipamd/ipamd.go:1259","msg":"Failed to allocate a private IP/Prefix addresses on ENI eni-EXAMPLE20: operation error EC2: AssignPrivateIpAddresses, https response error StatusCode: 400, RequestID: 63684483-4e2b-45ae-834d-8e94570d718f, api error InsufficientCidrBlocks: The specified subnet does not have enough free cidr blocks to satisfy the request."}
{"level":"debug","ts":"2026-10-05T08:41:12.710Z","caller":"ipamd/ipamd.go:1260","msg":"containsPrivateIPAddressLimitExceededError encountered operation error EC2: AssignPrivateIpAddresses, https response error StatusCode: 400, RequestID: 63684483-4e2b-45ae-834d-8e94570d718f, api error InsufficientCidrBlocks: The specified subnet does not have enough free cidr blocks to satisfy the request."}
{"level":"debug","ts":"2026-10-05T08:41:12.710Z","caller":"ipamd/ipamd.go:1262","msg":"containsInsufficientCIDRsOrSubnetIPs encountered operation error EC2: AssignPrivateIpAddresses, https response error StatusCode: 400, RequestID: 63684483-4e2b-45ae-834d-8e94570d718f, api error InsufficientCidrBlocks: The specified subnet does not have enough free cidr blocks to satisfy the request."}
{"level":"debug","ts":"2026-10-05T08:41:12.710Z","caller":"ipamd/ipamd.go:1262","msg":"Insufficient IP Addresses due to: InsufficientCidrBlocks\n"}
{"level":"debug","ts":"2026-10-05T08:41:12.710Z","caller":"ipamd/ipamd.go:1003","msg":"hasRoomForEni: networkCard=0, currentENIs=1, currentUsableENIs=1, maxENI=3, unmanagedENI=0, trunkEni=0, excludedENI=0, hasRoom=true"}
{"level":"debug","ts":"2026-10-05T08:41:12.710Z","caller":"ipamd/ipamd.go:2758","msg":"Prefix target is 1, short of 1 prefixes, free 0 prefixes"}
{"level":"debug","ts":"2026-10-05T08:41:12.710Z","caller":"ipamd/ipamd.go:2595","msg":"ToAllocate: 1, Network Card 0"}
{"level":"info","ts":"2026-10-05T08:41:12.710Z","caller":"awsutils/awsutils.go:1044","msg":"Trying to allocate 1 IP addresses on new ENI"}
{"level":"debug","ts":"2026-10-05T08:41:12.710Z","caller":"awsutils/awsutils.go:1044","msg":"PD enabled - true"}
{"level":"debug","ts":"2026-10-05T08:41:12.844Z","caller":"awsutils/awsutils.go:1272","msg":"Primary subnet subnet-EXAMPLE4 has no kubernetes.io/role/cni tag, including it for ENI creation (backwards compatibility)"}
{"level":"info","ts":"2026-10-05T08:41:12.844Z","caller":"awsutils/awsutils.go:1044","msg":"Creating ENI with security groups: [sg-EXAMPLE1] in subnet: subnet-EXAMPLE4"}
{"level":"debug","ts":"2026-10-05T08:41:13.083Z","caller":"awsutils/awsutils.go:1449","msg":"checkAPIErrorAndBroadcastEvent resulted in operation error EC2: CreateNetworkInterface, https response error StatusCode: 400, RequestID: f55b8aa1-caf4-48bf-8b86-821a752aa065, api error InvalidParameterValue: There aren't sufficient free Ipv4 addresses or prefixes"}
{"level":"error","ts":"2026-10-05T08:41:13.083Z","caller":"awsutils/awsutils.go:1285","msg":"Failed to CreateNetworkInterface operation error EC2: CreateNetworkInterface, https response error StatusCode: 400, RequestID: f55b8aa1-caf4-48bf-8b86-821a752aa065, api error InvalidParameterValue: There aren't sufficient free Ipv4 addresses or prefixes for subnet subnet-EXAMPLE4"}
{"level":"debug","ts":"2026-10-05T08:41:13.083Z","caller":"awsutils/awsutils.go:1272","msg":"Subnet subnet-EXAMPLE3 has no kubernetes.io/role/cni tag, excluding it from ENI creation"}
{"level":"error","ts":"2026-10-05T08:41:13.083Z","caller":"ipamd/ipamd.go:1004","msg":"Failed to increase pool size due to not able to allocate ENI AllocENI: failed to create ENI: failed to create network interface: operation error EC2: CreateNetworkInterface, https response error StatusCode: 400, RequestID: f55b8aa1-caf4-48bf-8b86-821a752aa065, api error InvalidParameterValue: There aren't sufficient free Ipv4 addresses or prefixes"}
{"level":"warn","ts":"2026-10-05T08:41:13.083Z","caller":"ipamd/ipamd.go:1004","msg":"Failed to allocate 1 IP addresses on an ENI: AllocENI: failed to create ENI: failed to create network interface: operation error EC2: CreateNetworkInterface, https response error StatusCode: 400, RequestID: f55b8aa1-caf4-48bf-8b86-821a752aa065, api error InvalidParameterValue: There aren't sufficient free Ipv4 addresses or prefixes"}
{"level":"debug","ts":"2026-10-05T08:41:13.083Z","caller":"ipamd/ipamd.go:1082","msg":"containsInsufficientCIDRsOrSubnetIPs encountered AllocENI: failed to create ENI: failed to create network interface: operation error EC2: CreateNetworkInterface, https response error StatusCode: 400, RequestID: f55b8aa1-caf4-48bf-8b86-821a752aa065, api error InvalidParameterValue: There aren't sufficient free Ipv4 addresses or prefixes"}
{"level":"debug","ts":"2026-10-05T08:41:13.083Z","caller":"ipamd/ipamd.go:1082","msg":"Insufficient IP Addresses due to: InvalidParameterValue\n"}
{"level":"debug","ts":"2026-10-05T08:41:13.083Z","caller":"ipamd/ipamd.go:813","msg":"Error trying to allocate ENI: AllocENI: failed to create ENI: failed to create network interface: operation error EC2: CreateNetworkInterface, https response error StatusCode: 400, RequestID: f55b8aa1-caf4-48bf-8b86-821a752aa065, api error InvalidParameterValue: There aren't sufficient free Ipv4 addresses or prefixes"}
{"level":"debug","ts":"2026-10-05T08:41:13.083Z","caller":"ipamd/ipamd.go:1548","msg":"ENI eni-EXAMPLE20 cannot be deleted because it is primary"}
{"level":"debug","ts":"2026-10-05T08:41:18.084Z","caller":"ipamd/ipamd.go:809","msg":"IP pool is too low for Network Card 0: available (0) < ENI target (1) * addrsPerENI (16)"}
{"level":"debug","ts":"2026-10-05T08:41:18.084Z","caller":"ipamd/ipamd.go:2689","msg":"Prefix pool stats for network card 0: Total IPs/Prefixes = 0/0, AssignedIPs/CooldownIPs: 0/0, c.maxIPsPerENI = 80"}
{"level":"debug","ts":"2026-10-05T08:41:18.084Z","caller":"ipamd/ipamd.go:795","msg":"IP stats for Network Card 0 - total IPs: 0, assigned IPs: 0, cooldown IPs: 0"}
{"level":"debug","ts":"2026-10-05T08:41:18.084Z","caller":"ipamd/ipamd.go:813","msg":"Starting to increase pool size for network card 0"}
{"level":"debug","ts":"2026-10-05T08:41:18.084Z","caller":"ipamd/ipamd.go:966","msg":"Node found \"ip-10-20-0-29.ec2.internal\" - no of taints - 0"}
{"level":"debug","ts":"2026-10-05T08:41:18.084Z","caller":"ipamd/ipamd.go:2758","msg":"Prefix target is 1, short of 1 prefixes, free 0 prefixes"}
{"level":"debug","ts":"2026-10-05T08:41:18.084Z","caller":"ipamd/ipamd.go:1248","msg":"ToAllocate: 1, Network Card 0"}
{"level":"debug","ts":"2026-10-05T08:41:18.084Z","caller":"ipamd/ipamd.go:1251","msg":"Found ENI eni-EXAMPLE20 that has less than the maximum number of IP/Prefixes addresses allocated: cur=0, max=5"}
{"level":"info","ts":"2026-10-05T08:41:18.085Z","caller":"ipamd/ipamd.go:1255","msg":"Trying to allocate 1 IP addresses on ENI eni-EXAMPLE20"}
{"level":"debug","ts":"2026-10-05T08:41:18.085Z","caller":"ipamd/ipamd.go:1255","msg":"PD enabled - true"}
{"level":"debug","ts":"2026-10-05T08:41:18.479Z","caller":"awsutils/awsutils.go:2174","msg":"checkAPIErrorAndBroadcastEvent resulted in operation error EC2: AssignPrivateIpAddresses, https response error StatusCode: 400, RequestID: fc33151a-d13f-4383-ac19-bbd5a2125c4c, api error InsufficientCidrBlocks: The specified subnet does not have enough free cidr blocks to satisfy the request."}
{"level":"error","ts":"2026-10-05T08:41:18.479Z","caller":"ipamd/ipamd.go:1255","msg":"Failed to allocate a private IP/Prefix addresses on ENI eni-EXAMPLE20: operation error EC2: AssignPrivateIpAddresses, https response error StatusCode: 400, RequestID: fc33151a-d13f-4383-ac19-bbd5a2125c4c, api error InsufficientCidrBlocks: The specified subnet does not have enough free cidr blocks to satisfy the request."}
{"level":"debug","ts":"2026-10-05T08:41:18.479Z","caller":"ipamd/ipamd.go:1256","msg":"containsPrivateIPAddressLimitExceededError encountered operation error EC2: AssignPrivateIpAddresses, https response error StatusCode: 400, RequestID: fc33151a-d13f-4383-ac19-bbd5a2125c4c, api error InsufficientCidrBlocks: The specified subnet does not have enough free cidr blocks to satisfy the request."}
{"level":"warn","ts":"2026-10-05T08:41:18.479Z","caller":"ipamd/ipamd.go:1113","msg":"failed to allocate all available IPv4 Prefixes on ENI eni-EXAMPLE20, err: operation error EC2: AssignPrivateIpAddresses, https response error StatusCode: 400, RequestID: fc33151a-d13f-4383-ac19-bbd5a2125c4c, api error InsufficientCidrBlocks: The specified subnet does not have enough free cidr blocks to satisfy the request."}
{"level":"info","ts":"2026-10-05T08:41:18.479Z","caller":"ipamd/ipamd.go:1259","msg":"Trying to allocate 1 IP addresses on ENI eni-EXAMPLE20"}
{"level":"debug","ts":"2026-10-05T08:41:18.479Z","caller":"ipamd/ipamd.go:1259","msg":"PD enabled - true"}
{"level":"debug","ts":"2026-10-05T08:41:18.906Z","caller":"awsutils/awsutils.go:2174","msg":"checkAPIErrorAndBroadcastEvent resulted in operation error EC2: AssignPrivateIpAddresses, https response error StatusCode: 400, RequestID: f3e4a891-42af-4573-94c8-6f5df8b4e3f9, api error InsufficientCidrBlocks: The specified subnet does not have enough free cidr blocks to satisfy the request."}
{"level":"error","ts":"2026-10-05T08:41:18.906Z","caller":"ipamd/ipamd.go:1259","msg":"Failed to allocate a private IP/Prefix addresses on ENI eni-EXAMPLE20: operation error EC2: AssignPrivateIpAddresses, https response error StatusCode: 400, RequestID: f3e4a891-42af-4573-94c8-6f5df8b4e3f9, api error InsufficientCidrBlocks: The specified subnet does not have enough free cidr blocks to satisfy the request."}
{"level":"debug","ts":"2026-10-05T08:41:18.906Z","caller":"ipamd/ipamd.go:1260","msg":"containsPrivateIPAddressLimitExceededError encountered operation error EC2: AssignPrivateIpAddresses, https response error StatusCode: 400, RequestID: f3e4a891-42af-4573-94c8-6f5df8b4e3f9, api error InsufficientCidrBlocks: The specified subnet does not have enough free cidr blocks to satisfy the request."}
{"level":"debug","ts":"2026-10-05T08:41:18.906Z","caller":"ipamd/ipamd.go:1262","msg":"containsInsufficientCIDRsOrSubnetIPs encountered operation error EC2: AssignPrivateIpAddresses, https response error StatusCode: 400, RequestID: f3e4a891-42af-4573-94c8-6f5df8b4e3f9, api error InsufficientCidrBlocks: The specified subnet does not have enough free cidr blocks to satisfy the request."}
{"level":"debug","ts":"2026-10-05T08:41:18.906Z","caller":"ipamd/ipamd.go:1262","msg":"Insufficient IP Addresses due to: InsufficientCidrBlocks\n"}
{"level":"debug","ts":"2026-10-05T08:41:18.906Z","caller":"ipamd/ipamd.go:1003","msg":"hasRoomForEni: networkCard=0, currentENIs=1, currentUsableENIs=1, maxENI=3, unmanagedENI=0, trunkEni=0, excludedENI=0, hasRoom=true"}
{"level":"debug","ts":"2026-10-05T08:41:18.906Z","caller":"ipamd/ipamd.go:2758","msg":"Prefix target is 1, short of 1 prefixes, free 0 prefixes"}
{"level":"debug","ts":"2026-10-05T08:41:18.906Z","caller":"ipamd/ipamd.go:2595","msg":"ToAllocate: 1, Network Card 0"}
{"level":"info","ts":"2026-10-05T08:41:18.907Z","caller":"awsutils/awsutils.go:1044","msg":"Trying to allocate 1 IP addresses on new ENI"}
{"level":"debug","ts":"2026-10-05T08:41:18.907Z","caller":"awsutils/awsutils.go:1044","msg":"PD enabled - true"}
{"level":"debug","ts":"2026-10-05T08:41:19.137Z","caller":"awsutils/awsutils.go:1272","msg":"Primary subnet subnet-EXAMPLE4 has no kubernetes.io/role/cni tag, including it for ENI creation (backwards compatibility)"}
{"level":"info","ts":"2026-10-05T08:41:19.138Z","caller":"awsutils/awsutils.go:1044","msg":"Creating ENI with security groups: [sg-EXAMPLE1] in subnet: subnet-EXAMPLE4"}
{"level":"debug","ts":"2026-10-05T08:41:19.345Z","caller":"awsutils/awsutils.go:1449","msg":"checkAPIErrorAndBroadcastEvent resulted in operation error EC2: CreateNetworkInterface, https response error StatusCode: 400, RequestID: 4ed3b37a-7d5d-4509-84df-4fd3919d46d9, api error InvalidParameterValue: There aren't sufficient free Ipv4 addresses or prefixes"}
{"level":"error","ts":"2026-10-05T08:41:19.345Z","caller":"awsutils/awsutils.go:1285","msg":"Failed to CreateNetworkInterface operation error EC2: CreateNetworkInterface, https response error StatusCode: 400, RequestID: 4ed3b37a-7d5d-4509-84df-4fd3919d46d9, api error InvalidParameterValue: There aren't sufficient free Ipv4 addresses or prefixes for subnet subnet-EXAMPLE4"}
{"level":"debug","ts":"2026-10-05T08:41:19.346Z","caller":"awsutils/awsutils.go:1272","msg":"Subnet subnet-EXAMPLE3 has no kubernetes.io/role/cni tag, excluding it from ENI creation"}
{"level":"error","ts":"2026-10-05T08:41:19.346Z","caller":"ipamd/ipamd.go:1004","msg":"Failed to increase pool size due to not able to allocate ENI AllocENI: failed to create ENI: failed to create network interface: operation error EC2: CreateNetworkInterface, https response error StatusCode: 400, RequestID: 4ed3b37a-7d5d-4509-84df-4fd3919d46d9, api error InvalidParameterValue: There aren't sufficient free Ipv4 addresses or prefixes"}
{"level":"warn","ts":"2026-10-05T08:41:19.346Z","caller":"ipamd/ipamd.go:1004","msg":"Failed to allocate 1 IP addresses on an ENI: AllocENI: failed to create ENI: failed to create network interface: operation error EC2: CreateNetworkInterface, https response error StatusCode: 400, RequestID: 4ed3b37a-7d5d-4509-84df-4fd3919d46d9, api error InvalidParameterValue: There aren't sufficient free Ipv4 addresses or prefixes"}
{"level":"debug","ts":"2026-10-05T08:41:19.346Z","caller":"ipamd/ipamd.go:1082","msg":"containsInsufficientCIDRsOrSubnetIPs encountered AllocENI: failed to create ENI: failed to create network interface: operation error EC2: CreateNetworkInterface, https response error StatusCode: 400, RequestID: 4ed3b37a-7d5d-4509-84df-4fd3919d46d9, api error InvalidParameterValue: There aren't sufficient free Ipv4 addresses or prefixes"}
{"level":"debug","ts":"2026-10-05T08:41:19.346Z","caller":"ipamd/ipamd.go:1082","msg":"Insufficient IP Addresses due to: InvalidParameterValue\n"}
{"level":"debug","ts":"2026-10-05T08:41:19.346Z","caller":"ipamd/ipamd.go:813","msg":"Error trying to allocate ENI: AllocENI: failed to create ENI: failed to create network interface: operation error EC2: CreateNetworkInterface, https response error StatusCode: 400, RequestID: 4ed3b37a-7d5d-4509-84df-4fd3919d46d9, api error InvalidParameterValue: There aren't sufficient free Ipv4 addresses or prefixes"}
{"level":"debug","ts":"2026-10-05T08:41:19.346Z","caller":"ipamd/ipamd.go:1548","msg":"ENI eni-EXAMPLE20 cannot be deleted because it is primary"}
{"level":"debug","ts":"2026-10-05T08:41:24.348Z","caller":"ipamd/ipamd.go:809","msg":"IP pool is too low for Network Card 0: available (0) < ENI target (1) * addrsPerENI (16)"}
{"level":"debug","ts":"2026-10-05T08:41:24.348Z","caller":"ipamd/ipamd.go:2689","msg":"Prefix pool stats for network card 0: Total IPs/Prefixes = 0/0, AssignedIPs/CooldownIPs: 0/0, c.maxIPsPerENI = 80"}
{"level":"debug","ts":"2026-10-05T08:41:24.348Z","caller":"ipamd/ipamd.go:795","msg":"IP stats for Network Card 0 - total IPs: 0, assigned IPs: 0, cooldown IPs: 0"}
{"level":"debug","ts":"2026-10-05T08:41:24.348Z","caller":"ipamd/ipamd.go:813","msg":"Starting to increase pool size for network card 0"}
{"level":"debug","ts":"2026-10-05T08:41:24.348Z","caller":"ipamd/ipamd.go:966","msg":"Node found \"ip-10-20-0-29.ec2.internal\" - no of taints - 0"}
{"level":"debug","ts":"2026-10-05T08:41:24.348Z","caller":"ipamd/ipamd.go:2758","msg":"Prefix target is 1, short of 1 prefixes, free 0 prefixes"}
{"level":"debug","ts":"2026-10-05T08:41:24.348Z","caller":"ipamd/ipamd.go:1248","msg":"ToAllocate: 1, Network Card 0"}
{"level":"debug","ts":"2026-10-05T08:41:24.348Z","caller":"ipamd/ipamd.go:1251","msg":"Found ENI eni-EXAMPLE20 that has less than the maximum number of IP/Prefixes addresses allocated: cur=0, max=5"}
{"level":"info","ts":"2026-10-05T08:41:24.348Z","caller":"ipamd/ipamd.go:1255","msg":"Trying to allocate 1 IP addresses on ENI eni-EXAMPLE20"}
{"level":"debug","ts":"2026-10-05T08:41:24.348Z","caller":"ipamd/ipamd.go:1255","msg":"PD enabled - true"}
{"level":"debug","ts":"2026-10-05T08:41:24.857Z","caller":"awsutils/awsutils.go:2174","msg":"checkAPIErrorAndBroadcastEvent resulted in operation error EC2: AssignPrivateIpAddresses, https response error StatusCode: 400, RequestID: 5c446ab2-bfac-4d11-95a2-21a8b1292ac0, api error InsufficientCidrBlocks: The specified subnet does not have enough free cidr blocks to satisfy the request."}
{"level":"error","ts":"2026-10-05T08:41:24.857Z","caller":"ipamd/ipamd.go:1255","msg":"Failed to allocate a private IP/Prefix addresses on ENI eni-EXAMPLE20: operation error EC2: AssignPrivateIpAddresses, https response error StatusCode: 400, RequestID: 5c446ab2-bfac-4d11-95a2-21a8b1292ac0, api error InsufficientCidrBlocks: The specified subnet does not have enough free cidr blocks to satisfy the request."}
{"level":"debug","ts":"2026-10-05T08:41:24.857Z","caller":"ipamd/ipamd.go:1256","msg":"containsPrivateIPAddressLimitExceededError encountered operation error EC2: AssignPrivateIpAddresses, https response error StatusCode: 400, RequestID: 5c446ab2-bfac-4d11-95a2-21a8b1292ac0, api error InsufficientCidrBlocks: The specified subnet does not have enough free cidr blocks to satisfy the request."}
{"level":"warn","ts":"2026-10-05T08:41:24.857Z","caller":"ipamd/ipamd.go:1113","msg":"failed to allocate all available IPv4 Prefixes on ENI eni-EXAMPLE20, err: operation error EC2: AssignPrivateIpAddresses, https response error StatusCode: 400, RequestID: 5c446ab2-bfac-4d11-95a2-21a8b1292ac0, api error InsufficientCidrBlocks: The specified subnet does not have enough free cidr blocks to satisfy the request."}
{"level":"info","ts":"2026-10-05T08:41:24.857Z","caller":"ipamd/ipamd.go:1259","msg":"Trying to allocate 1 IP addresses on ENI eni-EXAMPLE20"}
{"level":"debug","ts":"2026-10-05T08:41:24.857Z","caller":"ipamd/ipamd.go:1259","msg":"PD enabled - true"}
{"level":"debug","ts":"2026-10-05T08:41:25.272Z","caller":"awsutils/awsutils.go:2174","msg":"checkAPIErrorAndBroadcastEvent resulted in operation error EC2: AssignPrivateIpAddresses, https response error StatusCode: 400, RequestID: 9d5dc828-3722-4598-b77d-ca4699405b56, api error InsufficientCidrBlocks: The specified subnet does not have enough free cidr blocks to satisfy the request."}
{"level":"error","ts":"2026-10-05T08:41:25.272Z","caller":"ipamd/ipamd.go:1259","msg":"Failed to allocate a private IP/Prefix addresses on ENI eni-EXAMPLE20: operation error EC2: AssignPrivateIpAddresses, https response error StatusCode: 400, RequestID: 9d5dc828-3722-4598-b77d-ca4699405b56, api error InsufficientCidrBlocks: The specified subnet does not have enough free cidr blocks to satisfy the request."}
{"level":"debug","ts":"2026-10-05T08:41:25.272Z","caller":"ipamd/ipamd.go:1260","msg":"containsPrivateIPAddressLimitExceededError encountered operation error EC2: AssignPrivateIpAddresses, https response error StatusCode: 400, RequestID: 9d5dc828-3722-4598-b77d-ca4699405b56, api error InsufficientCidrBlocks: The specified subnet does not have enough free cidr blocks to satisfy the request."}
{"level":"debug","ts":"2026-10-05T08:41:25.272Z","caller":"ipamd/ipamd.go:1262","msg":"containsInsufficientCIDRsOrSubnetIPs encountered operation error EC2: AssignPrivateIpAddresses, https response error StatusCode: 400, RequestID: 9d5dc828-3722-4598-b77d-ca4699405b56, api error InsufficientCidrBlocks: The specified subnet does not have enough free cidr blocks to satisfy the request."}
{"level":"debug","ts":"2026-10-05T08:41:25.272Z","caller":"ipamd/ipamd.go:1262","msg":"Insufficient IP Addresses due to: InsufficientCidrBlocks\n"}
{"level":"debug","ts":"2026-10-05T08:41:25.272Z","caller":"ipamd/ipamd.go:1003","msg":"hasRoomForEni: networkCard=0, currentENIs=1, currentUsableENIs=1, maxENI=3, unmanagedENI=0, trunkEni=0, excludedENI=0, hasRoom=true"}
{"level":"debug","ts":"2026-10-05T08:41:25.272Z","caller":"ipamd/ipamd.go:2758","msg":"Prefix target is 1, short of 1 prefixes, free 0 prefixes"}
{"level":"debug","ts":"2026-10-05T08:41:25.272Z","caller":"ipamd/ipamd.go:2595","msg":"ToAllocate: 1, Network Card 0"}
{"level":"info","ts":"2026-10-05T08:41:25.272Z","caller":"awsutils/awsutils.go:1044","msg":"Trying to allocate 1 IP addresses on new ENI"}
{"level":"debug","ts":"2026-10-05T08:41:25.272Z","caller":"awsutils/awsutils.go:1044","msg":"PD enabled - true"}
{"level":"debug","ts":"2026-10-05T08:41:25.517Z","caller":"awsutils/awsutils.go:1272","msg":"Primary subnet subnet-EXAMPLE4 has no kubernetes.io/role/cni tag, including it for ENI creation (backwards compatibility)"}
{"level":"info","ts":"2026-10-05T08:41:25.517Z","caller":"awsutils/awsutils.go:1044","msg":"Creating ENI with security groups: [sg-EXAMPLE1] in subnet: subnet-EXAMPLE4"}
{"level":"debug","ts":"2026-10-05T08:41:25.685Z","caller":"awsutils/awsutils.go:1449","msg":"checkAPIErrorAndBroadcastEvent resulted in operation error EC2: CreateNetworkInterface, https response error StatusCode: 400, RequestID: a66f04c3-389a-410d-bbf4-270bc1187a96, api error InvalidParameterValue: There aren't sufficient free Ipv4 addresses or prefixes"}
{"level":"error","ts":"2026-10-05T08:41:25.685Z","caller":"awsutils/awsutils.go:1285","msg":"Failed to CreateNetworkInterface operation error EC2: CreateNetworkInterface, https response error StatusCode: 400, RequestID: a66f04c3-389a-410d-bbf4-270bc1187a96, api error InvalidParameterValue: There aren't sufficient free Ipv4 addresses or prefixes for subnet subnet-EXAMPLE4"}
{"level":"debug","ts":"2026-10-05T08:41:25.685Z","caller":"awsutils/awsutils.go:1272","msg":"Subnet subnet-EXAMPLE3 has no kubernetes.io/role/cni tag, excluding it from ENI creation"}
{"level":"error","ts":"2026-10-05T08:41:25.685Z","caller":"ipamd/ipamd.go:1004","msg":"Failed to increase pool size due to not able to allocate ENI AllocENI: failed to create ENI: failed to create network interface: operation error EC2: CreateNetworkInterface, https response error StatusCode: 400, RequestID: a66f04c3-389a-410d-bbf4-270bc1187a96, api error InvalidParameterValue: There aren't sufficient free Ipv4 addresses or prefixes"}
{"level":"warn","ts":"2026-10-05T08:41:25.685Z","caller":"ipamd/ipamd.go:1004","msg":"Failed to allocate 1 IP addresses on an ENI: AllocENI: failed to create ENI: failed to create network interface: operation error EC2: CreateNetworkInterface, https response error StatusCode: 400, RequestID: a66f04c3-389a-410d-bbf4-270bc1187a96, api error InvalidParameterValue: There aren't sufficient free Ipv4 addresses or prefixes"}
{"level":"debug","ts":"2026-10-05T08:41:25.685Z","caller":"ipamd/ipamd.go:1082","msg":"containsInsufficientCIDRsOrSubnetIPs encountered AllocENI: failed to create ENI: failed to create network interface: operation error EC2: CreateNetworkInterface, https response error StatusCode: 400, RequestID: a66f04c3-389a-410d-bbf4-270bc1187a96, api error InvalidParameterValue: There aren't sufficient free Ipv4 addresses or prefixes"}
{"level":"debug","ts":"2026-10-05T08:41:25.685Z","caller":"ipamd/ipamd.go:1082","msg":"Insufficient IP Addresses due to: InvalidParameterValue\n"}
{"level":"debug","ts":"2026-10-05T08:41:25.685Z","caller":"ipamd/ipamd.go:813","msg":"Error trying to allocate ENI: AllocENI: failed to create ENI: failed to create network interface: operation error EC2: CreateNetworkInterface, https response error StatusCode: 400, RequestID: a66f04c3-389a-410d-bbf4-270bc1187a96, api error InvalidParameterValue: There aren't sufficient free Ipv4 addresses or prefixes"}
{"level":"debug","ts":"2026-10-05T08:41:25.685Z","caller":"ipamd/ipamd.go:1548","msg":"ENI eni-EXAMPLE20 cannot be deleted because it is primary"}
{"level":"info","ts":"2026-10-05T08:41:28.718Z","caller":"rpc/rpc_grpc.pb.go:117","msg":"Received AddNetwork for NS /var/run/netns/cni-89548f4b-694b-e0d7-df49-a7e953d67c8e, Sandbox 722abecf8fce8ad850491f2d3069eacd5d52a3237f8a0b1552b2d0567fc8812b, ifname eth0"}
{"level":"debug","ts":"2026-10-05T08:41:28.718Z","caller":"rpc/rpc_grpc.pb.go:117","msg":"AddNetworkRequest: K8S_POD_NAME:\"pause-68d5b89fc-zkk75\"  K8S_POD_NAMESPACE:\"default\"  K8S_POD_INFRA_CONTAINER_ID:\"722abecf8fce8ad850491f2d3069eacd5d52a3237f8a0b1552b2d0567fc8812b\"  ContainerID:\"722abecf8fce8ad850491f2d3069eacd5d52a3237f8a0b1552b2d0567fc8812b\"  IfName:\"eth0\"  NetworkName:\"aws-cni\"  Netns:\"/var/run/netns/cni-89548f4b-694b-e0d7-df49-a7e953d67c8e\""}
{"level":"info","ts":"2026-10-05T08:41:28.718Z","caller":"rpc/rpc_grpc.pb.go:117","msg":"Required MultiNIC access false, interfaces required 1"}
{"level":"debug","ts":"2026-10-05T08:41:28.718Z","caller":"datastore/data_store.go:713","msg":"AssignPodIPv4Address: IP address pool stats: total 0, assigned 0"}
{"level":"debug","ts":"2026-10-05T08:41:28.718Z","caller":"datastore/data_store.go:713","msg":"AssignPodIPv4Address: ENI eni-EXAMPLE20 does not have available addresses"}
{"level":"error","ts":"2026-10-05T08:41:28.718Z","caller":"datastore/data_store.go:713","msg":"DataStore has no available IP/Prefix addresses"}
{"level":"warn","ts":"2026-10-05T08:41:28.718Z","caller":"rpc/rpc_grpc.pb.go:117","msg":"Failed to assign IPs from network card 0: AssignPodIPAddress: no available IP/Prefix addresses"}
{"level":"error","ts":"2026-10-05T08:41:28.718Z","caller":"rpc/rpc_grpc.pb.go:117","msg":"Returning failure response for AddNetwork: 1 error occurred:\n\t* AssignPodIPAddress: no available IP/Prefix addresses\n\n"}
{"level":"info","ts":"2026-10-05T08:41:28.718Z","caller":"rpc/rpc_grpc.pb.go:117","msg":"Send AddNetworkReply: Success: false IPAddr: [], resp: , err: AssignPodIPAddress: no available IP/Prefix addresses"}
{"level":"info","ts":"2026-10-05T08:41:28.743Z","caller":"rpc/rpc_grpc.pb.go:135","msg":"Received DelNetwork for Sandbox 722abecf8fce8ad850491f2d3069eacd5d52a3237f8a0b1552b2d0567fc8812b"}
{"level":"debug","ts":"2026-10-05T08:41:28.743Z","caller":"rpc/rpc_grpc.pb.go:135","msg":"DelNetworkRequest: K8S_POD_NAME:\"pause-68d5b89fc-zkk75\"  K8S_POD_NAMESPACE:\"default\"  K8S_POD_INFRA_CONTAINER_ID:\"722abecf8fce8ad850491f2d3069eacd5d52a3237f8a0b1552b2d0567fc8812b\"  Reason:\"PodDeleted\"  ContainerID:\"722abecf8fce8ad850491f2d3069eacd5d52a3237f8a0b1552b2d0567fc8812b\"  IfName:\"eth0\"  NetworkName:\"aws-cni\"  K8S_POD_UID:\"d5824255-e9c5-48aa-b8b8-9ad5649ef2d7\""}
{"level":"debug","ts":"2026-10-05T08:41:28.743Z","caller":"ipamd/rpc_handler.go:353","msg":"UnassignPodIPAddress: IP address pool stats: total 0, assigned 0, sandbox aws-cni/722abecf8fce8ad850491f2d3069eacd5d52a3237f8a0b1552b2d0567fc8812b/eth0"}
{"level":"debug","ts":"2026-10-05T08:41:28.743Z","caller":"ipamd/rpc_handler.go:353","msg":"UnassignPodIPAddress: Failed to find IPAM entry under full key, trying CRI-migrated version"}
{"level":"warn","ts":"2026-10-05T08:41:28.743Z","caller":"ipamd/rpc_handler.go:353","msg":"UnassignPodIPAddress: Failed to find sandbox _migrated-from-cri/722abecf8fce8ad850491f2d3069eacd5d52a3237f8a0b1552b2d0567fc8812b/unknown"}
{"level":"info","ts":"2026-10-05T08:41:28.743Z","caller":"rpc/rpc_grpc.pb.go:135","msg":"Send DelNetworkReply: IPAddress: [], err: 1 error occurred:\n\t* datastore: unknown pod\n\n"}
{"level":"info","ts":"2026-10-05T08:41:28.772Z","caller":"rpc/rpc_grpc.pb.go:117","msg":"Received AddNetwork for NS /var/run/netns/cni-27f1aa6e-2306-4c06-d90a-f24e4e296b8c, Sandbox 8dcc758c4c188a22eb53bff1a1f3b55fc5877c2b92d9abc7f0bf1b42542b711c, ifname eth0"}
{"level":"debug","ts":"2026-10-05T08:41:28.772Z","caller":"rpc/rpc_grpc.pb.go:117","msg":"AddNetworkRequest: K8S_POD_NAME:\"pause-68d5b89fc-cc6lc\"  K8S_POD_NAMESPACE:\"default\"  K8S_POD_INFRA_CONTAINER_ID:\"8dcc758c4c188a22eb53bff1a1f3b55fc5877c2b92d9abc7f0bf1b42542b711c\"  ContainerID:\"8dcc758c4c188a22eb53bff1a1f3b55fc5877c2b92d9abc7f0bf1b42542b711c\"  IfName:\"eth0\"  NetworkName:\"aws-cni\"  Netns:\"/var/run/netns/cni-27f1aa6e-2306-4c06-d90a-f24e4e296b8c\""}
{"level":"info","ts":"2026-10-05T08:41:28.772Z","caller":"rpc/rpc_grpc.pb.go:117","msg":"Required MultiNIC access false, interfaces required 1"}
{"level":"debug","ts":"2026-10-05T08:41:28.772Z","caller":"datastore/data_store.go:713","msg":"AssignPodIPv4Address: IP address pool stats: total 0, assigned 0"}
{"level":"debug","ts":"2026-10-05T08:41:28.772Z","caller":"datastore/data_store.go:713","msg":"AssignPodIPv4Address: ENI eni-EXAMPLE20 does not have available addresses"}
{"level":"error","ts":"2026-10-05T08:41:28.772Z","caller":"datastore/data_store.go:713","msg":"DataStore has no available IP/Prefix addresses"}
{"level":"warn","ts":"2026-10-05T08:41:28.772Z","caller":"rpc/rpc_grpc.pb.go:117","msg":"Failed to assign IPs from network card 0: AssignPodIPAddress: no available IP/Prefix addresses"}
{"level":"error","ts":"2026-10-05T08:41:28.772Z","caller":"rpc/rpc_grpc.pb.go:117","msg":"Returning failure response for AddNetwork: 1 error occurred:\n\t* AssignPodIPAddress: no available IP/Prefix addresses\n\n"}
{"level":"info","ts":"2026-10-05T08:41:28.772Z","caller":"rpc/rpc_grpc.pb.go:117","msg":"Send AddNetworkReply: Success: false IPAddr: [], resp: , err: AssignPodIPAddress: no available IP/Prefix addresses"}
{"level":"info","ts":"2026-10-05T08:41:28.797Z","caller":"rpc/rpc_grpc.pb.go:135","msg":"Received DelNetwork for Sandbox 8dcc758c4c188a22eb53bff1a1f3b55fc5877c2b92d9abc7f0bf1b42542b711c"}
{"level":"debug","ts":"2026-10-05T08:41:28.797Z","caller":"rpc/rpc_grpc.pb.go:135","msg":"DelNetworkRequest: K8S_POD_NAME:\"pause-68d5b89fc-cc6lc\"  K8S_POD_NAMESPACE:\"default\"  K8S_POD_INFRA_CONTAINER_ID:\"8dcc758c4c188a22eb53bff1a1f3b55fc5877c2b92d9abc7f0bf1b42542b711c\"  Reason:\"PodDeleted\"  ContainerID:\"8dcc758c4c188a22eb53bff1a1f3b55fc5877c2b92d9abc7f0bf1b42542b711c\"  IfName:\"eth0\"  NetworkName:\"aws-cni\"  K8S_POD_UID:\"9c500403-1eff-4562-9498-16be317f6e12\""}
{"level":"debug","ts":"2026-10-05T08:41:28.797Z","caller":"ipamd/rpc_handler.go:353","msg":"UnassignPodIPAddress: IP address pool stats: total 0, assigned 0, sandbox aws-cni/8dcc758c4c188a22eb53bff1a1f3b55fc5877c2b92d9abc7f0bf1b42542b711c/eth0"}
{"level":"debug","ts":"2026-10-05T08:41:28.797Z","caller":"ipamd/rpc_handler.go:353","msg":"UnassignPodIPAddress: Failed to find IPAM entry under full key, trying CRI-migrated version"}
{"level":"warn","ts":"2026-10-05T08:41:28.797Z","caller":"ipamd/rpc_handler.go:353","msg":"UnassignPodIPAddress: Failed to find sandbox _migrated-from-cri/8dcc758c4c188a22eb53bff1a1f3b55fc5877c2b92d9abc7f0bf1b42542b711c/unknown"}
{"level":"info","ts":"2026-10-05T08:41:28.797Z","caller":"rpc/rpc_grpc.pb.go:135","msg":"Send DelNetworkReply: IPAddress: [], err: 1 error occurred:\n\t* datastore: unknown pod\n\n"}
{"level":"debug","ts":"2026-10-05T08:41:30.685Z","caller":"ipamd/ipamd.go:809","msg":"IP pool is too low for Network Card 0: available (0) < ENI target (1) * addrsPerENI (16)"}
{"level":"debug","ts":"2026-10-05T08:41:30.685Z","caller":"ipamd/ipamd.go:2689","msg":"Prefix pool stats for network card 0: Total IPs/Prefixes = 0/0, AssignedIPs/CooldownIPs: 0/0, c.maxIPsPerENI = 80"}
{"level":"debug","ts":"2026-10-05T08:41:30.685Z","caller":"ipamd/ipamd.go:795","msg":"IP stats for Network Card 0 - total IPs: 0, assigned IPs: 0, cooldown IPs: 0"}
{"level":"debug","ts":"2026-10-05T08:41:30.685Z","caller":"ipamd/ipamd.go:813","msg":"Starting to increase pool size for network card 0"}
{"level":"debug","ts":"2026-10-05T08:41:30.685Z","caller":"ipamd/ipamd.go:966","msg":"Node found \"ip-10-20-0-29.ec2.internal\" - no of taints - 0"}
{"level":"debug","ts":"2026-10-05T08:41:30.685Z","caller":"ipamd/ipamd.go:2758","msg":"Prefix target is 1, short of 1 prefixes, free 0 prefixes"}
{"level":"debug","ts":"2026-10-05T08:41:30.685Z","caller":"ipamd/ipamd.go:1248","msg":"ToAllocate: 1, Network Card 0"}
{"level":"debug","ts":"2026-10-05T08:41:30.685Z","caller":"ipamd/ipamd.go:1251","msg":"Found ENI eni-EXAMPLE20 that has less than the maximum number of IP/Prefixes addresses allocated: cur=0, max=5"}
{"level":"info","ts":"2026-10-05T08:41:30.685Z","caller":"ipamd/ipamd.go:1255","msg":"Trying to allocate 1 IP addresses on ENI eni-EXAMPLE20"}
{"level":"debug","ts":"2026-10-05T08:41:30.685Z","caller":"ipamd/ipamd.go:1255","msg":"PD enabled - true"}
{"level":"debug","ts":"2026-10-05T08:41:31.068Z","caller":"awsutils/awsutils.go:2174","msg":"checkAPIErrorAndBroadcastEvent resulted in operation error EC2: AssignPrivateIpAddresses, https response error StatusCode: 400, RequestID: c4183d70-cc03-48a9-accc-3caf58cc23b8, api error InsufficientCidrBlocks: The specified subnet does not have enough free cidr blocks to satisfy the request."}
{"level":"error","ts":"2026-10-05T08:41:31.069Z","caller":"ipamd/ipamd.go:1255","msg":"Failed to allocate a private IP/Prefix addresses on ENI eni-EXAMPLE20: operation error EC2: AssignPrivateIpAddresses, https response error StatusCode: 400, RequestID: c4183d70-cc03-48a9-accc-3caf58cc23b8, api error InsufficientCidrBlocks: The specified subnet does not have enough free cidr blocks to satisfy the request."}
{"level":"debug","ts":"2026-10-05T08:41:31.069Z","caller":"ipamd/ipamd.go:1256","msg":"containsPrivateIPAddressLimitExceededError encountered operation error EC2: AssignPrivateIpAddresses, https response error StatusCode: 400, RequestID: c4183d70-cc03-48a9-accc-3caf58cc23b8, api error InsufficientCidrBlocks: The specified subnet does not have enough free cidr blocks to satisfy the request."}
{"level":"warn","ts":"2026-10-05T08:41:31.069Z","caller":"ipamd/ipamd.go:1113","msg":"failed to allocate all available IPv4 Prefixes on ENI eni-EXAMPLE20, err: operation error EC2: AssignPrivateIpAddresses, https response error StatusCode: 400, RequestID: c4183d70-cc03-48a9-accc-3caf58cc23b8, api error InsufficientCidrBlocks: The specified subnet does not have enough free cidr blocks to satisfy the request."}
{"level":"info","ts":"2026-10-05T08:41:31.069Z","caller":"ipamd/ipamd.go:1259","msg":"Trying to allocate 1 IP addresses on ENI eni-EXAMPLE20"}
{"level":"debug","ts":"2026-10-05T08:41:31.069Z","caller":"ipamd/ipamd.go:1259","msg":"PD enabled - true"}
{"level":"debug","ts":"2026-10-05T08:41:31.463Z","caller":"awsutils/awsutils.go:2174","msg":"checkAPIErrorAndBroadcastEvent resulted in operation error EC2: AssignPrivateIpAddresses, https response error StatusCode: 400, RequestID: e90874f9-65d2-468d-9b7d-50dd30eba270, api error InsufficientCidrBlocks: The specified subnet does not have enough free cidr blocks to satisfy the request."}
{"level":"error","ts":"2026-10-05T08:41:31.463Z","caller":"ipamd/ipamd.go:1259","msg":"Failed to allocate a private IP/Prefix addresses on ENI eni-EXAMPLE20: operation error EC2: AssignPrivateIpAddresses, https response error StatusCode: 400, RequestID: e90874f9-65d2-468d-9b7d-50dd30eba270, api error InsufficientCidrBlocks: The specified subnet does not have enough free cidr blocks to satisfy the request."}
{"level":"debug","ts":"2026-10-05T08:41:31.463Z","caller":"ipamd/ipamd.go:1260","msg":"containsPrivateIPAddressLimitExceededError encountered operation error EC2: AssignPrivateIpAddresses, https response error StatusCode: 400, RequestID: e90874f9-65d2-468d-9b7d-50dd30eba270, api error InsufficientCidrBlocks: The specified subnet does not have enough free cidr blocks to satisfy the request."}
{"level":"debug","ts":"2026-10-05T08:41:31.463Z","caller":"ipamd/ipamd.go:1262","msg":"containsInsufficientCIDRsOrSubnetIPs encountered operation error EC2: AssignPrivateIpAddresses, https response error StatusCode: 400, RequestID: e90874f9-65d2-468d-9b7d-50dd30eba270, api error InsufficientCidrBlocks: The specified subnet does not have enough free cidr blocks to satisfy the request."}
{"level":"debug","ts":"2026-10-05T08:41:31.463Z","caller":"ipamd/ipamd.go:1262","msg":"Insufficient IP Addresses due to: InsufficientCidrBlocks\n"}
{"level":"debug","ts":"2026-10-05T08:41:31.463Z","caller":"ipamd/ipamd.go:1003","msg":"hasRoomForEni: networkCard=0, currentENIs=1, currentUsableENIs=1, maxENI=3, unmanagedENI=0, trunkEni=0, excludedENI=0, hasRoom=true"}
{"level":"debug","ts":"2026-10-05T08:41:31.463Z","caller":"ipamd/ipamd.go:2758","msg":"Prefix target is 1, short of 1 prefixes, free 0 prefixes"}
{"level":"debug","ts":"2026-10-05T08:41:31.463Z","caller":"ipamd/ipamd.go:2595","msg":"ToAllocate: 1, Network Card 0"}
{"level":"info","ts":"2026-10-05T08:41:31.463Z","caller":"awsutils/awsutils.go:1044","msg":"Trying to allocate 1 IP addresses on new ENI"}
{"level":"debug","ts":"2026-10-05T08:41:31.463Z","caller":"awsutils/awsutils.go:1044","msg":"PD enabled - true"}
{"level":"debug","ts":"2026-10-05T08:41:31.700Z","caller":"awsutils/awsutils.go:1272","msg":"Primary subnet subnet-EXAMPLE4 has no kubernetes.io/role/cni tag, including it for ENI creation (backwards compatibility)"}
{"level":"info","ts":"2026-10-05T08:41:31.700Z","caller":"awsutils/awsutils.go:1044","msg":"Creating ENI with security groups: [sg-EXAMPLE1] in subnet: subnet-EXAMPLE4"}
{"level":"debug","ts":"2026-10-05T08:41:31.956Z","caller":"awsutils/awsutils.go:1449","msg":"checkAPIErrorAndBroadcastEvent resulted in operation error EC2: CreateNetworkInterface, https response error StatusCode: 400, RequestID: 37b15a17-4178-4360-ac8a-455e020adcf0, api error InvalidParameterValue: There aren't sufficient free Ipv4 addresses or prefixes"}
{"level":"error","ts":"2026-10-05T08:41:31.956Z","caller":"awsutils/awsutils.go:1285","msg":"Failed to CreateNetworkInterface operation error EC2: CreateNetworkInterface, https response error StatusCode: 400, RequestID: 37b15a17-4178-4360-ac8a-455e020adcf0, api error InvalidParameterValue: There aren't sufficient free Ipv4 addresses or prefixes for subnet subnet-EXAMPLE4"}
{"level":"debug","ts":"2026-10-05T08:41:31.956Z","caller":"awsutils/awsutils.go:1272","msg":"Subnet subnet-EXAMPLE3 has no kubernetes.io/role/cni tag, excluding it from ENI creation"}
{"level":"error","ts":"2026-10-05T08:41:31.956Z","caller":"ipamd/ipamd.go:1004","msg":"Failed to increase pool size due to not able to allocate ENI AllocENI: failed to create ENI: failed to create network interface: operation error EC2: CreateNetworkInterface, https response error StatusCode: 400, RequestID: 37b15a17-4178-4360-ac8a-455e020adcf0, api error InvalidParameterValue: There aren't sufficient free Ipv4 addresses or prefixes"}
{"level":"warn","ts":"2026-10-05T08:41:31.956Z","caller":"ipamd/ipamd.go:1004","msg":"Failed to allocate 1 IP addresses on an ENI: AllocENI: failed to create ENI: failed to create network interface: operation error EC2: CreateNetworkInterface, https response error StatusCode: 400, RequestID: 37b15a17-4178-4360-ac8a-455e020adcf0, api error InvalidParameterValue: There aren't sufficient free Ipv4 addresses or prefixes"}
{"level":"debug","ts":"2026-10-05T08:41:31.956Z","caller":"ipamd/ipamd.go:1082","msg":"containsInsufficientCIDRsOrSubnetIPs encountered AllocENI: failed to create ENI: failed to create network interface: operation error EC2: CreateNetworkInterface, https response error StatusCode: 400, RequestID: 37b15a17-4178-4360-ac8a-455e020adcf0, api error InvalidParameterValue: There aren't sufficient free Ipv4 addresses or prefixes"}
{"level":"debug","ts":"2026-10-05T08:41:31.956Z","caller":"ipamd/ipamd.go:1082","msg":"Insufficient IP Addresses due to: InvalidParameterValue\n"}
{"level":"debug","ts":"2026-10-05T08:41:31.956Z","caller":"ipamd/ipamd.go:813","msg":"Error trying to allocate ENI: AllocENI: failed to create ENI: failed to create network interface: operation error EC2: CreateNetworkInterface, https response error StatusCode: 400, RequestID: 37b15a17-4178-4360-ac8a-455e020adcf0, api error InvalidParameterValue: There aren't sufficient free Ipv4 addresses or prefixes"}
{"level":"debug","ts":"2026-10-05T08:41:31.956Z","caller":"ipamd/ipamd.go:1548","msg":"ENI eni-EXAMPLE20 cannot be deleted because it is primary"}
{"level":"debug","ts":"2026-10-05T08:41:36.958Z","caller":"ipamd/ipamd.go:809","msg":"IP pool is too low for Network Card 0: available (0) < ENI target (1) * addrsPerENI (16)"}
{"level":"debug","ts":"2026-10-05T08:41:36.958Z","caller":"ipamd/ipamd.go:2689","msg":"Prefix pool stats for network card 0: Total IPs/Prefixes = 0/0, AssignedIPs/CooldownIPs: 0/0, c.maxIPsPerENI = 80"}
{"level":"debug","ts":"2026-10-05T08:41:36.958Z","caller":"ipamd/ipamd.go:795","msg":"IP stats for Network Card 0 - total IPs: 0, assigned IPs: 0, cooldown IPs: 0"}
{"level":"debug","ts":"2026-10-05T08:41:36.958Z","caller":"ipamd/ipamd.go:813","msg":"Starting to increase pool size for network card 0"}
{"level":"debug","ts":"2026-10-05T08:41:36.958Z","caller":"ipamd/ipamd.go:966","msg":"Node found \"ip-10-20-0-29.ec2.internal\" - no of taints - 0"}
{"level":"debug","ts":"2026-10-05T08:41:36.958Z","caller":"ipamd/ipamd.go:2758","msg":"Prefix target is 1, short of 1 prefixes, free 0 prefixes"}
{"level":"debug","ts":"2026-10-05T08:41:36.958Z","caller":"ipamd/ipamd.go:1248","msg":"ToAllocate: 1, Network Card 0"}
{"level":"debug","ts":"2026-10-05T08:41:36.958Z","caller":"ipamd/ipamd.go:1251","msg":"Found ENI eni-EXAMPLE20 that has less than the maximum number of IP/Prefixes addresses allocated: cur=0, max=5"}
{"level":"info","ts":"2026-10-05T08:41:36.958Z","caller":"ipamd/ipamd.go:1255","msg":"Trying to allocate 1 IP addresses on ENI eni-EXAMPLE20"}
{"level":"debug","ts":"2026-10-05T08:41:36.958Z","caller":"ipamd/ipamd.go:1255","msg":"PD enabled - true"}
{"level":"debug","ts":"2026-10-05T08:41:37.407Z","caller":"awsutils/awsutils.go:2174","msg":"checkAPIErrorAndBroadcastEvent resulted in operation error EC2: AssignPrivateIpAddresses, https response error StatusCode: 400, RequestID: 4a49f80e-f964-45c9-9114-7c7097ca2b9f, api error InsufficientCidrBlocks: The specified subnet does not have enough free cidr blocks to satisfy the request."}
{"level":"error","ts":"2026-10-05T08:41:37.407Z","caller":"ipamd/ipamd.go:1255","msg":"Failed to allocate a private IP/Prefix addresses on ENI eni-EXAMPLE20: operation error EC2: AssignPrivateIpAddresses, https response error StatusCode: 400, RequestID: 4a49f80e-f964-45c9-9114-7c7097ca2b9f, api error InsufficientCidrBlocks: The specified subnet does not have enough free cidr blocks to satisfy the request."}
{"level":"debug","ts":"2026-10-05T08:41:37.407Z","caller":"ipamd/ipamd.go:1256","msg":"containsPrivateIPAddressLimitExceededError encountered operation error EC2: AssignPrivateIpAddresses, https response error StatusCode: 400, RequestID: 4a49f80e-f964-45c9-9114-7c7097ca2b9f, api error InsufficientCidrBlocks: The specified subnet does not have enough free cidr blocks to satisfy the request."}
{"level":"warn","ts":"2026-10-05T08:41:37.407Z","caller":"ipamd/ipamd.go:1113","msg":"failed to allocate all available IPv4 Prefixes on ENI eni-EXAMPLE20, err: operation error EC2: AssignPrivateIpAddresses, https response error StatusCode: 400, RequestID: 4a49f80e-f964-45c9-9114-7c7097ca2b9f, api error InsufficientCidrBlocks: The specified subnet does not have enough free cidr blocks to satisfy the request."}
{"level":"info","ts":"2026-10-05T08:41:37.407Z","caller":"ipamd/ipamd.go:1259","msg":"Trying to allocate 1 IP addresses on ENI eni-EXAMPLE20"}
{"level":"debug","ts":"2026-10-05T08:41:37.407Z","caller":"ipamd/ipamd.go:1259","msg":"PD enabled - true"}
{"level":"debug","ts":"2026-10-05T08:41:37.794Z","caller":"awsutils/awsutils.go:2174","msg":"checkAPIErrorAndBroadcastEvent resulted in operation error EC2: AssignPrivateIpAddresses, https response error StatusCode: 400, RequestID: eb88de21-0daa-4ad3-ac74-c91b6534c5b0, api error InsufficientCidrBlocks: The specified subnet does not have enough free cidr blocks to satisfy the request."}
{"level":"error","ts":"2026-10-05T08:41:37.794Z","caller":"ipamd/ipamd.go:1259","msg":"Failed to allocate a private IP/Prefix addresses on ENI eni-EXAMPLE20: operation error EC2: AssignPrivateIpAddresses, https response error StatusCode: 400, RequestID: eb88de21-0daa-4ad3-ac74-c91b6534c5b0, api error InsufficientCidrBlocks: The specified subnet does not have enough free cidr blocks to satisfy the request."}
{"level":"debug","ts":"2026-10-05T08:41:37.794Z","caller":"ipamd/ipamd.go:1260","msg":"containsPrivateIPAddressLimitExceededError encountered operation error EC2: AssignPrivateIpAddresses, https response error StatusCode: 400, RequestID: eb88de21-0daa-4ad3-ac74-c91b6534c5b0, api error InsufficientCidrBlocks: The specified subnet does not have enough free cidr blocks to satisfy the request."}
{"level":"debug","ts":"2026-10-05T08:41:37.794Z","caller":"ipamd/ipamd.go:1262","msg":"containsInsufficientCIDRsOrSubnetIPs encountered operation error EC2: AssignPrivateIpAddresses, https response error StatusCode: 400, RequestID: eb88de21-0daa-4ad3-ac74-c91b6534c5b0, api error InsufficientCidrBlocks: The specified subnet does not have enough free cidr blocks to satisfy the request."}
{"level":"debug","ts":"2026-10-05T08:41:37.794Z","caller":"ipamd/ipamd.go:1262","msg":"Insufficient IP Addresses due to: InsufficientCidrBlocks\n"}
{"level":"debug","ts":"2026-10-05T08:41:37.794Z","caller":"ipamd/ipamd.go:1003","msg":"hasRoomForEni: networkCard=0, currentENIs=1, currentUsableENIs=1, maxENI=3, unmanagedENI=0, trunkEni=0, excludedENI=0, hasRoom=true"}
{"level":"debug","ts":"2026-10-05T08:41:37.794Z","caller":"ipamd/ipamd.go:2758","msg":"Prefix target is 1, short of 1 prefixes, free 0 prefixes"}
{"level":"debug","ts":"2026-10-05T08:41:37.794Z","caller":"ipamd/ipamd.go:2595","msg":"ToAllocate: 1, Network Card 0"}
{"level":"info","ts":"2026-10-05T08:41:37.794Z","caller":"awsutils/awsutils.go:1044","msg":"Trying to allocate 1 IP addresses on new ENI"}
{"level":"debug","ts":"2026-10-05T08:41:37.794Z","caller":"awsutils/awsutils.go:1044","msg":"PD enabled - true"}
{"level":"debug","ts":"2026-10-05T08:41:38.007Z","caller":"awsutils/awsutils.go:1272","msg":"Primary subnet subnet-EXAMPLE4 has no kubernetes.io/role/cni tag, including it for ENI creation (backwards compatibility)"}
{"level":"info","ts":"2026-10-05T08:41:38.007Z","caller":"awsutils/awsutils.go:1044","msg":"Creating ENI with security groups: [sg-EXAMPLE1] in subnet: subnet-EXAMPLE4"}
{"level":"debug","ts":"2026-10-05T08:41:38.251Z","caller":"awsutils/awsutils.go:1449","msg":"checkAPIErrorAndBroadcastEvent resulted in operation error EC2: CreateNetworkInterface, https response error StatusCode: 400, RequestID: fb81b227-a003-44ab-a0b2-f24a13952883, api error InvalidParameterValue: There aren't sufficient free Ipv4 addresses or prefixes"}
{"level":"error","ts":"2026-10-05T08:41:38.251Z","caller":"awsutils/awsutils.go:1285","msg":"Failed to CreateNetworkInterface operation error EC2: CreateNetworkInterface, https response error StatusCode: 400, RequestID: fb81b227-a003-44ab-a0b2-f24a13952883, api error InvalidParameterValue: There aren't sufficient free Ipv4 addresses or prefixes for subnet subnet-EXAMPLE4"}
{"level":"debug","ts":"2026-10-05T08:41:38.251Z","caller":"awsutils/awsutils.go:1272","msg":"Subnet subnet-EXAMPLE3 has no kubernetes.io/role/cni tag, excluding it from ENI creation"}
{"level":"error","ts":"2026-10-05T08:41:38.251Z","caller":"ipamd/ipamd.go:1004","msg":"Failed to increase pool size due to not able to allocate ENI AllocENI: failed to create ENI: failed to create network interface: operation error EC2: CreateNetworkInterface, https response error StatusCode: 400, RequestID: fb81b227-a003-44ab-a0b2-f24a13952883, api error InvalidParameterValue: There aren't sufficient free Ipv4 addresses or prefixes"}
{"level":"warn","ts":"2026-10-05T08:41:38.251Z","caller":"ipamd/ipamd.go:1004","msg":"Failed to allocate 1 IP addresses on an ENI: AllocENI: failed to create ENI: failed to create network interface: operation error EC2: CreateNetworkInterface, https response error StatusCode: 400, RequestID: fb81b227-a003-44ab-a0b2-f24a13952883, api error InvalidParameterValue: There aren't sufficient free Ipv4 addresses or prefixes"}
{"level":"debug","ts":"2026-10-05T08:41:38.251Z","caller":"ipamd/ipamd.go:1082","msg":"containsInsufficientCIDRsOrSubnetIPs encountered AllocENI: failed to create ENI: failed to create network interface: operation error EC2: CreateNetworkInterface, https response error StatusCode: 400, RequestID: fb81b227-a003-44ab-a0b2-f24a13952883, api error InvalidParameterValue: There aren't sufficient free Ipv4 addresses or prefixes"}
{"level":"debug","ts":"2026-10-05T08:41:38.251Z","caller":"ipamd/ipamd.go:1082","msg":"Insufficient IP Addresses due to: InvalidParameterValue\n"}
{"level":"debug","ts":"2026-10-05T08:41:38.251Z","caller":"ipamd/ipamd.go:813","msg":"Error trying to allocate ENI: AllocENI: failed to create ENI: failed to create network interface: operation error EC2: CreateNetworkInterface, https response error StatusCode: 400, RequestID: fb81b227-a003-44ab-a0b2-f24a13952883, api error InvalidParameterValue: There aren't sufficient free Ipv4 addresses or prefixes"}
{"level":"debug","ts":"2026-10-05T08:41:38.251Z","caller":"ipamd/ipamd.go:1548","msg":"ENI eni-EXAMPLE20 cannot be deleted because it is primary"}
{"level":"info","ts":"2026-10-05T08:41:41.449Z","caller":"rpc/rpc_grpc.pb.go:117","msg":"Received AddNetwork for NS /var/run/netns/cni-ac186dab-48b3-ed42-780b-c7317a759c1f, Sandbox 583c3b8038e479d7b54ae14c4abf133d25325a664acf1775f437d41ec5619f62, ifname eth0"}
{"level":"debug","ts":"2026-10-05T08:41:41.449Z","caller":"rpc/rpc_grpc.pb.go:117","msg":"AddNetworkRequest: K8S_POD_NAME:\"pause-68d5b89fc-zkk75\"  K8S_POD_NAMESPACE:\"default\"  K8S_POD_INFRA_CONTAINER_ID:\"583c3b8038e479d7b54ae14c4abf133d25325a664acf1775f437d41ec5619f62\"  ContainerID:\"583c3b8038e479d7b54ae14c4abf133d25325a664acf1775f437d41ec5619f62\"  IfName:\"eth0\"  NetworkName:\"aws-cni\"  Netns:\"/var/run/netns/cni-ac186dab-48b3-ed42-780b-c7317a759c1f\""}
{"level":"info","ts":"2026-10-05T08:41:41.449Z","caller":"rpc/rpc_grpc.pb.go:117","msg":"Required MultiNIC access false, interfaces required 1"}
{"level":"debug","ts":"2026-10-05T08:41:41.449Z","caller":"datastore/data_store.go:713","msg":"AssignPodIPv4Address: IP address pool stats: total 0, assigned 0"}
{"level":"debug","ts":"2026-10-05T08:41:41.449Z","caller":"datastore/data_store.go:713","msg":"AssignPodIPv4Address: ENI eni-EXAMPLE20 does not have available addresses"}
{"level":"error","ts":"2026-10-05T08:41:41.449Z","caller":"datastore/data_store.go:713","msg":"DataStore has no available IP/Prefix addresses"}
{"level":"warn","ts":"2026-10-05T08:41:41.449Z","caller":"rpc/rpc_grpc.pb.go:117","msg":"Failed to assign IPs from network card 0: AssignPodIPAddress: no available IP/Prefix addresses"}
{"level":"error","ts":"2026-10-05T08:41:41.449Z","caller":"rpc/rpc_grpc.pb.go:117","msg":"Returning failure response for AddNetwork: 1 error occurred:\n\t* AssignPodIPAddress: no available IP/Prefix addresses\n\n"}
{"level":"info","ts":"2026-10-05T08:41:41.449Z","caller":"rpc/rpc_grpc.pb.go:117","msg":"Send AddNetworkReply: Success: false IPAddr: [], resp: , err: AssignPodIPAddress: no available IP/Prefix addresses"}
{"level":"info","ts":"2026-10-05T08:41:41.474Z","caller":"rpc/rpc_grpc.pb.go:135","msg":"Received DelNetwork for Sandbox 583c3b8038e479d7b54ae14c4abf133d25325a664acf1775f437d41ec5619f62"}
{"level":"debug","ts":"2026-10-05T08:41:41.474Z","caller":"rpc/rpc_grpc.pb.go:135","msg":"DelNetworkRequest: K8S_POD_NAME:\"pause-68d5b89fc-zkk75\"  K8S_POD_NAMESPACE:\"default\"  K8S_POD_INFRA_CONTAINER_ID:\"583c3b8038e479d7b54ae14c4abf133d25325a664acf1775f437d41ec5619f62\"  Reason:\"PodDeleted\"  ContainerID:\"583c3b8038e479d7b54ae14c4abf133d25325a664acf1775f437d41ec5619f62\"  IfName:\"eth0\"  NetworkName:\"aws-cni\"  K8S_POD_UID:\"d5824255-e9c5-48aa-b8b8-9ad5649ef2d7\""}
{"level":"debug","ts":"2026-10-05T08:41:41.474Z","caller":"ipamd/rpc_handler.go:353","msg":"UnassignPodIPAddress: IP address pool stats: total 0, assigned 0, sandbox aws-cni/583c3b8038e479d7b54ae14c4abf133d25325a664acf1775f437d41ec5619f62/eth0"}
{"level":"debug","ts":"2026-10-05T08:41:41.474Z","caller":"ipamd/rpc_handler.go:353","msg":"UnassignPodIPAddress: Failed to find IPAM entry under full key, trying CRI-migrated version"}
{"level":"warn","ts":"2026-10-05T08:41:41.474Z","caller":"ipamd/rpc_handler.go:353","msg":"UnassignPodIPAddress: Failed to find sandbox _migrated-from-cri/583c3b8038e479d7b54ae14c4abf133d25325a664acf1775f437d41ec5619f62/unknown"}
{"level":"info","ts":"2026-10-05T08:41:41.474Z","caller":"rpc/rpc_grpc.pb.go:135","msg":"Send DelNetworkReply: IPAddress: [], err: 1 error occurred:\n\t* datastore: unknown pod\n\n"}
{"level":"debug","ts":"2026-10-05T08:41:43.252Z","caller":"ipamd/ipamd.go:809","msg":"IP pool is too low for Network Card 0: available (0) < ENI target (1) * addrsPerENI (16)"}
{"level":"debug","ts":"2026-10-05T08:41:43.252Z","caller":"ipamd/ipamd.go:2689","msg":"Prefix pool stats for network card 0: Total IPs/Prefixes = 0/0, AssignedIPs/CooldownIPs: 0/0, c.maxIPsPerENI = 80"}
{"level":"debug","ts":"2026-10-05T08:41:43.252Z","caller":"ipamd/ipamd.go:795","msg":"IP stats for Network Card 0 - total IPs: 0, assigned IPs: 0, cooldown IPs: 0"}
{"level":"debug","ts":"2026-10-05T08:41:43.252Z","caller":"ipamd/ipamd.go:813","msg":"Starting to increase pool size for network card 0"}
{"level":"debug","ts":"2026-10-05T08:41:43.252Z","caller":"ipamd/ipamd.go:966","msg":"Node found \"ip-10-20-0-29.ec2.internal\" - no of taints - 0"}
{"level":"debug","ts":"2026-10-05T08:41:43.252Z","caller":"ipamd/ipamd.go:2758","msg":"Prefix target is 1, short of 1 prefixes, free 0 prefixes"}
{"level":"debug","ts":"2026-10-05T08:41:43.252Z","caller":"ipamd/ipamd.go:1248","msg":"ToAllocate: 1, Network Card 0"}
{"level":"debug","ts":"2026-10-05T08:41:43.252Z","caller":"ipamd/ipamd.go:1251","msg":"Found ENI eni-EXAMPLE20 that has less than the maximum number of IP/Prefixes addresses allocated: cur=0, max=5"}
{"level":"info","ts":"2026-10-05T08:41:43.252Z","caller":"ipamd/ipamd.go:1255","msg":"Trying to allocate 1 IP addresses on ENI eni-EXAMPLE20"}
{"level":"debug","ts":"2026-10-05T08:41:43.252Z","caller":"ipamd/ipamd.go:1255","msg":"PD enabled - true"}
{"level":"info","ts":"2026-10-05T08:41:43.451Z","caller":"rpc/rpc_grpc.pb.go:117","msg":"Received AddNetwork for NS /var/run/netns/cni-f577c0e4-ab55-b73e-376a-33495f2426d3, Sandbox fdab379a13d45c55b82460461653713cf396f105deedf51d0ee5fbaee05e7faf, ifname eth0"}
{"level":"debug","ts":"2026-10-05T08:41:43.451Z","caller":"rpc/rpc_grpc.pb.go:117","msg":"AddNetworkRequest: K8S_POD_NAME:\"pause-68d5b89fc-cc6lc\"  K8S_POD_NAMESPACE:\"default\"  K8S_POD_INFRA_CONTAINER_ID:\"fdab379a13d45c55b82460461653713cf396f105deedf51d0ee5fbaee05e7faf\"  ContainerID:\"fdab379a13d45c55b82460461653713cf396f105deedf51d0ee5fbaee05e7faf\"  IfName:\"eth0\"  NetworkName:\"aws-cni\"  Netns:\"/var/run/netns/cni-f577c0e4-ab55-b73e-376a-33495f2426d3\""}
{"level":"info","ts":"2026-10-05T08:41:43.451Z","caller":"rpc/rpc_grpc.pb.go:117","msg":"Required MultiNIC access false, interfaces required 1"}
{"level":"debug","ts":"2026-10-05T08:41:43.451Z","caller":"datastore/data_store.go:713","msg":"AssignPodIPv4Address: IP address pool stats: total 0, assigned 0"}
{"level":"debug","ts":"2026-10-05T08:41:43.451Z","caller":"datastore/data_store.go:713","msg":"AssignPodIPv4Address: ENI eni-EXAMPLE20 does not have available addresses"}
{"level":"error","ts":"2026-10-05T08:41:43.451Z","caller":"datastore/data_store.go:713","msg":"DataStore has no available IP/Prefix addresses"}
{"level":"warn","ts":"2026-10-05T08:41:43.451Z","caller":"rpc/rpc_grpc.pb.go:117","msg":"Failed to assign IPs from network card 0: AssignPodIPAddress: no available IP/Prefix addresses"}
{"level":"error","ts":"2026-10-05T08:41:43.451Z","caller":"rpc/rpc_grpc.pb.go:117","msg":"Returning failure response for AddNetwork: 1 error occurred:\n\t* AssignPodIPAddress: no available IP/Prefix addresses\n\n"}
{"level":"info","ts":"2026-10-05T08:41:43.451Z","caller":"rpc/rpc_grpc.pb.go:117","msg":"Send AddNetworkReply: Success: false IPAddr: [], resp: , err: AssignPodIPAddress: no available IP/Prefix addresses"}
{"level":"info","ts":"2026-10-05T08:41:43.476Z","caller":"rpc/rpc_grpc.pb.go:135","msg":"Received DelNetwork for Sandbox fdab379a13d45c55b82460461653713cf396f105deedf51d0ee5fbaee05e7faf"}
{"level":"debug","ts":"2026-10-05T08:41:43.477Z","caller":"rpc/rpc_grpc.pb.go:135","msg":"DelNetworkRequest: K8S_POD_NAME:\"pause-68d5b89fc-cc6lc\"  K8S_POD_NAMESPACE:\"default\"  K8S_POD_INFRA_CONTAINER_ID:\"fdab379a13d45c55b82460461653713cf396f105deedf51d0ee5fbaee05e7faf\"  Reason:\"PodDeleted\"  ContainerID:\"fdab379a13d45c55b82460461653713cf396f105deedf51d0ee5fbaee05e7faf\"  IfName:\"eth0\"  NetworkName:\"aws-cni\"  K8S_POD_UID:\"9c500403-1eff-4562-9498-16be317f6e12\""}
{"level":"debug","ts":"2026-10-05T08:41:43.477Z","caller":"ipamd/rpc_handler.go:353","msg":"UnassignPodIPAddress: IP address pool stats: total 0, assigned 0, sandbox aws-cni/fdab379a13d45c55b82460461653713cf396f105deedf51d0ee5fbaee05e7faf/eth0"}
{"level":"debug","ts":"2026-10-05T08:41:43.477Z","caller":"ipamd/rpc_handler.go:353","msg":"UnassignPodIPAddress: Failed to find IPAM entry under full key, trying CRI-migrated version"}
{"level":"warn","ts":"2026-10-05T08:41:43.477Z","caller":"ipamd/rpc_handler.go:353","msg":"UnassignPodIPAddress: Failed to find sandbox _migrated-from-cri/fdab379a13d45c55b82460461653713cf396f105deedf51d0ee5fbaee05e7faf/unknown"}
{"level":"info","ts":"2026-10-05T08:41:43.477Z","caller":"rpc/rpc_grpc.pb.go:135","msg":"Send DelNetworkReply: IPAddress: [], err: 1 error occurred:\n\t* datastore: unknown pod\n\n"}
{"level":"debug","ts":"2026-10-05T08:41:43.652Z","caller":"awsutils/awsutils.go:2174","msg":"checkAPIErrorAndBroadcastEvent resulted in operation error EC2: AssignPrivateIpAddresses, https response error StatusCode: 400, RequestID: 11a46ec7-6597-4f50-8a1a-c69d5281b609, api error InsufficientCidrBlocks: The specified subnet does not have enough free cidr blocks to satisfy the request."}
{"level":"error","ts":"2026-10-05T08:41:43.652Z","caller":"ipamd/ipamd.go:1255","msg":"Failed to allocate a private IP/Prefix addresses on ENI eni-EXAMPLE20: operation error EC2: AssignPrivateIpAddresses, https response error StatusCode: 400, RequestID: 11a46ec7-6597-4f50-8a1a-c69d5281b609, api error InsufficientCidrBlocks: The specified subnet does not have enough free cidr blocks to satisfy the request."}
{"level":"debug","ts":"2026-10-05T08:41:43.652Z","caller":"ipamd/ipamd.go:1256","msg":"containsPrivateIPAddressLimitExceededError encountered operation error EC2: AssignPrivateIpAddresses, https response error StatusCode: 400, RequestID: 11a46ec7-6597-4f50-8a1a-c69d5281b609, api error InsufficientCidrBlocks: The specified subnet does not have enough free cidr blocks to satisfy the request."}
{"level":"warn","ts":"2026-10-05T08:41:43.652Z","caller":"ipamd/ipamd.go:1113","msg":"failed to allocate all available IPv4 Prefixes on ENI eni-EXAMPLE20, err: operation error EC2: AssignPrivateIpAddresses, https response error StatusCode: 400, RequestID: 11a46ec7-6597-4f50-8a1a-c69d5281b609, api error InsufficientCidrBlocks: The specified subnet does not have enough free cidr blocks to satisfy the request."}
{"level":"info","ts":"2026-10-05T08:41:43.652Z","caller":"ipamd/ipamd.go:1259","msg":"Trying to allocate 1 IP addresses on ENI eni-EXAMPLE20"}
{"level":"debug","ts":"2026-10-05T08:41:43.652Z","caller":"ipamd/ipamd.go:1259","msg":"PD enabled - true"}
{"level":"debug","ts":"2026-10-05T08:41:44.081Z","caller":"awsutils/awsutils.go:2174","msg":"checkAPIErrorAndBroadcastEvent resulted in operation error EC2: AssignPrivateIpAddresses, https response error StatusCode: 400, RequestID: c4b7debb-8303-43fe-94b1-74cd77b1ae7f, api error InsufficientCidrBlocks: The specified subnet does not have enough free cidr blocks to satisfy the request."}
{"level":"error","ts":"2026-10-05T08:41:44.081Z","caller":"ipamd/ipamd.go:1259","msg":"Failed to allocate a private IP/Prefix addresses on ENI eni-EXAMPLE20: operation error EC2: AssignPrivateIpAddresses, https response error StatusCode: 400, RequestID: c4b7debb-8303-43fe-94b1-74cd77b1ae7f, api error InsufficientCidrBlocks: The specified subnet does not have enough free cidr blocks to satisfy the request."}
{"level":"debug","ts":"2026-10-05T08:41:44.081Z","caller":"ipamd/ipamd.go:1260","msg":"containsPrivateIPAddressLimitExceededError encountered operation error EC2: AssignPrivateIpAddresses, https response error StatusCode: 400, RequestID: c4b7debb-8303-43fe-94b1-74cd77b1ae7f, api error InsufficientCidrBlocks: The specified subnet does not have enough free cidr blocks to satisfy the request."}
{"level":"debug","ts":"2026-10-05T08:41:44.081Z","caller":"ipamd/ipamd.go:1262","msg":"containsInsufficientCIDRsOrSubnetIPs encountered operation error EC2: AssignPrivateIpAddresses, https response error StatusCode: 400, RequestID: c4b7debb-8303-43fe-94b1-74cd77b1ae7f, api error InsufficientCidrBlocks: The specified subnet does not have enough free cidr blocks to satisfy the request."}
{"level":"debug","ts":"2026-10-05T08:41:44.081Z","caller":"ipamd/ipamd.go:1262","msg":"Insufficient IP Addresses due to: InsufficientCidrBlocks\n"}
{"level":"debug","ts":"2026-10-05T08:41:44.081Z","caller":"ipamd/ipamd.go:1003","msg":"hasRoomForEni: networkCard=0, currentENIs=1, currentUsableENIs=1, maxENI=3, unmanagedENI=0, trunkEni=0, excludedENI=0, hasRoom=true"}
{"level":"debug","ts":"2026-10-05T08:41:44.081Z","caller":"ipamd/ipamd.go:2758","msg":"Prefix target is 1, short of 1 prefixes, free 0 prefixes"}
{"level":"debug","ts":"2026-10-05T08:41:44.081Z","caller":"ipamd/ipamd.go:2595","msg":"ToAllocate: 1, Network Card 0"}
{"level":"info","ts":"2026-10-05T08:41:44.081Z","caller":"awsutils/awsutils.go:1044","msg":"Trying to allocate 1 IP addresses on new ENI"}
{"level":"debug","ts":"2026-10-05T08:41:44.081Z","caller":"awsutils/awsutils.go:1044","msg":"PD enabled - true"}
{"level":"debug","ts":"2026-10-05T08:41:44.320Z","caller":"awsutils/awsutils.go:1272","msg":"Primary subnet subnet-EXAMPLE4 has no kubernetes.io/role/cni tag, including it for ENI creation (backwards compatibility)"}
{"level":"info","ts":"2026-10-05T08:41:44.320Z","caller":"awsutils/awsutils.go:1044","msg":"Creating ENI with security groups: [sg-EXAMPLE1] in subnet: subnet-EXAMPLE4"}
{"level":"debug","ts":"2026-10-05T08:41:44.534Z","caller":"awsutils/awsutils.go:1449","msg":"checkAPIErrorAndBroadcastEvent resulted in operation error EC2: CreateNetworkInterface, https response error StatusCode: 400, RequestID: 3b867b46-ebee-476b-ae70-1b91523ee06c, api error InvalidParameterValue: There aren't sufficient free Ipv4 addresses or prefixes"}
{"level":"error","ts":"2026-10-05T08:41:44.534Z","caller":"awsutils/awsutils.go:1285","msg":"Failed to CreateNetworkInterface operation error EC2: CreateNetworkInterface, https response error StatusCode: 400, RequestID: 3b867b46-ebee-476b-ae70-1b91523ee06c, api error InvalidParameterValue: There aren't sufficient free Ipv4 addresses or prefixes for subnet subnet-EXAMPLE4"}
{"level":"debug","ts":"2026-10-05T08:41:44.534Z","caller":"awsutils/awsutils.go:1272","msg":"Subnet subnet-EXAMPLE3 has no kubernetes.io/role/cni tag, excluding it from ENI creation"}
{"level":"error","ts":"2026-10-05T08:41:44.534Z","caller":"ipamd/ipamd.go:1004","msg":"Failed to increase pool size due to not able to allocate ENI AllocENI: failed to create ENI: failed to create network interface: operation error EC2: CreateNetworkInterface, https response error StatusCode: 400, RequestID: 3b867b46-ebee-476b-ae70-1b91523ee06c, api error InvalidParameterValue: There aren't sufficient free Ipv4 addresses or prefixes"}
{"level":"warn","ts":"2026-10-05T08:41:44.534Z","caller":"ipamd/ipamd.go:1004","msg":"Failed to allocate 1 IP addresses on an ENI: AllocENI: failed to create ENI: failed to create network interface: operation error EC2: CreateNetworkInterface, https response error StatusCode: 400, RequestID: 3b867b46-ebee-476b-ae70-1b91523ee06c, api error InvalidParameterValue: There aren't sufficient free Ipv4 addresses or prefixes"}
{"level":"debug","ts":"2026-10-05T08:41:44.534Z","caller":"ipamd/ipamd.go:1082","msg":"containsInsufficientCIDRsOrSubnetIPs encountered AllocENI: failed to create ENI: failed to create network interface: operation error EC2: CreateNetworkInterface, https response error StatusCode: 400, RequestID: 3b867b46-ebee-476b-ae70-1b91523ee06c, api error InvalidParameterValue: There aren't sufficient free Ipv4 addresses or prefixes"}
{"level":"debug","ts":"2026-10-05T08:41:44.534Z","caller":"ipamd/ipamd.go:1082","msg":"Insufficient IP Addresses due to: InvalidParameterValue\n"}
{"level":"debug","ts":"2026-10-05T08:41:44.534Z","caller":"ipamd/ipamd.go:813","msg":"Error trying to allocate ENI: AllocENI: failed to create ENI: failed to create network interface: operation error EC2: CreateNetworkInterface, https response error StatusCode: 400, RequestID: 3b867b46-ebee-476b-ae70-1b91523ee06c, api error InvalidParameterValue: There aren't sufficient free Ipv4 addresses or prefixes"}
{"level":"debug","ts":"2026-10-05T08:41:44.534Z","caller":"ipamd/ipamd.go:1548","msg":"ENI eni-EXAMPLE20 cannot be deleted because it is primary"}
{"level":"debug","ts":"2026-10-05T08:41:49.535Z","caller":"ipamd/ipamd.go:809","msg":"IP pool is too low for Network Card 0: available (0) < ENI target (1) * addrsPerENI (16)"}
{"level":"debug","ts":"2026-10-05T08:41:49.535Z","caller":"ipamd/ipamd.go:2689","msg":"Prefix pool stats for network card 0: Total IPs/Prefixes = 0/0, AssignedIPs/CooldownIPs: 0/0, c.maxIPsPerENI = 80"}
{"level":"debug","ts":"2026-10-05T08:41:49.535Z","caller":"ipamd/ipamd.go:795","msg":"IP stats for Network Card 0 - total IPs: 0, assigned IPs: 0, cooldown IPs: 0"}
{"level":"debug","ts":"2026-10-05T08:41:49.535Z","caller":"ipamd/ipamd.go:813","msg":"Starting to increase pool size for network card 0"}
{"level":"debug","ts":"2026-10-05T08:41:49.535Z","caller":"ipamd/ipamd.go:966","msg":"Node found \"ip-10-20-0-29.ec2.internal\" - no of taints - 0"}
{"level":"debug","ts":"2026-10-05T08:41:49.535Z","caller":"ipamd/ipamd.go:2758","msg":"Prefix target is 1, short of 1 prefixes, free 0 prefixes"}
{"level":"debug","ts":"2026-10-05T08:41:49.535Z","caller":"ipamd/ipamd.go:1248","msg":"ToAllocate: 1, Network Card 0"}
{"level":"debug","ts":"2026-10-05T08:41:49.535Z","caller":"ipamd/ipamd.go:1251","msg":"Found ENI eni-EXAMPLE20 that has less than the maximum number of IP/Prefixes addresses allocated: cur=0, max=5"}
{"level":"info","ts":"2026-10-05T08:41:49.535Z","caller":"ipamd/ipamd.go:1255","msg":"Trying to allocate 1 IP addresses on ENI eni-EXAMPLE20"}
{"level":"debug","ts":"2026-10-05T08:41:49.535Z","caller":"ipamd/ipamd.go:1255","msg":"PD enabled - true"}
{"level":"debug","ts":"2026-10-05T08:41:49.919Z","caller":"awsutils/awsutils.go:2174","msg":"checkAPIErrorAndBroadcastEvent resulted in operation error EC2: AssignPrivateIpAddresses, https response error StatusCode: 400, RequestID: 8e879988-2efc-4969-92dc-d8a715bbba66, api error InsufficientCidrBlocks: The specified subnet does not have enough free cidr blocks to satisfy the request."}
{"level":"error","ts":"2026-10-05T08:41:49.919Z","caller":"ipamd/ipamd.go:1255","msg":"Failed to allocate a private IP/Prefix addresses on ENI eni-EXAMPLE20: operation error EC2: AssignPrivateIpAddresses, https response error StatusCode: 400, RequestID: 8e879988-2efc-4969-92dc-d8a715bbba66, api error InsufficientCidrBlocks: The specified subnet does not have enough free cidr blocks to satisfy the request."}
{"level":"debug","ts":"2026-10-05T08:41:49.920Z","caller":"ipamd/ipamd.go:1256","msg":"containsPrivateIPAddressLimitExceededError encountered operation error EC2: AssignPrivateIpAddresses, https response error StatusCode: 400, RequestID: 8e879988-2efc-4969-92dc-d8a715bbba66, api error InsufficientCidrBlocks: The specified subnet does not have enough free cidr blocks to satisfy the request."}
{"level":"warn","ts":"2026-10-05T08:41:49.920Z","caller":"ipamd/ipamd.go:1113","msg":"failed to allocate all available IPv4 Prefixes on ENI eni-EXAMPLE20, err: operation error EC2: AssignPrivateIpAddresses, https response error StatusCode: 400, RequestID: 8e879988-2efc-4969-92dc-d8a715bbba66, api error InsufficientCidrBlocks: The specified subnet does not have enough free cidr blocks to satisfy the request."}
{"level":"info","ts":"2026-10-05T08:41:49.920Z","caller":"ipamd/ipamd.go:1259","msg":"Trying to allocate 1 IP addresses on ENI eni-EXAMPLE20"}
{"level":"debug","ts":"2026-10-05T08:41:49.920Z","caller":"ipamd/ipamd.go:1259","msg":"PD enabled - true"}
{"level":"debug","ts":"2026-10-05T08:41:50.316Z","caller":"awsutils/awsutils.go:2174","msg":"checkAPIErrorAndBroadcastEvent resulted in operation error EC2: AssignPrivateIpAddresses, https response error StatusCode: 400, RequestID: 37f2755c-066c-4188-8a4c-5897678d432e, api error InsufficientCidrBlocks: The specified subnet does not have enough free cidr blocks to satisfy the request."}
{"level":"error","ts":"2026-10-05T08:41:50.316Z","caller":"ipamd/ipamd.go:1259","msg":"Failed to allocate a private IP/Prefix addresses on ENI eni-EXAMPLE20: operation error EC2: AssignPrivateIpAddresses, https response error StatusCode: 400, RequestID: 37f2755c-066c-4188-8a4c-5897678d432e, api error InsufficientCidrBlocks: The specified subnet does not have enough free cidr blocks to satisfy the request."}
{"level":"debug","ts":"2026-10-05T08:41:50.316Z","caller":"ipamd/ipamd.go:1260","msg":"containsPrivateIPAddressLimitExceededError encountered operation error EC2: AssignPrivateIpAddresses, https response error StatusCode: 400, RequestID: 37f2755c-066c-4188-8a4c-5897678d432e, api error InsufficientCidrBlocks: The specified subnet does not have enough free cidr blocks to satisfy the request."}
{"level":"debug","ts":"2026-10-05T08:41:50.316Z","caller":"ipamd/ipamd.go:1262","msg":"containsInsufficientCIDRsOrSubnetIPs encountered operation error EC2: AssignPrivateIpAddresses, https response error StatusCode: 400, RequestID: 37f2755c-066c-4188-8a4c-5897678d432e, api error InsufficientCidrBlocks: The specified subnet does not have enough free cidr blocks to satisfy the request."}
{"level":"debug","ts":"2026-10-05T08:41:50.316Z","caller":"ipamd/ipamd.go:1262","msg":"Insufficient IP Addresses due to: InsufficientCidrBlocks\n"}
{"level":"debug","ts":"2026-10-05T08:41:50.316Z","caller":"ipamd/ipamd.go:1003","msg":"hasRoomForEni: networkCard=0, currentENIs=1, currentUsableENIs=1, maxENI=3, unmanagedENI=0, trunkEni=0, excludedENI=0, hasRoom=true"}
{"level":"debug","ts":"2026-10-05T08:41:50.316Z","caller":"ipamd/ipamd.go:2758","msg":"Prefix target is 1, short of 1 prefixes, free 0 prefixes"}
{"level":"debug","ts":"2026-10-05T08:41:50.316Z","caller":"ipamd/ipamd.go:2595","msg":"ToAllocate: 1, Network Card 0"}
{"level":"info","ts":"2026-10-05T08:41:50.316Z","caller":"awsutils/awsutils.go:1044","msg":"Trying to allocate 1 IP addresses on new ENI"}
{"level":"debug","ts":"2026-10-05T08:41:50.316Z","caller":"awsutils/awsutils.go:1044","msg":"PD enabled - true"}
{"level":"debug","ts":"2026-10-05T08:41:50.552Z","caller":"awsutils/awsutils.go:1272","msg":"Primary subnet subnet-EXAMPLE4 has no kubernetes.io/role/cni tag, including it for ENI creation (backwards compatibility)"}
{"level":"info","ts":"2026-10-05T08:41:50.552Z","caller":"awsutils/awsutils.go:1044","msg":"Creating ENI with security groups: [sg-EXAMPLE1] in subnet: subnet-EXAMPLE4"}
{"level":"debug","ts":"2026-10-05T08:41:50.808Z","caller":"awsutils/awsutils.go:1449","msg":"checkAPIErrorAndBroadcastEvent resulted in operation error EC2: CreateNetworkInterface, https response error StatusCode: 400, RequestID: 628e2a0a-0865-4bcf-b3d8-b20bd8deff94, api error InvalidParameterValue: There aren't sufficient free Ipv4 addresses or prefixes"}
{"level":"error","ts":"2026-10-05T08:41:50.809Z","caller":"awsutils/awsutils.go:1285","msg":"Failed to CreateNetworkInterface operation error EC2: CreateNetworkInterface, https response error StatusCode: 400, RequestID: 628e2a0a-0865-4bcf-b3d8-b20bd8deff94, api error InvalidParameterValue: There aren't sufficient free Ipv4 addresses or prefixes for subnet subnet-EXAMPLE4"}
{"level":"debug","ts":"2026-10-05T08:41:50.809Z","caller":"awsutils/awsutils.go:1272","msg":"Subnet subnet-EXAMPLE3 has no kubernetes.io/role/cni tag, excluding it from ENI creation"}
{"level":"error","ts":"2026-10-05T08:41:50.809Z","caller":"ipamd/ipamd.go:1004","msg":"Failed to increase pool size due to not able to allocate ENI AllocENI: failed to create ENI: failed to create network interface: operation error EC2: CreateNetworkInterface, https response error StatusCode: 400, RequestID: 628e2a0a-0865-4bcf-b3d8-b20bd8deff94, api error InvalidParameterValue: There aren't sufficient free Ipv4 addresses or prefixes"}
{"level":"warn","ts":"2026-10-05T08:41:50.809Z","caller":"ipamd/ipamd.go:1004","msg":"Failed to allocate 1 IP addresses on an ENI: AllocENI: failed to create ENI: failed to create network interface: operation error EC2: CreateNetworkInterface, https response error StatusCode: 400, RequestID: 628e2a0a-0865-4bcf-b3d8-b20bd8deff94, api error InvalidParameterValue: There aren't sufficient free Ipv4 addresses or prefixes"}
{"level":"debug","ts":"2026-10-05T08:41:50.809Z","caller":"ipamd/ipamd.go:1082","msg":"containsInsufficientCIDRsOrSubnetIPs encountered AllocENI: failed to create ENI: failed to create network interface: operation error EC2: CreateNetworkInterface, https response error StatusCode: 400, RequestID: 628e2a0a-0865-4bcf-b3d8-b20bd8deff94, api error InvalidParameterValue: There aren't sufficient free Ipv4 addresses or prefixes"}
{"level":"debug","ts":"2026-10-05T08:41:50.809Z","caller":"ipamd/ipamd.go:1082","msg":"Insufficient IP Addresses due to: InvalidParameterValue\n"}
{"level":"debug","ts":"2026-10-05T08:41:50.809Z","caller":"ipamd/ipamd.go:813","msg":"Error trying to allocate ENI: AllocENI: failed to create ENI: failed to create network interface: operation error EC2: CreateNetworkInterface, https response error StatusCode: 400, RequestID: 628e2a0a-0865-4bcf-b3d8-b20bd8deff94, api error InvalidParameterValue: There aren't sufficient free Ipv4 addresses or prefixes"}
{"level":"debug","ts":"2026-10-05T08:41:50.809Z","caller":"ipamd/ipamd.go:1548","msg":"ENI eni-EXAMPLE20 cannot be deleted because it is primary"}
{"level":"debug","ts":"2026-10-05T08:41:53.311Z","caller":"ipamd/ipamd.go:798","msg":"Reconciling ENI/IP pool info because time since last 1m3.133381247s > 1m0s"}
{"level":"debug","ts":"2026-10-05T08:41:53.319Z","caller":"ipamd/ipamd.go:1621","msg":"Total number of interfaces found: 1 "}
{"level":"debug","ts":"2026-10-05T08:41:53.319Z","caller":"awsutils/awsutils.go:787","msg":"Found ENI MAC address: 12:ff:f3:10:df:d7"}
{"level":"debug","ts":"2026-10-05T08:41:53.322Z","caller":"awsutils/awsutils.go:787","msg":"Found ENI: eni-EXAMPLE20, MAC 12:ff:f3:10:df:d7, device 0"}
{"level":"debug","ts":"2026-10-05T08:41:53.330Z","caller":"awsutils/awsutils.go:787","msg":"Found IPv4 addresses associated with interface. This is not efa-only interface"}
{"level":"debug","ts":"2026-10-05T08:41:53.337Z","caller":"ipamd/ipamd.go:798","msg":"Reconcile existing ENI eni-EXAMPLE20 IP pool"}
{"level":"info","ts":"2026-10-05T08:41:53.337Z","caller":"ipamd/ipamd.go:1766","msg":"Reconcile and skip primary IP 10.20.0.29 on ENI eni-EXAMPLE20"}
{"level":"debug","ts":"2026-10-05T08:41:53.337Z","caller":"ipamd/ipamd.go:798","msg":"Reconcile existing ENI eni-EXAMPLE20 IP prefixes"}
{"level":"debug","ts":"2026-10-05T08:41:53.337Z","caller":"ipamd/ipamd.go:1693","msg":"Found prefix pool count 0 for eni eni-EXAMPLE20\n"}
{"level":"debug","ts":"2026-10-05T08:41:53.337Z","caller":"ipamd/ipamd.go:798","msg":"Successfully Reconciled ENI/IP pool"}
{"level":"debug","ts":"2026-10-05T08:41:53.337Z","caller":"ipamd/ipamd.go:1738","msg":"Prefix pool stats for network card 0: Total IPs/Prefixes = 0/0, AssignedIPs/CooldownIPs: 0/0, c.maxIPsPerENI = 80"}
{"level":"debug","ts":"2026-10-05T08:41:53.337Z","caller":"ipamd/ipamd.go:798","msg":"Primary IP for ENI eni-EXAMPLE20 is 10.20.0.29"}
{"level":"info","ts":"2026-10-05T08:41:53.450Z","caller":"rpc/rpc_grpc.pb.go:117","msg":"Received AddNetwork for NS /var/run/netns/cni-9f416f67-b519-ef36-4ba7-eaefeadfd528, Sandbox 7b026fbc17a0c1f5ba9824b9db6e4530d45180ff4ea96389eb868f95238d84c5, ifname eth0"}
{"level":"debug","ts":"2026-10-05T08:41:53.450Z","caller":"rpc/rpc_grpc.pb.go:117","msg":"AddNetworkRequest: K8S_POD_NAME:\"pause-68d5b89fc-zkk75\"  K8S_POD_NAMESPACE:\"default\"  K8S_POD_INFRA_CONTAINER_ID:\"7b026fbc17a0c1f5ba9824b9db6e4530d45180ff4ea96389eb868f95238d84c5\"  ContainerID:\"7b026fbc17a0c1f5ba9824b9db6e4530d45180ff4ea96389eb868f95238d84c5\"  IfName:\"eth0\"  NetworkName:\"aws-cni\"  Netns:\"/var/run/netns/cni-9f416f67-b519-ef36-4ba7-eaefeadfd528\""}
{"level":"info","ts":"2026-10-05T08:41:53.450Z","caller":"rpc/rpc_grpc.pb.go:117","msg":"Required MultiNIC access false, interfaces required 1"}
{"level":"debug","ts":"2026-10-05T08:41:53.450Z","caller":"datastore/data_store.go:713","msg":"AssignPodIPv4Address: IP address pool stats: total 0, assigned 0"}
{"level":"debug","ts":"2026-10-05T08:41:53.450Z","caller":"datastore/data_store.go:713","msg":"AssignPodIPv4Address: ENI eni-EXAMPLE20 does not have available addresses"}
{"level":"error","ts":"2026-10-05T08:41:53.450Z","caller":"datastore/data_store.go:713","msg":"DataStore has no available IP/Prefix addresses"}
{"level":"warn","ts":"2026-10-05T08:41:53.450Z","caller":"rpc/rpc_grpc.pb.go:117","msg":"Failed to assign IPs from network card 0: AssignPodIPAddress: no available IP/Prefix addresses"}
{"level":"error","ts":"2026-10-05T08:41:53.450Z","caller":"rpc/rpc_grpc.pb.go:117","msg":"Returning failure response for AddNetwork: 1 error occurred:\n\t* AssignPodIPAddress: no available IP/Prefix addresses\n\n"}
{"level":"info","ts":"2026-10-05T08:41:53.450Z","caller":"rpc/rpc_grpc.pb.go:117","msg":"Send AddNetworkReply: Success: false IPAddr: [], resp: , err: AssignPodIPAddress: no available IP/Prefix addresses"}
{"level":"info","ts":"2026-10-05T08:41:53.476Z","caller":"rpc/rpc_grpc.pb.go:135","msg":"Received DelNetwork for Sandbox 7b026fbc17a0c1f5ba9824b9db6e4530d45180ff4ea96389eb868f95238d84c5"}
{"level":"debug","ts":"2026-10-05T08:41:53.477Z","caller":"rpc/rpc_grpc.pb.go:135","msg":"DelNetworkRequest: K8S_POD_NAME:\"pause-68d5b89fc-zkk75\"  K8S_POD_NAMESPACE:\"default\"  K8S_POD_INFRA_CONTAINER_ID:\"7b026fbc17a0c1f5ba9824b9db6e4530d45180ff4ea96389eb868f95238d84c5\"  Reason:\"PodDeleted\"  ContainerID:\"7b026fbc17a0c1f5ba9824b9db6e4530d45180ff4ea96389eb868f95238d84c5\"  IfName:\"eth0\"  NetworkName:\"aws-cni\"  K8S_POD_UID:\"d5824255-e9c5-48aa-b8b8-9ad5649ef2d7\""}
{"level":"debug","ts":"2026-10-05T08:41:53.477Z","caller":"ipamd/rpc_handler.go:353","msg":"UnassignPodIPAddress: IP address pool stats: total 0, assigned 0, sandbox aws-cni/7b026fbc17a0c1f5ba9824b9db6e4530d45180ff4ea96389eb868f95238d84c5/eth0"}
{"level":"debug","ts":"2026-10-05T08:41:53.477Z","caller":"ipamd/rpc_handler.go:353","msg":"UnassignPodIPAddress: Failed to find IPAM entry under full key, trying CRI-migrated version"}
{"level":"warn","ts":"2026-10-05T08:41:53.477Z","caller":"ipamd/rpc_handler.go:353","msg":"UnassignPodIPAddress: Failed to find sandbox _migrated-from-cri/7b026fbc17a0c1f5ba9824b9db6e4530d45180ff4ea96389eb868f95238d84c5/unknown"}
{"level":"info","ts":"2026-10-05T08:41:53.477Z","caller":"rpc/rpc_grpc.pb.go:135","msg":"Send DelNetworkReply: IPAddress: [], err: 1 error occurred:\n\t* datastore: unknown pod\n\n"}
{"level":"info","ts":"2026-10-05T08:41:55.450Z","caller":"rpc/rpc_grpc.pb.go:117","msg":"Received AddNetwork for NS /var/run/netns/cni-eedc61b6-f7f2-e51d-5c8d-c24c7ee62892, Sandbox d6e1d1d2cc65b484d725c26b48299f34e2d69b3a614522986a5b851fee613cd2, ifname eth0"}
{"level":"debug","ts":"2026-10-05T08:41:55.450Z","caller":"rpc/rpc_grpc.pb.go:117","msg":"AddNetworkRequest: K8S_POD_NAME:\"pause-68d5b89fc-cc6lc\"  K8S_POD_NAMESPACE:\"default\"  K8S_POD_INFRA_CONTAINER_ID:\"d6e1d1d2cc65b484d725c26b48299f34e2d69b3a614522986a5b851fee613cd2\"  ContainerID:\"d6e1d1d2cc65b484d725c26b48299f34e2d69b3a614522986a5b851fee613cd2\"  IfName:\"eth0\"  NetworkName:\"aws-cni\"  Netns:\"/var/run/netns/cni-eedc61b6-f7f2-e51d-5c8d-c24c7ee62892\""}
{"level":"info","ts":"2026-10-05T08:41:55.450Z","caller":"rpc/rpc_grpc.pb.go:117","msg":"Required MultiNIC access false, interfaces required 1"}
{"level":"debug","ts":"2026-10-05T08:41:55.450Z","caller":"datastore/data_store.go:713","msg":"AssignPodIPv4Address: IP address pool stats: total 0, assigned 0"}
{"level":"debug","ts":"2026-10-05T08:41:55.450Z","caller":"datastore/data_store.go:713","msg":"AssignPodIPv4Address: ENI eni-EXAMPLE20 does not have available addresses"}
{"level":"error","ts":"2026-10-05T08:41:55.450Z","caller":"datastore/data_store.go:713","msg":"DataStore has no available IP/Prefix addresses"}
{"level":"warn","ts":"2026-10-05T08:41:55.450Z","caller":"rpc/rpc_grpc.pb.go:117","msg":"Failed to assign IPs from network card 0: AssignPodIPAddress: no available IP/Prefix addresses"}
{"level":"error","ts":"2026-10-05T08:41:55.450Z","caller":"rpc/rpc_grpc.pb.go:117","msg":"Returning failure response for AddNetwork: 1 error occurred:\n\t* AssignPodIPAddress: no available IP/Prefix addresses\n\n"}
{"level":"info","ts":"2026-10-05T08:41:55.450Z","caller":"rpc/rpc_grpc.pb.go:117","msg":"Send AddNetworkReply: Success: false IPAddr: [], resp: , err: AssignPodIPAddress: no available IP/Prefix addresses"}
{"level":"info","ts":"2026-10-05T08:41:55.476Z","caller":"rpc/rpc_grpc.pb.go:135","msg":"Received DelNetwork for Sandbox d6e1d1d2cc65b484d725c26b48299f34e2d69b3a614522986a5b851fee613cd2"}
{"level":"debug","ts":"2026-10-05T08:41:55.476Z","caller":"rpc/rpc_grpc.pb.go:135","msg":"DelNetworkRequest: K8S_POD_NAME:\"pause-68d5b89fc-cc6lc\"  K8S_POD_NAMESPACE:\"default\"  K8S_POD_INFRA_CONTAINER_ID:\"d6e1d1d2cc65b484d725c26b48299f34e2d69b3a614522986a5b851fee613cd2\"  Reason:\"PodDeleted\"  ContainerID:\"d6e1d1d2cc65b484d725c26b48299f34e2d69b3a614522986a5b851fee613cd2\"  IfName:\"eth0\"  NetworkName:\"aws-cni\"  K8S_POD_UID:\"9c500403-1eff-4562-9498-16be317f6e12\""}
{"level":"debug","ts":"2026-10-05T08:41:55.476Z","caller":"ipamd/rpc_handler.go:353","msg":"UnassignPodIPAddress: IP address pool stats: total 0, assigned 0, sandbox aws-cni/d6e1d1d2cc65b484d725c26b48299f34e2d69b3a614522986a5b851fee613cd2/eth0"}
{"level":"debug","ts":"2026-10-05T08:41:55.476Z","caller":"ipamd/rpc_handler.go:353","msg":"UnassignPodIPAddress: Failed to find IPAM entry under full key, trying CRI-migrated version"}
{"level":"warn","ts":"2026-10-05T08:41:55.476Z","caller":"ipamd/rpc_handler.go:353","msg":"UnassignPodIPAddress: Failed to find sandbox _migrated-from-cri/d6e1d1d2cc65b484d725c26b48299f34e2d69b3a614522986a5b851fee613cd2/unknown"}
{"level":"info","ts":"2026-10-05T08:41:55.476Z","caller":"rpc/rpc_grpc.pb.go:135","msg":"Send DelNetworkReply: IPAddress: [], err: 1 error occurred:\n\t* datastore: unknown pod\n\n"}
{"level":"debug","ts":"2026-10-05T08:41:55.838Z","caller":"ipamd/ipamd.go:809","msg":"IP pool is too low for Network Card 0: available (0) < ENI target (1) * addrsPerENI (16)"}
{"level":"debug","ts":"2026-10-05T08:41:55.838Z","caller":"ipamd/ipamd.go:2689","msg":"Prefix pool stats for network card 0: Total IPs/Prefixes = 0/0, AssignedIPs/CooldownIPs: 0/0, c.maxIPsPerENI = 80"}
{"level":"debug","ts":"2026-10-05T08:41:55.838Z","caller":"ipamd/ipamd.go:795","msg":"IP stats for Network Card 0 - total IPs: 0, assigned IPs: 0, cooldown IPs: 0"}
{"level":"debug","ts":"2026-10-05T08:41:55.838Z","caller":"ipamd/ipamd.go:813","msg":"Starting to increase pool size for network card 0"}
{"level":"debug","ts":"2026-10-05T08:41:55.838Z","caller":"ipamd/ipamd.go:966","msg":"Node found \"ip-10-20-0-29.ec2.internal\" - no of taints - 0"}
{"level":"debug","ts":"2026-10-05T08:41:55.838Z","caller":"ipamd/ipamd.go:2758","msg":"Prefix target is 1, short of 1 prefixes, free 0 prefixes"}
{"level":"debug","ts":"2026-10-05T08:41:55.838Z","caller":"ipamd/ipamd.go:1248","msg":"ToAllocate: 1, Network Card 0"}
{"level":"debug","ts":"2026-10-05T08:41:55.838Z","caller":"ipamd/ipamd.go:1251","msg":"Found ENI eni-EXAMPLE20 that has less than the maximum number of IP/Prefixes addresses allocated: cur=0, max=5"}
{"level":"info","ts":"2026-10-05T08:41:55.838Z","caller":"ipamd/ipamd.go:1255","msg":"Trying to allocate 1 IP addresses on ENI eni-EXAMPLE20"}
{"level":"debug","ts":"2026-10-05T08:41:55.838Z","caller":"ipamd/ipamd.go:1255","msg":"PD enabled - true"}
{"level":"debug","ts":"2026-10-05T08:41:56.269Z","caller":"awsutils/awsutils.go:2174","msg":"checkAPIErrorAndBroadcastEvent resulted in operation error EC2: AssignPrivateIpAddresses, https response error StatusCode: 400, RequestID: 9516f5af-1790-40d7-b377-f58708ef269d, api error InsufficientCidrBlocks: The specified subnet does not have enough free cidr blocks to satisfy the request."}
{"level":"error","ts":"2026-10-05T08:41:56.269Z","caller":"ipamd/ipamd.go:1255","msg":"Failed to allocate a private IP/Prefix addresses on ENI eni-EXAMPLE20: operation error EC2: AssignPrivateIpAddresses, https response error StatusCode: 400, RequestID: 9516f5af-1790-40d7-b377-f58708ef269d, api error InsufficientCidrBlocks: The specified subnet does not have enough free cidr blocks to satisfy the request."}
{"level":"debug","ts":"2026-10-05T08:41:56.269Z","caller":"ipamd/ipamd.go:1256","msg":"containsPrivateIPAddressLimitExceededError encountered operation error EC2: AssignPrivateIpAddresses, https response error StatusCode: 400, RequestID: 9516f5af-1790-40d7-b377-f58708ef269d, api error InsufficientCidrBlocks: The specified subnet does not have enough free cidr blocks to satisfy the request."}
{"level":"warn","ts":"2026-10-05T08:41:56.269Z","caller":"ipamd/ipamd.go:1113","msg":"failed to allocate all available IPv4 Prefixes on ENI eni-EXAMPLE20, err: operation error EC2: AssignPrivateIpAddresses, https response error StatusCode: 400, RequestID: 9516f5af-1790-40d7-b377-f58708ef269d, api error InsufficientCidrBlocks: The specified subnet does not have enough free cidr blocks to satisfy the request."}
{"level":"info","ts":"2026-10-05T08:41:56.269Z","caller":"ipamd/ipamd.go:1259","msg":"Trying to allocate 1 IP addresses on ENI eni-EXAMPLE20"}
{"level":"debug","ts":"2026-10-05T08:41:56.269Z","caller":"ipamd/ipamd.go:1259","msg":"PD enabled - true"}
{"level":"debug","ts":"2026-10-05T08:41:56.726Z","caller":"awsutils/awsutils.go:2174","msg":"checkAPIErrorAndBroadcastEvent resulted in operation error EC2: AssignPrivateIpAddresses, https response error StatusCode: 400, RequestID: 6b540858-f075-4495-8b51-f9bacbda0e8d, api error InsufficientCidrBlocks: The specified subnet does not have enough free cidr blocks to satisfy the request."}
{"level":"error","ts":"2026-10-05T08:41:56.726Z","caller":"ipamd/ipamd.go:1259","msg":"Failed to allocate a private IP/Prefix addresses on ENI eni-EXAMPLE20: operation error EC2: AssignPrivateIpAddresses, https response error StatusCode: 400, RequestID: 6b540858-f075-4495-8b51-f9bacbda0e8d, api error InsufficientCidrBlocks: The specified subnet does not have enough free cidr blocks to satisfy the request."}
{"level":"debug","ts":"2026-10-05T08:41:56.726Z","caller":"ipamd/ipamd.go:1260","msg":"containsPrivateIPAddressLimitExceededError encountered operation error EC2: AssignPrivateIpAddresses, https response error StatusCode: 400, RequestID: 6b540858-f075-4495-8b51-f9bacbda0e8d, api error InsufficientCidrBlocks: The specified subnet does not have enough free cidr blocks to satisfy the request."}
{"level":"debug","ts":"2026-10-05T08:41:56.726Z","caller":"ipamd/ipamd.go:1262","msg":"containsInsufficientCIDRsOrSubnetIPs encountered operation error EC2: AssignPrivateIpAddresses, https response error StatusCode: 400, RequestID: 6b540858-f075-4495-8b51-f9bacbda0e8d, api error InsufficientCidrBlocks: The specified subnet does not have enough free cidr blocks to satisfy the request."}
{"level":"debug","ts":"2026-10-05T08:41:56.726Z","caller":"ipamd/ipamd.go:1262","msg":"Insufficient IP Addresses due to: InsufficientCidrBlocks\n"}
{"level":"debug","ts":"2026-10-05T08:41:56.726Z","caller":"ipamd/ipamd.go:1003","msg":"hasRoomForEni: networkCard=0, currentENIs=1, currentUsableENIs=1, maxENI=3, unmanagedENI=0, trunkEni=0, excludedENI=0, hasRoom=true"}
{"level":"debug","ts":"2026-10-05T08:41:56.726Z","caller":"ipamd/ipamd.go:2758","msg":"Prefix target is 1, short of 1 prefixes, free 0 prefixes"}
{"level":"debug","ts":"2026-10-05T08:41:56.726Z","caller":"ipamd/ipamd.go:2595","msg":"ToAllocate: 1, Network Card 0"}
{"level":"info","ts":"2026-10-05T08:41:56.726Z","caller":"awsutils/awsutils.go:1044","msg":"Trying to allocate 1 IP addresses on new ENI"}
{"level":"debug","ts":"2026-10-05T08:41:56.726Z","caller":"awsutils/awsutils.go:1044","msg":"PD enabled - true"}
{"level":"debug","ts":"2026-10-05T08:41:56.966Z","caller":"awsutils/awsutils.go:1272","msg":"Primary subnet subnet-EXAMPLE4 has no kubernetes.io/role/cni tag, including it for ENI creation (backwards compatibility)"}
{"level":"info","ts":"2026-10-05T08:41:56.966Z","caller":"awsutils/awsutils.go:1044","msg":"Creating ENI with security groups: [sg-EXAMPLE1] in subnet: subnet-EXAMPLE4"}
{"level":"debug","ts":"2026-10-05T08:41:57.201Z","caller":"awsutils/awsutils.go:1449","msg":"checkAPIErrorAndBroadcastEvent resulted in operation error EC2: CreateNetworkInterface, https response error StatusCode: 400, RequestID: d67ab280-8d64-4a79-aa1d-af7724098ef6, api error InvalidParameterValue: There aren't sufficient free Ipv4 addresses or prefixes"}
{"level":"error","ts":"2026-10-05T08:41:57.201Z","caller":"awsutils/awsutils.go:1285","msg":"Failed to CreateNetworkInterface operation error EC2: CreateNetworkInterface, https response error StatusCode: 400, RequestID: d67ab280-8d64-4a79-aa1d-af7724098ef6, api error InvalidParameterValue: There aren't sufficient free Ipv4 addresses or prefixes for subnet subnet-EXAMPLE4"}
{"level":"debug","ts":"2026-10-05T08:41:57.201Z","caller":"awsutils/awsutils.go:1272","msg":"Subnet subnet-EXAMPLE3 has no kubernetes.io/role/cni tag, excluding it from ENI creation"}
{"level":"error","ts":"2026-10-05T08:41:57.201Z","caller":"ipamd/ipamd.go:1004","msg":"Failed to increase pool size due to not able to allocate ENI AllocENI: failed to create ENI: failed to create network interface: operation error EC2: CreateNetworkInterface, https response error StatusCode: 400, RequestID: d67ab280-8d64-4a79-aa1d-af7724098ef6, api error InvalidParameterValue: There aren't sufficient free Ipv4 addresses or prefixes"}
{"level":"warn","ts":"2026-10-05T08:41:57.201Z","caller":"ipamd/ipamd.go:1004","msg":"Failed to allocate 1 IP addresses on an ENI: AllocENI: failed to create ENI: failed to create network interface: operation error EC2: CreateNetworkInterface, https response error StatusCode: 400, RequestID: d67ab280-8d64-4a79-aa1d-af7724098ef6, api error InvalidParameterValue: There aren't sufficient free Ipv4 addresses or prefixes"}
{"level":"debug","ts":"2026-10-05T08:41:57.201Z","caller":"ipamd/ipamd.go:1082","msg":"containsInsufficientCIDRsOrSubnetIPs encountered AllocENI: failed to create ENI: failed to create network interface: operation error EC2: CreateNetworkInterface, https response error StatusCode: 400, RequestID: d67ab280-8d64-4a79-aa1d-af7724098ef6, api error InvalidParameterValue: There aren't sufficient free Ipv4 addresses or prefixes"}
{"level":"debug","ts":"2026-10-05T08:41:57.201Z","caller":"ipamd/ipamd.go:1082","msg":"Insufficient IP Addresses due to: InvalidParameterValue\n"}
{"level":"debug","ts":"2026-10-05T08:41:57.201Z","caller":"ipamd/ipamd.go:813","msg":"Error trying to allocate ENI: AllocENI: failed to create ENI: failed to create network interface: operation error EC2: CreateNetworkInterface, https response error StatusCode: 400, RequestID: d67ab280-8d64-4a79-aa1d-af7724098ef6, api error InvalidParameterValue: There aren't sufficient free Ipv4 addresses or prefixes"}
{"level":"debug","ts":"2026-10-05T08:41:57.201Z","caller":"ipamd/ipamd.go:1548","msg":"ENI eni-EXAMPLE20 cannot be deleted because it is primary"}
{"level":"debug","ts":"2026-10-05T08:42:02.203Z","caller":"ipamd/ipamd.go:809","msg":"IP pool is too low for Network Card 0: available (0) < ENI target (1) * addrsPerENI (16)"}
{"level":"debug","ts":"2026-10-05T08:42:02.203Z","caller":"ipamd/ipamd.go:2689","msg":"Prefix pool stats for network card 0: Total IPs/Prefixes = 0/0, AssignedIPs/CooldownIPs: 0/0, c.maxIPsPerENI = 80"}
{"level":"debug","ts":"2026-10-05T08:42:02.203Z","caller":"ipamd/ipamd.go:795","msg":"IP stats for Network Card 0 - total IPs: 0, assigned IPs: 0, cooldown IPs: 0"}
{"level":"debug","ts":"2026-10-05T08:42:02.203Z","caller":"ipamd/ipamd.go:813","msg":"Starting to increase pool size for network card 0"}
{"level":"debug","ts":"2026-10-05T08:42:02.203Z","caller":"ipamd/ipamd.go:966","msg":"Node found \"ip-10-20-0-29.ec2.internal\" - no of taints - 0"}
{"level":"debug","ts":"2026-10-05T08:42:02.203Z","caller":"ipamd/ipamd.go:2758","msg":"Prefix target is 1, short of 1 prefixes, free 0 prefixes"}
{"level":"debug","ts":"2026-10-05T08:42:02.203Z","caller":"ipamd/ipamd.go:1248","msg":"ToAllocate: 1, Network Card 0"}
{"level":"debug","ts":"2026-10-05T08:42:02.203Z","caller":"ipamd/ipamd.go:1251","msg":"Found ENI eni-EXAMPLE20 that has less than the maximum number of IP/Prefixes addresses allocated: cur=0, max=5"}
{"level":"info","ts":"2026-10-05T08:42:02.203Z","caller":"ipamd/ipamd.go:1255","msg":"Trying to allocate 1 IP addresses on ENI eni-EXAMPLE20"}
{"level":"debug","ts":"2026-10-05T08:42:02.203Z","caller":"ipamd/ipamd.go:1255","msg":"PD enabled - true"}
{"level":"debug","ts":"2026-10-05T08:42:02.697Z","caller":"awsutils/awsutils.go:2174","msg":"checkAPIErrorAndBroadcastEvent resulted in operation error EC2: AssignPrivateIpAddresses, https response error StatusCode: 400, RequestID: c27721d2-09e9-46d4-9bdc-8751b3c131e1, api error InsufficientCidrBlocks: The specified subnet does not have enough free cidr blocks to satisfy the request."}
{"level":"error","ts":"2026-10-05T08:42:02.698Z","caller":"ipamd/ipamd.go:1255","msg":"Failed to allocate a private IP/Prefix addresses on ENI eni-EXAMPLE20: operation error EC2: AssignPrivateIpAddresses, https response error StatusCode: 400, RequestID: c27721d2-09e9-46d4-9bdc-8751b3c131e1, api error InsufficientCidrBlocks: The specified subnet does not have enough free cidr blocks to satisfy the request."}
{"level":"debug","ts":"2026-10-05T08:42:02.698Z","caller":"ipamd/ipamd.go:1256","msg":"containsPrivateIPAddressLimitExceededError encountered operation error EC2: AssignPrivateIpAddresses, https response error StatusCode: 400, RequestID: c27721d2-09e9-46d4-9bdc-8751b3c131e1, api error InsufficientCidrBlocks: The specified subnet does not have enough free cidr blocks to satisfy the request."}
{"level":"warn","ts":"2026-10-05T08:42:02.698Z","caller":"ipamd/ipamd.go:1113","msg":"failed to allocate all available IPv4 Prefixes on ENI eni-EXAMPLE20, err: operation error EC2: AssignPrivateIpAddresses, https response error StatusCode: 400, RequestID: c27721d2-09e9-46d4-9bdc-8751b3c131e1, api error InsufficientCidrBlocks: The specified subnet does not have enough free cidr blocks to satisfy the request."}
{"level":"info","ts":"2026-10-05T08:42:02.698Z","caller":"ipamd/ipamd.go:1259","msg":"Trying to allocate 1 IP addresses on ENI eni-EXAMPLE20"}
{"level":"debug","ts":"2026-10-05T08:42:02.698Z","caller":"ipamd/ipamd.go:1259","msg":"PD enabled - true"}
{"level":"debug","ts":"2026-10-05T08:42:03.156Z","caller":"awsutils/awsutils.go:2174","msg":"checkAPIErrorAndBroadcastEvent resulted in operation error EC2: AssignPrivateIpAddresses, https response error StatusCode: 400, RequestID: 43cfa3a4-4849-4bb4-b093-1bbb11adbaec, api error InsufficientCidrBlocks: The specified subnet does not have enough free cidr blocks to satisfy the request."}
{"level":"error","ts":"2026-10-05T08:42:03.157Z","caller":"ipamd/ipamd.go:1259","msg":"Failed to allocate a private IP/Prefix addresses on ENI eni-EXAMPLE20: operation error EC2: AssignPrivateIpAddresses, https response error StatusCode: 400, RequestID: 43cfa3a4-4849-4bb4-b093-1bbb11adbaec, api error InsufficientCidrBlocks: The specified subnet does not have enough free cidr blocks to satisfy the request."}
{"level":"debug","ts":"2026-10-05T08:42:03.157Z","caller":"ipamd/ipamd.go:1260","msg":"containsPrivateIPAddressLimitExceededError encountered operation error EC2: AssignPrivateIpAddresses, https response error StatusCode: 400, RequestID: 43cfa3a4-4849-4bb4-b093-1bbb11adbaec, api error InsufficientCidrBlocks: The specified subnet does not have enough free cidr blocks to satisfy the request."}
{"level":"debug","ts":"2026-10-05T08:42:03.157Z","caller":"ipamd/ipamd.go:1262","msg":"containsInsufficientCIDRsOrSubnetIPs encountered operation error EC2: AssignPrivateIpAddresses, https response error StatusCode: 400, RequestID: 43cfa3a4-4849-4bb4-b093-1bbb11adbaec, api error InsufficientCidrBlocks: The specified subnet does not have enough free cidr blocks to satisfy the request."}
{"level":"debug","ts":"2026-10-05T08:42:03.157Z","caller":"ipamd/ipamd.go:1262","msg":"Insufficient IP Addresses due to: InsufficientCidrBlocks\n"}
{"level":"debug","ts":"2026-10-05T08:42:03.157Z","caller":"ipamd/ipamd.go:1003","msg":"hasRoomForEni: networkCard=0, currentENIs=1, currentUsableENIs=1, maxENI=3, unmanagedENI=0, trunkEni=0, excludedENI=0, hasRoom=true"}
{"level":"debug","ts":"2026-10-05T08:42:03.157Z","caller":"ipamd/ipamd.go:2758","msg":"Prefix target is 1, short of 1 prefixes, free 0 prefixes"}
{"level":"debug","ts":"2026-10-05T08:42:03.157Z","caller":"ipamd/ipamd.go:2595","msg":"ToAllocate: 1, Network Card 0"}
{"level":"info","ts":"2026-10-05T08:42:03.157Z","caller":"awsutils/awsutils.go:1044","msg":"Trying to allocate 1 IP addresses on new ENI"}
{"level":"debug","ts":"2026-10-05T08:42:03.157Z","caller":"awsutils/awsutils.go:1044","msg":"PD enabled - true"}
{"level":"debug","ts":"2026-10-05T08:42:03.444Z","caller":"awsutils/awsutils.go:1272","msg":"Primary subnet subnet-EXAMPLE4 has no kubernetes.io/role/cni tag, including it for ENI creation (backwards compatibility)"}
{"level":"info","ts":"2026-10-05T08:42:03.444Z","caller":"awsutils/awsutils.go:1044","msg":"Creating ENI with security groups: [sg-EXAMPLE1] in subnet: subnet-EXAMPLE4"}
{"level":"debug","ts":"2026-10-05T08:42:03.678Z","caller":"awsutils/awsutils.go:1449","msg":"checkAPIErrorAndBroadcastEvent resulted in operation error EC2: CreateNetworkInterface, https response error StatusCode: 400, RequestID: c7bbf264-274d-4aa1-b0ad-6af39d838043, api error InvalidParameterValue: There aren't sufficient free Ipv4 addresses or prefixes"}
{"level":"error","ts":"2026-10-05T08:42:03.679Z","caller":"awsutils/awsutils.go:1285","msg":"Failed to CreateNetworkInterface operation error EC2: CreateNetworkInterface, https response error StatusCode: 400, RequestID: c7bbf264-274d-4aa1-b0ad-6af39d838043, api error InvalidParameterValue: There aren't sufficient free Ipv4 addresses or prefixes for subnet subnet-EXAMPLE4"}
{"level":"debug","ts":"2026-10-05T08:42:03.679Z","caller":"awsutils/awsutils.go:1272","msg":"Subnet subnet-EXAMPLE3 has no kubernetes.io/role/cni tag, excluding it from ENI creation"}
{"level":"error","ts":"2026-10-05T08:42:03.679Z","caller":"ipamd/ipamd.go:1004","msg":"Failed to increase pool size due to not able to allocate ENI AllocENI: failed to create ENI: failed to create network interface: operation error EC2: CreateNetworkInterface, https response error StatusCode: 400, RequestID: c7bbf264-274d-4aa1-b0ad-6af39d838043, api error InvalidParameterValue: There aren't sufficient free Ipv4 addresses or prefixes"}
{"level":"warn","ts":"2026-10-05T08:42:03.679Z","caller":"ipamd/ipamd.go:1004","msg":"Failed to allocate 1 IP addresses on an ENI: AllocENI: failed to create ENI: failed to create network interface: operation error EC2: CreateNetworkInterface, https response error StatusCode: 400, RequestID: c7bbf264-274d-4aa1-b0ad-6af39d838043, api error InvalidParameterValue: There aren't sufficient free Ipv4 addresses or prefixes"}
{"level":"debug","ts":"2026-10-05T08:42:03.679Z","caller":"ipamd/ipamd.go:1082","msg":"containsInsufficientCIDRsOrSubnetIPs encountered AllocENI: failed to create ENI: failed to create network interface: operation error EC2: CreateNetworkInterface, https response error StatusCode: 400, RequestID: c7bbf264-274d-4aa1-b0ad-6af39d838043, api error InvalidParameterValue: There aren't sufficient free Ipv4 addresses or prefixes"}
{"level":"debug","ts":"2026-10-05T08:42:03.679Z","caller":"ipamd/ipamd.go:1082","msg":"Insufficient IP Addresses due to: InvalidParameterValue\n"}
{"level":"debug","ts":"2026-10-05T08:42:03.679Z","caller":"ipamd/ipamd.go:813","msg":"Error trying to allocate ENI: AllocENI: failed to create ENI: failed to create network interface: operation error EC2: CreateNetworkInterface, https response error StatusCode: 400, RequestID: c7bbf264-274d-4aa1-b0ad-6af39d838043, api error InvalidParameterValue: There aren't sufficient free Ipv4 addresses or prefixes"}
{"level":"debug","ts":"2026-10-05T08:42:03.679Z","caller":"ipamd/ipamd.go:1548","msg":"ENI eni-EXAMPLE20 cannot be deleted because it is primary"}
{"level":"info","ts":"2026-10-05T08:42:05.452Z","caller":"rpc/rpc_grpc.pb.go:117","msg":"Received AddNetwork for NS /var/run/netns/cni-f85c8d1f-143c-a24a-9e62-d1d53315187c, Sandbox 2bc1aeb0ffeef67b487270c1fc49ce260c76eeb303a203398335c2feee7e0e19, ifname eth0"}
{"level":"debug","ts":"2026-10-05T08:42:05.452Z","caller":"rpc/rpc_grpc.pb.go:117","msg":"AddNetworkRequest: K8S_POD_NAME:\"pause-68d5b89fc-zkk75\"  K8S_POD_NAMESPACE:\"default\"  K8S_POD_INFRA_CONTAINER_ID:\"2bc1aeb0ffeef67b487270c1fc49ce260c76eeb303a203398335c2feee7e0e19\"  ContainerID:\"2bc1aeb0ffeef67b487270c1fc49ce260c76eeb303a203398335c2feee7e0e19\"  IfName:\"eth0\"  NetworkName:\"aws-cni\"  Netns:\"/var/run/netns/cni-f85c8d1f-143c-a24a-9e62-d1d53315187c\""}
{"level":"info","ts":"2026-10-05T08:42:05.452Z","caller":"rpc/rpc_grpc.pb.go:117","msg":"Required MultiNIC access false, interfaces required 1"}
{"level":"debug","ts":"2026-10-05T08:42:05.452Z","caller":"datastore/data_store.go:713","msg":"AssignPodIPv4Address: IP address pool stats: total 0, assigned 0"}
{"level":"debug","ts":"2026-10-05T08:42:05.452Z","caller":"datastore/data_store.go:713","msg":"AssignPodIPv4Address: ENI eni-EXAMPLE20 does not have available addresses"}
{"level":"error","ts":"2026-10-05T08:42:05.452Z","caller":"datastore/data_store.go:713","msg":"DataStore has no available IP/Prefix addresses"}
{"level":"warn","ts":"2026-10-05T08:42:05.452Z","caller":"rpc/rpc_grpc.pb.go:117","msg":"Failed to assign IPs from network card 0: AssignPodIPAddress: no available IP/Prefix addresses"}
{"level":"error","ts":"2026-10-05T08:42:05.452Z","caller":"rpc/rpc_grpc.pb.go:117","msg":"Returning failure response for AddNetwork: 1 error occurred:\n\t* AssignPodIPAddress: no available IP/Prefix addresses\n\n"}
{"level":"info","ts":"2026-10-05T08:42:05.452Z","caller":"rpc/rpc_grpc.pb.go:117","msg":"Send AddNetworkReply: Success: false IPAddr: [], resp: , err: AssignPodIPAddress: no available IP/Prefix addresses"}
{"level":"info","ts":"2026-10-05T08:42:05.488Z","caller":"rpc/rpc_grpc.pb.go:135","msg":"Received DelNetwork for Sandbox 2bc1aeb0ffeef67b487270c1fc49ce260c76eeb303a203398335c2feee7e0e19"}
{"level":"debug","ts":"2026-10-05T08:42:05.489Z","caller":"rpc/rpc_grpc.pb.go:135","msg":"DelNetworkRequest: K8S_POD_NAME:\"pause-68d5b89fc-zkk75\"  K8S_POD_NAMESPACE:\"default\"  K8S_POD_INFRA_CONTAINER_ID:\"2bc1aeb0ffeef67b487270c1fc49ce260c76eeb303a203398335c2feee7e0e19\"  Reason:\"PodDeleted\"  ContainerID:\"2bc1aeb0ffeef67b487270c1fc49ce260c76eeb303a203398335c2feee7e0e19\"  IfName:\"eth0\"  NetworkName:\"aws-cni\"  K8S_POD_UID:\"d5824255-e9c5-48aa-b8b8-9ad5649ef2d7\""}
{"level":"debug","ts":"2026-10-05T08:42:05.489Z","caller":"ipamd/rpc_handler.go:353","msg":"UnassignPodIPAddress: IP address pool stats: total 0, assigned 0, sandbox aws-cni/2bc1aeb0ffeef67b487270c1fc49ce260c76eeb303a203398335c2feee7e0e19/eth0"}
{"level":"debug","ts":"2026-10-05T08:42:05.489Z","caller":"ipamd/rpc_handler.go:353","msg":"UnassignPodIPAddress: Failed to find IPAM entry under full key, trying CRI-migrated version"}
{"level":"warn","ts":"2026-10-05T08:42:05.489Z","caller":"ipamd/rpc_handler.go:353","msg":"UnassignPodIPAddress: Failed to find sandbox _migrated-from-cri/2bc1aeb0ffeef67b487270c1fc49ce260c76eeb303a203398335c2feee7e0e19/unknown"}
{"level":"info","ts":"2026-10-05T08:42:05.489Z","caller":"rpc/rpc_grpc.pb.go:135","msg":"Send DelNetworkReply: IPAddress: [], err: 1 error occurred:\n\t* datastore: unknown pod\n\n"}
{"level":"debug","ts":"2026-10-05T08:42:08.679Z","caller":"ipamd/ipamd.go:809","msg":"IP pool is too low for Network Card 0: available (0) < ENI target (1) * addrsPerENI (16)"}
{"level":"debug","ts":"2026-10-05T08:42:08.679Z","caller":"ipamd/ipamd.go:2689","msg":"Prefix pool stats for network card 0: Total IPs/Prefixes = 0/0, AssignedIPs/CooldownIPs: 0/0, c.maxIPsPerENI = 80"}
{"level":"debug","ts":"2026-10-05T08:42:08.679Z","caller":"ipamd/ipamd.go:795","msg":"IP stats for Network Card 0 - total IPs: 0, assigned IPs: 0, cooldown IPs: 0"}
{"level":"debug","ts":"2026-10-05T08:42:08.679Z","caller":"ipamd/ipamd.go:813","msg":"Starting to increase pool size for network card 0"}
{"level":"debug","ts":"2026-10-05T08:42:08.679Z","caller":"ipamd/ipamd.go:966","msg":"Node found \"ip-10-20-0-29.ec2.internal\" - no of taints - 0"}
{"level":"debug","ts":"2026-10-05T08:42:08.679Z","caller":"ipamd/ipamd.go:2758","msg":"Prefix target is 1, short of 1 prefixes, free 0 prefixes"}
{"level":"debug","ts":"2026-10-05T08:42:08.679Z","caller":"ipamd/ipamd.go:1248","msg":"ToAllocate: 1, Network Card 0"}
{"level":"debug","ts":"2026-10-05T08:42:08.679Z","caller":"ipamd/ipamd.go:1251","msg":"Found ENI eni-EXAMPLE20 that has less than the maximum number of IP/Prefixes addresses allocated: cur=0, max=5"}
{"level":"info","ts":"2026-10-05T08:42:08.679Z","caller":"ipamd/ipamd.go:1255","msg":"Trying to allocate 1 IP addresses on ENI eni-EXAMPLE20"}
{"level":"debug","ts":"2026-10-05T08:42:08.679Z","caller":"ipamd/ipamd.go:1255","msg":"PD enabled - true"}
{"level":"debug","ts":"2026-10-05T08:42:09.120Z","caller":"awsutils/awsutils.go:2174","msg":"checkAPIErrorAndBroadcastEvent resulted in operation error EC2: AssignPrivateIpAddresses, https response error StatusCode: 400, RequestID: 702897a3-307b-4def-9033-0b2fc422598b, api error InsufficientCidrBlocks: The specified subnet does not have enough free cidr blocks to satisfy the request."}
{"level":"error","ts":"2026-10-05T08:42:09.120Z","caller":"ipamd/ipamd.go:1255","msg":"Failed to allocate a private IP/Prefix addresses on ENI eni-EXAMPLE20: operation error EC2: AssignPrivateIpAddresses, https response error StatusCode: 400, RequestID: 702897a3-307b-4def-9033-0b2fc422598b, api error InsufficientCidrBlocks: The specified subnet does not have enough free cidr blocks to satisfy the request."}
{"level":"debug","ts":"2026-10-05T08:42:09.120Z","caller":"ipamd/ipamd.go:1256","msg":"containsPrivateIPAddressLimitExceededError encountered operation error EC2: AssignPrivateIpAddresses, https response error StatusCode: 400, RequestID: 702897a3-307b-4def-9033-0b2fc422598b, api error InsufficientCidrBlocks: The specified subnet does not have enough free cidr blocks to satisfy the request."}
{"level":"warn","ts":"2026-10-05T08:42:09.120Z","caller":"ipamd/ipamd.go:1113","msg":"failed to allocate all available IPv4 Prefixes on ENI eni-EXAMPLE20, err: operation error EC2: AssignPrivateIpAddresses, https response error StatusCode: 400, RequestID: 702897a3-307b-4def-9033-0b2fc422598b, api error InsufficientCidrBlocks: The specified subnet does not have enough free cidr blocks to satisfy the request."}
{"level":"info","ts":"2026-10-05T08:42:09.120Z","caller":"ipamd/ipamd.go:1259","msg":"Trying to allocate 1 IP addresses on ENI eni-EXAMPLE20"}
{"level":"debug","ts":"2026-10-05T08:42:09.120Z","caller":"ipamd/ipamd.go:1259","msg":"PD enabled - true"}
{"level":"info","ts":"2026-10-05T08:42:09.451Z","caller":"rpc/rpc_grpc.pb.go:117","msg":"Received AddNetwork for NS /var/run/netns/cni-f13b446d-868e-446a-5752-4d71e318e924, Sandbox 90b349d440fac879e7e57abd508d0227fe9dcf79520bc31fe27ecd2017e7379c, ifname eth0"}
{"level":"debug","ts":"2026-10-05T08:42:09.451Z","caller":"rpc/rpc_grpc.pb.go:117","msg":"AddNetworkRequest: K8S_POD_NAME:\"pause-68d5b89fc-cc6lc\"  K8S_POD_NAMESPACE:\"default\"  K8S_POD_INFRA_CONTAINER_ID:\"90b349d440fac879e7e57abd508d0227fe9dcf79520bc31fe27ecd2017e7379c\"  ContainerID:\"90b349d440fac879e7e57abd508d0227fe9dcf79520bc31fe27ecd2017e7379c\"  IfName:\"eth0\"  NetworkName:\"aws-cni\"  Netns:\"/var/run/netns/cni-f13b446d-868e-446a-5752-4d71e318e924\""}
{"level":"info","ts":"2026-10-05T08:42:09.451Z","caller":"rpc/rpc_grpc.pb.go:117","msg":"Required MultiNIC access false, interfaces required 1"}
{"level":"debug","ts":"2026-10-05T08:42:09.451Z","caller":"datastore/data_store.go:713","msg":"AssignPodIPv4Address: IP address pool stats: total 0, assigned 0"}
{"level":"debug","ts":"2026-10-05T08:42:09.451Z","caller":"datastore/data_store.go:713","msg":"AssignPodIPv4Address: ENI eni-EXAMPLE20 does not have available addresses"}
{"level":"error","ts":"2026-10-05T08:42:09.451Z","caller":"datastore/data_store.go:713","msg":"DataStore has no available IP/Prefix addresses"}
{"level":"warn","ts":"2026-10-05T08:42:09.451Z","caller":"rpc/rpc_grpc.pb.go:117","msg":"Failed to assign IPs from network card 0: AssignPodIPAddress: no available IP/Prefix addresses"}
{"level":"error","ts":"2026-10-05T08:42:09.451Z","caller":"rpc/rpc_grpc.pb.go:117","msg":"Returning failure response for AddNetwork: 1 error occurred:\n\t* AssignPodIPAddress: no available IP/Prefix addresses\n\n"}
{"level":"info","ts":"2026-10-05T08:42:09.451Z","caller":"rpc/rpc_grpc.pb.go:117","msg":"Send AddNetworkReply: Success: false IPAddr: [], resp: , err: AssignPodIPAddress: no available IP/Prefix addresses"}
{"level":"info","ts":"2026-10-05T08:42:09.480Z","caller":"rpc/rpc_grpc.pb.go:135","msg":"Received DelNetwork for Sandbox 90b349d440fac879e7e57abd508d0227fe9dcf79520bc31fe27ecd2017e7379c"}
{"level":"debug","ts":"2026-10-05T08:42:09.480Z","caller":"rpc/rpc_grpc.pb.go:135","msg":"DelNetworkRequest: K8S_POD_NAME:\"pause-68d5b89fc-cc6lc\"  K8S_POD_NAMESPACE:\"default\"  K8S_POD_INFRA_CONTAINER_ID:\"90b349d440fac879e7e57abd508d0227fe9dcf79520bc31fe27ecd2017e7379c\"  Reason:\"PodDeleted\"  ContainerID:\"90b349d440fac879e7e57abd508d0227fe9dcf79520bc31fe27ecd2017e7379c\"  IfName:\"eth0\"  NetworkName:\"aws-cni\"  K8S_POD_UID:\"9c500403-1eff-4562-9498-16be317f6e12\""}
{"level":"debug","ts":"2026-10-05T08:42:09.480Z","caller":"ipamd/rpc_handler.go:353","msg":"UnassignPodIPAddress: IP address pool stats: total 0, assigned 0, sandbox aws-cni/90b349d440fac879e7e57abd508d0227fe9dcf79520bc31fe27ecd2017e7379c/eth0"}
{"level":"debug","ts":"2026-10-05T08:42:09.480Z","caller":"ipamd/rpc_handler.go:353","msg":"UnassignPodIPAddress: Failed to find IPAM entry under full key, trying CRI-migrated version"}
{"level":"warn","ts":"2026-10-05T08:42:09.480Z","caller":"ipamd/rpc_handler.go:353","msg":"UnassignPodIPAddress: Failed to find sandbox _migrated-from-cri/90b349d440fac879e7e57abd508d0227fe9dcf79520bc31fe27ecd2017e7379c/unknown"}
{"level":"info","ts":"2026-10-05T08:42:09.480Z","caller":"rpc/rpc_grpc.pb.go:135","msg":"Send DelNetworkReply: IPAddress: [], err: 1 error occurred:\n\t* datastore: unknown pod\n\n"}
{"level":"debug","ts":"2026-10-05T08:42:09.499Z","caller":"awsutils/awsutils.go:2174","msg":"checkAPIErrorAndBroadcastEvent resulted in operation error EC2: AssignPrivateIpAddresses, https response error StatusCode: 400, RequestID: eac644da-91fa-48e5-8690-c241b2d9abae, api error InsufficientCidrBlocks: The specified subnet does not have enough free cidr blocks to satisfy the request."}
{"level":"error","ts":"2026-10-05T08:42:09.499Z","caller":"ipamd/ipamd.go:1259","msg":"Failed to allocate a private IP/Prefix addresses on ENI eni-EXAMPLE20: operation error EC2: AssignPrivateIpAddresses, https response error StatusCode: 400, RequestID: eac644da-91fa-48e5-8690-c241b2d9abae, api error InsufficientCidrBlocks: The specified subnet does not have enough free cidr blocks to satisfy the request."}
{"level":"debug","ts":"2026-10-05T08:42:09.499Z","caller":"ipamd/ipamd.go:1260","msg":"containsPrivateIPAddressLimitExceededError encountered operation error EC2: AssignPrivateIpAddresses, https response error StatusCode: 400, RequestID: eac644da-91fa-48e5-8690-c241b2d9abae, api error InsufficientCidrBlocks: The specified subnet does not have enough free cidr blocks to satisfy the request."}
{"level":"debug","ts":"2026-10-05T08:42:09.499Z","caller":"ipamd/ipamd.go:1262","msg":"containsInsufficientCIDRsOrSubnetIPs encountered operation error EC2: AssignPrivateIpAddresses, https response error StatusCode: 400, RequestID: eac644da-91fa-48e5-8690-c241b2d9abae, api error InsufficientCidrBlocks: The specified subnet does not have enough free cidr blocks to satisfy the request."}
{"level":"debug","ts":"2026-10-05T08:42:09.499Z","caller":"ipamd/ipamd.go:1262","msg":"Insufficient IP Addresses due to: InsufficientCidrBlocks\n"}
{"level":"debug","ts":"2026-10-05T08:42:09.499Z","caller":"ipamd/ipamd.go:1003","msg":"hasRoomForEni: networkCard=0, currentENIs=1, currentUsableENIs=1, maxENI=3, unmanagedENI=0, trunkEni=0, excludedENI=0, hasRoom=true"}
{"level":"debug","ts":"2026-10-05T08:42:09.499Z","caller":"ipamd/ipamd.go:2758","msg":"Prefix target is 1, short of 1 prefixes, free 0 prefixes"}
{"level":"debug","ts":"2026-10-05T08:42:09.499Z","caller":"ipamd/ipamd.go:2595","msg":"ToAllocate: 1, Network Card 0"}
{"level":"info","ts":"2026-10-05T08:42:09.499Z","caller":"awsutils/awsutils.go:1044","msg":"Trying to allocate 1 IP addresses on new ENI"}
{"level":"debug","ts":"2026-10-05T08:42:09.499Z","caller":"awsutils/awsutils.go:1044","msg":"PD enabled - true"}
{"level":"debug","ts":"2026-10-05T08:42:09.725Z","caller":"awsutils/awsutils.go:1272","msg":"Primary subnet subnet-EXAMPLE4 has no kubernetes.io/role/cni tag, including it for ENI creation (backwards compatibility)"}
{"level":"info","ts":"2026-10-05T08:42:09.725Z","caller":"awsutils/awsutils.go:1044","msg":"Creating ENI with security groups: [sg-EXAMPLE1] in subnet: subnet-EXAMPLE4"}
{"level":"debug","ts":"2026-10-05T08:42:09.971Z","caller":"awsutils/awsutils.go:1449","msg":"checkAPIErrorAndBroadcastEvent resulted in operation error EC2: CreateNetworkInterface, https response error StatusCode: 400, RequestID: f4dbbc19-708b-4566-9fb1-74efa24ca691, api error InvalidParameterValue: There aren't sufficient free Ipv4 addresses or prefixes"}
{"level":"error","ts":"2026-10-05T08:42:09.971Z","caller":"awsutils/awsutils.go:1285","msg":"Failed to CreateNetworkInterface operation error EC2: CreateNetworkInterface, https response error StatusCode: 400, RequestID: f4dbbc19-708b-4566-9fb1-74efa24ca691, api error InvalidParameterValue: There aren't sufficient free Ipv4 addresses or prefixes for subnet subnet-EXAMPLE4"}
{"level":"debug","ts":"2026-10-05T08:42:09.971Z","caller":"awsutils/awsutils.go:1272","msg":"Subnet subnet-EXAMPLE3 has no kubernetes.io/role/cni tag, excluding it from ENI creation"}
{"level":"error","ts":"2026-10-05T08:42:09.971Z","caller":"ipamd/ipamd.go:1004","msg":"Failed to increase pool size due to not able to allocate ENI AllocENI: failed to create ENI: failed to create network interface: operation error EC2: CreateNetworkInterface, https response error StatusCode: 400, RequestID: f4dbbc19-708b-4566-9fb1-74efa24ca691, api error InvalidParameterValue: There aren't sufficient free Ipv4 addresses or prefixes"}
{"level":"warn","ts":"2026-10-05T08:42:09.971Z","caller":"ipamd/ipamd.go:1004","msg":"Failed to allocate 1 IP addresses on an ENI: AllocENI: failed to create ENI: failed to create network interface: operation error EC2: CreateNetworkInterface, https response error StatusCode: 400, RequestID: f4dbbc19-708b-4566-9fb1-74efa24ca691, api error InvalidParameterValue: There aren't sufficient free Ipv4 addresses or prefixes"}
{"level":"debug","ts":"2026-10-05T08:42:09.971Z","caller":"ipamd/ipamd.go:1082","msg":"containsInsufficientCIDRsOrSubnetIPs encountered AllocENI: failed to create ENI: failed to create network interface: operation error EC2: CreateNetworkInterface, https response error StatusCode: 400, RequestID: f4dbbc19-708b-4566-9fb1-74efa24ca691, api error InvalidParameterValue: There aren't sufficient free Ipv4 addresses or prefixes"}
{"level":"debug","ts":"2026-10-05T08:42:09.971Z","caller":"ipamd/ipamd.go:1082","msg":"Insufficient IP Addresses due to: InvalidParameterValue\n"}
{"level":"debug","ts":"2026-10-05T08:42:09.971Z","caller":"ipamd/ipamd.go:813","msg":"Error trying to allocate ENI: AllocENI: failed to create ENI: failed to create network interface: operation error EC2: CreateNetworkInterface, https response error StatusCode: 400, RequestID: f4dbbc19-708b-4566-9fb1-74efa24ca691, api error InvalidParameterValue: There aren't sufficient free Ipv4 addresses or prefixes"}
{"level":"debug","ts":"2026-10-05T08:42:09.971Z","caller":"ipamd/ipamd.go:1548","msg":"ENI eni-EXAMPLE20 cannot be deleted because it is primary"}
{"level":"debug","ts":"2026-10-05T08:42:14.973Z","caller":"ipamd/ipamd.go:809","msg":"IP pool is too low for Network Card 0: available (0) < ENI target (1) * addrsPerENI (16)"}
{"level":"debug","ts":"2026-10-05T08:42:14.973Z","caller":"ipamd/ipamd.go:2689","msg":"Prefix pool stats for network card 0: Total IPs/Prefixes = 0/0, AssignedIPs/CooldownIPs: 0/0, c.maxIPsPerENI = 80"}
{"level":"debug","ts":"2026-10-05T08:42:14.973Z","caller":"ipamd/ipamd.go:795","msg":"IP stats for Network Card 0 - total IPs: 0, assigned IPs: 0, cooldown IPs: 0"}
{"level":"debug","ts":"2026-10-05T08:42:14.973Z","caller":"ipamd/ipamd.go:813","msg":"Starting to increase pool size for network card 0"}
{"level":"debug","ts":"2026-10-05T08:42:14.973Z","caller":"ipamd/ipamd.go:966","msg":"Node found \"ip-10-20-0-29.ec2.internal\" - no of taints - 0"}
{"level":"debug","ts":"2026-10-05T08:42:14.973Z","caller":"ipamd/ipamd.go:2758","msg":"Prefix target is 1, short of 1 prefixes, free 0 prefixes"}
{"level":"debug","ts":"2026-10-05T08:42:14.973Z","caller":"ipamd/ipamd.go:1248","msg":"ToAllocate: 1, Network Card 0"}
{"level":"debug","ts":"2026-10-05T08:42:14.973Z","caller":"ipamd/ipamd.go:1251","msg":"Found ENI eni-EXAMPLE20 that has less than the maximum number of IP/Prefixes addresses allocated: cur=0, max=5"}
{"level":"info","ts":"2026-10-05T08:42:14.973Z","caller":"ipamd/ipamd.go:1255","msg":"Trying to allocate 1 IP addresses on ENI eni-EXAMPLE20"}
{"level":"debug","ts":"2026-10-05T08:42:14.973Z","caller":"ipamd/ipamd.go:1255","msg":"PD enabled - true"}
{"level":"debug","ts":"2026-10-05T08:42:15.390Z","caller":"awsutils/awsutils.go:2174","msg":"checkAPIErrorAndBroadcastEvent resulted in operation error EC2: AssignPrivateIpAddresses, https response error StatusCode: 400, RequestID: fd9105a8-ba2a-4f42-88c8-e0ee9d22326e, api error InsufficientCidrBlocks: The specified subnet does not have enough free cidr blocks to satisfy the request."}
{"level":"error","ts":"2026-10-05T08:42:15.390Z","caller":"ipamd/ipamd.go:1255","msg":"Failed to allocate a private IP/Prefix addresses on ENI eni-EXAMPLE20: operation error EC2: AssignPrivateIpAddresses, https response error StatusCode: 400, RequestID: fd9105a8-ba2a-4f42-88c8-e0ee9d22326e, api error InsufficientCidrBlocks: The specified subnet does not have enough free cidr blocks to satisfy the request."}
{"level":"debug","ts":"2026-10-05T08:42:15.390Z","caller":"ipamd/ipamd.go:1256","msg":"containsPrivateIPAddressLimitExceededError encountered operation error EC2: AssignPrivateIpAddresses, https response error StatusCode: 400, RequestID: fd9105a8-ba2a-4f42-88c8-e0ee9d22326e, api error InsufficientCidrBlocks: The specified subnet does not have enough free cidr blocks to satisfy the request."}
{"level":"warn","ts":"2026-10-05T08:42:15.390Z","caller":"ipamd/ipamd.go:1113","msg":"failed to allocate all available IPv4 Prefixes on ENI eni-EXAMPLE20, err: operation error EC2: AssignPrivateIpAddresses, https response error StatusCode: 400, RequestID: fd9105a8-ba2a-4f42-88c8-e0ee9d22326e, api error InsufficientCidrBlocks: The specified subnet does not have enough free cidr blocks to satisfy the request."}
{"level":"info","ts":"2026-10-05T08:42:15.390Z","caller":"ipamd/ipamd.go:1259","msg":"Trying to allocate 1 IP addresses on ENI eni-EXAMPLE20"}
{"level":"debug","ts":"2026-10-05T08:42:15.390Z","caller":"ipamd/ipamd.go:1259","msg":"PD enabled - true"}
{"level":"debug","ts":"2026-10-05T08:42:15.788Z","caller":"awsutils/awsutils.go:2174","msg":"checkAPIErrorAndBroadcastEvent resulted in operation error EC2: AssignPrivateIpAddresses, https response error StatusCode: 400, RequestID: 1425e7bd-3b48-48b7-bfb3-3ecd37fb03e8, api error InsufficientCidrBlocks: The specified subnet does not have enough free cidr blocks to satisfy the request."}
{"level":"error","ts":"2026-10-05T08:42:15.788Z","caller":"ipamd/ipamd.go:1259","msg":"Failed to allocate a private IP/Prefix addresses on ENI eni-EXAMPLE20: operation error EC2: AssignPrivateIpAddresses, https response error StatusCode: 400, RequestID: 1425e7bd-3b48-48b7-bfb3-3ecd37fb03e8, api error InsufficientCidrBlocks: The specified subnet does not have enough free cidr blocks to satisfy the request."}
{"level":"debug","ts":"2026-10-05T08:42:15.788Z","caller":"ipamd/ipamd.go:1260","msg":"containsPrivateIPAddressLimitExceededError encountered operation error EC2: AssignPrivateIpAddresses, https response error StatusCode: 400, RequestID: 1425e7bd-3b48-48b7-bfb3-3ecd37fb03e8, api error InsufficientCidrBlocks: The specified subnet does not have enough free cidr blocks to satisfy the request."}
{"level":"debug","ts":"2026-10-05T08:42:15.788Z","caller":"ipamd/ipamd.go:1262","msg":"containsInsufficientCIDRsOrSubnetIPs encountered operation error EC2: AssignPrivateIpAddresses, https response error StatusCode: 400, RequestID: 1425e7bd-3b48-48b7-bfb3-3ecd37fb03e8, api error InsufficientCidrBlocks: The specified subnet does not have enough free cidr blocks to satisfy the request."}
{"level":"debug","ts":"2026-10-05T08:42:15.788Z","caller":"ipamd/ipamd.go:1262","msg":"Insufficient IP Addresses due to: InsufficientCidrBlocks\n"}
{"level":"debug","ts":"2026-10-05T08:42:15.788Z","caller":"ipamd/ipamd.go:1003","msg":"hasRoomForEni: networkCard=0, currentENIs=1, currentUsableENIs=1, maxENI=3, unmanagedENI=0, trunkEni=0, excludedENI=0, hasRoom=true"}
{"level":"debug","ts":"2026-10-05T08:42:15.788Z","caller":"ipamd/ipamd.go:2758","msg":"Prefix target is 1, short of 1 prefixes, free 0 prefixes"}
{"level":"debug","ts":"2026-10-05T08:42:15.788Z","caller":"ipamd/ipamd.go:2595","msg":"ToAllocate: 1, Network Card 0"}
{"level":"info","ts":"2026-10-05T08:42:15.788Z","caller":"awsutils/awsutils.go:1044","msg":"Trying to allocate 1 IP addresses on new ENI"}
{"level":"debug","ts":"2026-10-05T08:42:15.788Z","caller":"awsutils/awsutils.go:1044","msg":"PD enabled - true"}
{"level":"debug","ts":"2026-10-05T08:42:16.016Z","caller":"awsutils/awsutils.go:1272","msg":"Primary subnet subnet-EXAMPLE4 has no kubernetes.io/role/cni tag, including it for ENI creation (backwards compatibility)"}
{"level":"info","ts":"2026-10-05T08:42:16.016Z","caller":"awsutils/awsutils.go:1044","msg":"Creating ENI with security groups: [sg-EXAMPLE1] in subnet: subnet-EXAMPLE4"}
{"level":"debug","ts":"2026-10-05T08:42:16.277Z","caller":"awsutils/awsutils.go:1449","msg":"checkAPIErrorAndBroadcastEvent resulted in operation error EC2: CreateNetworkInterface, https response error StatusCode: 400, RequestID: b0fec423-28c4-468e-b6fa-7fbc7afa3a2e, api error InvalidParameterValue: There aren't sufficient free Ipv4 addresses or prefixes"}
{"level":"error","ts":"2026-10-05T08:42:16.277Z","caller":"awsutils/awsutils.go:1285","msg":"Failed to CreateNetworkInterface operation error EC2: CreateNetworkInterface, https response error StatusCode: 400, RequestID: b0fec423-28c4-468e-b6fa-7fbc7afa3a2e, api error InvalidParameterValue: There aren't sufficient free Ipv4 addresses or prefixes for subnet subnet-EXAMPLE4"}
{"level":"debug","ts":"2026-10-05T08:42:16.277Z","caller":"awsutils/awsutils.go:1272","msg":"Subnet subnet-EXAMPLE3 has no kubernetes.io/role/cni tag, excluding it from ENI creation"}
{"level":"error","ts":"2026-10-05T08:42:16.277Z","caller":"ipamd/ipamd.go:1004","msg":"Failed to increase pool size due to not able to allocate ENI AllocENI: failed to create ENI: failed to create network interface: operation error EC2: CreateNetworkInterface, https response error StatusCode: 400, RequestID: b0fec423-28c4-468e-b6fa-7fbc7afa3a2e, api error InvalidParameterValue: There aren't sufficient free Ipv4 addresses or prefixes"}
{"level":"warn","ts":"2026-10-05T08:42:16.277Z","caller":"ipamd/ipamd.go:1004","msg":"Failed to allocate 1 IP addresses on an ENI: AllocENI: failed to create ENI: failed to create network interface: operation error EC2: CreateNetworkInterface, https response error StatusCode: 400, RequestID: b0fec423-28c4-468e-b6fa-7fbc7afa3a2e, api error InvalidParameterValue: There aren't sufficient free Ipv4 addresses or prefixes"}
{"level":"debug","ts":"2026-10-05T08:42:16.277Z","caller":"ipamd/ipamd.go:1082","msg":"containsInsufficientCIDRsOrSubnetIPs encountered AllocENI: failed to create ENI: failed to create network interface: operation error EC2: CreateNetworkInterface, https response error StatusCode: 400, RequestID: b0fec423-28c4-468e-b6fa-7fbc7afa3a2e, api error InvalidParameterValue: There aren't sufficient free Ipv4 addresses or prefixes"}
{"level":"debug","ts":"2026-10-05T08:42:16.277Z","caller":"ipamd/ipamd.go:1082","msg":"Insufficient IP Addresses due to: InvalidParameterValue\n"}
{"level":"debug","ts":"2026-10-05T08:42:16.277Z","caller":"ipamd/ipamd.go:813","msg":"Error trying to allocate ENI: AllocENI: failed to create ENI: failed to create network interface: operation error EC2: CreateNetworkInterface, https response error StatusCode: 400, RequestID: b0fec423-28c4-468e-b6fa-7fbc7afa3a2e, api error InvalidParameterValue: There aren't sufficient free Ipv4 addresses or prefixes"}
{"level":"debug","ts":"2026-10-05T08:42:16.277Z","caller":"ipamd/ipamd.go:1548","msg":"ENI eni-EXAMPLE20 cannot be deleted because it is primary"}
{"level":"info","ts":"2026-10-05T08:42:18.450Z","caller":"rpc/rpc_grpc.pb.go:117","msg":"Received AddNetwork for NS /var/run/netns/cni-b4f803c5-8c21-ad24-6fbb-e1c5c3abdbfd, Sandbox 13fdffc17dbd4bb5d14baa52b71e40df7ce3e1b05d086a947ab2f64d3591e27a, ifname eth0"}
{"level":"debug","ts":"2026-10-05T08:42:18.450Z","caller":"rpc/rpc_grpc.pb.go:117","msg":"AddNetworkRequest: K8S_POD_NAME:\"pause-68d5b89fc-zkk75\"  K8S_POD_NAMESPACE:\"default\"  K8S_POD_INFRA_CONTAINER_ID:\"13fdffc17dbd4bb5d14baa52b71e40df7ce3e1b05d086a947ab2f64d3591e27a\"  ContainerID:\"13fdffc17dbd4bb5d14baa52b71e40df7ce3e1b05d086a947ab2f64d3591e27a\"  IfName:\"eth0\"  NetworkName:\"aws-cni\"  Netns:\"/var/run/netns/cni-b4f803c5-8c21-ad24-6fbb-e1c5c3abdbfd\""}
{"level":"info","ts":"2026-10-05T08:42:18.450Z","caller":"rpc/rpc_grpc.pb.go:117","msg":"Required MultiNIC access false, interfaces required 1"}
{"level":"debug","ts":"2026-10-05T08:42:18.450Z","caller":"datastore/data_store.go:713","msg":"AssignPodIPv4Address: IP address pool stats: total 0, assigned 0"}
{"level":"debug","ts":"2026-10-05T08:42:18.450Z","caller":"datastore/data_store.go:713","msg":"AssignPodIPv4Address: ENI eni-EXAMPLE20 does not have available addresses"}
{"level":"error","ts":"2026-10-05T08:42:18.450Z","caller":"datastore/data_store.go:713","msg":"DataStore has no available IP/Prefix addresses"}
{"level":"warn","ts":"2026-10-05T08:42:18.450Z","caller":"rpc/rpc_grpc.pb.go:117","msg":"Failed to assign IPs from network card 0: AssignPodIPAddress: no available IP/Prefix addresses"}
{"level":"error","ts":"2026-10-05T08:42:18.450Z","caller":"rpc/rpc_grpc.pb.go:117","msg":"Returning failure response for AddNetwork: 1 error occurred:\n\t* AssignPodIPAddress: no available IP/Prefix addresses\n\n"}
{"level":"info","ts":"2026-10-05T08:42:18.450Z","caller":"rpc/rpc_grpc.pb.go:117","msg":"Send AddNetworkReply: Success: false IPAddr: [], resp: , err: AssignPodIPAddress: no available IP/Prefix addresses"}
{"level":"info","ts":"2026-10-05T08:42:18.475Z","caller":"rpc/rpc_grpc.pb.go:135","msg":"Received DelNetwork for Sandbox 13fdffc17dbd4bb5d14baa52b71e40df7ce3e1b05d086a947ab2f64d3591e27a"}
{"level":"debug","ts":"2026-10-05T08:42:18.475Z","caller":"rpc/rpc_grpc.pb.go:135","msg":"DelNetworkRequest: K8S_POD_NAME:\"pause-68d5b89fc-zkk75\"  K8S_POD_NAMESPACE:\"default\"  K8S_POD_INFRA_CONTAINER_ID:\"13fdffc17dbd4bb5d14baa52b71e40df7ce3e1b05d086a947ab2f64d3591e27a\"  Reason:\"PodDeleted\"  ContainerID:\"13fdffc17dbd4bb5d14baa52b71e40df7ce3e1b05d086a947ab2f64d3591e27a\"  IfName:\"eth0\"  NetworkName:\"aws-cni\"  K8S_POD_UID:\"d5824255-e9c5-48aa-b8b8-9ad5649ef2d7\""}
{"level":"debug","ts":"2026-10-05T08:42:18.475Z","caller":"ipamd/rpc_handler.go:353","msg":"UnassignPodIPAddress: IP address pool stats: total 0, assigned 0, sandbox aws-cni/13fdffc17dbd4bb5d14baa52b71e40df7ce3e1b05d086a947ab2f64d3591e27a/eth0"}
{"level":"debug","ts":"2026-10-05T08:42:18.475Z","caller":"ipamd/rpc_handler.go:353","msg":"UnassignPodIPAddress: Failed to find IPAM entry under full key, trying CRI-migrated version"}
{"level":"warn","ts":"2026-10-05T08:42:18.475Z","caller":"ipamd/rpc_handler.go:353","msg":"UnassignPodIPAddress: Failed to find sandbox _migrated-from-cri/13fdffc17dbd4bb5d14baa52b71e40df7ce3e1b05d086a947ab2f64d3591e27a/unknown"}
{"level":"info","ts":"2026-10-05T08:42:18.475Z","caller":"rpc/rpc_grpc.pb.go:135","msg":"Send DelNetworkReply: IPAddress: [], err: 1 error occurred:\n\t* datastore: unknown pod\n\n"}
{"level":"debug","ts":"2026-10-05T08:42:21.278Z","caller":"ipamd/ipamd.go:809","msg":"IP pool is too low for Network Card 0: available (0) < ENI target (1) * addrsPerENI (16)"}
{"level":"debug","ts":"2026-10-05T08:42:21.278Z","caller":"ipamd/ipamd.go:2689","msg":"Prefix pool stats for network card 0: Total IPs/Prefixes = 0/0, AssignedIPs/CooldownIPs: 0/0, c.maxIPsPerENI = 80"}
{"level":"debug","ts":"2026-10-05T08:42:21.278Z","caller":"ipamd/ipamd.go:795","msg":"IP stats for Network Card 0 - total IPs: 0, assigned IPs: 0, cooldown IPs: 0"}
{"level":"debug","ts":"2026-10-05T08:42:21.278Z","caller":"ipamd/ipamd.go:813","msg":"Starting to increase pool size for network card 0"}
{"level":"debug","ts":"2026-10-05T08:42:21.278Z","caller":"ipamd/ipamd.go:966","msg":"Node found \"ip-10-20-0-29.ec2.internal\" - no of taints - 0"}
{"level":"debug","ts":"2026-10-05T08:42:21.278Z","caller":"ipamd/ipamd.go:2758","msg":"Prefix target is 1, short of 1 prefixes, free 0 prefixes"}
{"level":"debug","ts":"2026-10-05T08:42:21.278Z","caller":"ipamd/ipamd.go:1248","msg":"ToAllocate: 1, Network Card 0"}
{"level":"debug","ts":"2026-10-05T08:42:21.278Z","caller":"ipamd/ipamd.go:1251","msg":"Found ENI eni-EXAMPLE20 that has less than the maximum number of IP/Prefixes addresses allocated: cur=0, max=5"}
{"level":"info","ts":"2026-10-05T08:42:21.278Z","caller":"ipamd/ipamd.go:1255","msg":"Trying to allocate 1 IP addresses on ENI eni-EXAMPLE20"}
{"level":"debug","ts":"2026-10-05T08:42:21.278Z","caller":"ipamd/ipamd.go:1255","msg":"PD enabled - true"}
{"level":"debug","ts":"2026-10-05T08:42:21.830Z","caller":"awsutils/awsutils.go:2174","msg":"checkAPIErrorAndBroadcastEvent resulted in operation error EC2: AssignPrivateIpAddresses, https response error StatusCode: 400, RequestID: 95e1320a-361c-4740-afa8-021646c2318a, api error InsufficientCidrBlocks: The specified subnet does not have enough free cidr blocks to satisfy the request."}
{"level":"error","ts":"2026-10-05T08:42:21.830Z","caller":"ipamd/ipamd.go:1255","msg":"Failed to allocate a private IP/Prefix addresses on ENI eni-EXAMPLE20: operation error EC2: AssignPrivateIpAddresses, https response error StatusCode: 400, RequestID: 95e1320a-361c-4740-afa8-021646c2318a, api error InsufficientCidrBlocks: The specified subnet does not have enough free cidr blocks to satisfy the request."}
{"level":"debug","ts":"2026-10-05T08:42:21.830Z","caller":"ipamd/ipamd.go:1256","msg":"containsPrivateIPAddressLimitExceededError encountered operation error EC2: AssignPrivateIpAddresses, https response error StatusCode: 400, RequestID: 95e1320a-361c-4740-afa8-021646c2318a, api error InsufficientCidrBlocks: The specified subnet does not have enough free cidr blocks to satisfy the request."}
{"level":"warn","ts":"2026-10-05T08:42:21.830Z","caller":"ipamd/ipamd.go:1113","msg":"failed to allocate all available IPv4 Prefixes on ENI eni-EXAMPLE20, err: operation error EC2: AssignPrivateIpAddresses, https response error StatusCode: 400, RequestID: 95e1320a-361c-4740-afa8-021646c2318a, api error InsufficientCidrBlocks: The specified subnet does not have enough free cidr blocks to satisfy the request."}
{"level":"info","ts":"2026-10-05T08:42:21.830Z","caller":"ipamd/ipamd.go:1259","msg":"Trying to allocate 1 IP addresses on ENI eni-EXAMPLE20"}
{"level":"debug","ts":"2026-10-05T08:42:21.830Z","caller":"ipamd/ipamd.go:1259","msg":"PD enabled - true"}
{"level":"debug","ts":"2026-10-05T08:42:22.231Z","caller":"awsutils/awsutils.go:2174","msg":"checkAPIErrorAndBroadcastEvent resulted in operation error EC2: AssignPrivateIpAddresses, https response error StatusCode: 400, RequestID: 46de5a3b-f143-4217-9b93-009b920bb314, api error InsufficientCidrBlocks: The specified subnet does not have enough free cidr blocks to satisfy the request."}
{"level":"error","ts":"2026-10-05T08:42:22.231Z","caller":"ipamd/ipamd.go:1259","msg":"Failed to allocate a private IP/Prefix addresses on ENI eni-EXAMPLE20: operation error EC2: AssignPrivateIpAddresses, https response error StatusCode: 400, RequestID: 46de5a3b-f143-4217-9b93-009b920bb314, api error InsufficientCidrBlocks: The specified subnet does not have enough free cidr blocks to satisfy the request."}
{"level":"debug","ts":"2026-10-05T08:42:22.231Z","caller":"ipamd/ipamd.go:1260","msg":"containsPrivateIPAddressLimitExceededError encountered operation error EC2: AssignPrivateIpAddresses, https response error StatusCode: 400, RequestID: 46de5a3b-f143-4217-9b93-009b920bb314, api error InsufficientCidrBlocks: The specified subnet does not have enough free cidr blocks to satisfy the request."}
{"level":"debug","ts":"2026-10-05T08:42:22.231Z","caller":"ipamd/ipamd.go:1262","msg":"containsInsufficientCIDRsOrSubnetIPs encountered operation error EC2: AssignPrivateIpAddresses, https response error StatusCode: 400, RequestID: 46de5a3b-f143-4217-9b93-009b920bb314, api error InsufficientCidrBlocks: The specified subnet does not have enough free cidr blocks to satisfy the request."}
{"level":"debug","ts":"2026-10-05T08:42:22.231Z","caller":"ipamd/ipamd.go:1262","msg":"Insufficient IP Addresses due to: InsufficientCidrBlocks\n"}
{"level":"debug","ts":"2026-10-05T08:42:22.231Z","caller":"ipamd/ipamd.go:1003","msg":"hasRoomForEni: networkCard=0, currentENIs=1, currentUsableENIs=1, maxENI=3, unmanagedENI=0, trunkEni=0, excludedENI=0, hasRoom=true"}
{"level":"debug","ts":"2026-10-05T08:42:22.231Z","caller":"ipamd/ipamd.go:2758","msg":"Prefix target is 1, short of 1 prefixes, free 0 prefixes"}
{"level":"debug","ts":"2026-10-05T08:42:22.231Z","caller":"ipamd/ipamd.go:2595","msg":"ToAllocate: 1, Network Card 0"}
{"level":"info","ts":"2026-10-05T08:42:22.231Z","caller":"awsutils/awsutils.go:1044","msg":"Trying to allocate 1 IP addresses on new ENI"}
{"level":"debug","ts":"2026-10-05T08:42:22.231Z","caller":"awsutils/awsutils.go:1044","msg":"PD enabled - true"}
{"level":"debug","ts":"2026-10-05T08:42:22.346Z","caller":"awsutils/awsutils.go:1272","msg":"Primary subnet subnet-EXAMPLE4 has no kubernetes.io/role/cni tag, including it for ENI creation (backwards compatibility)"}
{"level":"info","ts":"2026-10-05T08:42:22.346Z","caller":"awsutils/awsutils.go:1044","msg":"Creating ENI with security groups: [sg-EXAMPLE1] in subnet: subnet-EXAMPLE4"}
{"level":"debug","ts":"2026-10-05T08:42:22.617Z","caller":"awsutils/awsutils.go:1449","msg":"checkAPIErrorAndBroadcastEvent resulted in operation error EC2: CreateNetworkInterface, https response error StatusCode: 400, RequestID: 5a57629a-37de-40f4-a569-b8c88b7e46f3, api error InvalidParameterValue: There aren't sufficient free Ipv4 addresses or prefixes"}
{"level":"error","ts":"2026-10-05T08:42:22.617Z","caller":"awsutils/awsutils.go:1285","msg":"Failed to CreateNetworkInterface operation error EC2: CreateNetworkInterface, https response error StatusCode: 400, RequestID: 5a57629a-37de-40f4-a569-b8c88b7e46f3, api error InvalidParameterValue: There aren't sufficient free Ipv4 addresses or prefixes for subnet subnet-EXAMPLE4"}
{"level":"debug","ts":"2026-10-05T08:42:22.617Z","caller":"awsutils/awsutils.go:1272","msg":"Subnet subnet-EXAMPLE3 has no kubernetes.io/role/cni tag, excluding it from ENI creation"}
{"level":"error","ts":"2026-10-05T08:42:22.617Z","caller":"ipamd/ipamd.go:1004","msg":"Failed to increase pool size due to not able to allocate ENI AllocENI: failed to create ENI: failed to create network interface: operation error EC2: CreateNetworkInterface, https response error StatusCode: 400, RequestID: 5a57629a-37de-40f4-a569-b8c88b7e46f3, api error InvalidParameterValue: There aren't sufficient free Ipv4 addresses or prefixes"}
{"level":"warn","ts":"2026-10-05T08:42:22.617Z","caller":"ipamd/ipamd.go:1004","msg":"Failed to allocate 1 IP addresses on an ENI: AllocENI: failed to create ENI: failed to create network interface: operation error EC2: CreateNetworkInterface, https response error StatusCode: 400, RequestID: 5a57629a-37de-40f4-a569-b8c88b7e46f3, api error InvalidParameterValue: There aren't sufficient free Ipv4 addresses or prefixes"}
{"level":"debug","ts":"2026-10-05T08:42:22.617Z","caller":"ipamd/ipamd.go:1082","msg":"containsInsufficientCIDRsOrSubnetIPs encountered AllocENI: failed to create ENI: failed to create network interface: operation error EC2: CreateNetworkInterface, https response error StatusCode: 400, RequestID: 5a57629a-37de-40f4-a569-b8c88b7e46f3, api error InvalidParameterValue: There aren't sufficient free Ipv4 addresses or prefixes"}
{"level":"debug","ts":"2026-10-05T08:42:22.617Z","caller":"ipamd/ipamd.go:1082","msg":"Insufficient IP Addresses due to: InvalidParameterValue\n"}
{"level":"debug","ts":"2026-10-05T08:42:22.617Z","caller":"ipamd/ipamd.go:813","msg":"Error trying to allocate ENI: AllocENI: failed to create ENI: failed to create network interface: operation error EC2: CreateNetworkInterface, https response error StatusCode: 400, RequestID: 5a57629a-37de-40f4-a569-b8c88b7e46f3, api error InvalidParameterValue: There aren't sufficient free Ipv4 addresses or prefixes"}
{"level":"debug","ts":"2026-10-05T08:42:22.617Z","caller":"ipamd/ipamd.go:1548","msg":"ENI eni-EXAMPLE20 cannot be deleted because it is primary"}
{"level":"info","ts":"2026-10-05T08:42:23.449Z","caller":"rpc/rpc_grpc.pb.go:117","msg":"Received AddNetwork for NS /var/run/netns/cni-69e355ab-fb6d-b80c-f321-dffc43be876d, Sandbox 6f56e4781ea86869fb88e0aaf2c10be9d80b99072a47a22a58da15ddc3cdadad, ifname eth0"}
{"level":"debug","ts":"2026-10-05T08:42:23.449Z","caller":"rpc/rpc_grpc.pb.go:117","msg":"AddNetworkRequest: K8S_POD_NAME:\"pause-68d5b89fc-cc6lc\"  K8S_POD_NAMESPACE:\"default\"  K8S_POD_INFRA_CONTAINER_ID:\"6f56e4781ea86869fb88e0aaf2c10be9d80b99072a47a22a58da15ddc3cdadad\"  ContainerID:\"6f56e4781ea86869fb88e0aaf2c10be9d80b99072a47a22a58da15ddc3cdadad\"  IfName:\"eth0\"  NetworkName:\"aws-cni\"  Netns:\"/var/run/netns/cni-69e355ab-fb6d-b80c-f321-dffc43be876d\""}
{"level":"info","ts":"2026-10-05T08:42:23.449Z","caller":"rpc/rpc_grpc.pb.go:117","msg":"Required MultiNIC access false, interfaces required 1"}
{"level":"debug","ts":"2026-10-05T08:42:23.449Z","caller":"datastore/data_store.go:713","msg":"AssignPodIPv4Address: IP address pool stats: total 0, assigned 0"}
{"level":"debug","ts":"2026-10-05T08:42:23.449Z","caller":"datastore/data_store.go:713","msg":"AssignPodIPv4Address: ENI eni-EXAMPLE20 does not have available addresses"}
{"level":"error","ts":"2026-10-05T08:42:23.449Z","caller":"datastore/data_store.go:713","msg":"DataStore has no available IP/Prefix addresses"}
{"level":"warn","ts":"2026-10-05T08:42:23.449Z","caller":"rpc/rpc_grpc.pb.go:117","msg":"Failed to assign IPs from network card 0: AssignPodIPAddress: no available IP/Prefix addresses"}
{"level":"error","ts":"2026-10-05T08:42:23.449Z","caller":"rpc/rpc_grpc.pb.go:117","msg":"Returning failure response for AddNetwork: 1 error occurred:\n\t* AssignPodIPAddress: no available IP/Prefix addresses\n\n"}
{"level":"info","ts":"2026-10-05T08:42:23.449Z","caller":"rpc/rpc_grpc.pb.go:117","msg":"Send AddNetworkReply: Success: false IPAddr: [], resp: , err: AssignPodIPAddress: no available IP/Prefix addresses"}
{"level":"info","ts":"2026-10-05T08:42:23.474Z","caller":"rpc/rpc_grpc.pb.go:135","msg":"Received DelNetwork for Sandbox 6f56e4781ea86869fb88e0aaf2c10be9d80b99072a47a22a58da15ddc3cdadad"}
{"level":"debug","ts":"2026-10-05T08:42:23.474Z","caller":"rpc/rpc_grpc.pb.go:135","msg":"DelNetworkRequest: K8S_POD_NAME:\"pause-68d5b89fc-cc6lc\"  K8S_POD_NAMESPACE:\"default\"  K8S_POD_INFRA_CONTAINER_ID:\"6f56e4781ea86869fb88e0aaf2c10be9d80b99072a47a22a58da15ddc3cdadad\"  Reason:\"PodDeleted\"  ContainerID:\"6f56e4781ea86869fb88e0aaf2c10be9d80b99072a47a22a58da15ddc3cdadad\"  IfName:\"eth0\"  NetworkName:\"aws-cni\"  K8S_POD_UID:\"9c500403-1eff-4562-9498-16be317f6e12\""}
{"level":"debug","ts":"2026-10-05T08:42:23.474Z","caller":"ipamd/rpc_handler.go:353","msg":"UnassignPodIPAddress: IP address pool stats: total 0, assigned 0, sandbox aws-cni/6f56e4781ea86869fb88e0aaf2c10be9d80b99072a47a22a58da15ddc3cdadad/eth0"}
{"level":"debug","ts":"2026-10-05T08:42:23.474Z","caller":"ipamd/rpc_handler.go:353","msg":"UnassignPodIPAddress: Failed to find IPAM entry under full key, trying CRI-migrated version"}
{"level":"warn","ts":"2026-10-05T08:42:23.474Z","caller":"ipamd/rpc_handler.go:353","msg":"UnassignPodIPAddress: Failed to find sandbox _migrated-from-cri/6f56e4781ea86869fb88e0aaf2c10be9d80b99072a47a22a58da15ddc3cdadad/unknown"}
{"level":"info","ts":"2026-10-05T08:42:23.474Z","caller":"rpc/rpc_grpc.pb.go:135","msg":"Send DelNetworkReply: IPAddress: [], err: 1 error occurred:\n\t* datastore: unknown pod\n\n"}
{"level":"debug","ts":"2026-10-05T08:42:27.619Z","caller":"ipamd/ipamd.go:809","msg":"IP pool is too low for Network Card 0: available (0) < ENI target (1) * addrsPerENI (16)"}
{"level":"debug","ts":"2026-10-05T08:42:27.619Z","caller":"ipamd/ipamd.go:2689","msg":"Prefix pool stats for network card 0: Total IPs/Prefixes = 0/0, AssignedIPs/CooldownIPs: 0/0, c.maxIPsPerENI = 80"}
{"level":"debug","ts":"2026-10-05T08:42:27.619Z","caller":"ipamd/ipamd.go:795","msg":"IP stats for Network Card 0 - total IPs: 0, assigned IPs: 0, cooldown IPs: 0"}
{"level":"debug","ts":"2026-10-05T08:42:27.619Z","caller":"ipamd/ipamd.go:813","msg":"Starting to increase pool size for network card 0"}
{"level":"debug","ts":"2026-10-05T08:42:27.619Z","caller":"ipamd/ipamd.go:966","msg":"Node found \"ip-10-20-0-29.ec2.internal\" - no of taints - 0"}
{"level":"debug","ts":"2026-10-05T08:42:27.619Z","caller":"ipamd/ipamd.go:2758","msg":"Prefix target is 1, short of 1 prefixes, free 0 prefixes"}
{"level":"debug","ts":"2026-10-05T08:42:27.619Z","caller":"ipamd/ipamd.go:1248","msg":"ToAllocate: 1, Network Card 0"}
{"level":"debug","ts":"2026-10-05T08:42:27.619Z","caller":"ipamd/ipamd.go:1251","msg":"Found ENI eni-EXAMPLE20 that has less than the maximum number of IP/Prefixes addresses allocated: cur=0, max=5"}
{"level":"info","ts":"2026-10-05T08:42:27.619Z","caller":"ipamd/ipamd.go:1255","msg":"Trying to allocate 1 IP addresses on ENI eni-EXAMPLE20"}
{"level":"debug","ts":"2026-10-05T08:42:27.619Z","caller":"ipamd/ipamd.go:1255","msg":"PD enabled - true"}
{"level":"debug","ts":"2026-10-05T08:42:28.058Z","caller":"awsutils/awsutils.go:2174","msg":"checkAPIErrorAndBroadcastEvent resulted in operation error EC2: AssignPrivateIpAddresses, https response error StatusCode: 400, RequestID: 032cac7e-fff9-4f47-864b-8ac4cbf193f4, api error InsufficientCidrBlocks: The specified subnet does not have enough free cidr blocks to satisfy the request."}
{"level":"error","ts":"2026-10-05T08:42:28.058Z","caller":"ipamd/ipamd.go:1255","msg":"Failed to allocate a private IP/Prefix addresses on ENI eni-EXAMPLE20: operation error EC2: AssignPrivateIpAddresses, https response error StatusCode: 400, RequestID: 032cac7e-fff9-4f47-864b-8ac4cbf193f4, api error InsufficientCidrBlocks: The specified subnet does not have enough free cidr blocks to satisfy the request."}
{"level":"debug","ts":"2026-10-05T08:42:28.058Z","caller":"ipamd/ipamd.go:1256","msg":"containsPrivateIPAddressLimitExceededError encountered operation error EC2: AssignPrivateIpAddresses, https response error StatusCode: 400, RequestID: 032cac7e-fff9-4f47-864b-8ac4cbf193f4, api error InsufficientCidrBlocks: The specified subnet does not have enough free cidr blocks to satisfy the request."}
{"level":"warn","ts":"2026-10-05T08:42:28.058Z","caller":"ipamd/ipamd.go:1113","msg":"failed to allocate all available IPv4 Prefixes on ENI eni-EXAMPLE20, err: operation error EC2: AssignPrivateIpAddresses, https response error StatusCode: 400, RequestID: 032cac7e-fff9-4f47-864b-8ac4cbf193f4, api error InsufficientCidrBlocks: The specified subnet does not have enough free cidr blocks to satisfy the request."}
{"level":"info","ts":"2026-10-05T08:42:28.058Z","caller":"ipamd/ipamd.go:1259","msg":"Trying to allocate 1 IP addresses on ENI eni-EXAMPLE20"}
{"level":"debug","ts":"2026-10-05T08:42:28.058Z","caller":"ipamd/ipamd.go:1259","msg":"PD enabled - true"}
{"level":"debug","ts":"2026-10-05T08:42:28.454Z","caller":"awsutils/awsutils.go:2174","msg":"checkAPIErrorAndBroadcastEvent resulted in operation error EC2: AssignPrivateIpAddresses, https response error StatusCode: 400, RequestID: 11a1320c-c529-4947-9f22-0c24c0749a0c, api error InsufficientCidrBlocks: The specified subnet does not have enough free cidr blocks to satisfy the request."}
{"level":"error","ts":"2026-10-05T08:42:28.454Z","caller":"ipamd/ipamd.go:1259","msg":"Failed to allocate a private IP/Prefix addresses on ENI eni-EXAMPLE20: operation error EC2: AssignPrivateIpAddresses, https response error StatusCode: 400, RequestID: 11a1320c-c529-4947-9f22-0c24c0749a0c, api error InsufficientCidrBlocks: The specified subnet does not have enough free cidr blocks to satisfy the request."}
{"level":"debug","ts":"2026-10-05T08:42:28.454Z","caller":"ipamd/ipamd.go:1260","msg":"containsPrivateIPAddressLimitExceededError encountered operation error EC2: AssignPrivateIpAddresses, https response error StatusCode: 400, RequestID: 11a1320c-c529-4947-9f22-0c24c0749a0c, api error InsufficientCidrBlocks: The specified subnet does not have enough free cidr blocks to satisfy the request."}
{"level":"debug","ts":"2026-10-05T08:42:28.454Z","caller":"ipamd/ipamd.go:1262","msg":"containsInsufficientCIDRsOrSubnetIPs encountered operation error EC2: AssignPrivateIpAddresses, https response error StatusCode: 400, RequestID: 11a1320c-c529-4947-9f22-0c24c0749a0c, api error InsufficientCidrBlocks: The specified subnet does not have enough free cidr blocks to satisfy the request."}
{"level":"debug","ts":"2026-10-05T08:42:28.454Z","caller":"ipamd/ipamd.go:1262","msg":"Insufficient IP Addresses due to: InsufficientCidrBlocks\n"}
{"level":"debug","ts":"2026-10-05T08:42:28.454Z","caller":"ipamd/ipamd.go:1003","msg":"hasRoomForEni: networkCard=0, currentENIs=1, currentUsableENIs=1, maxENI=3, unmanagedENI=0, trunkEni=0, excludedENI=0, hasRoom=true"}
{"level":"debug","ts":"2026-10-05T08:42:28.454Z","caller":"ipamd/ipamd.go:2758","msg":"Prefix target is 1, short of 1 prefixes, free 0 prefixes"}
{"level":"debug","ts":"2026-10-05T08:42:28.454Z","caller":"ipamd/ipamd.go:2595","msg":"ToAllocate: 1, Network Card 0"}
{"level":"info","ts":"2026-10-05T08:42:28.454Z","caller":"awsutils/awsutils.go:1044","msg":"Trying to allocate 1 IP addresses on new ENI"}
{"level":"debug","ts":"2026-10-05T08:42:28.454Z","caller":"awsutils/awsutils.go:1044","msg":"PD enabled - true"}
{"level":"debug","ts":"2026-10-05T08:42:28.646Z","caller":"awsutils/awsutils.go:1272","msg":"Primary subnet subnet-EXAMPLE4 has no kubernetes.io/role/cni tag, including it for ENI creation (backwards compatibility)"}
{"level":"info","ts":"2026-10-05T08:42:28.646Z","caller":"awsutils/awsutils.go:1044","msg":"Creating ENI with security groups: [sg-EXAMPLE1] in subnet: subnet-EXAMPLE4"}
{"level":"debug","ts":"2026-10-05T08:42:28.888Z","caller":"awsutils/awsutils.go:1449","msg":"checkAPIErrorAndBroadcastEvent resulted in operation error EC2: CreateNetworkInterface, https response error StatusCode: 400, RequestID: e6788d5e-27c3-4388-a2fb-0b524dcd23c0, api error InvalidParameterValue: There aren't sufficient free Ipv4 addresses or prefixes"}
{"level":"error","ts":"2026-10-05T08:42:28.888Z","caller":"awsutils/awsutils.go:1285","msg":"Failed to CreateNetworkInterface operation error EC2: CreateNetworkInterface, https response error StatusCode: 400, RequestID: e6788d5e-27c3-4388-a2fb-0b524dcd23c0, api error InvalidParameterValue: There aren't sufficient free Ipv4 addresses or prefixes for subnet subnet-EXAMPLE4"}
{"level":"debug","ts":"2026-10-05T08:42:28.888Z","caller":"awsutils/awsutils.go:1272","msg":"Subnet subnet-EXAMPLE3 has no kubernetes.io/role/cni tag, excluding it from ENI creation"}
{"level":"error","ts":"2026-10-05T08:42:28.888Z","caller":"ipamd/ipamd.go:1004","msg":"Failed to increase pool size due to not able to allocate ENI AllocENI: failed to create ENI: failed to create network interface: operation error EC2: CreateNetworkInterface, https response error StatusCode: 400, RequestID: e6788d5e-27c3-4388-a2fb-0b524dcd23c0, api error InvalidParameterValue: There aren't sufficient free Ipv4 addresses or prefixes"}
{"level":"warn","ts":"2026-10-05T08:42:28.888Z","caller":"ipamd/ipamd.go:1004","msg":"Failed to allocate 1 IP addresses on an ENI: AllocENI: failed to create ENI: failed to create network interface: operation error EC2: CreateNetworkInterface, https response error StatusCode: 400, RequestID: e6788d5e-27c3-4388-a2fb-0b524dcd23c0, api error InvalidParameterValue: There aren't sufficient free Ipv4 addresses or prefixes"}
{"level":"debug","ts":"2026-10-05T08:42:28.888Z","caller":"ipamd/ipamd.go:1082","msg":"containsInsufficientCIDRsOrSubnetIPs encountered AllocENI: failed to create ENI: failed to create network interface: operation error EC2: CreateNetworkInterface, https response error StatusCode: 400, RequestID: e6788d5e-27c3-4388-a2fb-0b524dcd23c0, api error InvalidParameterValue: There aren't sufficient free Ipv4 addresses or prefixes"}
{"level":"debug","ts":"2026-10-05T08:42:28.888Z","caller":"ipamd/ipamd.go:1082","msg":"Insufficient IP Addresses due to: InvalidParameterValue\n"}
{"level":"debug","ts":"2026-10-05T08:42:28.888Z","caller":"ipamd/ipamd.go:813","msg":"Error trying to allocate ENI: AllocENI: failed to create ENI: failed to create network interface: operation error EC2: CreateNetworkInterface, https response error StatusCode: 400, RequestID: e6788d5e-27c3-4388-a2fb-0b524dcd23c0, api error InvalidParameterValue: There aren't sufficient free Ipv4 addresses or prefixes"}
{"level":"debug","ts":"2026-10-05T08:42:28.888Z","caller":"ipamd/ipamd.go:1548","msg":"ENI eni-EXAMPLE20 cannot be deleted because it is primary"}
{"level":"info","ts":"2026-10-05T08:42:30.450Z","caller":"rpc/rpc_grpc.pb.go:117","msg":"Received AddNetwork for NS /var/run/netns/cni-7ffb536c-bf32-0d3d-a9c6-e65d3c7cd36b, Sandbox 17da5176f622006ca46016357efa2a50b8284fc882a6c52883632c7cf144c20f, ifname eth0"}
{"level":"debug","ts":"2026-10-05T08:42:30.450Z","caller":"rpc/rpc_grpc.pb.go:117","msg":"AddNetworkRequest: K8S_POD_NAME:\"pause-68d5b89fc-zkk75\"  K8S_POD_NAMESPACE:\"default\"  K8S_POD_INFRA_CONTAINER_ID:\"17da5176f622006ca46016357efa2a50b8284fc882a6c52883632c7cf144c20f\"  ContainerID:\"17da5176f622006ca46016357efa2a50b8284fc882a6c52883632c7cf144c20f\"  IfName:\"eth0\"  NetworkName:\"aws-cni\"  Netns:\"/var/run/netns/cni-7ffb536c-bf32-0d3d-a9c6-e65d3c7cd36b\""}
{"level":"info","ts":"2026-10-05T08:42:30.450Z","caller":"rpc/rpc_grpc.pb.go:117","msg":"Required MultiNIC access false, interfaces required 1"}
{"level":"debug","ts":"2026-10-05T08:42:30.450Z","caller":"datastore/data_store.go:713","msg":"AssignPodIPv4Address: IP address pool stats: total 0, assigned 0"}
{"level":"debug","ts":"2026-10-05T08:42:30.450Z","caller":"datastore/data_store.go:713","msg":"AssignPodIPv4Address: ENI eni-EXAMPLE20 does not have available addresses"}
{"level":"error","ts":"2026-10-05T08:42:30.450Z","caller":"datastore/data_store.go:713","msg":"DataStore has no available IP/Prefix addresses"}
{"level":"warn","ts":"2026-10-05T08:42:30.450Z","caller":"rpc/rpc_grpc.pb.go:117","msg":"Failed to assign IPs from network card 0: AssignPodIPAddress: no available IP/Prefix addresses"}
{"level":"error","ts":"2026-10-05T08:42:30.450Z","caller":"rpc/rpc_grpc.pb.go:117","msg":"Returning failure response for AddNetwork: 1 error occurred:\n\t* AssignPodIPAddress: no available IP/Prefix addresses\n\n"}
{"level":"info","ts":"2026-10-05T08:42:30.450Z","caller":"rpc/rpc_grpc.pb.go:117","msg":"Send AddNetworkReply: Success: false IPAddr: [], resp: , err: AssignPodIPAddress: no available IP/Prefix addresses"}
{"level":"info","ts":"2026-10-05T08:42:30.475Z","caller":"rpc/rpc_grpc.pb.go:135","msg":"Received DelNetwork for Sandbox 17da5176f622006ca46016357efa2a50b8284fc882a6c52883632c7cf144c20f"}
{"level":"debug","ts":"2026-10-05T08:42:30.475Z","caller":"rpc/rpc_grpc.pb.go:135","msg":"DelNetworkRequest: K8S_POD_NAME:\"pause-68d5b89fc-zkk75\"  K8S_POD_NAMESPACE:\"default\"  K8S_POD_INFRA_CONTAINER_ID:\"17da5176f622006ca46016357efa2a50b8284fc882a6c52883632c7cf144c20f\"  Reason:\"PodDeleted\"  ContainerID:\"17da5176f622006ca46016357efa2a50b8284fc882a6c52883632c7cf144c20f\"  IfName:\"eth0\"  NetworkName:\"aws-cni\"  K8S_POD_UID:\"d5824255-e9c5-48aa-b8b8-9ad5649ef2d7\""}
{"level":"debug","ts":"2026-10-05T08:42:30.475Z","caller":"ipamd/rpc_handler.go:353","msg":"UnassignPodIPAddress: IP address pool stats: total 0, assigned 0, sandbox aws-cni/17da5176f622006ca46016357efa2a50b8284fc882a6c52883632c7cf144c20f/eth0"}
{"level":"debug","ts":"2026-10-05T08:42:30.475Z","caller":"ipamd/rpc_handler.go:353","msg":"UnassignPodIPAddress: Failed to find IPAM entry under full key, trying CRI-migrated version"}
{"level":"warn","ts":"2026-10-05T08:42:30.475Z","caller":"ipamd/rpc_handler.go:353","msg":"UnassignPodIPAddress: Failed to find sandbox _migrated-from-cri/17da5176f622006ca46016357efa2a50b8284fc882a6c52883632c7cf144c20f/unknown"}
{"level":"info","ts":"2026-10-05T08:42:30.475Z","caller":"rpc/rpc_grpc.pb.go:135","msg":"Send DelNetworkReply: IPAddress: [], err: 1 error occurred:\n\t* datastore: unknown pod\n\n"}
{"level":"debug","ts":"2026-10-05T08:42:33.890Z","caller":"ipamd/ipamd.go:809","msg":"IP pool is too low for Network Card 0: available (0) < ENI target (1) * addrsPerENI (16)"}
{"level":"debug","ts":"2026-10-05T08:42:33.890Z","caller":"ipamd/ipamd.go:2689","msg":"Prefix pool stats for network card 0: Total IPs/Prefixes = 0/0, AssignedIPs/CooldownIPs: 0/0, c.maxIPsPerENI = 80"}
{"level":"debug","ts":"2026-10-05T08:42:33.890Z","caller":"ipamd/ipamd.go:795","msg":"IP stats for Network Card 0 - total IPs: 0, assigned IPs: 0, cooldown IPs: 0"}
{"level":"debug","ts":"2026-10-05T08:42:33.890Z","caller":"ipamd/ipamd.go:813","msg":"Starting to increase pool size for network card 0"}
{"level":"debug","ts":"2026-10-05T08:42:33.890Z","caller":"ipamd/ipamd.go:966","msg":"Node found \"ip-10-20-0-29.ec2.internal\" - no of taints - 0"}
{"level":"debug","ts":"2026-10-05T08:42:33.890Z","caller":"ipamd/ipamd.go:2758","msg":"Prefix target is 1, short of 1 prefixes, free 0 prefixes"}
{"level":"debug","ts":"2026-10-05T08:42:33.890Z","caller":"ipamd/ipamd.go:1248","msg":"ToAllocate: 1, Network Card 0"}
{"level":"debug","ts":"2026-10-05T08:42:33.890Z","caller":"ipamd/ipamd.go:1251","msg":"Found ENI eni-EXAMPLE20 that has less than the maximum number of IP/Prefixes addresses allocated: cur=0, max=5"}
{"level":"info","ts":"2026-10-05T08:42:33.890Z","caller":"ipamd/ipamd.go:1255","msg":"Trying to allocate 1 IP addresses on ENI eni-EXAMPLE20"}
{"level":"debug","ts":"2026-10-05T08:42:33.890Z","caller":"ipamd/ipamd.go:1255","msg":"PD enabled - true"}
{"level":"debug","ts":"2026-10-05T08:42:34.280Z","caller":"awsutils/awsutils.go:2174","msg":"checkAPIErrorAndBroadcastEvent resulted in operation error EC2: AssignPrivateIpAddresses, https response error StatusCode: 400, RequestID: 00c86a5a-c75f-4a7a-b5d6-2ed7db13905d, api error InsufficientCidrBlocks: The specified subnet does not have enough free cidr blocks to satisfy the request."}
{"level":"error","ts":"2026-10-05T08:42:34.280Z","caller":"ipamd/ipamd.go:1255","msg":"Failed to allocate a private IP/Prefix addresses on ENI eni-EXAMPLE20: operation error EC2: AssignPrivateIpAddresses, https response error StatusCode: 400, RequestID: 00c86a5a-c75f-4a7a-b5d6-2ed7db13905d, api error InsufficientCidrBlocks: The specified subnet does not have enough free cidr blocks to satisfy the request."}
{"level":"debug","ts":"2026-10-05T08:42:34.280Z","caller":"ipamd/ipamd.go:1256","msg":"containsPrivateIPAddressLimitExceededError encountered operation error EC2: AssignPrivateIpAddresses, https response error StatusCode: 400, RequestID: 00c86a5a-c75f-4a7a-b5d6-2ed7db13905d, api error InsufficientCidrBlocks: The specified subnet does not have enough free cidr blocks to satisfy the request."}
{"level":"warn","ts":"2026-10-05T08:42:34.280Z","caller":"ipamd/ipamd.go:1113","msg":"failed to allocate all available IPv4 Prefixes on ENI eni-EXAMPLE20, err: operation error EC2: AssignPrivateIpAddresses, https response error StatusCode: 400, RequestID: 00c86a5a-c75f-4a7a-b5d6-2ed7db13905d, api error InsufficientCidrBlocks: The specified subnet does not have enough free cidr blocks to satisfy the request."}
{"level":"info","ts":"2026-10-05T08:42:34.280Z","caller":"ipamd/ipamd.go:1259","msg":"Trying to allocate 1 IP addresses on ENI eni-EXAMPLE20"}
{"level":"debug","ts":"2026-10-05T08:42:34.280Z","caller":"ipamd/ipamd.go:1259","msg":"PD enabled - true"}
{"level":"info","ts":"2026-10-05T08:42:34.451Z","caller":"rpc/rpc_grpc.pb.go:117","msg":"Received AddNetwork for NS /var/run/netns/cni-20b1f088-8317-068b-9a4e-f7fb0746d9fc, Sandbox e69e16bbe57bcc15d4753748c6ac50ada0b3b2170f5c266e0afaebad5d0f67e9, ifname eth0"}
{"level":"debug","ts":"2026-10-05T08:42:34.451Z","caller":"rpc/rpc_grpc.pb.go:117","msg":"AddNetworkRequest: K8S_POD_NAME:\"pause-68d5b89fc-cc6lc\"  K8S_POD_NAMESPACE:\"default\"  K8S_POD_INFRA_CONTAINER_ID:\"e69e16bbe57bcc15d4753748c6ac50ada0b3b2170f5c266e0afaebad5d0f67e9\"  ContainerID:\"e69e16bbe57bcc15d4753748c6ac50ada0b3b2170f5c266e0afaebad5d0f67e9\"  IfName:\"eth0\"  NetworkName:\"aws-cni\"  Netns:\"/var/run/netns/cni-20b1f088-8317-068b-9a4e-f7fb0746d9fc\""}
{"level":"info","ts":"2026-10-05T08:42:34.451Z","caller":"rpc/rpc_grpc.pb.go:117","msg":"Required MultiNIC access false, interfaces required 1"}
{"level":"debug","ts":"2026-10-05T08:42:34.451Z","caller":"datastore/data_store.go:713","msg":"AssignPodIPv4Address: IP address pool stats: total 0, assigned 0"}
{"level":"debug","ts":"2026-10-05T08:42:34.451Z","caller":"datastore/data_store.go:713","msg":"AssignPodIPv4Address: ENI eni-EXAMPLE20 does not have available addresses"}
{"level":"error","ts":"2026-10-05T08:42:34.451Z","caller":"datastore/data_store.go:713","msg":"DataStore has no available IP/Prefix addresses"}
{"level":"warn","ts":"2026-10-05T08:42:34.451Z","caller":"rpc/rpc_grpc.pb.go:117","msg":"Failed to assign IPs from network card 0: AssignPodIPAddress: no available IP/Prefix addresses"}
{"level":"error","ts":"2026-10-05T08:42:34.451Z","caller":"rpc/rpc_grpc.pb.go:117","msg":"Returning failure response for AddNetwork: 1 error occurred:\n\t* AssignPodIPAddress: no available IP/Prefix addresses\n\n"}
{"level":"info","ts":"2026-10-05T08:42:34.451Z","caller":"rpc/rpc_grpc.pb.go:117","msg":"Send AddNetworkReply: Success: false IPAddr: [], resp: , err: AssignPodIPAddress: no available IP/Prefix addresses"}
{"level":"info","ts":"2026-10-05T08:42:34.477Z","caller":"rpc/rpc_grpc.pb.go:135","msg":"Received DelNetwork for Sandbox e69e16bbe57bcc15d4753748c6ac50ada0b3b2170f5c266e0afaebad5d0f67e9"}
{"level":"debug","ts":"2026-10-05T08:42:34.477Z","caller":"rpc/rpc_grpc.pb.go:135","msg":"DelNetworkRequest: K8S_POD_NAME:\"pause-68d5b89fc-cc6lc\"  K8S_POD_NAMESPACE:\"default\"  K8S_POD_INFRA_CONTAINER_ID:\"e69e16bbe57bcc15d4753748c6ac50ada0b3b2170f5c266e0afaebad5d0f67e9\"  Reason:\"PodDeleted\"  ContainerID:\"e69e16bbe57bcc15d4753748c6ac50ada0b3b2170f5c266e0afaebad5d0f67e9\"  IfName:\"eth0\"  NetworkName:\"aws-cni\"  K8S_POD_UID:\"9c500403-1eff-4562-9498-16be317f6e12\""}
{"level":"debug","ts":"2026-10-05T08:42:34.477Z","caller":"ipamd/rpc_handler.go:353","msg":"UnassignPodIPAddress: IP address pool stats: total 0, assigned 0, sandbox aws-cni/e69e16bbe57bcc15d4753748c6ac50ada0b3b2170f5c266e0afaebad5d0f67e9/eth0"}
{"level":"debug","ts":"2026-10-05T08:42:34.477Z","caller":"ipamd/rpc_handler.go:353","msg":"UnassignPodIPAddress: Failed to find IPAM entry under full key, trying CRI-migrated version"}
{"level":"warn","ts":"2026-10-05T08:42:34.477Z","caller":"ipamd/rpc_handler.go:353","msg":"UnassignPodIPAddress: Failed to find sandbox _migrated-from-cri/e69e16bbe57bcc15d4753748c6ac50ada0b3b2170f5c266e0afaebad5d0f67e9/unknown"}
{"level":"info","ts":"2026-10-05T08:42:34.477Z","caller":"rpc/rpc_grpc.pb.go:135","msg":"Send DelNetworkReply: IPAddress: [], err: 1 error occurred:\n\t* datastore: unknown pod\n\n"}
{"level":"debug","ts":"2026-10-05T08:42:34.733Z","caller":"awsutils/awsutils.go:2174","msg":"checkAPIErrorAndBroadcastEvent resulted in operation error EC2: AssignPrivateIpAddresses, https response error StatusCode: 400, RequestID: fdf7dcf1-6c80-4907-bbc3-9d704c7cd595, api error InsufficientCidrBlocks: The specified subnet does not have enough free cidr blocks to satisfy the request."}
{"level":"error","ts":"2026-10-05T08:42:34.733Z","caller":"ipamd/ipamd.go:1259","msg":"Failed to allocate a private IP/Prefix addresses on ENI eni-EXAMPLE20: operation error EC2: AssignPrivateIpAddresses, https response error StatusCode: 400, RequestID: fdf7dcf1-6c80-4907-bbc3-9d704c7cd595, api error InsufficientCidrBlocks: The specified subnet does not have enough free cidr blocks to satisfy the request."}
{"level":"debug","ts":"2026-10-05T08:42:34.733Z","caller":"ipamd/ipamd.go:1260","msg":"containsPrivateIPAddressLimitExceededError encountered operation error EC2: AssignPrivateIpAddresses, https response error StatusCode: 400, RequestID: fdf7dcf1-6c80-4907-bbc3-9d704c7cd595, api error InsufficientCidrBlocks: The specified subnet does not have enough free cidr blocks to satisfy the request."}
{"level":"debug","ts":"2026-10-05T08:42:34.733Z","caller":"ipamd/ipamd.go:1262","msg":"containsInsufficientCIDRsOrSubnetIPs encountered operation error EC2: AssignPrivateIpAddresses, https response error StatusCode: 400, RequestID: fdf7dcf1-6c80-4907-bbc3-9d704c7cd595, api error InsufficientCidrBlocks: The specified subnet does not have enough free cidr blocks to satisfy the request."}
{"level":"debug","ts":"2026-10-05T08:42:34.733Z","caller":"ipamd/ipamd.go:1262","msg":"Insufficient IP Addresses due to: InsufficientCidrBlocks\n"}
{"level":"debug","ts":"2026-10-05T08:42:34.733Z","caller":"ipamd/ipamd.go:1003","msg":"hasRoomForEni: networkCard=0, currentENIs=1, currentUsableENIs=1, maxENI=3, unmanagedENI=0, trunkEni=0, excludedENI=0, hasRoom=true"}
{"level":"debug","ts":"2026-10-05T08:42:34.733Z","caller":"ipamd/ipamd.go:2758","msg":"Prefix target is 1, short of 1 prefixes, free 0 prefixes"}
{"level":"debug","ts":"2026-10-05T08:42:34.733Z","caller":"ipamd/ipamd.go:2595","msg":"ToAllocate: 1, Network Card 0"}
{"level":"info","ts":"2026-10-05T08:42:34.733Z","caller":"awsutils/awsutils.go:1044","msg":"Trying to allocate 1 IP addresses on new ENI"}
{"level":"debug","ts":"2026-10-05T08:42:34.733Z","caller":"awsutils/awsutils.go:1044","msg":"PD enabled - true"}
{"level":"debug","ts":"2026-10-05T08:42:34.971Z","caller":"awsutils/awsutils.go:1272","msg":"Primary subnet subnet-EXAMPLE4 has no kubernetes.io/role/cni tag, including it for ENI creation (backwards compatibility)"}
{"level":"info","ts":"2026-10-05T08:42:34.971Z","caller":"awsutils/awsutils.go:1044","msg":"Creating ENI with security groups: [sg-EXAMPLE1] in subnet: subnet-EXAMPLE4"}
{"level":"debug","ts":"2026-10-05T08:42:35.194Z","caller":"awsutils/awsutils.go:1449","msg":"checkAPIErrorAndBroadcastEvent resulted in operation error EC2: CreateNetworkInterface, https response error StatusCode: 400, RequestID: 814688e3-3081-4c58-84d2-9ada44ae121f, api error InvalidParameterValue: There aren't sufficient free Ipv4 addresses or prefixes"}
{"level":"error","ts":"2026-10-05T08:42:35.194Z","caller":"awsutils/awsutils.go:1285","msg":"Failed to CreateNetworkInterface operation error EC2: CreateNetworkInterface, https response error StatusCode: 400, RequestID: 814688e3-3081-4c58-84d2-9ada44ae121f, api error InvalidParameterValue: There aren't sufficient free Ipv4 addresses or prefixes for subnet subnet-EXAMPLE4"}
{"level":"debug","ts":"2026-10-05T08:42:35.194Z","caller":"awsutils/awsutils.go:1272","msg":"Subnet subnet-EXAMPLE3 has no kubernetes.io/role/cni tag, excluding it from ENI creation"}
{"level":"error","ts":"2026-10-05T08:42:35.194Z","caller":"ipamd/ipamd.go:1004","msg":"Failed to increase pool size due to not able to allocate ENI AllocENI: failed to create ENI: failed to create network interface: operation error EC2: CreateNetworkInterface, https response error StatusCode: 400, RequestID: 814688e3-3081-4c58-84d2-9ada44ae121f, api error InvalidParameterValue: There aren't sufficient free Ipv4 addresses or prefixes"}
{"level":"warn","ts":"2026-10-05T08:42:35.194Z","caller":"ipamd/ipamd.go:1004","msg":"Failed to allocate 1 IP addresses on an ENI: AllocENI: failed to create ENI: failed to create network interface: operation error EC2: CreateNetworkInterface, https response error StatusCode: 400, RequestID: 814688e3-3081-4c58-84d2-9ada44ae121f, api error InvalidParameterValue: There aren't sufficient free Ipv4 addresses or prefixes"}
{"level":"debug","ts":"2026-10-05T08:42:35.194Z","caller":"ipamd/ipamd.go:1082","msg":"containsInsufficientCIDRsOrSubnetIPs encountered AllocENI: failed to create ENI: failed to create network interface: operation error EC2: CreateNetworkInterface, https response error StatusCode: 400, RequestID: 814688e3-3081-4c58-84d2-9ada44ae121f, api error InvalidParameterValue: There aren't sufficient free Ipv4 addresses or prefixes"}
{"level":"debug","ts":"2026-10-05T08:42:35.194Z","caller":"ipamd/ipamd.go:1082","msg":"Insufficient IP Addresses due to: InvalidParameterValue\n"}
{"level":"debug","ts":"2026-10-05T08:42:35.195Z","caller":"ipamd/ipamd.go:813","msg":"Error trying to allocate ENI: AllocENI: failed to create ENI: failed to create network interface: operation error EC2: CreateNetworkInterface, https response error StatusCode: 400, RequestID: 814688e3-3081-4c58-84d2-9ada44ae121f, api error InvalidParameterValue: There aren't sufficient free Ipv4 addresses or prefixes"}
{"level":"debug","ts":"2026-10-05T08:42:35.195Z","caller":"ipamd/ipamd.go:1548","msg":"ENI eni-EXAMPLE20 cannot be deleted because it is primary"}
{"level":"debug","ts":"2026-10-05T08:42:40.195Z","caller":"ipamd/ipamd.go:809","msg":"IP pool is too low for Network Card 0: available (0) < ENI target (1) * addrsPerENI (16)"}
{"level":"debug","ts":"2026-10-05T08:42:40.195Z","caller":"ipamd/ipamd.go:2689","msg":"Prefix pool stats for network card 0: Total IPs/Prefixes = 0/0, AssignedIPs/CooldownIPs: 0/0, c.maxIPsPerENI = 80"}
{"level":"debug","ts":"2026-10-05T08:42:40.195Z","caller":"ipamd/ipamd.go:795","msg":"IP stats for Network Card 0 - total IPs: 0, assigned IPs: 0, cooldown IPs: 0"}
{"level":"debug","ts":"2026-10-05T08:42:40.195Z","caller":"ipamd/ipamd.go:813","msg":"Starting to increase pool size for network card 0"}
{"level":"debug","ts":"2026-10-05T08:42:40.195Z","caller":"ipamd/ipamd.go:966","msg":"Node found \"ip-10-20-0-29.ec2.internal\" - no of taints - 0"}
{"level":"debug","ts":"2026-10-05T08:42:40.195Z","caller":"ipamd/ipamd.go:2758","msg":"Prefix target is 1, short of 1 prefixes, free 0 prefixes"}
{"level":"debug","ts":"2026-10-05T08:42:40.195Z","caller":"ipamd/ipamd.go:1248","msg":"ToAllocate: 1, Network Card 0"}
{"level":"debug","ts":"2026-10-05T08:42:40.195Z","caller":"ipamd/ipamd.go:1251","msg":"Found ENI eni-EXAMPLE20 that has less than the maximum number of IP/Prefixes addresses allocated: cur=0, max=5"}
{"level":"info","ts":"2026-10-05T08:42:40.195Z","caller":"ipamd/ipamd.go:1255","msg":"Trying to allocate 1 IP addresses on ENI eni-EXAMPLE20"}
{"level":"debug","ts":"2026-10-05T08:42:40.195Z","caller":"ipamd/ipamd.go:1255","msg":"PD enabled - true"}
{"level":"debug","ts":"2026-10-05T08:42:40.597Z","caller":"awsutils/awsutils.go:2174","msg":"checkAPIErrorAndBroadcastEvent resulted in operation error EC2: AssignPrivateIpAddresses, https response error StatusCode: 400, RequestID: 592eb9c2-9305-4f58-af50-7c95c30a1158, api error InsufficientCidrBlocks: The specified subnet does not have enough free cidr blocks to satisfy the request."}
{"level":"error","ts":"2026-10-05T08:42:40.597Z","caller":"ipamd/ipamd.go:1255","msg":"Failed to allocate a private IP/Prefix addresses on ENI eni-EXAMPLE20: operation error EC2: AssignPrivateIpAddresses, https response error StatusCode: 400, RequestID: 592eb9c2-9305-4f58-af50-7c95c30a1158, api error InsufficientCidrBlocks: The specified subnet does not have enough free cidr blocks to satisfy the request."}
{"level":"debug","ts":"2026-10-05T08:42:40.597Z","caller":"ipamd/ipamd.go:1256","msg":"containsPrivateIPAddressLimitExceededError encountered operation error EC2: AssignPrivateIpAddresses, https response error StatusCode: 400, RequestID: 592eb9c2-9305-4f58-af50-7c95c30a1158, api error InsufficientCidrBlocks: The specified subnet does not have enough free cidr blocks to satisfy the request."}
{"level":"warn","ts":"2026-10-05T08:42:40.597Z","caller":"ipamd/ipamd.go:1113","msg":"failed to allocate all available IPv4 Prefixes on ENI eni-EXAMPLE20, err: operation error EC2: AssignPrivateIpAddresses, https response error StatusCode: 400, RequestID: 592eb9c2-9305-4f58-af50-7c95c30a1158, api error InsufficientCidrBlocks: The specified subnet does not have enough free cidr blocks to satisfy the request."}
{"level":"info","ts":"2026-10-05T08:42:40.597Z","caller":"ipamd/ipamd.go:1259","msg":"Trying to allocate 1 IP addresses on ENI eni-EXAMPLE20"}
{"level":"debug","ts":"2026-10-05T08:42:40.597Z","caller":"ipamd/ipamd.go:1259","msg":"PD enabled - true"}
{"level":"debug","ts":"2026-10-05T08:42:40.970Z","caller":"awsutils/awsutils.go:2174","msg":"checkAPIErrorAndBroadcastEvent resulted in operation error EC2: AssignPrivateIpAddresses, https response error StatusCode: 400, RequestID: e1b1d507-25c3-4a69-bb3d-491ee38eb0a4, api error InsufficientCidrBlocks: The specified subnet does not have enough free cidr blocks to satisfy the request."}
{"level":"error","ts":"2026-10-05T08:42:40.971Z","caller":"ipamd/ipamd.go:1259","msg":"Failed to allocate a private IP/Prefix addresses on ENI eni-EXAMPLE20: operation error EC2: AssignPrivateIpAddresses, https response error StatusCode: 400, RequestID: e1b1d507-25c3-4a69-bb3d-491ee38eb0a4, api error InsufficientCidrBlocks: The specified subnet does not have enough free cidr blocks to satisfy the request."}
{"level":"debug","ts":"2026-10-05T08:42:40.971Z","caller":"ipamd/ipamd.go:1260","msg":"containsPrivateIPAddressLimitExceededError encountered operation error EC2: AssignPrivateIpAddresses, https response error StatusCode: 400, RequestID: e1b1d507-25c3-4a69-bb3d-491ee38eb0a4, api error InsufficientCidrBlocks: The specified subnet does not have enough free cidr blocks to satisfy the request."}
{"level":"debug","ts":"2026-10-05T08:42:40.971Z","caller":"ipamd/ipamd.go:1262","msg":"containsInsufficientCIDRsOrSubnetIPs encountered operation error EC2: AssignPrivateIpAddresses, https response error StatusCode: 400, RequestID: e1b1d507-25c3-4a69-bb3d-491ee38eb0a4, api error InsufficientCidrBlocks: The specified subnet does not have enough free cidr blocks to satisfy the request."}
{"level":"debug","ts":"2026-10-05T08:42:40.971Z","caller":"ipamd/ipamd.go:1262","msg":"Insufficient IP Addresses due to: InsufficientCidrBlocks\n"}
{"level":"debug","ts":"2026-10-05T08:42:40.971Z","caller":"ipamd/ipamd.go:1003","msg":"hasRoomForEni: networkCard=0, currentENIs=1, currentUsableENIs=1, maxENI=3, unmanagedENI=0, trunkEni=0, excludedENI=0, hasRoom=true"}
{"level":"debug","ts":"2026-10-05T08:42:40.971Z","caller":"ipamd/ipamd.go:2758","msg":"Prefix target is 1, short of 1 prefixes, free 0 prefixes"}
{"level":"debug","ts":"2026-10-05T08:42:40.971Z","caller":"ipamd/ipamd.go:2595","msg":"ToAllocate: 1, Network Card 0"}
{"level":"info","ts":"2026-10-05T08:42:40.971Z","caller":"awsutils/awsutils.go:1044","msg":"Trying to allocate 1 IP addresses on new ENI"}
{"level":"debug","ts":"2026-10-05T08:42:40.971Z","caller":"awsutils/awsutils.go:1044","msg":"PD enabled - true"}
{"level":"debug","ts":"2026-10-05T08:42:41.197Z","caller":"awsutils/awsutils.go:1272","msg":"Primary subnet subnet-EXAMPLE4 has no kubernetes.io/role/cni tag, including it for ENI creation (backwards compatibility)"}
{"level":"info","ts":"2026-10-05T08:42:41.197Z","caller":"awsutils/awsutils.go:1044","msg":"Creating ENI with security groups: [sg-EXAMPLE1] in subnet: subnet-EXAMPLE4"}
{"level":"debug","ts":"2026-10-05T08:42:41.417Z","caller":"awsutils/awsutils.go:1449","msg":"checkAPIErrorAndBroadcastEvent resulted in operation error EC2: CreateNetworkInterface, https response error StatusCode: 400, RequestID: e90b2706-2080-494c-bf83-a7b06e947e5b, api error InvalidParameterValue: There aren't sufficient free Ipv4 addresses or prefixes"}
{"level":"error","ts":"2026-10-05T08:42:41.417Z","caller":"awsutils/awsutils.go:1285","msg":"Failed to CreateNetworkInterface operation error EC2: CreateNetworkInterface, https response error StatusCode: 400, RequestID: e90b2706-2080-494c-bf83-a7b06e947e5b, api error InvalidParameterValue: There aren't sufficient free Ipv4 addresses or prefixes for subnet subnet-EXAMPLE4"}
{"level":"debug","ts":"2026-10-05T08:42:41.417Z","caller":"awsutils/awsutils.go:1272","msg":"Subnet subnet-EXAMPLE3 has no kubernetes.io/role/cni tag, excluding it from ENI creation"}
{"level":"error","ts":"2026-10-05T08:42:41.417Z","caller":"ipamd/ipamd.go:1004","msg":"Failed to increase pool size due to not able to allocate ENI AllocENI: failed to create ENI: failed to create network interface: operation error EC2: CreateNetworkInterface, https response error StatusCode: 400, RequestID: e90b2706-2080-494c-bf83-a7b06e947e5b, api error InvalidParameterValue: There aren't sufficient free Ipv4 addresses or prefixes"}
{"level":"warn","ts":"2026-10-05T08:42:41.417Z","caller":"ipamd/ipamd.go:1004","msg":"Failed to allocate 1 IP addresses on an ENI: AllocENI: failed to create ENI: failed to create network interface: operation error EC2: CreateNetworkInterface, https response error StatusCode: 400, RequestID: e90b2706-2080-494c-bf83-a7b06e947e5b, api error InvalidParameterValue: There aren't sufficient free Ipv4 addresses or prefixes"}
{"level":"debug","ts":"2026-10-05T08:42:41.417Z","caller":"ipamd/ipamd.go:1082","msg":"containsInsufficientCIDRsOrSubnetIPs encountered AllocENI: failed to create ENI: failed to create network interface: operation error EC2: CreateNetworkInterface, https response error StatusCode: 400, RequestID: e90b2706-2080-494c-bf83-a7b06e947e5b, api error InvalidParameterValue: There aren't sufficient free Ipv4 addresses or prefixes"}
{"level":"debug","ts":"2026-10-05T08:42:41.417Z","caller":"ipamd/ipamd.go:1082","msg":"Insufficient IP Addresses due to: InvalidParameterValue\n"}
{"level":"debug","ts":"2026-10-05T08:42:41.417Z","caller":"ipamd/ipamd.go:813","msg":"Error trying to allocate ENI: AllocENI: failed to create ENI: failed to create network interface: operation error EC2: CreateNetworkInterface, https response error StatusCode: 400, RequestID: e90b2706-2080-494c-bf83-a7b06e947e5b, api error InvalidParameterValue: There aren't sufficient free Ipv4 addresses or prefixes"}
{"level":"debug","ts":"2026-10-05T08:42:41.417Z","caller":"ipamd/ipamd.go:1548","msg":"ENI eni-EXAMPLE20 cannot be deleted because it is primary"}
{"level":"info","ts":"2026-10-05T08:42:44.451Z","caller":"rpc/rpc_grpc.pb.go:117","msg":"Received AddNetwork for NS /var/run/netns/cni-c28ddb10-4455-2981-1302-ef98f4e5da57, Sandbox acef0c54d153e6528214b85c42e4f03d06dad697252136770ab5eefecdb72418, ifname eth0"}
{"level":"debug","ts":"2026-10-05T08:42:44.451Z","caller":"rpc/rpc_grpc.pb.go:117","msg":"AddNetworkRequest: K8S_POD_NAME:\"pause-68d5b89fc-zkk75\"  K8S_POD_NAMESPACE:\"default\"  K8S_POD_INFRA_CONTAINER_ID:\"acef0c54d153e6528214b85c42e4f03d06dad697252136770ab5eefecdb72418\"  ContainerID:\"acef0c54d153e6528214b85c42e4f03d06dad697252136770ab5eefecdb72418\"  IfName:\"eth0\"  NetworkName:\"aws-cni\"  Netns:\"/var/run/netns/cni-c28ddb10-4455-2981-1302-ef98f4e5da57\""}
{"level":"info","ts":"2026-10-05T08:42:44.451Z","caller":"rpc/rpc_grpc.pb.go:117","msg":"Required MultiNIC access false, interfaces required 1"}
{"level":"debug","ts":"2026-10-05T08:42:44.451Z","caller":"datastore/data_store.go:713","msg":"AssignPodIPv4Address: IP address pool stats: total 0, assigned 0"}
{"level":"debug","ts":"2026-10-05T08:42:44.451Z","caller":"datastore/data_store.go:713","msg":"AssignPodIPv4Address: ENI eni-EXAMPLE20 does not have available addresses"}
{"level":"error","ts":"2026-10-05T08:42:44.451Z","caller":"datastore/data_store.go:713","msg":"DataStore has no available IP/Prefix addresses"}
{"level":"warn","ts":"2026-10-05T08:42:44.451Z","caller":"rpc/rpc_grpc.pb.go:117","msg":"Failed to assign IPs from network card 0: AssignPodIPAddress: no available IP/Prefix addresses"}
{"level":"error","ts":"2026-10-05T08:42:44.451Z","caller":"rpc/rpc_grpc.pb.go:117","msg":"Returning failure response for AddNetwork: 1 error occurred:\n\t* AssignPodIPAddress: no available IP/Prefix addresses\n\n"}
{"level":"info","ts":"2026-10-05T08:42:44.451Z","caller":"rpc/rpc_grpc.pb.go:117","msg":"Send AddNetworkReply: Success: false IPAddr: [], resp: , err: AssignPodIPAddress: no available IP/Prefix addresses"}
{"level":"info","ts":"2026-10-05T08:42:44.477Z","caller":"rpc/rpc_grpc.pb.go:135","msg":"Received DelNetwork for Sandbox acef0c54d153e6528214b85c42e4f03d06dad697252136770ab5eefecdb72418"}
{"level":"debug","ts":"2026-10-05T08:42:44.477Z","caller":"rpc/rpc_grpc.pb.go:135","msg":"DelNetworkRequest: K8S_POD_NAME:\"pause-68d5b89fc-zkk75\"  K8S_POD_NAMESPACE:\"default\"  K8S_POD_INFRA_CONTAINER_ID:\"acef0c54d153e6528214b85c42e4f03d06dad697252136770ab5eefecdb72418\"  Reason:\"PodDeleted\"  ContainerID:\"acef0c54d153e6528214b85c42e4f03d06dad697252136770ab5eefecdb72418\"  IfName:\"eth0\"  NetworkName:\"aws-cni\"  K8S_POD_UID:\"d5824255-e9c5-48aa-b8b8-9ad5649ef2d7\""}
{"level":"debug","ts":"2026-10-05T08:42:44.477Z","caller":"ipamd/rpc_handler.go:353","msg":"UnassignPodIPAddress: IP address pool stats: total 0, assigned 0, sandbox aws-cni/acef0c54d153e6528214b85c42e4f03d06dad697252136770ab5eefecdb72418/eth0"}
{"level":"debug","ts":"2026-10-05T08:42:44.477Z","caller":"ipamd/rpc_handler.go:353","msg":"UnassignPodIPAddress: Failed to find IPAM entry under full key, trying CRI-migrated version"}
{"level":"warn","ts":"2026-10-05T08:42:44.477Z","caller":"ipamd/rpc_handler.go:353","msg":"UnassignPodIPAddress: Failed to find sandbox _migrated-from-cri/acef0c54d153e6528214b85c42e4f03d06dad697252136770ab5eefecdb72418/unknown"}
{"level":"info","ts":"2026-10-05T08:42:44.477Z","caller":"rpc/rpc_grpc.pb.go:135","msg":"Send DelNetworkReply: IPAddress: [], err: 1 error occurred:\n\t* datastore: unknown pod\n\n"}
{"level":"debug","ts":"2026-10-05T08:42:46.419Z","caller":"ipamd/ipamd.go:809","msg":"IP pool is too low for Network Card 0: available (0) < ENI target (1) * addrsPerENI (16)"}
{"level":"debug","ts":"2026-10-05T08:42:46.419Z","caller":"ipamd/ipamd.go:2689","msg":"Prefix pool stats for network card 0: Total IPs/Prefixes = 0/0, AssignedIPs/CooldownIPs: 0/0, c.maxIPsPerENI = 80"}
{"level":"debug","ts":"2026-10-05T08:42:46.419Z","caller":"ipamd/ipamd.go:795","msg":"IP stats for Network Card 0 - total IPs: 0, assigned IPs: 0, cooldown IPs: 0"}
{"level":"debug","ts":"2026-10-05T08:42:46.419Z","caller":"ipamd/ipamd.go:813","msg":"Starting to increase pool size for network card 0"}
{"level":"debug","ts":"2026-10-05T08:42:46.419Z","caller":"ipamd/ipamd.go:966","msg":"Node found \"ip-10-20-0-29.ec2.internal\" - no of taints - 0"}
{"level":"debug","ts":"2026-10-05T08:42:46.419Z","caller":"ipamd/ipamd.go:2758","msg":"Prefix target is 1, short of 1 prefixes, free 0 prefixes"}
{"level":"debug","ts":"2026-10-05T08:42:46.419Z","caller":"ipamd/ipamd.go:1248","msg":"ToAllocate: 1, Network Card 0"}
{"level":"debug","ts":"2026-10-05T08:42:46.419Z","caller":"ipamd/ipamd.go:1251","msg":"Found ENI eni-EXAMPLE20 that has less than the maximum number of IP/Prefixes addresses allocated: cur=0, max=5"}
{"level":"info","ts":"2026-10-05T08:42:46.419Z","caller":"ipamd/ipamd.go:1255","msg":"Trying to allocate 1 IP addresses on ENI eni-EXAMPLE20"}
{"level":"debug","ts":"2026-10-05T08:42:46.419Z","caller":"ipamd/ipamd.go:1255","msg":"PD enabled - true"}
{"level":"debug","ts":"2026-10-05T08:42:46.853Z","caller":"awsutils/awsutils.go:2174","msg":"checkAPIErrorAndBroadcastEvent resulted in operation error EC2: AssignPrivateIpAddresses, https response error StatusCode: 400, RequestID: 20d9d116-bf80-45a9-933b-d2ac02e5ae0c, api error InsufficientCidrBlocks: The specified subnet does not have enough free cidr blocks to satisfy the request."}
{"level":"error","ts":"2026-10-05T08:42:46.853Z","caller":"ipamd/ipamd.go:1255","msg":"Failed to allocate a private IP/Prefix addresses on ENI eni-EXAMPLE20: operation error EC2: AssignPrivateIpAddresses, https response error StatusCode: 400, RequestID: 20d9d116-bf80-45a9-933b-d2ac02e5ae0c, api error InsufficientCidrBlocks: The specified subnet does not have enough free cidr blocks to satisfy the request."}
{"level":"debug","ts":"2026-10-05T08:42:46.853Z","caller":"ipamd/ipamd.go:1256","msg":"containsPrivateIPAddressLimitExceededError encountered operation error EC2: AssignPrivateIpAddresses, https response error StatusCode: 400, RequestID: 20d9d116-bf80-45a9-933b-d2ac02e5ae0c, api error InsufficientCidrBlocks: The specified subnet does not have enough free cidr blocks to satisfy the request."}
{"level":"warn","ts":"2026-10-05T08:42:46.853Z","caller":"ipamd/ipamd.go:1113","msg":"failed to allocate all available IPv4 Prefixes on ENI eni-EXAMPLE20, err: operation error EC2: AssignPrivateIpAddresses, https response error StatusCode: 400, RequestID: 20d9d116-bf80-45a9-933b-d2ac02e5ae0c, api error InsufficientCidrBlocks: The specified subnet does not have enough free cidr blocks to satisfy the request."}
{"level":"info","ts":"2026-10-05T08:42:46.853Z","caller":"ipamd/ipamd.go:1259","msg":"Trying to allocate 1 IP addresses on ENI eni-EXAMPLE20"}
{"level":"debug","ts":"2026-10-05T08:42:46.853Z","caller":"ipamd/ipamd.go:1259","msg":"PD enabled - true"}
{"level":"debug","ts":"2026-10-05T08:42:47.345Z","caller":"awsutils/awsutils.go:2174","msg":"checkAPIErrorAndBroadcastEvent resulted in operation error EC2: AssignPrivateIpAddresses, https response error StatusCode: 400, RequestID: ba179de3-db2d-4a1e-9ec8-5c39ebc454ff, api error InsufficientCidrBlocks: The specified subnet does not have enough free cidr blocks to satisfy the request."}
{"level":"error","ts":"2026-10-05T08:42:47.345Z","caller":"ipamd/ipamd.go:1259","msg":"Failed to allocate a private IP/Prefix addresses on ENI eni-EXAMPLE20: operation error EC2: AssignPrivateIpAddresses, https response error StatusCode: 400, RequestID: ba179de3-db2d-4a1e-9ec8-5c39ebc454ff, api error InsufficientCidrBlocks: The specified subnet does not have enough free cidr blocks to satisfy the request."}
{"level":"debug","ts":"2026-10-05T08:42:47.345Z","caller":"ipamd/ipamd.go:1260","msg":"containsPrivateIPAddressLimitExceededError encountered operation error EC2: AssignPrivateIpAddresses, https response error StatusCode: 400, RequestID: ba179de3-db2d-4a1e-9ec8-5c39ebc454ff, api error InsufficientCidrBlocks: The specified subnet does not have enough free cidr blocks to satisfy the request."}
{"level":"debug","ts":"2026-10-05T08:42:47.345Z","caller":"ipamd/ipamd.go:1262","msg":"containsInsufficientCIDRsOrSubnetIPs encountered operation error EC2: AssignPrivateIpAddresses, https response error StatusCode: 400, RequestID: ba179de3-db2d-4a1e-9ec8-5c39ebc454ff, api error InsufficientCidrBlocks: The specified subnet does not have enough free cidr blocks to satisfy the request."}
{"level":"debug","ts":"2026-10-05T08:42:47.345Z","caller":"ipamd/ipamd.go:1262","msg":"Insufficient IP Addresses due to: InsufficientCidrBlocks\n"}
{"level":"debug","ts":"2026-10-05T08:42:47.345Z","caller":"ipamd/ipamd.go:1003","msg":"hasRoomForEni: networkCard=0, currentENIs=1, currentUsableENIs=1, maxENI=3, unmanagedENI=0, trunkEni=0, excludedENI=0, hasRoom=true"}
{"level":"debug","ts":"2026-10-05T08:42:47.345Z","caller":"ipamd/ipamd.go:2758","msg":"Prefix target is 1, short of 1 prefixes, free 0 prefixes"}
{"level":"debug","ts":"2026-10-05T08:42:47.345Z","caller":"ipamd/ipamd.go:2595","msg":"ToAllocate: 1, Network Card 0"}
{"level":"info","ts":"2026-10-05T08:42:47.345Z","caller":"awsutils/awsutils.go:1044","msg":"Trying to allocate 1 IP addresses on new ENI"}
{"level":"debug","ts":"2026-10-05T08:42:47.345Z","caller":"awsutils/awsutils.go:1044","msg":"PD enabled - true"}
{"level":"debug","ts":"2026-10-05T08:42:47.555Z","caller":"awsutils/awsutils.go:1272","msg":"Primary subnet subnet-EXAMPLE4 has no kubernetes.io/role/cni tag, including it for ENI creation (backwards compatibility)"}
{"level":"info","ts":"2026-10-05T08:42:47.555Z","caller":"awsutils/awsutils.go:1044","msg":"Creating ENI with security groups: [sg-EXAMPLE1] in subnet: subnet-EXAMPLE4"}
{"level":"debug","ts":"2026-10-05T08:42:47.818Z","caller":"awsutils/awsutils.go:1449","msg":"checkAPIErrorAndBroadcastEvent resulted in operation error EC2: CreateNetworkInterface, https response error StatusCode: 400, RequestID: 89d14cd1-3033-4b8b-8adb-eb79c22d31c8, api error InvalidParameterValue: There aren't sufficient free Ipv4 addresses or prefixes"}
{"level":"error","ts":"2026-10-05T08:42:47.818Z","caller":"awsutils/awsutils.go:1285","msg":"Failed to CreateNetworkInterface operation error EC2: CreateNetworkInterface, https response error StatusCode: 400, RequestID: 89d14cd1-3033-4b8b-8adb-eb79c22d31c8, api error InvalidParameterValue: There aren't sufficient free Ipv4 addresses or prefixes for subnet subnet-EXAMPLE4"}
{"level":"debug","ts":"2026-10-05T08:42:47.818Z","caller":"awsutils/awsutils.go:1272","msg":"Subnet subnet-EXAMPLE3 has no kubernetes.io/role/cni tag, excluding it from ENI creation"}
{"level":"error","ts":"2026-10-05T08:42:47.818Z","caller":"ipamd/ipamd.go:1004","msg":"Failed to increase pool size due to not able to allocate ENI AllocENI: failed to create ENI: failed to create network interface: operation error EC2: CreateNetworkInterface, https response error StatusCode: 400, RequestID: 89d14cd1-3033-4b8b-8adb-eb79c22d31c8, api error InvalidParameterValue: There aren't sufficient free Ipv4 addresses or prefixes"}
{"level":"warn","ts":"2026-10-05T08:42:47.818Z","caller":"ipamd/ipamd.go:1004","msg":"Failed to allocate 1 IP addresses on an ENI: AllocENI: failed to create ENI: failed to create network interface: operation error EC2: CreateNetworkInterface, https response error StatusCode: 400, RequestID: 89d14cd1-3033-4b8b-8adb-eb79c22d31c8, api error InvalidParameterValue: There aren't sufficient free Ipv4 addresses or prefixes"}
{"level":"debug","ts":"2026-10-05T08:42:47.818Z","caller":"ipamd/ipamd.go:1082","msg":"containsInsufficientCIDRsOrSubnetIPs encountered AllocENI: failed to create ENI: failed to create network interface: operation error EC2: CreateNetworkInterface, https response error StatusCode: 400, RequestID: 89d14cd1-3033-4b8b-8adb-eb79c22d31c8, api error InvalidParameterValue: There aren't sufficient free Ipv4 addresses or prefixes"}
{"level":"debug","ts":"2026-10-05T08:42:47.818Z","caller":"ipamd/ipamd.go:1082","msg":"Insufficient IP Addresses due to: InvalidParameterValue\n"}
{"level":"debug","ts":"2026-10-05T08:42:47.818Z","caller":"ipamd/ipamd.go:813","msg":"Error trying to allocate ENI: AllocENI: failed to create ENI: failed to create network interface: operation error EC2: CreateNetworkInterface, https response error StatusCode: 400, RequestID: 89d14cd1-3033-4b8b-8adb-eb79c22d31c8, api error InvalidParameterValue: There aren't sufficient free Ipv4 addresses or prefixes"}
{"level":"debug","ts":"2026-10-05T08:42:47.818Z","caller":"ipamd/ipamd.go:1548","msg":"ENI eni-EXAMPLE20 cannot be deleted because it is primary"}
{"level":"info","ts":"2026-10-05T08:42:49.450Z","caller":"rpc/rpc_grpc.pb.go:117","msg":"Received AddNetwork for NS /var/run/netns/cni-7918d043-8a28-c910-d577-61cea3674f60, Sandbox 9148653ed6e4b6126266b60544765d1c4311469aa5e683036c07acdcf887a649, ifname eth0"}
{"level":"debug","ts":"2026-10-05T08:42:49.450Z","caller":"rpc/rpc_grpc.pb.go:117","msg":"AddNetworkRequest: K8S_POD_NAME:\"pause-68d5b89fc-cc6lc\"  K8S_POD_NAMESPACE:\"default\"  K8S_POD_INFRA_CONTAINER_ID:\"9148653ed6e4b6126266b60544765d1c4311469aa5e683036c07acdcf887a649\"  ContainerID:\"9148653ed6e4b6126266b60544765d1c4311469aa5e683036c07acdcf887a649\"  IfName:\"eth0\"  NetworkName:\"aws-cni\"  Netns:\"/var/run/netns/cni-7918d043-8a28-c910-d577-61cea3674f60\""}
{"level":"info","ts":"2026-10-05T08:42:49.450Z","caller":"rpc/rpc_grpc.pb.go:117","msg":"Required MultiNIC access false, interfaces required 1"}
{"level":"debug","ts":"2026-10-05T08:42:49.450Z","caller":"datastore/data_store.go:713","msg":"AssignPodIPv4Address: IP address pool stats: total 0, assigned 0"}
{"level":"debug","ts":"2026-10-05T08:42:49.450Z","caller":"datastore/data_store.go:713","msg":"AssignPodIPv4Address: ENI eni-EXAMPLE20 does not have available addresses"}
{"level":"error","ts":"2026-10-05T08:42:49.450Z","caller":"datastore/data_store.go:713","msg":"DataStore has no available IP/Prefix addresses"}
{"level":"warn","ts":"2026-10-05T08:42:49.450Z","caller":"rpc/rpc_grpc.pb.go:117","msg":"Failed to assign IPs from network card 0: AssignPodIPAddress: no available IP/Prefix addresses"}
{"level":"error","ts":"2026-10-05T08:42:49.450Z","caller":"rpc/rpc_grpc.pb.go:117","msg":"Returning failure response for AddNetwork: 1 error occurred:\n\t* AssignPodIPAddress: no available IP/Prefix addresses\n\n"}
{"level":"info","ts":"2026-10-05T08:42:49.450Z","caller":"rpc/rpc_grpc.pb.go:117","msg":"Send AddNetworkReply: Success: false IPAddr: [], resp: , err: AssignPodIPAddress: no available IP/Prefix addresses"}
{"level":"info","ts":"2026-10-05T08:42:49.475Z","caller":"rpc/rpc_grpc.pb.go:135","msg":"Received DelNetwork for Sandbox 9148653ed6e4b6126266b60544765d1c4311469aa5e683036c07acdcf887a649"}
{"level":"debug","ts":"2026-10-05T08:42:49.475Z","caller":"rpc/rpc_grpc.pb.go:135","msg":"DelNetworkRequest: K8S_POD_NAME:\"pause-68d5b89fc-cc6lc\"  K8S_POD_NAMESPACE:\"default\"  K8S_POD_INFRA_CONTAINER_ID:\"9148653ed6e4b6126266b60544765d1c4311469aa5e683036c07acdcf887a649\"  Reason:\"PodDeleted\"  ContainerID:\"9148653ed6e4b6126266b60544765d1c4311469aa5e683036c07acdcf887a649\"  IfName:\"eth0\"  NetworkName:\"aws-cni\"  K8S_POD_UID:\"9c500403-1eff-4562-9498-16be317f6e12\""}
{"level":"debug","ts":"2026-10-05T08:42:49.475Z","caller":"ipamd/rpc_handler.go:353","msg":"UnassignPodIPAddress: IP address pool stats: total 0, assigned 0, sandbox aws-cni/9148653ed6e4b6126266b60544765d1c4311469aa5e683036c07acdcf887a649/eth0"}
{"level":"debug","ts":"2026-10-05T08:42:49.475Z","caller":"ipamd/rpc_handler.go:353","msg":"UnassignPodIPAddress: Failed to find IPAM entry under full key, trying CRI-migrated version"}
{"level":"warn","ts":"2026-10-05T08:42:49.475Z","caller":"ipamd/rpc_handler.go:353","msg":"UnassignPodIPAddress: Failed to find sandbox _migrated-from-cri/9148653ed6e4b6126266b60544765d1c4311469aa5e683036c07acdcf887a649/unknown"}
{"level":"info","ts":"2026-10-05T08:42:49.475Z","caller":"rpc/rpc_grpc.pb.go:135","msg":"Send DelNetworkReply: IPAddress: [], err: 1 error occurred:\n\t* datastore: unknown pod\n\n"}
{"level":"debug","ts":"2026-10-05T08:42:52.819Z","caller":"ipamd/ipamd.go:809","msg":"IP pool is too low for Network Card 0: available (0) < ENI target (1) * addrsPerENI (16)"}
{"level":"debug","ts":"2026-10-05T08:42:52.819Z","caller":"ipamd/ipamd.go:2689","msg":"Prefix pool stats for network card 0: Total IPs/Prefixes = 0/0, AssignedIPs/CooldownIPs: 0/0, c.maxIPsPerENI = 80"}
{"level":"debug","ts":"2026-10-05T08:42:52.819Z","caller":"ipamd/ipamd.go:795","msg":"IP stats for Network Card 0 - total IPs: 0, assigned IPs: 0, cooldown IPs: 0"}
{"level":"debug","ts":"2026-10-05T08:42:52.819Z","caller":"ipamd/ipamd.go:813","msg":"Starting to increase pool size for network card 0"}
{"level":"debug","ts":"2026-10-05T08:42:52.819Z","caller":"ipamd/ipamd.go:966","msg":"Node found \"ip-10-20-0-29.ec2.internal\" - no of taints - 0"}
{"level":"debug","ts":"2026-10-05T08:42:52.819Z","caller":"ipamd/ipamd.go:2758","msg":"Prefix target is 1, short of 1 prefixes, free 0 prefixes"}
{"level":"debug","ts":"2026-10-05T08:42:52.819Z","caller":"ipamd/ipamd.go:1248","msg":"ToAllocate: 1, Network Card 0"}
{"level":"debug","ts":"2026-10-05T08:42:52.819Z","caller":"ipamd/ipamd.go:1251","msg":"Found ENI eni-EXAMPLE20 that has less than the maximum number of IP/Prefixes addresses allocated: cur=0, max=5"}
{"level":"info","ts":"2026-10-05T08:42:52.819Z","caller":"ipamd/ipamd.go:1255","msg":"Trying to allocate 1 IP addresses on ENI eni-EXAMPLE20"}
{"level":"debug","ts":"2026-10-05T08:42:52.819Z","caller":"ipamd/ipamd.go:1255","msg":"PD enabled - true"}
{"level":"debug","ts":"2026-10-05T08:42:53.209Z","caller":"awsutils/awsutils.go:2174","msg":"checkAPIErrorAndBroadcastEvent resulted in operation error EC2: AssignPrivateIpAddresses, https response error StatusCode: 400, RequestID: 6270761a-d118-49b4-81bc-8a6284fd46a2, api error InsufficientCidrBlocks: The specified subnet does not have enough free cidr blocks to satisfy the request."}
{"level":"error","ts":"2026-10-05T08:42:53.209Z","caller":"ipamd/ipamd.go:1255","msg":"Failed to allocate a private IP/Prefix addresses on ENI eni-EXAMPLE20: operation error EC2: AssignPrivateIpAddresses, https response error StatusCode: 400, RequestID: 6270761a-d118-49b4-81bc-8a6284fd46a2, api error InsufficientCidrBlocks: The specified subnet does not have enough free cidr blocks to satisfy the request."}
{"level":"debug","ts":"2026-10-05T08:42:53.209Z","caller":"ipamd/ipamd.go:1256","msg":"containsPrivateIPAddressLimitExceededError encountered operation error EC2: AssignPrivateIpAddresses, https response error StatusCode: 400, RequestID: 6270761a-d118-49b4-81bc-8a6284fd46a2, api error InsufficientCidrBlocks: The specified subnet does not have enough free cidr blocks to satisfy the request."}
{"level":"warn","ts":"2026-10-05T08:42:53.209Z","caller":"ipamd/ipamd.go:1113","msg":"failed to allocate all available IPv4 Prefixes on ENI eni-EXAMPLE20, err: operation error EC2: AssignPrivateIpAddresses, https response error StatusCode: 400, RequestID: 6270761a-d118-49b4-81bc-8a6284fd46a2, api error InsufficientCidrBlocks: The specified subnet does not have enough free cidr blocks to satisfy the request."}
{"level":"info","ts":"2026-10-05T08:42:53.209Z","caller":"ipamd/ipamd.go:1259","msg":"Trying to allocate 1 IP addresses on ENI eni-EXAMPLE20"}
{"level":"debug","ts":"2026-10-05T08:42:53.209Z","caller":"ipamd/ipamd.go:1259","msg":"PD enabled - true"}
{"level":"debug","ts":"2026-10-05T08:42:53.677Z","caller":"awsutils/awsutils.go:2174","msg":"checkAPIErrorAndBroadcastEvent resulted in operation error EC2: AssignPrivateIpAddresses, https response error StatusCode: 400, RequestID: 2e92f1b9-e945-41f6-94fd-874921c49b34, api error InsufficientCidrBlocks: The specified subnet does not have enough free cidr blocks to satisfy the request."}
{"level":"error","ts":"2026-10-05T08:42:53.677Z","caller":"ipamd/ipamd.go:1259","msg":"Failed to allocate a private IP/Prefix addresses on ENI eni-EXAMPLE20: operation error EC2: AssignPrivateIpAddresses, https response error StatusCode: 400, RequestID: 2e92f1b9-e945-41f6-94fd-874921c49b34, api error InsufficientCidrBlocks: The specified subnet does not have enough free cidr blocks to satisfy the request."}
{"level":"debug","ts":"2026-10-05T08:42:53.677Z","caller":"ipamd/ipamd.go:1260","msg":"containsPrivateIPAddressLimitExceededError encountered operation error EC2: AssignPrivateIpAddresses, https response error StatusCode: 400, RequestID: 2e92f1b9-e945-41f6-94fd-874921c49b34, api error InsufficientCidrBlocks: The specified subnet does not have enough free cidr blocks to satisfy the request."}
{"level":"debug","ts":"2026-10-05T08:42:53.677Z","caller":"ipamd/ipamd.go:1262","msg":"containsInsufficientCIDRsOrSubnetIPs encountered operation error EC2: AssignPrivateIpAddresses, https response error StatusCode: 400, RequestID: 2e92f1b9-e945-41f6-94fd-874921c49b34, api error InsufficientCidrBlocks: The specified subnet does not have enough free cidr blocks to satisfy the request."}
{"level":"debug","ts":"2026-10-05T08:42:53.677Z","caller":"ipamd/ipamd.go:1262","msg":"Insufficient IP Addresses due to: InsufficientCidrBlocks\n"}
{"level":"debug","ts":"2026-10-05T08:42:53.677Z","caller":"ipamd/ipamd.go:1003","msg":"hasRoomForEni: networkCard=0, currentENIs=1, currentUsableENIs=1, maxENI=3, unmanagedENI=0, trunkEni=0, excludedENI=0, hasRoom=true"}
{"level":"debug","ts":"2026-10-05T08:42:53.677Z","caller":"ipamd/ipamd.go:2758","msg":"Prefix target is 1, short of 1 prefixes, free 0 prefixes"}
{"level":"debug","ts":"2026-10-05T08:42:53.677Z","caller":"ipamd/ipamd.go:2595","msg":"ToAllocate: 1, Network Card 0"}
{"level":"info","ts":"2026-10-05T08:42:53.677Z","caller":"awsutils/awsutils.go:1044","msg":"Trying to allocate 1 IP addresses on new ENI"}
{"level":"debug","ts":"2026-10-05T08:42:53.677Z","caller":"awsutils/awsutils.go:1044","msg":"PD enabled - true"}
{"level":"debug","ts":"2026-10-05T08:42:53.860Z","caller":"awsutils/awsutils.go:1272","msg":"Primary subnet subnet-EXAMPLE4 has no kubernetes.io/role/cni tag, including it for ENI creation (backwards compatibility)"}
{"level":"info","ts":"2026-10-05T08:42:53.860Z","caller":"awsutils/awsutils.go:1044","msg":"Creating ENI with security groups: [sg-EXAMPLE1] in subnet: subnet-EXAMPLE4"}
{"level":"debug","ts":"2026-10-05T08:42:54.102Z","caller":"awsutils/awsutils.go:1449","msg":"checkAPIErrorAndBroadcastEvent resulted in operation error EC2: CreateNetworkInterface, https response error StatusCode: 400, RequestID: 53a89032-edc6-426b-b472-ddb66b418f2e, api error InvalidParameterValue: There aren't sufficient free Ipv4 addresses or prefixes"}
{"level":"error","ts":"2026-10-05T08:42:54.102Z","caller":"awsutils/awsutils.go:1285","msg":"Failed to CreateNetworkInterface operation error EC2: CreateNetworkInterface, https response error StatusCode: 400, RequestID: 53a89032-edc6-426b-b472-ddb66b418f2e, api error InvalidParameterValue: There aren't sufficient free Ipv4 addresses or prefixes for subnet subnet-EXAMPLE4"}
{"level":"debug","ts":"2026-10-05T08:42:54.102Z","caller":"awsutils/awsutils.go:1272","msg":"Subnet subnet-EXAMPLE3 has no kubernetes.io/role/cni tag, excluding it from ENI creation"}
{"level":"error","ts":"2026-10-05T08:42:54.102Z","caller":"ipamd/ipamd.go:1004","msg":"Failed to increase pool size due to not able to allocate ENI AllocENI: failed to create ENI: failed to create network interface: operation error EC2: CreateNetworkInterface, https response error StatusCode: 400, RequestID: 53a89032-edc6-426b-b472-ddb66b418f2e, api error InvalidParameterValue: There aren't sufficient free Ipv4 addresses or prefixes"}
{"level":"warn","ts":"2026-10-05T08:42:54.102Z","caller":"ipamd/ipamd.go:1004","msg":"Failed to allocate 1 IP addresses on an ENI: AllocENI: failed to create ENI: failed to create network interface: operation error EC2: CreateNetworkInterface, https response error StatusCode: 400, RequestID: 53a89032-edc6-426b-b472-ddb66b418f2e, api error InvalidParameterValue: There aren't sufficient free Ipv4 addresses or prefixes"}
{"level":"debug","ts":"2026-10-05T08:42:54.102Z","caller":"ipamd/ipamd.go:1082","msg":"containsInsufficientCIDRsOrSubnetIPs encountered AllocENI: failed to create ENI: failed to create network interface: operation error EC2: CreateNetworkInterface, https response error StatusCode: 400, RequestID: 53a89032-edc6-426b-b472-ddb66b418f2e, api error InvalidParameterValue: There aren't sufficient free Ipv4 addresses or prefixes"}
{"level":"debug","ts":"2026-10-05T08:42:54.102Z","caller":"ipamd/ipamd.go:1082","msg":"Insufficient IP Addresses due to: InvalidParameterValue\n"}
{"level":"debug","ts":"2026-10-05T08:42:54.102Z","caller":"ipamd/ipamd.go:813","msg":"Error trying to allocate ENI: AllocENI: failed to create ENI: failed to create network interface: operation error EC2: CreateNetworkInterface, https response error StatusCode: 400, RequestID: 53a89032-edc6-426b-b472-ddb66b418f2e, api error InvalidParameterValue: There aren't sufficient free Ipv4 addresses or prefixes"}
{"level":"debug","ts":"2026-10-05T08:42:54.102Z","caller":"ipamd/ipamd.go:1548","msg":"ENI eni-EXAMPLE20 cannot be deleted because it is primary"}
{"level":"debug","ts":"2026-10-05T08:42:56.603Z","caller":"ipamd/ipamd.go:798","msg":"Reconciling ENI/IP pool info because time since last 1m3.265925122s > 1m0s"}
{"level":"debug","ts":"2026-10-05T08:42:56.606Z","caller":"ipamd/ipamd.go:1621","msg":"Total number of interfaces found: 1 "}
{"level":"debug","ts":"2026-10-05T08:42:56.606Z","caller":"awsutils/awsutils.go:787","msg":"Found ENI MAC address: 12:ff:f3:10:df:d7"}
{"level":"debug","ts":"2026-10-05T08:42:56.610Z","caller":"awsutils/awsutils.go:787","msg":"Found ENI: eni-EXAMPLE20, MAC 12:ff:f3:10:df:d7, device 0"}
{"level":"debug","ts":"2026-10-05T08:42:56.612Z","caller":"awsutils/awsutils.go:787","msg":"Found IPv4 addresses associated with interface. This is not efa-only interface"}
{"level":"debug","ts":"2026-10-05T08:42:56.618Z","caller":"ipamd/ipamd.go:798","msg":"Reconcile existing ENI eni-EXAMPLE20 IP pool"}
{"level":"info","ts":"2026-10-05T08:42:56.618Z","caller":"ipamd/ipamd.go:1766","msg":"Reconcile and skip primary IP 10.20.0.29 on ENI eni-EXAMPLE20"}
{"level":"debug","ts":"2026-10-05T08:42:56.618Z","caller":"ipamd/ipamd.go:798","msg":"Reconcile existing ENI eni-EXAMPLE20 IP prefixes"}
{"level":"debug","ts":"2026-10-05T08:42:56.618Z","caller":"ipamd/ipamd.go:1693","msg":"Found prefix pool count 0 for eni eni-EXAMPLE20\n"}
{"level":"debug","ts":"2026-10-05T08:42:56.618Z","caller":"ipamd/ipamd.go:798","msg":"Successfully Reconciled ENI/IP pool"}
{"level":"debug","ts":"2026-10-05T08:42:56.618Z","caller":"ipamd/ipamd.go:1738","msg":"Prefix pool stats for network card 0: Total IPs/Prefixes = 0/0, AssignedIPs/CooldownIPs: 0/0, c.maxIPsPerENI = 80"}
{"level":"debug","ts":"2026-10-05T08:42:56.618Z","caller":"ipamd/ipamd.go:798","msg":"Primary IP for ENI eni-EXAMPLE20 is 10.20.0.29"}
{"level":"debug","ts":"2026-10-05T08:42:59.119Z","caller":"ipamd/ipamd.go:809","msg":"IP pool is too low for Network Card 0: available (0) < ENI target (1) * addrsPerENI (16)"}
{"level":"debug","ts":"2026-10-05T08:42:59.119Z","caller":"ipamd/ipamd.go:2689","msg":"Prefix pool stats for network card 0: Total IPs/Prefixes = 0/0, AssignedIPs/CooldownIPs: 0/0, c.maxIPsPerENI = 80"}
{"level":"debug","ts":"2026-10-05T08:42:59.119Z","caller":"ipamd/ipamd.go:795","msg":"IP stats for Network Card 0 - total IPs: 0, assigned IPs: 0, cooldown IPs: 0"}
{"level":"debug","ts":"2026-10-05T08:42:59.119Z","caller":"ipamd/ipamd.go:813","msg":"Starting to increase pool size for network card 0"}
{"level":"debug","ts":"2026-10-05T08:42:59.119Z","caller":"ipamd/ipamd.go:966","msg":"Node found \"ip-10-20-0-29.ec2.internal\" - no of taints - 0"}
{"level":"debug","ts":"2026-10-05T08:42:59.119Z","caller":"ipamd/ipamd.go:2758","msg":"Prefix target is 1, short of 1 prefixes, free 0 prefixes"}
{"level":"debug","ts":"2026-10-05T08:42:59.119Z","caller":"ipamd/ipamd.go:1248","msg":"ToAllocate: 1, Network Card 0"}
{"level":"debug","ts":"2026-10-05T08:42:59.119Z","caller":"ipamd/ipamd.go:1251","msg":"Found ENI eni-EXAMPLE20 that has less than the maximum number of IP/Prefixes addresses allocated: cur=0, max=5"}
{"level":"info","ts":"2026-10-05T08:42:59.119Z","caller":"ipamd/ipamd.go:1255","msg":"Trying to allocate 1 IP addresses on ENI eni-EXAMPLE20"}
{"level":"debug","ts":"2026-10-05T08:42:59.119Z","caller":"ipamd/ipamd.go:1255","msg":"PD enabled - true"}
{"level":"info","ts":"2026-10-05T08:42:59.453Z","caller":"rpc/rpc_grpc.pb.go:117","msg":"Received AddNetwork for NS /var/run/netns/cni-58eeb4c1-9f4a-8951-9c44-63e8c8a430a7, Sandbox 2d37134cf9891e7e788bc8feff3623f0af128e7ac27e8c186d502f5ef93e0709, ifname eth0"}
{"level":"debug","ts":"2026-10-05T08:42:59.453Z","caller":"rpc/rpc_grpc.pb.go:117","msg":"AddNetworkRequest: K8S_POD_NAME:\"pause-68d5b89fc-zkk75\"  K8S_POD_NAMESPACE:\"default\"  K8S_POD_INFRA_CONTAINER_ID:\"2d37134cf9891e7e788bc8feff3623f0af128e7ac27e8c186d502f5ef93e0709\"  ContainerID:\"2d37134cf9891e7e788bc8feff3623f0af128e7ac27e8c186d502f5ef93e0709\"  IfName:\"eth0\"  NetworkName:\"aws-cni\"  Netns:\"/var/run/netns/cni-58eeb4c1-9f4a-8951-9c44-63e8c8a430a7\""}
{"level":"info","ts":"2026-10-05T08:42:59.453Z","caller":"rpc/rpc_grpc.pb.go:117","msg":"Required MultiNIC access false, interfaces required 1"}
{"level":"debug","ts":"2026-10-05T08:42:59.453Z","caller":"datastore/data_store.go:713","msg":"AssignPodIPv4Address: IP address pool stats: total 0, assigned 0"}
{"level":"debug","ts":"2026-10-05T08:42:59.453Z","caller":"datastore/data_store.go:713","msg":"AssignPodIPv4Address: ENI eni-EXAMPLE20 does not have available addresses"}
{"level":"error","ts":"2026-10-05T08:42:59.453Z","caller":"datastore/data_store.go:713","msg":"DataStore has no available IP/Prefix addresses"}
{"level":"warn","ts":"2026-10-05T08:42:59.453Z","caller":"rpc/rpc_grpc.pb.go:117","msg":"Failed to assign IPs from network card 0: AssignPodIPAddress: no available IP/Prefix addresses"}
{"level":"error","ts":"2026-10-05T08:42:59.453Z","caller":"rpc/rpc_grpc.pb.go:117","msg":"Returning failure response for AddNetwork: 1 error occurred:\n\t* AssignPodIPAddress: no available IP/Prefix addresses\n\n"}
{"level":"info","ts":"2026-10-05T08:42:59.453Z","caller":"rpc/rpc_grpc.pb.go:117","msg":"Send AddNetworkReply: Success: false IPAddr: [], resp: , err: AssignPodIPAddress: no available IP/Prefix addresses"}
{"level":"info","ts":"2026-10-05T08:42:59.487Z","caller":"rpc/rpc_grpc.pb.go:135","msg":"Received DelNetwork for Sandbox 2d37134cf9891e7e788bc8feff3623f0af128e7ac27e8c186d502f5ef93e0709"}
{"level":"debug","ts":"2026-10-05T08:42:59.487Z","caller":"rpc/rpc_grpc.pb.go:135","msg":"DelNetworkRequest: K8S_POD_NAME:\"pause-68d5b89fc-zkk75\"  K8S_POD_NAMESPACE:\"default\"  K8S_POD_INFRA_CONTAINER_ID:\"2d37134cf9891e7e788bc8feff3623f0af128e7ac27e8c186d502f5ef93e0709\"  Reason:\"PodDeleted\"  ContainerID:\"2d37134cf9891e7e788bc8feff3623f0af128e7ac27e8c186d502f5ef93e0709\"  IfName:\"eth0\"  NetworkName:\"aws-cni\"  K8S_POD_UID:\"d5824255-e9c5-48aa-b8b8-9ad5649ef2d7\""}
{"level":"debug","ts":"2026-10-05T08:42:59.487Z","caller":"ipamd/rpc_handler.go:353","msg":"UnassignPodIPAddress: IP address pool stats: total 0, assigned 0, sandbox aws-cni/2d37134cf9891e7e788bc8feff3623f0af128e7ac27e8c186d502f5ef93e0709/eth0"}
{"level":"debug","ts":"2026-10-05T08:42:59.487Z","caller":"ipamd/rpc_handler.go:353","msg":"UnassignPodIPAddress: Failed to find IPAM entry under full key, trying CRI-migrated version"}
{"level":"warn","ts":"2026-10-05T08:42:59.487Z","caller":"ipamd/rpc_handler.go:353","msg":"UnassignPodIPAddress: Failed to find sandbox _migrated-from-cri/2d37134cf9891e7e788bc8feff3623f0af128e7ac27e8c186d502f5ef93e0709/unknown"}
{"level":"info","ts":"2026-10-05T08:42:59.487Z","caller":"rpc/rpc_grpc.pb.go:135","msg":"Send DelNetworkReply: IPAddress: [], err: 1 error occurred:\n\t* datastore: unknown pod\n\n"}
{"level":"debug","ts":"2026-10-05T08:42:59.657Z","caller":"awsutils/awsutils.go:2174","msg":"checkAPIErrorAndBroadcastEvent resulted in operation error EC2: AssignPrivateIpAddresses, https response error StatusCode: 400, RequestID: 09adc3fc-9171-4a53-a7bf-b4b129bf2c86, api error InsufficientCidrBlocks: The specified subnet does not have enough free cidr blocks to satisfy the request."}
{"level":"error","ts":"2026-10-05T08:42:59.657Z","caller":"ipamd/ipamd.go:1255","msg":"Failed to allocate a private IP/Prefix addresses on ENI eni-EXAMPLE20: operation error EC2: AssignPrivateIpAddresses, https response error StatusCode: 400, RequestID: 09adc3fc-9171-4a53-a7bf-b4b129bf2c86, api error InsufficientCidrBlocks: The specified subnet does not have enough free cidr blocks to satisfy the request."}
{"level":"debug","ts":"2026-10-05T08:42:59.657Z","caller":"ipamd/ipamd.go:1256","msg":"containsPrivateIPAddressLimitExceededError encountered operation error EC2: AssignPrivateIpAddresses, https response error StatusCode: 400, RequestID: 09adc3fc-9171-4a53-a7bf-b4b129bf2c86, api error InsufficientCidrBlocks: The specified subnet does not have enough free cidr blocks to satisfy the request."}
{"level":"warn","ts":"2026-10-05T08:42:59.657Z","caller":"ipamd/ipamd.go:1113","msg":"failed to allocate all available IPv4 Prefixes on ENI eni-EXAMPLE20, err: operation error EC2: AssignPrivateIpAddresses, https response error StatusCode: 400, RequestID: 09adc3fc-9171-4a53-a7bf-b4b129bf2c86, api error InsufficientCidrBlocks: The specified subnet does not have enough free cidr blocks to satisfy the request."}
{"level":"info","ts":"2026-10-05T08:42:59.657Z","caller":"ipamd/ipamd.go:1259","msg":"Trying to allocate 1 IP addresses on ENI eni-EXAMPLE20"}
{"level":"debug","ts":"2026-10-05T08:42:59.657Z","caller":"ipamd/ipamd.go:1259","msg":"PD enabled - true"}
{"level":"debug","ts":"2026-10-05T08:43:00.053Z","caller":"awsutils/awsutils.go:2174","msg":"checkAPIErrorAndBroadcastEvent resulted in operation error EC2: AssignPrivateIpAddresses, https response error StatusCode: 400, RequestID: b55df374-0f14-41c4-b04d-0c5764c02366, api error InsufficientCidrBlocks: The specified subnet does not have enough free cidr blocks to satisfy the request."}
{"level":"error","ts":"2026-10-05T08:43:00.053Z","caller":"ipamd/ipamd.go:1259","msg":"Failed to allocate a private IP/Prefix addresses on ENI eni-EXAMPLE20: operation error EC2: AssignPrivateIpAddresses, https response error StatusCode: 400, RequestID: b55df374-0f14-41c4-b04d-0c5764c02366, api error InsufficientCidrBlocks: The specified subnet does not have enough free cidr blocks to satisfy the request."}
{"level":"debug","ts":"2026-10-05T08:43:00.053Z","caller":"ipamd/ipamd.go:1260","msg":"containsPrivateIPAddressLimitExceededError encountered operation error EC2: AssignPrivateIpAddresses, https response error StatusCode: 400, RequestID: b55df374-0f14-41c4-b04d-0c5764c02366, api error InsufficientCidrBlocks: The specified subnet does not have enough free cidr blocks to satisfy the request."}
{"level":"debug","ts":"2026-10-05T08:43:00.053Z","caller":"ipamd/ipamd.go:1262","msg":"containsInsufficientCIDRsOrSubnetIPs encountered operation error EC2: AssignPrivateIpAddresses, https response error StatusCode: 400, RequestID: b55df374-0f14-41c4-b04d-0c5764c02366, api error InsufficientCidrBlocks: The specified subnet does not have enough free cidr blocks to satisfy the request."}
{"level":"debug","ts":"2026-10-05T08:43:00.053Z","caller":"ipamd/ipamd.go:1262","msg":"Insufficient IP Addresses due to: InsufficientCidrBlocks\n"}
{"level":"debug","ts":"2026-10-05T08:43:00.053Z","caller":"ipamd/ipamd.go:1003","msg":"hasRoomForEni: networkCard=0, currentENIs=1, currentUsableENIs=1, maxENI=3, unmanagedENI=0, trunkEni=0, excludedENI=0, hasRoom=true"}
{"level":"debug","ts":"2026-10-05T08:43:00.054Z","caller":"ipamd/ipamd.go:2758","msg":"Prefix target is 1, short of 1 prefixes, free 0 prefixes"}
{"level":"debug","ts":"2026-10-05T08:43:00.054Z","caller":"ipamd/ipamd.go:2595","msg":"ToAllocate: 1, Network Card 0"}
{"level":"info","ts":"2026-10-05T08:43:00.054Z","caller":"awsutils/awsutils.go:1044","msg":"Trying to allocate 1 IP addresses on new ENI"}
{"level":"debug","ts":"2026-10-05T08:43:00.054Z","caller":"awsutils/awsutils.go:1044","msg":"PD enabled - true"}
{"level":"debug","ts":"2026-10-05T08:43:00.138Z","caller":"awsutils/awsutils.go:1272","msg":"Primary subnet subnet-EXAMPLE4 has no kubernetes.io/role/cni tag, including it for ENI creation (backwards compatibility)"}
{"level":"info","ts":"2026-10-05T08:43:00.139Z","caller":"awsutils/awsutils.go:1044","msg":"Creating ENI with security groups: [sg-EXAMPLE1] in subnet: subnet-EXAMPLE4"}
{"level":"debug","ts":"2026-10-05T08:43:00.356Z","caller":"awsutils/awsutils.go:1449","msg":"checkAPIErrorAndBroadcastEvent resulted in operation error EC2: CreateNetworkInterface, https response error StatusCode: 400, RequestID: 0ce29893-5740-4612-ab2b-e91c5dd8f5e1, api error InvalidParameterValue: There aren't sufficient free Ipv4 addresses or prefixes"}
{"level":"error","ts":"2026-10-05T08:43:00.356Z","caller":"awsutils/awsutils.go:1285","msg":"Failed to CreateNetworkInterface operation error EC2: CreateNetworkInterface, https response error StatusCode: 400, RequestID: 0ce29893-5740-4612-ab2b-e91c5dd8f5e1, api error InvalidParameterValue: There aren't sufficient free Ipv4 addresses or prefixes for subnet subnet-EXAMPLE4"}
{"level":"debug","ts":"2026-10-05T08:43:00.356Z","caller":"awsutils/awsutils.go:1272","msg":"Subnet subnet-EXAMPLE3 has no kubernetes.io/role/cni tag, excluding it from ENI creation"}
{"level":"error","ts":"2026-10-05T08:43:00.356Z","caller":"ipamd/ipamd.go:1004","msg":"Failed to increase pool size due to not able to allocate ENI AllocENI: failed to create ENI: failed to create network interface: operation error EC2: CreateNetworkInterface, https response error StatusCode: 400, RequestID: 0ce29893-5740-4612-ab2b-e91c5dd8f5e1, api error InvalidParameterValue: There aren't sufficient free Ipv4 addresses or prefixes"}
{"level":"warn","ts":"2026-10-05T08:43:00.356Z","caller":"ipamd/ipamd.go:1004","msg":"Failed to allocate 1 IP addresses on an ENI: AllocENI: failed to create ENI: failed to create network interface: operation error EC2: CreateNetworkInterface, https response error StatusCode: 400, RequestID: 0ce29893-5740-4612-ab2b-e91c5dd8f5e1, api error InvalidParameterValue: There aren't sufficient free Ipv4 addresses or prefixes"}
{"level":"debug","ts":"2026-10-05T08:43:00.356Z","caller":"ipamd/ipamd.go:1082","msg":"containsInsufficientCIDRsOrSubnetIPs encountered AllocENI: failed to create ENI: failed to create network interface: operation error EC2: CreateNetworkInterface, https response error StatusCode: 400, RequestID: 0ce29893-5740-4612-ab2b-e91c5dd8f5e1, api error InvalidParameterValue: There aren't sufficient free Ipv4 addresses or prefixes"}
{"level":"debug","ts":"2026-10-05T08:43:00.356Z","caller":"ipamd/ipamd.go:1082","msg":"Insufficient IP Addresses due to: InvalidParameterValue\n"}
{"level":"debug","ts":"2026-10-05T08:43:00.356Z","caller":"ipamd/ipamd.go:813","msg":"Error trying to allocate ENI: AllocENI: failed to create ENI: failed to create network interface: operation error EC2: CreateNetworkInterface, https response error StatusCode: 400, RequestID: 0ce29893-5740-4612-ab2b-e91c5dd8f5e1, api error InvalidParameterValue: There aren't sufficient free Ipv4 addresses or prefixes"}
{"level":"debug","ts":"2026-10-05T08:43:00.356Z","caller":"ipamd/ipamd.go:1548","msg":"ENI eni-EXAMPLE20 cannot be deleted because it is primary"}
{"level":"info","ts":"2026-10-05T08:43:00.449Z","caller":"rpc/rpc_grpc.pb.go:117","msg":"Received AddNetwork for NS /var/run/netns/cni-96c61959-2563-8578-9177-241bbf5bbc8a, Sandbox 74b9f70a432fbe948f6dc7cdac915634cce8dfe5dfa599b60b850beadf124ebb, ifname eth0"}
{"level":"debug","ts":"2026-10-05T08:43:00.449Z","caller":"rpc/rpc_grpc.pb.go:117","msg":"AddNetworkRequest: K8S_POD_NAME:\"pause-68d5b89fc-cc6lc\"  K8S_POD_NAMESPACE:\"default\"  K8S_POD_INFRA_CONTAINER_ID:\"74b9f70a432fbe948f6dc7cdac915634cce8dfe5dfa599b60b850beadf124ebb\"  ContainerID:\"74b9f70a432fbe948f6dc7cdac915634cce8dfe5dfa599b60b850beadf124ebb\"  IfName:\"eth0\"  NetworkName:\"aws-cni\"  Netns:\"/var/run/netns/cni-96c61959-2563-8578-9177-241bbf5bbc8a\""}
{"level":"info","ts":"2026-10-05T08:43:00.449Z","caller":"rpc/rpc_grpc.pb.go:117","msg":"Required MultiNIC access false, interfaces required 1"}
{"level":"debug","ts":"2026-10-05T08:43:00.449Z","caller":"datastore/data_store.go:713","msg":"AssignPodIPv4Address: IP address pool stats: total 0, assigned 0"}
{"level":"debug","ts":"2026-10-05T08:43:00.449Z","caller":"datastore/data_store.go:713","msg":"AssignPodIPv4Address: ENI eni-EXAMPLE20 does not have available addresses"}
{"level":"error","ts":"2026-10-05T08:43:00.449Z","caller":"datastore/data_store.go:713","msg":"DataStore has no available IP/Prefix addresses"}
{"level":"warn","ts":"2026-10-05T08:43:00.449Z","caller":"rpc/rpc_grpc.pb.go:117","msg":"Failed to assign IPs from network card 0: AssignPodIPAddress: no available IP/Prefix addresses"}
{"level":"error","ts":"2026-10-05T08:43:00.449Z","caller":"rpc/rpc_grpc.pb.go:117","msg":"Returning failure response for AddNetwork: 1 error occurred:\n\t* AssignPodIPAddress: no available IP/Prefix addresses\n\n"}
{"level":"info","ts":"2026-10-05T08:43:00.449Z","caller":"rpc/rpc_grpc.pb.go:117","msg":"Send AddNetworkReply: Success: false IPAddr: [], resp: , err: AssignPodIPAddress: no available IP/Prefix addresses"}
{"level":"info","ts":"2026-10-05T08:43:00.474Z","caller":"rpc/rpc_grpc.pb.go:135","msg":"Received DelNetwork for Sandbox 74b9f70a432fbe948f6dc7cdac915634cce8dfe5dfa599b60b850beadf124ebb"}
{"level":"debug","ts":"2026-10-05T08:43:00.474Z","caller":"rpc/rpc_grpc.pb.go:135","msg":"DelNetworkRequest: K8S_POD_NAME:\"pause-68d5b89fc-cc6lc\"  K8S_POD_NAMESPACE:\"default\"  K8S_POD_INFRA_CONTAINER_ID:\"74b9f70a432fbe948f6dc7cdac915634cce8dfe5dfa599b60b850beadf124ebb\"  Reason:\"PodDeleted\"  ContainerID:\"74b9f70a432fbe948f6dc7cdac915634cce8dfe5dfa599b60b850beadf124ebb\"  IfName:\"eth0\"  NetworkName:\"aws-cni\"  K8S_POD_UID:\"9c500403-1eff-4562-9498-16be317f6e12\""}
{"level":"debug","ts":"2026-10-05T08:43:00.474Z","caller":"ipamd/rpc_handler.go:353","msg":"UnassignPodIPAddress: IP address pool stats: total 0, assigned 0, sandbox aws-cni/74b9f70a432fbe948f6dc7cdac915634cce8dfe5dfa599b60b850beadf124ebb/eth0"}
{"level":"debug","ts":"2026-10-05T08:43:00.474Z","caller":"ipamd/rpc_handler.go:353","msg":"UnassignPodIPAddress: Failed to find IPAM entry under full key, trying CRI-migrated version"}
{"level":"warn","ts":"2026-10-05T08:43:00.474Z","caller":"ipamd/rpc_handler.go:353","msg":"UnassignPodIPAddress: Failed to find sandbox _migrated-from-cri/74b9f70a432fbe948f6dc7cdac915634cce8dfe5dfa599b60b850beadf124ebb/unknown"}
{"level":"info","ts":"2026-10-05T08:43:00.474Z","caller":"rpc/rpc_grpc.pb.go:135","msg":"Send DelNetworkReply: IPAddress: [], err: 1 error occurred:\n\t* datastore: unknown pod\n\n"}
{"level":"debug","ts":"2026-10-05T08:43:05.358Z","caller":"ipamd/ipamd.go:809","msg":"IP pool is too low for Network Card 0: available (0) < ENI target (1) * addrsPerENI (16)"}
{"level":"debug","ts":"2026-10-05T08:43:05.358Z","caller":"ipamd/ipamd.go:2689","msg":"Prefix pool stats for network card 0: Total IPs/Prefixes = 0/0, AssignedIPs/CooldownIPs: 0/0, c.maxIPsPerENI = 80"}
{"level":"debug","ts":"2026-10-05T08:43:05.358Z","caller":"ipamd/ipamd.go:795","msg":"IP stats for Network Card 0 - total IPs: 0, assigned IPs: 0, cooldown IPs: 0"}
{"level":"debug","ts":"2026-10-05T08:43:05.358Z","caller":"ipamd/ipamd.go:813","msg":"Starting to increase pool size for network card 0"}
{"level":"debug","ts":"2026-10-05T08:43:05.358Z","caller":"ipamd/ipamd.go:966","msg":"Node found \"ip-10-20-0-29.ec2.internal\" - no of taints - 0"}
{"level":"debug","ts":"2026-10-05T08:43:05.358Z","caller":"ipamd/ipamd.go:2758","msg":"Prefix target is 1, short of 1 prefixes, free 0 prefixes"}
{"level":"debug","ts":"2026-10-05T08:43:05.358Z","caller":"ipamd/ipamd.go:1248","msg":"ToAllocate: 1, Network Card 0"}
{"level":"debug","ts":"2026-10-05T08:43:05.358Z","caller":"ipamd/ipamd.go:1251","msg":"Found ENI eni-EXAMPLE20 that has less than the maximum number of IP/Prefixes addresses allocated: cur=0, max=5"}
{"level":"info","ts":"2026-10-05T08:43:05.358Z","caller":"ipamd/ipamd.go:1255","msg":"Trying to allocate 1 IP addresses on ENI eni-EXAMPLE20"}
{"level":"debug","ts":"2026-10-05T08:43:05.358Z","caller":"ipamd/ipamd.go:1255","msg":"PD enabled - true"}
{"level":"debug","ts":"2026-10-05T08:43:05.779Z","caller":"awsutils/awsutils.go:2174","msg":"checkAPIErrorAndBroadcastEvent resulted in operation error EC2: AssignPrivateIpAddresses, https response error StatusCode: 400, RequestID: 78085fbf-5fca-4345-a94e-254400fde090, api error InsufficientCidrBlocks: The specified subnet does not have enough free cidr blocks to satisfy the request."}
{"level":"error","ts":"2026-10-05T08:43:05.779Z","caller":"ipamd/ipamd.go:1255","msg":"Failed to allocate a private IP/Prefix addresses on ENI eni-EXAMPLE20: operation error EC2: AssignPrivateIpAddresses, https response error StatusCode: 400, RequestID: 78085fbf-5fca-4345-a94e-254400fde090, api error InsufficientCidrBlocks: The specified subnet does not have enough free cidr blocks to satisfy the request."}
{"level":"debug","ts":"2026-10-05T08:43:05.779Z","caller":"ipamd/ipamd.go:1256","msg":"containsPrivateIPAddressLimitExceededError encountered operation error EC2: AssignPrivateIpAddresses, https response error StatusCode: 400, RequestID: 78085fbf-5fca-4345-a94e-254400fde090, api error InsufficientCidrBlocks: The specified subnet does not have enough free cidr blocks to satisfy the request."}
{"level":"warn","ts":"2026-10-05T08:43:05.779Z","caller":"ipamd/ipamd.go:1113","msg":"failed to allocate all available IPv4 Prefixes on ENI eni-EXAMPLE20, err: operation error EC2: AssignPrivateIpAddresses, https response error StatusCode: 400, RequestID: 78085fbf-5fca-4345-a94e-254400fde090, api error InsufficientCidrBlocks: The specified subnet does not have enough free cidr blocks to satisfy the request."}
{"level":"info","ts":"2026-10-05T08:43:05.779Z","caller":"ipamd/ipamd.go:1259","msg":"Trying to allocate 1 IP addresses on ENI eni-EXAMPLE20"}
{"level":"debug","ts":"2026-10-05T08:43:05.779Z","caller":"ipamd/ipamd.go:1259","msg":"PD enabled - true"}
{"level":"debug","ts":"2026-10-05T08:43:06.193Z","caller":"awsutils/awsutils.go:2174","msg":"checkAPIErrorAndBroadcastEvent resulted in operation error EC2: AssignPrivateIpAddresses, https response error StatusCode: 400, RequestID: a8f45236-6d67-4e7d-9bfb-418d156bac30, api error InsufficientCidrBlocks: The specified subnet does not have enough free cidr blocks to satisfy the request."}
{"level":"error","ts":"2026-10-05T08:43:06.194Z","caller":"ipamd/ipamd.go:1259","msg":"Failed to allocate a private IP/Prefix addresses on ENI eni-EXAMPLE20: operation error EC2: AssignPrivateIpAddresses, https response error StatusCode: 400, RequestID: a8f45236-6d67-4e7d-9bfb-418d156bac30, api error InsufficientCidrBlocks: The specified subnet does not have enough free cidr blocks to satisfy the request."}
{"level":"debug","ts":"2026-10-05T08:43:06.194Z","caller":"ipamd/ipamd.go:1260","msg":"containsPrivateIPAddressLimitExceededError encountered operation error EC2: AssignPrivateIpAddresses, https response error StatusCode: 400, RequestID: a8f45236-6d67-4e7d-9bfb-418d156bac30, api error InsufficientCidrBlocks: The specified subnet does not have enough free cidr blocks to satisfy the request."}
{"level":"debug","ts":"2026-10-05T08:43:06.194Z","caller":"ipamd/ipamd.go:1262","msg":"containsInsufficientCIDRsOrSubnetIPs encountered operation error EC2: AssignPrivateIpAddresses, https response error StatusCode: 400, RequestID: a8f45236-6d67-4e7d-9bfb-418d156bac30, api error InsufficientCidrBlocks: The specified subnet does not have enough free cidr blocks to satisfy the request."}
{"level":"debug","ts":"2026-10-05T08:43:06.194Z","caller":"ipamd/ipamd.go:1262","msg":"Insufficient IP Addresses due to: InsufficientCidrBlocks\n"}
{"level":"debug","ts":"2026-10-05T08:43:06.194Z","caller":"ipamd/ipamd.go:1003","msg":"hasRoomForEni: networkCard=0, currentENIs=1, currentUsableENIs=1, maxENI=3, unmanagedENI=0, trunkEni=0, excludedENI=0, hasRoom=true"}
{"level":"debug","ts":"2026-10-05T08:43:06.194Z","caller":"ipamd/ipamd.go:2758","msg":"Prefix target is 1, short of 1 prefixes, free 0 prefixes"}
{"level":"debug","ts":"2026-10-05T08:43:06.194Z","caller":"ipamd/ipamd.go:2595","msg":"ToAllocate: 1, Network Card 0"}
{"level":"info","ts":"2026-10-05T08:43:06.194Z","caller":"awsutils/awsutils.go:1044","msg":"Trying to allocate 1 IP addresses on new ENI"}
{"level":"debug","ts":"2026-10-05T08:43:06.194Z","caller":"awsutils/awsutils.go:1044","msg":"PD enabled - true"}
{"level":"debug","ts":"2026-10-05T08:43:06.370Z","caller":"awsutils/awsutils.go:1272","msg":"Primary subnet subnet-EXAMPLE4 has no kubernetes.io/role/cni tag, including it for ENI creation (backwards compatibility)"}
{"level":"info","ts":"2026-10-05T08:43:06.370Z","caller":"awsutils/awsutils.go:1044","msg":"Creating ENI with security groups: [sg-EXAMPLE1] in subnet: subnet-EXAMPLE4"}
{"level":"debug","ts":"2026-10-05T08:43:06.592Z","caller":"awsutils/awsutils.go:1449","msg":"checkAPIErrorAndBroadcastEvent resulted in operation error EC2: CreateNetworkInterface, https response error StatusCode: 400, RequestID: 229eb5d8-e072-47cd-81ea-038cb91ea87e, api error InvalidParameterValue: There aren't sufficient free Ipv4 addresses or prefixes"}
{"level":"error","ts":"2026-10-05T08:43:06.592Z","caller":"awsutils/awsutils.go:1285","msg":"Failed to CreateNetworkInterface operation error EC2: CreateNetworkInterface, https response error StatusCode: 400, RequestID: 229eb5d8-e072-47cd-81ea-038cb91ea87e, api error InvalidParameterValue: There aren't sufficient free Ipv4 addresses or prefixes for subnet subnet-EXAMPLE4"}
{"level":"debug","ts":"2026-10-05T08:43:06.592Z","caller":"awsutils/awsutils.go:1272","msg":"Subnet subnet-EXAMPLE3 has no kubernetes.io/role/cni tag, excluding it from ENI creation"}
{"level":"error","ts":"2026-10-05T08:43:06.592Z","caller":"ipamd/ipamd.go:1004","msg":"Failed to increase pool size due to not able to allocate ENI AllocENI: failed to create ENI: failed to create network interface: operation error EC2: CreateNetworkInterface, https response error StatusCode: 400, RequestID: 229eb5d8-e072-47cd-81ea-038cb91ea87e, api error InvalidParameterValue: There aren't sufficient free Ipv4 addresses or prefixes"}
{"level":"warn","ts":"2026-10-05T08:43:06.592Z","caller":"ipamd/ipamd.go:1004","msg":"Failed to allocate 1 IP addresses on an ENI: AllocENI: failed to create ENI: failed to create network interface: operation error EC2: CreateNetworkInterface, https response error StatusCode: 400, RequestID: 229eb5d8-e072-47cd-81ea-038cb91ea87e, api error InvalidParameterValue: There aren't sufficient free Ipv4 addresses or prefixes"}
{"level":"debug","ts":"2026-10-05T08:43:06.592Z","caller":"ipamd/ipamd.go:1082","msg":"containsInsufficientCIDRsOrSubnetIPs encountered AllocENI: failed to create ENI: failed to create network interface: operation error EC2: CreateNetworkInterface, https response error StatusCode: 400, RequestID: 229eb5d8-e072-47cd-81ea-038cb91ea87e, api error InvalidParameterValue: There aren't sufficient free Ipv4 addresses or prefixes"}
{"level":"debug","ts":"2026-10-05T08:43:06.592Z","caller":"ipamd/ipamd.go:1082","msg":"Insufficient IP Addresses due to: InvalidParameterValue\n"}
{"level":"debug","ts":"2026-10-05T08:43:06.592Z","caller":"ipamd/ipamd.go:813","msg":"Error trying to allocate ENI: AllocENI: failed to create ENI: failed to create network interface: operation error EC2: CreateNetworkInterface, https response error StatusCode: 400, RequestID: 229eb5d8-e072-47cd-81ea-038cb91ea87e, api error InvalidParameterValue: There aren't sufficient free Ipv4 addresses or prefixes"}
{"level":"debug","ts":"2026-10-05T08:43:06.592Z","caller":"ipamd/ipamd.go:1548","msg":"ENI eni-EXAMPLE20 cannot be deleted because it is primary"}
{"level":"debug","ts":"2026-10-05T08:43:11.593Z","caller":"ipamd/ipamd.go:809","msg":"IP pool is too low for Network Card 0: available (0) < ENI target (1) * addrsPerENI (16)"}
{"level":"debug","ts":"2026-10-05T08:43:11.593Z","caller":"ipamd/ipamd.go:2689","msg":"Prefix pool stats for network card 0: Total IPs/Prefixes = 0/0, AssignedIPs/CooldownIPs: 0/0, c.maxIPsPerENI = 80"}
{"level":"debug","ts":"2026-10-05T08:43:11.593Z","caller":"ipamd/ipamd.go:795","msg":"IP stats for Network Card 0 - total IPs: 0, assigned IPs: 0, cooldown IPs: 0"}
{"level":"debug","ts":"2026-10-05T08:43:11.593Z","caller":"ipamd/ipamd.go:813","msg":"Starting to increase pool size for network card 0"}
{"level":"debug","ts":"2026-10-05T08:43:11.593Z","caller":"ipamd/ipamd.go:966","msg":"Node found \"ip-10-20-0-29.ec2.internal\" - no of taints - 0"}
{"level":"debug","ts":"2026-10-05T08:43:11.593Z","caller":"ipamd/ipamd.go:2758","msg":"Prefix target is 1, short of 1 prefixes, free 0 prefixes"}
{"level":"debug","ts":"2026-10-05T08:43:11.593Z","caller":"ipamd/ipamd.go:1248","msg":"ToAllocate: 1, Network Card 0"}
{"level":"debug","ts":"2026-10-05T08:43:11.593Z","caller":"ipamd/ipamd.go:1251","msg":"Found ENI eni-EXAMPLE20 that has less than the maximum number of IP/Prefixes addresses allocated: cur=0, max=5"}
{"level":"info","ts":"2026-10-05T08:43:11.593Z","caller":"ipamd/ipamd.go:1255","msg":"Trying to allocate 1 IP addresses on ENI eni-EXAMPLE20"}
{"level":"debug","ts":"2026-10-05T08:43:11.593Z","caller":"ipamd/ipamd.go:1255","msg":"PD enabled - true"}
{"level":"debug","ts":"2026-10-05T08:43:12.010Z","caller":"awsutils/awsutils.go:2174","msg":"checkAPIErrorAndBroadcastEvent resulted in operation error EC2: AssignPrivateIpAddresses, https response error StatusCode: 400, RequestID: 55014a40-4c44-46cb-a207-ab27ba2e9399, api error InsufficientCidrBlocks: The specified subnet does not have enough free cidr blocks to satisfy the request."}
{"level":"error","ts":"2026-10-05T08:43:12.010Z","caller":"ipamd/ipamd.go:1255","msg":"Failed to allocate a private IP/Prefix addresses on ENI eni-EXAMPLE20: operation error EC2: AssignPrivateIpAddresses, https response error StatusCode: 400, RequestID: 55014a40-4c44-46cb-a207-ab27ba2e9399, api error InsufficientCidrBlocks: The specified subnet does not have enough free cidr blocks to satisfy the request."}
{"level":"debug","ts":"2026-10-05T08:43:12.010Z","caller":"ipamd/ipamd.go:1256","msg":"containsPrivateIPAddressLimitExceededError encountered operation error EC2: AssignPrivateIpAddresses, https response error StatusCode: 400, RequestID: 55014a40-4c44-46cb-a207-ab27ba2e9399, api error InsufficientCidrBlocks: The specified subnet does not have enough free cidr blocks to satisfy the request."}
{"level":"warn","ts":"2026-10-05T08:43:12.010Z","caller":"ipamd/ipamd.go:1113","msg":"failed to allocate all available IPv4 Prefixes on ENI eni-EXAMPLE20, err: operation error EC2: AssignPrivateIpAddresses, https response error StatusCode: 400, RequestID: 55014a40-4c44-46cb-a207-ab27ba2e9399, api error InsufficientCidrBlocks: The specified subnet does not have enough free cidr blocks to satisfy the request."}
{"level":"info","ts":"2026-10-05T08:43:12.010Z","caller":"ipamd/ipamd.go:1259","msg":"Trying to allocate 1 IP addresses on ENI eni-EXAMPLE20"}
{"level":"debug","ts":"2026-10-05T08:43:12.010Z","caller":"ipamd/ipamd.go:1259","msg":"PD enabled - true"}
{"level":"debug","ts":"2026-10-05T08:43:12.448Z","caller":"awsutils/awsutils.go:2174","msg":"checkAPIErrorAndBroadcastEvent resulted in operation error EC2: AssignPrivateIpAddresses, https response error StatusCode: 400, RequestID: ea39f221-072d-4963-a97a-c4c436c3001a, api error InsufficientCidrBlocks: The specified subnet does not have enough free cidr blocks to satisfy the request."}
{"level":"error","ts":"2026-10-05T08:43:12.448Z","caller":"ipamd/ipamd.go:1259","msg":"Failed to allocate a private IP/Prefix addresses on ENI eni-EXAMPLE20: operation error EC2: AssignPrivateIpAddresses, https response error StatusCode: 400, RequestID: ea39f221-072d-4963-a97a-c4c436c3001a, api error InsufficientCidrBlocks: The specified subnet does not have enough free cidr blocks to satisfy the request."}
{"level":"debug","ts":"2026-10-05T08:43:12.449Z","caller":"ipamd/ipamd.go:1260","msg":"containsPrivateIPAddressLimitExceededError encountered operation error EC2: AssignPrivateIpAddresses, https response error StatusCode: 400, RequestID: ea39f221-072d-4963-a97a-c4c436c3001a, api error InsufficientCidrBlocks: The specified subnet does not have enough free cidr blocks to satisfy the request."}
{"level":"debug","ts":"2026-10-05T08:43:12.449Z","caller":"ipamd/ipamd.go:1262","msg":"containsInsufficientCIDRsOrSubnetIPs encountered operation error EC2: AssignPrivateIpAddresses, https response error StatusCode: 400, RequestID: ea39f221-072d-4963-a97a-c4c436c3001a, api error InsufficientCidrBlocks: The specified subnet does not have enough free cidr blocks to satisfy the request."}
{"level":"debug","ts":"2026-10-05T08:43:12.449Z","caller":"ipamd/ipamd.go:1262","msg":"Insufficient IP Addresses due to: InsufficientCidrBlocks\n"}
{"level":"debug","ts":"2026-10-05T08:43:12.449Z","caller":"ipamd/ipamd.go:1003","msg":"hasRoomForEni: networkCard=0, currentENIs=1, currentUsableENIs=1, maxENI=3, unmanagedENI=0, trunkEni=0, excludedENI=0, hasRoom=true"}
{"level":"debug","ts":"2026-10-05T08:43:12.449Z","caller":"ipamd/ipamd.go:2758","msg":"Prefix target is 1, short of 1 prefixes, free 0 prefixes"}
{"level":"debug","ts":"2026-10-05T08:43:12.449Z","caller":"ipamd/ipamd.go:2595","msg":"ToAllocate: 1, Network Card 0"}
{"level":"info","ts":"2026-10-05T08:43:12.449Z","caller":"awsutils/awsutils.go:1044","msg":"Trying to allocate 1 IP addresses on new ENI"}
{"level":"debug","ts":"2026-10-05T08:43:12.449Z","caller":"awsutils/awsutils.go:1044","msg":"PD enabled - true"}
{"level":"info","ts":"2026-10-05T08:43:12.451Z","caller":"rpc/rpc_grpc.pb.go:117","msg":"Received AddNetwork for NS /var/run/netns/cni-b56bfcfb-40a7-a9a9-af12-484aeaece620, Sandbox 8d19c90310e0d6b8fcfdac9a34ee9a6907551711c334c00bfcd3b36aae309102, ifname eth0"}
{"level":"debug","ts":"2026-10-05T08:43:12.451Z","caller":"rpc/rpc_grpc.pb.go:117","msg":"AddNetworkRequest: K8S_POD_NAME:\"pause-68d5b89fc-cc6lc\"  K8S_POD_NAMESPACE:\"default\"  K8S_POD_INFRA_CONTAINER_ID:\"8d19c90310e0d6b8fcfdac9a34ee9a6907551711c334c00bfcd3b36aae309102\"  ContainerID:\"8d19c90310e0d6b8fcfdac9a34ee9a6907551711c334c00bfcd3b36aae309102\"  IfName:\"eth0\"  NetworkName:\"aws-cni\"  Netns:\"/var/run/netns/cni-b56bfcfb-40a7-a9a9-af12-484aeaece620\""}
{"level":"info","ts":"2026-10-05T08:43:12.451Z","caller":"rpc/rpc_grpc.pb.go:117","msg":"Required MultiNIC access false, interfaces required 1"}
{"level":"debug","ts":"2026-10-05T08:43:12.451Z","caller":"datastore/data_store.go:713","msg":"AssignPodIPv4Address: IP address pool stats: total 0, assigned 0"}
{"level":"debug","ts":"2026-10-05T08:43:12.451Z","caller":"datastore/data_store.go:713","msg":"AssignPodIPv4Address: ENI eni-EXAMPLE20 does not have available addresses"}
{"level":"error","ts":"2026-10-05T08:43:12.451Z","caller":"datastore/data_store.go:713","msg":"DataStore has no available IP/Prefix addresses"}
{"level":"warn","ts":"2026-10-05T08:43:12.451Z","caller":"rpc/rpc_grpc.pb.go:117","msg":"Failed to assign IPs from network card 0: AssignPodIPAddress: no available IP/Prefix addresses"}
{"level":"error","ts":"2026-10-05T08:43:12.451Z","caller":"rpc/rpc_grpc.pb.go:117","msg":"Returning failure response for AddNetwork: 1 error occurred:\n\t* AssignPodIPAddress: no available IP/Prefix addresses\n\n"}
{"level":"info","ts":"2026-10-05T08:43:12.451Z","caller":"rpc/rpc_grpc.pb.go:117","msg":"Send AddNetworkReply: Success: false IPAddr: [], resp: , err: AssignPodIPAddress: no available IP/Prefix addresses"}
{"level":"info","ts":"2026-10-05T08:43:12.477Z","caller":"rpc/rpc_grpc.pb.go:135","msg":"Received DelNetwork for Sandbox 8d19c90310e0d6b8fcfdac9a34ee9a6907551711c334c00bfcd3b36aae309102"}
{"level":"debug","ts":"2026-10-05T08:43:12.477Z","caller":"rpc/rpc_grpc.pb.go:135","msg":"DelNetworkRequest: K8S_POD_NAME:\"pause-68d5b89fc-cc6lc\"  K8S_POD_NAMESPACE:\"default\"  K8S_POD_INFRA_CONTAINER_ID:\"8d19c90310e0d6b8fcfdac9a34ee9a6907551711c334c00bfcd3b36aae309102\"  Reason:\"PodDeleted\"  ContainerID:\"8d19c90310e0d6b8fcfdac9a34ee9a6907551711c334c00bfcd3b36aae309102\"  IfName:\"eth0\"  NetworkName:\"aws-cni\"  K8S_POD_UID:\"9c500403-1eff-4562-9498-16be317f6e12\""}
{"level":"debug","ts":"2026-10-05T08:43:12.477Z","caller":"ipamd/rpc_handler.go:353","msg":"UnassignPodIPAddress: IP address pool stats: total 0, assigned 0, sandbox aws-cni/8d19c90310e0d6b8fcfdac9a34ee9a6907551711c334c00bfcd3b36aae309102/eth0"}
{"level":"debug","ts":"2026-10-05T08:43:12.477Z","caller":"ipamd/rpc_handler.go:353","msg":"UnassignPodIPAddress: Failed to find IPAM entry under full key, trying CRI-migrated version"}
{"level":"warn","ts":"2026-10-05T08:43:12.477Z","caller":"ipamd/rpc_handler.go:353","msg":"UnassignPodIPAddress: Failed to find sandbox _migrated-from-cri/8d19c90310e0d6b8fcfdac9a34ee9a6907551711c334c00bfcd3b36aae309102/unknown"}
{"level":"info","ts":"2026-10-05T08:43:12.477Z","caller":"rpc/rpc_grpc.pb.go:135","msg":"Send DelNetworkReply: IPAddress: [], err: 1 error occurred:\n\t* datastore: unknown pod\n\n"}
{"level":"debug","ts":"2026-10-05T08:43:12.622Z","caller":"awsutils/awsutils.go:1272","msg":"Primary subnet subnet-EXAMPLE4 has no kubernetes.io/role/cni tag, including it for ENI creation (backwards compatibility)"}
{"level":"info","ts":"2026-10-05T08:43:12.622Z","caller":"awsutils/awsutils.go:1044","msg":"Creating ENI with security groups: [sg-EXAMPLE1] in subnet: subnet-EXAMPLE4"}
{"level":"debug","ts":"2026-10-05T08:43:12.868Z","caller":"awsutils/awsutils.go:1449","msg":"checkAPIErrorAndBroadcastEvent resulted in operation error EC2: CreateNetworkInterface, https response error StatusCode: 400, RequestID: 1e622dbc-f0af-43eb-8d1e-c4e708f89f63, api error InvalidParameterValue: There aren't sufficient free Ipv4 addresses or prefixes"}
{"level":"error","ts":"2026-10-05T08:43:12.868Z","caller":"awsutils/awsutils.go:1285","msg":"Failed to CreateNetworkInterface operation error EC2: CreateNetworkInterface, https response error StatusCode: 400, RequestID: 1e622dbc-f0af-43eb-8d1e-c4e708f89f63, api error InvalidParameterValue: There aren't sufficient free Ipv4 addresses or prefixes for subnet subnet-EXAMPLE4"}
{"level":"debug","ts":"2026-10-05T08:43:12.868Z","caller":"awsutils/awsutils.go:1272","msg":"Subnet subnet-EXAMPLE3 has no kubernetes.io/role/cni tag, excluding it from ENI creation"}
{"level":"error","ts":"2026-10-05T08:43:12.868Z","caller":"ipamd/ipamd.go:1004","msg":"Failed to increase pool size due to not able to allocate ENI AllocENI: failed to create ENI: failed to create network interface: operation error EC2: CreateNetworkInterface, https response error StatusCode: 400, RequestID: 1e622dbc-f0af-43eb-8d1e-c4e708f89f63, api error InvalidParameterValue: There aren't sufficient free Ipv4 addresses or prefixes"}
{"level":"warn","ts":"2026-10-05T08:43:12.868Z","caller":"ipamd/ipamd.go:1004","msg":"Failed to allocate 1 IP addresses on an ENI: AllocENI: failed to create ENI: failed to create network interface: operation error EC2: CreateNetworkInterface, https response error StatusCode: 400, RequestID: 1e622dbc-f0af-43eb-8d1e-c4e708f89f63, api error InvalidParameterValue: There aren't sufficient free Ipv4 addresses or prefixes"}
{"level":"debug","ts":"2026-10-05T08:43:12.868Z","caller":"ipamd/ipamd.go:1082","msg":"containsInsufficientCIDRsOrSubnetIPs encountered AllocENI: failed to create ENI: failed to create network interface: operation error EC2: CreateNetworkInterface, https response error StatusCode: 400, RequestID: 1e622dbc-f0af-43eb-8d1e-c4e708f89f63, api error InvalidParameterValue: There aren't sufficient free Ipv4 addresses or prefixes"}
{"level":"debug","ts":"2026-10-05T08:43:12.868Z","caller":"ipamd/ipamd.go:1082","msg":"Insufficient IP Addresses due to: InvalidParameterValue\n"}
{"level":"debug","ts":"2026-10-05T08:43:12.868Z","caller":"ipamd/ipamd.go:813","msg":"Error trying to allocate ENI: AllocENI: failed to create ENI: failed to create network interface: operation error EC2: CreateNetworkInterface, https response error StatusCode: 400, RequestID: 1e622dbc-f0af-43eb-8d1e-c4e708f89f63, api error InvalidParameterValue: There aren't sufficient free Ipv4 addresses or prefixes"}
{"level":"debug","ts":"2026-10-05T08:43:12.868Z","caller":"ipamd/ipamd.go:1548","msg":"ENI eni-EXAMPLE20 cannot be deleted because it is primary"}
{"level":"info","ts":"2026-10-05T08:43:13.451Z","caller":"rpc/rpc_grpc.pb.go:117","msg":"Received AddNetwork for NS /var/run/netns/cni-44246e21-ad1d-2778-10e7-ecca537a2aec, Sandbox cfb11cecd6c0792cb2a1fdef352f0041fc1ca803f646acce9cca015b9c6b0af3, ifname eth0"}
{"level":"debug","ts":"2026-10-05T08:43:13.451Z","caller":"rpc/rpc_grpc.pb.go:117","msg":"AddNetworkRequest: K8S_POD_NAME:\"pause-68d5b89fc-zkk75\"  K8S_POD_NAMESPACE:\"default\"  K8S_POD_INFRA_CONTAINER_ID:\"cfb11cecd6c0792cb2a1fdef352f0041fc1ca803f646acce9cca015b9c6b0af3\"  ContainerID:\"cfb11cecd6c0792cb2a1fdef352f0041fc1ca803f646acce9cca015b9c6b0af3\"  IfName:\"eth0\"  NetworkName:\"aws-cni\"  Netns:\"/var/run/netns/cni-44246e21-ad1d-2778-10e7-ecca537a2aec\""}
{"level":"info","ts":"2026-10-05T08:43:13.451Z","caller":"rpc/rpc_grpc.pb.go:117","msg":"Required MultiNIC access false, interfaces required 1"}
{"level":"debug","ts":"2026-10-05T08:43:13.451Z","caller":"datastore/data_store.go:713","msg":"AssignPodIPv4Address: IP address pool stats: total 0, assigned 0"}
{"level":"debug","ts":"2026-10-05T08:43:13.451Z","caller":"datastore/data_store.go:713","msg":"AssignPodIPv4Address: ENI eni-EXAMPLE20 does not have available addresses"}
{"level":"error","ts":"2026-10-05T08:43:13.451Z","caller":"datastore/data_store.go:713","msg":"DataStore has no available IP/Prefix addresses"}
{"level":"warn","ts":"2026-10-05T08:43:13.451Z","caller":"rpc/rpc_grpc.pb.go:117","msg":"Failed to assign IPs from network card 0: AssignPodIPAddress: no available IP/Prefix addresses"}
{"level":"error","ts":"2026-10-05T08:43:13.451Z","caller":"rpc/rpc_grpc.pb.go:117","msg":"Returning failure response for AddNetwork: 1 error occurred:\n\t* AssignPodIPAddress: no available IP/Prefix addresses\n\n"}
{"level":"info","ts":"2026-10-05T08:43:13.451Z","caller":"rpc/rpc_grpc.pb.go:117","msg":"Send AddNetworkReply: Success: false IPAddr: [], resp: , err: AssignPodIPAddress: no available IP/Prefix addresses"}
{"level":"info","ts":"2026-10-05T08:43:13.477Z","caller":"rpc/rpc_grpc.pb.go:135","msg":"Received DelNetwork for Sandbox cfb11cecd6c0792cb2a1fdef352f0041fc1ca803f646acce9cca015b9c6b0af3"}
{"level":"debug","ts":"2026-10-05T08:43:13.477Z","caller":"rpc/rpc_grpc.pb.go:135","msg":"DelNetworkRequest: K8S_POD_NAME:\"pause-68d5b89fc-zkk75\"  K8S_POD_NAMESPACE:\"default\"  K8S_POD_INFRA_CONTAINER_ID:\"cfb11cecd6c0792cb2a1fdef352f0041fc1ca803f646acce9cca015b9c6b0af3\"  Reason:\"PodDeleted\"  ContainerID:\"cfb11cecd6c0792cb2a1fdef352f0041fc1ca803f646acce9cca015b9c6b0af3\"  IfName:\"eth0\"  NetworkName:\"aws-cni\"  K8S_POD_UID:\"d5824255-e9c5-48aa-b8b8-9ad5649ef2d7\""}
{"level":"debug","ts":"2026-10-05T08:43:13.477Z","caller":"ipamd/rpc_handler.go:353","msg":"UnassignPodIPAddress: IP address pool stats: total 0, assigned 0, sandbox aws-cni/cfb11cecd6c0792cb2a1fdef352f0041fc1ca803f646acce9cca015b9c6b0af3/eth0"}
{"level":"debug","ts":"2026-10-05T08:43:13.477Z","caller":"ipamd/rpc_handler.go:353","msg":"UnassignPodIPAddress: Failed to find IPAM entry under full key, trying CRI-migrated version"}
{"level":"warn","ts":"2026-10-05T08:43:13.477Z","caller":"ipamd/rpc_handler.go:353","msg":"UnassignPodIPAddress: Failed to find sandbox _migrated-from-cri/cfb11cecd6c0792cb2a1fdef352f0041fc1ca803f646acce9cca015b9c6b0af3/unknown"}
{"level":"info","ts":"2026-10-05T08:43:13.477Z","caller":"rpc/rpc_grpc.pb.go:135","msg":"Send DelNetworkReply: IPAddress: [], err: 1 error occurred:\n\t* datastore: unknown pod\n\n"}
{"level":"debug","ts":"2026-10-05T08:43:17.869Z","caller":"ipamd/ipamd.go:809","msg":"IP pool is too low for Network Card 0: available (0) < ENI target (1) * addrsPerENI (16)"}
{"level":"debug","ts":"2026-10-05T08:43:17.869Z","caller":"ipamd/ipamd.go:2689","msg":"Prefix pool stats for network card 0: Total IPs/Prefixes = 0/0, AssignedIPs/CooldownIPs: 0/0, c.maxIPsPerENI = 80"}
{"level":"debug","ts":"2026-10-05T08:43:17.869Z","caller":"ipamd/ipamd.go:795","msg":"IP stats for Network Card 0 - total IPs: 0, assigned IPs: 0, cooldown IPs: 0"}
{"level":"debug","ts":"2026-10-05T08:43:17.869Z","caller":"ipamd/ipamd.go:813","msg":"Starting to increase pool size for network card 0"}
{"level":"debug","ts":"2026-10-05T08:43:17.869Z","caller":"ipamd/ipamd.go:966","msg":"Node found \"ip-10-20-0-29.ec2.internal\" - no of taints - 0"}
{"level":"debug","ts":"2026-10-05T08:43:17.869Z","caller":"ipamd/ipamd.go:2758","msg":"Prefix target is 1, short of 1 prefixes, free 0 prefixes"}
{"level":"debug","ts":"2026-10-05T08:43:17.869Z","caller":"ipamd/ipamd.go:1248","msg":"ToAllocate: 1, Network Card 0"}
{"level":"debug","ts":"2026-10-05T08:43:17.869Z","caller":"ipamd/ipamd.go:1251","msg":"Found ENI eni-EXAMPLE20 that has less than the maximum number of IP/Prefixes addresses allocated: cur=0, max=5"}
{"level":"info","ts":"2026-10-05T08:43:17.869Z","caller":"ipamd/ipamd.go:1255","msg":"Trying to allocate 1 IP addresses on ENI eni-EXAMPLE20"}
{"level":"debug","ts":"2026-10-05T08:43:17.869Z","caller":"ipamd/ipamd.go:1255","msg":"PD enabled - true"}
{"level":"debug","ts":"2026-10-05T08:43:18.265Z","caller":"awsutils/awsutils.go:2174","msg":"checkAPIErrorAndBroadcastEvent resulted in operation error EC2: AssignPrivateIpAddresses, https response error StatusCode: 400, RequestID: bb599c76-6406-401a-aff2-d5b7c80bdbf7, api error InsufficientCidrBlocks: The specified subnet does not have enough free cidr blocks to satisfy the request."}
{"level":"error","ts":"2026-10-05T08:43:18.265Z","caller":"ipamd/ipamd.go:1255","msg":"Failed to allocate a private IP/Prefix addresses on ENI eni-EXAMPLE20: operation error EC2: AssignPrivateIpAddresses, https response error StatusCode: 400, RequestID: bb599c76-6406-401a-aff2-d5b7c80bdbf7, api error InsufficientCidrBlocks: The specified subnet does not have enough free cidr blocks to satisfy the request."}
{"level":"debug","ts":"2026-10-05T08:43:18.265Z","caller":"ipamd/ipamd.go:1256","msg":"containsPrivateIPAddressLimitExceededError encountered operation error EC2: AssignPrivateIpAddresses, https response error StatusCode: 400, RequestID: bb599c76-6406-401a-aff2-d5b7c80bdbf7, api error InsufficientCidrBlocks: The specified subnet does not have enough free cidr blocks to satisfy the request."}
{"level":"warn","ts":"2026-10-05T08:43:18.265Z","caller":"ipamd/ipamd.go:1113","msg":"failed to allocate all available IPv4 Prefixes on ENI eni-EXAMPLE20, err: operation error EC2: AssignPrivateIpAddresses, https response error StatusCode: 400, RequestID: bb599c76-6406-401a-aff2-d5b7c80bdbf7, api error InsufficientCidrBlocks: The specified subnet does not have enough free cidr blocks to satisfy the request."}
{"level":"info","ts":"2026-10-05T08:43:18.265Z","caller":"ipamd/ipamd.go:1259","msg":"Trying to allocate 1 IP addresses on ENI eni-EXAMPLE20"}
{"level":"debug","ts":"2026-10-05T08:43:18.265Z","caller":"ipamd/ipamd.go:1259","msg":"PD enabled - true"}
{"level":"debug","ts":"2026-10-05T08:43:18.723Z","caller":"awsutils/awsutils.go:2174","msg":"checkAPIErrorAndBroadcastEvent resulted in operation error EC2: AssignPrivateIpAddresses, https response error StatusCode: 400, RequestID: e746fe79-ecd4-4bf0-9865-89b08f3f3826, api error InsufficientCidrBlocks: The specified subnet does not have enough free cidr blocks to satisfy the request."}
{"level":"error","ts":"2026-10-05T08:43:18.723Z","caller":"ipamd/ipamd.go:1259","msg":"Failed to allocate a private IP/Prefix addresses on ENI eni-EXAMPLE20: operation error EC2: AssignPrivateIpAddresses, https response error StatusCode: 400, RequestID: e746fe79-ecd4-4bf0-9865-89b08f3f3826, api error InsufficientCidrBlocks: The specified subnet does not have enough free cidr blocks to satisfy the request."}
{"level":"debug","ts":"2026-10-05T08:43:18.723Z","caller":"ipamd/ipamd.go:1260","msg":"containsPrivateIPAddressLimitExceededError encountered operation error EC2: AssignPrivateIpAddresses, https response error StatusCode: 400, RequestID: e746fe79-ecd4-4bf0-9865-89b08f3f3826, api error InsufficientCidrBlocks: The specified subnet does not have enough free cidr blocks to satisfy the request."}
{"level":"debug","ts":"2026-10-05T08:43:18.723Z","caller":"ipamd/ipamd.go:1262","msg":"containsInsufficientCIDRsOrSubnetIPs encountered operation error EC2: AssignPrivateIpAddresses, https response error StatusCode: 400, RequestID: e746fe79-ecd4-4bf0-9865-89b08f3f3826, api error InsufficientCidrBlocks: The specified subnet does not have enough free cidr blocks to satisfy the request."}
{"level":"debug","ts":"2026-10-05T08:43:18.723Z","caller":"ipamd/ipamd.go:1262","msg":"Insufficient IP Addresses due to: InsufficientCidrBlocks\n"}
{"level":"debug","ts":"2026-10-05T08:43:18.723Z","caller":"ipamd/ipamd.go:1003","msg":"hasRoomForEni: networkCard=0, currentENIs=1, currentUsableENIs=1, maxENI=3, unmanagedENI=0, trunkEni=0, excludedENI=0, hasRoom=true"}
{"level":"debug","ts":"2026-10-05T08:43:18.723Z","caller":"ipamd/ipamd.go:2758","msg":"Prefix target is 1, short of 1 prefixes, free 0 prefixes"}
{"level":"debug","ts":"2026-10-05T08:43:18.723Z","caller":"ipamd/ipamd.go:2595","msg":"ToAllocate: 1, Network Card 0"}
{"level":"info","ts":"2026-10-05T08:43:18.723Z","caller":"awsutils/awsutils.go:1044","msg":"Trying to allocate 1 IP addresses on new ENI"}
{"level":"debug","ts":"2026-10-05T08:43:18.723Z","caller":"awsutils/awsutils.go:1044","msg":"PD enabled - true"}
{"level":"debug","ts":"2026-10-05T08:43:18.962Z","caller":"awsutils/awsutils.go:1272","msg":"Primary subnet subnet-EXAMPLE4 has no kubernetes.io/role/cni tag, including it for ENI creation (backwards compatibility)"}
{"level":"info","ts":"2026-10-05T08:43:18.962Z","caller":"awsutils/awsutils.go:1044","msg":"Creating ENI with security groups: [sg-EXAMPLE1] in subnet: subnet-EXAMPLE4"}
{"level":"debug","ts":"2026-10-05T08:43:19.205Z","caller":"awsutils/awsutils.go:1449","msg":"checkAPIErrorAndBroadcastEvent resulted in operation error EC2: CreateNetworkInterface, https response error StatusCode: 400, RequestID: 50c8ef2e-9286-4eb5-b3bf-70eae079c3f4, api error InvalidParameterValue: There aren't sufficient free Ipv4 addresses or prefixes"}
{"level":"error","ts":"2026-10-05T08:43:19.205Z","caller":"awsutils/awsutils.go:1285","msg":"Failed to CreateNetworkInterface operation error EC2: CreateNetworkInterface, https response error StatusCode: 400, RequestID: 50c8ef2e-9286-4eb5-b3bf-70eae079c3f4, api error InvalidParameterValue: There aren't sufficient free Ipv4 addresses or prefixes for subnet subnet-EXAMPLE4"}
{"level":"debug","ts":"2026-10-05T08:43:19.205Z","caller":"awsutils/awsutils.go:1272","msg":"Subnet subnet-EXAMPLE3 has no kubernetes.io/role/cni tag, excluding it from ENI creation"}
{"level":"error","ts":"2026-10-05T08:43:19.205Z","caller":"ipamd/ipamd.go:1004","msg":"Failed to increase pool size due to not able to allocate ENI AllocENI: failed to create ENI: failed to create network interface: operation error EC2: CreateNetworkInterface, https response error StatusCode: 400, RequestID: 50c8ef2e-9286-4eb5-b3bf-70eae079c3f4, api error InvalidParameterValue: There aren't sufficient free Ipv4 addresses or prefixes"}
{"level":"warn","ts":"2026-10-05T08:43:19.205Z","caller":"ipamd/ipamd.go:1004","msg":"Failed to allocate 1 IP addresses on an ENI: AllocENI: failed to create ENI: failed to create network interface: operation error EC2: CreateNetworkInterface, https response error StatusCode: 400, RequestID: 50c8ef2e-9286-4eb5-b3bf-70eae079c3f4, api error InvalidParameterValue: There aren't sufficient free Ipv4 addresses or prefixes"}
{"level":"debug","ts":"2026-10-05T08:43:19.205Z","caller":"ipamd/ipamd.go:1082","msg":"containsInsufficientCIDRsOrSubnetIPs encountered AllocENI: failed to create ENI: failed to create network interface: operation error EC2: CreateNetworkInterface, https response error StatusCode: 400, RequestID: 50c8ef2e-9286-4eb5-b3bf-70eae079c3f4, api error InvalidParameterValue: There aren't sufficient free Ipv4 addresses or prefixes"}
{"level":"debug","ts":"2026-10-05T08:43:19.205Z","caller":"ipamd/ipamd.go:1082","msg":"Insufficient IP Addresses due to: InvalidParameterValue\n"}
{"level":"debug","ts":"2026-10-05T08:43:19.205Z","caller":"ipamd/ipamd.go:813","msg":"Error trying to allocate ENI: AllocENI: failed to create ENI: failed to create network interface: operation error EC2: CreateNetworkInterface, https response error StatusCode: 400, RequestID: 50c8ef2e-9286-4eb5-b3bf-70eae079c3f4, api error InvalidParameterValue: There aren't sufficient free Ipv4 addresses or prefixes"}
{"level":"debug","ts":"2026-10-05T08:43:19.205Z","caller":"ipamd/ipamd.go:1548","msg":"ENI eni-EXAMPLE20 cannot be deleted because it is primary"}
{"level":"debug","ts":"2026-10-05T08:43:24.207Z","caller":"ipamd/ipamd.go:809","msg":"IP pool is too low for Network Card 0: available (0) < ENI target (1) * addrsPerENI (16)"}
{"level":"debug","ts":"2026-10-05T08:43:24.207Z","caller":"ipamd/ipamd.go:2689","msg":"Prefix pool stats for network card 0: Total IPs/Prefixes = 0/0, AssignedIPs/CooldownIPs: 0/0, c.maxIPsPerENI = 80"}
{"level":"debug","ts":"2026-10-05T08:43:24.207Z","caller":"ipamd/ipamd.go:795","msg":"IP stats for Network Card 0 - total IPs: 0, assigned IPs: 0, cooldown IPs: 0"}
{"level":"debug","ts":"2026-10-05T08:43:24.207Z","caller":"ipamd/ipamd.go:813","msg":"Starting to increase pool size for network card 0"}
{"level":"debug","ts":"2026-10-05T08:43:24.207Z","caller":"ipamd/ipamd.go:966","msg":"Node found \"ip-10-20-0-29.ec2.internal\" - no of taints - 0"}
{"level":"debug","ts":"2026-10-05T08:43:24.207Z","caller":"ipamd/ipamd.go:2758","msg":"Prefix target is 1, short of 1 prefixes, free 0 prefixes"}
{"level":"debug","ts":"2026-10-05T08:43:24.207Z","caller":"ipamd/ipamd.go:1248","msg":"ToAllocate: 1, Network Card 0"}
{"level":"debug","ts":"2026-10-05T08:43:24.207Z","caller":"ipamd/ipamd.go:1251","msg":"Found ENI eni-EXAMPLE20 that has less than the maximum number of IP/Prefixes addresses allocated: cur=0, max=5"}
{"level":"info","ts":"2026-10-05T08:43:24.207Z","caller":"ipamd/ipamd.go:1255","msg":"Trying to allocate 1 IP addresses on ENI eni-EXAMPLE20"}
{"level":"debug","ts":"2026-10-05T08:43:24.207Z","caller":"ipamd/ipamd.go:1255","msg":"PD enabled - true"}
{"level":"info","ts":"2026-10-05T08:43:24.454Z","caller":"rpc/rpc_grpc.pb.go:117","msg":"Received AddNetwork for NS /var/run/netns/cni-9c0fb8c7-28dc-aa15-910f-92cb8c4a3b18, Sandbox 9141528502dccb2c912446eb5d26e1af677b9a36af7859331a8514dd1c40efb3, ifname eth0"}
{"level":"debug","ts":"2026-10-05T08:43:24.454Z","caller":"rpc/rpc_grpc.pb.go:117","msg":"AddNetworkRequest: K8S_POD_NAME:\"pause-68d5b89fc-cc6lc\"  K8S_POD_NAMESPACE:\"default\"  K8S_POD_INFRA_CONTAINER_ID:\"9141528502dccb2c912446eb5d26e1af677b9a36af7859331a8514dd1c40efb3\"  ContainerID:\"9141528502dccb2c912446eb5d26e1af677b9a36af7859331a8514dd1c40efb3\"  IfName:\"eth0\"  NetworkName:\"aws-cni\"  Netns:\"/var/run/netns/cni-9c0fb8c7-28dc-aa15-910f-92cb8c4a3b18\""}
{"level":"info","ts":"2026-10-05T08:43:24.454Z","caller":"rpc/rpc_grpc.pb.go:117","msg":"Required MultiNIC access false, interfaces required 1"}
{"level":"debug","ts":"2026-10-05T08:43:24.454Z","caller":"datastore/data_store.go:713","msg":"AssignPodIPv4Address: IP address pool stats: total 0, assigned 0"}
{"level":"debug","ts":"2026-10-05T08:43:24.454Z","caller":"datastore/data_store.go:713","msg":"AssignPodIPv4Address: ENI eni-EXAMPLE20 does not have available addresses"}
{"level":"error","ts":"2026-10-05T08:43:24.454Z","caller":"datastore/data_store.go:713","msg":"DataStore has no available IP/Prefix addresses"}
{"level":"warn","ts":"2026-10-05T08:43:24.454Z","caller":"rpc/rpc_grpc.pb.go:117","msg":"Failed to assign IPs from network card 0: AssignPodIPAddress: no available IP/Prefix addresses"}
{"level":"error","ts":"2026-10-05T08:43:24.454Z","caller":"rpc/rpc_grpc.pb.go:117","msg":"Returning failure response for AddNetwork: 1 error occurred:\n\t* AssignPodIPAddress: no available IP/Prefix addresses\n\n"}
{"level":"info","ts":"2026-10-05T08:43:24.454Z","caller":"rpc/rpc_grpc.pb.go:117","msg":"Send AddNetworkReply: Success: false IPAddr: [], resp: , err: AssignPodIPAddress: no available IP/Prefix addresses"}
{"level":"info","ts":"2026-10-05T08:43:24.479Z","caller":"rpc/rpc_grpc.pb.go:135","msg":"Received DelNetwork for Sandbox 9141528502dccb2c912446eb5d26e1af677b9a36af7859331a8514dd1c40efb3"}
{"level":"debug","ts":"2026-10-05T08:43:24.479Z","caller":"rpc/rpc_grpc.pb.go:135","msg":"DelNetworkRequest: K8S_POD_NAME:\"pause-68d5b89fc-cc6lc\"  K8S_POD_NAMESPACE:\"default\"  K8S_POD_INFRA_CONTAINER_ID:\"9141528502dccb2c912446eb5d26e1af677b9a36af7859331a8514dd1c40efb3\"  Reason:\"PodDeleted\"  ContainerID:\"9141528502dccb2c912446eb5d26e1af677b9a36af7859331a8514dd1c40efb3\"  IfName:\"eth0\"  NetworkName:\"aws-cni\"  K8S_POD_UID:\"9c500403-1eff-4562-9498-16be317f6e12\""}
{"level":"debug","ts":"2026-10-05T08:43:24.479Z","caller":"ipamd/rpc_handler.go:353","msg":"UnassignPodIPAddress: IP address pool stats: total 0, assigned 0, sandbox aws-cni/9141528502dccb2c912446eb5d26e1af677b9a36af7859331a8514dd1c40efb3/eth0"}
{"level":"debug","ts":"2026-10-05T08:43:24.479Z","caller":"ipamd/rpc_handler.go:353","msg":"UnassignPodIPAddress: Failed to find IPAM entry under full key, trying CRI-migrated version"}
{"level":"warn","ts":"2026-10-05T08:43:24.479Z","caller":"ipamd/rpc_handler.go:353","msg":"UnassignPodIPAddress: Failed to find sandbox _migrated-from-cri/9141528502dccb2c912446eb5d26e1af677b9a36af7859331a8514dd1c40efb3/unknown"}
{"level":"info","ts":"2026-10-05T08:43:24.479Z","caller":"rpc/rpc_grpc.pb.go:135","msg":"Send DelNetworkReply: IPAddress: [], err: 1 error occurred:\n\t* datastore: unknown pod\n\n"}
{"level":"debug","ts":"2026-10-05T08:43:24.638Z","caller":"awsutils/awsutils.go:2174","msg":"checkAPIErrorAndBroadcastEvent resulted in operation error EC2: AssignPrivateIpAddresses, https response error StatusCode: 400, RequestID: 13ee8f76-8ca0-4f8d-972b-129c745ed746, api error InsufficientCidrBlocks: The specified subnet does not have enough free cidr blocks to satisfy the request."}
{"level":"error","ts":"2026-10-05T08:43:24.638Z","caller":"ipamd/ipamd.go:1255","msg":"Failed to allocate a private IP/Prefix addresses on ENI eni-EXAMPLE20: operation error EC2: AssignPrivateIpAddresses, https response error StatusCode: 400, RequestID: 13ee8f76-8ca0-4f8d-972b-129c745ed746, api error InsufficientCidrBlocks: The specified subnet does not have enough free cidr blocks to satisfy the request."}
{"level":"debug","ts":"2026-10-05T08:43:24.638Z","caller":"ipamd/ipamd.go:1256","msg":"containsPrivateIPAddressLimitExceededError encountered operation error EC2: AssignPrivateIpAddresses, https response error StatusCode: 400, RequestID: 13ee8f76-8ca0-4f8d-972b-129c745ed746, api error InsufficientCidrBlocks: The specified subnet does not have enough free cidr blocks to satisfy the request."}
{"level":"warn","ts":"2026-10-05T08:43:24.638Z","caller":"ipamd/ipamd.go:1113","msg":"failed to allocate all available IPv4 Prefixes on ENI eni-EXAMPLE20, err: operation error EC2: AssignPrivateIpAddresses, https response error StatusCode: 400, RequestID: 13ee8f76-8ca0-4f8d-972b-129c745ed746, api error InsufficientCidrBlocks: The specified subnet does not have enough free cidr blocks to satisfy the request."}
{"level":"info","ts":"2026-10-05T08:43:24.638Z","caller":"ipamd/ipamd.go:1259","msg":"Trying to allocate 1 IP addresses on ENI eni-EXAMPLE20"}
{"level":"debug","ts":"2026-10-05T08:43:24.638Z","caller":"ipamd/ipamd.go:1259","msg":"PD enabled - true"}
{"level":"debug","ts":"2026-10-05T08:43:25.108Z","caller":"awsutils/awsutils.go:2174","msg":"checkAPIErrorAndBroadcastEvent resulted in operation error EC2: AssignPrivateIpAddresses, https response error StatusCode: 400, RequestID: ecd243ba-0456-4522-931e-e371f086ddda, api error InsufficientCidrBlocks: The specified subnet does not have enough free cidr blocks to satisfy the request."}
{"level":"error","ts":"2026-10-05T08:43:25.108Z","caller":"ipamd/ipamd.go:1259","msg":"Failed to allocate a private IP/Prefix addresses on ENI eni-EXAMPLE20: operation error EC2: AssignPrivateIpAddresses, https response error StatusCode: 400, RequestID: ecd243ba-0456-4522-931e-e371f086ddda, api error InsufficientCidrBlocks: The specified subnet does not have enough free cidr blocks to satisfy the request."}
{"level":"debug","ts":"2026-10-05T08:43:25.108Z","caller":"ipamd/ipamd.go:1260","msg":"containsPrivateIPAddressLimitExceededError encountered operation error EC2: AssignPrivateIpAddresses, https response error StatusCode: 400, RequestID: ecd243ba-0456-4522-931e-e371f086ddda, api error InsufficientCidrBlocks: The specified subnet does not have enough free cidr blocks to satisfy the request."}
{"level":"debug","ts":"2026-10-05T08:43:25.108Z","caller":"ipamd/ipamd.go:1262","msg":"containsInsufficientCIDRsOrSubnetIPs encountered operation error EC2: AssignPrivateIpAddresses, https response error StatusCode: 400, RequestID: ecd243ba-0456-4522-931e-e371f086ddda, api error InsufficientCidrBlocks: The specified subnet does not have enough free cidr blocks to satisfy the request."}
{"level":"debug","ts":"2026-10-05T08:43:25.108Z","caller":"ipamd/ipamd.go:1262","msg":"Insufficient IP Addresses due to: InsufficientCidrBlocks\n"}
{"level":"debug","ts":"2026-10-05T08:43:25.108Z","caller":"ipamd/ipamd.go:1003","msg":"hasRoomForEni: networkCard=0, currentENIs=1, currentUsableENIs=1, maxENI=3, unmanagedENI=0, trunkEni=0, excludedENI=0, hasRoom=true"}
{"level":"debug","ts":"2026-10-05T08:43:25.108Z","caller":"ipamd/ipamd.go:2758","msg":"Prefix target is 1, short of 1 prefixes, free 0 prefixes"}
{"level":"debug","ts":"2026-10-05T08:43:25.108Z","caller":"ipamd/ipamd.go:2595","msg":"ToAllocate: 1, Network Card 0"}
{"level":"info","ts":"2026-10-05T08:43:25.108Z","caller":"awsutils/awsutils.go:1044","msg":"Trying to allocate 1 IP addresses on new ENI"}
{"level":"debug","ts":"2026-10-05T08:43:25.108Z","caller":"awsutils/awsutils.go:1044","msg":"PD enabled - true"}
{"level":"debug","ts":"2026-10-05T08:43:25.273Z","caller":"awsutils/awsutils.go:1272","msg":"Primary subnet subnet-EXAMPLE4 has no kubernetes.io/role/cni tag, including it for ENI creation (backwards compatibility)"}
{"level":"info","ts":"2026-10-05T08:43:25.273Z","caller":"awsutils/awsutils.go:1044","msg":"Creating ENI with security groups: [sg-EXAMPLE1] in subnet: subnet-EXAMPLE4"}
{"level":"debug","ts":"2026-10-05T08:43:25.515Z","caller":"awsutils/awsutils.go:1449","msg":"checkAPIErrorAndBroadcastEvent resulted in operation error EC2: CreateNetworkInterface, https response error StatusCode: 400, RequestID: 2e7fd495-3e72-4e08-86db-117f735aa072, api error InvalidParameterValue: There aren't sufficient free Ipv4 addresses or prefixes"}
{"level":"error","ts":"2026-10-05T08:43:25.515Z","caller":"awsutils/awsutils.go:1285","msg":"Failed to CreateNetworkInterface operation error EC2: CreateNetworkInterface, https response error StatusCode: 400, RequestID: 2e7fd495-3e72-4e08-86db-117f735aa072, api error InvalidParameterValue: There aren't sufficient free Ipv4 addresses or prefixes for subnet subnet-EXAMPLE4"}
{"level":"debug","ts":"2026-10-05T08:43:25.515Z","caller":"awsutils/awsutils.go:1272","msg":"Subnet subnet-EXAMPLE3 has no kubernetes.io/role/cni tag, excluding it from ENI creation"}
{"level":"error","ts":"2026-10-05T08:43:25.515Z","caller":"ipamd/ipamd.go:1004","msg":"Failed to increase pool size due to not able to allocate ENI AllocENI: failed to create ENI: failed to create network interface: operation error EC2: CreateNetworkInterface, https response error StatusCode: 400, RequestID: 2e7fd495-3e72-4e08-86db-117f735aa072, api error InvalidParameterValue: There aren't sufficient free Ipv4 addresses or prefixes"}
{"level":"warn","ts":"2026-10-05T08:43:25.515Z","caller":"ipamd/ipamd.go:1004","msg":"Failed to allocate 1 IP addresses on an ENI: AllocENI: failed to create ENI: failed to create network interface: operation error EC2: CreateNetworkInterface, https response error StatusCode: 400, RequestID: 2e7fd495-3e72-4e08-86db-117f735aa072, api error InvalidParameterValue: There aren't sufficient free Ipv4 addresses or prefixes"}
{"level":"debug","ts":"2026-10-05T08:43:25.515Z","caller":"ipamd/ipamd.go:1082","msg":"containsInsufficientCIDRsOrSubnetIPs encountered AllocENI: failed to create ENI: failed to create network interface: operation error EC2: CreateNetworkInterface, https response error StatusCode: 400, RequestID: 2e7fd495-3e72-4e08-86db-117f735aa072, api error InvalidParameterValue: There aren't sufficient free Ipv4 addresses or prefixes"}
{"level":"debug","ts":"2026-10-05T08:43:25.515Z","caller":"ipamd/ipamd.go:1082","msg":"Insufficient IP Addresses due to: InvalidParameterValue\n"}
{"level":"debug","ts":"2026-10-05T08:43:25.515Z","caller":"ipamd/ipamd.go:813","msg":"Error trying to allocate ENI: AllocENI: failed to create ENI: failed to create network interface: operation error EC2: CreateNetworkInterface, https response error StatusCode: 400, RequestID: 2e7fd495-3e72-4e08-86db-117f735aa072, api error InvalidParameterValue: There aren't sufficient free Ipv4 addresses or prefixes"}
{"level":"debug","ts":"2026-10-05T08:43:25.515Z","caller":"ipamd/ipamd.go:1548","msg":"ENI eni-EXAMPLE20 cannot be deleted because it is primary"}
{"level":"info","ts":"2026-10-05T08:43:27.451Z","caller":"rpc/rpc_grpc.pb.go:117","msg":"Received AddNetwork for NS /var/run/netns/cni-6df9badd-4969-86aa-205e-6c92a29908c6, Sandbox ce0b74f5bea3354eeb51e811fa3199c374e99cd189e138ea818ba2389235c982, ifname eth0"}
{"level":"debug","ts":"2026-10-05T08:43:27.451Z","caller":"rpc/rpc_grpc.pb.go:117","msg":"AddNetworkRequest: K8S_POD_NAME:\"pause-68d5b89fc-zkk75\"  K8S_POD_NAMESPACE:\"default\"  K8S_POD_INFRA_CONTAINER_ID:\"ce0b74f5bea3354eeb51e811fa3199c374e99cd189e138ea818ba2389235c982\"  ContainerID:\"ce0b74f5bea3354eeb51e811fa3199c374e99cd189e138ea818ba2389235c982\"  IfName:\"eth0\"  NetworkName:\"aws-cni\"  Netns:\"/var/run/netns/cni-6df9badd-4969-86aa-205e-6c92a29908c6\""}
{"level":"info","ts":"2026-10-05T08:43:27.451Z","caller":"rpc/rpc_grpc.pb.go:117","msg":"Required MultiNIC access false, interfaces required 1"}
{"level":"debug","ts":"2026-10-05T08:43:27.451Z","caller":"datastore/data_store.go:713","msg":"AssignPodIPv4Address: IP address pool stats: total 0, assigned 0"}
{"level":"debug","ts":"2026-10-05T08:43:27.451Z","caller":"datastore/data_store.go:713","msg":"AssignPodIPv4Address: ENI eni-EXAMPLE20 does not have available addresses"}
{"level":"error","ts":"2026-10-05T08:43:27.451Z","caller":"datastore/data_store.go:713","msg":"DataStore has no available IP/Prefix addresses"}
{"level":"warn","ts":"2026-10-05T08:43:27.451Z","caller":"rpc/rpc_grpc.pb.go:117","msg":"Failed to assign IPs from network card 0: AssignPodIPAddress: no available IP/Prefix addresses"}
{"level":"error","ts":"2026-10-05T08:43:27.451Z","caller":"rpc/rpc_grpc.pb.go:117","msg":"Returning failure response for AddNetwork: 1 error occurred:\n\t* AssignPodIPAddress: no available IP/Prefix addresses\n\n"}
{"level":"info","ts":"2026-10-05T08:43:27.451Z","caller":"rpc/rpc_grpc.pb.go:117","msg":"Send AddNetworkReply: Success: false IPAddr: [], resp: , err: AssignPodIPAddress: no available IP/Prefix addresses"}
{"level":"info","ts":"2026-10-05T08:43:27.478Z","caller":"rpc/rpc_grpc.pb.go:135","msg":"Received DelNetwork for Sandbox ce0b74f5bea3354eeb51e811fa3199c374e99cd189e138ea818ba2389235c982"}
{"level":"debug","ts":"2026-10-05T08:43:27.478Z","caller":"rpc/rpc_grpc.pb.go:135","msg":"DelNetworkRequest: K8S_POD_NAME:\"pause-68d5b89fc-zkk75\"  K8S_POD_NAMESPACE:\"default\"  K8S_POD_INFRA_CONTAINER_ID:\"ce0b74f5bea3354eeb51e811fa3199c374e99cd189e138ea818ba2389235c982\"  Reason:\"PodDeleted\"  ContainerID:\"ce0b74f5bea3354eeb51e811fa3199c374e99cd189e138ea818ba2389235c982\"  IfName:\"eth0\"  NetworkName:\"aws-cni\"  K8S_POD_UID:\"d5824255-e9c5-48aa-b8b8-9ad5649ef2d7\""}
{"level":"debug","ts":"2026-10-05T08:43:27.478Z","caller":"ipamd/rpc_handler.go:353","msg":"UnassignPodIPAddress: IP address pool stats: total 0, assigned 0, sandbox aws-cni/ce0b74f5bea3354eeb51e811fa3199c374e99cd189e138ea818ba2389235c982/eth0"}
{"level":"debug","ts":"2026-10-05T08:43:27.478Z","caller":"ipamd/rpc_handler.go:353","msg":"UnassignPodIPAddress: Failed to find IPAM entry under full key, trying CRI-migrated version"}
{"level":"warn","ts":"2026-10-05T08:43:27.478Z","caller":"ipamd/rpc_handler.go:353","msg":"UnassignPodIPAddress: Failed to find sandbox _migrated-from-cri/ce0b74f5bea3354eeb51e811fa3199c374e99cd189e138ea818ba2389235c982/unknown"}
{"level":"info","ts":"2026-10-05T08:43:27.478Z","caller":"rpc/rpc_grpc.pb.go:135","msg":"Send DelNetworkReply: IPAddress: [], err: 1 error occurred:\n\t* datastore: unknown pod\n\n"}
{"level":"debug","ts":"2026-10-05T08:43:30.518Z","caller":"ipamd/ipamd.go:809","msg":"IP pool is too low for Network Card 0: available (0) < ENI target (1) * addrsPerENI (16)"}
{"level":"debug","ts":"2026-10-05T08:43:30.518Z","caller":"ipamd/ipamd.go:2689","msg":"Prefix pool stats for network card 0: Total IPs/Prefixes = 0/0, AssignedIPs/CooldownIPs: 0/0, c.maxIPsPerENI = 80"}
{"level":"debug","ts":"2026-10-05T08:43:30.518Z","caller":"ipamd/ipamd.go:795","msg":"IP stats for Network Card 0 - total IPs: 0, assigned IPs: 0, cooldown IPs: 0"}
{"level":"debug","ts":"2026-10-05T08:43:30.518Z","caller":"ipamd/ipamd.go:813","msg":"Starting to increase pool size for network card 0"}
{"level":"debug","ts":"2026-10-05T08:43:30.518Z","caller":"ipamd/ipamd.go:966","msg":"Node found \"ip-10-20-0-29.ec2.internal\" - no of taints - 0"}
{"level":"debug","ts":"2026-10-05T08:43:30.518Z","caller":"ipamd/ipamd.go:2758","msg":"Prefix target is 1, short of 1 prefixes, free 0 prefixes"}
{"level":"debug","ts":"2026-10-05T08:43:30.518Z","caller":"ipamd/ipamd.go:1248","msg":"ToAllocate: 1, Network Card 0"}
{"level":"debug","ts":"2026-10-05T08:43:30.518Z","caller":"ipamd/ipamd.go:1251","msg":"Found ENI eni-EXAMPLE20 that has less than the maximum number of IP/Prefixes addresses allocated: cur=0, max=5"}
{"level":"info","ts":"2026-10-05T08:43:30.518Z","caller":"ipamd/ipamd.go:1255","msg":"Trying to allocate 1 IP addresses on ENI eni-EXAMPLE20"}
{"level":"debug","ts":"2026-10-05T08:43:30.518Z","caller":"ipamd/ipamd.go:1255","msg":"PD enabled - true"}
{"level":"debug","ts":"2026-10-05T08:43:30.941Z","caller":"awsutils/awsutils.go:2174","msg":"checkAPIErrorAndBroadcastEvent resulted in operation error EC2: AssignPrivateIpAddresses, https response error StatusCode: 400, RequestID: e3d2dc95-2dd3-48c5-94d5-d02fb103d4c8, api error InsufficientCidrBlocks: The specified subnet does not have enough free cidr blocks to satisfy the request."}
{"level":"error","ts":"2026-10-05T08:43:30.941Z","caller":"ipamd/ipamd.go:1255","msg":"Failed to allocate a private IP/Prefix addresses on ENI eni-EXAMPLE20: operation error EC2: AssignPrivateIpAddresses, https response error StatusCode: 400, RequestID: e3d2dc95-2dd3-48c5-94d5-d02fb103d4c8, api error InsufficientCidrBlocks: The specified subnet does not have enough free cidr blocks to satisfy the request."}
{"level":"debug","ts":"2026-10-05T08:43:30.941Z","caller":"ipamd/ipamd.go:1256","msg":"containsPrivateIPAddressLimitExceededError encountered operation error EC2: AssignPrivateIpAddresses, https response error StatusCode: 400, RequestID: e3d2dc95-2dd3-48c5-94d5-d02fb103d4c8, api error InsufficientCidrBlocks: The specified subnet does not have enough free cidr blocks to satisfy the request."}
{"level":"warn","ts":"2026-10-05T08:43:30.941Z","caller":"ipamd/ipamd.go:1113","msg":"failed to allocate all available IPv4 Prefixes on ENI eni-EXAMPLE20, err: operation error EC2: AssignPrivateIpAddresses, https response error StatusCode: 400, RequestID: e3d2dc95-2dd3-48c5-94d5-d02fb103d4c8, api error InsufficientCidrBlocks: The specified subnet does not have enough free cidr blocks to satisfy the request."}
{"level":"info","ts":"2026-10-05T08:43:30.942Z","caller":"ipamd/ipamd.go:1259","msg":"Trying to allocate 1 IP addresses on ENI eni-EXAMPLE20"}
{"level":"debug","ts":"2026-10-05T08:43:30.942Z","caller":"ipamd/ipamd.go:1259","msg":"PD enabled - true"}
{"level":"debug","ts":"2026-10-05T08:43:31.498Z","caller":"awsutils/awsutils.go:2174","msg":"checkAPIErrorAndBroadcastEvent resulted in operation error EC2: AssignPrivateIpAddresses, https response error StatusCode: 400, RequestID: 2d76c245-422f-40d4-ba33-c471598dcadf, api error InsufficientCidrBlocks: The specified subnet does not have enough free cidr blocks to satisfy the request."}
{"level":"error","ts":"2026-10-05T08:43:31.498Z","caller":"ipamd/ipamd.go:1259","msg":"Failed to allocate a private IP/Prefix addresses on ENI eni-EXAMPLE20: operation error EC2: AssignPrivateIpAddresses, https response error StatusCode: 400, RequestID: 2d76c245-422f-40d4-ba33-c471598dcadf, api error InsufficientCidrBlocks: The specified subnet does not have enough free cidr blocks to satisfy the request."}
{"level":"debug","ts":"2026-10-05T08:43:31.498Z","caller":"ipamd/ipamd.go:1260","msg":"containsPrivateIPAddressLimitExceededError encountered operation error EC2: AssignPrivateIpAddresses, https response error StatusCode: 400, RequestID: 2d76c245-422f-40d4-ba33-c471598dcadf, api error InsufficientCidrBlocks: The specified subnet does not have enough free cidr blocks to satisfy the request."}
{"level":"debug","ts":"2026-10-05T08:43:31.498Z","caller":"ipamd/ipamd.go:1262","msg":"containsInsufficientCIDRsOrSubnetIPs encountered operation error EC2: AssignPrivateIpAddresses, https response error StatusCode: 400, RequestID: 2d76c245-422f-40d4-ba33-c471598dcadf, api error InsufficientCidrBlocks: The specified subnet does not have enough free cidr blocks to satisfy the request."}
{"level":"debug","ts":"2026-10-05T08:43:31.498Z","caller":"ipamd/ipamd.go:1262","msg":"Insufficient IP Addresses due to: InsufficientCidrBlocks\n"}
{"level":"debug","ts":"2026-10-05T08:43:31.498Z","caller":"ipamd/ipamd.go:1003","msg":"hasRoomForEni: networkCard=0, currentENIs=1, currentUsableENIs=1, maxENI=3, unmanagedENI=0, trunkEni=0, excludedENI=0, hasRoom=true"}
{"level":"debug","ts":"2026-10-05T08:43:31.498Z","caller":"ipamd/ipamd.go:2758","msg":"Prefix target is 1, short of 1 prefixes, free 0 prefixes"}
{"level":"debug","ts":"2026-10-05T08:43:31.498Z","caller":"ipamd/ipamd.go:2595","msg":"ToAllocate: 1, Network Card 0"}
{"level":"info","ts":"2026-10-05T08:43:31.498Z","caller":"awsutils/awsutils.go:1044","msg":"Trying to allocate 1 IP addresses on new ENI"}
{"level":"debug","ts":"2026-10-05T08:43:31.498Z","caller":"awsutils/awsutils.go:1044","msg":"PD enabled - true"}
{"level":"debug","ts":"2026-10-05T08:43:31.620Z","caller":"awsutils/awsutils.go:1272","msg":"Primary subnet subnet-EXAMPLE4 has no kubernetes.io/role/cni tag, including it for ENI creation (backwards compatibility)"}
{"level":"info","ts":"2026-10-05T08:43:31.621Z","caller":"awsutils/awsutils.go:1044","msg":"Creating ENI with security groups: [sg-EXAMPLE1] in subnet: subnet-EXAMPLE4"}
{"level":"debug","ts":"2026-10-05T08:43:31.834Z","caller":"awsutils/awsutils.go:1449","msg":"checkAPIErrorAndBroadcastEvent resulted in operation error EC2: CreateNetworkInterface, https response error StatusCode: 400, RequestID: 79030e3a-d22b-4bf8-a3cd-bcf191cf82ad, api error InvalidParameterValue: There aren't sufficient free Ipv4 addresses or prefixes"}
{"level":"error","ts":"2026-10-05T08:43:31.834Z","caller":"awsutils/awsutils.go:1285","msg":"Failed to CreateNetworkInterface operation error EC2: CreateNetworkInterface, https response error StatusCode: 400, RequestID: 79030e3a-d22b-4bf8-a3cd-bcf191cf82ad, api error InvalidParameterValue: There aren't sufficient free Ipv4 addresses or prefixes for subnet subnet-EXAMPLE4"}
{"level":"debug","ts":"2026-10-05T08:43:31.834Z","caller":"awsutils/awsutils.go:1272","msg":"Subnet subnet-EXAMPLE3 has no kubernetes.io/role/cni tag, excluding it from ENI creation"}
{"level":"error","ts":"2026-10-05T08:43:31.834Z","caller":"ipamd/ipamd.go:1004","msg":"Failed to increase pool size due to not able to allocate ENI AllocENI: failed to create ENI: failed to create network interface: operation error EC2: CreateNetworkInterface, https response error StatusCode: 400, RequestID: 79030e3a-d22b-4bf8-a3cd-bcf191cf82ad, api error InvalidParameterValue: There aren't sufficient free Ipv4 addresses or prefixes"}
{"level":"warn","ts":"2026-10-05T08:43:31.834Z","caller":"ipamd/ipamd.go:1004","msg":"Failed to allocate 1 IP addresses on an ENI: AllocENI: failed to create ENI: failed to create network interface: operation error EC2: CreateNetworkInterface, https response error StatusCode: 400, RequestID: 79030e3a-d22b-4bf8-a3cd-bcf191cf82ad, api error InvalidParameterValue: There aren't sufficient free Ipv4 addresses or prefixes"}
{"level":"debug","ts":"2026-10-05T08:43:31.834Z","caller":"ipamd/ipamd.go:1082","msg":"containsInsufficientCIDRsOrSubnetIPs encountered AllocENI: failed to create ENI: failed to create network interface: operation error EC2: CreateNetworkInterface, https response error StatusCode: 400, RequestID: 79030e3a-d22b-4bf8-a3cd-bcf191cf82ad, api error InvalidParameterValue: There aren't sufficient free Ipv4 addresses or prefixes"}
{"level":"debug","ts":"2026-10-05T08:43:31.834Z","caller":"ipamd/ipamd.go:1082","msg":"Insufficient IP Addresses due to: InvalidParameterValue\n"}
{"level":"debug","ts":"2026-10-05T08:43:31.834Z","caller":"ipamd/ipamd.go:813","msg":"Error trying to allocate ENI: AllocENI: failed to create ENI: failed to create network interface: operation error EC2: CreateNetworkInterface, https response error StatusCode: 400, RequestID: 79030e3a-d22b-4bf8-a3cd-bcf191cf82ad, api error InvalidParameterValue: There aren't sufficient free Ipv4 addresses or prefixes"}
{"level":"debug","ts":"2026-10-05T08:43:31.834Z","caller":"ipamd/ipamd.go:1548","msg":"ENI eni-EXAMPLE20 cannot be deleted because it is primary"}
{"level":"info","ts":"2026-10-05T08:43:35.451Z","caller":"rpc/rpc_grpc.pb.go:117","msg":"Received AddNetwork for NS /var/run/netns/cni-d654c8e2-764d-9766-0f82-7f3afd6e9d29, Sandbox 3c551de10b850ebfbfe2bc73bf4da2a94e844b81edf13dda4b93dce070628790, ifname eth0"}
{"level":"debug","ts":"2026-10-05T08:43:35.451Z","caller":"rpc/rpc_grpc.pb.go:117","msg":"AddNetworkRequest: K8S_POD_NAME:\"pause-68d5b89fc-cc6lc\"  K8S_POD_NAMESPACE:\"default\"  K8S_POD_INFRA_CONTAINER_ID:\"3c551de10b850ebfbfe2bc73bf4da2a94e844b81edf13dda4b93dce070628790\"  ContainerID:\"3c551de10b850ebfbfe2bc73bf4da2a94e844b81edf13dda4b93dce070628790\"  IfName:\"eth0\"  NetworkName:\"aws-cni\"  Netns:\"/var/run/netns/cni-d654c8e2-764d-9766-0f82-7f3afd6e9d29\""}
{"level":"info","ts":"2026-10-05T08:43:35.451Z","caller":"rpc/rpc_grpc.pb.go:117","msg":"Required MultiNIC access false, interfaces required 1"}
{"level":"debug","ts":"2026-10-05T08:43:35.451Z","caller":"datastore/data_store.go:713","msg":"AssignPodIPv4Address: IP address pool stats: total 0, assigned 0"}
{"level":"debug","ts":"2026-10-05T08:43:35.451Z","caller":"datastore/data_store.go:713","msg":"AssignPodIPv4Address: ENI eni-EXAMPLE20 does not have available addresses"}
{"level":"error","ts":"2026-10-05T08:43:35.451Z","caller":"datastore/data_store.go:713","msg":"DataStore has no available IP/Prefix addresses"}
{"level":"warn","ts":"2026-10-05T08:43:35.451Z","caller":"rpc/rpc_grpc.pb.go:117","msg":"Failed to assign IPs from network card 0: AssignPodIPAddress: no available IP/Prefix addresses"}
{"level":"error","ts":"2026-10-05T08:43:35.451Z","caller":"rpc/rpc_grpc.pb.go:117","msg":"Returning failure response for AddNetwork: 1 error occurred:\n\t* AssignPodIPAddress: no available IP/Prefix addresses\n\n"}
{"level":"info","ts":"2026-10-05T08:43:35.451Z","caller":"rpc/rpc_grpc.pb.go:117","msg":"Send AddNetworkReply: Success: false IPAddr: [], resp: , err: AssignPodIPAddress: no available IP/Prefix addresses"}
{"level":"info","ts":"2026-10-05T08:43:35.476Z","caller":"rpc/rpc_grpc.pb.go:135","msg":"Received DelNetwork for Sandbox 3c551de10b850ebfbfe2bc73bf4da2a94e844b81edf13dda4b93dce070628790"}
{"level":"debug","ts":"2026-10-05T08:43:35.476Z","caller":"rpc/rpc_grpc.pb.go:135","msg":"DelNetworkRequest: K8S_POD_NAME:\"pause-68d5b89fc-cc6lc\"  K8S_POD_NAMESPACE:\"default\"  K8S_POD_INFRA_CONTAINER_ID:\"3c551de10b850ebfbfe2bc73bf4da2a94e844b81edf13dda4b93dce070628790\"  Reason:\"PodDeleted\"  ContainerID:\"3c551de10b850ebfbfe2bc73bf4da2a94e844b81edf13dda4b93dce070628790\"  IfName:\"eth0\"  NetworkName:\"aws-cni\"  K8S_POD_UID:\"9c500403-1eff-4562-9498-16be317f6e12\""}
{"level":"debug","ts":"2026-10-05T08:43:35.476Z","caller":"ipamd/rpc_handler.go:353","msg":"UnassignPodIPAddress: IP address pool stats: total 0, assigned 0, sandbox aws-cni/3c551de10b850ebfbfe2bc73bf4da2a94e844b81edf13dda4b93dce070628790/eth0"}
{"level":"debug","ts":"2026-10-05T08:43:35.476Z","caller":"ipamd/rpc_handler.go:353","msg":"UnassignPodIPAddress: Failed to find IPAM entry under full key, trying CRI-migrated version"}
{"level":"warn","ts":"2026-10-05T08:43:35.476Z","caller":"ipamd/rpc_handler.go:353","msg":"UnassignPodIPAddress: Failed to find sandbox _migrated-from-cri/3c551de10b850ebfbfe2bc73bf4da2a94e844b81edf13dda4b93dce070628790/unknown"}
{"level":"info","ts":"2026-10-05T08:43:35.476Z","caller":"rpc/rpc_grpc.pb.go:135","msg":"Send DelNetworkReply: IPAddress: [], err: 1 error occurred:\n\t* datastore: unknown pod\n\n"}
{"level":"debug","ts":"2026-10-05T08:43:36.837Z","caller":"ipamd/ipamd.go:809","msg":"IP pool is too low for Network Card 0: available (0) < ENI target (1) * addrsPerENI (16)"}
{"level":"debug","ts":"2026-10-05T08:43:36.837Z","caller":"ipamd/ipamd.go:2689","msg":"Prefix pool stats for network card 0: Total IPs/Prefixes = 0/0, AssignedIPs/CooldownIPs: 0/0, c.maxIPsPerENI = 80"}
{"level":"debug","ts":"2026-10-05T08:43:36.837Z","caller":"ipamd/ipamd.go:795","msg":"IP stats for Network Card 0 - total IPs: 0, assigned IPs: 0, cooldown IPs: 0"}
{"level":"debug","ts":"2026-10-05T08:43:36.837Z","caller":"ipamd/ipamd.go:813","msg":"Starting to increase pool size for network card 0"}
{"level":"debug","ts":"2026-10-05T08:43:36.837Z","caller":"ipamd/ipamd.go:966","msg":"Node found \"ip-10-20-0-29.ec2.internal\" - no of taints - 0"}
{"level":"debug","ts":"2026-10-05T08:43:36.837Z","caller":"ipamd/ipamd.go:2758","msg":"Prefix target is 1, short of 1 prefixes, free 0 prefixes"}
{"level":"debug","ts":"2026-10-05T08:43:36.837Z","caller":"ipamd/ipamd.go:1248","msg":"ToAllocate: 1, Network Card 0"}
{"level":"debug","ts":"2026-10-05T08:43:36.837Z","caller":"ipamd/ipamd.go:1251","msg":"Found ENI eni-EXAMPLE20 that has less than the maximum number of IP/Prefixes addresses allocated: cur=0, max=5"}
{"level":"info","ts":"2026-10-05T08:43:36.837Z","caller":"ipamd/ipamd.go:1255","msg":"Trying to allocate 1 IP addresses on ENI eni-EXAMPLE20"}
{"level":"debug","ts":"2026-10-05T08:43:36.837Z","caller":"ipamd/ipamd.go:1255","msg":"PD enabled - true"}
{"level":"debug","ts":"2026-10-05T08:43:37.282Z","caller":"awsutils/awsutils.go:2174","msg":"checkAPIErrorAndBroadcastEvent resulted in operation error EC2: AssignPrivateIpAddresses, https response error StatusCode: 400, RequestID: 27879bcb-4f33-4cdb-9c49-9c48fccb1855, api error InsufficientCidrBlocks: The specified subnet does not have enough free cidr blocks to satisfy the request."}
{"level":"error","ts":"2026-10-05T08:43:37.282Z","caller":"ipamd/ipamd.go:1255","msg":"Failed to allocate a private IP/Prefix addresses on ENI eni-EXAMPLE20: operation error EC2: AssignPrivateIpAddresses, https response error StatusCode: 400, RequestID: 27879bcb-4f33-4cdb-9c49-9c48fccb1855, api error InsufficientCidrBlocks: The specified subnet does not have enough free cidr blocks to satisfy the request."}
{"level":"debug","ts":"2026-10-05T08:43:37.282Z","caller":"ipamd/ipamd.go:1256","msg":"containsPrivateIPAddressLimitExceededError encountered operation error EC2: AssignPrivateIpAddresses, https response error StatusCode: 400, RequestID: 27879bcb-4f33-4cdb-9c49-9c48fccb1855, api error InsufficientCidrBlocks: The specified subnet does not have enough free cidr blocks to satisfy the request."}
{"level":"warn","ts":"2026-10-05T08:43:37.282Z","caller":"ipamd/ipamd.go:1113","msg":"failed to allocate all available IPv4 Prefixes on ENI eni-EXAMPLE20, err: operation error EC2: AssignPrivateIpAddresses, https response error StatusCode: 400, RequestID: 27879bcb-4f33-4cdb-9c49-9c48fccb1855, api error InsufficientCidrBlocks: The specified subnet does not have enough free cidr blocks to satisfy the request."}
{"level":"info","ts":"2026-10-05T08:43:37.282Z","caller":"ipamd/ipamd.go:1259","msg":"Trying to allocate 1 IP addresses on ENI eni-EXAMPLE20"}
{"level":"debug","ts":"2026-10-05T08:43:37.282Z","caller":"ipamd/ipamd.go:1259","msg":"PD enabled - true"}
{"level":"debug","ts":"2026-10-05T08:43:37.677Z","caller":"awsutils/awsutils.go:2174","msg":"checkAPIErrorAndBroadcastEvent resulted in operation error EC2: AssignPrivateIpAddresses, https response error StatusCode: 400, RequestID: d41aa1b0-848d-4e2e-8d31-aa9a910a1bac, api error InsufficientCidrBlocks: The specified subnet does not have enough free cidr blocks to satisfy the request."}
{"level":"error","ts":"2026-10-05T08:43:37.677Z","caller":"ipamd/ipamd.go:1259","msg":"Failed to allocate a private IP/Prefix addresses on ENI eni-EXAMPLE20: operation error EC2: AssignPrivateIpAddresses, https response error StatusCode: 400, RequestID: d41aa1b0-848d-4e2e-8d31-aa9a910a1bac, api error InsufficientCidrBlocks: The specified subnet does not have enough free cidr blocks to satisfy the request."}
{"level":"debug","ts":"2026-10-05T08:43:37.677Z","caller":"ipamd/ipamd.go:1260","msg":"containsPrivateIPAddressLimitExceededError encountered operation error EC2: AssignPrivateIpAddresses, https response error StatusCode: 400, RequestID: d41aa1b0-848d-4e2e-8d31-aa9a910a1bac, api error InsufficientCidrBlocks: The specified subnet does not have enough free cidr blocks to satisfy the request."}
{"level":"debug","ts":"2026-10-05T08:43:37.677Z","caller":"ipamd/ipamd.go:1262","msg":"containsInsufficientCIDRsOrSubnetIPs encountered operation error EC2: AssignPrivateIpAddresses, https response error StatusCode: 400, RequestID: d41aa1b0-848d-4e2e-8d31-aa9a910a1bac, api error InsufficientCidrBlocks: The specified subnet does not have enough free cidr blocks to satisfy the request."}
{"level":"debug","ts":"2026-10-05T08:43:37.677Z","caller":"ipamd/ipamd.go:1262","msg":"Insufficient IP Addresses due to: InsufficientCidrBlocks\n"}
{"level":"debug","ts":"2026-10-05T08:43:37.677Z","caller":"ipamd/ipamd.go:1003","msg":"hasRoomForEni: networkCard=0, currentENIs=1, currentUsableENIs=1, maxENI=3, unmanagedENI=0, trunkEni=0, excludedENI=0, hasRoom=true"}
{"level":"debug","ts":"2026-10-05T08:43:37.677Z","caller":"ipamd/ipamd.go:2758","msg":"Prefix target is 1, short of 1 prefixes, free 0 prefixes"}
{"level":"debug","ts":"2026-10-05T08:43:37.677Z","caller":"ipamd/ipamd.go:2595","msg":"ToAllocate: 1, Network Card 0"}
{"level":"info","ts":"2026-10-05T08:43:37.677Z","caller":"awsutils/awsutils.go:1044","msg":"Trying to allocate 1 IP addresses on new ENI"}
{"level":"debug","ts":"2026-10-05T08:43:37.677Z","caller":"awsutils/awsutils.go:1044","msg":"PD enabled - true"}
{"level":"debug","ts":"2026-10-05T08:43:37.881Z","caller":"awsutils/awsutils.go:1272","msg":"Primary subnet subnet-EXAMPLE4 has no kubernetes.io/role/cni tag, including it for ENI creation (backwards compatibility)"}
{"level":"info","ts":"2026-10-05T08:43:37.881Z","caller":"awsutils/awsutils.go:1044","msg":"Creating ENI with security groups: [sg-EXAMPLE1] in subnet: subnet-EXAMPLE4"}
{"level":"debug","ts":"2026-10-05T08:43:38.081Z","caller":"awsutils/awsutils.go:1449","msg":"checkAPIErrorAndBroadcastEvent resulted in operation error EC2: CreateNetworkInterface, https response error StatusCode: 400, RequestID: a9c66a79-c178-4e77-9ce9-8597d41a399c, api error InvalidParameterValue: There aren't sufficient free Ipv4 addresses or prefixes"}
{"level":"error","ts":"2026-10-05T08:43:38.081Z","caller":"awsutils/awsutils.go:1285","msg":"Failed to CreateNetworkInterface operation error EC2: CreateNetworkInterface, https response error StatusCode: 400, RequestID: a9c66a79-c178-4e77-9ce9-8597d41a399c, api error InvalidParameterValue: There aren't sufficient free Ipv4 addresses or prefixes for subnet subnet-EXAMPLE4"}
{"level":"debug","ts":"2026-10-05T08:43:38.081Z","caller":"awsutils/awsutils.go:1272","msg":"Subnet subnet-EXAMPLE3 has no kubernetes.io/role/cni tag, excluding it from ENI creation"}
{"level":"error","ts":"2026-10-05T08:43:38.081Z","caller":"ipamd/ipamd.go:1004","msg":"Failed to increase pool size due to not able to allocate ENI AllocENI: failed to create ENI: failed to create network interface: operation error EC2: CreateNetworkInterface, https response error StatusCode: 400, RequestID: a9c66a79-c178-4e77-9ce9-8597d41a399c, api error InvalidParameterValue: There aren't sufficient free Ipv4 addresses or prefixes"}
{"level":"warn","ts":"2026-10-05T08:43:38.081Z","caller":"ipamd/ipamd.go:1004","msg":"Failed to allocate 1 IP addresses on an ENI: AllocENI: failed to create ENI: failed to create network interface: operation error EC2: CreateNetworkInterface, https response error StatusCode: 400, RequestID: a9c66a79-c178-4e77-9ce9-8597d41a399c, api error InvalidParameterValue: There aren't sufficient free Ipv4 addresses or prefixes"}
{"level":"debug","ts":"2026-10-05T08:43:38.081Z","caller":"ipamd/ipamd.go:1082","msg":"containsInsufficientCIDRsOrSubnetIPs encountered AllocENI: failed to create ENI: failed to create network interface: operation error EC2: CreateNetworkInterface, https response error StatusCode: 400, RequestID: a9c66a79-c178-4e77-9ce9-8597d41a399c, api error InvalidParameterValue: There aren't sufficient free Ipv4 addresses or prefixes"}
{"level":"debug","ts":"2026-10-05T08:43:38.081Z","caller":"ipamd/ipamd.go:1082","msg":"Insufficient IP Addresses due to: InvalidParameterValue\n"}
{"level":"debug","ts":"2026-10-05T08:43:38.081Z","caller":"ipamd/ipamd.go:813","msg":"Error trying to allocate ENI: AllocENI: failed to create ENI: failed to create network interface: operation error EC2: CreateNetworkInterface, https response error StatusCode: 400, RequestID: a9c66a79-c178-4e77-9ce9-8597d41a399c, api error InvalidParameterValue: There aren't sufficient free Ipv4 addresses or prefixes"}
{"level":"debug","ts":"2026-10-05T08:43:38.081Z","caller":"ipamd/ipamd.go:1548","msg":"ENI eni-EXAMPLE20 cannot be deleted because it is primary"}
{"level":"info","ts":"2026-10-05T08:43:40.450Z","caller":"rpc/rpc_grpc.pb.go:117","msg":"Received AddNetwork for NS /var/run/netns/cni-17a564f0-d6e6-a68f-e7e1-900c8a177782, Sandbox aa64e04776af65e304f5dda10677443550b8e178f858f9abc1b03ad6d4ff47a2, ifname eth0"}
{"level":"debug","ts":"2026-10-05T08:43:40.450Z","caller":"rpc/rpc_grpc.pb.go:117","msg":"AddNetworkRequest: K8S_POD_NAME:\"pause-68d5b89fc-zkk75\"  K8S_POD_NAMESPACE:\"default\"  K8S_POD_INFRA_CONTAINER_ID:\"aa64e04776af65e304f5dda10677443550b8e178f858f9abc1b03ad6d4ff47a2\"  ContainerID:\"aa64e04776af65e304f5dda10677443550b8e178f858f9abc1b03ad6d4ff47a2\"  IfName:\"eth0\"  NetworkName:\"aws-cni\"  Netns:\"/var/run/netns/cni-17a564f0-d6e6-a68f-e7e1-900c8a177782\""}
{"level":"info","ts":"2026-10-05T08:43:40.450Z","caller":"rpc/rpc_grpc.pb.go:117","msg":"Required MultiNIC access false, interfaces required 1"}
{"level":"debug","ts":"2026-10-05T08:43:40.450Z","caller":"datastore/data_store.go:713","msg":"AssignPodIPv4Address: IP address pool stats: total 0, assigned 0"}
{"level":"debug","ts":"2026-10-05T08:43:40.450Z","caller":"datastore/data_store.go:713","msg":"AssignPodIPv4Address: ENI eni-EXAMPLE20 does not have available addresses"}
{"level":"error","ts":"2026-10-05T08:43:40.450Z","caller":"datastore/data_store.go:713","msg":"DataStore has no available IP/Prefix addresses"}
{"level":"warn","ts":"2026-10-05T08:43:40.450Z","caller":"rpc/rpc_grpc.pb.go:117","msg":"Failed to assign IPs from network card 0: AssignPodIPAddress: no available IP/Prefix addresses"}
{"level":"error","ts":"2026-10-05T08:43:40.450Z","caller":"rpc/rpc_grpc.pb.go:117","msg":"Returning failure response for AddNetwork: 1 error occurred:\n\t* AssignPodIPAddress: no available IP/Prefix addresses\n\n"}
{"level":"info","ts":"2026-10-05T08:43:40.450Z","caller":"rpc/rpc_grpc.pb.go:117","msg":"Send AddNetworkReply: Success: false IPAddr: [], resp: , err: AssignPodIPAddress: no available IP/Prefix addresses"}
{"level":"info","ts":"2026-10-05T08:43:40.475Z","caller":"rpc/rpc_grpc.pb.go:135","msg":"Received DelNetwork for Sandbox aa64e04776af65e304f5dda10677443550b8e178f858f9abc1b03ad6d4ff47a2"}
{"level":"debug","ts":"2026-10-05T08:43:40.475Z","caller":"rpc/rpc_grpc.pb.go:135","msg":"DelNetworkRequest: K8S_POD_NAME:\"pause-68d5b89fc-zkk75\"  K8S_POD_NAMESPACE:\"default\"  K8S_POD_INFRA_CONTAINER_ID:\"aa64e04776af65e304f5dda10677443550b8e178f858f9abc1b03ad6d4ff47a2\"  Reason:\"PodDeleted\"  ContainerID:\"aa64e04776af65e304f5dda10677443550b8e178f858f9abc1b03ad6d4ff47a2\"  IfName:\"eth0\"  NetworkName:\"aws-cni\"  K8S_POD_UID:\"d5824255-e9c5-48aa-b8b8-9ad5649ef2d7\""}
{"level":"debug","ts":"2026-10-05T08:43:40.475Z","caller":"ipamd/rpc_handler.go:353","msg":"UnassignPodIPAddress: IP address pool stats: total 0, assigned 0, sandbox aws-cni/aa64e04776af65e304f5dda10677443550b8e178f858f9abc1b03ad6d4ff47a2/eth0"}
{"level":"debug","ts":"2026-10-05T08:43:40.475Z","caller":"ipamd/rpc_handler.go:353","msg":"UnassignPodIPAddress: Failed to find IPAM entry under full key, trying CRI-migrated version"}
{"level":"warn","ts":"2026-10-05T08:43:40.475Z","caller":"ipamd/rpc_handler.go:353","msg":"UnassignPodIPAddress: Failed to find sandbox _migrated-from-cri/aa64e04776af65e304f5dda10677443550b8e178f858f9abc1b03ad6d4ff47a2/unknown"}
{"level":"info","ts":"2026-10-05T08:43:40.475Z","caller":"rpc/rpc_grpc.pb.go:135","msg":"Send DelNetworkReply: IPAddress: [], err: 1 error occurred:\n\t* datastore: unknown pod\n\n"}
{"level":"debug","ts":"2026-10-05T08:43:43.082Z","caller":"ipamd/ipamd.go:809","msg":"IP pool is too low for Network Card 0: available (0) < ENI target (1) * addrsPerENI (16)"}
{"level":"debug","ts":"2026-10-05T08:43:43.082Z","caller":"ipamd/ipamd.go:2689","msg":"Prefix pool stats for network card 0: Total IPs/Prefixes = 0/0, AssignedIPs/CooldownIPs: 0/0, c.maxIPsPerENI = 80"}
{"level":"debug","ts":"2026-10-05T08:43:43.082Z","caller":"ipamd/ipamd.go:795","msg":"IP stats for Network Card 0 - total IPs: 0, assigned IPs: 0, cooldown IPs: 0"}
{"level":"debug","ts":"2026-10-05T08:43:43.082Z","caller":"ipamd/ipamd.go:813","msg":"Starting to increase pool size for network card 0"}
{"level":"debug","ts":"2026-10-05T08:43:43.082Z","caller":"ipamd/ipamd.go:966","msg":"Node found \"ip-10-20-0-29.ec2.internal\" - no of taints - 0"}
{"level":"debug","ts":"2026-10-05T08:43:43.082Z","caller":"ipamd/ipamd.go:2758","msg":"Prefix target is 1, short of 1 prefixes, free 0 prefixes"}
{"level":"debug","ts":"2026-10-05T08:43:43.082Z","caller":"ipamd/ipamd.go:1248","msg":"ToAllocate: 1, Network Card 0"}
{"level":"debug","ts":"2026-10-05T08:43:43.082Z","caller":"ipamd/ipamd.go:1251","msg":"Found ENI eni-EXAMPLE20 that has less than the maximum number of IP/Prefixes addresses allocated: cur=0, max=5"}
{"level":"info","ts":"2026-10-05T08:43:43.082Z","caller":"ipamd/ipamd.go:1255","msg":"Trying to allocate 1 IP addresses on ENI eni-EXAMPLE20"}
{"level":"debug","ts":"2026-10-05T08:43:43.082Z","caller":"ipamd/ipamd.go:1255","msg":"PD enabled - true"}
{"level":"debug","ts":"2026-10-05T08:43:43.581Z","caller":"awsutils/awsutils.go:2174","msg":"checkAPIErrorAndBroadcastEvent resulted in operation error EC2: AssignPrivateIpAddresses, https response error StatusCode: 400, RequestID: 8ec32b81-ee05-4bfa-b82d-4260e696a703, api error InsufficientCidrBlocks: The specified subnet does not have enough free cidr blocks to satisfy the request."}
{"level":"error","ts":"2026-10-05T08:43:43.581Z","caller":"ipamd/ipamd.go:1255","msg":"Failed to allocate a private IP/Prefix addresses on ENI eni-EXAMPLE20: operation error EC2: AssignPrivateIpAddresses, https response error StatusCode: 400, RequestID: 8ec32b81-ee05-4bfa-b82d-4260e696a703, api error InsufficientCidrBlocks: The specified subnet does not have enough free cidr blocks to satisfy the request."}
{"level":"debug","ts":"2026-10-05T08:43:43.581Z","caller":"ipamd/ipamd.go:1256","msg":"containsPrivateIPAddressLimitExceededError encountered operation error EC2: AssignPrivateIpAddresses, https response error StatusCode: 400, RequestID: 8ec32b81-ee05-4bfa-b82d-4260e696a703, api error InsufficientCidrBlocks: The specified subnet does not have enough free cidr blocks to satisfy the request."}
{"level":"warn","ts":"2026-10-05T08:43:43.581Z","caller":"ipamd/ipamd.go:1113","msg":"failed to allocate all available IPv4 Prefixes on ENI eni-EXAMPLE20, err: operation error EC2: AssignPrivateIpAddresses, https response error StatusCode: 400, RequestID: 8ec32b81-ee05-4bfa-b82d-4260e696a703, api error InsufficientCidrBlocks: The specified subnet does not have enough free cidr blocks to satisfy the request."}
{"level":"info","ts":"2026-10-05T08:43:43.581Z","caller":"ipamd/ipamd.go:1259","msg":"Trying to allocate 1 IP addresses on ENI eni-EXAMPLE20"}
{"level":"debug","ts":"2026-10-05T08:43:43.581Z","caller":"ipamd/ipamd.go:1259","msg":"PD enabled - true"}
{"level":"debug","ts":"2026-10-05T08:43:43.970Z","caller":"awsutils/awsutils.go:2174","msg":"checkAPIErrorAndBroadcastEvent resulted in operation error EC2: AssignPrivateIpAddresses, https response error StatusCode: 400, RequestID: f64a7e7d-4389-4f51-865d-342c9262548f, api error InsufficientCidrBlocks: The specified subnet does not have enough free cidr blocks to satisfy the request."}
{"level":"error","ts":"2026-10-05T08:43:43.970Z","caller":"ipamd/ipamd.go:1259","msg":"Failed to allocate a private IP/Prefix addresses on ENI eni-EXAMPLE20: operation error EC2: AssignPrivateIpAddresses, https response error StatusCode: 400, RequestID: f64a7e7d-4389-4f51-865d-342c9262548f, api error InsufficientCidrBlocks: The specified subnet does not have enough free cidr blocks to satisfy the request."}
{"level":"debug","ts":"2026-10-05T08:43:43.970Z","caller":"ipamd/ipamd.go:1260","msg":"containsPrivateIPAddressLimitExceededError encountered operation error EC2: AssignPrivateIpAddresses, https response error StatusCode: 400, RequestID: f64a7e7d-4389-4f51-865d-342c9262548f, api error InsufficientCidrBlocks: The specified subnet does not have enough free cidr blocks to satisfy the request."}
{"level":"debug","ts":"2026-10-05T08:43:43.970Z","caller":"ipamd/ipamd.go:1262","msg":"containsInsufficientCIDRsOrSubnetIPs encountered operation error EC2: AssignPrivateIpAddresses, https response error StatusCode: 400, RequestID: f64a7e7d-4389-4f51-865d-342c9262548f, api error InsufficientCidrBlocks: The specified subnet does not have enough free cidr blocks to satisfy the request."}
{"level":"debug","ts":"2026-10-05T08:43:43.970Z","caller":"ipamd/ipamd.go:1262","msg":"Insufficient IP Addresses due to: InsufficientCidrBlocks\n"}
{"level":"debug","ts":"2026-10-05T08:43:43.970Z","caller":"ipamd/ipamd.go:1003","msg":"hasRoomForEni: networkCard=0, currentENIs=1, currentUsableENIs=1, maxENI=3, unmanagedENI=0, trunkEni=0, excludedENI=0, hasRoom=true"}
{"level":"debug","ts":"2026-10-05T08:43:43.970Z","caller":"ipamd/ipamd.go:2758","msg":"Prefix target is 1, short of 1 prefixes, free 0 prefixes"}
{"level":"debug","ts":"2026-10-05T08:43:43.970Z","caller":"ipamd/ipamd.go:2595","msg":"ToAllocate: 1, Network Card 0"}
{"level":"info","ts":"2026-10-05T08:43:43.970Z","caller":"awsutils/awsutils.go:1044","msg":"Trying to allocate 1 IP addresses on new ENI"}
{"level":"debug","ts":"2026-10-05T08:43:43.970Z","caller":"awsutils/awsutils.go:1044","msg":"PD enabled - true"}
{"level":"debug","ts":"2026-10-05T08:43:44.157Z","caller":"awsutils/awsutils.go:1272","msg":"Primary subnet subnet-EXAMPLE4 has no kubernetes.io/role/cni tag, including it for ENI creation (backwards compatibility)"}
{"level":"info","ts":"2026-10-05T08:43:44.157Z","caller":"awsutils/awsutils.go:1044","msg":"Creating ENI with security groups: [sg-EXAMPLE1] in subnet: subnet-EXAMPLE4"}
{"level":"debug","ts":"2026-10-05T08:43:44.382Z","caller":"awsutils/awsutils.go:1449","msg":"checkAPIErrorAndBroadcastEvent resulted in operation error EC2: CreateNetworkInterface, https response error StatusCode: 400, RequestID: 9e70e998-7b00-435f-aad8-4f718dfc8fdc, api error InvalidParameterValue: There aren't sufficient free Ipv4 addresses or prefixes"}
{"level":"error","ts":"2026-10-05T08:43:44.383Z","caller":"awsutils/awsutils.go:1285","msg":"Failed to CreateNetworkInterface operation error EC2: CreateNetworkInterface, https response error StatusCode: 400, RequestID: 9e70e998-7b00-435f-aad8-4f718dfc8fdc, api error InvalidParameterValue: There aren't sufficient free Ipv4 addresses or prefixes for subnet subnet-EXAMPLE4"}
{"level":"debug","ts":"2026-10-05T08:43:44.383Z","caller":"awsutils/awsutils.go:1272","msg":"Subnet subnet-EXAMPLE3 has no kubernetes.io/role/cni tag, excluding it from ENI creation"}
{"level":"error","ts":"2026-10-05T08:43:44.383Z","caller":"ipamd/ipamd.go:1004","msg":"Failed to increase pool size due to not able to allocate ENI AllocENI: failed to create ENI: failed to create network interface: operation error EC2: CreateNetworkInterface, https response error StatusCode: 400, RequestID: 9e70e998-7b00-435f-aad8-4f718dfc8fdc, api error InvalidParameterValue: There aren't sufficient free Ipv4 addresses or prefixes"}
{"level":"warn","ts":"2026-10-05T08:43:44.383Z","caller":"ipamd/ipamd.go:1004","msg":"Failed to allocate 1 IP addresses on an ENI: AllocENI: failed to create ENI: failed to create network interface: operation error EC2: CreateNetworkInterface, https response error StatusCode: 400, RequestID: 9e70e998-7b00-435f-aad8-4f718dfc8fdc, api error InvalidParameterValue: There aren't sufficient free Ipv4 addresses or prefixes"}
{"level":"debug","ts":"2026-10-05T08:43:44.383Z","caller":"ipamd/ipamd.go:1082","msg":"containsInsufficientCIDRsOrSubnetIPs encountered AllocENI: failed to create ENI: failed to create network interface: operation error EC2: CreateNetworkInterface, https response error StatusCode: 400, RequestID: 9e70e998-7b00-435f-aad8-4f718dfc8fdc, api error InvalidParameterValue: There aren't sufficient free Ipv4 addresses or prefixes"}
{"level":"debug","ts":"2026-10-05T08:43:44.383Z","caller":"ipamd/ipamd.go:1082","msg":"Insufficient IP Addresses due to: InvalidParameterValue\n"}
{"level":"debug","ts":"2026-10-05T08:43:44.383Z","caller":"ipamd/ipamd.go:813","msg":"Error trying to allocate ENI: AllocENI: failed to create ENI: failed to create network interface: operation error EC2: CreateNetworkInterface, https response error StatusCode: 400, RequestID: 9e70e998-7b00-435f-aad8-4f718dfc8fdc, api error InvalidParameterValue: There aren't sufficient free Ipv4 addresses or prefixes"}
{"level":"debug","ts":"2026-10-05T08:43:44.383Z","caller":"ipamd/ipamd.go:1548","msg":"ENI eni-EXAMPLE20 cannot be deleted because it is primary"}
{"level":"info","ts":"2026-10-05T08:43:46.449Z","caller":"rpc/rpc_grpc.pb.go:117","msg":"Received AddNetwork for NS /var/run/netns/cni-a276d151-1369-caf4-560c-0364e44b4000, Sandbox 134dcc344dc84c22076bec80981adb072297e4df564d992b373150b1b8832d2f, ifname eth0"}
{"level":"debug","ts":"2026-10-05T08:43:46.449Z","caller":"rpc/rpc_grpc.pb.go:117","msg":"AddNetworkRequest: K8S_POD_NAME:\"pause-68d5b89fc-cc6lc\"  K8S_POD_NAMESPACE:\"default\"  K8S_POD_INFRA_CONTAINER_ID:\"134dcc344dc84c22076bec80981adb072297e4df564d992b373150b1b8832d2f\"  ContainerID:\"134dcc344dc84c22076bec80981adb072297e4df564d992b373150b1b8832d2f\"  IfName:\"eth0\"  NetworkName:\"aws-cni\"  Netns:\"/var/run/netns/cni-a276d151-1369-caf4-560c-0364e44b4000\""}
{"level":"info","ts":"2026-10-05T08:43:46.449Z","caller":"rpc/rpc_grpc.pb.go:117","msg":"Required MultiNIC access false, interfaces required 1"}
{"level":"debug","ts":"2026-10-05T08:43:46.449Z","caller":"datastore/data_store.go:713","msg":"AssignPodIPv4Address: IP address pool stats: total 0, assigned 0"}
{"level":"debug","ts":"2026-10-05T08:43:46.449Z","caller":"datastore/data_store.go:713","msg":"AssignPodIPv4Address: ENI eni-EXAMPLE20 does not have available addresses"}
{"level":"error","ts":"2026-10-05T08:43:46.449Z","caller":"datastore/data_store.go:713","msg":"DataStore has no available IP/Prefix addresses"}
{"level":"warn","ts":"2026-10-05T08:43:46.449Z","caller":"rpc/rpc_grpc.pb.go:117","msg":"Failed to assign IPs from network card 0: AssignPodIPAddress: no available IP/Prefix addresses"}
{"level":"error","ts":"2026-10-05T08:43:46.449Z","caller":"rpc/rpc_grpc.pb.go:117","msg":"Returning failure response for AddNetwork: 1 error occurred:\n\t* AssignPodIPAddress: no available IP/Prefix addresses\n\n"}
{"level":"info","ts":"2026-10-05T08:43:46.449Z","caller":"rpc/rpc_grpc.pb.go:117","msg":"Send AddNetworkReply: Success: false IPAddr: [], resp: , err: AssignPodIPAddress: no available IP/Prefix addresses"}
{"level":"info","ts":"2026-10-05T08:43:46.474Z","caller":"rpc/rpc_grpc.pb.go:135","msg":"Received DelNetwork for Sandbox 134dcc344dc84c22076bec80981adb072297e4df564d992b373150b1b8832d2f"}
{"level":"debug","ts":"2026-10-05T08:43:46.474Z","caller":"rpc/rpc_grpc.pb.go:135","msg":"DelNetworkRequest: K8S_POD_NAME:\"pause-68d5b89fc-cc6lc\"  K8S_POD_NAMESPACE:\"default\"  K8S_POD_INFRA_CONTAINER_ID:\"134dcc344dc84c22076bec80981adb072297e4df564d992b373150b1b8832d2f\"  Reason:\"PodDeleted\"  ContainerID:\"134dcc344dc84c22076bec80981adb072297e4df564d992b373150b1b8832d2f\"  IfName:\"eth0\"  NetworkName:\"aws-cni\"  K8S_POD_UID:\"9c500403-1eff-4562-9498-16be317f6e12\""}
{"level":"debug","ts":"2026-10-05T08:43:46.474Z","caller":"ipamd/rpc_handler.go:353","msg":"UnassignPodIPAddress: IP address pool stats: total 0, assigned 0, sandbox aws-cni/134dcc344dc84c22076bec80981adb072297e4df564d992b373150b1b8832d2f/eth0"}
{"level":"debug","ts":"2026-10-05T08:43:46.474Z","caller":"ipamd/rpc_handler.go:353","msg":"UnassignPodIPAddress: Failed to find IPAM entry under full key, trying CRI-migrated version"}
{"level":"warn","ts":"2026-10-05T08:43:46.474Z","caller":"ipamd/rpc_handler.go:353","msg":"UnassignPodIPAddress: Failed to find sandbox _migrated-from-cri/134dcc344dc84c22076bec80981adb072297e4df564d992b373150b1b8832d2f/unknown"}
{"level":"info","ts":"2026-10-05T08:43:46.474Z","caller":"rpc/rpc_grpc.pb.go:135","msg":"Send DelNetworkReply: IPAddress: [], err: 1 error occurred:\n\t* datastore: unknown pod\n\n"}
{"level":"debug","ts":"2026-10-05T08:43:49.384Z","caller":"ipamd/ipamd.go:809","msg":"IP pool is too low for Network Card 0: available (0) < ENI target (1) * addrsPerENI (16)"}
{"level":"debug","ts":"2026-10-05T08:43:49.384Z","caller":"ipamd/ipamd.go:2689","msg":"Prefix pool stats for network card 0: Total IPs/Prefixes = 0/0, AssignedIPs/CooldownIPs: 0/0, c.maxIPsPerENI = 80"}
{"level":"debug","ts":"2026-10-05T08:43:49.384Z","caller":"ipamd/ipamd.go:795","msg":"IP stats for Network Card 0 - total IPs: 0, assigned IPs: 0, cooldown IPs: 0"}
{"level":"debug","ts":"2026-10-05T08:43:49.384Z","caller":"ipamd/ipamd.go:813","msg":"Starting to increase pool size for network card 0"}
{"level":"debug","ts":"2026-10-05T08:43:49.384Z","caller":"ipamd/ipamd.go:966","msg":"Node found \"ip-10-20-0-29.ec2.internal\" - no of taints - 0"}
{"level":"debug","ts":"2026-10-05T08:43:49.384Z","caller":"ipamd/ipamd.go:2758","msg":"Prefix target is 1, short of 1 prefixes, free 0 prefixes"}
{"level":"debug","ts":"2026-10-05T08:43:49.384Z","caller":"ipamd/ipamd.go:1248","msg":"ToAllocate: 1, Network Card 0"}
{"level":"debug","ts":"2026-10-05T08:43:49.384Z","caller":"ipamd/ipamd.go:1251","msg":"Found ENI eni-EXAMPLE20 that has less than the maximum number of IP/Prefixes addresses allocated: cur=0, max=5"}
{"level":"info","ts":"2026-10-05T08:43:49.384Z","caller":"ipamd/ipamd.go:1255","msg":"Trying to allocate 1 IP addresses on ENI eni-EXAMPLE20"}
{"level":"debug","ts":"2026-10-05T08:43:49.384Z","caller":"ipamd/ipamd.go:1255","msg":"PD enabled - true"}
{"level":"debug","ts":"2026-10-05T08:43:49.889Z","caller":"awsutils/awsutils.go:2174","msg":"checkAPIErrorAndBroadcastEvent resulted in operation error EC2: AssignPrivateIpAddresses, https response error StatusCode: 400, RequestID: c56286c3-ee0a-42b4-b05f-142de1a216ba, api error InsufficientCidrBlocks: The specified subnet does not have enough free cidr blocks to satisfy the request."}
{"level":"error","ts":"2026-10-05T08:43:49.889Z","caller":"ipamd/ipamd.go:1255","msg":"Failed to allocate a private IP/Prefix addresses on ENI eni-EXAMPLE20: operation error EC2: AssignPrivateIpAddresses, https response error StatusCode: 400, RequestID: c56286c3-ee0a-42b4-b05f-142de1a216ba, api error InsufficientCidrBlocks: The specified subnet does not have enough free cidr blocks to satisfy the request."}
{"level":"debug","ts":"2026-10-05T08:43:49.889Z","caller":"ipamd/ipamd.go:1256","msg":"containsPrivateIPAddressLimitExceededError encountered operation error EC2: AssignPrivateIpAddresses, https response error StatusCode: 400, RequestID: c56286c3-ee0a-42b4-b05f-142de1a216ba, api error InsufficientCidrBlocks: The specified subnet does not have enough free cidr blocks to satisfy the request."}
{"level":"warn","ts":"2026-10-05T08:43:49.889Z","caller":"ipamd/ipamd.go:1113","msg":"failed to allocate all available IPv4 Prefixes on ENI eni-EXAMPLE20, err: operation error EC2: AssignPrivateIpAddresses, https response error StatusCode: 400, RequestID: c56286c3-ee0a-42b4-b05f-142de1a216ba, api error InsufficientCidrBlocks: The specified subnet does not have enough free cidr blocks to satisfy the request."}
{"level":"info","ts":"2026-10-05T08:43:49.889Z","caller":"ipamd/ipamd.go:1259","msg":"Trying to allocate 1 IP addresses on ENI eni-EXAMPLE20"}
{"level":"debug","ts":"2026-10-05T08:43:49.889Z","caller":"ipamd/ipamd.go:1259","msg":"PD enabled - true"}
{"level":"debug","ts":"2026-10-05T08:43:50.295Z","caller":"awsutils/awsutils.go:2174","msg":"checkAPIErrorAndBroadcastEvent resulted in operation error EC2: AssignPrivateIpAddresses, https response error StatusCode: 400, RequestID: 1873dacb-40e9-4660-b647-10e066a6d43d, api error InsufficientCidrBlocks: The specified subnet does not have enough free cidr blocks to satisfy the request."}
{"level":"error","ts":"2026-10-05T08:43:50.295Z","caller":"ipamd/ipamd.go:1259","msg":"Failed to allocate a private IP/Prefix addresses on ENI eni-EXAMPLE20: operation error EC2: AssignPrivateIpAddresses, https response error StatusCode: 400, RequestID: 1873dacb-40e9-4660-b647-10e066a6d43d, api error InsufficientCidrBlocks: The specified subnet does not have enough free cidr blocks to satisfy the request."}
{"level":"debug","ts":"2026-10-05T08:43:50.295Z","caller":"ipamd/ipamd.go:1260","msg":"containsPrivateIPAddressLimitExceededError encountered operation error EC2: AssignPrivateIpAddresses, https response error StatusCode: 400, RequestID: 1873dacb-40e9-4660-b647-10e066a6d43d, api error InsufficientCidrBlocks: The specified subnet does not have enough free cidr blocks to satisfy the request."}
{"level":"debug","ts":"2026-10-05T08:43:50.295Z","caller":"ipamd/ipamd.go:1262","msg":"containsInsufficientCIDRsOrSubnetIPs encountered operation error EC2: AssignPrivateIpAddresses, https response error StatusCode: 400, RequestID: 1873dacb-40e9-4660-b647-10e066a6d43d, api error InsufficientCidrBlocks: The specified subnet does not have enough free cidr blocks to satisfy the request."}
{"level":"debug","ts":"2026-10-05T08:43:50.295Z","caller":"ipamd/ipamd.go:1262","msg":"Insufficient IP Addresses due to: InsufficientCidrBlocks\n"}
{"level":"debug","ts":"2026-10-05T08:43:50.295Z","caller":"ipamd/ipamd.go:1003","msg":"hasRoomForEni: networkCard=0, currentENIs=1, currentUsableENIs=1, maxENI=3, unmanagedENI=0, trunkEni=0, excludedENI=0, hasRoom=true"}
{"level":"debug","ts":"2026-10-05T08:43:50.295Z","caller":"ipamd/ipamd.go:2758","msg":"Prefix target is 1, short of 1 prefixes, free 0 prefixes"}
{"level":"debug","ts":"2026-10-05T08:43:50.295Z","caller":"ipamd/ipamd.go:2595","msg":"ToAllocate: 1, Network Card 0"}
{"level":"info","ts":"2026-10-05T08:43:50.295Z","caller":"awsutils/awsutils.go:1044","msg":"Trying to allocate 1 IP addresses on new ENI"}
{"level":"debug","ts":"2026-10-05T08:43:50.295Z","caller":"awsutils/awsutils.go:1044","msg":"PD enabled - true"}
{"level":"debug","ts":"2026-10-05T08:43:50.504Z","caller":"awsutils/awsutils.go:1272","msg":"Primary subnet subnet-EXAMPLE4 has no kubernetes.io/role/cni tag, including it for ENI creation (backwards compatibility)"}
{"level":"info","ts":"2026-10-05T08:43:50.504Z","caller":"awsutils/awsutils.go:1044","msg":"Creating ENI with security groups: [sg-EXAMPLE1] in subnet: subnet-EXAMPLE4"}
{"level":"debug","ts":"2026-10-05T08:43:50.782Z","caller":"awsutils/awsutils.go:1449","msg":"checkAPIErrorAndBroadcastEvent resulted in operation error EC2: CreateNetworkInterface, https response error StatusCode: 400, RequestID: 681690a9-334b-4cfc-9e17-3a325b83c93e, api error InvalidParameterValue: There aren't sufficient free Ipv4 addresses or prefixes"}
{"level":"error","ts":"2026-10-05T08:43:50.782Z","caller":"awsutils/awsutils.go:1285","msg":"Failed to CreateNetworkInterface operation error EC2: CreateNetworkInterface, https response error StatusCode: 400, RequestID: 681690a9-334b-4cfc-9e17-3a325b83c93e, api error InvalidParameterValue: There aren't sufficient free Ipv4 addresses or prefixes for subnet subnet-EXAMPLE4"}
{"level":"debug","ts":"2026-10-05T08:43:50.782Z","caller":"awsutils/awsutils.go:1272","msg":"Subnet subnet-EXAMPLE3 has no kubernetes.io/role/cni tag, excluding it from ENI creation"}
{"level":"error","ts":"2026-10-05T08:43:50.782Z","caller":"ipamd/ipamd.go:1004","msg":"Failed to increase pool size due to not able to allocate ENI AllocENI: failed to create ENI: failed to create network interface: operation error EC2: CreateNetworkInterface, https response error StatusCode: 400, RequestID: 681690a9-334b-4cfc-9e17-3a325b83c93e, api error InvalidParameterValue: There aren't sufficient free Ipv4 addresses or prefixes"}
{"level":"warn","ts":"2026-10-05T08:43:50.782Z","caller":"ipamd/ipamd.go:1004","msg":"Failed to allocate 1 IP addresses on an ENI: AllocENI: failed to create ENI: failed to create network interface: operation error EC2: CreateNetworkInterface, https response error StatusCode: 400, RequestID: 681690a9-334b-4cfc-9e17-3a325b83c93e, api error InvalidParameterValue: There aren't sufficient free Ipv4 addresses or prefixes"}
{"level":"debug","ts":"2026-10-05T08:43:50.782Z","caller":"ipamd/ipamd.go:1082","msg":"containsInsufficientCIDRsOrSubnetIPs encountered AllocENI: failed to create ENI: failed to create network interface: operation error EC2: CreateNetworkInterface, https response error StatusCode: 400, RequestID: 681690a9-334b-4cfc-9e17-3a325b83c93e, api error InvalidParameterValue: There aren't sufficient free Ipv4 addresses or prefixes"}
{"level":"debug","ts":"2026-10-05T08:43:50.782Z","caller":"ipamd/ipamd.go:1082","msg":"Insufficient IP Addresses due to: InvalidParameterValue\n"}
{"level":"debug","ts":"2026-10-05T08:43:50.782Z","caller":"ipamd/ipamd.go:813","msg":"Error trying to allocate ENI: AllocENI: failed to create ENI: failed to create network interface: operation error EC2: CreateNetworkInterface, https response error StatusCode: 400, RequestID: 681690a9-334b-4cfc-9e17-3a325b83c93e, api error InvalidParameterValue: There aren't sufficient free Ipv4 addresses or prefixes"}
{"level":"debug","ts":"2026-10-05T08:43:50.782Z","caller":"ipamd/ipamd.go:1548","msg":"ENI eni-EXAMPLE20 cannot be deleted because it is primary"}
{"level":"info","ts":"2026-10-05T08:43:52.449Z","caller":"rpc/rpc_grpc.pb.go:117","msg":"Received AddNetwork for NS /var/run/netns/cni-88475f15-a4f1-3f5d-0fd1-201f5898934a, Sandbox 45c83c665caaa26f1e24e3dc37310a83435e49c70fb7fdc75eccd019458228f4, ifname eth0"}
{"level":"debug","ts":"2026-10-05T08:43:52.449Z","caller":"rpc/rpc_grpc.pb.go:117","msg":"AddNetworkRequest: K8S_POD_NAME:\"pause-68d5b89fc-zkk75\"  K8S_POD_NAMESPACE:\"default\"  K8S_POD_INFRA_CONTAINER_ID:\"45c83c665caaa26f1e24e3dc37310a83435e49c70fb7fdc75eccd019458228f4\"  ContainerID:\"45c83c665caaa26f1e24e3dc37310a83435e49c70fb7fdc75eccd019458228f4\"  IfName:\"eth0\"  NetworkName:\"aws-cni\"  Netns:\"/var/run/netns/cni-88475f15-a4f1-3f5d-0fd1-201f5898934a\""}
{"level":"info","ts":"2026-10-05T08:43:52.449Z","caller":"rpc/rpc_grpc.pb.go:117","msg":"Required MultiNIC access false, interfaces required 1"}
{"level":"debug","ts":"2026-10-05T08:43:52.449Z","caller":"datastore/data_store.go:713","msg":"AssignPodIPv4Address: IP address pool stats: total 0, assigned 0"}
{"level":"debug","ts":"2026-10-05T08:43:52.449Z","caller":"datastore/data_store.go:713","msg":"AssignPodIPv4Address: ENI eni-EXAMPLE20 does not have available addresses"}
{"level":"error","ts":"2026-10-05T08:43:52.449Z","caller":"datastore/data_store.go:713","msg":"DataStore has no available IP/Prefix addresses"}
{"level":"warn","ts":"2026-10-05T08:43:52.449Z","caller":"rpc/rpc_grpc.pb.go:117","msg":"Failed to assign IPs from network card 0: AssignPodIPAddress: no available IP/Prefix addresses"}
{"level":"error","ts":"2026-10-05T08:43:52.449Z","caller":"rpc/rpc_grpc.pb.go:117","msg":"Returning failure response for AddNetwork: 1 error occurred:\n\t* AssignPodIPAddress: no available IP/Prefix addresses\n\n"}
{"level":"info","ts":"2026-10-05T08:43:52.449Z","caller":"rpc/rpc_grpc.pb.go:117","msg":"Send AddNetworkReply: Success: false IPAddr: [], resp: , err: AssignPodIPAddress: no available IP/Prefix addresses"}
{"level":"info","ts":"2026-10-05T08:43:52.475Z","caller":"rpc/rpc_grpc.pb.go:135","msg":"Received DelNetwork for Sandbox 45c83c665caaa26f1e24e3dc37310a83435e49c70fb7fdc75eccd019458228f4"}
{"level":"debug","ts":"2026-10-05T08:43:52.475Z","caller":"rpc/rpc_grpc.pb.go:135","msg":"DelNetworkRequest: K8S_POD_NAME:\"pause-68d5b89fc-zkk75\"  K8S_POD_NAMESPACE:\"default\"  K8S_POD_INFRA_CONTAINER_ID:\"45c83c665caaa26f1e24e3dc37310a83435e49c70fb7fdc75eccd019458228f4\"  Reason:\"PodDeleted\"  ContainerID:\"45c83c665caaa26f1e24e3dc37310a83435e49c70fb7fdc75eccd019458228f4\"  IfName:\"eth0\"  NetworkName:\"aws-cni\"  K8S_POD_UID:\"d5824255-e9c5-48aa-b8b8-9ad5649ef2d7\""}
{"level":"debug","ts":"2026-10-05T08:43:52.475Z","caller":"ipamd/rpc_handler.go:353","msg":"UnassignPodIPAddress: IP address pool stats: total 0, assigned 0, sandbox aws-cni/45c83c665caaa26f1e24e3dc37310a83435e49c70fb7fdc75eccd019458228f4/eth0"}
{"level":"debug","ts":"2026-10-05T08:43:52.475Z","caller":"ipamd/rpc_handler.go:353","msg":"UnassignPodIPAddress: Failed to find IPAM entry under full key, trying CRI-migrated version"}
{"level":"warn","ts":"2026-10-05T08:43:52.475Z","caller":"ipamd/rpc_handler.go:353","msg":"UnassignPodIPAddress: Failed to find sandbox _migrated-from-cri/45c83c665caaa26f1e24e3dc37310a83435e49c70fb7fdc75eccd019458228f4/unknown"}
{"level":"info","ts":"2026-10-05T08:43:52.475Z","caller":"rpc/rpc_grpc.pb.go:135","msg":"Send DelNetworkReply: IPAddress: [], err: 1 error occurred:\n\t* datastore: unknown pod\n\n"}
{"level":"debug","ts":"2026-10-05T08:43:55.784Z","caller":"ipamd/ipamd.go:809","msg":"IP pool is too low for Network Card 0: available (0) < ENI target (1) * addrsPerENI (16)"}
{"level":"debug","ts":"2026-10-05T08:43:55.784Z","caller":"ipamd/ipamd.go:2689","msg":"Prefix pool stats for network card 0: Total IPs/Prefixes = 0/0, AssignedIPs/CooldownIPs: 0/0, c.maxIPsPerENI = 80"}
{"level":"debug","ts":"2026-10-05T08:43:55.784Z","caller":"ipamd/ipamd.go:795","msg":"IP stats for Network Card 0 - total IPs: 0, assigned IPs: 0, cooldown IPs: 0"}
{"level":"debug","ts":"2026-10-05T08:43:55.784Z","caller":"ipamd/ipamd.go:813","msg":"Starting to increase pool size for network card 0"}
{"level":"debug","ts":"2026-10-05T08:43:55.784Z","caller":"ipamd/ipamd.go:966","msg":"Node found \"ip-10-20-0-29.ec2.internal\" - no of taints - 0"}
{"level":"debug","ts":"2026-10-05T08:43:55.784Z","caller":"ipamd/ipamd.go:2758","msg":"Prefix target is 1, short of 1 prefixes, free 0 prefixes"}
{"level":"debug","ts":"2026-10-05T08:43:55.784Z","caller":"ipamd/ipamd.go:1248","msg":"ToAllocate: 1, Network Card 0"}
{"level":"debug","ts":"2026-10-05T08:43:55.784Z","caller":"ipamd/ipamd.go:1251","msg":"Found ENI eni-EXAMPLE20 that has less than the maximum number of IP/Prefixes addresses allocated: cur=0, max=5"}
{"level":"info","ts":"2026-10-05T08:43:55.784Z","caller":"ipamd/ipamd.go:1255","msg":"Trying to allocate 1 IP addresses on ENI eni-EXAMPLE20"}
{"level":"debug","ts":"2026-10-05T08:43:55.784Z","caller":"ipamd/ipamd.go:1255","msg":"PD enabled - true"}
{"level":"debug","ts":"2026-10-05T08:43:56.154Z","caller":"awsutils/awsutils.go:2174","msg":"checkAPIErrorAndBroadcastEvent resulted in operation error EC2: AssignPrivateIpAddresses, https response error StatusCode: 400, RequestID: 3dae7ae0-66a4-43d7-a0e6-b0d55e06ea89, api error InsufficientCidrBlocks: The specified subnet does not have enough free cidr blocks to satisfy the request."}
{"level":"error","ts":"2026-10-05T08:43:56.154Z","caller":"ipamd/ipamd.go:1255","msg":"Failed to allocate a private IP/Prefix addresses on ENI eni-EXAMPLE20: operation error EC2: AssignPrivateIpAddresses, https response error StatusCode: 400, RequestID: 3dae7ae0-66a4-43d7-a0e6-b0d55e06ea89, api error InsufficientCidrBlocks: The specified subnet does not have enough free cidr blocks to satisfy the request."}
{"level":"debug","ts":"2026-10-05T08:43:56.154Z","caller":"ipamd/ipamd.go:1256","msg":"containsPrivateIPAddressLimitExceededError encountered operation error EC2: AssignPrivateIpAddresses, https response error StatusCode: 400, RequestID: 3dae7ae0-66a4-43d7-a0e6-b0d55e06ea89, api error InsufficientCidrBlocks: The specified subnet does not have enough free cidr blocks to satisfy the request."}
{"level":"warn","ts":"2026-10-05T08:43:56.154Z","caller":"ipamd/ipamd.go:1113","msg":"failed to allocate all available IPv4 Prefixes on ENI eni-EXAMPLE20, err: operation error EC2: AssignPrivateIpAddresses, https response error StatusCode: 400, RequestID: 3dae7ae0-66a4-43d7-a0e6-b0d55e06ea89, api error InsufficientCidrBlocks: The specified subnet does not have enough free cidr blocks to satisfy the request."}
{"level":"info","ts":"2026-10-05T08:43:56.154Z","caller":"ipamd/ipamd.go:1259","msg":"Trying to allocate 1 IP addresses on ENI eni-EXAMPLE20"}
{"level":"debug","ts":"2026-10-05T08:43:56.154Z","caller":"ipamd/ipamd.go:1259","msg":"PD enabled - true"}
{"level":"debug","ts":"2026-10-05T08:43:56.563Z","caller":"awsutils/awsutils.go:2174","msg":"checkAPIErrorAndBroadcastEvent resulted in operation error EC2: AssignPrivateIpAddresses, https response error StatusCode: 400, RequestID: 232900da-0553-4ae3-b090-14fb0fde3b21, api error InsufficientCidrBlocks: The specified subnet does not have enough free cidr blocks to satisfy the request."}
{"level":"error","ts":"2026-10-05T08:43:56.563Z","caller":"ipamd/ipamd.go:1259","msg":"Failed to allocate a private IP/Prefix addresses on ENI eni-EXAMPLE20: operation error EC2: AssignPrivateIpAddresses, https response error StatusCode: 400, RequestID: 232900da-0553-4ae3-b090-14fb0fde3b21, api error InsufficientCidrBlocks: The specified subnet does not have enough free cidr blocks to satisfy the request."}
{"level":"debug","ts":"2026-10-05T08:43:56.563Z","caller":"ipamd/ipamd.go:1260","msg":"containsPrivateIPAddressLimitExceededError encountered operation error EC2: AssignPrivateIpAddresses, https response error StatusCode: 400, RequestID: 232900da-0553-4ae3-b090-14fb0fde3b21, api error InsufficientCidrBlocks: The specified subnet does not have enough free cidr blocks to satisfy the request."}
{"level":"debug","ts":"2026-10-05T08:43:56.563Z","caller":"ipamd/ipamd.go:1262","msg":"containsInsufficientCIDRsOrSubnetIPs encountered operation error EC2: AssignPrivateIpAddresses, https response error StatusCode: 400, RequestID: 232900da-0553-4ae3-b090-14fb0fde3b21, api error InsufficientCidrBlocks: The specified subnet does not have enough free cidr blocks to satisfy the request."}
{"level":"debug","ts":"2026-10-05T08:43:56.563Z","caller":"ipamd/ipamd.go:1262","msg":"Insufficient IP Addresses due to: InsufficientCidrBlocks\n"}
{"level":"debug","ts":"2026-10-05T08:43:56.563Z","caller":"ipamd/ipamd.go:1003","msg":"hasRoomForEni: networkCard=0, currentENIs=1, currentUsableENIs=1, maxENI=3, unmanagedENI=0, trunkEni=0, excludedENI=0, hasRoom=true"}
{"level":"debug","ts":"2026-10-05T08:43:56.563Z","caller":"ipamd/ipamd.go:2758","msg":"Prefix target is 1, short of 1 prefixes, free 0 prefixes"}
{"level":"debug","ts":"2026-10-05T08:43:56.563Z","caller":"ipamd/ipamd.go:2595","msg":"ToAllocate: 1, Network Card 0"}
{"level":"info","ts":"2026-10-05T08:43:56.563Z","caller":"awsutils/awsutils.go:1044","msg":"Trying to allocate 1 IP addresses on new ENI"}
{"level":"debug","ts":"2026-10-05T08:43:56.563Z","caller":"awsutils/awsutils.go:1044","msg":"PD enabled - true"}
{"level":"debug","ts":"2026-10-05T08:43:56.797Z","caller":"awsutils/awsutils.go:1272","msg":"Primary subnet subnet-EXAMPLE4 has no kubernetes.io/role/cni tag, including it for ENI creation (backwards compatibility)"}
{"level":"info","ts":"2026-10-05T08:43:56.797Z","caller":"awsutils/awsutils.go:1044","msg":"Creating ENI with security groups: [sg-EXAMPLE1] in subnet: subnet-EXAMPLE4"}
{"level":"debug","ts":"2026-10-05T08:43:57.002Z","caller":"awsutils/awsutils.go:1449","msg":"checkAPIErrorAndBroadcastEvent resulted in operation error EC2: CreateNetworkInterface, https response error StatusCode: 400, RequestID: 53b5a677-6dbf-47c6-96dc-0e0150ee54ee, api error InvalidParameterValue: There aren't sufficient free Ipv4 addresses or prefixes"}
{"level":"error","ts":"2026-10-05T08:43:57.002Z","caller":"awsutils/awsutils.go:1285","msg":"Failed to CreateNetworkInterface operation error EC2: CreateNetworkInterface, https response error StatusCode: 400, RequestID: 53b5a677-6dbf-47c6-96dc-0e0150ee54ee, api error InvalidParameterValue: There aren't sufficient free Ipv4 addresses or prefixes for subnet subnet-EXAMPLE4"}
{"level":"debug","ts":"2026-10-05T08:43:57.002Z","caller":"awsutils/awsutils.go:1272","msg":"Subnet subnet-EXAMPLE3 has no kubernetes.io/role/cni tag, excluding it from ENI creation"}
{"level":"error","ts":"2026-10-05T08:43:57.002Z","caller":"ipamd/ipamd.go:1004","msg":"Failed to increase pool size due to not able to allocate ENI AllocENI: failed to create ENI: failed to create network interface: operation error EC2: CreateNetworkInterface, https response error StatusCode: 400, RequestID: 53b5a677-6dbf-47c6-96dc-0e0150ee54ee, api error InvalidParameterValue: There aren't sufficient free Ipv4 addresses or prefixes"}
{"level":"warn","ts":"2026-10-05T08:43:57.002Z","caller":"ipamd/ipamd.go:1004","msg":"Failed to allocate 1 IP addresses on an ENI: AllocENI: failed to create ENI: failed to create network interface: operation error EC2: CreateNetworkInterface, https response error StatusCode: 400, RequestID: 53b5a677-6dbf-47c6-96dc-0e0150ee54ee, api error InvalidParameterValue: There aren't sufficient free Ipv4 addresses or prefixes"}
{"level":"debug","ts":"2026-10-05T08:43:57.002Z","caller":"ipamd/ipamd.go:1082","msg":"containsInsufficientCIDRsOrSubnetIPs encountered AllocENI: failed to create ENI: failed to create network interface: operation error EC2: CreateNetworkInterface, https response error StatusCode: 400, RequestID: 53b5a677-6dbf-47c6-96dc-0e0150ee54ee, api error InvalidParameterValue: There aren't sufficient free Ipv4 addresses or prefixes"}
{"level":"debug","ts":"2026-10-05T08:43:57.002Z","caller":"ipamd/ipamd.go:1082","msg":"Insufficient IP Addresses due to: InvalidParameterValue\n"}
{"level":"debug","ts":"2026-10-05T08:43:57.002Z","caller":"ipamd/ipamd.go:813","msg":"Error trying to allocate ENI: AllocENI: failed to create ENI: failed to create network interface: operation error EC2: CreateNetworkInterface, https response error StatusCode: 400, RequestID: 53b5a677-6dbf-47c6-96dc-0e0150ee54ee, api error InvalidParameterValue: There aren't sufficient free Ipv4 addresses or prefixes"}
{"level":"debug","ts":"2026-10-05T08:43:57.002Z","caller":"ipamd/ipamd.go:1548","msg":"ENI eni-EXAMPLE20 cannot be deleted because it is primary"}
{"level":"info","ts":"2026-10-05T08:43:57.453Z","caller":"rpc/rpc_grpc.pb.go:117","msg":"Received AddNetwork for NS /var/run/netns/cni-535d7d1f-f40e-59ef-9ccb-73c6d2aad2e8, Sandbox e25d48b017bf98b5787dccd5e294b88af0a070b37c05123ce73c61472e1a694e, ifname eth0"}
{"level":"debug","ts":"2026-10-05T08:43:57.453Z","caller":"rpc/rpc_grpc.pb.go:117","msg":"AddNetworkRequest: K8S_POD_NAME:\"pause-68d5b89fc-cc6lc\"  K8S_POD_NAMESPACE:\"default\"  K8S_POD_INFRA_CONTAINER_ID:\"e25d48b017bf98b5787dccd5e294b88af0a070b37c05123ce73c61472e1a694e\"  ContainerID:\"e25d48b017bf98b5787dccd5e294b88af0a070b37c05123ce73c61472e1a694e\"  IfName:\"eth0\"  NetworkName:\"aws-cni\"  Netns:\"/var/run/netns/cni-535d7d1f-f40e-59ef-9ccb-73c6d2aad2e8\""}
{"level":"info","ts":"2026-10-05T08:43:57.453Z","caller":"rpc/rpc_grpc.pb.go:117","msg":"Required MultiNIC access false, interfaces required 1"}
{"level":"debug","ts":"2026-10-05T08:43:57.453Z","caller":"datastore/data_store.go:713","msg":"AssignPodIPv4Address: IP address pool stats: total 0, assigned 0"}
{"level":"debug","ts":"2026-10-05T08:43:57.453Z","caller":"datastore/data_store.go:713","msg":"AssignPodIPv4Address: ENI eni-EXAMPLE20 does not have available addresses"}
{"level":"error","ts":"2026-10-05T08:43:57.453Z","caller":"datastore/data_store.go:713","msg":"DataStore has no available IP/Prefix addresses"}
{"level":"warn","ts":"2026-10-05T08:43:57.453Z","caller":"rpc/rpc_grpc.pb.go:117","msg":"Failed to assign IPs from network card 0: AssignPodIPAddress: no available IP/Prefix addresses"}
{"level":"error","ts":"2026-10-05T08:43:57.453Z","caller":"rpc/rpc_grpc.pb.go:117","msg":"Returning failure response for AddNetwork: 1 error occurred:\n\t* AssignPodIPAddress: no available IP/Prefix addresses\n\n"}
{"level":"info","ts":"2026-10-05T08:43:57.453Z","caller":"rpc/rpc_grpc.pb.go:117","msg":"Send AddNetworkReply: Success: false IPAddr: [], resp: , err: AssignPodIPAddress: no available IP/Prefix addresses"}
{"level":"info","ts":"2026-10-05T08:43:57.478Z","caller":"rpc/rpc_grpc.pb.go:135","msg":"Received DelNetwork for Sandbox e25d48b017bf98b5787dccd5e294b88af0a070b37c05123ce73c61472e1a694e"}
{"level":"debug","ts":"2026-10-05T08:43:57.479Z","caller":"rpc/rpc_grpc.pb.go:135","msg":"DelNetworkRequest: K8S_POD_NAME:\"pause-68d5b89fc-cc6lc\"  K8S_POD_NAMESPACE:\"default\"  K8S_POD_INFRA_CONTAINER_ID:\"e25d48b017bf98b5787dccd5e294b88af0a070b37c05123ce73c61472e1a694e\"  Reason:\"PodDeleted\"  ContainerID:\"e25d48b017bf98b5787dccd5e294b88af0a070b37c05123ce73c61472e1a694e\"  IfName:\"eth0\"  NetworkName:\"aws-cni\"  K8S_POD_UID:\"9c500403-1eff-4562-9498-16be317f6e12\""}
{"level":"debug","ts":"2026-10-05T08:43:57.479Z","caller":"ipamd/rpc_handler.go:353","msg":"UnassignPodIPAddress: IP address pool stats: total 0, assigned 0, sandbox aws-cni/e25d48b017bf98b5787dccd5e294b88af0a070b37c05123ce73c61472e1a694e/eth0"}
{"level":"debug","ts":"2026-10-05T08:43:57.479Z","caller":"ipamd/rpc_handler.go:353","msg":"UnassignPodIPAddress: Failed to find IPAM entry under full key, trying CRI-migrated version"}
{"level":"warn","ts":"2026-10-05T08:43:57.479Z","caller":"ipamd/rpc_handler.go:353","msg":"UnassignPodIPAddress: Failed to find sandbox _migrated-from-cri/e25d48b017bf98b5787dccd5e294b88af0a070b37c05123ce73c61472e1a694e/unknown"}
{"level":"info","ts":"2026-10-05T08:43:57.479Z","caller":"rpc/rpc_grpc.pb.go:135","msg":"Send DelNetworkReply: IPAddress: [], err: 1 error occurred:\n\t* datastore: unknown pod\n\n"}
{"level":"debug","ts":"2026-10-05T08:43:59.502Z","caller":"ipamd/ipamd.go:798","msg":"Reconciling ENI/IP pool info because time since last 1m2.884203377s > 1m0s"}
{"level":"debug","ts":"2026-10-05T08:43:59.506Z","caller":"ipamd/ipamd.go:1621","msg":"Total number of interfaces found: 1 "}
{"level":"debug","ts":"2026-10-05T08:43:59.506Z","caller":"awsutils/awsutils.go:787","msg":"Found ENI MAC address: 12:ff:f3:10:df:d7"}
{"level":"debug","ts":"2026-10-05T08:43:59.513Z","caller":"awsutils/awsutils.go:787","msg":"Found ENI: eni-EXAMPLE20, MAC 12:ff:f3:10:df:d7, device 0"}
{"level":"debug","ts":"2026-10-05T08:43:59.515Z","caller":"awsutils/awsutils.go:787","msg":"Found IPv4 addresses associated with interface. This is not efa-only interface"}
{"level":"debug","ts":"2026-10-05T08:43:59.520Z","caller":"ipamd/ipamd.go:798","msg":"Reconcile existing ENI eni-EXAMPLE20 IP pool"}
{"level":"info","ts":"2026-10-05T08:43:59.520Z","caller":"ipamd/ipamd.go:1766","msg":"Reconcile and skip primary IP 10.20.0.29 on ENI eni-EXAMPLE20"}
{"level":"debug","ts":"2026-10-05T08:43:59.520Z","caller":"ipamd/ipamd.go:798","msg":"Reconcile existing ENI eni-EXAMPLE20 IP prefixes"}
{"level":"debug","ts":"2026-10-05T08:43:59.520Z","caller":"ipamd/ipamd.go:1693","msg":"Found prefix pool count 0 for eni eni-EXAMPLE20\n"}
{"level":"debug","ts":"2026-10-05T08:43:59.520Z","caller":"ipamd/ipamd.go:798","msg":"Successfully Reconciled ENI/IP pool"}
{"level":"debug","ts":"2026-10-05T08:43:59.520Z","caller":"ipamd/ipamd.go:1738","msg":"Prefix pool stats for network card 0: Total IPs/Prefixes = 0/0, AssignedIPs/CooldownIPs: 0/0, c.maxIPsPerENI = 80"}
{"level":"debug","ts":"2026-10-05T08:43:59.520Z","caller":"ipamd/ipamd.go:798","msg":"Primary IP for ENI eni-EXAMPLE20 is 10.20.0.29"}
