{"level":"info","ts":"2026-10-05T08:08:39.703Z","caller":"logger/logger.go:52","msg":"Constructed new logger instance"}
{"level":"info","ts":"2026-10-05T08:08:39.703Z","caller":"netlinkwrapper/netlink.go:27","msg":"Initialized new logger as an existing instance was not found"}
{"level":"info","ts":"2026-10-05T08:08:39.744Z","caller":"logger/logger.go:52","msg":"Constructed new logger instance"}
{"level":"info","ts":"2026-10-05T08:08:39.744Z","caller":"netlinkwrapper/netlink.go:27","msg":"Initialized new logger as an existing instance was not found"}
{"level":"info","ts":"2026-10-05T08:08:39.772Z","caller":"aws-k8s-agent/main.go:52","msg":"Starting L-IPAMD   ..."}
{"level":"info","ts":"2026-10-05T08:08:39.772Z","caller":"aws-k8s-agent/main.go:52","msg":"Waiting to connect API server for upto 30s..."}
{"level":"info","ts":"2026-10-05T08:08:39.773Z","caller":"aws-k8s-agent/main.go:127","msg":"Testing communication with server ..."}
{"level":"info","ts":"2026-10-05T08:08:39.789Z","caller":"wait/loop.go:53","msg":"Successful communication with the Cluster! Cluster Version is: v1.36.4-eks-cfb47f5"}
{"level":"info","ts":"2026-10-05T08:08:39.789Z","caller":"aws-k8s-agent/main.go:52","msg":"API server connectivity established."}
{"level":"info","ts":"2026-10-05T08:08:39.797Z","caller":"aws-k8s-agent/main.go:136","msg":"Cache-based Kubernetes client successfully created."}
{"level":"info","ts":"2026-10-05T08:08:39.798Z","caller":"aws-k8s-agent/main.go:136","msg":"k8sClient created successfully"}
{"level":"debug","ts":"2026-10-05T08:08:39.899Z","caller":"eventrecorder/eventrecorder.go:68","msg":"Pod found aws-node-r6tgz - labels - 5"}
{"level":"debug","ts":"2026-10-05T08:08:39.909Z","caller":"awssession/session.go:44","msg":"HTTP_TIMEOUT env is not set or set to less than 10 seconds, defaulting to httpTimeout to 10s"}
{"level":"debug","ts":"2026-10-05T08:08:39.921Z","caller":"ipamd/ipamd.go:414","msg":"Discovered region: us-east-1"}
{"level":"info","ts":"2026-10-05T08:08:39.921Z","caller":"ipamd/ipamd.go:414","msg":"Custom networking enabled false"}
{"level":"info","ts":"2026-10-05T08:08:39.921Z","caller":"ipamd/ipamd.go:414","msg":"Subnet discovery enabled true"}
{"level":"debug","ts":"2026-10-05T08:08:39.923Z","caller":"awsutils/awsutils.go:471","msg":"Found availability zone: us-east-1b "}
{"level":"debug","ts":"2026-10-05T08:08:39.925Z","caller":"awsutils/awsutils.go:471","msg":"Discovered the instance primary IPv4 address: 10.20.0.45"}
{"level":"debug","ts":"2026-10-05T08:08:39.932Z","caller":"awsutils/awsutils.go:471","msg":"Found instance-id: i-EXAMPLE5 "}
{"level":"debug","ts":"2026-10-05T08:08:39.937Z","caller":"awsutils/awsutils.go:471","msg":"Found instance-type: t3.medium "}
{"level":"debug","ts":"2026-10-05T08:08:39.939Z","caller":"awsutils/awsutils.go:471","msg":"Found primary interface's MAC address: 0a:ff:fa:8c:c5:65"}
{"level":"debug","ts":"2026-10-05T08:08:39.953Z","caller":"awsutils/awsutils.go:471","msg":"eni-EXAMPLE11 is the primary ENI of this instance"}
{"level":"debug","ts":"2026-10-05T08:08:39.954Z","caller":"awsutils/awsutils.go:471","msg":"Found subnet-id: subnet-EXAMPLE1 "}
{"level":"debug","ts":"2026-10-05T08:08:39.957Z","caller":"awsutils/awsutils.go:471","msg":"Found vpc-id: vpc-EXAMPLE1 "}
{"level":"debug","ts":"2026-10-05T08:08:39.957Z","caller":"ipamd/ipamd.go:423","msg":"Using WARM_ENI_TARGET 1"}
{"level":"debug","ts":"2026-10-05T08:08:39.957Z","caller":"ipamd/ipamd.go:424","msg":"Using WARM_IP_TARGET 2"}
{"level":"debug","ts":"2026-10-05T08:08:39.957Z","caller":"ipamd/ipamd.go:425","msg":"Using MINIMUM_IP_TARGET 5"}
{"level":"debug","ts":"2026-10-05T08:08:39.957Z","caller":"ipamd/ipamd.go:426","msg":"Using WARM_PREFIX_TARGET 1"}
{"level":"info","ts":"2026-10-05T08:08:39.957Z","caller":"ipamd/ipamd.go:449","msg":"Prefix Delegation enabled false"}
{"level":"debug","ts":"2026-10-05T08:08:39.957Z","caller":"ipamd/ipamd.go:453","msg":"Start node init"}
{"level":"debug","ts":"2026-10-05T08:08:39.957Z","caller":"ipamd/ipamd.go:464","msg":"Max ip per ENI 5 and max prefixes per ENI 0"}
{"level":"info","ts":"2026-10-05T08:08:39.958Z","caller":"awsutils/awsutils.go:2417","msg":"Will attempt to clean up AWS CNI leaked ENIs after waiting 1m12s."}
{"level":"info","ts":"2026-10-05T08:08:39.958Z","caller":"ipamd/ipamd.go:476","msg":"Setting up host network... "}
{"level":"debug","ts":"2026-10-05T08:08:39.959Z","caller":"netlinkwrapper/netlink.go:138","msg":"netlink operation succeeded on attempt 1 of 5"}
{"level":"debug","ts":"2026-10-05T08:08:39.959Z","caller":"networkutils/network.go:309","msg":"Found the Link that uses mac address 0a:ff:fa:8c:c5:65 and its index is 2 (attempt 1/5)"}
{"level":"debug","ts":"2026-10-05T08:08:39.959Z","caller":"networkutils/network.go:467","msg":"Trying to find primary interface that has mac : 0a:ff:fa:8c:c5:65"}
{"level":"debug","ts":"2026-10-05T08:08:39.959Z","caller":"networkutils/network.go:467","msg":"Discovered interface: lo, mac: "}
{"level":"debug","ts":"2026-10-05T08:08:39.959Z","caller":"networkutils/network.go:467","msg":"Discovered interface: ens5, mac: 0a:ff:fa:8c:c5:65"}
{"level":"info","ts":"2026-10-05T08:08:39.959Z","caller":"networkutils/network.go:467","msg":"Discovered primary interface: ens5"}
{"level":"debug","ts":"2026-10-05T08:08:39.962Z","caller":"networkutils/network.go:478","msg":"Adding 10.20.0.0/24 CIDR to NAT chain"}
{"level":"debug","ts":"2026-10-05T08:08:39.962Z","caller":"networkutils/network.go:478","msg":"Total CIDRs to program - 1"}
{"level":"debug","ts":"2026-10-05T08:08:39.962Z","caller":"networkutils/network.go:478","msg":"Setup Host Network: iptables -N AWS-SNAT-CHAIN-0 -t nat"}
{"level":"debug","ts":"2026-10-05T08:08:39.966Z","caller":"networkutils/network.go:478","msg":"Setup Host Network: iptables -A POSTROUTING -m comment --comment \"AWS SNAT CHAIN\" -j AWS-SNAT-CHAIN-0"}
{"level":"debug","ts":"2026-10-05T08:08:39.966Z","caller":"networkutils/network.go:478","msg":"Setup Host Network: iptables -A AWS-SNAT-CHAIN-0 -d 10.20.0.0/24 -m comment --comment AWS SNAT CHAIN -t nat -j RETURN"}
{"level":"debug","ts":"2026-10-05T08:08:39.966Z","caller":"networkutils/network.go:691","msg":"Setup Host Network: loading existing iptables nat rules with chain prefix AWS-SNAT-CHAIN"}
{"level":"debug","ts":"2026-10-05T08:08:39.973Z","caller":"networkutils/network.go:691","msg":"host network setup: found potentially stale rule for chain AWS-SNAT-CHAIN-0: [-N AWS-SNAT-CHAIN-0]"}
{"level":"debug","ts":"2026-10-05T08:08:39.973Z","caller":"networkutils/network.go:564","msg":"Setup Host Network: computing stale iptables rules for nat table with chain prefix AWS-SNAT-CHAIN"}
{"level":"debug","ts":"2026-10-05T08:08:39.973Z","caller":"networkutils/network.go:564","msg":"Setup Host Network: active chain found: AWS-SNAT-CHAIN-0"}
{"level":"debug","ts":"2026-10-05T08:08:39.973Z","caller":"networkutils/network.go:478","msg":"iptableRules: [nat/POSTROUTING rule first SNAT rules for non-VPC outbound traffic shouldExist true rule [-m comment --comment AWS SNAT CHAIN -j AWS-SNAT-CHAIN-0] nat/AWS-SNAT-CHAIN-0 rule AWS-SNAT-CHAIN-0 shouldExist true rule [-d 10.20.0.0/24 -m comment --comment AWS SNAT CHAIN -j RETURN] nat/AWS-SNAT-CHAIN-0 rule last SNAT rule for non-VPC outbound traffic shouldExist true rule [! -o vlan+ -m comment --comment AWS, SNAT -m addrtype ! --dst-type LOCAL -j SNAT --to-source 10.20.0.45 --random-fully] mangle/PREROUTING rule connmark for primary ENI shouldExist true rule [-m comment --comment AWS, primary ENI -i ens5 -m addrtype --dst-type LOCAL --limit-iface-in -j CONNMARK --set-mark 0x80/0x80] mangle/PREROUTING rule connmark restore for primary ENI shouldExist true rule [-m comment --comment AWS, primary ENI -i eni+ -j CONNMARK --restore-mark --mask 0x80] mangle/PREROUTING rule connmark restore for primary ENI from vlan shouldExist true rule [-m comment --comment AWS, primary ENI -i vlan+ -j CONNMARK --restore-mark --mask 0x80]]"}
{"level":"debug","ts":"2026-10-05T08:08:39.973Z","caller":"networkutils/network.go:482","msg":"execute iptable rule : first SNAT rules for non-VPC outbound traffic"}
{"level":"debug","ts":"2026-10-05T08:08:39.975Z","caller":"networkutils/network.go:482","msg":"rule nat/POSTROUTING rule first SNAT rules for non-VPC outbound traffic shouldExist true rule [-m comment --comment AWS SNAT CHAIN -j AWS-SNAT-CHAIN-0] exists false, err <nil>"}
{"level":"debug","ts":"2026-10-05T08:08:39.978Z","caller":"networkutils/network.go:482","msg":"execute iptable rule : AWS-SNAT-CHAIN-0"}
{"level":"debug","ts":"2026-10-05T08:08:39.981Z","caller":"networkutils/network.go:482","msg":"rule nat/AWS-SNAT-CHAIN-0 rule AWS-SNAT-CHAIN-0 shouldExist true rule [-d 10.20.0.0/24 -m comment --comment AWS SNAT CHAIN -j RETURN] exists false, err <nil>"}
{"level":"debug","ts":"2026-10-05T08:08:39.983Z","caller":"networkutils/network.go:482","msg":"execute iptable rule : last SNAT rule for non-VPC outbound traffic"}
{"level":"debug","ts":"2026-10-05T08:08:39.986Z","caller":"networkutils/network.go:482","msg":"rule nat/AWS-SNAT-CHAIN-0 rule last SNAT rule for non-VPC outbound traffic shouldExist true rule [! -o vlan+ -m comment --comment AWS, SNAT -m addrtype ! --dst-type LOCAL -j SNAT --to-source 10.20.0.45 --random-fully] exists false, err <nil>"}
{"level":"debug","ts":"2026-10-05T08:08:39.990Z","caller":"networkutils/network.go:482","msg":"execute iptable rule : connmark for primary ENI"}
{"level":"debug","ts":"2026-10-05T08:08:40.000Z","caller":"networkutils/network.go:482","msg":"rule mangle/PREROUTING rule connmark for primary ENI shouldExist true rule [-m comment --comment AWS, primary ENI -i ens5 -m addrtype --dst-type LOCAL --limit-iface-in -j CONNMARK --set-mark 0x80/0x80] exists false, err <nil>"}
{"level":"debug","ts":"2026-10-05T08:08:40.004Z","caller":"networkutils/network.go:482","msg":"execute iptable rule : connmark restore for primary ENI"}
{"level":"debug","ts":"2026-10-05T08:08:40.008Z","caller":"networkutils/network.go:482","msg":"rule mangle/PREROUTING rule connmark restore for primary ENI shouldExist true rule [-m comment --comment AWS, primary ENI -i eni+ -j CONNMARK --restore-mark --mask 0x80] exists false, err <nil>"}
{"level":"debug","ts":"2026-10-05T08:08:40.012Z","caller":"networkutils/network.go:482","msg":"execute iptable rule : connmark restore for primary ENI from vlan"}
{"level":"debug","ts":"2026-10-05T08:08:40.015Z","caller":"networkutils/network.go:482","msg":"rule mangle/PREROUTING rule connmark restore for primary ENI from vlan shouldExist true rule [-m comment --comment AWS, primary ENI -i vlan+ -j CONNMARK --restore-mark --mask 0x80] exists false, err <nil>"}
{"level":"info","ts":"2026-10-05T08:08:40.019Z","caller":"networkutils/nftables_connmark.go:135","msg":"chain does not exists nat-prerouting: conn.Execute failed: netlink receive: no such file or directory"}
{"level":"info","ts":"2026-10-05T08:08:40.019Z","caller":"networkutils/nftables_connmark.go:139","msg":"chain does not exists snat-mark: conn.Execute failed: netlink receive: no such file or directory"}
{"level":"debug","ts":"2026-10-05T08:08:40.019Z","caller":"networkutils/nftables_connmark.go:147","msg":"base chain nat-prerouting: rules missing or out of order (fib=false jump=false restore=false ordered=false stale=0); flushing and reinstalling all 3 rules"}
{"level":"debug","ts":"2026-10-05T08:08:40.187Z","caller":"awsutils/awsutils.go:1743","msg":"Total number of interfaces found: 1 "}
{"level":"debug","ts":"2026-10-05T08:08:40.187Z","caller":"awsutils/awsutils.go:787","msg":"Found ENI MAC address: 0a:ff:fa:8c:c5:65"}
{"level":"debug","ts":"2026-10-05T08:08:40.196Z","caller":"awsutils/awsutils.go:787","msg":"Found ENI: eni-EXAMPLE11, MAC 0a:ff:fa:8c:c5:65, device 0"}
{"level":"debug","ts":"2026-10-05T08:08:40.199Z","caller":"awsutils/awsutils.go:787","msg":"Found IPv4 addresses associated with interface. This is not efa-only interface"}
{"level":"info","ts":"2026-10-05T08:08:40.430Z","caller":"ipamd/ipamd.go:489","msg":"Got network card index 0 for ENI eni-EXAMPLE11"}
{"level":"info","ts":"2026-10-05T08:08:40.430Z","caller":"ipamd/ipamd.go:489","msg":"eni-EXAMPLE11 is of type: interface"}
{"level":"debug","ts":"2026-10-05T08:08:40.430Z","caller":"ipamd/ipamd.go:453","msg":"DescribeAllENIs success: ENIs: 1, tagged: 1"}
{"level":"info","ts":"2026-10-05T08:08:40.430Z","caller":"ipamd/ipamd.go:501","msg":"initialized datastore for network cards index 0"}
{"level":"debug","ts":"2026-10-05T08:08:40.430Z","caller":"ipamd/ipamd.go:453","msg":"Discovered ENI eni-EXAMPLE11, trying to set it up"}
{"level":"debug","ts":"2026-10-05T08:08:40.430Z","caller":"ipamd/ipamd.go:532","msg":"Tagging ENI eni-EXAMPLE11 with missing tags: map[cluster.k8s.amazonaws.com/name:eks-ipv4-lab eks:eni:owner:amazon-vpc-cni node.k8s.amazonaws.com/instance_id:i-EXAMPLE5]"}
{"level":"debug","ts":"2026-10-05T08:08:40.622Z","caller":"retry/retry.go:70","msg":"Successfully tagged ENI: eni-EXAMPLE11"}
{"level":"debug","ts":"2026-10-05T08:08:40.622Z","caller":"ipamd/ipamd.go:1313","msg":"DataStore add an ENI eni-EXAMPLE11"}
{"level":"debug","ts":"2026-10-05T08:08:40.979Z","caller":"ipamd/ipamd.go:2913","msg":"IsSubnetExcluded: subnet subnet-EXAMPLE1 has no kubernetes.io/role/cni tag, not excluded"}
{"level":"info","ts":"2026-10-05T08:08:40.980Z","caller":"ipamd/ipamd.go:541","msg":"Found ENIs having 1 secondary IPs and 0 Prefixes"}
{"level":"debug","ts":"2026-10-05T08:08:40.980Z","caller":"ipamd/ipamd.go:1394","msg":"IP pool stats for network card 0: Total IPs/Prefixes = 0/0, AssignedIPs/CooldownIPs: 0/0, c.maxIPsPerENI = 5"}
{"level":"debug","ts":"2026-10-05T08:08:40.980Z","caller":"ipamd/ipamd.go:1415","msg":"IP pool stats for network card 0: Total IPs/Prefixes = 0/0, AssignedIPs/CooldownIPs: 0/0, c.maxIPsPerENI = 5"}
{"level":"info","ts":"2026-10-05T08:08:40.980Z","caller":"ipamd/ipamd.go:453","msg":"ENI eni-EXAMPLE11 set up."}
{"level":"info","ts":"2026-10-05T08:08:40.980Z","caller":"datastore/data_store.go:1767","msg":"Begin ipam state recovery from backing store"}
{"level":"debug","ts":"2026-10-05T08:08:40.980Z","caller":"datastore/data_store.go:1767","msg":"backing store doesn't exists, assuming bootstrap on a new node"}
{"level":"debug","ts":"2026-10-05T08:08:40.980Z","caller":"ipamd/ipamd.go:569","msg":"checkAndHandleAllENIExclusion: completed ENI exclusion check"}
{"level":"debug","ts":"2026-10-05T08:08:40.980Z","caller":"ipamd/ipamd.go:579","msg":"tryUnassignPrefixesFromENIs"}
{"level":"debug","ts":"2026-10-05T08:08:40.980Z","caller":"netlinkwrapper/netlink.go:204","msg":"netlink operation succeeded on attempt 1 of 5"}
{"level":"debug","ts":"2026-10-05T08:08:40.980Z","caller":"ipamd/ipamd.go:730","msg":"Update Rule List with set []"}
{"level":"info","ts":"2026-10-05T08:08:40.982Z","caller":"awsutils/awsutils.go:749","msg":"Found primary SG sg-EXAMPLE1, added to ipamd cache"}
{"level":"debug","ts":"2026-10-05T08:08:40.983Z","caller":"awsutils/awsutils.go:767","msg":"Update ENI eni-EXAMPLE11 with security groups [sg-EXAMPLE1]"}
{"level":"info","ts":"2026-10-05T08:08:41.465Z","caller":"ipamd/ipamd.go:609","msg":"Get Node Info for: ip-10-20-0-45.ec2.internal"}
{"level":"debug","ts":"2026-10-05T08:08:41.566Z","caller":"ipamd/ipamd.go:669","msg":"is datastore pool low for networkCard 0, decision true"}
{"level":"debug","ts":"2026-10-05T08:08:41.566Z","caller":"ipamd/ipamd.go:684","msg":"Starting to increase pool size for network card 0"}
{"level":"debug","ts":"2026-10-05T08:08:41.566Z","caller":"ipamd/ipamd.go:966","msg":"Node found \"ip-10-20-0-45.ec2.internal\" - no of taints - 1"}
{"level":"debug","ts":"2026-10-05T08:08:41.566Z","caller":"ipamd/ipamd.go:1135","msg":"Found ENI eni-EXAMPLE11 that has less than the maximum number of IP/Prefixes addresses allocated: cur=0, max=5"}
{"level":"info","ts":"2026-10-05T08:08:41.566Z","caller":"ipamd/ipamd.go:1141","msg":"Trying to allocate 5 IP addresses on ENI eni-EXAMPLE11"}
{"level":"debug","ts":"2026-10-05T08:08:41.566Z","caller":"ipamd/ipamd.go:1141","msg":"PD enabled - false"}
{"level":"info","ts":"2026-10-05T08:08:42.142Z","caller":"ipamd/ipamd.go:1141","msg":"Allocated 5 private IP addresses"}
{"level":"debug","ts":"2026-10-05T08:08:42.142Z","caller":"ipamd/ipamd.go:1156","msg":"containsPrivateIPAddressLimitExceededError encountered <nil>"}
{"level":"info","ts":"2026-10-05T08:08:42.143Z","caller":"ipamd/ipamd.go:1387","msg":"Adding 10.20.0.53/32 to DS for eni-EXAMPLE11"}
{"level":"info","ts":"2026-10-05T08:08:42.143Z","caller":"ipamd/ipamd.go:1387","msg":"Added ENI(eni-EXAMPLE11)'s IP/Prefix 10.20.0.53/32 to datastore"}
{"level":"info","ts":"2026-10-05T08:08:42.143Z","caller":"ipamd/ipamd.go:1387","msg":"Adding 10.20.0.48/32 to DS for eni-EXAMPLE11"}
{"level":"info","ts":"2026-10-05T08:08:42.143Z","caller":"ipamd/ipamd.go:1387","msg":"Added ENI(eni-EXAMPLE11)'s IP/Prefix 10.20.0.48/32 to datastore"}
{"level":"info","ts":"2026-10-05T08:08:42.143Z","caller":"ipamd/ipamd.go:1387","msg":"Adding 10.20.0.46/32 to DS for eni-EXAMPLE11"}
{"level":"info","ts":"2026-10-05T08:08:42.143Z","caller":"ipamd/ipamd.go:1387","msg":"Added ENI(eni-EXAMPLE11)'s IP/Prefix 10.20.0.46/32 to datastore"}
{"level":"info","ts":"2026-10-05T08:08:42.143Z","caller":"ipamd/ipamd.go:1387","msg":"Adding 10.20.0.58/32 to DS for eni-EXAMPLE11"}
{"level":"info","ts":"2026-10-05T08:08:42.143Z","caller":"ipamd/ipamd.go:1387","msg":"Added ENI(eni-EXAMPLE11)'s IP/Prefix 10.20.0.58/32 to datastore"}
{"level":"info","ts":"2026-10-05T08:08:42.143Z","caller":"ipamd/ipamd.go:1387","msg":"Adding 10.20.0.43/32 to DS for eni-EXAMPLE11"}
{"level":"info","ts":"2026-10-05T08:08:42.143Z","caller":"ipamd/ipamd.go:1387","msg":"Added ENI(eni-EXAMPLE11)'s IP/Prefix 10.20.0.43/32 to datastore"}
{"level":"debug","ts":"2026-10-05T08:08:42.143Z","caller":"ipamd/ipamd.go:1394","msg":"IP pool stats for network card 0: Total IPs/Prefixes = 5/0, AssignedIPs/CooldownIPs: 0/0, c.maxIPsPerENI = 5"}
{"level":"debug","ts":"2026-10-05T08:08:42.143Z","caller":"ipamd/ipamd.go:1053","msg":"IP pool stats for network card 0: Total IPs/Prefixes = 5/0, AssignedIPs/CooldownIPs: 0/0, c.maxIPsPerENI = 5"}
{"level":"debug","ts":"2026-10-05T08:08:42.143Z","caller":"ipamd/ipamd.go:453","msg":"node init completed successfully"}
{"level":"info","ts":"2026-10-05T08:08:42.143Z","caller":"ipamd/rpc_handler.go:492","msg":"Serving RPC Handler version  on unix:/var/run/aws-node/ipamd.sock"}
{"level":"info","ts":"2026-10-05T08:08:42.143Z","caller":"runtime/asm_amd64.s:1771","msg":"IP pool manager - max pods: 17, warm IP target: 2, warm prefix target: 1, warm ENI target: 1, minimum IP target: 5"}
{"level":"info","ts":"2026-10-05T08:08:42.143Z","caller":"runtime/asm_amd64.s:1771","msg":"Serving metrics on port 61678"}
{"level":"info","ts":"2026-10-05T08:08:42.143Z","caller":"runtime/asm_amd64.s:1771","msg":"Setting up shutdown hook."}
{"level":"info","ts":"2026-10-05T08:08:42.143Z","caller":"ipamd/introspect.go:55","msg":"Serving introspection endpoints on 127.0.0.1:61679"}
{"level":"debug","ts":"2026-10-05T08:08:44.643Z","caller":"ipamd/ipamd.go:795","msg":"IP stats for Network Card 0 - total IPs: 5, assigned IPs: 0, cooldown IPs: 0"}
{"level":"debug","ts":"2026-10-05T08:08:44.643Z","caller":"ipamd/ipamd.go:861","msg":"Node found \"ip-10-20-0-45.ec2.internal\" - no of taints - 0"}
{"level":"debug","ts":"2026-10-05T08:08:44.643Z","caller":"datastore/data_store.go:1148","msg":"ENI eni-EXAMPLE11 cannot be deleted because it is primary"}
{"level":"debug","ts":"2026-10-05T08:08:49.643Z","caller":"ipamd/ipamd.go:795","msg":"IP stats for Network Card 0 - total IPs: 5, assigned IPs: 0, cooldown IPs: 0"}
{"level":"debug","ts":"2026-10-05T08:08:49.644Z","caller":"ipamd/ipamd.go:861","msg":"Node found \"ip-10-20-0-45.ec2.internal\" - no of taints - 0"}
{"level":"debug","ts":"2026-10-05T08:08:49.644Z","caller":"datastore/data_store.go:1148","msg":"ENI eni-EXAMPLE11 cannot be deleted because it is primary"}
{"level":"debug","ts":"2026-10-05T08:08:54.644Z","caller":"ipamd/ipamd.go:795","msg":"IP stats for Network Card 0 - total IPs: 5, assigned IPs: 0, cooldown IPs: 0"}
{"level":"debug","ts":"2026-10-05T08:08:54.644Z","caller":"ipamd/ipamd.go:861","msg":"Node found \"ip-10-20-0-45.ec2.internal\" - no of taints - 0"}
{"level":"debug","ts":"2026-10-05T08:08:54.644Z","caller":"datastore/data_store.go:1148","msg":"ENI eni-EXAMPLE11 cannot be deleted because it is primary"}
{"level":"debug","ts":"2026-10-05T08:08:59.647Z","caller":"ipamd/ipamd.go:795","msg":"IP stats for Network Card 0 - total IPs: 5, assigned IPs: 0, cooldown IPs: 0"}
{"level":"debug","ts":"2026-10-05T08:08:59.647Z","caller":"ipamd/ipamd.go:861","msg":"Node found \"ip-10-20-0-45.ec2.internal\" - no of taints - 0"}
{"level":"debug","ts":"2026-10-05T08:08:59.647Z","caller":"datastore/data_store.go:1148","msg":"ENI eni-EXAMPLE11 cannot be deleted because it is primary"}
{"level":"debug","ts":"2026-10-05T08:09:04.648Z","caller":"ipamd/ipamd.go:795","msg":"IP stats for Network Card 0 - total IPs: 5, assigned IPs: 0, cooldown IPs: 0"}
{"level":"debug","ts":"2026-10-05T08:09:04.649Z","caller":"ipamd/ipamd.go:861","msg":"Node found \"ip-10-20-0-45.ec2.internal\" - no of taints - 0"}
{"level":"debug","ts":"2026-10-05T08:09:04.649Z","caller":"datastore/data_store.go:1148","msg":"ENI eni-EXAMPLE11 cannot be deleted because it is primary"}
{"level":"debug","ts":"2026-10-05T08:09:09.652Z","caller":"ipamd/ipamd.go:795","msg":"IP stats for Network Card 0 - total IPs: 5, assigned IPs: 0, cooldown IPs: 0"}
{"level":"debug","ts":"2026-10-05T08:09:09.652Z","caller":"ipamd/ipamd.go:861","msg":"Node found \"ip-10-20-0-45.ec2.internal\" - no of taints - 0"}
{"level":"debug","ts":"2026-10-05T08:09:09.652Z","caller":"datastore/data_store.go:1148","msg":"ENI eni-EXAMPLE11 cannot be deleted because it is primary"}
{"level":"debug","ts":"2026-10-05T08:09:14.652Z","caller":"ipamd/ipamd.go:795","msg":"IP stats for Network Card 0 - total IPs: 5, assigned IPs: 0, cooldown IPs: 0"}
{"level":"debug","ts":"2026-10-05T08:09:14.652Z","caller":"ipamd/ipamd.go:861","msg":"Node found \"ip-10-20-0-45.ec2.internal\" - no of taints - 0"}
{"level":"debug","ts":"2026-10-05T08:09:14.652Z","caller":"datastore/data_store.go:1148","msg":"ENI eni-EXAMPLE11 cannot be deleted because it is primary"}
{"level":"debug","ts":"2026-10-05T08:09:19.654Z","caller":"ipamd/ipamd.go:795","msg":"IP stats for Network Card 0 - total IPs: 5, assigned IPs: 0, cooldown IPs: 0"}
{"level":"debug","ts":"2026-10-05T08:09:19.654Z","caller":"ipamd/ipamd.go:861","msg":"Node found \"ip-10-20-0-45.ec2.internal\" - no of taints - 0"}
{"level":"debug","ts":"2026-10-05T08:09:19.654Z","caller":"datastore/data_store.go:1148","msg":"ENI eni-EXAMPLE11 cannot be deleted because it is primary"}
{"level":"debug","ts":"2026-10-05T08:09:24.655Z","caller":"ipamd/ipamd.go:795","msg":"IP stats for Network Card 0 - total IPs: 5, assigned IPs: 0, cooldown IPs: 0"}
{"level":"debug","ts":"2026-10-05T08:09:24.655Z","caller":"ipamd/ipamd.go:861","msg":"Node found \"ip-10-20-0-45.ec2.internal\" - no of taints - 0"}
{"level":"debug","ts":"2026-10-05T08:09:24.655Z","caller":"datastore/data_store.go:1148","msg":"ENI eni-EXAMPLE11 cannot be deleted because it is primary"}
{"level":"debug","ts":"2026-10-05T08:09:29.657Z","caller":"ipamd/ipamd.go:795","msg":"IP stats for Network Card 0 - total IPs: 5, assigned IPs: 0, cooldown IPs: 0"}
{"level":"debug","ts":"2026-10-05T08:09:29.657Z","caller":"ipamd/ipamd.go:861","msg":"Node found \"ip-10-20-0-45.ec2.internal\" - no of taints - 0"}
{"level":"debug","ts":"2026-10-05T08:09:29.657Z","caller":"datastore/data_store.go:1148","msg":"ENI eni-EXAMPLE11 cannot be deleted because it is primary"}
{"level":"debug","ts":"2026-10-05T08:09:34.657Z","caller":"ipamd/ipamd.go:795","msg":"IP stats for Network Card 0 - total IPs: 5, assigned IPs: 0, cooldown IPs: 0"}
{"level":"debug","ts":"2026-10-05T08:09:34.658Z","caller":"ipamd/ipamd.go:861","msg":"Node found \"ip-10-20-0-45.ec2.internal\" - no of taints - 0"}
{"level":"debug","ts":"2026-10-05T08:09:34.658Z","caller":"datastore/data_store.go:1148","msg":"ENI eni-EXAMPLE11 cannot be deleted because it is primary"}
{"level":"debug","ts":"2026-10-05T08:09:39.659Z","caller":"ipamd/ipamd.go:795","msg":"IP stats for Network Card 0 - total IPs: 5, assigned IPs: 0, cooldown IPs: 0"}
{"level":"debug","ts":"2026-10-05T08:09:39.659Z","caller":"ipamd/ipamd.go:861","msg":"Node found \"ip-10-20-0-45.ec2.internal\" - no of taints - 0"}
{"level":"debug","ts":"2026-10-05T08:09:39.659Z","caller":"datastore/data_store.go:1148","msg":"ENI eni-EXAMPLE11 cannot be deleted because it is primary"}
{"level":"debug","ts":"2026-10-05T08:09:42.160Z","caller":"ipamd/ipamd.go:798","msg":"Reconciling ENI/IP pool info because time since last 1m0.017705683s > 1m0s"}
{"level":"debug","ts":"2026-10-05T08:09:42.165Z","caller":"ipamd/ipamd.go:1621","msg":"Total number of interfaces found: 1 "}
{"level":"debug","ts":"2026-10-05T08:09:42.165Z","caller":"awsutils/awsutils.go:787","msg":"Found ENI MAC address: 0a:ff:fa:8c:c5:65"}
{"level":"debug","ts":"2026-10-05T08:09:42.168Z","caller":"awsutils/awsutils.go:787","msg":"Found ENI: eni-EXAMPLE11, MAC 0a:ff:fa:8c:c5:65, device 0"}
{"level":"debug","ts":"2026-10-05T08:09:42.171Z","caller":"awsutils/awsutils.go:787","msg":"Found IPv4 addresses associated with interface. This is not efa-only interface"}
{"level":"debug","ts":"2026-10-05T08:09:42.177Z","caller":"ipamd/ipamd.go:798","msg":"Reconcile existing ENI eni-EXAMPLE11 IP pool"}
{"level":"info","ts":"2026-10-05T08:09:42.177Z","caller":"ipamd/ipamd.go:1766","msg":"Reconcile and skip primary IP 10.20.0.45 on ENI eni-EXAMPLE11"}
{"level":"info","ts":"2026-10-05T08:09:42.177Z","caller":"ipamd/ipamd.go:1766","msg":"Trying to add 10.20.0.53"}
{"level":"info","ts":"2026-10-05T08:09:42.177Z","caller":"ipamd/ipamd.go:1890","msg":"Adding 10.20.0.53/32 to DS for eni-EXAMPLE11"}
{"level":"info","ts":"2026-10-05T08:09:42.177Z","caller":"ipamd/ipamd.go:1890","msg":"IP already in DS"}
{"level":"info","ts":"2026-10-05T08:09:42.177Z","caller":"ipamd/ipamd.go:1766","msg":"Trying to add 10.20.0.48"}
{"level":"info","ts":"2026-10-05T08:09:42.177Z","caller":"ipamd/ipamd.go:1890","msg":"Adding 10.20.0.48/32 to DS for eni-EXAMPLE11"}
{"level":"info","ts":"2026-10-05T08:09:42.177Z","caller":"ipamd/ipamd.go:1890","msg":"IP already in DS"}
{"level":"info","ts":"2026-10-05T08:09:42.177Z","caller":"ipamd/ipamd.go:1766","msg":"Trying to add 10.20.0.46"}
{"level":"info","ts":"2026-10-05T08:09:42.177Z","caller":"ipamd/ipamd.go:1890","msg":"Adding 10.20.0.46/32 to DS for eni-EXAMPLE11"}
{"level":"info","ts":"2026-10-05T08:09:42.177Z","caller":"ipamd/ipamd.go:1890","msg":"IP already in DS"}
{"level":"info","ts":"2026-10-05T08:09:42.177Z","caller":"ipamd/ipamd.go:1766","msg":"Trying to add 10.20.0.58"}
{"level":"info","ts":"2026-10-05T08:09:42.177Z","caller":"ipamd/ipamd.go:1890","msg":"Adding 10.20.0.58/32 to DS for eni-EXAMPLE11"}
{"level":"info","ts":"2026-10-05T08:09:42.177Z","caller":"ipamd/ipamd.go:1890","msg":"IP already in DS"}
{"level":"info","ts":"2026-10-05T08:09:42.177Z","caller":"ipamd/ipamd.go:1766","msg":"Trying to add 10.20.0.43"}
{"level":"info","ts":"2026-10-05T08:09:42.177Z","caller":"ipamd/ipamd.go:1890","msg":"Adding 10.20.0.43/32 to DS for eni-EXAMPLE11"}
{"level":"info","ts":"2026-10-05T08:09:42.177Z","caller":"ipamd/ipamd.go:1890","msg":"IP already in DS"}
{"level":"debug","ts":"2026-10-05T08:09:42.177Z","caller":"ipamd/ipamd.go:798","msg":"Reconcile existing ENI eni-EXAMPLE11 IP prefixes"}
{"level":"debug","ts":"2026-10-05T08:09:42.177Z","caller":"ipamd/ipamd.go:1693","msg":"Found prefix pool count 0 for eni eni-EXAMPLE11\n"}
{"level":"debug","ts":"2026-10-05T08:09:42.177Z","caller":"ipamd/ipamd.go:798","msg":"Successfully Reconciled ENI/IP pool"}
{"level":"debug","ts":"2026-10-05T08:09:42.177Z","caller":"ipamd/ipamd.go:1738","msg":"IP pool stats for network card 0: Total IPs/Prefixes = 5/0, AssignedIPs/CooldownIPs: 0/0, c.maxIPsPerENI = 5"}
{"level":"debug","ts":"2026-10-05T08:09:42.177Z","caller":"ipamd/ipamd.go:798","msg":"Primary IP for ENI eni-EXAMPLE11 is 10.20.0.45"}
{"level":"debug","ts":"2026-10-05T08:09:44.679Z","caller":"ipamd/ipamd.go:795","msg":"IP stats for Network Card 0 - total IPs: 5, assigned IPs: 0, cooldown IPs: 0"}
{"level":"debug","ts":"2026-10-05T08:09:44.679Z","caller":"ipamd/ipamd.go:861","msg":"Node found \"ip-10-20-0-45.ec2.internal\" - no of taints - 0"}
{"level":"debug","ts":"2026-10-05T08:09:44.679Z","caller":"datastore/data_store.go:1148","msg":"ENI eni-EXAMPLE11 cannot be deleted because it is primary"}
{"level":"debug","ts":"2026-10-05T08:09:49.681Z","caller":"ipamd/ipamd.go:795","msg":"IP stats for Network Card 0 - total IPs: 5, assigned IPs: 0, cooldown IPs: 0"}
{"level":"debug","ts":"2026-10-05T08:09:49.681Z","caller":"ipamd/ipamd.go:861","msg":"Node found \"ip-10-20-0-45.ec2.internal\" - no of taints - 0"}
{"level":"debug","ts":"2026-10-05T08:09:49.681Z","caller":"datastore/data_store.go:1148","msg":"ENI eni-EXAMPLE11 cannot be deleted because it is primary"}
{"level":"debug","ts":"2026-10-05T08:09:51.958Z","caller":"awsutils/awsutils.go:2417","msg":"Checking for leaked AWS CNI ENIs."}
{"level":"debug","ts":"2026-10-05T08:09:52.055Z","caller":"awsutils/awsutils.go:2426","msg":"No AWS CNI leaked ENIs found."}
{"level":"debug","ts":"2026-10-05T08:09:54.682Z","caller":"ipamd/ipamd.go:795","msg":"IP stats for Network Card 0 - total IPs: 5, assigned IPs: 0, cooldown IPs: 0"}
{"level":"debug","ts":"2026-10-05T08:09:54.682Z","caller":"ipamd/ipamd.go:861","msg":"Node found \"ip-10-20-0-45.ec2.internal\" - no of taints - 0"}
{"level":"debug","ts":"2026-10-05T08:09:54.682Z","caller":"datastore/data_store.go:1148","msg":"ENI eni-EXAMPLE11 cannot be deleted because it is primary"}
{"level":"debug","ts":"2026-10-05T08:09:59.683Z","caller":"ipamd/ipamd.go:795","msg":"IP stats for Network Card 0 - total IPs: 5, assigned IPs: 0, cooldown IPs: 0"}
{"level":"debug","ts":"2026-10-05T08:09:59.684Z","caller":"ipamd/ipamd.go:861","msg":"Node found \"ip-10-20-0-45.ec2.internal\" - no of taints - 0"}
{"level":"debug","ts":"2026-10-05T08:09:59.684Z","caller":"datastore/data_store.go:1148","msg":"ENI eni-EXAMPLE11 cannot be deleted because it is primary"}
{"level":"debug","ts":"2026-10-05T08:10:04.686Z","caller":"ipamd/ipamd.go:795","msg":"IP stats for Network Card 0 - total IPs: 5, assigned IPs: 0, cooldown IPs: 0"}
{"level":"debug","ts":"2026-10-05T08:10:04.686Z","caller":"ipamd/ipamd.go:861","msg":"Node found \"ip-10-20-0-45.ec2.internal\" - no of taints - 0"}
{"level":"debug","ts":"2026-10-05T08:10:04.686Z","caller":"datastore/data_store.go:1148","msg":"ENI eni-EXAMPLE11 cannot be deleted because it is primary"}
{"level":"debug","ts":"2026-10-05T08:10:09.687Z","caller":"ipamd/ipamd.go:795","msg":"IP stats for Network Card 0 - total IPs: 5, assigned IPs: 0, cooldown IPs: 0"}
{"level":"debug","ts":"2026-10-05T08:10:09.687Z","caller":"ipamd/ipamd.go:861","msg":"Node found \"ip-10-20-0-45.ec2.internal\" - no of taints - 0"}
{"level":"debug","ts":"2026-10-05T08:10:09.687Z","caller":"datastore/data_store.go:1148","msg":"ENI eni-EXAMPLE11 cannot be deleted because it is primary"}
{"level":"debug","ts":"2026-10-05T08:10:14.689Z","caller":"ipamd/ipamd.go:795","msg":"IP stats for Network Card 0 - total IPs: 5, assigned IPs: 0, cooldown IPs: 0"}
{"level":"debug","ts":"2026-10-05T08:10:14.689Z","caller":"ipamd/ipamd.go:861","msg":"Node found \"ip-10-20-0-45.ec2.internal\" - no of taints - 0"}
{"level":"debug","ts":"2026-10-05T08:10:14.689Z","caller":"datastore/data_store.go:1148","msg":"ENI eni-EXAMPLE11 cannot be deleted because it is primary"}
{"level":"debug","ts":"2026-10-05T08:10:19.690Z","caller":"ipamd/ipamd.go:795","msg":"IP stats for Network Card 0 - total IPs: 5, assigned IPs: 0, cooldown IPs: 0"}
{"level":"debug","ts":"2026-10-05T08:10:19.690Z","caller":"ipamd/ipamd.go:861","msg":"Node found \"ip-10-20-0-45.ec2.internal\" - no of taints - 0"}
{"level":"debug","ts":"2026-10-05T08:10:19.690Z","caller":"datastore/data_store.go:1148","msg":"ENI eni-EXAMPLE11 cannot be deleted because it is primary"}
{"level":"debug","ts":"2026-10-05T08:10:24.691Z","caller":"ipamd/ipamd.go:795","msg":"IP stats for Network Card 0 - total IPs: 5, assigned IPs: 0, cooldown IPs: 0"}
{"level":"debug","ts":"2026-10-05T08:10:24.691Z","caller":"ipamd/ipamd.go:861","msg":"Node found \"ip-10-20-0-45.ec2.internal\" - no of taints - 0"}
{"level":"debug","ts":"2026-10-05T08:10:24.691Z","caller":"datastore/data_store.go:1148","msg":"ENI eni-EXAMPLE11 cannot be deleted because it is primary"}
{"level":"debug","ts":"2026-10-05T08:10:29.693Z","caller":"ipamd/ipamd.go:795","msg":"IP stats for Network Card 0 - total IPs: 5, assigned IPs: 0, cooldown IPs: 0"}
{"level":"debug","ts":"2026-10-05T08:10:29.693Z","caller":"ipamd/ipamd.go:861","msg":"Node found \"ip-10-20-0-45.ec2.internal\" - no of taints - 0"}
{"level":"debug","ts":"2026-10-05T08:10:29.693Z","caller":"datastore/data_store.go:1148","msg":"ENI eni-EXAMPLE11 cannot be deleted because it is primary"}
{"level":"debug","ts":"2026-10-05T08:10:34.694Z","caller":"ipamd/ipamd.go:795","msg":"IP stats for Network Card 0 - total IPs: 5, assigned IPs: 0, cooldown IPs: 0"}
{"level":"debug","ts":"2026-10-05T08:10:34.694Z","caller":"ipamd/ipamd.go:861","msg":"Node found \"ip-10-20-0-45.ec2.internal\" - no of taints - 0"}
{"level":"debug","ts":"2026-10-05T08:10:34.694Z","caller":"datastore/data_store.go:1148","msg":"ENI eni-EXAMPLE11 cannot be deleted because it is primary"}
{"level":"debug","ts":"2026-10-05T08:10:39.695Z","caller":"ipamd/ipamd.go:795","msg":"IP stats for Network Card 0 - total IPs: 5, assigned IPs: 0, cooldown IPs: 0"}
{"level":"debug","ts":"2026-10-05T08:10:39.695Z","caller":"ipamd/ipamd.go:861","msg":"Node found \"ip-10-20-0-45.ec2.internal\" - no of taints - 0"}
{"level":"debug","ts":"2026-10-05T08:10:39.695Z","caller":"datastore/data_store.go:1148","msg":"ENI eni-EXAMPLE11 cannot be deleted because it is primary"}
{"level":"debug","ts":"2026-10-05T08:10:42.196Z","caller":"ipamd/ipamd.go:798","msg":"Reconciling ENI/IP pool info because time since last 1m0.01840895s > 1m0s"}
{"level":"debug","ts":"2026-10-05T08:10:42.197Z","caller":"ipamd/ipamd.go:1621","msg":"Total number of interfaces found: 1 "}
{"level":"debug","ts":"2026-10-05T08:10:42.197Z","caller":"awsutils/awsutils.go:787","msg":"Found ENI MAC address: 0a:ff:fa:8c:c5:65"}
{"level":"debug","ts":"2026-10-05T08:10:42.199Z","caller":"awsutils/awsutils.go:787","msg":"Found ENI: eni-EXAMPLE11, MAC 0a:ff:fa:8c:c5:65, device 0"}
{"level":"debug","ts":"2026-10-05T08:10:42.200Z","caller":"awsutils/awsutils.go:787","msg":"Found IPv4 addresses associated with interface. This is not efa-only interface"}
{"level":"debug","ts":"2026-10-05T08:10:42.203Z","caller":"ipamd/ipamd.go:798","msg":"Reconcile existing ENI eni-EXAMPLE11 IP pool"}
{"level":"info","ts":"2026-10-05T08:10:42.203Z","caller":"ipamd/ipamd.go:1766","msg":"Reconcile and skip primary IP 10.20.0.45 on ENI eni-EXAMPLE11"}
{"level":"info","ts":"2026-10-05T08:10:42.203Z","caller":"ipamd/ipamd.go:1766","msg":"Trying to add 10.20.0.53"}
{"level":"info","ts":"2026-10-05T08:10:42.203Z","caller":"ipamd/ipamd.go:1890","msg":"Adding 10.20.0.53/32 to DS for eni-EXAMPLE11"}
{"level":"info","ts":"2026-10-05T08:10:42.203Z","caller":"ipamd/ipamd.go:1890","msg":"IP already in DS"}
{"level":"info","ts":"2026-10-05T08:10:42.203Z","caller":"ipamd/ipamd.go:1766","msg":"Trying to add 10.20.0.48"}
{"level":"info","ts":"2026-10-05T08:10:42.203Z","caller":"ipamd/ipamd.go:1890","msg":"Adding 10.20.0.48/32 to DS for eni-EXAMPLE11"}
{"level":"info","ts":"2026-10-05T08:10:42.203Z","caller":"ipamd/ipamd.go:1890","msg":"IP already in DS"}
{"level":"info","ts":"2026-10-05T08:10:42.203Z","caller":"ipamd/ipamd.go:1766","msg":"Trying to add 10.20.0.46"}
{"level":"info","ts":"2026-10-05T08:10:42.203Z","caller":"ipamd/ipamd.go:1890","msg":"Adding 10.20.0.46/32 to DS for eni-EXAMPLE11"}
{"level":"info","ts":"2026-10-05T08:10:42.203Z","caller":"ipamd/ipamd.go:1890","msg":"IP already in DS"}
{"level":"info","ts":"2026-10-05T08:10:42.203Z","caller":"ipamd/ipamd.go:1766","msg":"Trying to add 10.20.0.58"}
{"level":"info","ts":"2026-10-05T08:10:42.203Z","caller":"ipamd/ipamd.go:1890","msg":"Adding 10.20.0.58/32 to DS for eni-EXAMPLE11"}
{"level":"info","ts":"2026-10-05T08:10:42.203Z","caller":"ipamd/ipamd.go:1890","msg":"IP already in DS"}
{"level":"info","ts":"2026-10-05T08:10:42.203Z","caller":"ipamd/ipamd.go:1766","msg":"Trying to add 10.20.0.43"}
{"level":"info","ts":"2026-10-05T08:10:42.203Z","caller":"ipamd/ipamd.go:1890","msg":"Adding 10.20.0.43/32 to DS for eni-EXAMPLE11"}
{"level":"info","ts":"2026-10-05T08:10:42.203Z","caller":"ipamd/ipamd.go:1890","msg":"IP already in DS"}
{"level":"debug","ts":"2026-10-05T08:10:42.203Z","caller":"ipamd/ipamd.go:798","msg":"Reconcile existing ENI eni-EXAMPLE11 IP prefixes"}
{"level":"debug","ts":"2026-10-05T08:10:42.203Z","caller":"ipamd/ipamd.go:1693","msg":"Found prefix pool count 0 for eni eni-EXAMPLE11\n"}
{"level":"debug","ts":"2026-10-05T08:10:42.203Z","caller":"ipamd/ipamd.go:798","msg":"Successfully Reconciled ENI/IP pool"}
{"level":"debug","ts":"2026-10-05T08:10:42.203Z","caller":"ipamd/ipamd.go:1738","msg":"IP pool stats for network card 0: Total IPs/Prefixes = 5/0, AssignedIPs/CooldownIPs: 0/0, c.maxIPsPerENI = 5"}
{"level":"debug","ts":"2026-10-05T08:10:42.203Z","caller":"ipamd/ipamd.go:798","msg":"Primary IP for ENI eni-EXAMPLE11 is 10.20.0.45"}
{"level":"debug","ts":"2026-10-05T08:10:44.704Z","caller":"ipamd/ipamd.go:795","msg":"IP stats for Network Card 0 - total IPs: 5, assigned IPs: 0, cooldown IPs: 0"}
{"level":"debug","ts":"2026-10-05T08:10:44.704Z","caller":"ipamd/ipamd.go:861","msg":"Node found \"ip-10-20-0-45.ec2.internal\" - no of taints - 0"}
{"level":"debug","ts":"2026-10-05T08:10:44.704Z","caller":"datastore/data_store.go:1148","msg":"ENI eni-EXAMPLE11 cannot be deleted because it is primary"}
{"level":"debug","ts":"2026-10-05T08:10:49.705Z","caller":"ipamd/ipamd.go:795","msg":"IP stats for Network Card 0 - total IPs: 5, assigned IPs: 0, cooldown IPs: 0"}
{"level":"debug","ts":"2026-10-05T08:10:49.705Z","caller":"ipamd/ipamd.go:861","msg":"Node found \"ip-10-20-0-45.ec2.internal\" - no of taints - 0"}
{"level":"debug","ts":"2026-10-05T08:10:49.705Z","caller":"datastore/data_store.go:1148","msg":"ENI eni-EXAMPLE11 cannot be deleted because it is primary"}
{"level":"debug","ts":"2026-10-05T08:10:54.707Z","caller":"ipamd/ipamd.go:795","msg":"IP stats for Network Card 0 - total IPs: 5, assigned IPs: 0, cooldown IPs: 0"}
{"level":"debug","ts":"2026-10-05T08:10:54.707Z","caller":"ipamd/ipamd.go:861","msg":"Node found \"ip-10-20-0-45.ec2.internal\" - no of taints - 0"}
{"level":"debug","ts":"2026-10-05T08:10:54.707Z","caller":"datastore/data_store.go:1148","msg":"ENI eni-EXAMPLE11 cannot be deleted because it is primary"}
{"level":"debug","ts":"2026-10-05T08:10:59.707Z","caller":"ipamd/ipamd.go:795","msg":"IP stats for Network Card 0 - total IPs: 5, assigned IPs: 0, cooldown IPs: 0"}
{"level":"debug","ts":"2026-10-05T08:10:59.707Z","caller":"ipamd/ipamd.go:861","msg":"Node found \"ip-10-20-0-45.ec2.internal\" - no of taints - 0"}
{"level":"debug","ts":"2026-10-05T08:10:59.707Z","caller":"datastore/data_store.go:1148","msg":"ENI eni-EXAMPLE11 cannot be deleted because it is primary"}
{"level":"debug","ts":"2026-10-05T08:11:04.708Z","caller":"ipamd/ipamd.go:795","msg":"IP stats for Network Card 0 - total IPs: 5, assigned IPs: 0, cooldown IPs: 0"}
{"level":"debug","ts":"2026-10-05T08:11:04.708Z","caller":"ipamd/ipamd.go:861","msg":"Node found \"ip-10-20-0-45.ec2.internal\" - no of taints - 0"}
{"level":"debug","ts":"2026-10-05T08:11:04.708Z","caller":"datastore/data_store.go:1148","msg":"ENI eni-EXAMPLE11 cannot be deleted because it is primary"}
{"level":"info","ts":"2026-10-05T08:11:04.854Z","caller":"rpc/rpc_grpc.pb.go:117","msg":"Received AddNetwork for NS /var/run/netns/cni-eae2ff5e-90bb-370c-bb11-16ee2257afd8, Sandbox 0b06c5f3380518f642ccc24c7bfed5450f6875c1fb0d4fe7bea68fdad21ec30b, ifname eth0"}
{"level":"debug","ts":"2026-10-05T08:11:04.854Z","caller":"rpc/rpc_grpc.pb.go:117","msg":"AddNetworkRequest: K8S_POD_NAME:\"pause-68d5b89fc-kjnks\"  K8S_POD_NAMESPACE:\"default\"  K8S_POD_INFRA_CONTAINER_ID:\"0b06c5f3380518f642ccc24c7bfed5450f6875c1fb0d4fe7bea68fdad21ec30b\"  ContainerID:\"0b06c5f3380518f642ccc24c7bfed5450f6875c1fb0d4fe7bea68fdad21ec30b\"  IfName:\"eth0\"  NetworkName:\"aws-cni\"  Netns:\"/var/run/netns/cni-eae2ff5e-90bb-370c-bb11-16ee2257afd8\""}
{"level":"info","ts":"2026-10-05T08:11:04.854Z","caller":"rpc/rpc_grpc.pb.go:117","msg":"Required MultiNIC access false, interfaces required 1"}
{"level":"debug","ts":"2026-10-05T08:11:04.854Z","caller":"datastore/data_store.go:713","msg":"AssignPodIPv4Address: IP address pool stats: total 5, assigned 0"}
{"level":"debug","ts":"2026-10-05T08:11:04.854Z","caller":"datastore/data_store.go:1469","msg":"Found a free IP not in DB - 10.20.0.43"}
{"level":"debug","ts":"2026-10-05T08:11:04.854Z","caller":"datastore/data_store.go:806","msg":"Returning Free IP 10.20.0.43"}
{"level":"debug","ts":"2026-10-05T08:11:04.854Z","caller":"datastore/data_store.go:713","msg":"New IP from CIDR pool- 10.20.0.43"}
{"level":"debug","ts":"2026-10-05T08:11:04.854Z","caller":"datastore/data_store.go:713","msg":"Allocating new IP 10.20.0.43 from CIDR 10.20.0.43/32 for pod"}
{"level":"info","ts":"2026-10-05T08:11:04.854Z","caller":"datastore/data_store.go:838","msg":"assignPodIPAddressUnsafe: Assign IP 10.20.0.43 to sandbox aws-cni/0b06c5f3380518f642ccc24c7bfed5450f6875c1fb0d4fe7bea68fdad21ec30b/eth0 with metadata {K8SPodNamespace:default K8SPodName:pause-68d5b89fc-kjnks InterfacesCount:1}"}
{"level":"info","ts":"2026-10-05T08:11:04.854Z","caller":"rpc/rpc_grpc.pb.go:117","msg":"Assigned IP from network card: 0 -> IPv4: 10.20.0.43, IPv6: , device number: 0, "}
{"level":"info","ts":"2026-10-05T08:11:04.854Z","caller":"rpc/rpc_grpc.pb.go:117","msg":"Address assigned from datastores:  1"}
{"level":"debug","ts":"2026-10-05T08:11:04.867Z","caller":"rpc/rpc_grpc.pb.go:117","msg":"VPC CIDR 10.20.0.0/24"}
{"level":"info","ts":"2026-10-05T08:11:04.867Z","caller":"rpc/rpc_grpc.pb.go:117","msg":"Send AddNetworkReply: Success: true IPAddr: [IPv4Addr:\"10.20.0.43\"  RouteTableId:254], resp: Success:true  IPAllocationMetadata:{IPv4Addr:\"10.20.0.43\"  RouteTableId:254}  VPCv4CIDRs:\"10.20.0.0/24\"  NetworkPolicyMode:\"standard\", err: <nil>"}
{"level":"debug","ts":"2026-10-05T08:11:09.710Z","caller":"ipamd/ipamd.go:795","msg":"IP stats for Network Card 0 - total IPs: 5, assigned IPs: 1, cooldown IPs: 0"}
{"level":"debug","ts":"2026-10-05T08:11:09.710Z","caller":"ipamd/ipamd.go:861","msg":"Node found \"ip-10-20-0-45.ec2.internal\" - no of taints - 0"}
{"level":"debug","ts":"2026-10-05T08:11:09.710Z","caller":"datastore/data_store.go:1148","msg":"ENI eni-EXAMPLE11 cannot be deleted because it is primary"}
{"level":"debug","ts":"2026-10-05T08:11:14.713Z","caller":"ipamd/ipamd.go:795","msg":"IP stats for Network Card 0 - total IPs: 5, assigned IPs: 1, cooldown IPs: 0"}
{"level":"debug","ts":"2026-10-05T08:11:14.713Z","caller":"ipamd/ipamd.go:861","msg":"Node found \"ip-10-20-0-45.ec2.internal\" - no of taints - 0"}
{"level":"debug","ts":"2026-10-05T08:11:14.713Z","caller":"datastore/data_store.go:1148","msg":"ENI eni-EXAMPLE11 cannot be deleted because it is primary"}
{"level":"debug","ts":"2026-10-05T08:11:19.713Z","caller":"ipamd/ipamd.go:795","msg":"IP stats for Network Card 0 - total IPs: 5, assigned IPs: 1, cooldown IPs: 0"}
{"level":"debug","ts":"2026-10-05T08:11:19.713Z","caller":"ipamd/ipamd.go:861","msg":"Node found \"ip-10-20-0-45.ec2.internal\" - no of taints - 0"}
{"level":"debug","ts":"2026-10-05T08:11:19.713Z","caller":"datastore/data_store.go:1148","msg":"ENI eni-EXAMPLE11 cannot be deleted because it is primary"}
{"level":"debug","ts":"2026-10-05T08:11:24.715Z","caller":"ipamd/ipamd.go:795","msg":"IP stats for Network Card 0 - total IPs: 5, assigned IPs: 1, cooldown IPs: 0"}
{"level":"debug","ts":"2026-10-05T08:11:24.715Z","caller":"ipamd/ipamd.go:861","msg":"Node found \"ip-10-20-0-45.ec2.internal\" - no of taints - 0"}
{"level":"debug","ts":"2026-10-05T08:11:24.715Z","caller":"datastore/data_store.go:1148","msg":"ENI eni-EXAMPLE11 cannot be deleted because it is primary"}
{"level":"debug","ts":"2026-10-05T08:11:29.716Z","caller":"ipamd/ipamd.go:795","msg":"IP stats for Network Card 0 - total IPs: 5, assigned IPs: 1, cooldown IPs: 0"}
{"level":"debug","ts":"2026-10-05T08:11:29.716Z","caller":"ipamd/ipamd.go:861","msg":"Node found \"ip-10-20-0-45.ec2.internal\" - no of taints - 0"}
{"level":"debug","ts":"2026-10-05T08:11:29.716Z","caller":"datastore/data_store.go:1148","msg":"ENI eni-EXAMPLE11 cannot be deleted because it is primary"}
{"level":"debug","ts":"2026-10-05T08:11:34.718Z","caller":"ipamd/ipamd.go:795","msg":"IP stats for Network Card 0 - total IPs: 5, assigned IPs: 1, cooldown IPs: 0"}
{"level":"debug","ts":"2026-10-05T08:11:34.718Z","caller":"ipamd/ipamd.go:861","msg":"Node found \"ip-10-20-0-45.ec2.internal\" - no of taints - 0"}
{"level":"debug","ts":"2026-10-05T08:11:34.718Z","caller":"datastore/data_store.go:1148","msg":"ENI eni-EXAMPLE11 cannot be deleted because it is primary"}
{"level":"debug","ts":"2026-10-05T08:11:39.719Z","caller":"ipamd/ipamd.go:795","msg":"IP stats for Network Card 0 - total IPs: 5, assigned IPs: 1, cooldown IPs: 0"}
{"level":"debug","ts":"2026-10-05T08:11:39.719Z","caller":"ipamd/ipamd.go:861","msg":"Node found \"ip-10-20-0-45.ec2.internal\" - no of taints - 0"}
{"level":"debug","ts":"2026-10-05T08:11:39.719Z","caller":"datastore/data_store.go:1148","msg":"ENI eni-EXAMPLE11 cannot be deleted because it is primary"}
{"level":"debug","ts":"2026-10-05T08:11:42.219Z","caller":"ipamd/ipamd.go:798","msg":"Reconciling ENI/IP pool info because time since last 1m0.015988672s > 1m0s"}
{"level":"debug","ts":"2026-10-05T08:11:42.220Z","caller":"ipamd/ipamd.go:1621","msg":"Total number of interfaces found: 1 "}
{"level":"debug","ts":"2026-10-05T08:11:42.221Z","caller":"awsutils/awsutils.go:787","msg":"Found ENI MAC address: 0a:ff:fa:8c:c5:65"}
{"level":"debug","ts":"2026-10-05T08:11:42.226Z","caller":"awsutils/awsutils.go:787","msg":"Found ENI: eni-EXAMPLE11, MAC 0a:ff:fa:8c:c5:65, device 0"}
{"level":"debug","ts":"2026-10-05T08:11:42.229Z","caller":"awsutils/awsutils.go:787","msg":"Found IPv4 addresses associated with interface. This is not efa-only interface"}
{"level":"debug","ts":"2026-10-05T08:11:42.235Z","caller":"ipamd/ipamd.go:798","msg":"Reconcile existing ENI eni-EXAMPLE11 IP pool"}
{"level":"info","ts":"2026-10-05T08:11:42.235Z","caller":"ipamd/ipamd.go:1766","msg":"Reconcile and skip primary IP 10.20.0.45 on ENI eni-EXAMPLE11"}
{"level":"info","ts":"2026-10-05T08:11:42.235Z","caller":"ipamd/ipamd.go:1766","msg":"Trying to add 10.20.0.53"}
{"level":"info","ts":"2026-10-05T08:11:42.235Z","caller":"ipamd/ipamd.go:1890","msg":"Adding 10.20.0.53/32 to DS for eni-EXAMPLE11"}
{"level":"info","ts":"2026-10-05T08:11:42.235Z","caller":"ipamd/ipamd.go:1890","msg":"IP already in DS"}
{"level":"info","ts":"2026-10-05T08:11:42.235Z","caller":"ipamd/ipamd.go:1766","msg":"Trying to add 10.20.0.48"}
{"level":"info","ts":"2026-10-05T08:11:42.235Z","caller":"ipamd/ipamd.go:1890","msg":"Adding 10.20.0.48/32 to DS for eni-EXAMPLE11"}
{"level":"info","ts":"2026-10-05T08:11:42.235Z","caller":"ipamd/ipamd.go:1890","msg":"IP already in DS"}
{"level":"info","ts":"2026-10-05T08:11:42.235Z","caller":"ipamd/ipamd.go:1766","msg":"Trying to add 10.20.0.46"}
{"level":"info","ts":"2026-10-05T08:11:42.236Z","caller":"ipamd/ipamd.go:1890","msg":"Adding 10.20.0.46/32 to DS for eni-EXAMPLE11"}
{"level":"info","ts":"2026-10-05T08:11:42.236Z","caller":"ipamd/ipamd.go:1890","msg":"IP already in DS"}
{"level":"info","ts":"2026-10-05T08:11:42.236Z","caller":"ipamd/ipamd.go:1766","msg":"Trying to add 10.20.0.58"}
{"level":"info","ts":"2026-10-05T08:11:42.236Z","caller":"ipamd/ipamd.go:1890","msg":"Adding 10.20.0.58/32 to DS for eni-EXAMPLE11"}
{"level":"info","ts":"2026-10-05T08:11:42.236Z","caller":"ipamd/ipamd.go:1890","msg":"IP already in DS"}
{"level":"info","ts":"2026-10-05T08:11:42.236Z","caller":"ipamd/ipamd.go:1766","msg":"Trying to add 10.20.0.43"}
{"level":"info","ts":"2026-10-05T08:11:42.236Z","caller":"ipamd/ipamd.go:1890","msg":"Adding 10.20.0.43/32 to DS for eni-EXAMPLE11"}
{"level":"info","ts":"2026-10-05T08:11:42.236Z","caller":"ipamd/ipamd.go:1890","msg":"IP already in DS"}
{"level":"debug","ts":"2026-10-05T08:11:42.236Z","caller":"ipamd/ipamd.go:798","msg":"Reconcile existing ENI eni-EXAMPLE11 IP prefixes"}
{"level":"debug","ts":"2026-10-05T08:11:42.236Z","caller":"ipamd/ipamd.go:1693","msg":"Found prefix pool count 0 for eni eni-EXAMPLE11\n"}
{"level":"debug","ts":"2026-10-05T08:11:42.236Z","caller":"ipamd/ipamd.go:798","msg":"Successfully Reconciled ENI/IP pool"}
{"level":"debug","ts":"2026-10-05T08:11:42.236Z","caller":"ipamd/ipamd.go:1738","msg":"IP pool stats for network card 0: Total IPs/Prefixes = 5/0, AssignedIPs/CooldownIPs: 1/0, c.maxIPsPerENI = 5"}
{"level":"debug","ts":"2026-10-05T08:11:42.236Z","caller":"ipamd/ipamd.go:798","msg":"Primary IP for ENI eni-EXAMPLE11 is 10.20.0.45"}
{"level":"debug","ts":"2026-10-05T08:11:44.738Z","caller":"ipamd/ipamd.go:795","msg":"IP stats for Network Card 0 - total IPs: 5, assigned IPs: 1, cooldown IPs: 0"}
{"level":"debug","ts":"2026-10-05T08:11:44.738Z","caller":"ipamd/ipamd.go:861","msg":"Node found \"ip-10-20-0-45.ec2.internal\" - no of taints - 0"}
{"level":"debug","ts":"2026-10-05T08:11:44.738Z","caller":"datastore/data_store.go:1148","msg":"ENI eni-EXAMPLE11 cannot be deleted because it is primary"}
{"level":"debug","ts":"2026-10-05T08:11:49.739Z","caller":"ipamd/ipamd.go:795","msg":"IP stats for Network Card 0 - total IPs: 5, assigned IPs: 1, cooldown IPs: 0"}
{"level":"debug","ts":"2026-10-05T08:11:49.739Z","caller":"ipamd/ipamd.go:861","msg":"Node found \"ip-10-20-0-45.ec2.internal\" - no of taints - 0"}
{"level":"debug","ts":"2026-10-05T08:11:49.739Z","caller":"datastore/data_store.go:1148","msg":"ENI eni-EXAMPLE11 cannot be deleted because it is primary"}
{"level":"debug","ts":"2026-10-05T08:11:54.739Z","caller":"ipamd/ipamd.go:795","msg":"IP stats for Network Card 0 - total IPs: 5, assigned IPs: 1, cooldown IPs: 0"}
{"level":"debug","ts":"2026-10-05T08:11:54.739Z","caller":"ipamd/ipamd.go:861","msg":"Node found \"ip-10-20-0-45.ec2.internal\" - no of taints - 0"}
{"level":"debug","ts":"2026-10-05T08:11:54.739Z","caller":"datastore/data_store.go:1148","msg":"ENI eni-EXAMPLE11 cannot be deleted because it is primary"}
{"level":"debug","ts":"2026-10-05T08:11:59.740Z","caller":"ipamd/ipamd.go:795","msg":"IP stats for Network Card 0 - total IPs: 5, assigned IPs: 1, cooldown IPs: 0"}
{"level":"debug","ts":"2026-10-05T08:11:59.740Z","caller":"ipamd/ipamd.go:861","msg":"Node found \"ip-10-20-0-45.ec2.internal\" - no of taints - 0"}
{"level":"debug","ts":"2026-10-05T08:11:59.740Z","caller":"datastore/data_store.go:1148","msg":"ENI eni-EXAMPLE11 cannot be deleted because it is primary"}
{"level":"debug","ts":"2026-10-05T08:12:04.742Z","caller":"ipamd/ipamd.go:795","msg":"IP stats for Network Card 0 - total IPs: 5, assigned IPs: 1, cooldown IPs: 0"}
{"level":"debug","ts":"2026-10-05T08:12:04.742Z","caller":"ipamd/ipamd.go:861","msg":"Node found \"ip-10-20-0-45.ec2.internal\" - no of taints - 0"}
{"level":"debug","ts":"2026-10-05T08:12:04.742Z","caller":"datastore/data_store.go:1148","msg":"ENI eni-EXAMPLE11 cannot be deleted because it is primary"}
{"level":"debug","ts":"2026-10-05T08:12:09.745Z","caller":"ipamd/ipamd.go:795","msg":"IP stats for Network Card 0 - total IPs: 5, assigned IPs: 1, cooldown IPs: 0"}
{"level":"debug","ts":"2026-10-05T08:12:09.745Z","caller":"ipamd/ipamd.go:861","msg":"Node found \"ip-10-20-0-45.ec2.internal\" - no of taints - 0"}
{"level":"debug","ts":"2026-10-05T08:12:09.745Z","caller":"datastore/data_store.go:1148","msg":"ENI eni-EXAMPLE11 cannot be deleted because it is primary"}
{"level":"info","ts":"2026-10-05T08:12:12.081Z","caller":"rpc/rpc_grpc.pb.go:117","msg":"Received AddNetwork for NS /var/run/netns/cni-b7c1e478-1b06-27ca-9b81-3b5ef43ea409, Sandbox 819cc51bf6accb5833f63c642dfb4910f4ca948e599d0aa2fedaaafed0cde837, ifname eth0"}
{"level":"debug","ts":"2026-10-05T08:12:12.081Z","caller":"rpc/rpc_grpc.pb.go:117","msg":"AddNetworkRequest: K8S_POD_NAME:\"pause-68d5b89fc-5kdt8\"  K8S_POD_NAMESPACE:\"default\"  K8S_POD_INFRA_CONTAINER_ID:\"819cc51bf6accb5833f63c642dfb4910f4ca948e599d0aa2fedaaafed0cde837\"  ContainerID:\"819cc51bf6accb5833f63c642dfb4910f4ca948e599d0aa2fedaaafed0cde837\"  IfName:\"eth0\"  NetworkName:\"aws-cni\"  Netns:\"/var/run/netns/cni-b7c1e478-1b06-27ca-9b81-3b5ef43ea409\""}
{"level":"info","ts":"2026-10-05T08:12:12.081Z","caller":"rpc/rpc_grpc.pb.go:117","msg":"Required MultiNIC access false, interfaces required 1"}
{"level":"debug","ts":"2026-10-05T08:12:12.081Z","caller":"datastore/data_store.go:713","msg":"AssignPodIPv4Address: IP address pool stats: total 5, assigned 1"}
{"level":"debug","ts":"2026-10-05T08:12:12.081Z","caller":"datastore/data_store.go:1469","msg":"Found a free IP not in DB - 10.20.0.53"}
{"level":"debug","ts":"2026-10-05T08:12:12.081Z","caller":"datastore/data_store.go:806","msg":"Returning Free IP 10.20.0.53"}
{"level":"debug","ts":"2026-10-05T08:12:12.081Z","caller":"datastore/data_store.go:713","msg":"New IP from CIDR pool- 10.20.0.53"}
{"level":"debug","ts":"2026-10-05T08:12:12.081Z","caller":"datastore/data_store.go:713","msg":"Allocating new IP 10.20.0.53 from CIDR 10.20.0.53/32 for pod"}
{"level":"info","ts":"2026-10-05T08:12:12.081Z","caller":"datastore/data_store.go:838","msg":"assignPodIPAddressUnsafe: Assign IP 10.20.0.53 to sandbox aws-cni/819cc51bf6accb5833f63c642dfb4910f4ca948e599d0aa2fedaaafed0cde837/eth0 with metadata {K8SPodNamespace:default K8SPodName:pause-68d5b89fc-5kdt8 InterfacesCount:1}"}
{"level":"info","ts":"2026-10-05T08:12:12.081Z","caller":"rpc/rpc_grpc.pb.go:117","msg":"Assigned IP from network card: 0 -> IPv4: 10.20.0.53, IPv6: , device number: 0, "}
{"level":"info","ts":"2026-10-05T08:12:12.081Z","caller":"rpc/rpc_grpc.pb.go:117","msg":"Address assigned from datastores:  1"}
{"level":"debug","ts":"2026-10-05T08:12:12.082Z","caller":"rpc/rpc_grpc.pb.go:117","msg":"VPC CIDR 10.20.0.0/24"}
{"level":"info","ts":"2026-10-05T08:12:12.082Z","caller":"rpc/rpc_grpc.pb.go:117","msg":"Send AddNetworkReply: Success: true IPAddr: [IPv4Addr:\"10.20.0.53\"  RouteTableId:254], resp: Success:true  IPAllocationMetadata:{IPv4Addr:\"10.20.0.53\"  RouteTableId:254}  VPCv4CIDRs:\"10.20.0.0/24\"  NetworkPolicyMode:\"standard\", err: <nil>"}
{"level":"info","ts":"2026-10-05T08:12:12.380Z","caller":"rpc/rpc_grpc.pb.go:117","msg":"Received AddNetwork for NS /var/run/netns/cni-ef85a146-81aa-bb13-c46a-b01d7288c54a, Sandbox 069741c26d8ebed7246d2b0732d2aa380934b14ccfa4c3ce59f34eca67ce0a99, ifname eth0"}
{"level":"debug","ts":"2026-10-05T08:12:12.380Z","caller":"rpc/rpc_grpc.pb.go:117","msg":"AddNetworkRequest: K8S_POD_NAME:\"pause-68d5b89fc-m8wrt\"  K8S_POD_NAMESPACE:\"default\"  K8S_POD_INFRA_CONTAINER_ID:\"069741c26d8ebed7246d2b0732d2aa380934b14ccfa4c3ce59f34eca67ce0a99\"  ContainerID:\"069741c26d8ebed7246d2b0732d2aa380934b14ccfa4c3ce59f34eca67ce0a99\"  IfName:\"eth0\"  NetworkName:\"aws-cni\"  Netns:\"/var/run/netns/cni-ef85a146-81aa-bb13-c46a-b01d7288c54a\""}
{"level":"info","ts":"2026-10-05T08:12:12.380Z","caller":"rpc/rpc_grpc.pb.go:117","msg":"Required MultiNIC access false, interfaces required 1"}
{"level":"debug","ts":"2026-10-05T08:12:12.380Z","caller":"datastore/data_store.go:713","msg":"AssignPodIPv4Address: IP address pool stats: total 5, assigned 2"}
{"level":"debug","ts":"2026-10-05T08:12:12.380Z","caller":"datastore/data_store.go:1469","msg":"Found a free IP not in DB - 10.20.0.58"}
{"level":"debug","ts":"2026-10-05T08:12:12.380Z","caller":"datastore/data_store.go:806","msg":"Returning Free IP 10.20.0.58"}
{"level":"debug","ts":"2026-10-05T08:12:12.380Z","caller":"datastore/data_store.go:713","msg":"New IP from CIDR pool- 10.20.0.58"}
{"level":"debug","ts":"2026-10-05T08:12:12.380Z","caller":"datastore/data_store.go:713","msg":"Allocating new IP 10.20.0.58 from CIDR 10.20.0.58/32 for pod"}
{"level":"info","ts":"2026-10-05T08:12:12.380Z","caller":"datastore/data_store.go:838","msg":"assignPodIPAddressUnsafe: Assign IP 10.20.0.58 to sandbox aws-cni/069741c26d8ebed7246d2b0732d2aa380934b14ccfa4c3ce59f34eca67ce0a99/eth0 with metadata {K8SPodNamespace:default K8SPodName:pause-68d5b89fc-m8wrt InterfacesCount:1}"}
{"level":"info","ts":"2026-10-05T08:12:12.381Z","caller":"rpc/rpc_grpc.pb.go:117","msg":"Assigned IP from network card: 0 -> IPv4: 10.20.0.58, IPv6: , device number: 0, "}
{"level":"info","ts":"2026-10-05T08:12:12.381Z","caller":"rpc/rpc_grpc.pb.go:117","msg":"Address assigned from datastores:  1"}
{"level":"debug","ts":"2026-10-05T08:12:12.383Z","caller":"rpc/rpc_grpc.pb.go:117","msg":"VPC CIDR 10.20.0.0/24"}
{"level":"info","ts":"2026-10-05T08:12:12.383Z","caller":"rpc/rpc_grpc.pb.go:117","msg":"Send AddNetworkReply: Success: true IPAddr: [IPv4Addr:\"10.20.0.58\"  RouteTableId:254], resp: Success:true  IPAllocationMetadata:{IPv4Addr:\"10.20.0.58\"  RouteTableId:254}  VPCv4CIDRs:\"10.20.0.0/24\"  NetworkPolicyMode:\"standard\", err: <nil>"}
{"level":"debug","ts":"2026-10-05T08:12:14.746Z","caller":"ipamd/ipamd.go:795","msg":"IP stats for Network Card 0 - total IPs: 5, assigned IPs: 3, cooldown IPs: 0"}
{"level":"debug","ts":"2026-10-05T08:12:14.746Z","caller":"ipamd/ipamd.go:861","msg":"Node found \"ip-10-20-0-45.ec2.internal\" - no of taints - 0"}
{"level":"debug","ts":"2026-10-05T08:12:14.746Z","caller":"datastore/data_store.go:1148","msg":"ENI eni-EXAMPLE11 cannot be deleted because it is primary"}
{"level":"debug","ts":"2026-10-05T08:12:19.747Z","caller":"ipamd/ipamd.go:795","msg":"IP stats for Network Card 0 - total IPs: 5, assigned IPs: 3, cooldown IPs: 0"}
{"level":"debug","ts":"2026-10-05T08:12:19.747Z","caller":"ipamd/ipamd.go:861","msg":"Node found \"ip-10-20-0-45.ec2.internal\" - no of taints - 0"}
{"level":"debug","ts":"2026-10-05T08:12:19.747Z","caller":"datastore/data_store.go:1148","msg":"ENI eni-EXAMPLE11 cannot be deleted because it is primary"}
{"level":"debug","ts":"2026-10-05T08:12:24.750Z","caller":"ipamd/ipamd.go:795","msg":"IP stats for Network Card 0 - total IPs: 5, assigned IPs: 3, cooldown IPs: 0"}
{"level":"debug","ts":"2026-10-05T08:12:24.750Z","caller":"ipamd/ipamd.go:861","msg":"Node found \"ip-10-20-0-45.ec2.internal\" - no of taints - 0"}
{"level":"debug","ts":"2026-10-05T08:12:24.751Z","caller":"datastore/data_store.go:1148","msg":"ENI eni-EXAMPLE11 cannot be deleted because it is primary"}
{"level":"debug","ts":"2026-10-05T08:12:29.753Z","caller":"ipamd/ipamd.go:795","msg":"IP stats for Network Card 0 - total IPs: 5, assigned IPs: 3, cooldown IPs: 0"}
{"level":"debug","ts":"2026-10-05T08:12:29.753Z","caller":"ipamd/ipamd.go:861","msg":"Node found \"ip-10-20-0-45.ec2.internal\" - no of taints - 0"}
{"level":"debug","ts":"2026-10-05T08:12:29.753Z","caller":"datastore/data_store.go:1148","msg":"ENI eni-EXAMPLE11 cannot be deleted because it is primary"}
{"level":"debug","ts":"2026-10-05T08:12:34.754Z","caller":"ipamd/ipamd.go:795","msg":"IP stats for Network Card 0 - total IPs: 5, assigned IPs: 3, cooldown IPs: 0"}
{"level":"debug","ts":"2026-10-05T08:12:34.754Z","caller":"ipamd/ipamd.go:861","msg":"Node found \"ip-10-20-0-45.ec2.internal\" - no of taints - 0"}
{"level":"debug","ts":"2026-10-05T08:12:34.754Z","caller":"datastore/data_store.go:1148","msg":"ENI eni-EXAMPLE11 cannot be deleted because it is primary"}
{"level":"debug","ts":"2026-10-05T08:12:39.755Z","caller":"ipamd/ipamd.go:795","msg":"IP stats for Network Card 0 - total IPs: 5, assigned IPs: 3, cooldown IPs: 0"}
{"level":"debug","ts":"2026-10-05T08:12:39.755Z","caller":"ipamd/ipamd.go:861","msg":"Node found \"ip-10-20-0-45.ec2.internal\" - no of taints - 0"}
{"level":"debug","ts":"2026-10-05T08:12:39.755Z","caller":"datastore/data_store.go:1148","msg":"ENI eni-EXAMPLE11 cannot be deleted because it is primary"}
{"level":"debug","ts":"2026-10-05T08:12:42.256Z","caller":"ipamd/ipamd.go:798","msg":"Reconciling ENI/IP pool info because time since last 1m0.02036648s > 1m0s"}
{"level":"debug","ts":"2026-10-05T08:12:42.257Z","caller":"ipamd/ipamd.go:1621","msg":"Total number of interfaces found: 1 "}
{"level":"debug","ts":"2026-10-05T08:12:42.257Z","caller":"awsutils/awsutils.go:787","msg":"Found ENI MAC address: 0a:ff:fa:8c:c5:65"}
{"level":"debug","ts":"2026-10-05T08:12:42.260Z","caller":"awsutils/awsutils.go:787","msg":"Found ENI: eni-EXAMPLE11, MAC 0a:ff:fa:8c:c5:65, device 0"}
{"level":"debug","ts":"2026-10-05T08:12:42.262Z","caller":"awsutils/awsutils.go:787","msg":"Found IPv4 addresses associated with interface. This is not efa-only interface"}
{"level":"debug","ts":"2026-10-05T08:12:42.270Z","caller":"ipamd/ipamd.go:798","msg":"Reconcile existing ENI eni-EXAMPLE11 IP pool"}
{"level":"info","ts":"2026-10-05T08:12:42.271Z","caller":"ipamd/ipamd.go:1766","msg":"Reconcile and skip primary IP 10.20.0.45 on ENI eni-EXAMPLE11"}
{"level":"info","ts":"2026-10-05T08:12:42.271Z","caller":"ipamd/ipamd.go:1766","msg":"Trying to add 10.20.0.53"}
{"level":"info","ts":"2026-10-05T08:12:42.271Z","caller":"ipamd/ipamd.go:1890","msg":"Adding 10.20.0.53/32 to DS for eni-EXAMPLE11"}
{"level":"info","ts":"2026-10-05T08:12:42.271Z","caller":"ipamd/ipamd.go:1890","msg":"IP already in DS"}
{"level":"info","ts":"2026-10-05T08:12:42.271Z","caller":"ipamd/ipamd.go:1766","msg":"Trying to add 10.20.0.48"}
{"level":"info","ts":"2026-10-05T08:12:42.271Z","caller":"ipamd/ipamd.go:1890","msg":"Adding 10.20.0.48/32 to DS for eni-EXAMPLE11"}
{"level":"info","ts":"2026-10-05T08:12:42.271Z","caller":"ipamd/ipamd.go:1890","msg":"IP already in DS"}
{"level":"info","ts":"2026-10-05T08:12:42.271Z","caller":"ipamd/ipamd.go:1766","msg":"Trying to add 10.20.0.46"}
{"level":"info","ts":"2026-10-05T08:12:42.271Z","caller":"ipamd/ipamd.go:1890","msg":"Adding 10.20.0.46/32 to DS for eni-EXAMPLE11"}
{"level":"info","ts":"2026-10-05T08:12:42.271Z","caller":"ipamd/ipamd.go:1890","msg":"IP already in DS"}
{"level":"info","ts":"2026-10-05T08:12:42.271Z","caller":"ipamd/ipamd.go:1766","msg":"Trying to add 10.20.0.58"}
{"level":"info","ts":"2026-10-05T08:12:42.271Z","caller":"ipamd/ipamd.go:1890","msg":"Adding 10.20.0.58/32 to DS for eni-EXAMPLE11"}
{"level":"info","ts":"2026-10-05T08:12:42.271Z","caller":"ipamd/ipamd.go:1890","msg":"IP already in DS"}
{"level":"info","ts":"2026-10-05T08:12:42.271Z","caller":"ipamd/ipamd.go:1766","msg":"Trying to add 10.20.0.43"}
{"level":"info","ts":"2026-10-05T08:12:42.271Z","caller":"ipamd/ipamd.go:1890","msg":"Adding 10.20.0.43/32 to DS for eni-EXAMPLE11"}
{"level":"info","ts":"2026-10-05T08:12:42.271Z","caller":"ipamd/ipamd.go:1890","msg":"IP already in DS"}
{"level":"debug","ts":"2026-10-05T08:12:42.271Z","caller":"ipamd/ipamd.go:798","msg":"Reconcile existing ENI eni-EXAMPLE11 IP prefixes"}
{"level":"debug","ts":"2026-10-05T08:12:42.271Z","caller":"ipamd/ipamd.go:1693","msg":"Found prefix pool count 0 for eni eni-EXAMPLE11\n"}
{"level":"debug","ts":"2026-10-05T08:12:42.271Z","caller":"ipamd/ipamd.go:798","msg":"Successfully Reconciled ENI/IP pool"}
{"level":"debug","ts":"2026-10-05T08:12:42.271Z","caller":"ipamd/ipamd.go:1738","msg":"IP pool stats for network card 0: Total IPs/Prefixes = 5/0, AssignedIPs/CooldownIPs: 3/0, c.maxIPsPerENI = 5"}
{"level":"debug","ts":"2026-10-05T08:12:42.271Z","caller":"ipamd/ipamd.go:798","msg":"Primary IP for ENI eni-EXAMPLE11 is 10.20.0.45"}
{"level":"debug","ts":"2026-10-05T08:12:44.772Z","caller":"ipamd/ipamd.go:795","msg":"IP stats for Network Card 0 - total IPs: 5, assigned IPs: 3, cooldown IPs: 0"}
{"level":"debug","ts":"2026-10-05T08:12:44.772Z","caller":"ipamd/ipamd.go:861","msg":"Node found \"ip-10-20-0-45.ec2.internal\" - no of taints - 0"}
{"level":"debug","ts":"2026-10-05T08:12:44.772Z","caller":"datastore/data_store.go:1148","msg":"ENI eni-EXAMPLE11 cannot be deleted because it is primary"}
{"level":"debug","ts":"2026-10-05T08:12:49.773Z","caller":"ipamd/ipamd.go:795","msg":"IP stats for Network Card 0 - total IPs: 5, assigned IPs: 3, cooldown IPs: 0"}
{"level":"debug","ts":"2026-10-05T08:12:49.773Z","caller":"ipamd/ipamd.go:861","msg":"Node found \"ip-10-20-0-45.ec2.internal\" - no of taints - 0"}
{"level":"debug","ts":"2026-10-05T08:12:49.773Z","caller":"datastore/data_store.go:1148","msg":"ENI eni-EXAMPLE11 cannot be deleted because it is primary"}
{"level":"debug","ts":"2026-10-05T08:12:54.775Z","caller":"ipamd/ipamd.go:795","msg":"IP stats for Network Card 0 - total IPs: 5, assigned IPs: 3, cooldown IPs: 0"}
{"level":"debug","ts":"2026-10-05T08:12:54.775Z","caller":"ipamd/ipamd.go:861","msg":"Node found \"ip-10-20-0-45.ec2.internal\" - no of taints - 0"}
{"level":"debug","ts":"2026-10-05T08:12:54.775Z","caller":"datastore/data_store.go:1148","msg":"ENI eni-EXAMPLE11 cannot be deleted because it is primary"}
{"level":"debug","ts":"2026-10-05T08:12:59.776Z","caller":"ipamd/ipamd.go:795","msg":"IP stats for Network Card 0 - total IPs: 5, assigned IPs: 3, cooldown IPs: 0"}
{"level":"debug","ts":"2026-10-05T08:12:59.776Z","caller":"ipamd/ipamd.go:861","msg":"Node found \"ip-10-20-0-45.ec2.internal\" - no of taints - 0"}
{"level":"debug","ts":"2026-10-05T08:12:59.776Z","caller":"datastore/data_store.go:1148","msg":"ENI eni-EXAMPLE11 cannot be deleted because it is primary"}
{"level":"debug","ts":"2026-10-05T08:13:04.780Z","caller":"ipamd/ipamd.go:795","msg":"IP stats for Network Card 0 - total IPs: 5, assigned IPs: 3, cooldown IPs: 0"}
{"level":"debug","ts":"2026-10-05T08:13:04.780Z","caller":"ipamd/ipamd.go:861","msg":"Node found \"ip-10-20-0-45.ec2.internal\" - no of taints - 0"}
{"level":"debug","ts":"2026-10-05T08:13:04.780Z","caller":"datastore/data_store.go:1148","msg":"ENI eni-EXAMPLE11 cannot be deleted because it is primary"}
{"level":"debug","ts":"2026-10-05T08:13:09.782Z","caller":"ipamd/ipamd.go:795","msg":"IP stats for Network Card 0 - total IPs: 5, assigned IPs: 3, cooldown IPs: 0"}
{"level":"debug","ts":"2026-10-05T08:13:09.782Z","caller":"ipamd/ipamd.go:861","msg":"Node found \"ip-10-20-0-45.ec2.internal\" - no of taints - 0"}
{"level":"debug","ts":"2026-10-05T08:13:09.782Z","caller":"datastore/data_store.go:1148","msg":"ENI eni-EXAMPLE11 cannot be deleted because it is primary"}
{"level":"debug","ts":"2026-10-05T08:13:14.782Z","caller":"ipamd/ipamd.go:795","msg":"IP stats for Network Card 0 - total IPs: 5, assigned IPs: 3, cooldown IPs: 0"}
{"level":"debug","ts":"2026-10-05T08:13:14.782Z","caller":"ipamd/ipamd.go:861","msg":"Node found \"ip-10-20-0-45.ec2.internal\" - no of taints - 0"}
{"level":"debug","ts":"2026-10-05T08:13:14.782Z","caller":"datastore/data_store.go:1148","msg":"ENI eni-EXAMPLE11 cannot be deleted because it is primary"}
{"level":"info","ts":"2026-10-05T08:13:19.210Z","caller":"rpc/rpc_grpc.pb.go:117","msg":"Received AddNetwork for NS /var/run/netns/cni-86fe7d69-335e-f7bd-9c1e-51f7dc2d0db9, Sandbox a7b8993d160e24e0274d0e46a9f76676b0b2e713c62f192f58f91c11ecbd6c2f, ifname eth0"}
{"level":"debug","ts":"2026-10-05T08:13:19.211Z","caller":"rpc/rpc_grpc.pb.go:117","msg":"AddNetworkRequest: K8S_POD_NAME:\"pause-68d5b89fc-bt676\"  K8S_POD_NAMESPACE:\"default\"  K8S_POD_INFRA_CONTAINER_ID:\"a7b8993d160e24e0274d0e46a9f76676b0b2e713c62f192f58f91c11ecbd6c2f\"  ContainerID:\"a7b8993d160e24e0274d0e46a9f76676b0b2e713c62f192f58f91c11ecbd6c2f\"  IfName:\"eth0\"  NetworkName:\"aws-cni\"  Netns:\"/var/run/netns/cni-86fe7d69-335e-f7bd-9c1e-51f7dc2d0db9\""}
{"level":"info","ts":"2026-10-05T08:13:19.211Z","caller":"rpc/rpc_grpc.pb.go:117","msg":"Required MultiNIC access false, interfaces required 1"}
{"level":"debug","ts":"2026-10-05T08:13:19.211Z","caller":"datastore/data_store.go:713","msg":"AssignPodIPv4Address: IP address pool stats: total 5, assigned 3"}
{"level":"debug","ts":"2026-10-05T08:13:19.211Z","caller":"datastore/data_store.go:806","msg":"Get free IP from prefix failed no free IP available in the prefix - 10.20.0.53/32"}
{"level":"debug","ts":"2026-10-05T08:13:19.211Z","caller":"datastore/data_store.go:713","msg":"Unable to get IP address from CIDR: no free IP available in the prefix - 10.20.0.53/32"}
{"level":"debug","ts":"2026-10-05T08:13:19.211Z","caller":"datastore/data_store.go:1469","msg":"Found a free IP not in DB - 10.20.0.48"}
{"level":"debug","ts":"2026-10-05T08:13:19.211Z","caller":"datastore/data_store.go:806","msg":"Returning Free IP 10.20.0.48"}
{"level":"debug","ts":"2026-10-05T08:13:19.211Z","caller":"datastore/data_store.go:713","msg":"New IP from CIDR pool- 10.20.0.48"}
{"level":"debug","ts":"2026-10-05T08:13:19.211Z","caller":"datastore/data_store.go:713","msg":"Allocating new IP 10.20.0.48 from CIDR 10.20.0.48/32 for pod"}
{"level":"info","ts":"2026-10-05T08:13:19.211Z","caller":"datastore/data_store.go:838","msg":"assignPodIPAddressUnsafe: Assign IP 10.20.0.48 to sandbox aws-cni/a7b8993d160e24e0274d0e46a9f76676b0b2e713c62f192f58f91c11ecbd6c2f/eth0 with metadata {K8SPodNamespace:default K8SPodName:pause-68d5b89fc-bt676 InterfacesCount:1}"}
{"level":"info","ts":"2026-10-05T08:13:19.211Z","caller":"rpc/rpc_grpc.pb.go:117","msg":"Assigned IP from network card: 0 -> IPv4: 10.20.0.48, IPv6: , device number: 0, "}
{"level":"info","ts":"2026-10-05T08:13:19.211Z","caller":"rpc/rpc_grpc.pb.go:117","msg":"Address assigned from datastores:  1"}
{"level":"debug","ts":"2026-10-05T08:13:19.212Z","caller":"rpc/rpc_grpc.pb.go:117","msg":"VPC CIDR 10.20.0.0/24"}
{"level":"info","ts":"2026-10-05T08:13:19.212Z","caller":"rpc/rpc_grpc.pb.go:117","msg":"Send AddNetworkReply: Success: true IPAddr: [IPv4Addr:\"10.20.0.48\"  RouteTableId:254], resp: Success:true  IPAllocationMetadata:{IPv4Addr:\"10.20.0.48\"  RouteTableId:254}  VPCv4CIDRs:\"10.20.0.0/24\"  NetworkPolicyMode:\"standard\", err: <nil>"}
{"level":"debug","ts":"2026-10-05T08:13:19.784Z","caller":"ipamd/ipamd.go:795","msg":"IP stats for Network Card 0 - total IPs: 5, assigned IPs: 4, cooldown IPs: 0"}
{"level":"debug","ts":"2026-10-05T08:13:19.784Z","caller":"ipamd/ipamd.go:813","msg":"Starting to increase pool size for network card 0"}
{"level":"debug","ts":"2026-10-05T08:13:19.784Z","caller":"ipamd/ipamd.go:966","msg":"Node found \"ip-10-20-0-45.ec2.internal\" - no of taints - 0"}
{"level":"debug","ts":"2026-10-05T08:13:19.784Z","caller":"ipamd/ipamd.go:1003","msg":"hasRoomForEni: networkCard=0, currentENIs=1, currentUsableENIs=1, maxENI=3, unmanagedENI=0, trunkEni=0, excludedENI=0, hasRoom=true"}
{"level":"info","ts":"2026-10-05T08:13:19.784Z","caller":"awsutils/awsutils.go:1044","msg":"Trying to allocate 1 IP addresses on new ENI"}
{"level":"debug","ts":"2026-10-05T08:13:19.784Z","caller":"awsutils/awsutils.go:1044","msg":"PD enabled - false"}
{"level":"debug","ts":"2026-10-05T08:13:19.861Z","caller":"awsutils/awsutils.go:1272","msg":"Primary subnet subnet-EXAMPLE1 has no kubernetes.io/role/cni tag, including it for ENI creation (backwards compatibility)"}
{"level":"info","ts":"2026-10-05T08:13:19.861Z","caller":"awsutils/awsutils.go:1044","msg":"Creating ENI with security groups: [sg-EXAMPLE1] in subnet: subnet-EXAMPLE1"}
{"level":"info","ts":"2026-10-05T08:13:20.316Z","caller":"awsutils/awsutils.go:1285","msg":"Created a new ENI: eni-EXAMPLE12"}
{"level":"debug","ts":"2026-10-05T08:13:20.435Z","caller":"awsutils/awsutils.go:1095","msg":"Discovered device number is used for network card 0: 0"}
{"level":"debug","ts":"2026-10-05T08:13:20.435Z","caller":"awsutils/awsutils.go:1095","msg":"Found a free device number for network card 0 : 1"}
{"level":"info","ts":"2026-10-05T08:13:21.948Z","caller":"ipamd/ipamd.go:1077","msg":"Successfully created and attached a new ENI eni-EXAMPLE12 to instance on network card 0"}
{"level":"debug","ts":"2026-10-05T08:13:21.949Z","caller":"awsutils/awsutils.go:2253","msg":"Total number of interfaces found: 1 "}
{"level":"debug","ts":"2026-10-05T08:13:21.949Z","caller":"awsutils/awsutils.go:787","msg":"Found ENI MAC address: 0a:ff:fa:8c:c5:65"}
{"level":"debug","ts":"2026-10-05T08:13:21.957Z","caller":"awsutils/awsutils.go:787","msg":"Found ENI: eni-EXAMPLE11, MAC 0a:ff:fa:8c:c5:65, device 0"}
{"level":"debug","ts":"2026-10-05T08:13:21.960Z","caller":"awsutils/awsutils.go:787","msg":"Found IPv4 addresses associated with interface. This is not efa-only interface"}
{"level":"debug","ts":"2026-10-05T08:13:21.965Z","caller":"retry/retry.go:70","msg":"Not able to find the right ENI yet (attempt 1/12)"}
{"level":"debug","ts":"2026-10-05T08:13:22.071Z","caller":"awsutils/awsutils.go:2253","msg":"Total number of interfaces found: 1 "}
{"level":"debug","ts":"2026-10-05T08:13:22.071Z","caller":"awsutils/awsutils.go:787","msg":"Found ENI MAC address: 0a:ff:fa:8c:c5:65"}
{"level":"debug","ts":"2026-10-05T08:13:22.076Z","caller":"awsutils/awsutils.go:787","msg":"Found ENI: eni-EXAMPLE11, MAC 0a:ff:fa:8c:c5:65, device 0"}
{"level":"debug","ts":"2026-10-05T08:13:22.079Z","caller":"awsutils/awsutils.go:787","msg":"Found IPv4 addresses associated with interface. This is not efa-only interface"}
{"level":"debug","ts":"2026-10-05T08:13:22.084Z","caller":"retry/retry.go:70","msg":"Not able to find the right ENI yet (attempt 2/12)"}
{"level":"debug","ts":"2026-10-05T08:13:22.316Z","caller":"awsutils/awsutils.go:2253","msg":"Total number of interfaces found: 1 "}
{"level":"debug","ts":"2026-10-05T08:13:22.316Z","caller":"awsutils/awsutils.go:787","msg":"Found ENI MAC address: 0a:ff:fa:8c:c5:65"}
{"level":"debug","ts":"2026-10-05T08:13:22.319Z","caller":"awsutils/awsutils.go:787","msg":"Found ENI: eni-EXAMPLE11, MAC 0a:ff:fa:8c:c5:65, device 0"}
{"level":"debug","ts":"2026-10-05T08:13:22.320Z","caller":"awsutils/awsutils.go:787","msg":"Found IPv4 addresses associated with interface. This is not efa-only interface"}
{"level":"debug","ts":"2026-10-05T08:13:22.323Z","caller":"retry/retry.go:70","msg":"Not able to find the right ENI yet (attempt 3/12)"}
{"level":"debug","ts":"2026-10-05T08:13:22.768Z","caller":"awsutils/awsutils.go:2253","msg":"Total number of interfaces found: 2 "}
{"level":"debug","ts":"2026-10-05T08:13:22.768Z","caller":"awsutils/awsutils.go:787","msg":"Found ENI MAC address: 0a:ff:df:e2:b2:eb"}
{"level":"debug","ts":"2026-10-05T08:13:22.776Z","caller":"awsutils/awsutils.go:787","msg":"Found ENI: eni-EXAMPLE12, MAC 0a:ff:df:e2:b2:eb, device 1"}
{"level":"debug","ts":"2026-10-05T08:13:22.780Z","caller":"awsutils/awsutils.go:787","msg":"Found IPv4 addresses associated with interface. This is not efa-only interface"}
{"level":"debug","ts":"2026-10-05T08:13:22.792Z","caller":"awsutils/awsutils.go:787","msg":"Found ENI MAC address: 0a:ff:fa:8c:c5:65"}
{"level":"debug","ts":"2026-10-05T08:13:22.796Z","caller":"awsutils/awsutils.go:787","msg":"Found ENI: eni-EXAMPLE11, MAC 0a:ff:fa:8c:c5:65, device 0"}
{"level":"debug","ts":"2026-10-05T08:13:22.803Z","caller":"awsutils/awsutils.go:787","msg":"Found IPv4 addresses associated with interface. This is not efa-only interface"}
{"level":"debug","ts":"2026-10-05T08:13:22.818Z","caller":"retry/retry.go:70","msg":"ENI ID: eni-EXAMPLE12 IP Addr: 2, IPv4Prefixes:- 0, IPv6Prefixes:- 0"}
{"level":"debug","ts":"2026-10-05T08:13:22.818Z","caller":"ipamd/ipamd.go:1313","msg":"DataStore add an ENI eni-EXAMPLE12"}
{"level":"debug","ts":"2026-10-05T08:13:23.046Z","caller":"ipamd/ipamd.go:2913","msg":"IsSubnetExcluded: subnet subnet-EXAMPLE1 has no kubernetes.io/role/cni tag, not excluded"}
{"level":"info","ts":"2026-10-05T08:13:23.046Z","caller":"networkutils/network.go:947","msg":"Setting up network for an ENI with IP address 10.20.0.62, MAC address 0a:ff:df:e2:b2:eb, CIDR 10.20.0.32/27, route table 2 and Network Card 0"}
{"level":"debug","ts":"2026-10-05T08:13:23.047Z","caller":"netlinkwrapper/netlink.go:138","msg":"netlink operation succeeded on attempt 1 of 5"}
{"level":"debug","ts":"2026-10-05T08:13:23.047Z","caller":"networkutils/network.go:975","msg":"Found the Link that uses mac address 0a:ff:df:e2:b2:eb and its index is 7 (attempt 1/5)"}
{"level":"debug","ts":"2026-10-05T08:13:23.051Z","caller":"networkutils/network.go:947","msg":"Setting up ENI's primary IP 10.20.0.62"}
{"level":"debug","ts":"2026-10-05T08:13:23.051Z","caller":"netlinkwrapper/netlink.go:174","msg":"netlink operation succeeded on attempt 1 of 5"}
{"level":"debug","ts":"2026-10-05T08:13:23.051Z","caller":"networkutils/network.go:947","msg":"Adding IP address 10.20.0.62/27"}
{"level":"debug","ts":"2026-10-05T08:13:23.051Z","caller":"networkutils/network.go:947","msg":"Setting up ENI's default gateway 10.20.0.33, table 2, linkIndex 7"}
{"level":"debug","ts":"2026-10-05T08:13:23.052Z","caller":"retry/retry.go:70","msg":"Successfully added/replaced route to be 10.20.0.33/0"}
{"level":"debug","ts":"2026-10-05T08:13:23.052Z","caller":"retry/retry.go:70","msg":"Successfully added/replaced route to be 0.0.0.0/0"}
{"level":"info","ts":"2026-10-05T08:13:23.052Z","caller":"networkutils/network.go:947","msg":"Adding rule for Primary IP [ip rule 32765: from 10.20.0.62/32 to all table 2 ]"}
{"level":"debug","ts":"2026-10-05T08:13:23.052Z","caller":"networkutils/network.go:947","msg":"setupENINetwork: rule for Primary IP 10.20.0.62 added"}
{"level":"info","ts":"2026-10-05T08:13:23.052Z","caller":"ipamd/ipamd.go:1097","msg":"Found ENIs having 2 secondary IPs and 0 Prefixes"}
{"level":"info","ts":"2026-10-05T08:13:23.052Z","caller":"ipamd/ipamd.go:1387","msg":"Adding 10.20.0.47/32 to DS for eni-EXAMPLE12"}
{"level":"info","ts":"2026-10-05T08:13:23.052Z","caller":"ipamd/ipamd.go:1387","msg":"Added ENI(eni-EXAMPLE12)'s IP/Prefix 10.20.0.47/32 to datastore"}
{"level":"debug","ts":"2026-10-05T08:13:23.052Z","caller":"ipamd/ipamd.go:1394","msg":"IP pool stats for network card 0: Total IPs/Prefixes = 6/0, AssignedIPs/CooldownIPs: 4/0, c.maxIPsPerENI = 5"}
{"level":"debug","ts":"2026-10-05T08:13:23.052Z","caller":"ipamd/ipamd.go:1415","msg":"IP pool stats for network card 0: Total IPs/Prefixes = 6/0, AssignedIPs/CooldownIPs: 4/0, c.maxIPsPerENI = 5"}
{"level":"debug","ts":"2026-10-05T08:13:23.052Z","caller":"ipamd/ipamd.go:1053","msg":"IP pool stats for network card 0: Total IPs/Prefixes = 6/0, AssignedIPs/CooldownIPs: 4/0, c.maxIPsPerENI = 5"}
{"level":"debug","ts":"2026-10-05T08:13:23.052Z","caller":"ipamd/ipamd.go:861","msg":"Node found \"ip-10-20-0-45.ec2.internal\" - no of taints - 0"}
{"level":"debug","ts":"2026-10-05T08:13:23.052Z","caller":"datastore/data_store.go:1148","msg":"ENI eni-EXAMPLE12 cannot be deleted because it is too young"}
{"level":"debug","ts":"2026-10-05T08:13:23.052Z","caller":"datastore/data_store.go:1148","msg":"ENI eni-EXAMPLE11 cannot be deleted because it is primary"}
{"level":"debug","ts":"2026-10-05T08:13:28.054Z","caller":"ipamd/ipamd.go:795","msg":"IP stats for Network Card 0 - total IPs: 6, assigned IPs: 4, cooldown IPs: 0"}
{"level":"debug","ts":"2026-10-05T08:13:28.054Z","caller":"ipamd/ipamd.go:861","msg":"Node found \"ip-10-20-0-45.ec2.internal\" - no of taints - 0"}
{"level":"debug","ts":"2026-10-05T08:13:28.054Z","caller":"datastore/data_store.go:1148","msg":"ENI eni-EXAMPLE11 cannot be deleted because it is primary"}
{"level":"debug","ts":"2026-10-05T08:13:28.054Z","caller":"datastore/data_store.go:1148","msg":"ENI eni-EXAMPLE12 cannot be deleted because it is too young"}
{"level":"debug","ts":"2026-10-05T08:13:33.056Z","caller":"ipamd/ipamd.go:795","msg":"IP stats for Network Card 0 - total IPs: 6, assigned IPs: 4, cooldown IPs: 0"}
{"level":"debug","ts":"2026-10-05T08:13:33.056Z","caller":"ipamd/ipamd.go:861","msg":"Node found \"ip-10-20-0-45.ec2.internal\" - no of taints - 0"}
{"level":"debug","ts":"2026-10-05T08:13:33.056Z","caller":"datastore/data_store.go:1148","msg":"ENI eni-EXAMPLE11 cannot be deleted because it is primary"}
{"level":"debug","ts":"2026-10-05T08:13:33.056Z","caller":"datastore/data_store.go:1148","msg":"ENI eni-EXAMPLE12 cannot be deleted because it is too young"}
{"level":"debug","ts":"2026-10-05T08:13:38.056Z","caller":"ipamd/ipamd.go:795","msg":"IP stats for Network Card 0 - total IPs: 6, assigned IPs: 4, cooldown IPs: 0"}
{"level":"debug","ts":"2026-10-05T08:13:38.057Z","caller":"ipamd/ipamd.go:861","msg":"Node found \"ip-10-20-0-45.ec2.internal\" - no of taints - 0"}
{"level":"debug","ts":"2026-10-05T08:13:38.057Z","caller":"datastore/data_store.go:1148","msg":"ENI eni-EXAMPLE11 cannot be deleted because it is primary"}
{"level":"debug","ts":"2026-10-05T08:13:38.057Z","caller":"datastore/data_store.go:1148","msg":"ENI eni-EXAMPLE12 cannot be deleted because it is too young"}
{"level":"debug","ts":"2026-10-05T08:13:43.057Z","caller":"ipamd/ipamd.go:795","msg":"IP stats for Network Card 0 - total IPs: 6, assigned IPs: 4, cooldown IPs: 0"}
{"level":"debug","ts":"2026-10-05T08:13:43.057Z","caller":"ipamd/ipamd.go:861","msg":"Node found \"ip-10-20-0-45.ec2.internal\" - no of taints - 0"}
{"level":"debug","ts":"2026-10-05T08:13:43.057Z","caller":"datastore/data_store.go:1148","msg":"ENI eni-EXAMPLE11 cannot be deleted because it is primary"}
{"level":"debug","ts":"2026-10-05T08:13:43.057Z","caller":"datastore/data_store.go:1148","msg":"ENI eni-EXAMPLE12 cannot be deleted because it is too young"}
{"level":"debug","ts":"2026-10-05T08:13:48.059Z","caller":"ipamd/ipamd.go:795","msg":"IP stats for Network Card 0 - total IPs: 6, assigned IPs: 4, cooldown IPs: 0"}
{"level":"debug","ts":"2026-10-05T08:13:48.059Z","caller":"ipamd/ipamd.go:861","msg":"Node found \"ip-10-20-0-45.ec2.internal\" - no of taints - 0"}
{"level":"debug","ts":"2026-10-05T08:13:48.059Z","caller":"datastore/data_store.go:1148","msg":"ENI eni-EXAMPLE11 cannot be deleted because it is primary"}
{"level":"debug","ts":"2026-10-05T08:13:48.059Z","caller":"datastore/data_store.go:1148","msg":"ENI eni-EXAMPLE12 cannot be deleted because it is too young"}
{"level":"debug","ts":"2026-10-05T08:13:53.060Z","caller":"ipamd/ipamd.go:795","msg":"IP stats for Network Card 0 - total IPs: 6, assigned IPs: 4, cooldown IPs: 0"}
{"level":"debug","ts":"2026-10-05T08:13:53.060Z","caller":"ipamd/ipamd.go:861","msg":"Node found \"ip-10-20-0-45.ec2.internal\" - no of taints - 0"}
{"level":"debug","ts":"2026-10-05T08:13:53.060Z","caller":"datastore/data_store.go:1148","msg":"ENI eni-EXAMPLE11 cannot be deleted because it is primary"}
{"level":"debug","ts":"2026-10-05T08:13:53.060Z","caller":"datastore/data_store.go:1148","msg":"ENI eni-EXAMPLE12 cannot be deleted because it is too young"}
{"level":"debug","ts":"2026-10-05T08:13:58.062Z","caller":"ipamd/ipamd.go:795","msg":"IP stats for Network Card 0 - total IPs: 6, assigned IPs: 4, cooldown IPs: 0"}
{"level":"debug","ts":"2026-10-05T08:13:58.062Z","caller":"ipamd/ipamd.go:861","msg":"Node found \"ip-10-20-0-45.ec2.internal\" - no of taints - 0"}
{"level":"debug","ts":"2026-10-05T08:13:58.062Z","caller":"datastore/data_store.go:1148","msg":"ENI eni-EXAMPLE11 cannot be deleted because it is primary"}
{"level":"debug","ts":"2026-10-05T08:13:58.062Z","caller":"datastore/data_store.go:1148","msg":"ENI eni-EXAMPLE12 cannot be deleted because it is too young"}
{"level":"debug","ts":"2026-10-05T08:14:03.063Z","caller":"ipamd/ipamd.go:795","msg":"IP stats for Network Card 0 - total IPs: 6, assigned IPs: 4, cooldown IPs: 0"}
{"level":"debug","ts":"2026-10-05T08:14:03.063Z","caller":"ipamd/ipamd.go:861","msg":"Node found \"ip-10-20-0-45.ec2.internal\" - no of taints - 0"}
{"level":"debug","ts":"2026-10-05T08:14:03.063Z","caller":"datastore/data_store.go:1148","msg":"ENI eni-EXAMPLE11 cannot be deleted because it is primary"}
{"level":"debug","ts":"2026-10-05T08:14:03.063Z","caller":"datastore/data_store.go:1148","msg":"ENI eni-EXAMPLE12 cannot be deleted because it is too young"}
{"level":"debug","ts":"2026-10-05T08:14:08.065Z","caller":"ipamd/ipamd.go:795","msg":"IP stats for Network Card 0 - total IPs: 6, assigned IPs: 4, cooldown IPs: 0"}
{"level":"debug","ts":"2026-10-05T08:14:08.065Z","caller":"ipamd/ipamd.go:861","msg":"Node found \"ip-10-20-0-45.ec2.internal\" - no of taints - 0"}
{"level":"debug","ts":"2026-10-05T08:14:08.065Z","caller":"datastore/data_store.go:1148","msg":"ENI eni-EXAMPLE11 cannot be deleted because it is primary"}
{"level":"debug","ts":"2026-10-05T08:14:08.065Z","caller":"datastore/data_store.go:1148","msg":"ENI eni-EXAMPLE12 cannot be deleted because it is too young"}
{"level":"debug","ts":"2026-10-05T08:14:13.066Z","caller":"ipamd/ipamd.go:795","msg":"IP stats for Network Card 0 - total IPs: 6, assigned IPs: 4, cooldown IPs: 0"}
{"level":"debug","ts":"2026-10-05T08:14:13.066Z","caller":"ipamd/ipamd.go:861","msg":"Node found \"ip-10-20-0-45.ec2.internal\" - no of taints - 0"}
{"level":"debug","ts":"2026-10-05T08:14:13.066Z","caller":"datastore/data_store.go:1148","msg":"ENI eni-EXAMPLE12 cannot be deleted because it is too young"}
{"level":"debug","ts":"2026-10-05T08:14:13.066Z","caller":"datastore/data_store.go:1148","msg":"ENI eni-EXAMPLE11 cannot be deleted because it is primary"}
{"level":"debug","ts":"2026-10-05T08:14:18.070Z","caller":"ipamd/ipamd.go:795","msg":"IP stats for Network Card 0 - total IPs: 6, assigned IPs: 4, cooldown IPs: 0"}
{"level":"debug","ts":"2026-10-05T08:14:18.070Z","caller":"ipamd/ipamd.go:861","msg":"Node found \"ip-10-20-0-45.ec2.internal\" - no of taints - 0"}
{"level":"debug","ts":"2026-10-05T08:14:18.070Z","caller":"datastore/data_store.go:1148","msg":"ENI eni-EXAMPLE11 cannot be deleted because it is primary"}
{"level":"debug","ts":"2026-10-05T08:14:18.070Z","caller":"datastore/data_store.go:1148","msg":"ENI eni-EXAMPLE12 cannot be deleted because it is too young"}
{"level":"debug","ts":"2026-10-05T08:14:23.071Z","caller":"ipamd/ipamd.go:795","msg":"IP stats for Network Card 0 - total IPs: 6, assigned IPs: 4, cooldown IPs: 0"}
{"level":"debug","ts":"2026-10-05T08:14:23.071Z","caller":"ipamd/ipamd.go:861","msg":"Node found \"ip-10-20-0-45.ec2.internal\" - no of taints - 0"}
{"level":"debug","ts":"2026-10-05T08:14:23.071Z","caller":"datastore/data_store.go:1148","msg":"ENI eni-EXAMPLE11 cannot be deleted because it is primary"}
{"level":"debug","ts":"2026-10-05T08:14:23.071Z","caller":"datastore/data_store.go:1148","msg":"ENI eni-EXAMPLE12 cannot be deleted because it is required for WARM_IP_TARGET: 2"}
{"level":"info","ts":"2026-10-05T08:14:25.244Z","caller":"rpc/rpc_grpc.pb.go:117","msg":"Received AddNetwork for NS /var/run/netns/cni-9b96fdd7-0231-0a65-6dc1-0fd7c24f96a3, Sandbox 82b24998ac14f6dec183ad784c7d79863c6901fde91c03a60f6809fe7d4f6255, ifname eth0"}
{"level":"debug","ts":"2026-10-05T08:14:25.244Z","caller":"rpc/rpc_grpc.pb.go:117","msg":"AddNetworkRequest: K8S_POD_NAME:\"pause-68d5b89fc-cjvmt\"  K8S_POD_NAMESPACE:\"default\"  K8S_POD_INFRA_CONTAINER_ID:\"82b24998ac14f6dec183ad784c7d79863c6901fde91c03a60f6809fe7d4f6255\"  ContainerID:\"82b24998ac14f6dec183ad784c7d79863c6901fde91c03a60f6809fe7d4f6255\"  IfName:\"eth0\"  NetworkName:\"aws-cni\"  Netns:\"/var/run/netns/cni-9b96fdd7-0231-0a65-6dc1-0fd7c24f96a3\""}
{"level":"info","ts":"2026-10-05T08:14:25.244Z","caller":"rpc/rpc_grpc.pb.go:117","msg":"Required MultiNIC access false, interfaces required 1"}
{"level":"debug","ts":"2026-10-05T08:14:25.244Z","caller":"datastore/data_store.go:713","msg":"AssignPodIPv4Address: IP address pool stats: total 6, assigned 4"}
{"level":"debug","ts":"2026-10-05T08:14:25.244Z","caller":"datastore/data_store.go:806","msg":"Get free IP from prefix failed no free IP available in the prefix - 10.20.0.58/32"}
{"level":"debug","ts":"2026-10-05T08:14:25.244Z","caller":"datastore/data_store.go:713","msg":"Unable to get IP address from CIDR: no free IP available in the prefix - 10.20.0.58/32"}
{"level":"debug","ts":"2026-10-05T08:14:25.244Z","caller":"datastore/data_store.go:806","msg":"Get free IP from prefix failed no free IP available in the prefix - 10.20.0.43/32"}
{"level":"debug","ts":"2026-10-05T08:14:25.244Z","caller":"datastore/data_store.go:713","msg":"Unable to get IP address from CIDR: no free IP available in the prefix - 10.20.0.43/32"}
{"level":"debug","ts":"2026-10-05T08:14:25.244Z","caller":"datastore/data_store.go:806","msg":"Get free IP from prefix failed no free IP available in the prefix - 10.20.0.53/32"}
{"level":"debug","ts":"2026-10-05T08:14:25.244Z","caller":"datastore/data_store.go:713","msg":"Unable to get IP address from CIDR: no free IP available in the prefix - 10.20.0.53/32"}
{"level":"debug","ts":"2026-10-05T08:14:25.244Z","caller":"datastore/data_store.go:806","msg":"Get free IP from prefix failed no free IP available in the prefix - 10.20.0.48/32"}
{"level":"debug","ts":"2026-10-05T08:14:25.244Z","caller":"datastore/data_store.go:713","msg":"Unable to get IP address from CIDR: no free IP available in the prefix - 10.20.0.48/32"}
{"level":"debug","ts":"2026-10-05T08:14:25.244Z","caller":"datastore/data_store.go:1469","msg":"Found a free IP not in DB - 10.20.0.46"}
{"level":"debug","ts":"2026-10-05T08:14:25.244Z","caller":"datastore/data_store.go:806","msg":"Returning Free IP 10.20.0.46"}
{"level":"debug","ts":"2026-10-05T08:14:25.244Z","caller":"datastore/data_store.go:713","msg":"New IP from CIDR pool- 10.20.0.46"}
{"level":"debug","ts":"2026-10-05T08:14:25.244Z","caller":"datastore/data_store.go:713","msg":"Allocating new IP 10.20.0.46 from CIDR 10.20.0.46/32 for pod"}
{"level":"info","ts":"2026-10-05T08:14:25.244Z","caller":"datastore/data_store.go:838","msg":"assignPodIPAddressUnsafe: Assign IP 10.20.0.46 to sandbox aws-cni/82b24998ac14f6dec183ad784c7d79863c6901fde91c03a60f6809fe7d4f6255/eth0 with metadata {K8SPodNamespace:default K8SPodName:pause-68d5b89fc-cjvmt InterfacesCount:1}"}
{"level":"info","ts":"2026-10-05T08:14:25.244Z","caller":"rpc/rpc_grpc.pb.go:117","msg":"Assigned IP from network card: 0 -> IPv4: 10.20.0.46, IPv6: , device number: 0, "}
{"level":"info","ts":"2026-10-05T08:14:25.244Z","caller":"rpc/rpc_grpc.pb.go:117","msg":"Address assigned from datastores:  1"}
{"level":"debug","ts":"2026-10-05T08:14:25.246Z","caller":"rpc/rpc_grpc.pb.go:117","msg":"VPC CIDR 10.20.0.0/24"}
{"level":"info","ts":"2026-10-05T08:14:25.246Z","caller":"rpc/rpc_grpc.pb.go:117","msg":"Send AddNetworkReply: Success: true IPAddr: [IPv4Addr:\"10.20.0.46\"  RouteTableId:254], resp: Success:true  IPAllocationMetadata:{IPv4Addr:\"10.20.0.46\"  RouteTableId:254}  VPCv4CIDRs:\"10.20.0.0/24\"  NetworkPolicyMode:\"standard\", err: <nil>"}
{"level":"debug","ts":"2026-10-05T08:14:25.571Z","caller":"ipamd/ipamd.go:798","msg":"Reconciling ENI/IP pool info because time since last 1m2.519007479s > 1m0s"}
{"level":"debug","ts":"2026-10-05T08:14:25.573Z","caller":"ipamd/ipamd.go:1621","msg":"Total number of interfaces found: 2 "}
{"level":"debug","ts":"2026-10-05T08:14:25.573Z","caller":"awsutils/awsutils.go:787","msg":"Found ENI MAC address: 0a:ff:df:e2:b2:eb"}
{"level":"debug","ts":"2026-10-05T08:14:25.576Z","caller":"awsutils/awsutils.go:787","msg":"Found ENI: eni-EXAMPLE12, MAC 0a:ff:df:e2:b2:eb, device 1"}
{"level":"debug","ts":"2026-10-05T08:14:25.578Z","caller":"awsutils/awsutils.go:787","msg":"Found IPv4 addresses associated with interface. This is not efa-only interface"}
{"level":"debug","ts":"2026-10-05T08:14:25.586Z","caller":"awsutils/awsutils.go:787","msg":"Found ENI MAC address: 0a:ff:fa:8c:c5:65"}
{"level":"debug","ts":"2026-10-05T08:14:25.589Z","caller":"awsutils/awsutils.go:787","msg":"Found ENI: eni-EXAMPLE11, MAC 0a:ff:fa:8c:c5:65, device 0"}
{"level":"debug","ts":"2026-10-05T08:14:25.591Z","caller":"awsutils/awsutils.go:787","msg":"Found IPv4 addresses associated with interface. This is not efa-only interface"}
{"level":"debug","ts":"2026-10-05T08:14:25.595Z","caller":"ipamd/ipamd.go:798","msg":"Reconcile existing ENI eni-EXAMPLE12 IP pool"}
{"level":"info","ts":"2026-10-05T08:14:25.595Z","caller":"ipamd/ipamd.go:1766","msg":"Reconcile and skip primary IP 10.20.0.62 on ENI eni-EXAMPLE12"}
{"level":"info","ts":"2026-10-05T08:14:25.595Z","caller":"ipamd/ipamd.go:1766","msg":"Trying to add 10.20.0.47"}
{"level":"info","ts":"2026-10-05T08:14:25.595Z","caller":"ipamd/ipamd.go:1890","msg":"Adding 10.20.0.47/32 to DS for eni-EXAMPLE12"}
{"level":"info","ts":"2026-10-05T08:14:25.595Z","caller":"ipamd/ipamd.go:1890","msg":"IP already in DS"}
{"level":"debug","ts":"2026-10-05T08:14:25.595Z","caller":"ipamd/ipamd.go:798","msg":"Reconcile existing ENI eni-EXAMPLE12 IP prefixes"}
{"level":"debug","ts":"2026-10-05T08:14:25.595Z","caller":"ipamd/ipamd.go:1693","msg":"Found prefix pool count 0 for eni eni-EXAMPLE12\n"}
{"level":"debug","ts":"2026-10-05T08:14:25.595Z","caller":"ipamd/ipamd.go:798","msg":"Reconcile existing ENI eni-EXAMPLE11 IP pool"}
{"level":"info","ts":"2026-10-05T08:14:25.595Z","caller":"ipamd/ipamd.go:1766","msg":"Reconcile and skip primary IP 10.20.0.45 on ENI eni-EXAMPLE11"}
{"level":"info","ts":"2026-10-05T08:14:25.595Z","caller":"ipamd/ipamd.go:1766","msg":"Trying to add 10.20.0.53"}
{"level":"info","ts":"2026-10-05T08:14:25.595Z","caller":"ipamd/ipamd.go:1890","msg":"Adding 10.20.0.53/32 to DS for eni-EXAMPLE11"}
{"level":"info","ts":"2026-10-05T08:14:25.595Z","caller":"ipamd/ipamd.go:1890","msg":"IP already in DS"}
{"level":"info","ts":"2026-10-05T08:14:25.595Z","caller":"ipamd/ipamd.go:1766","msg":"Trying to add 10.20.0.48"}
{"level":"info","ts":"2026-10-05T08:14:25.595Z","caller":"ipamd/ipamd.go:1890","msg":"Adding 10.20.0.48/32 to DS for eni-EXAMPLE11"}
{"level":"info","ts":"2026-10-05T08:14:25.595Z","caller":"ipamd/ipamd.go:1890","msg":"IP already in DS"}
{"level":"info","ts":"2026-10-05T08:14:25.595Z","caller":"ipamd/ipamd.go:1766","msg":"Trying to add 10.20.0.46"}
{"level":"info","ts":"2026-10-05T08:14:25.595Z","caller":"ipamd/ipamd.go:1890","msg":"Adding 10.20.0.46/32 to DS for eni-EXAMPLE11"}
{"level":"info","ts":"2026-10-05T08:14:25.595Z","caller":"ipamd/ipamd.go:1890","msg":"IP already in DS"}
{"level":"info","ts":"2026-10-05T08:14:25.595Z","caller":"ipamd/ipamd.go:1766","msg":"Trying to add 10.20.0.58"}
{"level":"info","ts":"2026-10-05T08:14:25.595Z","caller":"ipamd/ipamd.go:1890","msg":"Adding 10.20.0.58/32 to DS for eni-EXAMPLE11"}
{"level":"info","ts":"2026-10-05T08:14:25.595Z","caller":"ipamd/ipamd.go:1890","msg":"IP already in DS"}
{"level":"info","ts":"2026-10-05T08:14:25.595Z","caller":"ipamd/ipamd.go:1766","msg":"Trying to add 10.20.0.43"}
{"level":"info","ts":"2026-10-05T08:14:25.595Z","caller":"ipamd/ipamd.go:1890","msg":"Adding 10.20.0.43/32 to DS for eni-EXAMPLE11"}
{"level":"info","ts":"2026-10-05T08:14:25.595Z","caller":"ipamd/ipamd.go:1890","msg":"IP already in DS"}
{"level":"debug","ts":"2026-10-05T08:14:25.595Z","caller":"ipamd/ipamd.go:798","msg":"Reconcile existing ENI eni-EXAMPLE11 IP prefixes"}
{"level":"debug","ts":"2026-10-05T08:14:25.595Z","caller":"ipamd/ipamd.go:1693","msg":"Found prefix pool count 0 for eni eni-EXAMPLE11\n"}
{"level":"debug","ts":"2026-10-05T08:14:25.595Z","caller":"ipamd/ipamd.go:798","msg":"Successfully Reconciled ENI/IP pool"}
{"level":"debug","ts":"2026-10-05T08:14:25.595Z","caller":"ipamd/ipamd.go:1738","msg":"IP pool stats for network card 0: Total IPs/Prefixes = 6/0, AssignedIPs/CooldownIPs: 5/0, c.maxIPsPerENI = 5"}
{"level":"debug","ts":"2026-10-05T08:14:25.595Z","caller":"ipamd/ipamd.go:798","msg":"Primary IP for ENI eni-EXAMPLE11 is 10.20.0.45"}
{"level":"debug","ts":"2026-10-05T08:14:25.595Z","caller":"ipamd/ipamd.go:798","msg":"Primary IP for ENI eni-EXAMPLE12 is 10.20.0.62"}
{"level":"debug","ts":"2026-10-05T08:14:28.098Z","caller":"ipamd/ipamd.go:795","msg":"IP stats for Network Card 0 - total IPs: 6, assigned IPs: 5, cooldown IPs: 0"}
{"level":"debug","ts":"2026-10-05T08:14:28.098Z","caller":"ipamd/ipamd.go:813","msg":"Starting to increase pool size for network card 0"}
{"level":"debug","ts":"2026-10-05T08:14:28.098Z","caller":"ipamd/ipamd.go:966","msg":"Node found \"ip-10-20-0-45.ec2.internal\" - no of taints - 0"}
{"level":"debug","ts":"2026-10-05T08:14:28.098Z","caller":"ipamd/ipamd.go:1135","msg":"Found ENI eni-EXAMPLE12 that has less than the maximum number of IP/Prefixes addresses allocated: cur=1, max=5"}
{"level":"info","ts":"2026-10-05T08:14:28.098Z","caller":"ipamd/ipamd.go:1141","msg":"Trying to allocate 1 IP addresses on ENI eni-EXAMPLE12"}
{"level":"debug","ts":"2026-10-05T08:14:28.098Z","caller":"ipamd/ipamd.go:1141","msg":"PD enabled - false"}
{"level":"info","ts":"2026-10-05T08:14:28.644Z","caller":"ipamd/ipamd.go:1141","msg":"Allocated 1 private IP addresses"}
{"level":"debug","ts":"2026-10-05T08:14:28.644Z","caller":"ipamd/ipamd.go:1156","msg":"containsPrivateIPAddressLimitExceededError encountered <nil>"}
{"level":"info","ts":"2026-10-05T08:14:28.644Z","caller":"ipamd/ipamd.go:1387","msg":"Adding 10.20.0.59/32 to DS for eni-EXAMPLE12"}
{"level":"info","ts":"2026-10-05T08:14:28.644Z","caller":"ipamd/ipamd.go:1387","msg":"Added ENI(eni-EXAMPLE12)'s IP/Prefix 10.20.0.59/32 to datastore"}
{"level":"debug","ts":"2026-10-05T08:14:28.644Z","caller":"ipamd/ipamd.go:1394","msg":"IP pool stats for network card 0: Total IPs/Prefixes = 7/0, AssignedIPs/CooldownIPs: 5/0, c.maxIPsPerENI = 5"}
{"level":"debug","ts":"2026-10-05T08:14:28.644Z","caller":"ipamd/ipamd.go:1053","msg":"IP pool stats for network card 0: Total IPs/Prefixes = 7/0, AssignedIPs/CooldownIPs: 5/0, c.maxIPsPerENI = 5"}
{"level":"debug","ts":"2026-10-05T08:14:28.644Z","caller":"ipamd/ipamd.go:861","msg":"Node found \"ip-10-20-0-45.ec2.internal\" - no of taints - 0"}
{"level":"debug","ts":"2026-10-05T08:14:28.644Z","caller":"datastore/data_store.go:1148","msg":"ENI eni-EXAMPLE11 cannot be deleted because it is primary"}
{"level":"debug","ts":"2026-10-05T08:14:28.644Z","caller":"datastore/data_store.go:1148","msg":"ENI eni-EXAMPLE12 cannot be deleted because it is required for WARM_IP_TARGET: 2"}
{"level":"debug","ts":"2026-10-05T08:14:33.644Z","caller":"ipamd/ipamd.go:795","msg":"IP stats for Network Card 0 - total IPs: 7, assigned IPs: 5, cooldown IPs: 0"}
{"level":"debug","ts":"2026-10-05T08:14:33.644Z","caller":"ipamd/ipamd.go:861","msg":"Node found \"ip-10-20-0-45.ec2.internal\" - no of taints - 0"}
{"level":"debug","ts":"2026-10-05T08:14:33.644Z","caller":"datastore/data_store.go:1148","msg":"ENI eni-EXAMPLE11 cannot be deleted because it is primary"}
{"level":"debug","ts":"2026-10-05T08:14:33.644Z","caller":"datastore/data_store.go:1148","msg":"ENI eni-EXAMPLE12 cannot be deleted because it is required for WARM_IP_TARGET: 2"}
{"level":"debug","ts":"2026-10-05T08:14:38.648Z","caller":"ipamd/ipamd.go:795","msg":"IP stats for Network Card 0 - total IPs: 7, assigned IPs: 5, cooldown IPs: 0"}
{"level":"debug","ts":"2026-10-05T08:14:38.648Z","caller":"ipamd/ipamd.go:861","msg":"Node found \"ip-10-20-0-45.ec2.internal\" - no of taints - 0"}
{"level":"debug","ts":"2026-10-05T08:14:38.648Z","caller":"datastore/data_store.go:1148","msg":"ENI eni-EXAMPLE12 cannot be deleted because it is required for WARM_IP_TARGET: 2"}
{"level":"debug","ts":"2026-10-05T08:14:38.648Z","caller":"datastore/data_store.go:1148","msg":"ENI eni-EXAMPLE11 cannot be deleted because it is primary"}
{"level":"debug","ts":"2026-10-05T08:14:43.648Z","caller":"ipamd/ipamd.go:795","msg":"IP stats for Network Card 0 - total IPs: 7, assigned IPs: 5, cooldown IPs: 0"}
{"level":"debug","ts":"2026-10-05T08:14:43.648Z","caller":"ipamd/ipamd.go:861","msg":"Node found \"ip-10-20-0-45.ec2.internal\" - no of taints - 0"}
{"level":"debug","ts":"2026-10-05T08:14:43.648Z","caller":"datastore/data_store.go:1148","msg":"ENI eni-EXAMPLE11 cannot be deleted because it is primary"}
{"level":"debug","ts":"2026-10-05T08:14:43.648Z","caller":"datastore/data_store.go:1148","msg":"ENI eni-EXAMPLE12 cannot be deleted because it is required for WARM_IP_TARGET: 2"}
{"level":"debug","ts":"2026-10-05T08:14:48.650Z","caller":"ipamd/ipamd.go:795","msg":"IP stats for Network Card 0 - total IPs: 7, assigned IPs: 5, cooldown IPs: 0"}
{"level":"debug","ts":"2026-10-05T08:14:48.650Z","caller":"ipamd/ipamd.go:861","msg":"Node found \"ip-10-20-0-45.ec2.internal\" - no of taints - 0"}
{"level":"debug","ts":"2026-10-05T08:14:48.650Z","caller":"datastore/data_store.go:1148","msg":"ENI eni-EXAMPLE11 cannot be deleted because it is primary"}
{"level":"debug","ts":"2026-10-05T08:14:48.650Z","caller":"datastore/data_store.go:1148","msg":"ENI eni-EXAMPLE12 cannot be deleted because it is required for WARM_IP_TARGET: 2"}
{"level":"debug","ts":"2026-10-05T08:14:53.651Z","caller":"ipamd/ipamd.go:795","msg":"IP stats for Network Card 0 - total IPs: 7, assigned IPs: 5, cooldown IPs: 0"}
{"level":"debug","ts":"2026-10-05T08:14:53.651Z","caller":"ipamd/ipamd.go:861","msg":"Node found \"ip-10-20-0-45.ec2.internal\" - no of taints - 0"}
{"level":"debug","ts":"2026-10-05T08:14:53.651Z","caller":"datastore/data_store.go:1148","msg":"ENI eni-EXAMPLE11 cannot be deleted because it is primary"}
{"level":"debug","ts":"2026-10-05T08:14:53.651Z","caller":"datastore/data_store.go:1148","msg":"ENI eni-EXAMPLE12 cannot be deleted because it is required for WARM_IP_TARGET: 2"}
{"level":"debug","ts":"2026-10-05T08:14:58.653Z","caller":"ipamd/ipamd.go:795","msg":"IP stats for Network Card 0 - total IPs: 7, assigned IPs: 5, cooldown IPs: 0"}
{"level":"debug","ts":"2026-10-05T08:14:58.653Z","caller":"ipamd/ipamd.go:861","msg":"Node found \"ip-10-20-0-45.ec2.internal\" - no of taints - 0"}
{"level":"debug","ts":"2026-10-05T08:14:58.653Z","caller":"datastore/data_store.go:1148","msg":"ENI eni-EXAMPLE11 cannot be deleted because it is primary"}
{"level":"debug","ts":"2026-10-05T08:14:58.653Z","caller":"datastore/data_store.go:1148","msg":"ENI eni-EXAMPLE12 cannot be deleted because it is required for WARM_IP_TARGET: 2"}
{"level":"debug","ts":"2026-10-05T08:15:03.653Z","caller":"ipamd/ipamd.go:795","msg":"IP stats for Network Card 0 - total IPs: 7, assigned IPs: 5, cooldown IPs: 0"}
{"level":"debug","ts":"2026-10-05T08:15:03.653Z","caller":"ipamd/ipamd.go:861","msg":"Node found \"ip-10-20-0-45.ec2.internal\" - no of taints - 0"}
{"level":"debug","ts":"2026-10-05T08:15:03.653Z","caller":"datastore/data_store.go:1148","msg":"ENI eni-EXAMPLE11 cannot be deleted because it is primary"}
{"level":"debug","ts":"2026-10-05T08:15:03.653Z","caller":"datastore/data_store.go:1148","msg":"ENI eni-EXAMPLE12 cannot be deleted because it is required for WARM_IP_TARGET: 2"}
{"level":"debug","ts":"2026-10-05T08:15:08.655Z","caller":"ipamd/ipamd.go:795","msg":"IP stats for Network Card 0 - total IPs: 7, assigned IPs: 5, cooldown IPs: 0"}
{"level":"debug","ts":"2026-10-05T08:15:08.655Z","caller":"ipamd/ipamd.go:861","msg":"Node found \"ip-10-20-0-45.ec2.internal\" - no of taints - 0"}
{"level":"debug","ts":"2026-10-05T08:15:08.655Z","caller":"datastore/data_store.go:1148","msg":"ENI eni-EXAMPLE11 cannot be deleted because it is primary"}
{"level":"debug","ts":"2026-10-05T08:15:08.655Z","caller":"datastore/data_store.go:1148","msg":"ENI eni-EXAMPLE12 cannot be deleted because it is required for WARM_IP_TARGET: 2"}
{"level":"debug","ts":"2026-10-05T08:15:13.657Z","caller":"ipamd/ipamd.go:795","msg":"IP stats for Network Card 0 - total IPs: 7, assigned IPs: 5, cooldown IPs: 0"}
{"level":"debug","ts":"2026-10-05T08:15:13.657Z","caller":"ipamd/ipamd.go:861","msg":"Node found \"ip-10-20-0-45.ec2.internal\" - no of taints - 0"}
{"level":"debug","ts":"2026-10-05T08:15:13.657Z","caller":"datastore/data_store.go:1148","msg":"ENI eni-EXAMPLE11 cannot be deleted because it is primary"}
{"level":"debug","ts":"2026-10-05T08:15:13.657Z","caller":"datastore/data_store.go:1148","msg":"ENI eni-EXAMPLE12 cannot be deleted because it is required for WARM_IP_TARGET: 2"}
{"level":"debug","ts":"2026-10-05T08:15:18.657Z","caller":"ipamd/ipamd.go:795","msg":"IP stats for Network Card 0 - total IPs: 7, assigned IPs: 5, cooldown IPs: 0"}
{"level":"debug","ts":"2026-10-05T08:15:18.658Z","caller":"ipamd/ipamd.go:861","msg":"Node found \"ip-10-20-0-45.ec2.internal\" - no of taints - 0"}
{"level":"debug","ts":"2026-10-05T08:15:18.658Z","caller":"datastore/data_store.go:1148","msg":"ENI eni-EXAMPLE11 cannot be deleted because it is primary"}
{"level":"debug","ts":"2026-10-05T08:15:18.658Z","caller":"datastore/data_store.go:1148","msg":"ENI eni-EXAMPLE12 cannot be deleted because it is required for WARM_IP_TARGET: 2"}
{"level":"debug","ts":"2026-10-05T08:15:23.659Z","caller":"ipamd/ipamd.go:795","msg":"IP stats for Network Card 0 - total IPs: 7, assigned IPs: 5, cooldown IPs: 0"}
{"level":"debug","ts":"2026-10-05T08:15:23.659Z","caller":"ipamd/ipamd.go:861","msg":"Node found \"ip-10-20-0-45.ec2.internal\" - no of taints - 0"}
{"level":"debug","ts":"2026-10-05T08:15:23.659Z","caller":"datastore/data_store.go:1148","msg":"ENI eni-EXAMPLE11 cannot be deleted because it is primary"}
{"level":"debug","ts":"2026-10-05T08:15:23.659Z","caller":"datastore/data_store.go:1148","msg":"ENI eni-EXAMPLE12 cannot be deleted because it is required for WARM_IP_TARGET: 2"}
{"level":"debug","ts":"2026-10-05T08:15:28.661Z","caller":"ipamd/ipamd.go:795","msg":"IP stats for Network Card 0 - total IPs: 7, assigned IPs: 5, cooldown IPs: 0"}
{"level":"debug","ts":"2026-10-05T08:15:28.661Z","caller":"ipamd/ipamd.go:861","msg":"Node found \"ip-10-20-0-45.ec2.internal\" - no of taints - 0"}
{"level":"debug","ts":"2026-10-05T08:15:28.661Z","caller":"datastore/data_store.go:1148","msg":"ENI eni-EXAMPLE11 cannot be deleted because it is primary"}
{"level":"debug","ts":"2026-10-05T08:15:28.661Z","caller":"datastore/data_store.go:1148","msg":"ENI eni-EXAMPLE12 cannot be deleted because it is required for WARM_IP_TARGET: 2"}
{"level":"debug","ts":"2026-10-05T08:15:31.161Z","caller":"ipamd/ipamd.go:798","msg":"Reconciling ENI/IP pool info because time since last 1m2.517780673s > 1m0s"}
{"level":"debug","ts":"2026-10-05T08:15:31.163Z","caller":"ipamd/ipamd.go:1621","msg":"Total number of interfaces found: 2 "}
{"level":"debug","ts":"2026-10-05T08:15:31.163Z","caller":"awsutils/awsutils.go:787","msg":"Found ENI MAC address: 0a:ff:df:e2:b2:eb"}
{"level":"debug","ts":"2026-10-05T08:15:31.166Z","caller":"awsutils/awsutils.go:787","msg":"Found ENI: eni-EXAMPLE12, MAC 0a:ff:df:e2:b2:eb, device 1"}
{"level":"debug","ts":"2026-10-05T08:15:31.171Z","caller":"awsutils/awsutils.go:787","msg":"Found IPv4 addresses associated with interface. This is not efa-only interface"}
{"level":"debug","ts":"2026-10-05T08:15:31.174Z","caller":"awsutils/awsutils.go:787","msg":"Found ENI MAC address: 0a:ff:fa:8c:c5:65"}
{"level":"debug","ts":"2026-10-05T08:15:31.177Z","caller":"awsutils/awsutils.go:787","msg":"Found ENI: eni-EXAMPLE11, MAC 0a:ff:fa:8c:c5:65, device 0"}
{"level":"debug","ts":"2026-10-05T08:15:31.179Z","caller":"awsutils/awsutils.go:787","msg":"Found IPv4 addresses associated with interface. This is not efa-only interface"}
{"level":"debug","ts":"2026-10-05T08:15:31.183Z","caller":"ipamd/ipamd.go:798","msg":"Reconcile existing ENI eni-EXAMPLE12 IP pool"}
{"level":"info","ts":"2026-10-05T08:15:31.183Z","caller":"ipamd/ipamd.go:1766","msg":"Reconcile and skip primary IP 10.20.0.62 on ENI eni-EXAMPLE12"}
{"level":"info","ts":"2026-10-05T08:15:31.183Z","caller":"ipamd/ipamd.go:1766","msg":"Trying to add 10.20.0.47"}
{"level":"info","ts":"2026-10-05T08:15:31.183Z","caller":"ipamd/ipamd.go:1890","msg":"Adding 10.20.0.47/32 to DS for eni-EXAMPLE12"}
{"level":"info","ts":"2026-10-05T08:15:31.183Z","caller":"ipamd/ipamd.go:1890","msg":"IP already in DS"}
{"level":"info","ts":"2026-10-05T08:15:31.183Z","caller":"ipamd/ipamd.go:1766","msg":"Trying to add 10.20.0.59"}
{"level":"info","ts":"2026-10-05T08:15:31.183Z","caller":"ipamd/ipamd.go:1890","msg":"Adding 10.20.0.59/32 to DS for eni-EXAMPLE12"}
{"level":"info","ts":"2026-10-05T08:15:31.183Z","caller":"ipamd/ipamd.go:1890","msg":"IP already in DS"}
{"level":"debug","ts":"2026-10-05T08:15:31.183Z","caller":"ipamd/ipamd.go:798","msg":"Reconcile existing ENI eni-EXAMPLE12 IP prefixes"}
{"level":"debug","ts":"2026-10-05T08:15:31.183Z","caller":"ipamd/ipamd.go:1693","msg":"Found prefix pool count 0 for eni eni-EXAMPLE12\n"}
{"level":"debug","ts":"2026-10-05T08:15:31.183Z","caller":"ipamd/ipamd.go:798","msg":"Reconcile existing ENI eni-EXAMPLE11 IP pool"}
{"level":"info","ts":"2026-10-05T08:15:31.183Z","caller":"ipamd/ipamd.go:1766","msg":"Reconcile and skip primary IP 10.20.0.45 on ENI eni-EXAMPLE11"}
{"level":"info","ts":"2026-10-05T08:15:31.183Z","caller":"ipamd/ipamd.go:1766","msg":"Trying to add 10.20.0.53"}
{"level":"info","ts":"2026-10-05T08:15:31.183Z","caller":"ipamd/ipamd.go:1890","msg":"Adding 10.20.0.53/32 to DS for eni-EXAMPLE11"}
{"level":"info","ts":"2026-10-05T08:15:31.183Z","caller":"ipamd/ipamd.go:1890","msg":"IP already in DS"}
{"level":"info","ts":"2026-10-05T08:15:31.183Z","caller":"ipamd/ipamd.go:1766","msg":"Trying to add 10.20.0.48"}
{"level":"info","ts":"2026-10-05T08:15:31.183Z","caller":"ipamd/ipamd.go:1890","msg":"Adding 10.20.0.48/32 to DS for eni-EXAMPLE11"}
{"level":"info","ts":"2026-10-05T08:15:31.183Z","caller":"ipamd/ipamd.go:1890","msg":"IP already in DS"}
{"level":"info","ts":"2026-10-05T08:15:31.183Z","caller":"ipamd/ipamd.go:1766","msg":"Trying to add 10.20.0.46"}
{"level":"info","ts":"2026-10-05T08:15:31.183Z","caller":"ipamd/ipamd.go:1890","msg":"Adding 10.20.0.46/32 to DS for eni-EXAMPLE11"}
{"level":"info","ts":"2026-10-05T08:15:31.183Z","caller":"ipamd/ipamd.go:1890","msg":"IP already in DS"}
{"level":"info","ts":"2026-10-05T08:15:31.183Z","caller":"ipamd/ipamd.go:1766","msg":"Trying to add 10.20.0.58"}
{"level":"info","ts":"2026-10-05T08:15:31.183Z","caller":"ipamd/ipamd.go:1890","msg":"Adding 10.20.0.58/32 to DS for eni-EXAMPLE11"}
{"level":"info","ts":"2026-10-05T08:15:31.183Z","caller":"ipamd/ipamd.go:1890","msg":"IP already in DS"}
{"level":"info","ts":"2026-10-05T08:15:31.183Z","caller":"ipamd/ipamd.go:1766","msg":"Trying to add 10.20.0.43"}
{"level":"info","ts":"2026-10-05T08:15:31.183Z","caller":"ipamd/ipamd.go:1890","msg":"Adding 10.20.0.43/32 to DS for eni-EXAMPLE11"}
{"level":"info","ts":"2026-10-05T08:15:31.183Z","caller":"ipamd/ipamd.go:1890","msg":"IP already in DS"}
{"level":"debug","ts":"2026-10-05T08:15:31.183Z","caller":"ipamd/ipamd.go:798","msg":"Reconcile existing ENI eni-EXAMPLE11 IP prefixes"}
{"level":"debug","ts":"2026-10-05T08:15:31.183Z","caller":"ipamd/ipamd.go:1693","msg":"Found prefix pool count 0 for eni eni-EXAMPLE11\n"}
{"level":"debug","ts":"2026-10-05T08:15:31.183Z","caller":"ipamd/ipamd.go:798","msg":"Successfully Reconciled ENI/IP pool"}
{"level":"debug","ts":"2026-10-05T08:15:31.183Z","caller":"ipamd/ipamd.go:1738","msg":"IP pool stats for network card 0: Total IPs/Prefixes = 7/0, AssignedIPs/CooldownIPs: 5/0, c.maxIPsPerENI = 5"}
{"level":"debug","ts":"2026-10-05T08:15:31.183Z","caller":"ipamd/ipamd.go:798","msg":"Primary IP for ENI eni-EXAMPLE11 is 10.20.0.45"}
{"level":"debug","ts":"2026-10-05T08:15:31.183Z","caller":"ipamd/ipamd.go:798","msg":"Primary IP for ENI eni-EXAMPLE12 is 10.20.0.62"}
{"level":"info","ts":"2026-10-05T08:15:31.617Z","caller":"rpc/rpc_grpc.pb.go:117","msg":"Received AddNetwork for NS /var/run/netns/cni-45e9c4c2-80f2-306b-f4f3-72a4eb749848, Sandbox c98d099a28a8cf4a35051de8abf7164b795438429b739f2f5fc70c23d4b961cb, ifname eth0"}
{"level":"debug","ts":"2026-10-05T08:15:31.617Z","caller":"rpc/rpc_grpc.pb.go:117","msg":"AddNetworkRequest: K8S_POD_NAME:\"pause-68d5b89fc-jcr2s\"  K8S_POD_NAMESPACE:\"default\"  K8S_POD_INFRA_CONTAINER_ID:\"c98d099a28a8cf4a35051de8abf7164b795438429b739f2f5fc70c23d4b961cb\"  ContainerID:\"c98d099a28a8cf4a35051de8abf7164b795438429b739f2f5fc70c23d4b961cb\"  IfName:\"eth0\"  NetworkName:\"aws-cni\"  Netns:\"/var/run/netns/cni-45e9c4c2-80f2-306b-f4f3-72a4eb749848\""}
{"level":"info","ts":"2026-10-05T08:15:31.617Z","caller":"rpc/rpc_grpc.pb.go:117","msg":"Required MultiNIC access false, interfaces required 1"}
{"level":"debug","ts":"2026-10-05T08:15:31.617Z","caller":"datastore/data_store.go:713","msg":"AssignPodIPv4Address: IP address pool stats: total 7, assigned 5"}
{"level":"debug","ts":"2026-10-05T08:15:31.617Z","caller":"datastore/data_store.go:806","msg":"Get free IP from prefix failed no free IP available in the prefix - 10.20.0.43/32"}
{"level":"debug","ts":"2026-10-05T08:15:31.617Z","caller":"datastore/data_store.go:713","msg":"Unable to get IP address from CIDR: no free IP available in the prefix - 10.20.0.43/32"}
{"level":"debug","ts":"2026-10-05T08:15:31.617Z","caller":"datastore/data_store.go:806","msg":"Get free IP from prefix failed no free IP available in the prefix - 10.20.0.53/32"}
{"level":"debug","ts":"2026-10-05T08:15:31.617Z","caller":"datastore/data_store.go:713","msg":"Unable to get IP address from CIDR: no free IP available in the prefix - 10.20.0.53/32"}
{"level":"debug","ts":"2026-10-05T08:15:31.617Z","caller":"datastore/data_store.go:806","msg":"Get free IP from prefix failed no free IP available in the prefix - 10.20.0.48/32"}
{"level":"debug","ts":"2026-10-05T08:15:31.617Z","caller":"datastore/data_store.go:713","msg":"Unable to get IP address from CIDR: no free IP available in the prefix - 10.20.0.48/32"}
{"level":"debug","ts":"2026-10-05T08:15:31.617Z","caller":"datastore/data_store.go:806","msg":"Get free IP from prefix failed no free IP available in the prefix - 10.20.0.46/32"}
{"level":"debug","ts":"2026-10-05T08:15:31.617Z","caller":"datastore/data_store.go:713","msg":"Unable to get IP address from CIDR: no free IP available in the prefix - 10.20.0.46/32"}
{"level":"debug","ts":"2026-10-05T08:15:31.617Z","caller":"datastore/data_store.go:806","msg":"Get free IP from prefix failed no free IP available in the prefix - 10.20.0.58/32"}
{"level":"debug","ts":"2026-10-05T08:15:31.617Z","caller":"datastore/data_store.go:713","msg":"Unable to get IP address from CIDR: no free IP available in the prefix - 10.20.0.58/32"}
{"level":"debug","ts":"2026-10-05T08:15:31.617Z","caller":"datastore/data_store.go:713","msg":"AssignPodIPv4Address: ENI eni-EXAMPLE11 does not have available addresses"}
{"level":"debug","ts":"2026-10-05T08:15:31.617Z","caller":"datastore/data_store.go:1469","msg":"Found a free IP not in DB - 10.20.0.47"}
{"level":"debug","ts":"2026-10-05T08:15:31.617Z","caller":"datastore/data_store.go:806","msg":"Returning Free IP 10.20.0.47"}
{"level":"debug","ts":"2026-10-05T08:15:31.617Z","caller":"datastore/data_store.go:713","msg":"New IP from CIDR pool- 10.20.0.47"}
{"level":"debug","ts":"2026-10-05T08:15:31.617Z","caller":"datastore/data_store.go:713","msg":"Allocating new IP 10.20.0.47 from CIDR 10.20.0.47/32 for pod"}
{"level":"info","ts":"2026-10-05T08:15:31.617Z","caller":"datastore/data_store.go:838","msg":"assignPodIPAddressUnsafe: Assign IP 10.20.0.47 to sandbox aws-cni/c98d099a28a8cf4a35051de8abf7164b795438429b739f2f5fc70c23d4b961cb/eth0 with metadata {K8SPodNamespace:default K8SPodName:pause-68d5b89fc-jcr2s InterfacesCount:1}"}
{"level":"info","ts":"2026-10-05T08:15:31.617Z","caller":"rpc/rpc_grpc.pb.go:117","msg":"Assigned IP from network card: 0 -> IPv4: 10.20.0.47, IPv6: , device number: 1, "}
{"level":"info","ts":"2026-10-05T08:15:31.617Z","caller":"rpc/rpc_grpc.pb.go:117","msg":"Address assigned from datastores:  1"}
{"level":"debug","ts":"2026-10-05T08:15:31.619Z","caller":"rpc/rpc_grpc.pb.go:117","msg":"VPC CIDR 10.20.0.0/24"}
{"level":"info","ts":"2026-10-05T08:15:31.619Z","caller":"rpc/rpc_grpc.pb.go:117","msg":"Send AddNetworkReply: Success: true IPAddr: [IPv4Addr:\"10.20.0.47\"  DeviceNumber:1  RouteTableId:2], resp: Success:true  IPAllocationMetadata:{IPv4Addr:\"10.20.0.47\"  DeviceNumber:1  RouteTableId:2}  VPCv4CIDRs:\"10.20.0.0/24\"  NetworkPolicyMode:\"standard\", err: <nil>"}
{"level":"debug","ts":"2026-10-05T08:15:33.685Z","caller":"ipamd/ipamd.go:795","msg":"IP stats for Network Card 0 - total IPs: 7, assigned IPs: 6, cooldown IPs: 0"}
{"level":"debug","ts":"2026-10-05T08:15:33.685Z","caller":"ipamd/ipamd.go:813","msg":"Starting to increase pool size for network card 0"}
{"level":"debug","ts":"2026-10-05T08:15:33.685Z","caller":"ipamd/ipamd.go:966","msg":"Node found \"ip-10-20-0-45.ec2.internal\" - no of taints - 0"}
{"level":"debug","ts":"2026-10-05T08:15:33.685Z","caller":"ipamd/ipamd.go:1135","msg":"Found ENI eni-EXAMPLE12 that has less than the maximum number of IP/Prefixes addresses allocated: cur=2, max=5"}
{"level":"info","ts":"2026-10-05T08:15:33.685Z","caller":"ipamd/ipamd.go:1141","msg":"Trying to allocate 1 IP addresses on ENI eni-EXAMPLE12"}
{"level":"debug","ts":"2026-10-05T08:15:33.685Z","caller":"ipamd/ipamd.go:1141","msg":"PD enabled - false"}
{"level":"info","ts":"2026-10-05T08:15:34.242Z","caller":"ipamd/ipamd.go:1141","msg":"Allocated 1 private IP addresses"}
{"level":"debug","ts":"2026-10-05T08:15:34.242Z","caller":"ipamd/ipamd.go:1156","msg":"containsPrivateIPAddressLimitExceededError encountered <nil>"}
{"level":"info","ts":"2026-10-05T08:15:34.242Z","caller":"ipamd/ipamd.go:1387","msg":"Adding 10.20.0.38/32 to DS for eni-EXAMPLE12"}
{"level":"info","ts":"2026-10-05T08:15:34.242Z","caller":"ipamd/ipamd.go:1387","msg":"Added ENI(eni-EXAMPLE12)'s IP/Prefix 10.20.0.38/32 to datastore"}
{"level":"debug","ts":"2026-10-05T08:15:34.243Z","caller":"ipamd/ipamd.go:1394","msg":"IP pool stats for network card 0: Total IPs/Prefixes = 8/0, AssignedIPs/CooldownIPs: 6/0, c.maxIPsPerENI = 5"}
{"level":"debug","ts":"2026-10-05T08:15:34.243Z","caller":"ipamd/ipamd.go:1053","msg":"IP pool stats for network card 0: Total IPs/Prefixes = 8/0, AssignedIPs/CooldownIPs: 6/0, c.maxIPsPerENI = 5"}
{"level":"debug","ts":"2026-10-05T08:15:34.243Z","caller":"ipamd/ipamd.go:861","msg":"Node found \"ip-10-20-0-45.ec2.internal\" - no of taints - 0"}
{"level":"debug","ts":"2026-10-05T08:15:34.243Z","caller":"datastore/data_store.go:1148","msg":"ENI eni-EXAMPLE11 cannot be deleted because it is primary"}
{"level":"debug","ts":"2026-10-05T08:15:34.243Z","caller":"datastore/data_store.go:1148","msg":"ENI eni-EXAMPLE12 cannot be deleted because it has pods assigned"}
{"level":"debug","ts":"2026-10-05T08:15:39.244Z","caller":"ipamd/ipamd.go:795","msg":"IP stats for Network Card 0 - total IPs: 8, assigned IPs: 6, cooldown IPs: 0"}
{"level":"debug","ts":"2026-10-05T08:15:39.244Z","caller":"ipamd/ipamd.go:861","msg":"Node found \"ip-10-20-0-45.ec2.internal\" - no of taints - 0"}
{"level":"debug","ts":"2026-10-05T08:15:39.244Z","caller":"datastore/data_store.go:1148","msg":"ENI eni-EXAMPLE11 cannot be deleted because it is primary"}
{"level":"debug","ts":"2026-10-05T08:15:39.244Z","caller":"datastore/data_store.go:1148","msg":"ENI eni-EXAMPLE12 cannot be deleted because it has pods assigned"}
{"level":"debug","ts":"2026-10-05T08:15:44.245Z","caller":"ipamd/ipamd.go:795","msg":"IP stats for Network Card 0 - total IPs: 8, assigned IPs: 6, cooldown IPs: 0"}
{"level":"debug","ts":"2026-10-05T08:15:44.246Z","caller":"ipamd/ipamd.go:861","msg":"Node found \"ip-10-20-0-45.ec2.internal\" - no of taints - 0"}
{"level":"debug","ts":"2026-10-05T08:15:44.246Z","caller":"datastore/data_store.go:1148","msg":"ENI eni-EXAMPLE11 cannot be deleted because it is primary"}
{"level":"debug","ts":"2026-10-05T08:15:44.246Z","caller":"datastore/data_store.go:1148","msg":"ENI eni-EXAMPLE12 cannot be deleted because it has pods assigned"}
{"level":"debug","ts":"2026-10-05T08:15:49.249Z","caller":"ipamd/ipamd.go:795","msg":"IP stats for Network Card 0 - total IPs: 8, assigned IPs: 6, cooldown IPs: 0"}
{"level":"debug","ts":"2026-10-05T08:15:49.254Z","caller":"ipamd/ipamd.go:861","msg":"Node found \"ip-10-20-0-45.ec2.internal\" - no of taints - 0"}
{"level":"debug","ts":"2026-10-05T08:15:49.254Z","caller":"datastore/data_store.go:1148","msg":"ENI eni-EXAMPLE11 cannot be deleted because it is primary"}
{"level":"debug","ts":"2026-10-05T08:15:49.254Z","caller":"datastore/data_store.go:1148","msg":"ENI eni-EXAMPLE12 cannot be deleted because it has pods assigned"}
{"level":"debug","ts":"2026-10-05T08:15:54.257Z","caller":"ipamd/ipamd.go:795","msg":"IP stats for Network Card 0 - total IPs: 8, assigned IPs: 6, cooldown IPs: 0"}
{"level":"debug","ts":"2026-10-05T08:15:54.257Z","caller":"ipamd/ipamd.go:861","msg":"Node found \"ip-10-20-0-45.ec2.internal\" - no of taints - 0"}
{"level":"debug","ts":"2026-10-05T08:15:54.257Z","caller":"datastore/data_store.go:1148","msg":"ENI eni-EXAMPLE11 cannot be deleted because it is primary"}
{"level":"debug","ts":"2026-10-05T08:15:54.257Z","caller":"datastore/data_store.go:1148","msg":"ENI eni-EXAMPLE12 cannot be deleted because it has pods assigned"}
{"level":"debug","ts":"2026-10-05T08:15:59.260Z","caller":"ipamd/ipamd.go:795","msg":"IP stats for Network Card 0 - total IPs: 8, assigned IPs: 6, cooldown IPs: 0"}
{"level":"debug","ts":"2026-10-05T08:15:59.260Z","caller":"ipamd/ipamd.go:861","msg":"Node found \"ip-10-20-0-45.ec2.internal\" - no of taints - 0"}
{"level":"debug","ts":"2026-10-05T08:15:59.260Z","caller":"datastore/data_store.go:1148","msg":"ENI eni-EXAMPLE11 cannot be deleted because it is primary"}
{"level":"debug","ts":"2026-10-05T08:15:59.260Z","caller":"datastore/data_store.go:1148","msg":"ENI eni-EXAMPLE12 cannot be deleted because it has pods assigned"}
{"level":"debug","ts":"2026-10-05T08:16:04.261Z","caller":"ipamd/ipamd.go:795","msg":"IP stats for Network Card 0 - total IPs: 8, assigned IPs: 6, cooldown IPs: 0"}
{"level":"debug","ts":"2026-10-05T08:16:04.261Z","caller":"ipamd/ipamd.go:861","msg":"Node found \"ip-10-20-0-45.ec2.internal\" - no of taints - 0"}
{"level":"debug","ts":"2026-10-05T08:16:04.261Z","caller":"datastore/data_store.go:1148","msg":"ENI eni-EXAMPLE11 cannot be deleted because it is primary"}
{"level":"debug","ts":"2026-10-05T08:16:04.261Z","caller":"datastore/data_store.go:1148","msg":"ENI eni-EXAMPLE12 cannot be deleted because it has pods assigned"}
{"level":"debug","ts":"2026-10-05T08:16:09.262Z","caller":"ipamd/ipamd.go:795","msg":"IP stats for Network Card 0 - total IPs: 8, assigned IPs: 6, cooldown IPs: 0"}
{"level":"debug","ts":"2026-10-05T08:16:09.262Z","caller":"ipamd/ipamd.go:861","msg":"Node found \"ip-10-20-0-45.ec2.internal\" - no of taints - 0"}
{"level":"debug","ts":"2026-10-05T08:16:09.263Z","caller":"datastore/data_store.go:1148","msg":"ENI eni-EXAMPLE12 cannot be deleted because it has pods assigned"}
{"level":"debug","ts":"2026-10-05T08:16:09.263Z","caller":"datastore/data_store.go:1148","msg":"ENI eni-EXAMPLE11 cannot be deleted because it is primary"}
{"level":"debug","ts":"2026-10-05T08:16:14.265Z","caller":"ipamd/ipamd.go:795","msg":"IP stats for Network Card 0 - total IPs: 8, assigned IPs: 6, cooldown IPs: 0"}
{"level":"debug","ts":"2026-10-05T08:16:14.265Z","caller":"ipamd/ipamd.go:861","msg":"Node found \"ip-10-20-0-45.ec2.internal\" - no of taints - 0"}
{"level":"debug","ts":"2026-10-05T08:16:14.265Z","caller":"datastore/data_store.go:1148","msg":"ENI eni-EXAMPLE11 cannot be deleted because it is primary"}
{"level":"debug","ts":"2026-10-05T08:16:14.265Z","caller":"datastore/data_store.go:1148","msg":"ENI eni-EXAMPLE12 cannot be deleted because it has pods assigned"}
{"level":"debug","ts":"2026-10-05T08:16:19.267Z","caller":"ipamd/ipamd.go:795","msg":"IP stats for Network Card 0 - total IPs: 8, assigned IPs: 6, cooldown IPs: 0"}
{"level":"debug","ts":"2026-10-05T08:16:19.267Z","caller":"ipamd/ipamd.go:861","msg":"Node found \"ip-10-20-0-45.ec2.internal\" - no of taints - 0"}
{"level":"debug","ts":"2026-10-05T08:16:19.267Z","caller":"datastore/data_store.go:1148","msg":"ENI eni-EXAMPLE11 cannot be deleted because it is primary"}
{"level":"debug","ts":"2026-10-05T08:16:19.267Z","caller":"datastore/data_store.go:1148","msg":"ENI eni-EXAMPLE12 cannot be deleted because it has pods assigned"}
{"level":"debug","ts":"2026-10-05T08:16:24.268Z","caller":"ipamd/ipamd.go:795","msg":"IP stats for Network Card 0 - total IPs: 8, assigned IPs: 6, cooldown IPs: 0"}
{"level":"debug","ts":"2026-10-05T08:16:24.269Z","caller":"ipamd/ipamd.go:861","msg":"Node found \"ip-10-20-0-45.ec2.internal\" - no of taints - 0"}
{"level":"debug","ts":"2026-10-05T08:16:24.269Z","caller":"datastore/data_store.go:1148","msg":"ENI eni-EXAMPLE11 cannot be deleted because it is primary"}
{"level":"debug","ts":"2026-10-05T08:16:24.269Z","caller":"datastore/data_store.go:1148","msg":"ENI eni-EXAMPLE12 cannot be deleted because it has pods assigned"}
{"level":"debug","ts":"2026-10-05T08:16:29.270Z","caller":"ipamd/ipamd.go:795","msg":"IP stats for Network Card 0 - total IPs: 8, assigned IPs: 6, cooldown IPs: 0"}
{"level":"debug","ts":"2026-10-05T08:16:29.270Z","caller":"ipamd/ipamd.go:861","msg":"Node found \"ip-10-20-0-45.ec2.internal\" - no of taints - 0"}
{"level":"debug","ts":"2026-10-05T08:16:29.271Z","caller":"datastore/data_store.go:1148","msg":"ENI eni-EXAMPLE11 cannot be deleted because it is primary"}
{"level":"debug","ts":"2026-10-05T08:16:29.271Z","caller":"datastore/data_store.go:1148","msg":"ENI eni-EXAMPLE12 cannot be deleted because it has pods assigned"}
{"level":"debug","ts":"2026-10-05T08:16:34.272Z","caller":"ipamd/ipamd.go:795","msg":"IP stats for Network Card 0 - total IPs: 8, assigned IPs: 6, cooldown IPs: 0"}
{"level":"debug","ts":"2026-10-05T08:16:34.272Z","caller":"ipamd/ipamd.go:861","msg":"Node found \"ip-10-20-0-45.ec2.internal\" - no of taints - 0"}
{"level":"debug","ts":"2026-10-05T08:16:34.272Z","caller":"datastore/data_store.go:1148","msg":"ENI eni-EXAMPLE11 cannot be deleted because it is primary"}
{"level":"debug","ts":"2026-10-05T08:16:34.272Z","caller":"datastore/data_store.go:1148","msg":"ENI eni-EXAMPLE12 cannot be deleted because it has pods assigned"}
{"level":"debug","ts":"2026-10-05T08:16:36.773Z","caller":"ipamd/ipamd.go:798","msg":"Reconciling ENI/IP pool info because time since last 1m2.530017815s > 1m0s"}
{"level":"debug","ts":"2026-10-05T08:16:36.774Z","caller":"ipamd/ipamd.go:1621","msg":"Total number of interfaces found: 2 "}
{"level":"debug","ts":"2026-10-05T08:16:36.774Z","caller":"awsutils/awsutils.go:787","msg":"Found ENI MAC address: 0a:ff:df:e2:b2:eb"}
{"level":"debug","ts":"2026-10-05T08:16:36.776Z","caller":"awsutils/awsutils.go:787","msg":"Found ENI: eni-EXAMPLE12, MAC 0a:ff:df:e2:b2:eb, device 1"}
{"level":"debug","ts":"2026-10-05T08:16:36.777Z","caller":"awsutils/awsutils.go:787","msg":"Found IPv4 addresses associated with interface. This is not efa-only interface"}
{"level":"debug","ts":"2026-10-05T08:16:36.780Z","caller":"awsutils/awsutils.go:787","msg":"Found ENI MAC address: 0a:ff:fa:8c:c5:65"}
{"level":"debug","ts":"2026-10-05T08:16:36.782Z","caller":"awsutils/awsutils.go:787","msg":"Found ENI: eni-EXAMPLE11, MAC 0a:ff:fa:8c:c5:65, device 0"}
{"level":"debug","ts":"2026-10-05T08:16:36.784Z","caller":"awsutils/awsutils.go:787","msg":"Found IPv4 addresses associated with interface. This is not efa-only interface"}
{"level":"debug","ts":"2026-10-05T08:16:36.787Z","caller":"ipamd/ipamd.go:798","msg":"Reconcile existing ENI eni-EXAMPLE12 IP pool"}
{"level":"info","ts":"2026-10-05T08:16:36.787Z","caller":"ipamd/ipamd.go:1766","msg":"Reconcile and skip primary IP 10.20.0.62 on ENI eni-EXAMPLE12"}
{"level":"info","ts":"2026-10-05T08:16:36.787Z","caller":"ipamd/ipamd.go:1766","msg":"Trying to add 10.20.0.47"}
{"level":"info","ts":"2026-10-05T08:16:36.787Z","caller":"ipamd/ipamd.go:1890","msg":"Adding 10.20.0.47/32 to DS for eni-EXAMPLE12"}
{"level":"info","ts":"2026-10-05T08:16:36.787Z","caller":"ipamd/ipamd.go:1890","msg":"IP already in DS"}
{"level":"info","ts":"2026-10-05T08:16:36.787Z","caller":"ipamd/ipamd.go:1766","msg":"Trying to add 10.20.0.59"}
{"level":"info","ts":"2026-10-05T08:16:36.787Z","caller":"ipamd/ipamd.go:1890","msg":"Adding 10.20.0.59/32 to DS for eni-EXAMPLE12"}
{"level":"info","ts":"2026-10-05T08:16:36.787Z","caller":"ipamd/ipamd.go:1890","msg":"IP already in DS"}
{"level":"info","ts":"2026-10-05T08:16:36.787Z","caller":"ipamd/ipamd.go:1766","msg":"Trying to add 10.20.0.38"}
{"level":"info","ts":"2026-10-05T08:16:36.787Z","caller":"ipamd/ipamd.go:1890","msg":"Adding 10.20.0.38/32 to DS for eni-EXAMPLE12"}
{"level":"info","ts":"2026-10-05T08:16:36.787Z","caller":"ipamd/ipamd.go:1890","msg":"IP already in DS"}
{"level":"debug","ts":"2026-10-05T08:16:36.787Z","caller":"ipamd/ipamd.go:798","msg":"Reconcile existing ENI eni-EXAMPLE12 IP prefixes"}
{"level":"debug","ts":"2026-10-05T08:16:36.787Z","caller":"ipamd/ipamd.go:1693","msg":"Found prefix pool count 0 for eni eni-EXAMPLE12\n"}
{"level":"debug","ts":"2026-10-05T08:16:36.787Z","caller":"ipamd/ipamd.go:798","msg":"Reconcile existing ENI eni-EXAMPLE11 IP pool"}
{"level":"info","ts":"2026-10-05T08:16:36.787Z","caller":"ipamd/ipamd.go:1766","msg":"Reconcile and skip primary IP 10.20.0.45 on ENI eni-EXAMPLE11"}
{"level":"info","ts":"2026-10-05T08:16:36.787Z","caller":"ipamd/ipamd.go:1766","msg":"Trying to add 10.20.0.53"}
{"level":"info","ts":"2026-10-05T08:16:36.787Z","caller":"ipamd/ipamd.go:1890","msg":"Adding 10.20.0.53/32 to DS for eni-EXAMPLE11"}
{"level":"info","ts":"2026-10-05T08:16:36.787Z","caller":"ipamd/ipamd.go:1890","msg":"IP already in DS"}
{"level":"info","ts":"2026-10-05T08:16:36.787Z","caller":"ipamd/ipamd.go:1766","msg":"Trying to add 10.20.0.48"}
{"level":"info","ts":"2026-10-05T08:16:36.787Z","caller":"ipamd/ipamd.go:1890","msg":"Adding 10.20.0.48/32 to DS for eni-EXAMPLE11"}
{"level":"info","ts":"2026-10-05T08:16:36.787Z","caller":"ipamd/ipamd.go:1890","msg":"IP already in DS"}
{"level":"info","ts":"2026-10-05T08:16:36.787Z","caller":"ipamd/ipamd.go:1766","msg":"Trying to add 10.20.0.46"}
{"level":"info","ts":"2026-10-05T08:16:36.787Z","caller":"ipamd/ipamd.go:1890","msg":"Adding 10.20.0.46/32 to DS for eni-EXAMPLE11"}
{"level":"info","ts":"2026-10-05T08:16:36.787Z","caller":"ipamd/ipamd.go:1890","msg":"IP already in DS"}
{"level":"info","ts":"2026-10-05T08:16:36.787Z","caller":"ipamd/ipamd.go:1766","msg":"Trying to add 10.20.0.58"}
{"level":"info","ts":"2026-10-05T08:16:36.787Z","caller":"ipamd/ipamd.go:1890","msg":"Adding 10.20.0.58/32 to DS for eni-EXAMPLE11"}
{"level":"info","ts":"2026-10-05T08:16:36.787Z","caller":"ipamd/ipamd.go:1890","msg":"IP already in DS"}
{"level":"info","ts":"2026-10-05T08:16:36.787Z","caller":"ipamd/ipamd.go:1766","msg":"Trying to add 10.20.0.43"}
{"level":"info","ts":"2026-10-05T08:16:36.787Z","caller":"ipamd/ipamd.go:1890","msg":"Adding 10.20.0.43/32 to DS for eni-EXAMPLE11"}
{"level":"info","ts":"2026-10-05T08:16:36.787Z","caller":"ipamd/ipamd.go:1890","msg":"IP already in DS"}
{"level":"debug","ts":"2026-10-05T08:16:36.787Z","caller":"ipamd/ipamd.go:798","msg":"Reconcile existing ENI eni-EXAMPLE11 IP prefixes"}
{"level":"debug","ts":"2026-10-05T08:16:36.787Z","caller":"ipamd/ipamd.go:1693","msg":"Found prefix pool count 0 for eni eni-EXAMPLE11\n"}
{"level":"debug","ts":"2026-10-05T08:16:36.787Z","caller":"ipamd/ipamd.go:798","msg":"Successfully Reconciled ENI/IP pool"}
{"level":"debug","ts":"2026-10-05T08:16:36.787Z","caller":"ipamd/ipamd.go:1738","msg":"IP pool stats for network card 0: Total IPs/Prefixes = 8/0, AssignedIPs/CooldownIPs: 6/0, c.maxIPsPerENI = 5"}
{"level":"debug","ts":"2026-10-05T08:16:36.787Z","caller":"ipamd/ipamd.go:798","msg":"Primary IP for ENI eni-EXAMPLE11 is 10.20.0.45"}
{"level":"debug","ts":"2026-10-05T08:16:36.787Z","caller":"ipamd/ipamd.go:798","msg":"Primary IP for ENI eni-EXAMPLE12 is 10.20.0.62"}
{"level":"info","ts":"2026-10-05T08:16:37.448Z","caller":"rpc/rpc_grpc.pb.go:117","msg":"Received AddNetwork for NS /var/run/netns/cni-ce52e4c7-c6a6-a40d-9759-585b9602a7b8, Sandbox 053b9cb5269f5f9104952eef2c58610604e8e20c8f36c35bed4450524a1c9f05, ifname eth0"}
{"level":"debug","ts":"2026-10-05T08:16:37.448Z","caller":"rpc/rpc_grpc.pb.go:117","msg":"AddNetworkRequest: K8S_POD_NAME:\"pause-68d5b89fc-l95tb\"  K8S_POD_NAMESPACE:\"default\"  K8S_POD_INFRA_CONTAINER_ID:\"053b9cb5269f5f9104952eef2c58610604e8e20c8f36c35bed4450524a1c9f05\"  ContainerID:\"053b9cb5269f5f9104952eef2c58610604e8e20c8f36c35bed4450524a1c9f05\"  IfName:\"eth0\"  NetworkName:\"aws-cni\"  Netns:\"/var/run/netns/cni-ce52e4c7-c6a6-a40d-9759-585b9602a7b8\""}
{"level":"info","ts":"2026-10-05T08:16:37.448Z","caller":"rpc/rpc_grpc.pb.go:117","msg":"Required MultiNIC access false, interfaces required 1"}
{"level":"debug","ts":"2026-10-05T08:16:37.448Z","caller":"datastore/data_store.go:713","msg":"AssignPodIPv4Address: IP address pool stats: total 8, assigned 6"}
{"level":"debug","ts":"2026-10-05T08:16:37.448Z","caller":"datastore/data_store.go:806","msg":"Get free IP from prefix failed no free IP available in the prefix - 10.20.0.46/32"}
{"level":"debug","ts":"2026-10-05T08:16:37.448Z","caller":"datastore/data_store.go:713","msg":"Unable to get IP address from CIDR: no free IP available in the prefix - 10.20.0.46/32"}
{"level":"debug","ts":"2026-10-05T08:16:37.448Z","caller":"datastore/data_store.go:806","msg":"Get free IP from prefix failed no free IP available in the prefix - 10.20.0.58/32"}
{"level":"debug","ts":"2026-10-05T08:16:37.448Z","caller":"datastore/data_store.go:713","msg":"Unable to get IP address from CIDR: no free IP available in the prefix - 10.20.0.58/32"}
{"level":"debug","ts":"2026-10-05T08:16:37.448Z","caller":"datastore/data_store.go:806","msg":"Get free IP from prefix failed no free IP available in the prefix - 10.20.0.43/32"}
{"level":"debug","ts":"2026-10-05T08:16:37.448Z","caller":"datastore/data_store.go:713","msg":"Unable to get IP address from CIDR: no free IP available in the prefix - 10.20.0.43/32"}
{"level":"debug","ts":"2026-10-05T08:16:37.448Z","caller":"datastore/data_store.go:806","msg":"Get free IP from prefix failed no free IP available in the prefix - 10.20.0.53/32"}
{"level":"debug","ts":"2026-10-05T08:16:37.448Z","caller":"datastore/data_store.go:713","msg":"Unable to get IP address from CIDR: no free IP available in the prefix - 10.20.0.53/32"}
{"level":"debug","ts":"2026-10-05T08:16:37.448Z","caller":"datastore/data_store.go:806","msg":"Get free IP from prefix failed no free IP available in the prefix - 10.20.0.48/32"}
{"level":"debug","ts":"2026-10-05T08:16:37.448Z","caller":"datastore/data_store.go:713","msg":"Unable to get IP address from CIDR: no free IP available in the prefix - 10.20.0.48/32"}
{"level":"debug","ts":"2026-10-05T08:16:37.448Z","caller":"datastore/data_store.go:713","msg":"AssignPodIPv4Address: ENI eni-EXAMPLE11 does not have available addresses"}
{"level":"debug","ts":"2026-10-05T08:16:37.448Z","caller":"datastore/data_store.go:806","msg":"Get free IP from prefix failed no free IP available in the prefix - 10.20.0.47/32"}
{"level":"debug","ts":"2026-10-05T08:16:37.448Z","caller":"datastore/data_store.go:713","msg":"Unable to get IP address from CIDR: no free IP available in the prefix - 10.20.0.47/32"}
{"level":"debug","ts":"2026-10-05T08:16:37.448Z","caller":"datastore/data_store.go:1469","msg":"Found a free IP not in DB - 10.20.0.59"}
{"level":"debug","ts":"2026-10-05T08:16:37.448Z","caller":"datastore/data_store.go:806","msg":"Returning Free IP 10.20.0.59"}
{"level":"debug","ts":"2026-10-05T08:16:37.448Z","caller":"datastore/data_store.go:713","msg":"New IP from CIDR pool- 10.20.0.59"}
{"level":"debug","ts":"2026-10-05T08:16:37.448Z","caller":"datastore/data_store.go:713","msg":"Allocating new IP 10.20.0.59 from CIDR 10.20.0.59/32 for pod"}
{"level":"info","ts":"2026-10-05T08:16:37.448Z","caller":"datastore/data_store.go:838","msg":"assignPodIPAddressUnsafe: Assign IP 10.20.0.59 to sandbox aws-cni/053b9cb5269f5f9104952eef2c58610604e8e20c8f36c35bed4450524a1c9f05/eth0 with metadata {K8SPodNamespace:default K8SPodName:pause-68d5b89fc-l95tb InterfacesCount:1}"}
{"level":"info","ts":"2026-10-05T08:16:37.448Z","caller":"rpc/rpc_grpc.pb.go:117","msg":"Assigned IP from network card: 0 -> IPv4: 10.20.0.59, IPv6: , device number: 1, "}
{"level":"info","ts":"2026-10-05T08:16:37.448Z","caller":"rpc/rpc_grpc.pb.go:117","msg":"Address assigned from datastores:  1"}
{"level":"debug","ts":"2026-10-05T08:16:37.450Z","caller":"rpc/rpc_grpc.pb.go:117","msg":"VPC CIDR 10.20.0.0/24"}
{"level":"info","ts":"2026-10-05T08:16:37.450Z","caller":"rpc/rpc_grpc.pb.go:117","msg":"Send AddNetworkReply: Success: true IPAddr: [IPv4Addr:\"10.20.0.59\"  DeviceNumber:1  RouteTableId:2], resp: Success:true  IPAllocationMetadata:{IPv4Addr:\"10.20.0.59\"  DeviceNumber:1  RouteTableId:2}  VPCv4CIDRs:\"10.20.0.0/24\"  NetworkPolicyMode:\"standard\", err: <nil>"}
{"level":"debug","ts":"2026-10-05T08:16:39.287Z","caller":"ipamd/ipamd.go:795","msg":"IP stats for Network Card 0 - total IPs: 8, assigned IPs: 7, cooldown IPs: 0"}
{"level":"debug","ts":"2026-10-05T08:16:39.287Z","caller":"ipamd/ipamd.go:813","msg":"Starting to increase pool size for network card 0"}
{"level":"debug","ts":"2026-10-05T08:16:39.287Z","caller":"ipamd/ipamd.go:966","msg":"Node found \"ip-10-20-0-45.ec2.internal\" - no of taints - 0"}
{"level":"debug","ts":"2026-10-05T08:16:39.287Z","caller":"ipamd/ipamd.go:1135","msg":"Found ENI eni-EXAMPLE12 that has less than the maximum number of IP/Prefixes addresses allocated: cur=3, max=5"}
{"level":"info","ts":"2026-10-05T08:16:39.287Z","caller":"ipamd/ipamd.go:1141","msg":"Trying to allocate 1 IP addresses on ENI eni-EXAMPLE12"}
{"level":"debug","ts":"2026-10-05T08:16:39.287Z","caller":"ipamd/ipamd.go:1141","msg":"PD enabled - false"}
{"level":"info","ts":"2026-10-05T08:16:39.814Z","caller":"ipamd/ipamd.go:1141","msg":"Allocated 1 private IP addresses"}
{"level":"debug","ts":"2026-10-05T08:16:39.814Z","caller":"ipamd/ipamd.go:1156","msg":"containsPrivateIPAddressLimitExceededError encountered <nil>"}
{"level":"info","ts":"2026-10-05T08:16:39.814Z","caller":"ipamd/ipamd.go:1387","msg":"Adding 10.20.0.39/32 to DS for eni-EXAMPLE12"}
{"level":"info","ts":"2026-10-05T08:16:39.814Z","caller":"ipamd/ipamd.go:1387","msg":"Added ENI(eni-EXAMPLE12)'s IP/Prefix 10.20.0.39/32 to datastore"}
{"level":"debug","ts":"2026-10-05T08:16:39.814Z","caller":"ipamd/ipamd.go:1394","msg":"IP pool stats for network card 0: Total IPs/Prefixes = 9/0, AssignedIPs/CooldownIPs: 7/0, c.maxIPsPerENI = 5"}
{"level":"debug","ts":"2026-10-05T08:16:39.814Z","caller":"ipamd/ipamd.go:1053","msg":"IP pool stats for network card 0: Total IPs/Prefixes = 9/0, AssignedIPs/CooldownIPs: 7/0, c.maxIPsPerENI = 5"}
{"level":"debug","ts":"2026-10-05T08:16:39.814Z","caller":"ipamd/ipamd.go:861","msg":"Node found \"ip-10-20-0-45.ec2.internal\" - no of taints - 0"}
{"level":"debug","ts":"2026-10-05T08:16:39.814Z","caller":"datastore/data_store.go:1148","msg":"ENI eni-EXAMPLE11 cannot be deleted because it is primary"}
{"level":"debug","ts":"2026-10-05T08:16:39.814Z","caller":"datastore/data_store.go:1148","msg":"ENI eni-EXAMPLE12 cannot be deleted because it has pods assigned"}
{"level":"debug","ts":"2026-10-05T08:16:44.815Z","caller":"ipamd/ipamd.go:795","msg":"IP stats for Network Card 0 - total IPs: 9, assigned IPs: 7, cooldown IPs: 0"}
{"level":"debug","ts":"2026-10-05T08:16:44.815Z","caller":"ipamd/ipamd.go:861","msg":"Node found \"ip-10-20-0-45.ec2.internal\" - no of taints - 0"}
{"level":"debug","ts":"2026-10-05T08:16:44.815Z","caller":"datastore/data_store.go:1148","msg":"ENI eni-EXAMPLE11 cannot be deleted because it is primary"}
{"level":"debug","ts":"2026-10-05T08:16:44.815Z","caller":"datastore/data_store.go:1148","msg":"ENI eni-EXAMPLE12 cannot be deleted because it has pods assigned"}
{"level":"debug","ts":"2026-10-05T08:16:49.815Z","caller":"ipamd/ipamd.go:795","msg":"IP stats for Network Card 0 - total IPs: 9, assigned IPs: 7, cooldown IPs: 0"}
{"level":"debug","ts":"2026-10-05T08:16:49.815Z","caller":"ipamd/ipamd.go:861","msg":"Node found \"ip-10-20-0-45.ec2.internal\" - no of taints - 0"}
{"level":"debug","ts":"2026-10-05T08:16:49.815Z","caller":"datastore/data_store.go:1148","msg":"ENI eni-EXAMPLE11 cannot be deleted because it is primary"}
{"level":"debug","ts":"2026-10-05T08:16:49.815Z","caller":"datastore/data_store.go:1148","msg":"ENI eni-EXAMPLE12 cannot be deleted because it has pods assigned"}
{"level":"debug","ts":"2026-10-05T08:16:54.817Z","caller":"ipamd/ipamd.go:795","msg":"IP stats for Network Card 0 - total IPs: 9, assigned IPs: 7, cooldown IPs: 0"}
{"level":"debug","ts":"2026-10-05T08:16:54.817Z","caller":"ipamd/ipamd.go:861","msg":"Node found \"ip-10-20-0-45.ec2.internal\" - no of taints - 0"}
{"level":"debug","ts":"2026-10-05T08:16:54.817Z","caller":"datastore/data_store.go:1148","msg":"ENI eni-EXAMPLE11 cannot be deleted because it is primary"}
{"level":"debug","ts":"2026-10-05T08:16:54.817Z","caller":"datastore/data_store.go:1148","msg":"ENI eni-EXAMPLE12 cannot be deleted because it has pods assigned"}
{"level":"debug","ts":"2026-10-05T08:16:59.818Z","caller":"ipamd/ipamd.go:795","msg":"IP stats for Network Card 0 - total IPs: 9, assigned IPs: 7, cooldown IPs: 0"}
{"level":"debug","ts":"2026-10-05T08:16:59.818Z","caller":"ipamd/ipamd.go:861","msg":"Node found \"ip-10-20-0-45.ec2.internal\" - no of taints - 0"}
{"level":"debug","ts":"2026-10-05T08:16:59.818Z","caller":"datastore/data_store.go:1148","msg":"ENI eni-EXAMPLE11 cannot be deleted because it is primary"}
{"level":"debug","ts":"2026-10-05T08:16:59.818Z","caller":"datastore/data_store.go:1148","msg":"ENI eni-EXAMPLE12 cannot be deleted because it has pods assigned"}
{"level":"debug","ts":"2026-10-05T08:17:04.821Z","caller":"ipamd/ipamd.go:795","msg":"IP stats for Network Card 0 - total IPs: 9, assigned IPs: 7, cooldown IPs: 0"}
{"level":"debug","ts":"2026-10-05T08:17:04.822Z","caller":"ipamd/ipamd.go:861","msg":"Node found \"ip-10-20-0-45.ec2.internal\" - no of taints - 0"}
{"level":"debug","ts":"2026-10-05T08:17:04.822Z","caller":"datastore/data_store.go:1148","msg":"ENI eni-EXAMPLE11 cannot be deleted because it is primary"}
{"level":"debug","ts":"2026-10-05T08:17:04.822Z","caller":"datastore/data_store.go:1148","msg":"ENI eni-EXAMPLE12 cannot be deleted because it has pods assigned"}
{"level":"debug","ts":"2026-10-05T08:17:09.823Z","caller":"ipamd/ipamd.go:795","msg":"IP stats for Network Card 0 - total IPs: 9, assigned IPs: 7, cooldown IPs: 0"}
{"level":"debug","ts":"2026-10-05T08:17:09.823Z","caller":"ipamd/ipamd.go:861","msg":"Node found \"ip-10-20-0-45.ec2.internal\" - no of taints - 0"}
{"level":"debug","ts":"2026-10-05T08:17:09.823Z","caller":"datastore/data_store.go:1148","msg":"ENI eni-EXAMPLE11 cannot be deleted because it is primary"}
{"level":"debug","ts":"2026-10-05T08:17:09.823Z","caller":"datastore/data_store.go:1148","msg":"ENI eni-EXAMPLE12 cannot be deleted because it has pods assigned"}
{"level":"debug","ts":"2026-10-05T08:17:14.826Z","caller":"ipamd/ipamd.go:795","msg":"IP stats for Network Card 0 - total IPs: 9, assigned IPs: 7, cooldown IPs: 0"}
{"level":"debug","ts":"2026-10-05T08:17:14.826Z","caller":"ipamd/ipamd.go:861","msg":"Node found \"ip-10-20-0-45.ec2.internal\" - no of taints - 0"}
{"level":"debug","ts":"2026-10-05T08:17:14.826Z","caller":"datastore/data_store.go:1148","msg":"ENI eni-EXAMPLE12 cannot be deleted because it has pods assigned"}
{"level":"debug","ts":"2026-10-05T08:17:14.826Z","caller":"datastore/data_store.go:1148","msg":"ENI eni-EXAMPLE11 cannot be deleted because it is primary"}
{"level":"debug","ts":"2026-10-05T08:17:19.827Z","caller":"ipamd/ipamd.go:795","msg":"IP stats for Network Card 0 - total IPs: 9, assigned IPs: 7, cooldown IPs: 0"}
{"level":"debug","ts":"2026-10-05T08:17:19.827Z","caller":"ipamd/ipamd.go:861","msg":"Node found \"ip-10-20-0-45.ec2.internal\" - no of taints - 0"}
{"level":"debug","ts":"2026-10-05T08:17:19.827Z","caller":"datastore/data_store.go:1148","msg":"ENI eni-EXAMPLE12 cannot be deleted because it has pods assigned"}
{"level":"debug","ts":"2026-10-05T08:17:19.827Z","caller":"datastore/data_store.go:1148","msg":"ENI eni-EXAMPLE11 cannot be deleted because it is primary"}
{"level":"debug","ts":"2026-10-05T08:17:24.827Z","caller":"ipamd/ipamd.go:795","msg":"IP stats for Network Card 0 - total IPs: 9, assigned IPs: 7, cooldown IPs: 0"}
{"level":"debug","ts":"2026-10-05T08:17:24.827Z","caller":"ipamd/ipamd.go:861","msg":"Node found \"ip-10-20-0-45.ec2.internal\" - no of taints - 0"}
{"level":"debug","ts":"2026-10-05T08:17:24.828Z","caller":"datastore/data_store.go:1148","msg":"ENI eni-EXAMPLE11 cannot be deleted because it is primary"}
{"level":"debug","ts":"2026-10-05T08:17:24.828Z","caller":"datastore/data_store.go:1148","msg":"ENI eni-EXAMPLE12 cannot be deleted because it has pods assigned"}
{"level":"debug","ts":"2026-10-05T08:17:29.830Z","caller":"ipamd/ipamd.go:795","msg":"IP stats for Network Card 0 - total IPs: 9, assigned IPs: 7, cooldown IPs: 0"}
{"level":"debug","ts":"2026-10-05T08:17:29.830Z","caller":"ipamd/ipamd.go:861","msg":"Node found \"ip-10-20-0-45.ec2.internal\" - no of taints - 0"}
{"level":"debug","ts":"2026-10-05T08:17:29.830Z","caller":"datastore/data_store.go:1148","msg":"ENI eni-EXAMPLE11 cannot be deleted because it is primary"}
{"level":"debug","ts":"2026-10-05T08:17:29.830Z","caller":"datastore/data_store.go:1148","msg":"ENI eni-EXAMPLE12 cannot be deleted because it has pods assigned"}
{"level":"debug","ts":"2026-10-05T08:17:34.832Z","caller":"ipamd/ipamd.go:795","msg":"IP stats for Network Card 0 - total IPs: 9, assigned IPs: 7, cooldown IPs: 0"}
{"level":"debug","ts":"2026-10-05T08:17:34.832Z","caller":"ipamd/ipamd.go:861","msg":"Node found \"ip-10-20-0-45.ec2.internal\" - no of taints - 0"}
{"level":"debug","ts":"2026-10-05T08:17:34.832Z","caller":"datastore/data_store.go:1148","msg":"ENI eni-EXAMPLE11 cannot be deleted because it is primary"}
{"level":"debug","ts":"2026-10-05T08:17:34.832Z","caller":"datastore/data_store.go:1148","msg":"ENI eni-EXAMPLE12 cannot be deleted because it has pods assigned"}
{"level":"debug","ts":"2026-10-05T08:17:39.833Z","caller":"ipamd/ipamd.go:795","msg":"IP stats for Network Card 0 - total IPs: 9, assigned IPs: 7, cooldown IPs: 0"}
{"level":"debug","ts":"2026-10-05T08:17:39.833Z","caller":"ipamd/ipamd.go:861","msg":"Node found \"ip-10-20-0-45.ec2.internal\" - no of taints - 0"}
{"level":"debug","ts":"2026-10-05T08:17:39.833Z","caller":"datastore/data_store.go:1148","msg":"ENI eni-EXAMPLE11 cannot be deleted because it is primary"}
{"level":"debug","ts":"2026-10-05T08:17:39.833Z","caller":"datastore/data_store.go:1148","msg":"ENI eni-EXAMPLE12 cannot be deleted because it has pods assigned"}
{"level":"debug","ts":"2026-10-05T08:17:42.334Z","caller":"ipamd/ipamd.go:798","msg":"Reconciling ENI/IP pool info because time since last 1m2.520137647s > 1m0s"}
{"level":"debug","ts":"2026-10-05T08:17:42.336Z","caller":"ipamd/ipamd.go:1621","msg":"Total number of interfaces found: 2 "}
{"level":"debug","ts":"2026-10-05T08:17:42.336Z","caller":"awsutils/awsutils.go:787","msg":"Found ENI MAC address: 0a:ff:df:e2:b2:eb"}
{"level":"debug","ts":"2026-10-05T08:17:42.340Z","caller":"awsutils/awsutils.go:787","msg":"Found ENI: eni-EXAMPLE12, MAC 0a:ff:df:e2:b2:eb, device 1"}
{"level":"debug","ts":"2026-10-05T08:17:42.342Z","caller":"awsutils/awsutils.go:787","msg":"Found IPv4 addresses associated with interface. This is not efa-only interface"}
{"level":"debug","ts":"2026-10-05T08:17:42.345Z","caller":"awsutils/awsutils.go:787","msg":"Found ENI MAC address: 0a:ff:fa:8c:c5:65"}
{"level":"debug","ts":"2026-10-05T08:17:42.348Z","caller":"awsutils/awsutils.go:787","msg":"Found ENI: eni-EXAMPLE11, MAC 0a:ff:fa:8c:c5:65, device 0"}
{"level":"debug","ts":"2026-10-05T08:17:42.350Z","caller":"awsutils/awsutils.go:787","msg":"Found IPv4 addresses associated with interface. This is not efa-only interface"}
{"level":"debug","ts":"2026-10-05T08:17:42.353Z","caller":"ipamd/ipamd.go:798","msg":"Reconcile existing ENI eni-EXAMPLE12 IP pool"}
{"level":"info","ts":"2026-10-05T08:17:42.353Z","caller":"ipamd/ipamd.go:1766","msg":"Reconcile and skip primary IP 10.20.0.62 on ENI eni-EXAMPLE12"}
{"level":"info","ts":"2026-10-05T08:17:42.353Z","caller":"ipamd/ipamd.go:1766","msg":"Trying to add 10.20.0.47"}
{"level":"info","ts":"2026-10-05T08:17:42.353Z","caller":"ipamd/ipamd.go:1890","msg":"Adding 10.20.0.47/32 to DS for eni-EXAMPLE12"}
{"level":"info","ts":"2026-10-05T08:17:42.353Z","caller":"ipamd/ipamd.go:1890","msg":"IP already in DS"}
{"level":"info","ts":"2026-10-05T08:17:42.353Z","caller":"ipamd/ipamd.go:1766","msg":"Trying to add 10.20.0.59"}
{"level":"info","ts":"2026-10-05T08:17:42.353Z","caller":"ipamd/ipamd.go:1890","msg":"Adding 10.20.0.59/32 to DS for eni-EXAMPLE12"}
{"level":"info","ts":"2026-10-05T08:17:42.353Z","caller":"ipamd/ipamd.go:1890","msg":"IP already in DS"}
{"level":"info","ts":"2026-10-05T08:17:42.353Z","caller":"ipamd/ipamd.go:1766","msg":"Trying to add 10.20.0.38"}
{"level":"info","ts":"2026-10-05T08:17:42.354Z","caller":"ipamd/ipamd.go:1890","msg":"Adding 10.20.0.38/32 to DS for eni-EXAMPLE12"}
{"level":"info","ts":"2026-10-05T08:17:42.354Z","caller":"ipamd/ipamd.go:1890","msg":"IP already in DS"}
{"level":"info","ts":"2026-10-05T08:17:42.354Z","caller":"ipamd/ipamd.go:1766","msg":"Trying to add 10.20.0.39"}
{"level":"info","ts":"2026-10-05T08:17:42.354Z","caller":"ipamd/ipamd.go:1890","msg":"Adding 10.20.0.39/32 to DS for eni-EXAMPLE12"}
{"level":"info","ts":"2026-10-05T08:17:42.354Z","caller":"ipamd/ipamd.go:1890","msg":"IP already in DS"}
{"level":"debug","ts":"2026-10-05T08:17:42.354Z","caller":"ipamd/ipamd.go:798","msg":"Reconcile existing ENI eni-EXAMPLE12 IP prefixes"}
{"level":"debug","ts":"2026-10-05T08:17:42.354Z","caller":"ipamd/ipamd.go:1693","msg":"Found prefix pool count 0 for eni eni-EXAMPLE12\n"}
{"level":"debug","ts":"2026-10-05T08:17:42.354Z","caller":"ipamd/ipamd.go:798","msg":"Reconcile existing ENI eni-EXAMPLE11 IP pool"}
{"level":"info","ts":"2026-10-05T08:17:42.354Z","caller":"ipamd/ipamd.go:1766","msg":"Reconcile and skip primary IP 10.20.0.45 on ENI eni-EXAMPLE11"}
{"level":"info","ts":"2026-10-05T08:17:42.354Z","caller":"ipamd/ipamd.go:1766","msg":"Trying to add 10.20.0.53"}
{"level":"info","ts":"2026-10-05T08:17:42.354Z","caller":"ipamd/ipamd.go:1890","msg":"Adding 10.20.0.53/32 to DS for eni-EXAMPLE11"}
{"level":"info","ts":"2026-10-05T08:17:42.354Z","caller":"ipamd/ipamd.go:1890","msg":"IP already in DS"}
{"level":"info","ts":"2026-10-05T08:17:42.354Z","caller":"ipamd/ipamd.go:1766","msg":"Trying to add 10.20.0.48"}
{"level":"info","ts":"2026-10-05T08:17:42.354Z","caller":"ipamd/ipamd.go:1890","msg":"Adding 10.20.0.48/32 to DS for eni-EXAMPLE11"}
{"level":"info","ts":"2026-10-05T08:17:42.354Z","caller":"ipamd/ipamd.go:1890","msg":"IP already in DS"}
{"level":"info","ts":"2026-10-05T08:17:42.354Z","caller":"ipamd/ipamd.go:1766","msg":"Trying to add 10.20.0.46"}
{"level":"info","ts":"2026-10-05T08:17:42.354Z","caller":"ipamd/ipamd.go:1890","msg":"Adding 10.20.0.46/32 to DS for eni-EXAMPLE11"}
{"level":"info","ts":"2026-10-05T08:17:42.354Z","caller":"ipamd/ipamd.go:1890","msg":"IP already in DS"}
{"level":"info","ts":"2026-10-05T08:17:42.354Z","caller":"ipamd/ipamd.go:1766","msg":"Trying to add 10.20.0.58"}
{"level":"info","ts":"2026-10-05T08:17:42.354Z","caller":"ipamd/ipamd.go:1890","msg":"Adding 10.20.0.58/32 to DS for eni-EXAMPLE11"}
{"level":"info","ts":"2026-10-05T08:17:42.354Z","caller":"ipamd/ipamd.go:1890","msg":"IP already in DS"}
{"level":"info","ts":"2026-10-05T08:17:42.354Z","caller":"ipamd/ipamd.go:1766","msg":"Trying to add 10.20.0.43"}
{"level":"info","ts":"2026-10-05T08:17:42.354Z","caller":"ipamd/ipamd.go:1890","msg":"Adding 10.20.0.43/32 to DS for eni-EXAMPLE11"}
{"level":"info","ts":"2026-10-05T08:17:42.354Z","caller":"ipamd/ipamd.go:1890","msg":"IP already in DS"}
{"level":"debug","ts":"2026-10-05T08:17:42.354Z","caller":"ipamd/ipamd.go:798","msg":"Reconcile existing ENI eni-EXAMPLE11 IP prefixes"}
{"level":"debug","ts":"2026-10-05T08:17:42.354Z","caller":"ipamd/ipamd.go:1693","msg":"Found prefix pool count 0 for eni eni-EXAMPLE11\n"}
{"level":"debug","ts":"2026-10-05T08:17:42.354Z","caller":"ipamd/ipamd.go:798","msg":"Successfully Reconciled ENI/IP pool"}
{"level":"debug","ts":"2026-10-05T08:17:42.354Z","caller":"ipamd/ipamd.go:1738","msg":"IP pool stats for network card 0: Total IPs/Prefixes = 9/0, AssignedIPs/CooldownIPs: 7/0, c.maxIPsPerENI = 5"}
{"level":"debug","ts":"2026-10-05T08:17:42.354Z","caller":"ipamd/ipamd.go:798","msg":"Primary IP for ENI eni-EXAMPLE11 is 10.20.0.45"}
{"level":"debug","ts":"2026-10-05T08:17:42.354Z","caller":"ipamd/ipamd.go:798","msg":"Primary IP for ENI eni-EXAMPLE12 is 10.20.0.62"}
{"level":"info","ts":"2026-10-05T08:17:43.759Z","caller":"rpc/rpc_grpc.pb.go:117","msg":"Received AddNetwork for NS /var/run/netns/cni-95a3e6a9-f985-1032-359e-dc20075d613f, Sandbox ff9b0024b1a33d4bd8b8d64768d86568b4c988512ed853642f8485660173983f, ifname eth0"}
{"level":"debug","ts":"2026-10-05T08:17:43.759Z","caller":"rpc/rpc_grpc.pb.go:117","msg":"AddNetworkRequest: K8S_POD_NAME:\"pause-68d5b89fc-xj7bk\"  K8S_POD_NAMESPACE:\"default\"  K8S_POD_INFRA_CONTAINER_ID:\"ff9b0024b1a33d4bd8b8d64768d86568b4c988512ed853642f8485660173983f\"  ContainerID:\"ff9b0024b1a33d4bd8b8d64768d86568b4c988512ed853642f8485660173983f\"  IfName:\"eth0\"  NetworkName:\"aws-cni\"  Netns:\"/var/run/netns/cni-95a3e6a9-f985-1032-359e-dc20075d613f\""}
{"level":"info","ts":"2026-10-05T08:17:43.759Z","caller":"rpc/rpc_grpc.pb.go:117","msg":"Required MultiNIC access false, interfaces required 1"}
{"level":"debug","ts":"2026-10-05T08:17:43.759Z","caller":"datastore/data_store.go:713","msg":"AssignPodIPv4Address: IP address pool stats: total 9, assigned 7"}
{"level":"debug","ts":"2026-10-05T08:17:43.759Z","caller":"datastore/data_store.go:806","msg":"Get free IP from prefix failed no free IP available in the prefix - 10.20.0.53/32"}
{"level":"debug","ts":"2026-10-05T08:17:43.759Z","caller":"datastore/data_store.go:713","msg":"Unable to get IP address from CIDR: no free IP available in the prefix - 10.20.0.53/32"}
{"level":"debug","ts":"2026-10-05T08:17:43.759Z","caller":"datastore/data_store.go:806","msg":"Get free IP from prefix failed no free IP available in the prefix - 10.20.0.48/32"}
{"level":"debug","ts":"2026-10-05T08:17:43.759Z","caller":"datastore/data_store.go:713","msg":"Unable to get IP address from CIDR: no free IP available in the prefix - 10.20.0.48/32"}
{"level":"debug","ts":"2026-10-05T08:17:43.759Z","caller":"datastore/data_store.go:806","msg":"Get free IP from prefix failed no free IP available in the prefix - 10.20.0.46/32"}
{"level":"debug","ts":"2026-10-05T08:17:43.759Z","caller":"datastore/data_store.go:713","msg":"Unable to get IP address from CIDR: no free IP available in the prefix - 10.20.0.46/32"}
{"level":"debug","ts":"2026-10-05T08:17:43.759Z","caller":"datastore/data_store.go:806","msg":"Get free IP from prefix failed no free IP available in the prefix - 10.20.0.58/32"}
{"level":"debug","ts":"2026-10-05T08:17:43.759Z","caller":"datastore/data_store.go:713","msg":"Unable to get IP address from CIDR: no free IP available in the prefix - 10.20.0.58/32"}
{"level":"debug","ts":"2026-10-05T08:17:43.759Z","caller":"datastore/data_store.go:806","msg":"Get free IP from prefix failed no free IP available in the prefix - 10.20.0.43/32"}
{"level":"debug","ts":"2026-10-05T08:17:43.759Z","caller":"datastore/data_store.go:713","msg":"Unable to get IP address from CIDR: no free IP available in the prefix - 10.20.0.43/32"}
{"level":"debug","ts":"2026-10-05T08:17:43.759Z","caller":"datastore/data_store.go:713","msg":"AssignPodIPv4Address: ENI eni-EXAMPLE11 does not have available addresses"}
{"level":"debug","ts":"2026-10-05T08:17:43.759Z","caller":"datastore/data_store.go:806","msg":"Get free IP from prefix failed no free IP available in the prefix - 10.20.0.47/32"}
{"level":"debug","ts":"2026-10-05T08:17:43.759Z","caller":"datastore/data_store.go:713","msg":"Unable to get IP address from CIDR: no free IP available in the prefix - 10.20.0.47/32"}
{"level":"debug","ts":"2026-10-05T08:17:43.759Z","caller":"datastore/data_store.go:806","msg":"Get free IP from prefix failed no free IP available in the prefix - 10.20.0.59/32"}
{"level":"debug","ts":"2026-10-05T08:17:43.759Z","caller":"datastore/data_store.go:713","msg":"Unable to get IP address from CIDR: no free IP available in the prefix - 10.20.0.59/32"}
{"level":"debug","ts":"2026-10-05T08:17:43.759Z","caller":"datastore/data_store.go:1469","msg":"Found a free IP not in DB - 10.20.0.38"}
{"level":"debug","ts":"2026-10-05T08:17:43.759Z","caller":"datastore/data_store.go:806","msg":"Returning Free IP 10.20.0.38"}
{"level":"debug","ts":"2026-10-05T08:17:43.759Z","caller":"datastore/data_store.go:713","msg":"New IP from CIDR pool- 10.20.0.38"}
{"level":"debug","ts":"2026-10-05T08:17:43.759Z","caller":"datastore/data_store.go:713","msg":"Allocating new IP 10.20.0.38 from CIDR 10.20.0.38/32 for pod"}
{"level":"info","ts":"2026-10-05T08:17:43.759Z","caller":"datastore/data_store.go:838","msg":"assignPodIPAddressUnsafe: Assign IP 10.20.0.38 to sandbox aws-cni/ff9b0024b1a33d4bd8b8d64768d86568b4c988512ed853642f8485660173983f/eth0 with metadata {K8SPodNamespace:default K8SPodName:pause-68d5b89fc-xj7bk InterfacesCount:1}"}
{"level":"info","ts":"2026-10-05T08:17:43.759Z","caller":"rpc/rpc_grpc.pb.go:117","msg":"Assigned IP from network card: 0 -> IPv4: 10.20.0.38, IPv6: , device number: 1, "}
{"level":"info","ts":"2026-10-05T08:17:43.759Z","caller":"rpc/rpc_grpc.pb.go:117","msg":"Address assigned from datastores:  1"}
{"level":"debug","ts":"2026-10-05T08:17:43.760Z","caller":"rpc/rpc_grpc.pb.go:117","msg":"VPC CIDR 10.20.0.0/24"}
{"level":"info","ts":"2026-10-05T08:17:43.760Z","caller":"rpc/rpc_grpc.pb.go:117","msg":"Send AddNetworkReply: Success: true IPAddr: [IPv4Addr:\"10.20.0.38\"  DeviceNumber:1  RouteTableId:2], resp: Success:true  IPAllocationMetadata:{IPv4Addr:\"10.20.0.38\"  DeviceNumber:1  RouteTableId:2}  VPCv4CIDRs:\"10.20.0.0/24\"  NetworkPolicyMode:\"standard\", err: <nil>"}
{"level":"info","ts":"2026-10-05T08:17:43.846Z","caller":"rpc/rpc_grpc.pb.go:117","msg":"Received AddNetwork for NS /var/run/netns/cni-2000d61e-5566-825b-53d2-218f8f403f71, Sandbox 8c5256d5a1ed06e151b0c51ed2850444dd9865416c9cf413920881c8aa7672d9, ifname eth0"}
{"level":"debug","ts":"2026-10-05T08:17:43.846Z","caller":"rpc/rpc_grpc.pb.go:117","msg":"AddNetworkRequest: K8S_POD_NAME:\"pause-68d5b89fc-s7fgw\"  K8S_POD_NAMESPACE:\"default\"  K8S_POD_INFRA_CONTAINER_ID:\"8c5256d5a1ed06e151b0c51ed2850444dd9865416c9cf413920881c8aa7672d9\"  ContainerID:\"8c5256d5a1ed06e151b0c51ed2850444dd9865416c9cf413920881c8aa7672d9\"  IfName:\"eth0\"  NetworkName:\"aws-cni\"  Netns:\"/var/run/netns/cni-2000d61e-5566-825b-53d2-218f8f403f71\""}
{"level":"info","ts":"2026-10-05T08:17:43.846Z","caller":"rpc/rpc_grpc.pb.go:117","msg":"Required MultiNIC access false, interfaces required 1"}
{"level":"debug","ts":"2026-10-05T08:17:43.846Z","caller":"datastore/data_store.go:713","msg":"AssignPodIPv4Address: IP address pool stats: total 9, assigned 8"}
{"level":"debug","ts":"2026-10-05T08:17:43.847Z","caller":"datastore/data_store.go:806","msg":"Get free IP from prefix failed no free IP available in the prefix - 10.20.0.53/32"}
{"level":"debug","ts":"2026-10-05T08:17:43.847Z","caller":"datastore/data_store.go:713","msg":"Unable to get IP address from CIDR: no free IP available in the prefix - 10.20.0.53/32"}
{"level":"debug","ts":"2026-10-05T08:17:43.847Z","caller":"datastore/data_store.go:806","msg":"Get free IP from prefix failed no free IP available in the prefix - 10.20.0.48/32"}
{"level":"debug","ts":"2026-10-05T08:17:43.847Z","caller":"datastore/data_store.go:713","msg":"Unable to get IP address from CIDR: no free IP available in the prefix - 10.20.0.48/32"}
{"level":"debug","ts":"2026-10-05T08:17:43.847Z","caller":"datastore/data_store.go:806","msg":"Get free IP from prefix failed no free IP available in the prefix - 10.20.0.46/32"}
{"level":"debug","ts":"2026-10-05T08:17:43.847Z","caller":"datastore/data_store.go:713","msg":"Unable to get IP address from CIDR: no free IP available in the prefix - 10.20.0.46/32"}
{"level":"debug","ts":"2026-10-05T08:17:43.847Z","caller":"datastore/data_store.go:806","msg":"Get free IP from prefix failed no free IP available in the prefix - 10.20.0.58/32"}
{"level":"debug","ts":"2026-10-05T08:17:43.847Z","caller":"datastore/data_store.go:713","msg":"Unable to get IP address from CIDR: no free IP available in the prefix - 10.20.0.58/32"}
{"level":"debug","ts":"2026-10-05T08:17:43.847Z","caller":"datastore/data_store.go:806","msg":"Get free IP from prefix failed no free IP available in the prefix - 10.20.0.43/32"}
{"level":"debug","ts":"2026-10-05T08:17:43.847Z","caller":"datastore/data_store.go:713","msg":"Unable to get IP address from CIDR: no free IP available in the prefix - 10.20.0.43/32"}
{"level":"debug","ts":"2026-10-05T08:17:43.847Z","caller":"datastore/data_store.go:713","msg":"AssignPodIPv4Address: ENI eni-EXAMPLE11 does not have available addresses"}
{"level":"debug","ts":"2026-10-05T08:17:43.847Z","caller":"datastore/data_store.go:806","msg":"Get free IP from prefix failed no free IP available in the prefix - 10.20.0.47/32"}
{"level":"debug","ts":"2026-10-05T08:17:43.847Z","caller":"datastore/data_store.go:713","msg":"Unable to get IP address from CIDR: no free IP available in the prefix - 10.20.0.47/32"}
{"level":"debug","ts":"2026-10-05T08:17:43.847Z","caller":"datastore/data_store.go:806","msg":"Get free IP from prefix failed no free IP available in the prefix - 10.20.0.59/32"}
{"level":"debug","ts":"2026-10-05T08:17:43.847Z","caller":"datastore/data_store.go:713","msg":"Unable to get IP address from CIDR: no free IP available in the prefix - 10.20.0.59/32"}
{"level":"debug","ts":"2026-10-05T08:17:43.847Z","caller":"datastore/data_store.go:806","msg":"Get free IP from prefix failed no free IP available in the prefix - 10.20.0.38/32"}
{"level":"debug","ts":"2026-10-05T08:17:43.847Z","caller":"datastore/data_store.go:713","msg":"Unable to get IP address from CIDR: no free IP available in the prefix - 10.20.0.38/32"}
{"level":"debug","ts":"2026-10-05T08:17:43.847Z","caller":"datastore/data_store.go:1469","msg":"Found a free IP not in DB - 10.20.0.39"}
{"level":"debug","ts":"2026-10-05T08:17:43.847Z","caller":"datastore/data_store.go:806","msg":"Returning Free IP 10.20.0.39"}
{"level":"debug","ts":"2026-10-05T08:17:43.847Z","caller":"datastore/data_store.go:713","msg":"New IP from CIDR pool- 10.20.0.39"}
{"level":"debug","ts":"2026-10-05T08:17:43.847Z","caller":"datastore/data_store.go:713","msg":"Allocating new IP 10.20.0.39 from CIDR 10.20.0.39/32 for pod"}
{"level":"info","ts":"2026-10-05T08:17:43.847Z","caller":"datastore/data_store.go:838","msg":"assignPodIPAddressUnsafe: Assign IP 10.20.0.39 to sandbox aws-cni/8c5256d5a1ed06e151b0c51ed2850444dd9865416c9cf413920881c8aa7672d9/eth0 with metadata {K8SPodNamespace:default K8SPodName:pause-68d5b89fc-s7fgw InterfacesCount:1}"}
{"level":"info","ts":"2026-10-05T08:17:43.847Z","caller":"rpc/rpc_grpc.pb.go:117","msg":"Assigned IP from network card: 0 -> IPv4: 10.20.0.39, IPv6: , device number: 1, "}
{"level":"info","ts":"2026-10-05T08:17:43.847Z","caller":"rpc/rpc_grpc.pb.go:117","msg":"Address assigned from datastores:  1"}
{"level":"debug","ts":"2026-10-05T08:17:43.849Z","caller":"rpc/rpc_grpc.pb.go:117","msg":"VPC CIDR 10.20.0.0/24"}
{"level":"info","ts":"2026-10-05T08:17:43.849Z","caller":"rpc/rpc_grpc.pb.go:117","msg":"Send AddNetworkReply: Success: true IPAddr: [IPv4Addr:\"10.20.0.39\"  DeviceNumber:1  RouteTableId:2], resp: Success:true  IPAllocationMetadata:{IPv4Addr:\"10.20.0.39\"  DeviceNumber:1  RouteTableId:2}  VPCv4CIDRs:\"10.20.0.0/24\"  NetworkPolicyMode:\"standard\", err: <nil>"}
{"level":"debug","ts":"2026-10-05T08:17:44.854Z","caller":"ipamd/ipamd.go:795","msg":"IP stats for Network Card 0 - total IPs: 9, assigned IPs: 9, cooldown IPs: 0"}
{"level":"debug","ts":"2026-10-05T08:17:44.854Z","caller":"ipamd/ipamd.go:813","msg":"Starting to increase pool size for network card 0"}
{"level":"debug","ts":"2026-10-05T08:17:44.854Z","caller":"ipamd/ipamd.go:966","msg":"Node found \"ip-10-20-0-45.ec2.internal\" - no of taints - 0"}
{"level":"debug","ts":"2026-10-05T08:17:44.854Z","caller":"ipamd/ipamd.go:1135","msg":"Found ENI eni-EXAMPLE12 that has less than the maximum number of IP/Prefixes addresses allocated: cur=4, max=5"}
{"level":"info","ts":"2026-10-05T08:17:44.854Z","caller":"ipamd/ipamd.go:1141","msg":"Trying to allocate 1 IP addresses on ENI eni-EXAMPLE12"}
{"level":"debug","ts":"2026-10-05T08:17:44.854Z","caller":"ipamd/ipamd.go:1141","msg":"PD enabled - false"}
{"level":"info","ts":"2026-10-05T08:17:45.437Z","caller":"ipamd/ipamd.go:1141","msg":"Allocated 1 private IP addresses"}
{"level":"debug","ts":"2026-10-05T08:17:45.437Z","caller":"ipamd/ipamd.go:1156","msg":"containsPrivateIPAddressLimitExceededError encountered <nil>"}
{"level":"info","ts":"2026-10-05T08:17:45.437Z","caller":"ipamd/ipamd.go:1387","msg":"Adding 10.20.0.51/32 to DS for eni-EXAMPLE12"}
{"level":"info","ts":"2026-10-05T08:17:45.437Z","caller":"ipamd/ipamd.go:1387","msg":"Added ENI(eni-EXAMPLE12)'s IP/Prefix 10.20.0.51/32 to datastore"}
{"level":"debug","ts":"2026-10-05T08:17:45.437Z","caller":"ipamd/ipamd.go:1394","msg":"IP pool stats for network card 0: Total IPs/Prefixes = 10/0, AssignedIPs/CooldownIPs: 9/0, c.maxIPsPerENI = 5"}
{"level":"debug","ts":"2026-10-05T08:17:45.437Z","caller":"ipamd/ipamd.go:1053","msg":"IP pool stats for network card 0: Total IPs/Prefixes = 10/0, AssignedIPs/CooldownIPs: 9/0, c.maxIPsPerENI = 5"}
{"level":"debug","ts":"2026-10-05T08:17:45.437Z","caller":"ipamd/ipamd.go:861","msg":"Node found \"ip-10-20-0-45.ec2.internal\" - no of taints - 0"}
{"level":"debug","ts":"2026-10-05T08:17:45.437Z","caller":"datastore/data_store.go:1148","msg":"ENI eni-EXAMPLE11 cannot be deleted because it is primary"}
{"level":"debug","ts":"2026-10-05T08:17:45.437Z","caller":"datastore/data_store.go:1148","msg":"ENI eni-EXAMPLE12 cannot be deleted because it has pods assigned"}
{"level":"debug","ts":"2026-10-05T08:17:50.437Z","caller":"ipamd/ipamd.go:795","msg":"IP stats for Network Card 0 - total IPs: 10, assigned IPs: 9, cooldown IPs: 0"}
{"level":"debug","ts":"2026-10-05T08:17:50.437Z","caller":"ipamd/ipamd.go:813","msg":"Starting to increase pool size for network card 0"}
{"level":"debug","ts":"2026-10-05T08:17:50.437Z","caller":"ipamd/ipamd.go:966","msg":"Node found \"ip-10-20-0-45.ec2.internal\" - no of taints - 0"}
{"level":"debug","ts":"2026-10-05T08:17:50.437Z","caller":"ipamd/ipamd.go:1003","msg":"hasRoomForEni: networkCard=0, currentENIs=2, currentUsableENIs=2, maxENI=3, unmanagedENI=0, trunkEni=0, excludedENI=0, hasRoom=true"}
{"level":"info","ts":"2026-10-05T08:17:50.437Z","caller":"awsutils/awsutils.go:1044","msg":"Trying to allocate 1 IP addresses on new ENI"}
{"level":"debug","ts":"2026-10-05T08:17:50.437Z","caller":"awsutils/awsutils.go:1044","msg":"PD enabled - false"}
{"level":"debug","ts":"2026-10-05T08:17:50.694Z","caller":"awsutils/awsutils.go:1272","msg":"Subnet subnet-EXAMPLE2 has no kubernetes.io/role/cni tag, excluding it from ENI creation"}
{"level":"debug","ts":"2026-10-05T08:17:50.694Z","caller":"awsutils/awsutils.go:1272","msg":"Primary subnet subnet-EXAMPLE1 has no kubernetes.io/role/cni tag, including it for ENI creation (backwards compatibility)"}
{"level":"info","ts":"2026-10-05T08:17:50.695Z","caller":"awsutils/awsutils.go:1044","msg":"Creating ENI with security groups: [sg-EXAMPLE1] in subnet: subnet-EXAMPLE1"}
{"level":"debug","ts":"2026-10-05T08:17:50.945Z","caller":"awsutils/awsutils.go:1449","msg":"checkAPIErrorAndBroadcastEvent resulted in operation error EC2: CreateNetworkInterface, https response error StatusCode: 400, RequestID: 731186f7-0bf4-4cb1-aea6-8e050c35e741, api error InsufficientFreeAddressesInSubnet: The specified subnet does not have enough free addresses to satisfy the request."}
{"level":"error","ts":"2026-10-05T08:17:50.945Z","caller":"awsutils/awsutils.go:1285","msg":"Failed to CreateNetworkInterface operation error EC2: CreateNetworkInterface, https response error StatusCode: 400, RequestID: 731186f7-0bf4-4cb1-aea6-8e050c35e741, api error InsufficientFreeAddressesInSubnet: The specified subnet does not have enough free addresses to satisfy the request. for subnet subnet-EXAMPLE1"}
{"level":"error","ts":"2026-10-05T08:17:50.945Z","caller":"ipamd/ipamd.go:1004","msg":"Failed to increase pool size due to not able to allocate ENI AllocENI: failed to create ENI: failed to create network interface: operation error EC2: CreateNetworkInterface, https response error StatusCode: 400, RequestID: 731186f7-0bf4-4cb1-aea6-8e050c35e741, api error InsufficientFreeAddressesInSubnet: The specified subnet does not have enough free addresses to satisfy the request."}
{"level":"warn","ts":"2026-10-05T08:17:50.945Z","caller":"ipamd/ipamd.go:1004","msg":"Failed to allocate 1 IP addresses on an ENI: AllocENI: failed to create ENI: failed to create network interface: operation error EC2: CreateNetworkInterface, https response error StatusCode: 400, RequestID: 731186f7-0bf4-4cb1-aea6-8e050c35e741, api error InsufficientFreeAddressesInSubnet: The specified subnet does not have enough free addresses to satisfy the request."}
{"level":"debug","ts":"2026-10-05T08:17:50.945Z","caller":"ipamd/ipamd.go:1082","msg":"containsInsufficientCIDRsOrSubnetIPs encountered AllocENI: failed to create ENI: failed to create network interface: operation error EC2: CreateNetworkInterface, https response error StatusCode: 400, RequestID: 731186f7-0bf4-4cb1-aea6-8e050c35e741, api error InsufficientFreeAddressesInSubnet: The specified subnet does not have enough free addresses to satisfy the request."}
{"level":"debug","ts":"2026-10-05T08:17:50.945Z","caller":"ipamd/ipamd.go:1082","msg":"Insufficient IP Addresses due to: InsufficientFreeAddressesInSubnet\n"}
{"level":"error","ts":"2026-10-05T08:17:50.945Z","caller":"ipamd/ipamd.go:1004","msg":"Unable to attach IPs/Prefixes for the ENI, subnet doesn't seem to have enough IPs/Prefixes. Consider using new subnet or carve a reserved range using create-subnet-cidr-reservation"}
{"level":"debug","ts":"2026-10-05T08:17:50.945Z","caller":"ipamd/ipamd.go:813","msg":"Error trying to allocate ENI: AllocENI: failed to create ENI: failed to create network interface: operation error EC2: CreateNetworkInterface, https response error StatusCode: 400, RequestID: 731186f7-0bf4-4cb1-aea6-8e050c35e741, api error InsufficientFreeAddressesInSubnet: The specified subnet does not have enough free addresses to satisfy the request."}
{"level":"debug","ts":"2026-10-05T08:17:50.945Z","caller":"ipamd/ipamd.go:861","msg":"Node found \"ip-10-20-0-45.ec2.internal\" - no of taints - 0"}
{"level":"debug","ts":"2026-10-05T08:17:50.945Z","caller":"datastore/data_store.go:1148","msg":"ENI eni-EXAMPLE11 cannot be deleted because it is primary"}
{"level":"debug","ts":"2026-10-05T08:17:50.945Z","caller":"datastore/data_store.go:1148","msg":"ENI eni-EXAMPLE12 cannot be deleted because it has pods assigned"}
{"level":"debug","ts":"2026-10-05T08:17:55.948Z","caller":"ipamd/ipamd.go:795","msg":"IP stats for Network Card 0 - total IPs: 10, assigned IPs: 9, cooldown IPs: 0"}
{"level":"debug","ts":"2026-10-05T08:17:55.948Z","caller":"ipamd/ipamd.go:813","msg":"Starting to increase pool size for network card 0"}
{"level":"debug","ts":"2026-10-05T08:17:55.948Z","caller":"ipamd/ipamd.go:966","msg":"Node found \"ip-10-20-0-45.ec2.internal\" - no of taints - 0"}
{"level":"debug","ts":"2026-10-05T08:17:55.948Z","caller":"ipamd/ipamd.go:813","msg":"Recently we had InsufficientCidr error hence will wait for 2m0s before retrying"}
{"level":"debug","ts":"2026-10-05T08:17:55.948Z","caller":"ipamd/ipamd.go:861","msg":"Node found \"ip-10-20-0-45.ec2.internal\" - no of taints - 0"}
{"level":"debug","ts":"2026-10-05T08:17:55.948Z","caller":"datastore/data_store.go:1148","msg":"ENI eni-EXAMPLE12 cannot be deleted because it has pods assigned"}
{"level":"debug","ts":"2026-10-05T08:17:55.948Z","caller":"datastore/data_store.go:1148","msg":"ENI eni-EXAMPLE11 cannot be deleted because it is primary"}
{"level":"debug","ts":"2026-10-05T08:18:00.951Z","caller":"ipamd/ipamd.go:795","msg":"IP stats for Network Card 0 - total IPs: 10, assigned IPs: 9, cooldown IPs: 0"}
{"level":"debug","ts":"2026-10-05T08:18:00.952Z","caller":"ipamd/ipamd.go:813","msg":"Starting to increase pool size for network card 0"}
{"level":"debug","ts":"2026-10-05T08:18:00.952Z","caller":"ipamd/ipamd.go:966","msg":"Node found \"ip-10-20-0-45.ec2.internal\" - no of taints - 0"}
{"level":"debug","ts":"2026-10-05T08:18:00.952Z","caller":"ipamd/ipamd.go:813","msg":"Recently we had InsufficientCidr error hence will wait for 2m0s before retrying"}
{"level":"debug","ts":"2026-10-05T08:18:00.952Z","caller":"ipamd/ipamd.go:861","msg":"Node found \"ip-10-20-0-45.ec2.internal\" - no of taints - 0"}
{"level":"debug","ts":"2026-10-05T08:18:00.952Z","caller":"datastore/data_store.go:1148","msg":"ENI eni-EXAMPLE11 cannot be deleted because it is primary"}
{"level":"debug","ts":"2026-10-05T08:18:00.952Z","caller":"datastore/data_store.go:1148","msg":"ENI eni-EXAMPLE12 cannot be deleted because it has pods assigned"}
{"level":"debug","ts":"2026-10-05T08:18:05.953Z","caller":"ipamd/ipamd.go:795","msg":"IP stats for Network Card 0 - total IPs: 10, assigned IPs: 9, cooldown IPs: 0"}
{"level":"debug","ts":"2026-10-05T08:18:05.953Z","caller":"ipamd/ipamd.go:813","msg":"Starting to increase pool size for network card 0"}
{"level":"debug","ts":"2026-10-05T08:18:05.953Z","caller":"ipamd/ipamd.go:966","msg":"Node found \"ip-10-20-0-45.ec2.internal\" - no of taints - 0"}
{"level":"debug","ts":"2026-10-05T08:18:05.953Z","caller":"ipamd/ipamd.go:813","msg":"Recently we had InsufficientCidr error hence will wait for 2m0s before retrying"}
{"level":"debug","ts":"2026-10-05T08:18:05.953Z","caller":"ipamd/ipamd.go:861","msg":"Node found \"ip-10-20-0-45.ec2.internal\" - no of taints - 0"}
{"level":"debug","ts":"2026-10-05T08:18:05.953Z","caller":"datastore/data_store.go:1148","msg":"ENI eni-EXAMPLE12 cannot be deleted because it has pods assigned"}
{"level":"debug","ts":"2026-10-05T08:18:05.953Z","caller":"datastore/data_store.go:1148","msg":"ENI eni-EXAMPLE11 cannot be deleted because it is primary"}
{"level":"debug","ts":"2026-10-05T08:18:10.954Z","caller":"ipamd/ipamd.go:795","msg":"IP stats for Network Card 0 - total IPs: 10, assigned IPs: 9, cooldown IPs: 0"}
{"level":"debug","ts":"2026-10-05T08:18:10.954Z","caller":"ipamd/ipamd.go:813","msg":"Starting to increase pool size for network card 0"}
{"level":"debug","ts":"2026-10-05T08:18:10.954Z","caller":"ipamd/ipamd.go:966","msg":"Node found \"ip-10-20-0-45.ec2.internal\" - no of taints - 0"}
{"level":"debug","ts":"2026-10-05T08:18:10.954Z","caller":"ipamd/ipamd.go:813","msg":"Recently we had InsufficientCidr error hence will wait for 2m0s before retrying"}
{"level":"debug","ts":"2026-10-05T08:18:10.954Z","caller":"ipamd/ipamd.go:861","msg":"Node found \"ip-10-20-0-45.ec2.internal\" - no of taints - 0"}
{"level":"debug","ts":"2026-10-05T08:18:10.954Z","caller":"datastore/data_store.go:1148","msg":"ENI eni-EXAMPLE11 cannot be deleted because it is primary"}
{"level":"debug","ts":"2026-10-05T08:18:10.955Z","caller":"datastore/data_store.go:1148","msg":"ENI eni-EXAMPLE12 cannot be deleted because it has pods assigned"}
{"level":"debug","ts":"2026-10-05T08:18:15.957Z","caller":"ipamd/ipamd.go:795","msg":"IP stats for Network Card 0 - total IPs: 10, assigned IPs: 9, cooldown IPs: 0"}
{"level":"debug","ts":"2026-10-05T08:18:15.957Z","caller":"ipamd/ipamd.go:813","msg":"Starting to increase pool size for network card 0"}
{"level":"debug","ts":"2026-10-05T08:18:15.957Z","caller":"ipamd/ipamd.go:966","msg":"Node found \"ip-10-20-0-45.ec2.internal\" - no of taints - 0"}
{"level":"debug","ts":"2026-10-05T08:18:15.957Z","caller":"ipamd/ipamd.go:813","msg":"Recently we had InsufficientCidr error hence will wait for 2m0s before retrying"}
{"level":"debug","ts":"2026-10-05T08:18:15.957Z","caller":"ipamd/ipamd.go:861","msg":"Node found \"ip-10-20-0-45.ec2.internal\" - no of taints - 0"}
{"level":"debug","ts":"2026-10-05T08:18:15.957Z","caller":"datastore/data_store.go:1148","msg":"ENI eni-EXAMPLE11 cannot be deleted because it is primary"}
{"level":"debug","ts":"2026-10-05T08:18:15.957Z","caller":"datastore/data_store.go:1148","msg":"ENI eni-EXAMPLE12 cannot be deleted because it has pods assigned"}
{"level":"debug","ts":"2026-10-05T08:18:20.957Z","caller":"ipamd/ipamd.go:795","msg":"IP stats for Network Card 0 - total IPs: 10, assigned IPs: 9, cooldown IPs: 0"}
{"level":"debug","ts":"2026-10-05T08:18:20.957Z","caller":"ipamd/ipamd.go:813","msg":"Starting to increase pool size for network card 0"}
{"level":"debug","ts":"2026-10-05T08:18:20.958Z","caller":"ipamd/ipamd.go:966","msg":"Node found \"ip-10-20-0-45.ec2.internal\" - no of taints - 0"}
{"level":"debug","ts":"2026-10-05T08:18:20.958Z","caller":"ipamd/ipamd.go:813","msg":"Recently we had InsufficientCidr error hence will wait for 2m0s before retrying"}
{"level":"debug","ts":"2026-10-05T08:18:20.958Z","caller":"ipamd/ipamd.go:861","msg":"Node found \"ip-10-20-0-45.ec2.internal\" - no of taints - 0"}
{"level":"debug","ts":"2026-10-05T08:18:20.958Z","caller":"datastore/data_store.go:1148","msg":"ENI eni-EXAMPLE11 cannot be deleted because it is primary"}
{"level":"debug","ts":"2026-10-05T08:18:20.958Z","caller":"datastore/data_store.go:1148","msg":"ENI eni-EXAMPLE12 cannot be deleted because it has pods assigned"}
{"level":"debug","ts":"2026-10-05T08:18:25.959Z","caller":"ipamd/ipamd.go:795","msg":"IP stats for Network Card 0 - total IPs: 10, assigned IPs: 9, cooldown IPs: 0"}
{"level":"debug","ts":"2026-10-05T08:18:25.959Z","caller":"ipamd/ipamd.go:813","msg":"Starting to increase pool size for network card 0"}
{"level":"debug","ts":"2026-10-05T08:18:25.959Z","caller":"ipamd/ipamd.go:966","msg":"Node found \"ip-10-20-0-45.ec2.internal\" - no of taints - 0"}
{"level":"debug","ts":"2026-10-05T08:18:25.959Z","caller":"ipamd/ipamd.go:813","msg":"Recently we had InsufficientCidr error hence will wait for 2m0s before retrying"}
{"level":"debug","ts":"2026-10-05T08:18:25.959Z","caller":"ipamd/ipamd.go:861","msg":"Node found \"ip-10-20-0-45.ec2.internal\" - no of taints - 0"}
{"level":"debug","ts":"2026-10-05T08:18:25.959Z","caller":"datastore/data_store.go:1148","msg":"ENI eni-EXAMPLE11 cannot be deleted because it is primary"}
{"level":"debug","ts":"2026-10-05T08:18:25.959Z","caller":"datastore/data_store.go:1148","msg":"ENI eni-EXAMPLE12 cannot be deleted because it has pods assigned"}
{"level":"debug","ts":"2026-10-05T08:18:30.960Z","caller":"ipamd/ipamd.go:795","msg":"IP stats for Network Card 0 - total IPs: 10, assigned IPs: 9, cooldown IPs: 0"}
{"level":"debug","ts":"2026-10-05T08:18:30.960Z","caller":"ipamd/ipamd.go:813","msg":"Starting to increase pool size for network card 0"}
{"level":"debug","ts":"2026-10-05T08:18:30.960Z","caller":"ipamd/ipamd.go:966","msg":"Node found \"ip-10-20-0-45.ec2.internal\" - no of taints - 0"}
{"level":"debug","ts":"2026-10-05T08:18:30.960Z","caller":"ipamd/ipamd.go:813","msg":"Recently we had InsufficientCidr error hence will wait for 2m0s before retrying"}
{"level":"debug","ts":"2026-10-05T08:18:30.960Z","caller":"ipamd/ipamd.go:861","msg":"Node found \"ip-10-20-0-45.ec2.internal\" - no of taints - 0"}
{"level":"debug","ts":"2026-10-05T08:18:30.960Z","caller":"datastore/data_store.go:1148","msg":"ENI eni-EXAMPLE11 cannot be deleted because it is primary"}
{"level":"debug","ts":"2026-10-05T08:18:30.960Z","caller":"datastore/data_store.go:1148","msg":"ENI eni-EXAMPLE12 cannot be deleted because it has pods assigned"}
{"level":"debug","ts":"2026-10-05T08:18:35.962Z","caller":"ipamd/ipamd.go:795","msg":"IP stats for Network Card 0 - total IPs: 10, assigned IPs: 9, cooldown IPs: 0"}
{"level":"debug","ts":"2026-10-05T08:18:35.962Z","caller":"ipamd/ipamd.go:813","msg":"Starting to increase pool size for network card 0"}
{"level":"debug","ts":"2026-10-05T08:18:35.963Z","caller":"ipamd/ipamd.go:966","msg":"Node found \"ip-10-20-0-45.ec2.internal\" - no of taints - 0"}
{"level":"debug","ts":"2026-10-05T08:18:35.963Z","caller":"ipamd/ipamd.go:813","msg":"Recently we had InsufficientCidr error hence will wait for 2m0s before retrying"}
{"level":"debug","ts":"2026-10-05T08:18:35.963Z","caller":"ipamd/ipamd.go:861","msg":"Node found \"ip-10-20-0-45.ec2.internal\" - no of taints - 0"}
{"level":"debug","ts":"2026-10-05T08:18:35.963Z","caller":"datastore/data_store.go:1148","msg":"ENI eni-EXAMPLE11 cannot be deleted because it is primary"}
{"level":"debug","ts":"2026-10-05T08:18:35.963Z","caller":"datastore/data_store.go:1148","msg":"ENI eni-EXAMPLE12 cannot be deleted because it has pods assigned"}
{"level":"debug","ts":"2026-10-05T08:18:40.963Z","caller":"ipamd/ipamd.go:795","msg":"IP stats for Network Card 0 - total IPs: 10, assigned IPs: 9, cooldown IPs: 0"}
{"level":"debug","ts":"2026-10-05T08:18:40.963Z","caller":"ipamd/ipamd.go:813","msg":"Starting to increase pool size for network card 0"}
{"level":"debug","ts":"2026-10-05T08:18:40.963Z","caller":"ipamd/ipamd.go:966","msg":"Node found \"ip-10-20-0-45.ec2.internal\" - no of taints - 0"}
{"level":"debug","ts":"2026-10-05T08:18:40.963Z","caller":"ipamd/ipamd.go:813","msg":"Recently we had InsufficientCidr error hence will wait for 2m0s before retrying"}
{"level":"debug","ts":"2026-10-05T08:18:40.963Z","caller":"ipamd/ipamd.go:861","msg":"Node found \"ip-10-20-0-45.ec2.internal\" - no of taints - 0"}
{"level":"debug","ts":"2026-10-05T08:18:40.963Z","caller":"datastore/data_store.go:1148","msg":"ENI eni-EXAMPLE11 cannot be deleted because it is primary"}
{"level":"debug","ts":"2026-10-05T08:18:40.963Z","caller":"datastore/data_store.go:1148","msg":"ENI eni-EXAMPLE12 cannot be deleted because it has pods assigned"}
{"level":"debug","ts":"2026-10-05T08:18:45.965Z","caller":"ipamd/ipamd.go:795","msg":"IP stats for Network Card 0 - total IPs: 10, assigned IPs: 9, cooldown IPs: 0"}
{"level":"debug","ts":"2026-10-05T08:18:45.965Z","caller":"ipamd/ipamd.go:813","msg":"Starting to increase pool size for network card 0"}
{"level":"debug","ts":"2026-10-05T08:18:45.965Z","caller":"ipamd/ipamd.go:966","msg":"Node found \"ip-10-20-0-45.ec2.internal\" - no of taints - 0"}
{"level":"debug","ts":"2026-10-05T08:18:45.965Z","caller":"ipamd/ipamd.go:813","msg":"Recently we had InsufficientCidr error hence will wait for 2m0s before retrying"}
{"level":"debug","ts":"2026-10-05T08:18:45.965Z","caller":"ipamd/ipamd.go:861","msg":"Node found \"ip-10-20-0-45.ec2.internal\" - no of taints - 0"}
{"level":"debug","ts":"2026-10-05T08:18:45.966Z","caller":"datastore/data_store.go:1148","msg":"ENI eni-EXAMPLE11 cannot be deleted because it is primary"}
{"level":"debug","ts":"2026-10-05T08:18:45.966Z","caller":"datastore/data_store.go:1148","msg":"ENI eni-EXAMPLE12 cannot be deleted because it has pods assigned"}
{"level":"debug","ts":"2026-10-05T08:18:48.466Z","caller":"ipamd/ipamd.go:798","msg":"Reconciling ENI/IP pool info because time since last 1m3.029261896s > 1m0s"}
{"level":"debug","ts":"2026-10-05T08:18:48.467Z","caller":"ipamd/ipamd.go:1621","msg":"Total number of interfaces found: 2 "}
{"level":"debug","ts":"2026-10-05T08:18:48.467Z","caller":"awsutils/awsutils.go:787","msg":"Found ENI MAC address: 0a:ff:df:e2:b2:eb"}
{"level":"debug","ts":"2026-10-05T08:18:48.471Z","caller":"awsutils/awsutils.go:787","msg":"Found ENI: eni-EXAMPLE12, MAC 0a:ff:df:e2:b2:eb, device 1"}
{"level":"debug","ts":"2026-10-05T08:18:48.475Z","caller":"awsutils/awsutils.go:787","msg":"Found IPv4 addresses associated with interface. This is not efa-only interface"}
{"level":"debug","ts":"2026-10-05T08:18:48.479Z","caller":"awsutils/awsutils.go:787","msg":"Found ENI MAC address: 0a:ff:fa:8c:c5:65"}
{"level":"debug","ts":"2026-10-05T08:18:48.484Z","caller":"awsutils/awsutils.go:787","msg":"Found ENI: eni-EXAMPLE11, MAC 0a:ff:fa:8c:c5:65, device 0"}
{"level":"debug","ts":"2026-10-05T08:18:48.486Z","caller":"awsutils/awsutils.go:787","msg":"Found IPv4 addresses associated with interface. This is not efa-only interface"}
{"level":"debug","ts":"2026-10-05T08:18:48.493Z","caller":"ipamd/ipamd.go:798","msg":"Reconcile existing ENI eni-EXAMPLE12 IP pool"}
{"level":"info","ts":"2026-10-05T08:18:48.493Z","caller":"ipamd/ipamd.go:1766","msg":"Reconcile and skip primary IP 10.20.0.62 on ENI eni-EXAMPLE12"}
{"level":"info","ts":"2026-10-05T08:18:48.493Z","caller":"ipamd/ipamd.go:1766","msg":"Trying to add 10.20.0.47"}
{"level":"info","ts":"2026-10-05T08:18:48.493Z","caller":"ipamd/ipamd.go:1890","msg":"Adding 10.20.0.47/32 to DS for eni-EXAMPLE12"}
{"level":"info","ts":"2026-10-05T08:18:48.493Z","caller":"ipamd/ipamd.go:1890","msg":"IP already in DS"}
{"level":"info","ts":"2026-10-05T08:18:48.493Z","caller":"ipamd/ipamd.go:1766","msg":"Trying to add 10.20.0.59"}
{"level":"info","ts":"2026-10-05T08:18:48.493Z","caller":"ipamd/ipamd.go:1890","msg":"Adding 10.20.0.59/32 to DS for eni-EXAMPLE12"}
{"level":"info","ts":"2026-10-05T08:18:48.493Z","caller":"ipamd/ipamd.go:1890","msg":"IP already in DS"}
{"level":"info","ts":"2026-10-05T08:18:48.493Z","caller":"ipamd/ipamd.go:1766","msg":"Trying to add 10.20.0.38"}
{"level":"info","ts":"2026-10-05T08:18:48.493Z","caller":"ipamd/ipamd.go:1890","msg":"Adding 10.20.0.38/32 to DS for eni-EXAMPLE12"}
{"level":"info","ts":"2026-10-05T08:18:48.493Z","caller":"ipamd/ipamd.go:1890","msg":"IP already in DS"}
{"level":"info","ts":"2026-10-05T08:18:48.493Z","caller":"ipamd/ipamd.go:1766","msg":"Trying to add 10.20.0.39"}
{"level":"info","ts":"2026-10-05T08:18:48.493Z","caller":"ipamd/ipamd.go:1890","msg":"Adding 10.20.0.39/32 to DS for eni-EXAMPLE12"}
{"level":"info","ts":"2026-10-05T08:18:48.493Z","caller":"ipamd/ipamd.go:1890","msg":"IP already in DS"}
{"level":"info","ts":"2026-10-05T08:18:48.493Z","caller":"ipamd/ipamd.go:1766","msg":"Trying to add 10.20.0.51"}
{"level":"info","ts":"2026-10-05T08:18:48.493Z","caller":"ipamd/ipamd.go:1890","msg":"Adding 10.20.0.51/32 to DS for eni-EXAMPLE12"}
{"level":"info","ts":"2026-10-05T08:18:48.493Z","caller":"ipamd/ipamd.go:1890","msg":"IP already in DS"}
{"level":"debug","ts":"2026-10-05T08:18:48.493Z","caller":"ipamd/ipamd.go:798","msg":"Reconcile existing ENI eni-EXAMPLE12 IP prefixes"}
{"level":"debug","ts":"2026-10-05T08:18:48.493Z","caller":"ipamd/ipamd.go:1693","msg":"Found prefix pool count 0 for eni eni-EXAMPLE12\n"}
{"level":"debug","ts":"2026-10-05T08:18:48.493Z","caller":"ipamd/ipamd.go:798","msg":"Reconcile existing ENI eni-EXAMPLE11 IP pool"}
{"level":"info","ts":"2026-10-05T08:18:48.493Z","caller":"ipamd/ipamd.go:1766","msg":"Reconcile and skip primary IP 10.20.0.45 on ENI eni-EXAMPLE11"}
{"level":"info","ts":"2026-10-05T08:18:48.493Z","caller":"ipamd/ipamd.go:1766","msg":"Trying to add 10.20.0.53"}
{"level":"info","ts":"2026-10-05T08:18:48.493Z","caller":"ipamd/ipamd.go:1890","msg":"Adding 10.20.0.53/32 to DS for eni-EXAMPLE11"}
{"level":"info","ts":"2026-10-05T08:18:48.493Z","caller":"ipamd/ipamd.go:1890","msg":"IP already in DS"}
{"level":"info","ts":"2026-10-05T08:18:48.493Z","caller":"ipamd/ipamd.go:1766","msg":"Trying to add 10.20.0.48"}
{"level":"info","ts":"2026-10-05T08:18:48.493Z","caller":"ipamd/ipamd.go:1890","msg":"Adding 10.20.0.48/32 to DS for eni-EXAMPLE11"}
{"level":"info","ts":"2026-10-05T08:18:48.493Z","caller":"ipamd/ipamd.go:1890","msg":"IP already in DS"}
{"level":"info","ts":"2026-10-05T08:18:48.493Z","caller":"ipamd/ipamd.go:1766","msg":"Trying to add 10.20.0.46"}
{"level":"info","ts":"2026-10-05T08:18:48.493Z","caller":"ipamd/ipamd.go:1890","msg":"Adding 10.20.0.46/32 to DS for eni-EXAMPLE11"}
{"level":"info","ts":"2026-10-05T08:18:48.493Z","caller":"ipamd/ipamd.go:1890","msg":"IP already in DS"}
{"level":"info","ts":"2026-10-05T08:18:48.493Z","caller":"ipamd/ipamd.go:1766","msg":"Trying to add 10.20.0.58"}
{"level":"info","ts":"2026-10-05T08:18:48.493Z","caller":"ipamd/ipamd.go:1890","msg":"Adding 10.20.0.58/32 to DS for eni-EXAMPLE11"}
{"level":"info","ts":"2026-10-05T08:18:48.493Z","caller":"ipamd/ipamd.go:1890","msg":"IP already in DS"}
{"level":"info","ts":"2026-10-05T08:18:48.493Z","caller":"ipamd/ipamd.go:1766","msg":"Trying to add 10.20.0.43"}
{"level":"info","ts":"2026-10-05T08:18:48.493Z","caller":"ipamd/ipamd.go:1890","msg":"Adding 10.20.0.43/32 to DS for eni-EXAMPLE11"}
{"level":"info","ts":"2026-10-05T08:18:48.493Z","caller":"ipamd/ipamd.go:1890","msg":"IP already in DS"}
{"level":"debug","ts":"2026-10-05T08:18:48.493Z","caller":"ipamd/ipamd.go:798","msg":"Reconcile existing ENI eni-EXAMPLE11 IP prefixes"}
{"level":"debug","ts":"2026-10-05T08:18:48.493Z","caller":"ipamd/ipamd.go:1693","msg":"Found prefix pool count 0 for eni eni-EXAMPLE11\n"}
{"level":"debug","ts":"2026-10-05T08:18:48.493Z","caller":"ipamd/ipamd.go:798","msg":"Successfully Reconciled ENI/IP pool"}
{"level":"debug","ts":"2026-10-05T08:18:48.493Z","caller":"ipamd/ipamd.go:1738","msg":"IP pool stats for network card 0: Total IPs/Prefixes = 10/0, AssignedIPs/CooldownIPs: 9/0, c.maxIPsPerENI = 5"}
{"level":"debug","ts":"2026-10-05T08:18:48.493Z","caller":"ipamd/ipamd.go:798","msg":"Primary IP for ENI eni-EXAMPLE11 is 10.20.0.45"}
{"level":"debug","ts":"2026-10-05T08:18:48.493Z","caller":"ipamd/ipamd.go:798","msg":"Primary IP for ENI eni-EXAMPLE12 is 10.20.0.62"}
{"level":"info","ts":"2026-10-05T08:18:49.947Z","caller":"rpc/rpc_grpc.pb.go:117","msg":"Received AddNetwork for NS /var/run/netns/cni-5019fc82-7930-3d6a-3710-62052a62b484, Sandbox 4f6a5ed0d0705f90c36041fdcb9dd0db6f0522dff1ae7e8b2cd47c89d1a7a6bf, ifname eth0"}
{"level":"debug","ts":"2026-10-05T08:18:49.947Z","caller":"rpc/rpc_grpc.pb.go:117","msg":"AddNetworkRequest: K8S_POD_NAME:\"pause-68d5b89fc-6nx92\"  K8S_POD_NAMESPACE:\"default\"  K8S_POD_INFRA_CONTAINER_ID:\"4f6a5ed0d0705f90c36041fdcb9dd0db6f0522dff1ae7e8b2cd47c89d1a7a6bf\"  ContainerID:\"4f6a5ed0d0705f90c36041fdcb9dd0db6f0522dff1ae7e8b2cd47c89d1a7a6bf\"  IfName:\"eth0\"  NetworkName:\"aws-cni\"  Netns:\"/var/run/netns/cni-5019fc82-7930-3d6a-3710-62052a62b484\""}
{"level":"info","ts":"2026-10-05T08:18:49.947Z","caller":"rpc/rpc_grpc.pb.go:117","msg":"Required MultiNIC access false, interfaces required 1"}
{"level":"debug","ts":"2026-10-05T08:18:49.947Z","caller":"datastore/data_store.go:713","msg":"AssignPodIPv4Address: IP address pool stats: total 10, assigned 9"}
{"level":"debug","ts":"2026-10-05T08:18:49.947Z","caller":"datastore/data_store.go:806","msg":"Get free IP from prefix failed no free IP available in the prefix - 10.20.0.53/32"}
{"level":"debug","ts":"2026-10-05T08:18:49.947Z","caller":"datastore/data_store.go:713","msg":"Unable to get IP address from CIDR: no free IP available in the prefix - 10.20.0.53/32"}
{"level":"debug","ts":"2026-10-05T08:18:49.947Z","caller":"datastore/data_store.go:806","msg":"Get free IP from prefix failed no free IP available in the prefix - 10.20.0.48/32"}
{"level":"debug","ts":"2026-10-05T08:18:49.947Z","caller":"datastore/data_store.go:713","msg":"Unable to get IP address from CIDR: no free IP available in the prefix - 10.20.0.48/32"}
{"level":"debug","ts":"2026-10-05T08:18:49.947Z","caller":"datastore/data_store.go:806","msg":"Get free IP from prefix failed no free IP available in the prefix - 10.20.0.46/32"}
{"level":"debug","ts":"2026-10-05T08:18:49.947Z","caller":"datastore/data_store.go:713","msg":"Unable to get IP address from CIDR: no free IP available in the prefix - 10.20.0.46/32"}
{"level":"debug","ts":"2026-10-05T08:18:49.947Z","caller":"datastore/data_store.go:806","msg":"Get free IP from prefix failed no free IP available in the prefix - 10.20.0.58/32"}
{"level":"debug","ts":"2026-10-05T08:18:49.947Z","caller":"datastore/data_store.go:713","msg":"Unable to get IP address from CIDR: no free IP available in the prefix - 10.20.0.58/32"}
{"level":"debug","ts":"2026-10-05T08:18:49.947Z","caller":"datastore/data_store.go:806","msg":"Get free IP from prefix failed no free IP available in the prefix - 10.20.0.43/32"}
{"level":"debug","ts":"2026-10-05T08:18:49.947Z","caller":"datastore/data_store.go:713","msg":"Unable to get IP address from CIDR: no free IP available in the prefix - 10.20.0.43/32"}
{"level":"debug","ts":"2026-10-05T08:18:49.947Z","caller":"datastore/data_store.go:713","msg":"AssignPodIPv4Address: ENI eni-EXAMPLE11 does not have available addresses"}
{"level":"debug","ts":"2026-10-05T08:18:49.947Z","caller":"datastore/data_store.go:806","msg":"Get free IP from prefix failed no free IP available in the prefix - 10.20.0.47/32"}
{"level":"debug","ts":"2026-10-05T08:18:49.947Z","caller":"datastore/data_store.go:713","msg":"Unable to get IP address from CIDR: no free IP available in the prefix - 10.20.0.47/32"}
{"level":"debug","ts":"2026-10-05T08:18:49.947Z","caller":"datastore/data_store.go:806","msg":"Get free IP from prefix failed no free IP available in the prefix - 10.20.0.59/32"}
{"level":"debug","ts":"2026-10-05T08:18:49.947Z","caller":"datastore/data_store.go:713","msg":"Unable to get IP address from CIDR: no free IP available in the prefix - 10.20.0.59/32"}
{"level":"debug","ts":"2026-10-05T08:18:49.947Z","caller":"datastore/data_store.go:806","msg":"Get free IP from prefix failed no free IP available in the prefix - 10.20.0.38/32"}
{"level":"debug","ts":"2026-10-05T08:18:49.947Z","caller":"datastore/data_store.go:713","msg":"Unable to get IP address from CIDR: no free IP available in the prefix - 10.20.0.38/32"}
{"level":"debug","ts":"2026-10-05T08:18:49.947Z","caller":"datastore/data_store.go:806","msg":"Get free IP from prefix failed no free IP available in the prefix - 10.20.0.39/32"}
{"level":"debug","ts":"2026-10-05T08:18:49.947Z","caller":"datastore/data_store.go:713","msg":"Unable to get IP address from CIDR: no free IP available in the prefix - 10.20.0.39/32"}
{"level":"debug","ts":"2026-10-05T08:18:49.947Z","caller":"datastore/data_store.go:1469","msg":"Found a free IP not in DB - 10.20.0.51"}
{"level":"debug","ts":"2026-10-05T08:18:49.947Z","caller":"datastore/data_store.go:806","msg":"Returning Free IP 10.20.0.51"}
{"level":"debug","ts":"2026-10-05T08:18:49.947Z","caller":"datastore/data_store.go:713","msg":"New IP from CIDR pool- 10.20.0.51"}
{"level":"debug","ts":"2026-10-05T08:18:49.947Z","caller":"datastore/data_store.go:713","msg":"Allocating new IP 10.20.0.51 from CIDR 10.20.0.51/32 for pod"}
{"level":"info","ts":"2026-10-05T08:18:49.947Z","caller":"datastore/data_store.go:838","msg":"assignPodIPAddressUnsafe: Assign IP 10.20.0.51 to sandbox aws-cni/4f6a5ed0d0705f90c36041fdcb9dd0db6f0522dff1ae7e8b2cd47c89d1a7a6bf/eth0 with metadata {K8SPodNamespace:default K8SPodName:pause-68d5b89fc-6nx92 InterfacesCount:1}"}
{"level":"info","ts":"2026-10-05T08:18:49.947Z","caller":"rpc/rpc_grpc.pb.go:117","msg":"Assigned IP from network card: 0 -> IPv4: 10.20.0.51, IPv6: , device number: 1, "}
{"level":"info","ts":"2026-10-05T08:18:49.947Z","caller":"rpc/rpc_grpc.pb.go:117","msg":"Address assigned from datastores:  1"}
{"level":"debug","ts":"2026-10-05T08:18:49.948Z","caller":"rpc/rpc_grpc.pb.go:117","msg":"VPC CIDR 10.20.0.0/24"}
{"level":"info","ts":"2026-10-05T08:18:49.948Z","caller":"rpc/rpc_grpc.pb.go:117","msg":"Send AddNetworkReply: Success: true IPAddr: [IPv4Addr:\"10.20.0.51\"  DeviceNumber:1  RouteTableId:2], resp: Success:true  IPAllocationMetadata:{IPv4Addr:\"10.20.0.51\"  DeviceNumber:1  RouteTableId:2}  VPCv4CIDRs:\"10.20.0.0/24\"  NetworkPolicyMode:\"standard\", err: <nil>"}
{"level":"debug","ts":"2026-10-05T08:18:50.994Z","caller":"ipamd/ipamd.go:795","msg":"IP stats for Network Card 0 - total IPs: 10, assigned IPs: 10, cooldown IPs: 0"}
{"level":"debug","ts":"2026-10-05T08:18:50.994Z","caller":"ipamd/ipamd.go:813","msg":"Starting to increase pool size for network card 0"}
{"level":"debug","ts":"2026-10-05T08:18:50.995Z","caller":"ipamd/ipamd.go:966","msg":"Node found \"ip-10-20-0-45.ec2.internal\" - no of taints - 0"}
{"level":"debug","ts":"2026-10-05T08:18:50.995Z","caller":"ipamd/ipamd.go:813","msg":"Recently we had InsufficientCidr error hence will wait for 2m0s before retrying"}
{"level":"debug","ts":"2026-10-05T08:18:50.995Z","caller":"ipamd/ipamd.go:861","msg":"Node found \"ip-10-20-0-45.ec2.internal\" - no of taints - 0"}
{"level":"debug","ts":"2026-10-05T08:18:50.995Z","caller":"datastore/data_store.go:1148","msg":"ENI eni-EXAMPLE11 cannot be deleted because it is primary"}
{"level":"debug","ts":"2026-10-05T08:18:50.995Z","caller":"datastore/data_store.go:1148","msg":"ENI eni-EXAMPLE12 cannot be deleted because it has pods assigned"}
{"level":"debug","ts":"2026-10-05T08:18:55.997Z","caller":"ipamd/ipamd.go:795","msg":"IP stats for Network Card 0 - total IPs: 10, assigned IPs: 10, cooldown IPs: 0"}
{"level":"debug","ts":"2026-10-05T08:18:55.997Z","caller":"ipamd/ipamd.go:813","msg":"Starting to increase pool size for network card 0"}
{"level":"debug","ts":"2026-10-05T08:18:55.997Z","caller":"ipamd/ipamd.go:966","msg":"Node found \"ip-10-20-0-45.ec2.internal\" - no of taints - 0"}
{"level":"debug","ts":"2026-10-05T08:18:55.997Z","caller":"ipamd/ipamd.go:813","msg":"Recently we had InsufficientCidr error hence will wait for 2m0s before retrying"}
{"level":"debug","ts":"2026-10-05T08:18:55.997Z","caller":"ipamd/ipamd.go:861","msg":"Node found \"ip-10-20-0-45.ec2.internal\" - no of taints - 0"}
{"level":"debug","ts":"2026-10-05T08:18:55.997Z","caller":"datastore/data_store.go:1148","msg":"ENI eni-EXAMPLE11 cannot be deleted because it is primary"}
{"level":"debug","ts":"2026-10-05T08:18:55.997Z","caller":"datastore/data_store.go:1148","msg":"ENI eni-EXAMPLE12 cannot be deleted because it has pods assigned"}
{"level":"debug","ts":"2026-10-05T08:19:00.999Z","caller":"ipamd/ipamd.go:795","msg":"IP stats for Network Card 0 - total IPs: 10, assigned IPs: 10, cooldown IPs: 0"}
{"level":"debug","ts":"2026-10-05T08:19:00.999Z","caller":"ipamd/ipamd.go:813","msg":"Starting to increase pool size for network card 0"}
{"level":"debug","ts":"2026-10-05T08:19:00.999Z","caller":"ipamd/ipamd.go:966","msg":"Node found \"ip-10-20-0-45.ec2.internal\" - no of taints - 0"}
{"level":"debug","ts":"2026-10-05T08:19:01.000Z","caller":"ipamd/ipamd.go:813","msg":"Recently we had InsufficientCidr error hence will wait for 2m0s before retrying"}
{"level":"debug","ts":"2026-10-05T08:19:01.000Z","caller":"ipamd/ipamd.go:861","msg":"Node found \"ip-10-20-0-45.ec2.internal\" - no of taints - 0"}
{"level":"debug","ts":"2026-10-05T08:19:01.000Z","caller":"datastore/data_store.go:1148","msg":"ENI eni-EXAMPLE11 cannot be deleted because it is primary"}
{"level":"debug","ts":"2026-10-05T08:19:01.000Z","caller":"datastore/data_store.go:1148","msg":"ENI eni-EXAMPLE12 cannot be deleted because it has pods assigned"}
{"level":"debug","ts":"2026-10-05T08:19:06.000Z","caller":"ipamd/ipamd.go:795","msg":"IP stats for Network Card 0 - total IPs: 10, assigned IPs: 10, cooldown IPs: 0"}
{"level":"debug","ts":"2026-10-05T08:19:06.000Z","caller":"ipamd/ipamd.go:813","msg":"Starting to increase pool size for network card 0"}
{"level":"debug","ts":"2026-10-05T08:19:06.000Z","caller":"ipamd/ipamd.go:966","msg":"Node found \"ip-10-20-0-45.ec2.internal\" - no of taints - 0"}
{"level":"debug","ts":"2026-10-05T08:19:06.000Z","caller":"ipamd/ipamd.go:813","msg":"Recently we had InsufficientCidr error hence will wait for 2m0s before retrying"}
{"level":"debug","ts":"2026-10-05T08:19:06.000Z","caller":"ipamd/ipamd.go:861","msg":"Node found \"ip-10-20-0-45.ec2.internal\" - no of taints - 0"}
{"level":"debug","ts":"2026-10-05T08:19:06.000Z","caller":"datastore/data_store.go:1148","msg":"ENI eni-EXAMPLE11 cannot be deleted because it is primary"}
{"level":"debug","ts":"2026-10-05T08:19:06.000Z","caller":"datastore/data_store.go:1148","msg":"ENI eni-EXAMPLE12 cannot be deleted because it has pods assigned"}
{"level":"debug","ts":"2026-10-05T08:19:11.002Z","caller":"ipamd/ipamd.go:795","msg":"IP stats for Network Card 0 - total IPs: 10, assigned IPs: 10, cooldown IPs: 0"}
{"level":"debug","ts":"2026-10-05T08:19:11.003Z","caller":"ipamd/ipamd.go:813","msg":"Starting to increase pool size for network card 0"}
{"level":"debug","ts":"2026-10-05T08:19:11.003Z","caller":"ipamd/ipamd.go:966","msg":"Node found \"ip-10-20-0-45.ec2.internal\" - no of taints - 0"}
{"level":"debug","ts":"2026-10-05T08:19:11.003Z","caller":"ipamd/ipamd.go:813","msg":"Recently we had InsufficientCidr error hence will wait for 2m0s before retrying"}
{"level":"debug","ts":"2026-10-05T08:19:11.003Z","caller":"ipamd/ipamd.go:861","msg":"Node found \"ip-10-20-0-45.ec2.internal\" - no of taints - 0"}
{"level":"debug","ts":"2026-10-05T08:19:11.003Z","caller":"datastore/data_store.go:1148","msg":"ENI eni-EXAMPLE11 cannot be deleted because it is primary"}
{"level":"debug","ts":"2026-10-05T08:19:11.003Z","caller":"datastore/data_store.go:1148","msg":"ENI eni-EXAMPLE12 cannot be deleted because it has pods assigned"}
{"level":"debug","ts":"2026-10-05T08:19:16.004Z","caller":"ipamd/ipamd.go:795","msg":"IP stats for Network Card 0 - total IPs: 10, assigned IPs: 10, cooldown IPs: 0"}
{"level":"debug","ts":"2026-10-05T08:19:16.004Z","caller":"ipamd/ipamd.go:813","msg":"Starting to increase pool size for network card 0"}
{"level":"debug","ts":"2026-10-05T08:19:16.004Z","caller":"ipamd/ipamd.go:966","msg":"Node found \"ip-10-20-0-45.ec2.internal\" - no of taints - 0"}
{"level":"debug","ts":"2026-10-05T08:19:16.004Z","caller":"ipamd/ipamd.go:813","msg":"Recently we had InsufficientCidr error hence will wait for 2m0s before retrying"}
{"level":"debug","ts":"2026-10-05T08:19:16.004Z","caller":"ipamd/ipamd.go:861","msg":"Node found \"ip-10-20-0-45.ec2.internal\" - no of taints - 0"}
{"level":"debug","ts":"2026-10-05T08:19:16.004Z","caller":"datastore/data_store.go:1148","msg":"ENI eni-EXAMPLE11 cannot be deleted because it is primary"}
{"level":"debug","ts":"2026-10-05T08:19:16.005Z","caller":"datastore/data_store.go:1148","msg":"ENI eni-EXAMPLE12 cannot be deleted because it has pods assigned"}
{"level":"debug","ts":"2026-10-05T08:19:21.006Z","caller":"ipamd/ipamd.go:795","msg":"IP stats for Network Card 0 - total IPs: 10, assigned IPs: 10, cooldown IPs: 0"}
{"level":"debug","ts":"2026-10-05T08:19:21.006Z","caller":"ipamd/ipamd.go:813","msg":"Starting to increase pool size for network card 0"}
{"level":"debug","ts":"2026-10-05T08:19:21.006Z","caller":"ipamd/ipamd.go:966","msg":"Node found \"ip-10-20-0-45.ec2.internal\" - no of taints - 0"}
{"level":"debug","ts":"2026-10-05T08:19:21.006Z","caller":"ipamd/ipamd.go:813","msg":"Recently we had InsufficientCidr error hence will wait for 2m0s before retrying"}
{"level":"debug","ts":"2026-10-05T08:19:21.006Z","caller":"ipamd/ipamd.go:861","msg":"Node found \"ip-10-20-0-45.ec2.internal\" - no of taints - 0"}
{"level":"debug","ts":"2026-10-05T08:19:21.006Z","caller":"datastore/data_store.go:1148","msg":"ENI eni-EXAMPLE11 cannot be deleted because it is primary"}
{"level":"debug","ts":"2026-10-05T08:19:21.006Z","caller":"datastore/data_store.go:1148","msg":"ENI eni-EXAMPLE12 cannot be deleted because it has pods assigned"}
{"level":"debug","ts":"2026-10-05T08:19:26.007Z","caller":"ipamd/ipamd.go:795","msg":"IP stats for Network Card 0 - total IPs: 10, assigned IPs: 10, cooldown IPs: 0"}
{"level":"debug","ts":"2026-10-05T08:19:26.007Z","caller":"ipamd/ipamd.go:813","msg":"Starting to increase pool size for network card 0"}
{"level":"debug","ts":"2026-10-05T08:19:26.007Z","caller":"ipamd/ipamd.go:966","msg":"Node found \"ip-10-20-0-45.ec2.internal\" - no of taints - 0"}
{"level":"debug","ts":"2026-10-05T08:19:26.007Z","caller":"ipamd/ipamd.go:813","msg":"Recently we had InsufficientCidr error hence will wait for 2m0s before retrying"}
{"level":"debug","ts":"2026-10-05T08:19:26.007Z","caller":"ipamd/ipamd.go:861","msg":"Node found \"ip-10-20-0-45.ec2.internal\" - no of taints - 0"}
{"level":"debug","ts":"2026-10-05T08:19:26.007Z","caller":"datastore/data_store.go:1148","msg":"ENI eni-EXAMPLE11 cannot be deleted because it is primary"}
{"level":"debug","ts":"2026-10-05T08:19:26.007Z","caller":"datastore/data_store.go:1148","msg":"ENI eni-EXAMPLE12 cannot be deleted because it has pods assigned"}
{"level":"debug","ts":"2026-10-05T08:19:31.008Z","caller":"ipamd/ipamd.go:795","msg":"IP stats for Network Card 0 - total IPs: 10, assigned IPs: 10, cooldown IPs: 0"}
{"level":"debug","ts":"2026-10-05T08:19:31.008Z","caller":"ipamd/ipamd.go:813","msg":"Starting to increase pool size for network card 0"}
{"level":"debug","ts":"2026-10-05T08:19:31.008Z","caller":"ipamd/ipamd.go:966","msg":"Node found \"ip-10-20-0-45.ec2.internal\" - no of taints - 0"}
{"level":"debug","ts":"2026-10-05T08:19:31.008Z","caller":"ipamd/ipamd.go:813","msg":"Recently we had InsufficientCidr error hence will wait for 2m0s before retrying"}
{"level":"debug","ts":"2026-10-05T08:19:31.008Z","caller":"ipamd/ipamd.go:861","msg":"Node found \"ip-10-20-0-45.ec2.internal\" - no of taints - 0"}
{"level":"debug","ts":"2026-10-05T08:19:31.008Z","caller":"datastore/data_store.go:1148","msg":"ENI eni-EXAMPLE11 cannot be deleted because it is primary"}
{"level":"debug","ts":"2026-10-05T08:19:31.008Z","caller":"datastore/data_store.go:1148","msg":"ENI eni-EXAMPLE12 cannot be deleted because it has pods assigned"}
{"level":"debug","ts":"2026-10-05T08:19:36.010Z","caller":"ipamd/ipamd.go:795","msg":"IP stats for Network Card 0 - total IPs: 10, assigned IPs: 10, cooldown IPs: 0"}
{"level":"debug","ts":"2026-10-05T08:19:36.010Z","caller":"ipamd/ipamd.go:813","msg":"Starting to increase pool size for network card 0"}
{"level":"debug","ts":"2026-10-05T08:19:36.010Z","caller":"ipamd/ipamd.go:966","msg":"Node found \"ip-10-20-0-45.ec2.internal\" - no of taints - 0"}
{"level":"debug","ts":"2026-10-05T08:19:36.010Z","caller":"ipamd/ipamd.go:813","msg":"Recently we had InsufficientCidr error hence will wait for 2m0s before retrying"}
{"level":"debug","ts":"2026-10-05T08:19:36.010Z","caller":"ipamd/ipamd.go:861","msg":"Node found \"ip-10-20-0-45.ec2.internal\" - no of taints - 0"}
{"level":"debug","ts":"2026-10-05T08:19:36.010Z","caller":"datastore/data_store.go:1148","msg":"ENI eni-EXAMPLE11 cannot be deleted because it is primary"}
{"level":"debug","ts":"2026-10-05T08:19:36.010Z","caller":"datastore/data_store.go:1148","msg":"ENI eni-EXAMPLE12 cannot be deleted because it has pods assigned"}
{"level":"debug","ts":"2026-10-05T08:19:41.011Z","caller":"ipamd/ipamd.go:795","msg":"IP stats for Network Card 0 - total IPs: 10, assigned IPs: 10, cooldown IPs: 0"}
{"level":"debug","ts":"2026-10-05T08:19:41.011Z","caller":"ipamd/ipamd.go:813","msg":"Starting to increase pool size for network card 0"}
{"level":"debug","ts":"2026-10-05T08:19:41.011Z","caller":"ipamd/ipamd.go:966","msg":"Node found \"ip-10-20-0-45.ec2.internal\" - no of taints - 0"}
{"level":"debug","ts":"2026-10-05T08:19:41.011Z","caller":"ipamd/ipamd.go:813","msg":"Recently we had InsufficientCidr error hence will wait for 2m0s before retrying"}
{"level":"debug","ts":"2026-10-05T08:19:41.011Z","caller":"ipamd/ipamd.go:861","msg":"Node found \"ip-10-20-0-45.ec2.internal\" - no of taints - 0"}
{"level":"debug","ts":"2026-10-05T08:19:41.011Z","caller":"datastore/data_store.go:1148","msg":"ENI eni-EXAMPLE11 cannot be deleted because it is primary"}
{"level":"debug","ts":"2026-10-05T08:19:41.011Z","caller":"datastore/data_store.go:1148","msg":"ENI eni-EXAMPLE12 cannot be deleted because it has pods assigned"}
{"level":"debug","ts":"2026-10-05T08:19:46.012Z","caller":"ipamd/ipamd.go:795","msg":"IP stats for Network Card 0 - total IPs: 10, assigned IPs: 10, cooldown IPs: 0"}
{"level":"debug","ts":"2026-10-05T08:19:46.012Z","caller":"ipamd/ipamd.go:813","msg":"Starting to increase pool size for network card 0"}
{"level":"debug","ts":"2026-10-05T08:19:46.012Z","caller":"ipamd/ipamd.go:966","msg":"Node found \"ip-10-20-0-45.ec2.internal\" - no of taints - 0"}
{"level":"debug","ts":"2026-10-05T08:19:46.013Z","caller":"ipamd/ipamd.go:813","msg":"Recently we had InsufficientCidr error hence will wait for 2m0s before retrying"}
{"level":"debug","ts":"2026-10-05T08:19:46.013Z","caller":"ipamd/ipamd.go:861","msg":"Node found \"ip-10-20-0-45.ec2.internal\" - no of taints - 0"}
{"level":"debug","ts":"2026-10-05T08:19:46.013Z","caller":"datastore/data_store.go:1148","msg":"ENI eni-EXAMPLE11 cannot be deleted because it is primary"}
{"level":"debug","ts":"2026-10-05T08:19:46.013Z","caller":"datastore/data_store.go:1148","msg":"ENI eni-EXAMPLE12 cannot be deleted because it has pods assigned"}
{"level":"debug","ts":"2026-10-05T08:19:48.513Z","caller":"ipamd/ipamd.go:798","msg":"Reconciling ENI/IP pool info because time since last 1m0.019855294s > 1m0s"}
{"level":"debug","ts":"2026-10-05T08:19:48.515Z","caller":"ipamd/ipamd.go:1621","msg":"Total number of interfaces found: 2 "}
{"level":"debug","ts":"2026-10-05T08:19:48.515Z","caller":"awsutils/awsutils.go:787","msg":"Found ENI MAC address: 0a:ff:df:e2:b2:eb"}
{"level":"debug","ts":"2026-10-05T08:19:48.523Z","caller":"awsutils/awsutils.go:787","msg":"Found ENI: eni-EXAMPLE12, MAC 0a:ff:df:e2:b2:eb, device 1"}
{"level":"debug","ts":"2026-10-05T08:19:48.529Z","caller":"awsutils/awsutils.go:787","msg":"Found IPv4 addresses associated with interface. This is not efa-only interface"}
{"level":"debug","ts":"2026-10-05T08:19:48.535Z","caller":"awsutils/awsutils.go:787","msg":"Found ENI MAC address: 0a:ff:fa:8c:c5:65"}
{"level":"debug","ts":"2026-10-05T08:19:48.544Z","caller":"awsutils/awsutils.go:787","msg":"Found ENI: eni-EXAMPLE11, MAC 0a:ff:fa:8c:c5:65, device 0"}
{"level":"debug","ts":"2026-10-05T08:19:48.550Z","caller":"awsutils/awsutils.go:787","msg":"Found IPv4 addresses associated with interface. This is not efa-only interface"}
{"level":"debug","ts":"2026-10-05T08:19:48.565Z","caller":"ipamd/ipamd.go:798","msg":"Reconcile existing ENI eni-EXAMPLE12 IP pool"}
{"level":"info","ts":"2026-10-05T08:19:48.565Z","caller":"ipamd/ipamd.go:1766","msg":"Reconcile and skip primary IP 10.20.0.62 on ENI eni-EXAMPLE12"}
{"level":"info","ts":"2026-10-05T08:19:48.565Z","caller":"ipamd/ipamd.go:1766","msg":"Trying to add 10.20.0.47"}
{"level":"info","ts":"2026-10-05T08:19:48.565Z","caller":"ipamd/ipamd.go:1890","msg":"Adding 10.20.0.47/32 to DS for eni-EXAMPLE12"}
{"level":"info","ts":"2026-10-05T08:19:48.565Z","caller":"ipamd/ipamd.go:1890","msg":"IP already in DS"}
{"level":"info","ts":"2026-10-05T08:19:48.565Z","caller":"ipamd/ipamd.go:1766","msg":"Trying to add 10.20.0.59"}
{"level":"info","ts":"2026-10-05T08:19:48.565Z","caller":"ipamd/ipamd.go:1890","msg":"Adding 10.20.0.59/32 to DS for eni-EXAMPLE12"}
{"level":"info","ts":"2026-10-05T08:19:48.565Z","caller":"ipamd/ipamd.go:1890","msg":"IP already in DS"}
{"level":"info","ts":"2026-10-05T08:19:48.565Z","caller":"ipamd/ipamd.go:1766","msg":"Trying to add 10.20.0.38"}
{"level":"info","ts":"2026-10-05T08:19:48.565Z","caller":"ipamd/ipamd.go:1890","msg":"Adding 10.20.0.38/32 to DS for eni-EXAMPLE12"}
{"level":"info","ts":"2026-10-05T08:19:48.565Z","caller":"ipamd/ipamd.go:1890","msg":"IP already in DS"}
{"level":"info","ts":"2026-10-05T08:19:48.565Z","caller":"ipamd/ipamd.go:1766","msg":"Trying to add 10.20.0.39"}
{"level":"info","ts":"2026-10-05T08:19:48.565Z","caller":"ipamd/ipamd.go:1890","msg":"Adding 10.20.0.39/32 to DS for eni-EXAMPLE12"}
{"level":"info","ts":"2026-10-05T08:19:48.565Z","caller":"ipamd/ipamd.go:1890","msg":"IP already in DS"}
{"level":"info","ts":"2026-10-05T08:19:48.565Z","caller":"ipamd/ipamd.go:1766","msg":"Trying to add 10.20.0.51"}
{"level":"info","ts":"2026-10-05T08:19:48.565Z","caller":"ipamd/ipamd.go:1890","msg":"Adding 10.20.0.51/32 to DS for eni-EXAMPLE12"}
{"level":"info","ts":"2026-10-05T08:19:48.565Z","caller":"ipamd/ipamd.go:1890","msg":"IP already in DS"}
{"level":"debug","ts":"2026-10-05T08:19:48.565Z","caller":"ipamd/ipamd.go:798","msg":"Reconcile existing ENI eni-EXAMPLE12 IP prefixes"}
{"level":"debug","ts":"2026-10-05T08:19:48.565Z","caller":"ipamd/ipamd.go:1693","msg":"Found prefix pool count 0 for eni eni-EXAMPLE12\n"}
{"level":"debug","ts":"2026-10-05T08:19:48.565Z","caller":"ipamd/ipamd.go:798","msg":"Reconcile existing ENI eni-EXAMPLE11 IP pool"}
{"level":"info","ts":"2026-10-05T08:19:48.565Z","caller":"ipamd/ipamd.go:1766","msg":"Reconcile and skip primary IP 10.20.0.45 on ENI eni-EXAMPLE11"}
{"level":"info","ts":"2026-10-05T08:19:48.565Z","caller":"ipamd/ipamd.go:1766","msg":"Trying to add 10.20.0.53"}
{"level":"info","ts":"2026-10-05T08:19:48.565Z","caller":"ipamd/ipamd.go:1890","msg":"Adding 10.20.0.53/32 to DS for eni-EXAMPLE11"}
{"level":"info","ts":"2026-10-05T08:19:48.565Z","caller":"ipamd/ipamd.go:1890","msg":"IP already in DS"}
{"level":"info","ts":"2026-10-05T08:19:48.565Z","caller":"ipamd/ipamd.go:1766","msg":"Trying to add 10.20.0.48"}
{"level":"info","ts":"2026-10-05T08:19:48.565Z","caller":"ipamd/ipamd.go:1890","msg":"Adding 10.20.0.48/32 to DS for eni-EXAMPLE11"}
{"level":"info","ts":"2026-10-05T08:19:48.565Z","caller":"ipamd/ipamd.go:1890","msg":"IP already in DS"}
{"level":"info","ts":"2026-10-05T08:19:48.565Z","caller":"ipamd/ipamd.go:1766","msg":"Trying to add 10.20.0.46"}
{"level":"info","ts":"2026-10-05T08:19:48.565Z","caller":"ipamd/ipamd.go:1890","msg":"Adding 10.20.0.46/32 to DS for eni-EXAMPLE11"}
{"level":"info","ts":"2026-10-05T08:19:48.565Z","caller":"ipamd/ipamd.go:1890","msg":"IP already in DS"}
{"level":"info","ts":"2026-10-05T08:19:48.565Z","caller":"ipamd/ipamd.go:1766","msg":"Trying to add 10.20.0.58"}
{"level":"info","ts":"2026-10-05T08:19:48.565Z","caller":"ipamd/ipamd.go:1890","msg":"Adding 10.20.0.58/32 to DS for eni-EXAMPLE11"}
{"level":"info","ts":"2026-10-05T08:19:48.565Z","caller":"ipamd/ipamd.go:1890","msg":"IP already in DS"}
{"level":"info","ts":"2026-10-05T08:19:48.565Z","caller":"ipamd/ipamd.go:1766","msg":"Trying to add 10.20.0.43"}
{"level":"info","ts":"2026-10-05T08:19:48.565Z","caller":"ipamd/ipamd.go:1890","msg":"Adding 10.20.0.43/32 to DS for eni-EXAMPLE11"}
{"level":"info","ts":"2026-10-05T08:19:48.565Z","caller":"ipamd/ipamd.go:1890","msg":"IP already in DS"}
{"level":"debug","ts":"2026-10-05T08:19:48.565Z","caller":"ipamd/ipamd.go:798","msg":"Reconcile existing ENI eni-EXAMPLE11 IP prefixes"}
{"level":"debug","ts":"2026-10-05T08:19:48.565Z","caller":"ipamd/ipamd.go:1693","msg":"Found prefix pool count 0 for eni eni-EXAMPLE11\n"}
{"level":"debug","ts":"2026-10-05T08:19:48.565Z","caller":"ipamd/ipamd.go:798","msg":"Successfully Reconciled ENI/IP pool"}
{"level":"debug","ts":"2026-10-05T08:19:48.565Z","caller":"ipamd/ipamd.go:1738","msg":"IP pool stats for network card 0: Total IPs/Prefixes = 10/0, AssignedIPs/CooldownIPs: 10/0, c.maxIPsPerENI = 5"}
{"level":"debug","ts":"2026-10-05T08:19:48.565Z","caller":"ipamd/ipamd.go:798","msg":"Primary IP for ENI eni-EXAMPLE11 is 10.20.0.45"}
{"level":"debug","ts":"2026-10-05T08:19:48.565Z","caller":"ipamd/ipamd.go:798","msg":"Primary IP for ENI eni-EXAMPLE12 is 10.20.0.62"}
{"level":"debug","ts":"2026-10-05T08:19:51.067Z","caller":"ipamd/ipamd.go:795","msg":"IP stats for Network Card 0 - total IPs: 10, assigned IPs: 10, cooldown IPs: 0"}
{"level":"debug","ts":"2026-10-05T08:19:51.067Z","caller":"ipamd/ipamd.go:813","msg":"Starting to increase pool size for network card 0"}
{"level":"debug","ts":"2026-10-05T08:19:51.067Z","caller":"ipamd/ipamd.go:966","msg":"Node found \"ip-10-20-0-45.ec2.internal\" - no of taints - 0"}
{"level":"debug","ts":"2026-10-05T08:19:51.067Z","caller":"ipamd/ipamd.go:1003","msg":"hasRoomForEni: networkCard=0, currentENIs=2, currentUsableENIs=2, maxENI=3, unmanagedENI=0, trunkEni=0, excludedENI=0, hasRoom=true"}
{"level":"info","ts":"2026-10-05T08:19:51.067Z","caller":"awsutils/awsutils.go:1044","msg":"Trying to allocate 2 IP addresses on new ENI"}
{"level":"debug","ts":"2026-10-05T08:19:51.067Z","caller":"awsutils/awsutils.go:1044","msg":"PD enabled - false"}
{"level":"debug","ts":"2026-10-05T08:19:51.333Z","caller":"awsutils/awsutils.go:1272","msg":"Subnet subnet-EXAMPLE2 has no kubernetes.io/role/cni tag, excluding it from ENI creation"}
{"level":"debug","ts":"2026-10-05T08:19:51.333Z","caller":"awsutils/awsutils.go:1272","msg":"Primary subnet subnet-EXAMPLE1 has no kubernetes.io/role/cni tag, including it for ENI creation (backwards compatibility)"}
{"level":"info","ts":"2026-10-05T08:19:51.333Z","caller":"awsutils/awsutils.go:1044","msg":"Creating ENI with security groups: [sg-EXAMPLE1] in subnet: subnet-EXAMPLE1"}
{"level":"debug","ts":"2026-10-05T08:19:51.558Z","caller":"awsutils/awsutils.go:1449","msg":"checkAPIErrorAndBroadcastEvent resulted in operation error EC2: CreateNetworkInterface, https response error StatusCode: 400, RequestID: e2b4056a-a8f0-47c4-bc83-50b89e6d8c40, api error InsufficientFreeAddressesInSubnet: The specified subnet does not have enough free addresses to satisfy the request."}
{"level":"error","ts":"2026-10-05T08:19:51.558Z","caller":"awsutils/awsutils.go:1285","msg":"Failed to CreateNetworkInterface operation error EC2: CreateNetworkInterface, https response error StatusCode: 400, RequestID: e2b4056a-a8f0-47c4-bc83-50b89e6d8c40, api error InsufficientFreeAddressesInSubnet: The specified subnet does not have enough free addresses to satisfy the request. for subnet subnet-EXAMPLE1"}
{"level":"error","ts":"2026-10-05T08:19:51.558Z","caller":"ipamd/ipamd.go:1004","msg":"Failed to increase pool size due to not able to allocate ENI AllocENI: failed to create ENI: failed to create network interface: operation error EC2: CreateNetworkInterface, https response error StatusCode: 400, RequestID: e2b4056a-a8f0-47c4-bc83-50b89e6d8c40, api error InsufficientFreeAddressesInSubnet: The specified subnet does not have enough free addresses to satisfy the request."}
{"level":"warn","ts":"2026-10-05T08:19:51.558Z","caller":"ipamd/ipamd.go:1004","msg":"Failed to allocate 2 IP addresses on an ENI: AllocENI: failed to create ENI: failed to create network interface: operation error EC2: CreateNetworkInterface, https response error StatusCode: 400, RequestID: e2b4056a-a8f0-47c4-bc83-50b89e6d8c40, api error InsufficientFreeAddressesInSubnet: The specified subnet does not have enough free addresses to satisfy the request."}
{"level":"debug","ts":"2026-10-05T08:19:51.558Z","caller":"ipamd/ipamd.go:1082","msg":"containsInsufficientCIDRsOrSubnetIPs encountered AllocENI: failed to create ENI: failed to create network interface: operation error EC2: CreateNetworkInterface, https response error StatusCode: 400, RequestID: e2b4056a-a8f0-47c4-bc83-50b89e6d8c40, api error InsufficientFreeAddressesInSubnet: The specified subnet does not have enough free addresses to satisfy the request."}
{"level":"debug","ts":"2026-10-05T08:19:51.558Z","caller":"ipamd/ipamd.go:1082","msg":"Insufficient IP Addresses due to: InsufficientFreeAddressesInSubnet\n"}
{"level":"error","ts":"2026-10-05T08:19:51.558Z","caller":"ipamd/ipamd.go:1004","msg":"Unable to attach IPs/Prefixes for the ENI, subnet doesn't seem to have enough IPs/Prefixes. Consider using new subnet or carve a reserved range using create-subnet-cidr-reservation"}
{"level":"debug","ts":"2026-10-05T08:19:51.558Z","caller":"ipamd/ipamd.go:813","msg":"Error trying to allocate ENI: AllocENI: failed to create ENI: failed to create network interface: operation error EC2: CreateNetworkInterface, https response error StatusCode: 400, RequestID: e2b4056a-a8f0-47c4-bc83-50b89e6d8c40, api error InsufficientFreeAddressesInSubnet: The specified subnet does not have enough free addresses to satisfy the request."}
{"level":"debug","ts":"2026-10-05T08:19:51.559Z","caller":"ipamd/ipamd.go:861","msg":"Node found \"ip-10-20-0-45.ec2.internal\" - no of taints - 0"}
{"level":"debug","ts":"2026-10-05T08:19:51.559Z","caller":"datastore/data_store.go:1148","msg":"ENI eni-EXAMPLE12 cannot be deleted because it has pods assigned"}
{"level":"debug","ts":"2026-10-05T08:19:51.559Z","caller":"datastore/data_store.go:1148","msg":"ENI eni-EXAMPLE11 cannot be deleted because it is primary"}
{"level":"debug","ts":"2026-10-05T08:19:56.560Z","caller":"ipamd/ipamd.go:795","msg":"IP stats for Network Card 0 - total IPs: 10, assigned IPs: 10, cooldown IPs: 0"}
{"level":"debug","ts":"2026-10-05T08:19:56.560Z","caller":"ipamd/ipamd.go:813","msg":"Starting to increase pool size for network card 0"}
{"level":"debug","ts":"2026-10-05T08:19:56.560Z","caller":"ipamd/ipamd.go:966","msg":"Node found \"ip-10-20-0-45.ec2.internal\" - no of taints - 0"}
{"level":"debug","ts":"2026-10-05T08:19:56.560Z","caller":"ipamd/ipamd.go:813","msg":"Recently we had InsufficientCidr error hence will wait for 2m0s before retrying"}
{"level":"debug","ts":"2026-10-05T08:19:56.560Z","caller":"ipamd/ipamd.go:861","msg":"Node found \"ip-10-20-0-45.ec2.internal\" - no of taints - 0"}
{"level":"debug","ts":"2026-10-05T08:19:56.560Z","caller":"datastore/data_store.go:1148","msg":"ENI eni-EXAMPLE11 cannot be deleted because it is primary"}
{"level":"debug","ts":"2026-10-05T08:19:56.560Z","caller":"datastore/data_store.go:1148","msg":"ENI eni-EXAMPLE12 cannot be deleted because it has pods assigned"}
{"level":"debug","ts":"2026-10-05T08:20:01.560Z","caller":"ipamd/ipamd.go:795","msg":"IP stats for Network Card 0 - total IPs: 10, assigned IPs: 10, cooldown IPs: 0"}
{"level":"debug","ts":"2026-10-05T08:20:01.560Z","caller":"ipamd/ipamd.go:813","msg":"Starting to increase pool size for network card 0"}
{"level":"debug","ts":"2026-10-05T08:20:01.561Z","caller":"ipamd/ipamd.go:966","msg":"Node found \"ip-10-20-0-45.ec2.internal\" - no of taints - 0"}
{"level":"debug","ts":"2026-10-05T08:20:01.561Z","caller":"ipamd/ipamd.go:813","msg":"Recently we had InsufficientCidr error hence will wait for 2m0s before retrying"}
{"level":"debug","ts":"2026-10-05T08:20:01.561Z","caller":"ipamd/ipamd.go:861","msg":"Node found \"ip-10-20-0-45.ec2.internal\" - no of taints - 0"}
{"level":"debug","ts":"2026-10-05T08:20:01.561Z","caller":"datastore/data_store.go:1148","msg":"ENI eni-EXAMPLE12 cannot be deleted because it has pods assigned"}
{"level":"debug","ts":"2026-10-05T08:20:01.561Z","caller":"datastore/data_store.go:1148","msg":"ENI eni-EXAMPLE11 cannot be deleted because it is primary"}
{"level":"debug","ts":"2026-10-05T08:20:06.562Z","caller":"ipamd/ipamd.go:795","msg":"IP stats for Network Card 0 - total IPs: 10, assigned IPs: 10, cooldown IPs: 0"}
{"level":"debug","ts":"2026-10-05T08:20:06.562Z","caller":"ipamd/ipamd.go:813","msg":"Starting to increase pool size for network card 0"}
{"level":"debug","ts":"2026-10-05T08:20:06.562Z","caller":"ipamd/ipamd.go:966","msg":"Node found \"ip-10-20-0-45.ec2.internal\" - no of taints - 0"}
{"level":"debug","ts":"2026-10-05T08:20:06.562Z","caller":"ipamd/ipamd.go:813","msg":"Recently we had InsufficientCidr error hence will wait for 2m0s before retrying"}
{"level":"debug","ts":"2026-10-05T08:20:06.562Z","caller":"ipamd/ipamd.go:861","msg":"Node found \"ip-10-20-0-45.ec2.internal\" - no of taints - 0"}
{"level":"debug","ts":"2026-10-05T08:20:06.562Z","caller":"datastore/data_store.go:1148","msg":"ENI eni-EXAMPLE11 cannot be deleted because it is primary"}
{"level":"debug","ts":"2026-10-05T08:20:06.562Z","caller":"datastore/data_store.go:1148","msg":"ENI eni-EXAMPLE12 cannot be deleted because it has pods assigned"}
{"level":"debug","ts":"2026-10-05T08:20:11.563Z","caller":"ipamd/ipamd.go:795","msg":"IP stats for Network Card 0 - total IPs: 10, assigned IPs: 10, cooldown IPs: 0"}
{"level":"debug","ts":"2026-10-05T08:20:11.563Z","caller":"ipamd/ipamd.go:813","msg":"Starting to increase pool size for network card 0"}
{"level":"debug","ts":"2026-10-05T08:20:11.563Z","caller":"ipamd/ipamd.go:966","msg":"Node found \"ip-10-20-0-45.ec2.internal\" - no of taints - 0"}
{"level":"debug","ts":"2026-10-05T08:20:11.563Z","caller":"ipamd/ipamd.go:813","msg":"Recently we had InsufficientCidr error hence will wait for 2m0s before retrying"}
{"level":"debug","ts":"2026-10-05T08:20:11.563Z","caller":"ipamd/ipamd.go:861","msg":"Node found \"ip-10-20-0-45.ec2.internal\" - no of taints - 0"}
{"level":"debug","ts":"2026-10-05T08:20:11.563Z","caller":"datastore/data_store.go:1148","msg":"ENI eni-EXAMPLE11 cannot be deleted because it is primary"}
{"level":"debug","ts":"2026-10-05T08:20:11.563Z","caller":"datastore/data_store.go:1148","msg":"ENI eni-EXAMPLE12 cannot be deleted because it has pods assigned"}
{"level":"debug","ts":"2026-10-05T08:20:16.563Z","caller":"ipamd/ipamd.go:795","msg":"IP stats for Network Card 0 - total IPs: 10, assigned IPs: 10, cooldown IPs: 0"}
{"level":"debug","ts":"2026-10-05T08:20:16.564Z","caller":"ipamd/ipamd.go:813","msg":"Starting to increase pool size for network card 0"}
{"level":"debug","ts":"2026-10-05T08:20:16.564Z","caller":"ipamd/ipamd.go:966","msg":"Node found \"ip-10-20-0-45.ec2.internal\" - no of taints - 0"}
{"level":"debug","ts":"2026-10-05T08:20:16.564Z","caller":"ipamd/ipamd.go:813","msg":"Recently we had InsufficientCidr error hence will wait for 2m0s before retrying"}
{"level":"debug","ts":"2026-10-05T08:20:16.564Z","caller":"ipamd/ipamd.go:861","msg":"Node found \"ip-10-20-0-45.ec2.internal\" - no of taints - 0"}
{"level":"debug","ts":"2026-10-05T08:20:16.564Z","caller":"datastore/data_store.go:1148","msg":"ENI eni-EXAMPLE11 cannot be deleted because it is primary"}
{"level":"debug","ts":"2026-10-05T08:20:16.564Z","caller":"datastore/data_store.go:1148","msg":"ENI eni-EXAMPLE12 cannot be deleted because it has pods assigned"}
{"level":"debug","ts":"2026-10-05T08:20:21.564Z","caller":"ipamd/ipamd.go:795","msg":"IP stats for Network Card 0 - total IPs: 10, assigned IPs: 10, cooldown IPs: 0"}
{"level":"debug","ts":"2026-10-05T08:20:21.564Z","caller":"ipamd/ipamd.go:813","msg":"Starting to increase pool size for network card 0"}
{"level":"debug","ts":"2026-10-05T08:20:21.564Z","caller":"ipamd/ipamd.go:966","msg":"Node found \"ip-10-20-0-45.ec2.internal\" - no of taints - 0"}
{"level":"debug","ts":"2026-10-05T08:20:21.564Z","caller":"ipamd/ipamd.go:813","msg":"Recently we had InsufficientCidr error hence will wait for 2m0s before retrying"}
{"level":"debug","ts":"2026-10-05T08:20:21.564Z","caller":"ipamd/ipamd.go:861","msg":"Node found \"ip-10-20-0-45.ec2.internal\" - no of taints - 0"}
{"level":"debug","ts":"2026-10-05T08:20:21.564Z","caller":"datastore/data_store.go:1148","msg":"ENI eni-EXAMPLE11 cannot be deleted because it is primary"}
{"level":"debug","ts":"2026-10-05T08:20:21.564Z","caller":"datastore/data_store.go:1148","msg":"ENI eni-EXAMPLE12 cannot be deleted because it has pods assigned"}
{"level":"debug","ts":"2026-10-05T08:20:26.565Z","caller":"ipamd/ipamd.go:795","msg":"IP stats for Network Card 0 - total IPs: 10, assigned IPs: 10, cooldown IPs: 0"}
{"level":"debug","ts":"2026-10-05T08:20:26.565Z","caller":"ipamd/ipamd.go:813","msg":"Starting to increase pool size for network card 0"}
{"level":"debug","ts":"2026-10-05T08:20:26.565Z","caller":"ipamd/ipamd.go:966","msg":"Node found \"ip-10-20-0-45.ec2.internal\" - no of taints - 0"}
{"level":"debug","ts":"2026-10-05T08:20:26.565Z","caller":"ipamd/ipamd.go:813","msg":"Recently we had InsufficientCidr error hence will wait for 2m0s before retrying"}
{"level":"debug","ts":"2026-10-05T08:20:26.565Z","caller":"ipamd/ipamd.go:861","msg":"Node found \"ip-10-20-0-45.ec2.internal\" - no of taints - 0"}
{"level":"debug","ts":"2026-10-05T08:20:26.565Z","caller":"datastore/data_store.go:1148","msg":"ENI eni-EXAMPLE11 cannot be deleted because it is primary"}
{"level":"debug","ts":"2026-10-05T08:20:26.565Z","caller":"datastore/data_store.go:1148","msg":"ENI eni-EXAMPLE12 cannot be deleted because it has pods assigned"}
{"level":"debug","ts":"2026-10-05T08:20:31.566Z","caller":"ipamd/ipamd.go:795","msg":"IP stats for Network Card 0 - total IPs: 10, assigned IPs: 10, cooldown IPs: 0"}
{"level":"debug","ts":"2026-10-05T08:20:31.566Z","caller":"ipamd/ipamd.go:813","msg":"Starting to increase pool size for network card 0"}
{"level":"debug","ts":"2026-10-05T08:20:31.566Z","caller":"ipamd/ipamd.go:966","msg":"Node found \"ip-10-20-0-45.ec2.internal\" - no of taints - 0"}
{"level":"debug","ts":"2026-10-05T08:20:31.566Z","caller":"ipamd/ipamd.go:813","msg":"Recently we had InsufficientCidr error hence will wait for 2m0s before retrying"}
{"level":"debug","ts":"2026-10-05T08:20:31.566Z","caller":"ipamd/ipamd.go:861","msg":"Node found \"ip-10-20-0-45.ec2.internal\" - no of taints - 0"}
{"level":"debug","ts":"2026-10-05T08:20:31.566Z","caller":"datastore/data_store.go:1148","msg":"ENI eni-EXAMPLE11 cannot be deleted because it is primary"}
{"level":"debug","ts":"2026-10-05T08:20:31.566Z","caller":"datastore/data_store.go:1148","msg":"ENI eni-EXAMPLE12 cannot be deleted because it has pods assigned"}
{"level":"debug","ts":"2026-10-05T08:20:36.568Z","caller":"ipamd/ipamd.go:795","msg":"IP stats for Network Card 0 - total IPs: 10, assigned IPs: 10, cooldown IPs: 0"}
{"level":"debug","ts":"2026-10-05T08:20:36.568Z","caller":"ipamd/ipamd.go:813","msg":"Starting to increase pool size for network card 0"}
{"level":"debug","ts":"2026-10-05T08:20:36.568Z","caller":"ipamd/ipamd.go:966","msg":"Node found \"ip-10-20-0-45.ec2.internal\" - no of taints - 0"}
{"level":"debug","ts":"2026-10-05T08:20:36.568Z","caller":"ipamd/ipamd.go:813","msg":"Recently we had InsufficientCidr error hence will wait for 2m0s before retrying"}
{"level":"debug","ts":"2026-10-05T08:20:36.568Z","caller":"ipamd/ipamd.go:861","msg":"Node found \"ip-10-20-0-45.ec2.internal\" - no of taints - 0"}
{"level":"debug","ts":"2026-10-05T08:20:36.569Z","caller":"datastore/data_store.go:1148","msg":"ENI eni-EXAMPLE11 cannot be deleted because it is primary"}
{"level":"debug","ts":"2026-10-05T08:20:36.569Z","caller":"datastore/data_store.go:1148","msg":"ENI eni-EXAMPLE12 cannot be deleted because it has pods assigned"}
{"level":"debug","ts":"2026-10-05T08:20:41.569Z","caller":"ipamd/ipamd.go:795","msg":"IP stats for Network Card 0 - total IPs: 10, assigned IPs: 10, cooldown IPs: 0"}
{"level":"debug","ts":"2026-10-05T08:20:41.570Z","caller":"ipamd/ipamd.go:813","msg":"Starting to increase pool size for network card 0"}
{"level":"debug","ts":"2026-10-05T08:20:41.570Z","caller":"ipamd/ipamd.go:966","msg":"Node found \"ip-10-20-0-45.ec2.internal\" - no of taints - 0"}
{"level":"debug","ts":"2026-10-05T08:20:41.570Z","caller":"ipamd/ipamd.go:813","msg":"Recently we had InsufficientCidr error hence will wait for 2m0s before retrying"}
{"level":"debug","ts":"2026-10-05T08:20:41.570Z","caller":"ipamd/ipamd.go:861","msg":"Node found \"ip-10-20-0-45.ec2.internal\" - no of taints - 0"}
{"level":"debug","ts":"2026-10-05T08:20:41.570Z","caller":"datastore/data_store.go:1148","msg":"ENI eni-EXAMPLE11 cannot be deleted because it is primary"}
{"level":"debug","ts":"2026-10-05T08:20:41.570Z","caller":"datastore/data_store.go:1148","msg":"ENI eni-EXAMPLE12 cannot be deleted because it has pods assigned"}
{"level":"debug","ts":"2026-10-05T08:20:46.571Z","caller":"ipamd/ipamd.go:795","msg":"IP stats for Network Card 0 - total IPs: 10, assigned IPs: 10, cooldown IPs: 0"}
{"level":"debug","ts":"2026-10-05T08:20:46.571Z","caller":"ipamd/ipamd.go:813","msg":"Starting to increase pool size for network card 0"}
{"level":"debug","ts":"2026-10-05T08:20:46.572Z","caller":"ipamd/ipamd.go:966","msg":"Node found \"ip-10-20-0-45.ec2.internal\" - no of taints - 0"}
{"level":"debug","ts":"2026-10-05T08:20:46.572Z","caller":"ipamd/ipamd.go:813","msg":"Recently we had InsufficientCidr error hence will wait for 2m0s before retrying"}
{"level":"debug","ts":"2026-10-05T08:20:46.572Z","caller":"ipamd/ipamd.go:861","msg":"Node found \"ip-10-20-0-45.ec2.internal\" - no of taints - 0"}
{"level":"debug","ts":"2026-10-05T08:20:46.572Z","caller":"datastore/data_store.go:1148","msg":"ENI eni-EXAMPLE11 cannot be deleted because it is primary"}
{"level":"debug","ts":"2026-10-05T08:20:46.572Z","caller":"datastore/data_store.go:1148","msg":"ENI eni-EXAMPLE12 cannot be deleted because it has pods assigned"}
{"level":"debug","ts":"2026-10-05T08:20:49.072Z","caller":"ipamd/ipamd.go:798","msg":"Reconciling ENI/IP pool info because time since last 1m0.506836194s > 1m0s"}
{"level":"debug","ts":"2026-10-05T08:20:49.074Z","caller":"ipamd/ipamd.go:1621","msg":"Total number of interfaces found: 2 "}
{"level":"debug","ts":"2026-10-05T08:20:49.074Z","caller":"awsutils/awsutils.go:787","msg":"Found ENI MAC address: 0a:ff:df:e2:b2:eb"}
{"level":"debug","ts":"2026-10-05T08:20:49.078Z","caller":"awsutils/awsutils.go:787","msg":"Found ENI: eni-EXAMPLE12, MAC 0a:ff:df:e2:b2:eb, device 1"}
{"level":"debug","ts":"2026-10-05T08:20:49.081Z","caller":"awsutils/awsutils.go:787","msg":"Found IPv4 addresses associated with interface. This is not efa-only interface"}
{"level":"debug","ts":"2026-10-05T08:20:49.087Z","caller":"awsutils/awsutils.go:787","msg":"Found ENI MAC address: 0a:ff:fa:8c:c5:65"}
{"level":"debug","ts":"2026-10-05T08:20:49.094Z","caller":"awsutils/awsutils.go:787","msg":"Found ENI: eni-EXAMPLE11, MAC 0a:ff:fa:8c:c5:65, device 0"}
{"level":"debug","ts":"2026-10-05T08:20:49.098Z","caller":"awsutils/awsutils.go:787","msg":"Found IPv4 addresses associated with interface. This is not efa-only interface"}
{"level":"debug","ts":"2026-10-05T08:20:49.106Z","caller":"ipamd/ipamd.go:798","msg":"Reconcile existing ENI eni-EXAMPLE12 IP pool"}
{"level":"info","ts":"2026-10-05T08:20:49.106Z","caller":"ipamd/ipamd.go:1766","msg":"Reconcile and skip primary IP 10.20.0.62 on ENI eni-EXAMPLE12"}
{"level":"info","ts":"2026-10-05T08:20:49.106Z","caller":"ipamd/ipamd.go:1766","msg":"Trying to add 10.20.0.47"}
{"level":"info","ts":"2026-10-05T08:20:49.106Z","caller":"ipamd/ipamd.go:1890","msg":"Adding 10.20.0.47/32 to DS for eni-EXAMPLE12"}
{"level":"info","ts":"2026-10-05T08:20:49.106Z","caller":"ipamd/ipamd.go:1890","msg":"IP already in DS"}
{"level":"info","ts":"2026-10-05T08:20:49.106Z","caller":"ipamd/ipamd.go:1766","msg":"Trying to add 10.20.0.59"}
{"level":"info","ts":"2026-10-05T08:20:49.106Z","caller":"ipamd/ipamd.go:1890","msg":"Adding 10.20.0.59/32 to DS for eni-EXAMPLE12"}
{"level":"info","ts":"2026-10-05T08:20:49.106Z","caller":"ipamd/ipamd.go:1890","msg":"IP already in DS"}
{"level":"info","ts":"2026-10-05T08:20:49.106Z","caller":"ipamd/ipamd.go:1766","msg":"Trying to add 10.20.0.38"}
{"level":"info","ts":"2026-10-05T08:20:49.106Z","caller":"ipamd/ipamd.go:1890","msg":"Adding 10.20.0.38/32 to DS for eni-EXAMPLE12"}
{"level":"info","ts":"2026-10-05T08:20:49.106Z","caller":"ipamd/ipamd.go:1890","msg":"IP already in DS"}
{"level":"info","ts":"2026-10-05T08:20:49.106Z","caller":"ipamd/ipamd.go:1766","msg":"Trying to add 10.20.0.39"}
{"level":"info","ts":"2026-10-05T08:20:49.106Z","caller":"ipamd/ipamd.go:1890","msg":"Adding 10.20.0.39/32 to DS for eni-EXAMPLE12"}
{"level":"info","ts":"2026-10-05T08:20:49.106Z","caller":"ipamd/ipamd.go:1890","msg":"IP already in DS"}
{"level":"info","ts":"2026-10-05T08:20:49.106Z","caller":"ipamd/ipamd.go:1766","msg":"Trying to add 10.20.0.51"}
{"level":"info","ts":"2026-10-05T08:20:49.106Z","caller":"ipamd/ipamd.go:1890","msg":"Adding 10.20.0.51/32 to DS for eni-EXAMPLE12"}
{"level":"info","ts":"2026-10-05T08:20:49.106Z","caller":"ipamd/ipamd.go:1890","msg":"IP already in DS"}
{"level":"debug","ts":"2026-10-05T08:20:49.106Z","caller":"ipamd/ipamd.go:798","msg":"Reconcile existing ENI eni-EXAMPLE12 IP prefixes"}
{"level":"debug","ts":"2026-10-05T08:20:49.106Z","caller":"ipamd/ipamd.go:1693","msg":"Found prefix pool count 0 for eni eni-EXAMPLE12\n"}
{"level":"debug","ts":"2026-10-05T08:20:49.106Z","caller":"ipamd/ipamd.go:798","msg":"Reconcile existing ENI eni-EXAMPLE11 IP pool"}
{"level":"info","ts":"2026-10-05T08:20:49.106Z","caller":"ipamd/ipamd.go:1766","msg":"Reconcile and skip primary IP 10.20.0.45 on ENI eni-EXAMPLE11"}
{"level":"info","ts":"2026-10-05T08:20:49.106Z","caller":"ipamd/ipamd.go:1766","msg":"Trying to add 10.20.0.53"}
{"level":"info","ts":"2026-10-05T08:20:49.106Z","caller":"ipamd/ipamd.go:1890","msg":"Adding 10.20.0.53/32 to DS for eni-EXAMPLE11"}
{"level":"info","ts":"2026-10-05T08:20:49.106Z","caller":"ipamd/ipamd.go:1890","msg":"IP already in DS"}
{"level":"info","ts":"2026-10-05T08:20:49.106Z","caller":"ipamd/ipamd.go:1766","msg":"Trying to add 10.20.0.48"}
{"level":"info","ts":"2026-10-05T08:20:49.106Z","caller":"ipamd/ipamd.go:1890","msg":"Adding 10.20.0.48/32 to DS for eni-EXAMPLE11"}
{"level":"info","ts":"2026-10-05T08:20:49.106Z","caller":"ipamd/ipamd.go:1890","msg":"IP already in DS"}
{"level":"info","ts":"2026-10-05T08:20:49.106Z","caller":"ipamd/ipamd.go:1766","msg":"Trying to add 10.20.0.46"}
{"level":"info","ts":"2026-10-05T08:20:49.106Z","caller":"ipamd/ipamd.go:1890","msg":"Adding 10.20.0.46/32 to DS for eni-EXAMPLE11"}
{"level":"info","ts":"2026-10-05T08:20:49.106Z","caller":"ipamd/ipamd.go:1890","msg":"IP already in DS"}
{"level":"info","ts":"2026-10-05T08:20:49.106Z","caller":"ipamd/ipamd.go:1766","msg":"Trying to add 10.20.0.58"}
{"level":"info","ts":"2026-10-05T08:20:49.106Z","caller":"ipamd/ipamd.go:1890","msg":"Adding 10.20.0.58/32 to DS for eni-EXAMPLE11"}
{"level":"info","ts":"2026-10-05T08:20:49.106Z","caller":"ipamd/ipamd.go:1890","msg":"IP already in DS"}
{"level":"info","ts":"2026-10-05T08:20:49.106Z","caller":"ipamd/ipamd.go:1766","msg":"Trying to add 10.20.0.43"}
{"level":"info","ts":"2026-10-05T08:20:49.106Z","caller":"ipamd/ipamd.go:1890","msg":"Adding 10.20.0.43/32 to DS for eni-EXAMPLE11"}
{"level":"info","ts":"2026-10-05T08:20:49.106Z","caller":"ipamd/ipamd.go:1890","msg":"IP already in DS"}
{"level":"debug","ts":"2026-10-05T08:20:49.106Z","caller":"ipamd/ipamd.go:798","msg":"Reconcile existing ENI eni-EXAMPLE11 IP prefixes"}
{"level":"debug","ts":"2026-10-05T08:20:49.106Z","caller":"ipamd/ipamd.go:1693","msg":"Found prefix pool count 0 for eni eni-EXAMPLE11\n"}
{"level":"debug","ts":"2026-10-05T08:20:49.106Z","caller":"ipamd/ipamd.go:798","msg":"Successfully Reconciled ENI/IP pool"}
{"level":"debug","ts":"2026-10-05T08:20:49.107Z","caller":"ipamd/ipamd.go:1738","msg":"IP pool stats for network card 0: Total IPs/Prefixes = 10/0, AssignedIPs/CooldownIPs: 10/0, c.maxIPsPerENI = 5"}
{"level":"debug","ts":"2026-10-05T08:20:49.107Z","caller":"ipamd/ipamd.go:798","msg":"Primary IP for ENI eni-EXAMPLE11 is 10.20.0.45"}
{"level":"debug","ts":"2026-10-05T08:20:49.107Z","caller":"ipamd/ipamd.go:798","msg":"Primary IP for ENI eni-EXAMPLE12 is 10.20.0.62"}
{"level":"debug","ts":"2026-10-05T08:20:51.608Z","caller":"ipamd/ipamd.go:795","msg":"IP stats for Network Card 0 - total IPs: 10, assigned IPs: 10, cooldown IPs: 0"}
{"level":"debug","ts":"2026-10-05T08:20:51.608Z","caller":"ipamd/ipamd.go:813","msg":"Starting to increase pool size for network card 0"}
{"level":"debug","ts":"2026-10-05T08:20:51.608Z","caller":"ipamd/ipamd.go:966","msg":"Node found \"ip-10-20-0-45.ec2.internal\" - no of taints - 0"}
{"level":"debug","ts":"2026-10-05T08:20:51.608Z","caller":"ipamd/ipamd.go:813","msg":"Recently we had InsufficientCidr error hence will wait for 2m0s before retrying"}
{"level":"debug","ts":"2026-10-05T08:20:51.608Z","caller":"ipamd/ipamd.go:861","msg":"Node found \"ip-10-20-0-45.ec2.internal\" - no of taints - 0"}
{"level":"debug","ts":"2026-10-05T08:20:51.608Z","caller":"datastore/data_store.go:1148","msg":"ENI eni-EXAMPLE11 cannot be deleted because it is primary"}
{"level":"debug","ts":"2026-10-05T08:20:51.608Z","caller":"datastore/data_store.go:1148","msg":"ENI eni-EXAMPLE12 cannot be deleted because it has pods assigned"}
{"level":"debug","ts":"2026-10-05T08:20:56.610Z","caller":"ipamd/ipamd.go:795","msg":"IP stats for Network Card 0 - total IPs: 10, assigned IPs: 10, cooldown IPs: 0"}
{"level":"debug","ts":"2026-10-05T08:20:56.610Z","caller":"ipamd/ipamd.go:813","msg":"Starting to increase pool size for network card 0"}
{"level":"debug","ts":"2026-10-05T08:20:56.610Z","caller":"ipamd/ipamd.go:966","msg":"Node found \"ip-10-20-0-45.ec2.internal\" - no of taints - 0"}
{"level":"debug","ts":"2026-10-05T08:20:56.610Z","caller":"ipamd/ipamd.go:813","msg":"Recently we had InsufficientCidr error hence will wait for 2m0s before retrying"}
{"level":"debug","ts":"2026-10-05T08:20:56.610Z","caller":"ipamd/ipamd.go:861","msg":"Node found \"ip-10-20-0-45.ec2.internal\" - no of taints - 0"}
{"level":"debug","ts":"2026-10-05T08:20:56.610Z","caller":"datastore/data_store.go:1148","msg":"ENI eni-EXAMPLE11 cannot be deleted because it is primary"}
{"level":"debug","ts":"2026-10-05T08:20:56.610Z","caller":"datastore/data_store.go:1148","msg":"ENI eni-EXAMPLE12 cannot be deleted because it has pods assigned"}
{"level":"debug","ts":"2026-10-05T08:21:01.611Z","caller":"ipamd/ipamd.go:795","msg":"IP stats for Network Card 0 - total IPs: 10, assigned IPs: 10, cooldown IPs: 0"}
{"level":"debug","ts":"2026-10-05T08:21:01.611Z","caller":"ipamd/ipamd.go:813","msg":"Starting to increase pool size for network card 0"}
{"level":"debug","ts":"2026-10-05T08:21:01.611Z","caller":"ipamd/ipamd.go:966","msg":"Node found \"ip-10-20-0-45.ec2.internal\" - no of taints - 0"}
{"level":"debug","ts":"2026-10-05T08:21:01.611Z","caller":"ipamd/ipamd.go:813","msg":"Recently we had InsufficientCidr error hence will wait for 2m0s before retrying"}
{"level":"debug","ts":"2026-10-05T08:21:01.611Z","caller":"ipamd/ipamd.go:861","msg":"Node found \"ip-10-20-0-45.ec2.internal\" - no of taints - 0"}
{"level":"debug","ts":"2026-10-05T08:21:01.611Z","caller":"datastore/data_store.go:1148","msg":"ENI eni-EXAMPLE12 cannot be deleted because it has pods assigned"}
{"level":"debug","ts":"2026-10-05T08:21:01.611Z","caller":"datastore/data_store.go:1148","msg":"ENI eni-EXAMPLE11 cannot be deleted because it is primary"}
{"level":"debug","ts":"2026-10-05T08:21:06.612Z","caller":"ipamd/ipamd.go:795","msg":"IP stats for Network Card 0 - total IPs: 10, assigned IPs: 10, cooldown IPs: 0"}
{"level":"debug","ts":"2026-10-05T08:21:06.612Z","caller":"ipamd/ipamd.go:813","msg":"Starting to increase pool size for network card 0"}
{"level":"debug","ts":"2026-10-05T08:21:06.612Z","caller":"ipamd/ipamd.go:966","msg":"Node found \"ip-10-20-0-45.ec2.internal\" - no of taints - 0"}
{"level":"debug","ts":"2026-10-05T08:21:06.612Z","caller":"ipamd/ipamd.go:813","msg":"Recently we had InsufficientCidr error hence will wait for 2m0s before retrying"}
{"level":"debug","ts":"2026-10-05T08:21:06.612Z","caller":"ipamd/ipamd.go:861","msg":"Node found \"ip-10-20-0-45.ec2.internal\" - no of taints - 0"}
{"level":"debug","ts":"2026-10-05T08:21:06.612Z","caller":"datastore/data_store.go:1148","msg":"ENI eni-EXAMPLE12 cannot be deleted because it has pods assigned"}
{"level":"debug","ts":"2026-10-05T08:21:06.612Z","caller":"datastore/data_store.go:1148","msg":"ENI eni-EXAMPLE11 cannot be deleted because it is primary"}
{"level":"debug","ts":"2026-10-05T08:21:11.613Z","caller":"ipamd/ipamd.go:795","msg":"IP stats for Network Card 0 - total IPs: 10, assigned IPs: 10, cooldown IPs: 0"}
{"level":"debug","ts":"2026-10-05T08:21:11.613Z","caller":"ipamd/ipamd.go:813","msg":"Starting to increase pool size for network card 0"}
{"level":"debug","ts":"2026-10-05T08:21:11.613Z","caller":"ipamd/ipamd.go:966","msg":"Node found \"ip-10-20-0-45.ec2.internal\" - no of taints - 0"}
{"level":"debug","ts":"2026-10-05T08:21:11.613Z","caller":"ipamd/ipamd.go:813","msg":"Recently we had InsufficientCidr error hence will wait for 2m0s before retrying"}
{"level":"debug","ts":"2026-10-05T08:21:11.613Z","caller":"ipamd/ipamd.go:861","msg":"Node found \"ip-10-20-0-45.ec2.internal\" - no of taints - 0"}
{"level":"debug","ts":"2026-10-05T08:21:11.613Z","caller":"datastore/data_store.go:1148","msg":"ENI eni-EXAMPLE11 cannot be deleted because it is primary"}
{"level":"debug","ts":"2026-10-05T08:21:11.613Z","caller":"datastore/data_store.go:1148","msg":"ENI eni-EXAMPLE12 cannot be deleted because it has pods assigned"}
{"level":"debug","ts":"2026-10-05T08:21:16.614Z","caller":"ipamd/ipamd.go:795","msg":"IP stats for Network Card 0 - total IPs: 10, assigned IPs: 10, cooldown IPs: 0"}
{"level":"debug","ts":"2026-10-05T08:21:16.614Z","caller":"ipamd/ipamd.go:813","msg":"Starting to increase pool size for network card 0"}
{"level":"debug","ts":"2026-10-05T08:21:16.614Z","caller":"ipamd/ipamd.go:966","msg":"Node found \"ip-10-20-0-45.ec2.internal\" - no of taints - 0"}
{"level":"debug","ts":"2026-10-05T08:21:16.614Z","caller":"ipamd/ipamd.go:813","msg":"Recently we had InsufficientCidr error hence will wait for 2m0s before retrying"}
{"level":"debug","ts":"2026-10-05T08:21:16.614Z","caller":"ipamd/ipamd.go:861","msg":"Node found \"ip-10-20-0-45.ec2.internal\" - no of taints - 0"}
{"level":"debug","ts":"2026-10-05T08:21:16.614Z","caller":"datastore/data_store.go:1148","msg":"ENI eni-EXAMPLE11 cannot be deleted because it is primary"}
{"level":"debug","ts":"2026-10-05T08:21:16.614Z","caller":"datastore/data_store.go:1148","msg":"ENI eni-EXAMPLE12 cannot be deleted because it has pods assigned"}
