{"level":"info","ts":"2026-10-05T08:08:39.674Z","caller":"logger/logger.go:52","msg":"Constructed new logger instance"}
{"level":"info","ts":"2026-10-05T08:08:39.674Z","caller":"netlinkwrapper/netlink.go:27","msg":"Initialized new logger as an existing instance was not found"}
{"level":"info","ts":"2026-10-05T08:08:39.717Z","caller":"logger/logger.go:52","msg":"Constructed new logger instance"}
{"level":"info","ts":"2026-10-05T08:08:39.717Z","caller":"netlinkwrapper/netlink.go:27","msg":"Initialized new logger as an existing instance was not found"}
{"level":"info","ts":"2026-10-05T08:08:39.730Z","caller":"aws-k8s-agent/main.go:52","msg":"Starting L-IPAMD   ..."}
{"level":"info","ts":"2026-10-05T08:08:39.730Z","caller":"aws-k8s-agent/main.go:52","msg":"Waiting to connect API server for upto 30s..."}
{"level":"info","ts":"2026-10-05T08:08:39.731Z","caller":"aws-k8s-agent/main.go:127","msg":"Testing communication with server ..."}
{"level":"info","ts":"2026-10-05T08:08:39.739Z","caller":"wait/loop.go:53","msg":"Successful communication with the Cluster! Cluster Version is: v1.36.4-eks-cfb47f5"}
{"level":"info","ts":"2026-10-05T08:08:39.739Z","caller":"aws-k8s-agent/main.go:52","msg":"API server connectivity established."}
{"level":"info","ts":"2026-10-05T08:08:39.748Z","caller":"aws-k8s-agent/main.go:136","msg":"Cache-based Kubernetes client successfully created."}
{"level":"info","ts":"2026-10-05T08:08:39.749Z","caller":"aws-k8s-agent/main.go:136","msg":"k8sClient created successfully"}
{"level":"debug","ts":"2026-10-05T08:08:39.851Z","caller":"eventrecorder/eventrecorder.go:68","msg":"Pod found aws-node-7p8q6 - labels - 5"}
{"level":"debug","ts":"2026-10-05T08:08:39.862Z","caller":"awssession/session.go:44","msg":"HTTP_TIMEOUT env is not set or set to less than 10 seconds, defaulting to httpTimeout to 10s"}
{"level":"debug","ts":"2026-10-05T08:08:39.865Z","caller":"ipamd/ipamd.go:414","msg":"Discovered region: us-east-1"}
{"level":"info","ts":"2026-10-05T08:08:39.865Z","caller":"ipamd/ipamd.go:414","msg":"Custom networking enabled false"}
{"level":"info","ts":"2026-10-05T08:08:39.865Z","caller":"ipamd/ipamd.go:414","msg":"Subnet discovery enabled true"}
{"level":"debug","ts":"2026-10-05T08:08:39.866Z","caller":"awsutils/awsutils.go:471","msg":"Found availability zone: us-east-1a "}
{"level":"debug","ts":"2026-10-05T08:08:39.866Z","caller":"awsutils/awsutils.go:471","msg":"Discovered the instance primary IPv4 address: 10.20.0.21"}
{"level":"debug","ts":"2026-10-05T08:08:39.867Z","caller":"awsutils/awsutils.go:471","msg":"Found instance-id: i-EXAMPLE7 "}
{"level":"debug","ts":"2026-10-05T08:08:39.868Z","caller":"awsutils/awsutils.go:471","msg":"Found instance-type: t3.medium "}
{"level":"debug","ts":"2026-10-05T08:08:39.869Z","caller":"awsutils/awsutils.go:471","msg":"Found primary interface's MAC address: 12:ff:f8:37:95:69"}
{"level":"debug","ts":"2026-10-05T08:08:39.870Z","caller":"awsutils/awsutils.go:471","msg":"eni-EXAMPLE9 is the primary ENI of this instance"}
{"level":"debug","ts":"2026-10-05T08:08:39.871Z","caller":"awsutils/awsutils.go:471","msg":"Found subnet-id: subnet-EXAMPLE4 "}
{"level":"debug","ts":"2026-10-05T08:08:39.872Z","caller":"awsutils/awsutils.go:471","msg":"Found vpc-id: vpc-EXAMPLE1 "}
{"level":"debug","ts":"2026-10-05T08:08:39.872Z","caller":"ipamd/ipamd.go:423","msg":"Using WARM_ENI_TARGET 1"}
{"level":"debug","ts":"2026-10-05T08:08:39.872Z","caller":"ipamd/ipamd.go:424","msg":"Using WARM_IP_TARGET 2"}
{"level":"debug","ts":"2026-10-05T08:08:39.872Z","caller":"ipamd/ipamd.go:425","msg":"Using MINIMUM_IP_TARGET 5"}
{"level":"debug","ts":"2026-10-05T08:08:39.872Z","caller":"ipamd/ipamd.go:426","msg":"Using WARM_PREFIX_TARGET 1"}
{"level":"info","ts":"2026-10-05T08:08:39.872Z","caller":"ipamd/ipamd.go:449","msg":"Prefix Delegation enabled false"}
{"level":"debug","ts":"2026-10-05T08:08:39.872Z","caller":"ipamd/ipamd.go:453","msg":"Start node init"}
{"level":"debug","ts":"2026-10-05T08:08:39.872Z","caller":"ipamd/ipamd.go:464","msg":"Max ip per ENI 5 and max prefixes per ENI 0"}
{"level":"info","ts":"2026-10-05T08:08:39.872Z","caller":"awsutils/awsutils.go:2417","msg":"Will attempt to clean up AWS CNI leaked ENIs after waiting 6s."}
{"level":"info","ts":"2026-10-05T08:08:39.873Z","caller":"ipamd/ipamd.go:476","msg":"Setting up host network... "}
{"level":"debug","ts":"2026-10-05T08:08:39.873Z","caller":"netlinkwrapper/netlink.go:138","msg":"netlink operation succeeded on attempt 1 of 5"}
{"level":"debug","ts":"2026-10-05T08:08:39.873Z","caller":"networkutils/network.go:309","msg":"Found the Link that uses mac address 12:ff:f8:37:95:69 and its index is 2 (attempt 1/5)"}
{"level":"debug","ts":"2026-10-05T08:08:39.873Z","caller":"networkutils/network.go:467","msg":"Trying to find primary interface that has mac : 12:ff:f8:37:95:69"}
{"level":"debug","ts":"2026-10-05T08:08:39.874Z","caller":"networkutils/network.go:467","msg":"Discovered interface: lo, mac: "}
{"level":"debug","ts":"2026-10-05T08:08:39.874Z","caller":"networkutils/network.go:467","msg":"Discovered interface: ens5, mac: 12:ff:f8:37:95:69"}
{"level":"info","ts":"2026-10-05T08:08:39.874Z","caller":"networkutils/network.go:467","msg":"Discovered primary interface: ens5"}
{"level":"debug","ts":"2026-10-05T08:08:39.876Z","caller":"networkutils/network.go:478","msg":"Adding 10.20.0.0/24 CIDR to NAT chain"}
{"level":"debug","ts":"2026-10-05T08:08:39.876Z","caller":"networkutils/network.go:478","msg":"Total CIDRs to program - 1"}
{"level":"debug","ts":"2026-10-05T08:08:39.876Z","caller":"networkutils/network.go:478","msg":"Setup Host Network: iptables -N AWS-SNAT-CHAIN-0 -t nat"}
{"level":"debug","ts":"2026-10-05T08:08:39.879Z","caller":"networkutils/network.go:478","msg":"Setup Host Network: iptables -A POSTROUTING -m comment --comment \"AWS SNAT CHAIN\" -j AWS-SNAT-CHAIN-0"}
{"level":"debug","ts":"2026-10-05T08:08:39.879Z","caller":"networkutils/network.go:478","msg":"Setup Host Network: iptables -A AWS-SNAT-CHAIN-0 -d 10.20.0.0/24 -m comment --comment AWS SNAT CHAIN -t nat -j RETURN"}
{"level":"debug","ts":"2026-10-05T08:08:39.879Z","caller":"networkutils/network.go:691","msg":"Setup Host Network: loading existing iptables nat rules with chain prefix AWS-SNAT-CHAIN"}
{"level":"debug","ts":"2026-10-05T08:08:39.884Z","caller":"networkutils/network.go:691","msg":"host network setup: found potentially stale rule for chain AWS-SNAT-CHAIN-0: [-N AWS-SNAT-CHAIN-0]"}
{"level":"debug","ts":"2026-10-05T08:08:39.884Z","caller":"networkutils/network.go:564","msg":"Setup Host Network: computing stale iptables rules for nat table with chain prefix AWS-SNAT-CHAIN"}
{"level":"debug","ts":"2026-10-05T08:08:39.884Z","caller":"networkutils/network.go:564","msg":"Setup Host Network: active chain found: AWS-SNAT-CHAIN-0"}
{"level":"debug","ts":"2026-10-05T08:08:39.884Z","caller":"networkutils/network.go:478","msg":"iptableRules: [nat/POSTROUTING rule first SNAT rules for non-VPC outbound traffic shouldExist true rule [-m comment --comment AWS SNAT CHAIN -j AWS-SNAT-CHAIN-0] nat/AWS-SNAT-CHAIN-0 rule AWS-SNAT-CHAIN-0 shouldExist true rule [-d 10.20.0.0/24 -m comment --comment AWS SNAT CHAIN -j RETURN] nat/AWS-SNAT-CHAIN-0 rule last SNAT rule for non-VPC outbound traffic shouldExist true rule [! -o vlan+ -m comment --comment AWS, SNAT -m addrtype ! --dst-type LOCAL -j SNAT --to-source 10.20.0.21 --random-fully] mangle/PREROUTING rule connmark for primary ENI shouldExist true rule [-m comment --comment AWS, primary ENI -i ens5 -m addrtype --dst-type LOCAL --limit-iface-in -j CONNMARK --set-mark 0x80/0x80] mangle/PREROUTING rule connmark restore for primary ENI shouldExist true rule [-m comment --comment AWS, primary ENI -i eni+ -j CONNMARK --restore-mark --mask 0x80] mangle/PREROUTING rule connmark restore for primary ENI from vlan shouldExist true rule [-m comment --comment AWS, primary ENI -i vlan+ -j CONNMARK --restore-mark --mask 0x80]]"}
{"level":"debug","ts":"2026-10-05T08:08:39.884Z","caller":"networkutils/network.go:482","msg":"execute iptable rule : first SNAT rules for non-VPC outbound traffic"}
{"level":"debug","ts":"2026-10-05T08:08:39.886Z","caller":"networkutils/network.go:482","msg":"rule nat/POSTROUTING rule first SNAT rules for non-VPC outbound traffic shouldExist true rule [-m comment --comment AWS SNAT CHAIN -j AWS-SNAT-CHAIN-0] exists false, err <nil>"}
{"level":"debug","ts":"2026-10-05T08:08:39.888Z","caller":"networkutils/network.go:482","msg":"execute iptable rule : AWS-SNAT-CHAIN-0"}
{"level":"debug","ts":"2026-10-05T08:08:39.889Z","caller":"networkutils/network.go:482","msg":"rule nat/AWS-SNAT-CHAIN-0 rule AWS-SNAT-CHAIN-0 shouldExist true rule [-d 10.20.0.0/24 -m comment --comment AWS SNAT CHAIN -j RETURN] exists false, err <nil>"}
{"level":"debug","ts":"2026-10-05T08:08:39.891Z","caller":"networkutils/network.go:482","msg":"execute iptable rule : last SNAT rule for non-VPC outbound traffic"}
{"level":"debug","ts":"2026-10-05T08:08:39.893Z","caller":"networkutils/network.go:482","msg":"rule nat/AWS-SNAT-CHAIN-0 rule last SNAT rule for non-VPC outbound traffic shouldExist true rule [! -o vlan+ -m comment --comment AWS, SNAT -m addrtype ! --dst-type LOCAL -j SNAT --to-source 10.20.0.21 --random-fully] exists false, err <nil>"}
{"level":"debug","ts":"2026-10-05T08:08:39.895Z","caller":"networkutils/network.go:482","msg":"execute iptable rule : connmark for primary ENI"}
{"level":"debug","ts":"2026-10-05T08:08:39.901Z","caller":"networkutils/network.go:482","msg":"rule mangle/PREROUTING rule connmark for primary ENI shouldExist true rule [-m comment --comment AWS, primary ENI -i ens5 -m addrtype --dst-type LOCAL --limit-iface-in -j CONNMARK --set-mark 0x80/0x80] exists false, err <nil>"}
{"level":"debug","ts":"2026-10-05T08:08:39.905Z","caller":"networkutils/network.go:482","msg":"execute iptable rule : connmark restore for primary ENI"}
{"level":"debug","ts":"2026-10-05T08:08:39.907Z","caller":"networkutils/network.go:482","msg":"rule mangle/PREROUTING rule connmark restore for primary ENI shouldExist true rule [-m comment --comment AWS, primary ENI -i eni+ -j CONNMARK --restore-mark --mask 0x80] exists false, err <nil>"}
{"level":"debug","ts":"2026-10-05T08:08:39.910Z","caller":"networkutils/network.go:482","msg":"execute iptable rule : connmark restore for primary ENI from vlan"}
{"level":"debug","ts":"2026-10-05T08:08:39.913Z","caller":"networkutils/network.go:482","msg":"rule mangle/PREROUTING rule connmark restore for primary ENI from vlan shouldExist true rule [-m comment --comment AWS, primary ENI -i vlan+ -j CONNMARK --restore-mark --mask 0x80] exists false, err <nil>"}
{"level":"info","ts":"2026-10-05T08:08:39.916Z","caller":"networkutils/nftables_connmark.go:135","msg":"chain does not exists nat-prerouting: conn.Execute failed: netlink receive: no such file or directory"}
{"level":"info","ts":"2026-10-05T08:08:39.916Z","caller":"networkutils/nftables_connmark.go:139","msg":"chain does not exists snat-mark: conn.Execute failed: netlink receive: no such file or directory"}
{"level":"debug","ts":"2026-10-05T08:08:39.917Z","caller":"networkutils/nftables_connmark.go:147","msg":"base chain nat-prerouting: rules missing or out of order (fib=false jump=false restore=false ordered=false stale=0); flushing and reinstalling all 3 rules"}
{"level":"debug","ts":"2026-10-05T08:08:40.041Z","caller":"awsutils/awsutils.go:1743","msg":"Total number of interfaces found: 1 "}
{"level":"debug","ts":"2026-10-05T08:08:40.041Z","caller":"awsutils/awsutils.go:787","msg":"Found ENI MAC address: 12:ff:f8:37:95:69"}
{"level":"debug","ts":"2026-10-05T08:08:40.046Z","caller":"awsutils/awsutils.go:787","msg":"Found ENI: eni-EXAMPLE9, MAC 12:ff:f8:37:95:69, device 0"}
{"level":"debug","ts":"2026-10-05T08:08:40.050Z","caller":"awsutils/awsutils.go:787","msg":"Found IPv4 addresses associated with interface. This is not efa-only interface"}
{"level":"info","ts":"2026-10-05T08:08:40.251Z","caller":"ipamd/ipamd.go:489","msg":"Got network card index 0 for ENI eni-EXAMPLE9"}
{"level":"info","ts":"2026-10-05T08:08:40.251Z","caller":"ipamd/ipamd.go:489","msg":"eni-EXAMPLE9 is of type: interface"}
{"level":"debug","ts":"2026-10-05T08:08:40.251Z","caller":"ipamd/ipamd.go:453","msg":"DescribeAllENIs success: ENIs: 1, tagged: 1"}
{"level":"info","ts":"2026-10-05T08:08:40.251Z","caller":"ipamd/ipamd.go:501","msg":"initialized datastore for network cards index 0"}
{"level":"debug","ts":"2026-10-05T08:08:40.251Z","caller":"ipamd/ipamd.go:453","msg":"Discovered ENI eni-EXAMPLE9, trying to set it up"}
{"level":"debug","ts":"2026-10-05T08:08:40.252Z","caller":"ipamd/ipamd.go:532","msg":"Tagging ENI eni-EXAMPLE9 with missing tags: map[cluster.k8s.amazonaws.com/name:eks-ipv4-lab eks:eni:owner:amazon-vpc-cni node.k8s.amazonaws.com/instance_id:i-EXAMPLE7]"}
{"level":"debug","ts":"2026-10-05T08:08:40.481Z","caller":"retry/retry.go:70","msg":"Successfully tagged ENI: eni-EXAMPLE9"}
{"level":"debug","ts":"2026-10-05T08:08:40.481Z","caller":"ipamd/ipamd.go:1313","msg":"DataStore add an ENI eni-EXAMPLE9"}
{"level":"debug","ts":"2026-10-05T08:08:40.538Z","caller":"ipamd/ipamd.go:2913","msg":"IsSubnetExcluded: subnet subnet-EXAMPLE4 has no kubernetes.io/role/cni tag, not excluded"}
{"level":"info","ts":"2026-10-05T08:08:40.538Z","caller":"ipamd/ipamd.go:541","msg":"Found ENIs having 1 secondary IPs and 0 Prefixes"}
{"level":"debug","ts":"2026-10-05T08:08:40.538Z","caller":"ipamd/ipamd.go:1394","msg":"IP pool stats for network card 0: Total IPs/Prefixes = 0/0, AssignedIPs/CooldownIPs: 0/0, c.maxIPsPerENI = 5"}
{"level":"debug","ts":"2026-10-05T08:08:40.538Z","caller":"ipamd/ipamd.go:1415","msg":"IP pool stats for network card 0: Total IPs/Prefixes = 0/0, AssignedIPs/CooldownIPs: 0/0, c.maxIPsPerENI = 5"}
{"level":"info","ts":"2026-10-05T08:08:40.538Z","caller":"ipamd/ipamd.go:453","msg":"ENI eni-EXAMPLE9 set up."}
{"level":"info","ts":"2026-10-05T08:08:40.538Z","caller":"datastore/data_store.go:1767","msg":"Begin ipam state recovery from backing store"}
{"level":"debug","ts":"2026-10-05T08:08:40.538Z","caller":"datastore/data_store.go:1767","msg":"backing store doesn't exists, assuming bootstrap on a new node"}
{"level":"debug","ts":"2026-10-05T08:08:40.538Z","caller":"ipamd/ipamd.go:569","msg":"checkAndHandleAllENIExclusion: completed ENI exclusion check"}
{"level":"debug","ts":"2026-10-05T08:08:40.538Z","caller":"ipamd/ipamd.go:579","msg":"tryUnassignPrefixesFromENIs"}
{"level":"debug","ts":"2026-10-05T08:08:40.538Z","caller":"netlinkwrapper/netlink.go:204","msg":"netlink operation succeeded on attempt 1 of 5"}
{"level":"debug","ts":"2026-10-05T08:08:40.538Z","caller":"ipamd/ipamd.go:730","msg":"Update Rule List with set []"}
{"level":"info","ts":"2026-10-05T08:08:40.540Z","caller":"awsutils/awsutils.go:749","msg":"Found primary SG sg-EXAMPLE1, added to ipamd cache"}
{"level":"debug","ts":"2026-10-05T08:08:40.540Z","caller":"awsutils/awsutils.go:767","msg":"Update ENI eni-EXAMPLE9 with security groups [sg-EXAMPLE1]"}
{"level":"info","ts":"2026-10-05T08:08:40.918Z","caller":"ipamd/ipamd.go:609","msg":"Get Node Info for: ip-10-20-0-21.ec2.internal"}
{"level":"debug","ts":"2026-10-05T08:08:41.019Z","caller":"ipamd/ipamd.go:669","msg":"is datastore pool low for networkCard 0, decision true"}
{"level":"debug","ts":"2026-10-05T08:08:41.019Z","caller":"ipamd/ipamd.go:684","msg":"Starting to increase pool size for network card 0"}
{"level":"debug","ts":"2026-10-05T08:08:41.019Z","caller":"ipamd/ipamd.go:966","msg":"Node found \"ip-10-20-0-21.ec2.internal\" - no of taints - 1"}
{"level":"debug","ts":"2026-10-05T08:08:41.019Z","caller":"ipamd/ipamd.go:1135","msg":"Found ENI eni-EXAMPLE9 that has less than the maximum number of IP/Prefixes addresses allocated: cur=0, max=5"}
{"level":"info","ts":"2026-10-05T08:08:41.019Z","caller":"ipamd/ipamd.go:1141","msg":"Trying to allocate 5 IP addresses on ENI eni-EXAMPLE9"}
{"level":"debug","ts":"2026-10-05T08:08:41.019Z","caller":"ipamd/ipamd.go:1141","msg":"PD enabled - false"}
{"level":"info","ts":"2026-10-05T08:08:41.801Z","caller":"ipamd/ipamd.go:1141","msg":"Allocated 5 private IP addresses"}
{"level":"debug","ts":"2026-10-05T08:08:41.801Z","caller":"ipamd/ipamd.go:1156","msg":"containsPrivateIPAddressLimitExceededError encountered <nil>"}
{"level":"info","ts":"2026-10-05T08:08:41.801Z","caller":"ipamd/ipamd.go:1387","msg":"Adding 10.20.0.20/32 to DS for eni-EXAMPLE9"}
{"level":"info","ts":"2026-10-05T08:08:41.801Z","caller":"ipamd/ipamd.go:1387","msg":"Added ENI(eni-EXAMPLE9)'s IP/Prefix 10.20.0.20/32 to datastore"}
{"level":"info","ts":"2026-10-05T08:08:41.801Z","caller":"ipamd/ipamd.go:1387","msg":"Adding 10.20.0.17/32 to DS for eni-EXAMPLE9"}
{"level":"info","ts":"2026-10-05T08:08:41.801Z","caller":"ipamd/ipamd.go:1387","msg":"Added ENI(eni-EXAMPLE9)'s IP/Prefix 10.20.0.17/32 to datastore"}
{"level":"info","ts":"2026-10-05T08:08:41.801Z","caller":"ipamd/ipamd.go:1387","msg":"Adding 10.20.0.28/32 to DS for eni-EXAMPLE9"}
{"level":"info","ts":"2026-10-05T08:08:41.801Z","caller":"ipamd/ipamd.go:1387","msg":"Added ENI(eni-EXAMPLE9)'s IP/Prefix 10.20.0.28/32 to datastore"}
{"level":"info","ts":"2026-10-05T08:08:41.801Z","caller":"ipamd/ipamd.go:1387","msg":"Adding 10.20.0.29/32 to DS for eni-EXAMPLE9"}
{"level":"info","ts":"2026-10-05T08:08:41.801Z","caller":"ipamd/ipamd.go:1387","msg":"Added ENI(eni-EXAMPLE9)'s IP/Prefix 10.20.0.29/32 to datastore"}
{"level":"info","ts":"2026-10-05T08:08:41.801Z","caller":"ipamd/ipamd.go:1387","msg":"Adding 10.20.0.8/32 to DS for eni-EXAMPLE9"}
{"level":"info","ts":"2026-10-05T08:08:41.801Z","caller":"ipamd/ipamd.go:1387","msg":"Added ENI(eni-EXAMPLE9)'s IP/Prefix 10.20.0.8/32 to datastore"}
{"level":"debug","ts":"2026-10-05T08:08:41.801Z","caller":"ipamd/ipamd.go:1394","msg":"IP pool stats for network card 0: Total IPs/Prefixes = 5/0, AssignedIPs/CooldownIPs: 0/0, c.maxIPsPerENI = 5"}
{"level":"debug","ts":"2026-10-05T08:08:41.801Z","caller":"ipamd/ipamd.go:1053","msg":"IP pool stats for network card 0: Total IPs/Prefixes = 5/0, AssignedIPs/CooldownIPs: 0/0, c.maxIPsPerENI = 5"}
{"level":"debug","ts":"2026-10-05T08:08:41.801Z","caller":"ipamd/ipamd.go:453","msg":"node init completed successfully"}
{"level":"info","ts":"2026-10-05T08:08:41.801Z","caller":"ipamd/rpc_handler.go:492","msg":"Serving RPC Handler version  on unix:/var/run/aws-node/ipamd.sock"}
{"level":"info","ts":"2026-10-05T08:08:41.801Z","caller":"runtime/asm_amd64.s:1771","msg":"IP pool manager - max pods: 17, warm IP target: 2, warm prefix target: 1, warm ENI target: 1, minimum IP target: 5"}
{"level":"info","ts":"2026-10-05T08:08:41.801Z","caller":"runtime/asm_amd64.s:1771","msg":"Serving metrics on port 61678"}
{"level":"info","ts":"2026-10-05T08:08:41.802Z","caller":"runtime/asm_amd64.s:1771","msg":"Setting up shutdown hook."}
{"level":"info","ts":"2026-10-05T08:08:41.802Z","caller":"ipamd/introspect.go:55","msg":"Serving introspection endpoints on 127.0.0.1:61679"}
{"level":"debug","ts":"2026-10-05T08:08:44.302Z","caller":"ipamd/ipamd.go:795","msg":"IP stats for Network Card 0 - total IPs: 5, assigned IPs: 0, cooldown IPs: 0"}
{"level":"debug","ts":"2026-10-05T08:08:44.302Z","caller":"ipamd/ipamd.go:861","msg":"Node found \"ip-10-20-0-21.ec2.internal\" - no of taints - 0"}
{"level":"debug","ts":"2026-10-05T08:08:44.302Z","caller":"datastore/data_store.go:1148","msg":"ENI eni-EXAMPLE9 cannot be deleted because it is primary"}
{"level":"debug","ts":"2026-10-05T08:08:45.872Z","caller":"awsutils/awsutils.go:2417","msg":"Checking for leaked AWS CNI ENIs."}
{"level":"debug","ts":"2026-10-05T08:08:45.994Z","caller":"awsutils/awsutils.go:2426","msg":"No AWS CNI leaked ENIs found."}
{"level":"debug","ts":"2026-10-05T08:08:49.304Z","caller":"ipamd/ipamd.go:795","msg":"IP stats for Network Card 0 - total IPs: 5, assigned IPs: 0, cooldown IPs: 0"}
{"level":"debug","ts":"2026-10-05T08:08:49.304Z","caller":"ipamd/ipamd.go:861","msg":"Node found \"ip-10-20-0-21.ec2.internal\" - no of taints - 0"}
{"level":"debug","ts":"2026-10-05T08:08:49.304Z","caller":"datastore/data_store.go:1148","msg":"ENI eni-EXAMPLE9 cannot be deleted because it is primary"}
{"level":"debug","ts":"2026-10-05T08:08:54.307Z","caller":"ipamd/ipamd.go:795","msg":"IP stats for Network Card 0 - total IPs: 5, assigned IPs: 0, cooldown IPs: 0"}
{"level":"debug","ts":"2026-10-05T08:08:54.308Z","caller":"ipamd/ipamd.go:861","msg":"Node found \"ip-10-20-0-21.ec2.internal\" - no of taints - 0"}
{"level":"debug","ts":"2026-10-05T08:08:54.308Z","caller":"datastore/data_store.go:1148","msg":"ENI eni-EXAMPLE9 cannot be deleted because it is primary"}
{"level":"debug","ts":"2026-10-05T08:08:59.309Z","caller":"ipamd/ipamd.go:795","msg":"IP stats for Network Card 0 - total IPs: 5, assigned IPs: 0, cooldown IPs: 0"}
{"level":"debug","ts":"2026-10-05T08:08:59.309Z","caller":"ipamd/ipamd.go:861","msg":"Node found \"ip-10-20-0-21.ec2.internal\" - no of taints - 0"}
{"level":"debug","ts":"2026-10-05T08:08:59.310Z","caller":"datastore/data_store.go:1148","msg":"ENI eni-EXAMPLE9 cannot be deleted because it is primary"}
{"level":"debug","ts":"2026-10-05T08:09:04.312Z","caller":"ipamd/ipamd.go:795","msg":"IP stats for Network Card 0 - total IPs: 5, assigned IPs: 0, cooldown IPs: 0"}
{"level":"debug","ts":"2026-10-05T08:09:04.312Z","caller":"ipamd/ipamd.go:861","msg":"Node found \"ip-10-20-0-21.ec2.internal\" - no of taints - 0"}
{"level":"debug","ts":"2026-10-05T08:09:04.312Z","caller":"datastore/data_store.go:1148","msg":"ENI eni-EXAMPLE9 cannot be deleted because it is primary"}
{"level":"debug","ts":"2026-10-05T08:09:09.314Z","caller":"ipamd/ipamd.go:795","msg":"IP stats for Network Card 0 - total IPs: 5, assigned IPs: 0, cooldown IPs: 0"}
{"level":"debug","ts":"2026-10-05T08:09:09.314Z","caller":"ipamd/ipamd.go:861","msg":"Node found \"ip-10-20-0-21.ec2.internal\" - no of taints - 0"}
{"level":"debug","ts":"2026-10-05T08:09:09.314Z","caller":"datastore/data_store.go:1148","msg":"ENI eni-EXAMPLE9 cannot be deleted because it is primary"}
{"level":"debug","ts":"2026-10-05T08:09:14.314Z","caller":"ipamd/ipamd.go:795","msg":"IP stats for Network Card 0 - total IPs: 5, assigned IPs: 0, cooldown IPs: 0"}
{"level":"debug","ts":"2026-10-05T08:09:14.314Z","caller":"ipamd/ipamd.go:861","msg":"Node found \"ip-10-20-0-21.ec2.internal\" - no of taints - 0"}
{"level":"debug","ts":"2026-10-05T08:09:14.314Z","caller":"datastore/data_store.go:1148","msg":"ENI eni-EXAMPLE9 cannot be deleted because it is primary"}
{"level":"debug","ts":"2026-10-05T08:09:19.316Z","caller":"ipamd/ipamd.go:795","msg":"IP stats for Network Card 0 - total IPs: 5, assigned IPs: 0, cooldown IPs: 0"}
{"level":"debug","ts":"2026-10-05T08:09:19.316Z","caller":"ipamd/ipamd.go:861","msg":"Node found \"ip-10-20-0-21.ec2.internal\" - no of taints - 0"}
{"level":"debug","ts":"2026-10-05T08:09:19.316Z","caller":"datastore/data_store.go:1148","msg":"ENI eni-EXAMPLE9 cannot be deleted because it is primary"}
{"level":"debug","ts":"2026-10-05T08:09:24.318Z","caller":"ipamd/ipamd.go:795","msg":"IP stats for Network Card 0 - total IPs: 5, assigned IPs: 0, cooldown IPs: 0"}
{"level":"debug","ts":"2026-10-05T08:09:24.318Z","caller":"ipamd/ipamd.go:861","msg":"Node found \"ip-10-20-0-21.ec2.internal\" - no of taints - 0"}
{"level":"debug","ts":"2026-10-05T08:09:24.318Z","caller":"datastore/data_store.go:1148","msg":"ENI eni-EXAMPLE9 cannot be deleted because it is primary"}
{"level":"debug","ts":"2026-10-05T08:09:29.320Z","caller":"ipamd/ipamd.go:795","msg":"IP stats for Network Card 0 - total IPs: 5, assigned IPs: 0, cooldown IPs: 0"}
{"level":"debug","ts":"2026-10-05T08:09:29.320Z","caller":"ipamd/ipamd.go:861","msg":"Node found \"ip-10-20-0-21.ec2.internal\" - no of taints - 0"}
{"level":"debug","ts":"2026-10-05T08:09:29.320Z","caller":"datastore/data_store.go:1148","msg":"ENI eni-EXAMPLE9 cannot be deleted because it is primary"}
{"level":"debug","ts":"2026-10-05T08:09:34.321Z","caller":"ipamd/ipamd.go:795","msg":"IP stats for Network Card 0 - total IPs: 5, assigned IPs: 0, cooldown IPs: 0"}
{"level":"debug","ts":"2026-10-05T08:09:34.321Z","caller":"ipamd/ipamd.go:861","msg":"Node found \"ip-10-20-0-21.ec2.internal\" - no of taints - 0"}
{"level":"debug","ts":"2026-10-05T08:09:34.321Z","caller":"datastore/data_store.go:1148","msg":"ENI eni-EXAMPLE9 cannot be deleted because it is primary"}
{"level":"debug","ts":"2026-10-05T08:09:39.323Z","caller":"ipamd/ipamd.go:795","msg":"IP stats for Network Card 0 - total IPs: 5, assigned IPs: 0, cooldown IPs: 0"}
{"level":"debug","ts":"2026-10-05T08:09:39.323Z","caller":"ipamd/ipamd.go:861","msg":"Node found \"ip-10-20-0-21.ec2.internal\" - no of taints - 0"}
{"level":"debug","ts":"2026-10-05T08:09:39.323Z","caller":"datastore/data_store.go:1148","msg":"ENI eni-EXAMPLE9 cannot be deleted because it is primary"}
{"level":"debug","ts":"2026-10-05T08:09:41.823Z","caller":"ipamd/ipamd.go:798","msg":"Reconciling ENI/IP pool info because time since last 1m0.02181386s > 1m0s"}
{"level":"debug","ts":"2026-10-05T08:09:41.824Z","caller":"ipamd/ipamd.go:1621","msg":"Total number of interfaces found: 1 "}
{"level":"debug","ts":"2026-10-05T08:09:41.824Z","caller":"awsutils/awsutils.go:787","msg":"Found ENI MAC address: 12:ff:f8:37:95:69"}
{"level":"debug","ts":"2026-10-05T08:09:41.827Z","caller":"awsutils/awsutils.go:787","msg":"Found ENI: eni-EXAMPLE9, MAC 12:ff:f8:37:95:69, device 0"}
{"level":"debug","ts":"2026-10-05T08:09:41.828Z","caller":"awsutils/awsutils.go:787","msg":"Found IPv4 addresses associated with interface. This is not efa-only interface"}
{"level":"debug","ts":"2026-10-05T08:09:41.832Z","caller":"ipamd/ipamd.go:798","msg":"Reconcile existing ENI eni-EXAMPLE9 IP pool"}
{"level":"info","ts":"2026-10-05T08:09:41.832Z","caller":"ipamd/ipamd.go:1766","msg":"Reconcile and skip primary IP 10.20.0.21 on ENI eni-EXAMPLE9"}
{"level":"info","ts":"2026-10-05T08:09:41.832Z","caller":"ipamd/ipamd.go:1766","msg":"Trying to add 10.20.0.20"}
{"level":"info","ts":"2026-10-05T08:09:41.832Z","caller":"ipamd/ipamd.go:1890","msg":"Adding 10.20.0.20/32 to DS for eni-EXAMPLE9"}
{"level":"info","ts":"2026-10-05T08:09:41.832Z","caller":"ipamd/ipamd.go:1890","msg":"IP already in DS"}
{"level":"info","ts":"2026-10-05T08:09:41.832Z","caller":"ipamd/ipamd.go:1766","msg":"Trying to add 10.20.0.17"}
{"level":"info","ts":"2026-10-05T08:09:41.832Z","caller":"ipamd/ipamd.go:1890","msg":"Adding 10.20.0.17/32 to DS for eni-EXAMPLE9"}
{"level":"info","ts":"2026-10-05T08:09:41.832Z","caller":"ipamd/ipamd.go:1890","msg":"IP already in DS"}
{"level":"info","ts":"2026-10-05T08:09:41.832Z","caller":"ipamd/ipamd.go:1766","msg":"Trying to add 10.20.0.28"}
{"level":"info","ts":"2026-10-05T08:09:41.832Z","caller":"ipamd/ipamd.go:1890","msg":"Adding 10.20.0.28/32 to DS for eni-EXAMPLE9"}
{"level":"info","ts":"2026-10-05T08:09:41.832Z","caller":"ipamd/ipamd.go:1890","msg":"IP already in DS"}
{"level":"info","ts":"2026-10-05T08:09:41.832Z","caller":"ipamd/ipamd.go:1766","msg":"Trying to add 10.20.0.29"}
{"level":"info","ts":"2026-10-05T08:09:41.832Z","caller":"ipamd/ipamd.go:1890","msg":"Adding 10.20.0.29/32 to DS for eni-EXAMPLE9"}
{"level":"info","ts":"2026-10-05T08:09:41.832Z","caller":"ipamd/ipamd.go:1890","msg":"IP already in DS"}
{"level":"info","ts":"2026-10-05T08:09:41.832Z","caller":"ipamd/ipamd.go:1766","msg":"Trying to add 10.20.0.8"}
{"level":"info","ts":"2026-10-05T08:09:41.832Z","caller":"ipamd/ipamd.go:1890","msg":"Adding 10.20.0.8/32 to DS for eni-EXAMPLE9"}
{"level":"info","ts":"2026-10-05T08:09:41.832Z","caller":"ipamd/ipamd.go:1890","msg":"IP already in DS"}
{"level":"debug","ts":"2026-10-05T08:09:41.832Z","caller":"ipamd/ipamd.go:798","msg":"Reconcile existing ENI eni-EXAMPLE9 IP prefixes"}
{"level":"debug","ts":"2026-10-05T08:09:41.832Z","caller":"ipamd/ipamd.go:1693","msg":"Found prefix pool count 0 for eni eni-EXAMPLE9\n"}
{"level":"debug","ts":"2026-10-05T08:09:41.832Z","caller":"ipamd/ipamd.go:798","msg":"Successfully Reconciled ENI/IP pool"}
{"level":"debug","ts":"2026-10-05T08:09:41.832Z","caller":"ipamd/ipamd.go:1738","msg":"IP pool stats for network card 0: Total IPs/Prefixes = 5/0, AssignedIPs/CooldownIPs: 0/0, c.maxIPsPerENI = 5"}
{"level":"debug","ts":"2026-10-05T08:09:41.832Z","caller":"ipamd/ipamd.go:798","msg":"Primary IP for ENI eni-EXAMPLE9 is 10.20.0.21"}
{"level":"debug","ts":"2026-10-05T08:09:44.333Z","caller":"ipamd/ipamd.go:795","msg":"IP stats for Network Card 0 - total IPs: 5, assigned IPs: 0, cooldown IPs: 0"}
{"level":"debug","ts":"2026-10-05T08:09:44.333Z","caller":"ipamd/ipamd.go:861","msg":"Node found \"ip-10-20-0-21.ec2.internal\" - no of taints - 0"}
{"level":"debug","ts":"2026-10-05T08:09:44.333Z","caller":"datastore/data_store.go:1148","msg":"ENI eni-EXAMPLE9 cannot be deleted because it is primary"}
{"level":"debug","ts":"2026-10-05T08:09:49.335Z","caller":"ipamd/ipamd.go:795","msg":"IP stats for Network Card 0 - total IPs: 5, assigned IPs: 0, cooldown IPs: 0"}
{"level":"debug","ts":"2026-10-05T08:09:49.336Z","caller":"ipamd/ipamd.go:861","msg":"Node found \"ip-10-20-0-21.ec2.internal\" - no of taints - 0"}
{"level":"debug","ts":"2026-10-05T08:09:49.336Z","caller":"datastore/data_store.go:1148","msg":"ENI eni-EXAMPLE9 cannot be deleted because it is primary"}
{"level":"debug","ts":"2026-10-05T08:09:54.336Z","caller":"ipamd/ipamd.go:795","msg":"IP stats for Network Card 0 - total IPs: 5, assigned IPs: 0, cooldown IPs: 0"}
{"level":"debug","ts":"2026-10-05T08:09:54.336Z","caller":"ipamd/ipamd.go:861","msg":"Node found \"ip-10-20-0-21.ec2.internal\" - no of taints - 0"}
{"level":"debug","ts":"2026-10-05T08:09:54.336Z","caller":"datastore/data_store.go:1148","msg":"ENI eni-EXAMPLE9 cannot be deleted because it is primary"}
{"level":"debug","ts":"2026-10-05T08:09:59.337Z","caller":"ipamd/ipamd.go:795","msg":"IP stats for Network Card 0 - total IPs: 5, assigned IPs: 0, cooldown IPs: 0"}
{"level":"debug","ts":"2026-10-05T08:09:59.337Z","caller":"ipamd/ipamd.go:861","msg":"Node found \"ip-10-20-0-21.ec2.internal\" - no of taints - 0"}
{"level":"debug","ts":"2026-10-05T08:09:59.337Z","caller":"datastore/data_store.go:1148","msg":"ENI eni-EXAMPLE9 cannot be deleted because it is primary"}
{"level":"debug","ts":"2026-10-05T08:10:04.338Z","caller":"ipamd/ipamd.go:795","msg":"IP stats for Network Card 0 - total IPs: 5, assigned IPs: 0, cooldown IPs: 0"}
{"level":"debug","ts":"2026-10-05T08:10:04.339Z","caller":"ipamd/ipamd.go:861","msg":"Node found \"ip-10-20-0-21.ec2.internal\" - no of taints - 0"}
{"level":"debug","ts":"2026-10-05T08:10:04.339Z","caller":"datastore/data_store.go:1148","msg":"ENI eni-EXAMPLE9 cannot be deleted because it is primary"}
{"level":"debug","ts":"2026-10-05T08:10:09.340Z","caller":"ipamd/ipamd.go:795","msg":"IP stats for Network Card 0 - total IPs: 5, assigned IPs: 0, cooldown IPs: 0"}
{"level":"debug","ts":"2026-10-05T08:10:09.341Z","caller":"ipamd/ipamd.go:861","msg":"Node found \"ip-10-20-0-21.ec2.internal\" - no of taints - 0"}
{"level":"debug","ts":"2026-10-05T08:10:09.341Z","caller":"datastore/data_store.go:1148","msg":"ENI eni-EXAMPLE9 cannot be deleted because it is primary"}
{"level":"debug","ts":"2026-10-05T08:10:14.343Z","caller":"ipamd/ipamd.go:795","msg":"IP stats for Network Card 0 - total IPs: 5, assigned IPs: 0, cooldown IPs: 0"}
{"level":"debug","ts":"2026-10-05T08:10:14.343Z","caller":"ipamd/ipamd.go:861","msg":"Node found \"ip-10-20-0-21.ec2.internal\" - no of taints - 0"}
{"level":"debug","ts":"2026-10-05T08:10:14.344Z","caller":"datastore/data_store.go:1148","msg":"ENI eni-EXAMPLE9 cannot be deleted because it is primary"}
{"level":"debug","ts":"2026-10-05T08:10:19.344Z","caller":"ipamd/ipamd.go:795","msg":"IP stats for Network Card 0 - total IPs: 5, assigned IPs: 0, cooldown IPs: 0"}
{"level":"debug","ts":"2026-10-05T08:10:19.344Z","caller":"ipamd/ipamd.go:861","msg":"Node found \"ip-10-20-0-21.ec2.internal\" - no of taints - 0"}
{"level":"debug","ts":"2026-10-05T08:10:19.344Z","caller":"datastore/data_store.go:1148","msg":"ENI eni-EXAMPLE9 cannot be deleted because it is primary"}
{"level":"debug","ts":"2026-10-05T08:10:24.345Z","caller":"ipamd/ipamd.go:795","msg":"IP stats for Network Card 0 - total IPs: 5, assigned IPs: 0, cooldown IPs: 0"}
{"level":"debug","ts":"2026-10-05T08:10:24.345Z","caller":"ipamd/ipamd.go:861","msg":"Node found \"ip-10-20-0-21.ec2.internal\" - no of taints - 0"}
{"level":"debug","ts":"2026-10-05T08:10:24.345Z","caller":"datastore/data_store.go:1148","msg":"ENI eni-EXAMPLE9 cannot be deleted because it is primary"}
{"level":"debug","ts":"2026-10-05T08:10:29.345Z","caller":"ipamd/ipamd.go:795","msg":"IP stats for Network Card 0 - total IPs: 5, assigned IPs: 0, cooldown IPs: 0"}
{"level":"debug","ts":"2026-10-05T08:10:29.345Z","caller":"ipamd/ipamd.go:861","msg":"Node found \"ip-10-20-0-21.ec2.internal\" - no of taints - 0"}
{"level":"debug","ts":"2026-10-05T08:10:29.345Z","caller":"datastore/data_store.go:1148","msg":"ENI eni-EXAMPLE9 cannot be deleted because it is primary"}
{"level":"debug","ts":"2026-10-05T08:10:34.347Z","caller":"ipamd/ipamd.go:795","msg":"IP stats for Network Card 0 - total IPs: 5, assigned IPs: 0, cooldown IPs: 0"}
{"level":"debug","ts":"2026-10-05T08:10:34.347Z","caller":"ipamd/ipamd.go:861","msg":"Node found \"ip-10-20-0-21.ec2.internal\" - no of taints - 0"}
{"level":"debug","ts":"2026-10-05T08:10:34.347Z","caller":"datastore/data_store.go:1148","msg":"ENI eni-EXAMPLE9 cannot be deleted because it is primary"}
{"level":"debug","ts":"2026-10-05T08:10:39.348Z","caller":"ipamd/ipamd.go:795","msg":"IP stats for Network Card 0 - total IPs: 5, assigned IPs: 0, cooldown IPs: 0"}
{"level":"debug","ts":"2026-10-05T08:10:39.348Z","caller":"ipamd/ipamd.go:861","msg":"Node found \"ip-10-20-0-21.ec2.internal\" - no of taints - 0"}
{"level":"debug","ts":"2026-10-05T08:10:39.348Z","caller":"datastore/data_store.go:1148","msg":"ENI eni-EXAMPLE9 cannot be deleted because it is primary"}
{"level":"debug","ts":"2026-10-05T08:10:41.849Z","caller":"ipamd/ipamd.go:798","msg":"Reconciling ENI/IP pool info because time since last 1m0.016630918s > 1m0s"}
{"level":"debug","ts":"2026-10-05T08:10:41.851Z","caller":"ipamd/ipamd.go:1621","msg":"Total number of interfaces found: 1 "}
{"level":"debug","ts":"2026-10-05T08:10:41.851Z","caller":"awsutils/awsutils.go:787","msg":"Found ENI MAC address: 12:ff:f8:37:95:69"}
{"level":"debug","ts":"2026-10-05T08:10:41.855Z","caller":"awsutils/awsutils.go:787","msg":"Found ENI: eni-EXAMPLE9, MAC 12:ff:f8:37:95:69, device 0"}
{"level":"debug","ts":"2026-10-05T08:10:41.858Z","caller":"awsutils/awsutils.go:787","msg":"Found IPv4 addresses associated with interface. This is not efa-only interface"}
{"level":"debug","ts":"2026-10-05T08:10:41.864Z","caller":"ipamd/ipamd.go:798","msg":"Reconcile existing ENI eni-EXAMPLE9 IP pool"}
{"level":"info","ts":"2026-10-05T08:10:41.864Z","caller":"ipamd/ipamd.go:1766","msg":"Reconcile and skip primary IP 10.20.0.21 on ENI eni-EXAMPLE9"}
{"level":"info","ts":"2026-10-05T08:10:41.864Z","caller":"ipamd/ipamd.go:1766","msg":"Trying to add 10.20.0.20"}
{"level":"info","ts":"2026-10-05T08:10:41.864Z","caller":"ipamd/ipamd.go:1890","msg":"Adding 10.20.0.20/32 to DS for eni-EXAMPLE9"}
{"level":"info","ts":"2026-10-05T08:10:41.864Z","caller":"ipamd/ipamd.go:1890","msg":"IP already in DS"}
{"level":"info","ts":"2026-10-05T08:10:41.864Z","caller":"ipamd/ipamd.go:1766","msg":"Trying to add 10.20.0.17"}
{"level":"info","ts":"2026-10-05T08:10:41.864Z","caller":"ipamd/ipamd.go:1890","msg":"Adding 10.20.0.17/32 to DS for eni-EXAMPLE9"}
{"level":"info","ts":"2026-10-05T08:10:41.864Z","caller":"ipamd/ipamd.go:1890","msg":"IP already in DS"}
{"level":"info","ts":"2026-10-05T08:10:41.864Z","caller":"ipamd/ipamd.go:1766","msg":"Trying to add 10.20.0.28"}
{"level":"info","ts":"2026-10-05T08:10:41.864Z","caller":"ipamd/ipamd.go:1890","msg":"Adding 10.20.0.28/32 to DS for eni-EXAMPLE9"}
{"level":"info","ts":"2026-10-05T08:10:41.864Z","caller":"ipamd/ipamd.go:1890","msg":"IP already in DS"}
{"level":"info","ts":"2026-10-05T08:10:41.864Z","caller":"ipamd/ipamd.go:1766","msg":"Trying to add 10.20.0.29"}
{"level":"info","ts":"2026-10-05T08:10:41.864Z","caller":"ipamd/ipamd.go:1890","msg":"Adding 10.20.0.29/32 to DS for eni-EXAMPLE9"}
{"level":"info","ts":"2026-10-05T08:10:41.864Z","caller":"ipamd/ipamd.go:1890","msg":"IP already in DS"}
{"level":"info","ts":"2026-10-05T08:10:41.864Z","caller":"ipamd/ipamd.go:1766","msg":"Trying to add 10.20.0.8"}
{"level":"info","ts":"2026-10-05T08:10:41.864Z","caller":"ipamd/ipamd.go:1890","msg":"Adding 10.20.0.8/32 to DS for eni-EXAMPLE9"}
{"level":"info","ts":"2026-10-05T08:10:41.864Z","caller":"ipamd/ipamd.go:1890","msg":"IP already in DS"}
{"level":"debug","ts":"2026-10-05T08:10:41.864Z","caller":"ipamd/ipamd.go:798","msg":"Reconcile existing ENI eni-EXAMPLE9 IP prefixes"}
{"level":"debug","ts":"2026-10-05T08:10:41.864Z","caller":"ipamd/ipamd.go:1693","msg":"Found prefix pool count 0 for eni eni-EXAMPLE9\n"}
{"level":"debug","ts":"2026-10-05T08:10:41.864Z","caller":"ipamd/ipamd.go:798","msg":"Successfully Reconciled ENI/IP pool"}
{"level":"debug","ts":"2026-10-05T08:10:41.864Z","caller":"ipamd/ipamd.go:1738","msg":"IP pool stats for network card 0: Total IPs/Prefixes = 5/0, AssignedIPs/CooldownIPs: 0/0, c.maxIPsPerENI = 5"}
{"level":"debug","ts":"2026-10-05T08:10:41.864Z","caller":"ipamd/ipamd.go:798","msg":"Primary IP for ENI eni-EXAMPLE9 is 10.20.0.21"}
{"level":"debug","ts":"2026-10-05T08:10:44.364Z","caller":"ipamd/ipamd.go:795","msg":"IP stats for Network Card 0 - total IPs: 5, assigned IPs: 0, cooldown IPs: 0"}
{"level":"debug","ts":"2026-10-05T08:10:44.364Z","caller":"ipamd/ipamd.go:861","msg":"Node found \"ip-10-20-0-21.ec2.internal\" - no of taints - 0"}
{"level":"debug","ts":"2026-10-05T08:10:44.364Z","caller":"datastore/data_store.go:1148","msg":"ENI eni-EXAMPLE9 cannot be deleted because it is primary"}
{"level":"debug","ts":"2026-10-05T08:10:49.366Z","caller":"ipamd/ipamd.go:795","msg":"IP stats for Network Card 0 - total IPs: 5, assigned IPs: 0, cooldown IPs: 0"}
{"level":"debug","ts":"2026-10-05T08:10:49.366Z","caller":"ipamd/ipamd.go:861","msg":"Node found \"ip-10-20-0-21.ec2.internal\" - no of taints - 0"}
{"level":"debug","ts":"2026-10-05T08:10:49.366Z","caller":"datastore/data_store.go:1148","msg":"ENI eni-EXAMPLE9 cannot be deleted because it is primary"}
{"level":"debug","ts":"2026-10-05T08:10:54.368Z","caller":"ipamd/ipamd.go:795","msg":"IP stats for Network Card 0 - total IPs: 5, assigned IPs: 0, cooldown IPs: 0"}
{"level":"debug","ts":"2026-10-05T08:10:54.368Z","caller":"ipamd/ipamd.go:861","msg":"Node found \"ip-10-20-0-21.ec2.internal\" - no of taints - 0"}
{"level":"debug","ts":"2026-10-05T08:10:54.368Z","caller":"datastore/data_store.go:1148","msg":"ENI eni-EXAMPLE9 cannot be deleted because it is primary"}
{"level":"debug","ts":"2026-10-05T08:10:59.369Z","caller":"ipamd/ipamd.go:795","msg":"IP stats for Network Card 0 - total IPs: 5, assigned IPs: 0, cooldown IPs: 0"}
{"level":"debug","ts":"2026-10-05T08:10:59.369Z","caller":"ipamd/ipamd.go:861","msg":"Node found \"ip-10-20-0-21.ec2.internal\" - no of taints - 0"}
{"level":"debug","ts":"2026-10-05T08:10:59.369Z","caller":"datastore/data_store.go:1148","msg":"ENI eni-EXAMPLE9 cannot be deleted because it is primary"}
{"level":"debug","ts":"2026-10-05T08:11:04.371Z","caller":"ipamd/ipamd.go:795","msg":"IP stats for Network Card 0 - total IPs: 5, assigned IPs: 0, cooldown IPs: 0"}
{"level":"debug","ts":"2026-10-05T08:11:04.371Z","caller":"ipamd/ipamd.go:861","msg":"Node found \"ip-10-20-0-21.ec2.internal\" - no of taints - 0"}
{"level":"debug","ts":"2026-10-05T08:11:04.371Z","caller":"datastore/data_store.go:1148","msg":"ENI eni-EXAMPLE9 cannot be deleted because it is primary"}
{"level":"info","ts":"2026-10-05T08:11:04.844Z","caller":"rpc/rpc_grpc.pb.go:117","msg":"Received AddNetwork for NS /var/run/netns/cni-3c1ff990-0335-6840-f4b2-3a2cedf68e9c, Sandbox b55d76d6e9a97b4b0c634e1771a2f5a7b07a3fe58879d017b330f5df3089919a, ifname eth0"}
{"level":"debug","ts":"2026-10-05T08:11:04.844Z","caller":"rpc/rpc_grpc.pb.go:117","msg":"AddNetworkRequest: K8S_POD_NAME:\"pause-68d5b89fc-h7f26\"  K8S_POD_NAMESPACE:\"default\"  K8S_POD_INFRA_CONTAINER_ID:\"b55d76d6e9a97b4b0c634e1771a2f5a7b07a3fe58879d017b330f5df3089919a\"  ContainerID:\"b55d76d6e9a97b4b0c634e1771a2f5a7b07a3fe58879d017b330f5df3089919a\"  IfName:\"eth0\"  NetworkName:\"aws-cni\"  Netns:\"/var/run/netns/cni-3c1ff990-0335-6840-f4b2-3a2cedf68e9c\""}
{"level":"info","ts":"2026-10-05T08:11:04.844Z","caller":"rpc/rpc_grpc.pb.go:117","msg":"Required MultiNIC access false, interfaces required 1"}
{"level":"debug","ts":"2026-10-05T08:11:04.844Z","caller":"datastore/data_store.go:713","msg":"AssignPodIPv4Address: IP address pool stats: total 5, assigned 0"}
{"level":"debug","ts":"2026-10-05T08:11:04.844Z","caller":"datastore/data_store.go:1469","msg":"Found a free IP not in DB - 10.20.0.29"}
{"level":"debug","ts":"2026-10-05T08:11:04.844Z","caller":"datastore/data_store.go:806","msg":"Returning Free IP 10.20.0.29"}
{"level":"debug","ts":"2026-10-05T08:11:04.844Z","caller":"datastore/data_store.go:713","msg":"New IP from CIDR pool- 10.20.0.29"}
{"level":"debug","ts":"2026-10-05T08:11:04.845Z","caller":"datastore/data_store.go:713","msg":"Allocating new IP 10.20.0.29 from CIDR 10.20.0.29/32 for pod"}
{"level":"info","ts":"2026-10-05T08:11:04.845Z","caller":"datastore/data_store.go:838","msg":"assignPodIPAddressUnsafe: Assign IP 10.20.0.29 to sandbox aws-cni/b55d76d6e9a97b4b0c634e1771a2f5a7b07a3fe58879d017b330f5df3089919a/eth0 with metadata {K8SPodNamespace:default K8SPodName:pause-68d5b89fc-h7f26 InterfacesCount:1}"}
{"level":"info","ts":"2026-10-05T08:11:04.845Z","caller":"rpc/rpc_grpc.pb.go:117","msg":"Assigned IP from network card: 0 -> IPv4: 10.20.0.29, IPv6: , device number: 0, "}
{"level":"info","ts":"2026-10-05T08:11:04.845Z","caller":"rpc/rpc_grpc.pb.go:117","msg":"Address assigned from datastores:  1"}
{"level":"debug","ts":"2026-10-05T08:11:04.846Z","caller":"rpc/rpc_grpc.pb.go:117","msg":"VPC CIDR 10.20.0.0/24"}
{"level":"info","ts":"2026-10-05T08:11:04.846Z","caller":"rpc/rpc_grpc.pb.go:117","msg":"Send AddNetworkReply: Success: true IPAddr: [IPv4Addr:\"10.20.0.29\"  RouteTableId:254], resp: Success:true  IPAllocationMetadata:{IPv4Addr:\"10.20.0.29\"  RouteTableId:254}  VPCv4CIDRs:\"10.20.0.0/24\"  NetworkPolicyMode:\"standard\", err: <nil>"}
{"level":"debug","ts":"2026-10-05T08:11:09.375Z","caller":"ipamd/ipamd.go:795","msg":"IP stats for Network Card 0 - total IPs: 5, assigned IPs: 1, cooldown IPs: 0"}
{"level":"debug","ts":"2026-10-05T08:11:09.375Z","caller":"ipamd/ipamd.go:861","msg":"Node found \"ip-10-20-0-21.ec2.internal\" - no of taints - 0"}
{"level":"debug","ts":"2026-10-05T08:11:09.375Z","caller":"datastore/data_store.go:1148","msg":"ENI eni-EXAMPLE9 cannot be deleted because it is primary"}
{"level":"debug","ts":"2026-10-05T08:11:14.377Z","caller":"ipamd/ipamd.go:795","msg":"IP stats for Network Card 0 - total IPs: 5, assigned IPs: 1, cooldown IPs: 0"}
{"level":"debug","ts":"2026-10-05T08:11:14.377Z","caller":"ipamd/ipamd.go:861","msg":"Node found \"ip-10-20-0-21.ec2.internal\" - no of taints - 0"}
{"level":"debug","ts":"2026-10-05T08:11:14.377Z","caller":"datastore/data_store.go:1148","msg":"ENI eni-EXAMPLE9 cannot be deleted because it is primary"}
{"level":"debug","ts":"2026-10-05T08:11:19.377Z","caller":"ipamd/ipamd.go:795","msg":"IP stats for Network Card 0 - total IPs: 5, assigned IPs: 1, cooldown IPs: 0"}
{"level":"debug","ts":"2026-10-05T08:11:19.377Z","caller":"ipamd/ipamd.go:861","msg":"Node found \"ip-10-20-0-21.ec2.internal\" - no of taints - 0"}
{"level":"debug","ts":"2026-10-05T08:11:19.377Z","caller":"datastore/data_store.go:1148","msg":"ENI eni-EXAMPLE9 cannot be deleted because it is primary"}
{"level":"debug","ts":"2026-10-05T08:11:24.379Z","caller":"ipamd/ipamd.go:795","msg":"IP stats for Network Card 0 - total IPs: 5, assigned IPs: 1, cooldown IPs: 0"}
{"level":"debug","ts":"2026-10-05T08:11:24.379Z","caller":"ipamd/ipamd.go:861","msg":"Node found \"ip-10-20-0-21.ec2.internal\" - no of taints - 0"}
{"level":"debug","ts":"2026-10-05T08:11:24.379Z","caller":"datastore/data_store.go:1148","msg":"ENI eni-EXAMPLE9 cannot be deleted because it is primary"}
{"level":"debug","ts":"2026-10-05T08:11:29.381Z","caller":"ipamd/ipamd.go:795","msg":"IP stats for Network Card 0 - total IPs: 5, assigned IPs: 1, cooldown IPs: 0"}
{"level":"debug","ts":"2026-10-05T08:11:29.381Z","caller":"ipamd/ipamd.go:861","msg":"Node found \"ip-10-20-0-21.ec2.internal\" - no of taints - 0"}
{"level":"debug","ts":"2026-10-05T08:11:29.381Z","caller":"datastore/data_store.go:1148","msg":"ENI eni-EXAMPLE9 cannot be deleted because it is primary"}
{"level":"debug","ts":"2026-10-05T08:11:34.381Z","caller":"ipamd/ipamd.go:795","msg":"IP stats for Network Card 0 - total IPs: 5, assigned IPs: 1, cooldown IPs: 0"}
{"level":"debug","ts":"2026-10-05T08:11:34.381Z","caller":"ipamd/ipamd.go:861","msg":"Node found \"ip-10-20-0-21.ec2.internal\" - no of taints - 0"}
{"level":"debug","ts":"2026-10-05T08:11:34.381Z","caller":"datastore/data_store.go:1148","msg":"ENI eni-EXAMPLE9 cannot be deleted because it is primary"}
{"level":"debug","ts":"2026-10-05T08:11:39.381Z","caller":"ipamd/ipamd.go:795","msg":"IP stats for Network Card 0 - total IPs: 5, assigned IPs: 1, cooldown IPs: 0"}
{"level":"debug","ts":"2026-10-05T08:11:39.381Z","caller":"ipamd/ipamd.go:861","msg":"Node found \"ip-10-20-0-21.ec2.internal\" - no of taints - 0"}
{"level":"debug","ts":"2026-10-05T08:11:39.381Z","caller":"datastore/data_store.go:1148","msg":"ENI eni-EXAMPLE9 cannot be deleted because it is primary"}
{"level":"debug","ts":"2026-10-05T08:11:41.882Z","caller":"ipamd/ipamd.go:798","msg":"Reconciling ENI/IP pool info because time since last 1m0.018009736s > 1m0s"}
{"level":"debug","ts":"2026-10-05T08:11:41.883Z","caller":"ipamd/ipamd.go:1621","msg":"Total number of interfaces found: 1 "}
{"level":"debug","ts":"2026-10-05T08:11:41.883Z","caller":"awsutils/awsutils.go:787","msg":"Found ENI MAC address: 12:ff:f8:37:95:69"}
{"level":"debug","ts":"2026-10-05T08:11:41.886Z","caller":"awsutils/awsutils.go:787","msg":"Found ENI: eni-EXAMPLE9, MAC 12:ff:f8:37:95:69, device 0"}
{"level":"debug","ts":"2026-10-05T08:11:41.887Z","caller":"awsutils/awsutils.go:787","msg":"Found IPv4 addresses associated with interface. This is not efa-only interface"}
{"level":"debug","ts":"2026-10-05T08:11:41.890Z","caller":"ipamd/ipamd.go:798","msg":"Reconcile existing ENI eni-EXAMPLE9 IP pool"}
{"level":"info","ts":"2026-10-05T08:11:41.890Z","caller":"ipamd/ipamd.go:1766","msg":"Reconcile and skip primary IP 10.20.0.21 on ENI eni-EXAMPLE9"}
{"level":"info","ts":"2026-10-05T08:11:41.890Z","caller":"ipamd/ipamd.go:1766","msg":"Trying to add 10.20.0.20"}
{"level":"info","ts":"2026-10-05T08:11:41.890Z","caller":"ipamd/ipamd.go:1890","msg":"Adding 10.20.0.20/32 to DS for eni-EXAMPLE9"}
{"level":"info","ts":"2026-10-05T08:11:41.890Z","caller":"ipamd/ipamd.go:1890","msg":"IP already in DS"}
{"level":"info","ts":"2026-10-05T08:11:41.890Z","caller":"ipamd/ipamd.go:1766","msg":"Trying to add 10.20.0.17"}
{"level":"info","ts":"2026-10-05T08:11:41.890Z","caller":"ipamd/ipamd.go:1890","msg":"Adding 10.20.0.17/32 to DS for eni-EXAMPLE9"}
{"level":"info","ts":"2026-10-05T08:11:41.890Z","caller":"ipamd/ipamd.go:1890","msg":"IP already in DS"}
{"level":"info","ts":"2026-10-05T08:11:41.890Z","caller":"ipamd/ipamd.go:1766","msg":"Trying to add 10.20.0.28"}
{"level":"info","ts":"2026-10-05T08:11:41.890Z","caller":"ipamd/ipamd.go:1890","msg":"Adding 10.20.0.28/32 to DS for eni-EXAMPLE9"}
{"level":"info","ts":"2026-10-05T08:11:41.890Z","caller":"ipamd/ipamd.go:1890","msg":"IP already in DS"}
{"level":"info","ts":"2026-10-05T08:11:41.890Z","caller":"ipamd/ipamd.go:1766","msg":"Trying to add 10.20.0.29"}
{"level":"info","ts":"2026-10-05T08:11:41.890Z","caller":"ipamd/ipamd.go:1890","msg":"Adding 10.20.0.29/32 to DS for eni-EXAMPLE9"}
{"level":"info","ts":"2026-10-05T08:11:41.890Z","caller":"ipamd/ipamd.go:1890","msg":"IP already in DS"}
{"level":"info","ts":"2026-10-05T08:11:41.890Z","caller":"ipamd/ipamd.go:1766","msg":"Trying to add 10.20.0.8"}
{"level":"info","ts":"2026-10-05T08:11:41.890Z","caller":"ipamd/ipamd.go:1890","msg":"Adding 10.20.0.8/32 to DS for eni-EXAMPLE9"}
{"level":"info","ts":"2026-10-05T08:11:41.890Z","caller":"ipamd/ipamd.go:1890","msg":"IP already in DS"}
{"level":"debug","ts":"2026-10-05T08:11:41.890Z","caller":"ipamd/ipamd.go:798","msg":"Reconcile existing ENI eni-EXAMPLE9 IP prefixes"}
{"level":"debug","ts":"2026-10-05T08:11:41.890Z","caller":"ipamd/ipamd.go:1693","msg":"Found prefix pool count 0 for eni eni-EXAMPLE9\n"}
{"level":"debug","ts":"2026-10-05T08:11:41.890Z","caller":"ipamd/ipamd.go:798","msg":"Successfully Reconciled ENI/IP pool"}
{"level":"debug","ts":"2026-10-05T08:11:41.890Z","caller":"ipamd/ipamd.go:1738","msg":"IP pool stats for network card 0: Total IPs/Prefixes = 5/0, AssignedIPs/CooldownIPs: 1/0, c.maxIPsPerENI = 5"}
{"level":"debug","ts":"2026-10-05T08:11:41.890Z","caller":"ipamd/ipamd.go:798","msg":"Primary IP for ENI eni-EXAMPLE9 is 10.20.0.21"}
{"level":"debug","ts":"2026-10-05T08:11:44.391Z","caller":"ipamd/ipamd.go:795","msg":"IP stats for Network Card 0 - total IPs: 5, assigned IPs: 1, cooldown IPs: 0"}
{"level":"debug","ts":"2026-10-05T08:11:44.391Z","caller":"ipamd/ipamd.go:861","msg":"Node found \"ip-10-20-0-21.ec2.internal\" - no of taints - 0"}
{"level":"debug","ts":"2026-10-05T08:11:44.391Z","caller":"datastore/data_store.go:1148","msg":"ENI eni-EXAMPLE9 cannot be deleted because it is primary"}
{"level":"debug","ts":"2026-10-05T08:11:49.391Z","caller":"ipamd/ipamd.go:795","msg":"IP stats for Network Card 0 - total IPs: 5, assigned IPs: 1, cooldown IPs: 0"}
{"level":"debug","ts":"2026-10-05T08:11:49.391Z","caller":"ipamd/ipamd.go:861","msg":"Node found \"ip-10-20-0-21.ec2.internal\" - no of taints - 0"}
{"level":"debug","ts":"2026-10-05T08:11:49.391Z","caller":"datastore/data_store.go:1148","msg":"ENI eni-EXAMPLE9 cannot be deleted because it is primary"}
{"level":"debug","ts":"2026-10-05T08:11:54.392Z","caller":"ipamd/ipamd.go:795","msg":"IP stats for Network Card 0 - total IPs: 5, assigned IPs: 1, cooldown IPs: 0"}
{"level":"debug","ts":"2026-10-05T08:11:54.392Z","caller":"ipamd/ipamd.go:861","msg":"Node found \"ip-10-20-0-21.ec2.internal\" - no of taints - 0"}
{"level":"debug","ts":"2026-10-05T08:11:54.392Z","caller":"datastore/data_store.go:1148","msg":"ENI eni-EXAMPLE9 cannot be deleted because it is primary"}
{"level":"debug","ts":"2026-10-05T08:11:59.392Z","caller":"ipamd/ipamd.go:795","msg":"IP stats for Network Card 0 - total IPs: 5, assigned IPs: 1, cooldown IPs: 0"}
{"level":"debug","ts":"2026-10-05T08:11:59.392Z","caller":"ipamd/ipamd.go:861","msg":"Node found \"ip-10-20-0-21.ec2.internal\" - no of taints - 0"}
{"level":"debug","ts":"2026-10-05T08:11:59.392Z","caller":"datastore/data_store.go:1148","msg":"ENI eni-EXAMPLE9 cannot be deleted because it is primary"}
{"level":"debug","ts":"2026-10-05T08:12:04.393Z","caller":"ipamd/ipamd.go:795","msg":"IP stats for Network Card 0 - total IPs: 5, assigned IPs: 1, cooldown IPs: 0"}
{"level":"debug","ts":"2026-10-05T08:12:04.394Z","caller":"ipamd/ipamd.go:861","msg":"Node found \"ip-10-20-0-21.ec2.internal\" - no of taints - 0"}
{"level":"debug","ts":"2026-10-05T08:12:04.394Z","caller":"datastore/data_store.go:1148","msg":"ENI eni-EXAMPLE9 cannot be deleted because it is primary"}
{"level":"debug","ts":"2026-10-05T08:12:09.394Z","caller":"ipamd/ipamd.go:795","msg":"IP stats for Network Card 0 - total IPs: 5, assigned IPs: 1, cooldown IPs: 0"}
{"level":"debug","ts":"2026-10-05T08:12:09.394Z","caller":"ipamd/ipamd.go:861","msg":"Node found \"ip-10-20-0-21.ec2.internal\" - no of taints - 0"}
{"level":"debug","ts":"2026-10-05T08:12:09.394Z","caller":"datastore/data_store.go:1148","msg":"ENI eni-EXAMPLE9 cannot be deleted because it is primary"}
{"level":"info","ts":"2026-10-05T08:12:12.016Z","caller":"rpc/rpc_grpc.pb.go:117","msg":"Received AddNetwork for NS /var/run/netns/cni-8765bf9a-49c8-da6a-ff57-f779d5ab77b4, Sandbox d0b4019cf1cabff80c1a310c049233a7a7ddfc9823624f618dafbacff6b3eafb, ifname eth0"}
{"level":"debug","ts":"2026-10-05T08:12:12.016Z","caller":"rpc/rpc_grpc.pb.go:117","msg":"AddNetworkRequest: K8S_POD_NAME:\"pause-68d5b89fc-ngzjs\"  K8S_POD_NAMESPACE:\"default\"  K8S_POD_INFRA_CONTAINER_ID:\"d0b4019cf1cabff80c1a310c049233a7a7ddfc9823624f618dafbacff6b3eafb\"  ContainerID:\"d0b4019cf1cabff80c1a310c049233a7a7ddfc9823624f618dafbacff6b3eafb\"  IfName:\"eth0\"  NetworkName:\"aws-cni\"  Netns:\"/var/run/netns/cni-8765bf9a-49c8-da6a-ff57-f779d5ab77b4\""}
{"level":"info","ts":"2026-10-05T08:12:12.016Z","caller":"rpc/rpc_grpc.pb.go:117","msg":"Required MultiNIC access false, interfaces required 1"}
{"level":"debug","ts":"2026-10-05T08:12:12.016Z","caller":"datastore/data_store.go:713","msg":"AssignPodIPv4Address: IP address pool stats: total 5, assigned 1"}
{"level":"debug","ts":"2026-10-05T08:12:12.016Z","caller":"datastore/data_store.go:1469","msg":"Found a free IP not in DB - 10.20.0.20"}
{"level":"debug","ts":"2026-10-05T08:12:12.016Z","caller":"datastore/data_store.go:806","msg":"Returning Free IP 10.20.0.20"}
{"level":"debug","ts":"2026-10-05T08:12:12.016Z","caller":"datastore/data_store.go:713","msg":"New IP from CIDR pool- 10.20.0.20"}
{"level":"debug","ts":"2026-10-05T08:12:12.016Z","caller":"datastore/data_store.go:713","msg":"Allocating new IP 10.20.0.20 from CIDR 10.20.0.20/32 for pod"}
{"level":"info","ts":"2026-10-05T08:12:12.016Z","caller":"datastore/data_store.go:838","msg":"assignPodIPAddressUnsafe: Assign IP 10.20.0.20 to sandbox aws-cni/d0b4019cf1cabff80c1a310c049233a7a7ddfc9823624f618dafbacff6b3eafb/eth0 with metadata {K8SPodNamespace:default K8SPodName:pause-68d5b89fc-ngzjs InterfacesCount:1}"}
{"level":"info","ts":"2026-10-05T08:12:12.016Z","caller":"rpc/rpc_grpc.pb.go:117","msg":"Assigned IP from network card: 0 -> IPv4: 10.20.0.20, IPv6: , device number: 0, "}
{"level":"info","ts":"2026-10-05T08:12:12.016Z","caller":"rpc/rpc_grpc.pb.go:117","msg":"Address assigned from datastores:  1"}
{"level":"debug","ts":"2026-10-05T08:12:12.017Z","caller":"rpc/rpc_grpc.pb.go:117","msg":"VPC CIDR 10.20.0.0/24"}
{"level":"info","ts":"2026-10-05T08:12:12.017Z","caller":"rpc/rpc_grpc.pb.go:117","msg":"Send AddNetworkReply: Success: true IPAddr: [IPv4Addr:\"10.20.0.20\"  RouteTableId:254], resp: Success:true  IPAllocationMetadata:{IPv4Addr:\"10.20.0.20\"  RouteTableId:254}  VPCv4CIDRs:\"10.20.0.0/24\"  NetworkPolicyMode:\"standard\", err: <nil>"}
{"level":"info","ts":"2026-10-05T08:12:12.104Z","caller":"rpc/rpc_grpc.pb.go:117","msg":"Received AddNetwork for NS /var/run/netns/cni-320b16f5-843e-ca3b-c56b-cdd34efbe8b3, Sandbox cba1b7af200db7f34254d3c9b8caa6f38539c327bdd7de6b90430f36e2870dc3, ifname eth0"}
{"level":"debug","ts":"2026-10-05T08:12:12.104Z","caller":"rpc/rpc_grpc.pb.go:117","msg":"AddNetworkRequest: K8S_POD_NAME:\"pause-68d5b89fc-8b944\"  K8S_POD_NAMESPACE:\"default\"  K8S_POD_INFRA_CONTAINER_ID:\"cba1b7af200db7f34254d3c9b8caa6f38539c327bdd7de6b90430f36e2870dc3\"  ContainerID:\"cba1b7af200db7f34254d3c9b8caa6f38539c327bdd7de6b90430f36e2870dc3\"  IfName:\"eth0\"  NetworkName:\"aws-cni\"  Netns:\"/var/run/netns/cni-320b16f5-843e-ca3b-c56b-cdd34efbe8b3\""}
{"level":"info","ts":"2026-10-05T08:12:12.104Z","caller":"rpc/rpc_grpc.pb.go:117","msg":"Required MultiNIC access false, interfaces required 1"}
{"level":"debug","ts":"2026-10-05T08:12:12.104Z","caller":"datastore/data_store.go:713","msg":"AssignPodIPv4Address: IP address pool stats: total 5, assigned 2"}
{"level":"debug","ts":"2026-10-05T08:12:12.104Z","caller":"datastore/data_store.go:806","msg":"Get free IP from prefix failed no free IP available in the prefix - 10.20.0.20/32"}
{"level":"debug","ts":"2026-10-05T08:12:12.104Z","caller":"datastore/data_store.go:713","msg":"Unable to get IP address from CIDR: no free IP available in the prefix - 10.20.0.20/32"}
{"level":"debug","ts":"2026-10-05T08:12:12.104Z","caller":"datastore/data_store.go:1469","msg":"Found a free IP not in DB - 10.20.0.17"}
{"level":"debug","ts":"2026-10-05T08:12:12.104Z","caller":"datastore/data_store.go:806","msg":"Returning Free IP 10.20.0.17"}
{"level":"debug","ts":"2026-10-05T08:12:12.104Z","caller":"datastore/data_store.go:713","msg":"New IP from CIDR pool- 10.20.0.17"}
{"level":"debug","ts":"2026-10-05T08:12:12.104Z","caller":"datastore/data_store.go:713","msg":"Allocating new IP 10.20.0.17 from CIDR 10.20.0.17/32 for pod"}
{"level":"info","ts":"2026-10-05T08:12:12.104Z","caller":"datastore/data_store.go:838","msg":"assignPodIPAddressUnsafe: Assign IP 10.20.0.17 to sandbox aws-cni/cba1b7af200db7f34254d3c9b8caa6f38539c327bdd7de6b90430f36e2870dc3/eth0 with metadata {K8SPodNamespace:default K8SPodName:pause-68d5b89fc-8b944 InterfacesCount:1}"}
{"level":"info","ts":"2026-10-05T08:12:12.104Z","caller":"rpc/rpc_grpc.pb.go:117","msg":"Assigned IP from network card: 0 -> IPv4: 10.20.0.17, IPv6: , device number: 0, "}
{"level":"info","ts":"2026-10-05T08:12:12.104Z","caller":"rpc/rpc_grpc.pb.go:117","msg":"Address assigned from datastores:  1"}
{"level":"debug","ts":"2026-10-05T08:12:12.105Z","caller":"rpc/rpc_grpc.pb.go:117","msg":"VPC CIDR 10.20.0.0/24"}
{"level":"info","ts":"2026-10-05T08:12:12.106Z","caller":"rpc/rpc_grpc.pb.go:117","msg":"Send AddNetworkReply: Success: true IPAddr: [IPv4Addr:\"10.20.0.17\"  RouteTableId:254], resp: Success:true  IPAllocationMetadata:{IPv4Addr:\"10.20.0.17\"  RouteTableId:254}  VPCv4CIDRs:\"10.20.0.0/24\"  NetworkPolicyMode:\"standard\", err: <nil>"}
{"level":"debug","ts":"2026-10-05T08:12:14.396Z","caller":"ipamd/ipamd.go:795","msg":"IP stats for Network Card 0 - total IPs: 5, assigned IPs: 3, cooldown IPs: 0"}
{"level":"debug","ts":"2026-10-05T08:12:14.396Z","caller":"ipamd/ipamd.go:861","msg":"Node found \"ip-10-20-0-21.ec2.internal\" - no of taints - 0"}
{"level":"debug","ts":"2026-10-05T08:12:14.396Z","caller":"datastore/data_store.go:1148","msg":"ENI eni-EXAMPLE9 cannot be deleted because it is primary"}
{"level":"debug","ts":"2026-10-05T08:12:19.399Z","caller":"ipamd/ipamd.go:795","msg":"IP stats for Network Card 0 - total IPs: 5, assigned IPs: 3, cooldown IPs: 0"}
{"level":"debug","ts":"2026-10-05T08:12:19.399Z","caller":"ipamd/ipamd.go:861","msg":"Node found \"ip-10-20-0-21.ec2.internal\" - no of taints - 0"}
{"level":"debug","ts":"2026-10-05T08:12:19.399Z","caller":"datastore/data_store.go:1148","msg":"ENI eni-EXAMPLE9 cannot be deleted because it is primary"}
{"level":"debug","ts":"2026-10-05T08:12:24.399Z","caller":"ipamd/ipamd.go:795","msg":"IP stats for Network Card 0 - total IPs: 5, assigned IPs: 3, cooldown IPs: 0"}
{"level":"debug","ts":"2026-10-05T08:12:24.400Z","caller":"ipamd/ipamd.go:861","msg":"Node found \"ip-10-20-0-21.ec2.internal\" - no of taints - 0"}
{"level":"debug","ts":"2026-10-05T08:12:24.400Z","caller":"datastore/data_store.go:1148","msg":"ENI eni-EXAMPLE9 cannot be deleted because it is primary"}
{"level":"debug","ts":"2026-10-05T08:12:29.401Z","caller":"ipamd/ipamd.go:795","msg":"IP stats for Network Card 0 - total IPs: 5, assigned IPs: 3, cooldown IPs: 0"}
{"level":"debug","ts":"2026-10-05T08:12:29.401Z","caller":"ipamd/ipamd.go:861","msg":"Node found \"ip-10-20-0-21.ec2.internal\" - no of taints - 0"}
{"level":"debug","ts":"2026-10-05T08:12:29.401Z","caller":"datastore/data_store.go:1148","msg":"ENI eni-EXAMPLE9 cannot be deleted because it is primary"}
{"level":"debug","ts":"2026-10-05T08:12:34.401Z","caller":"ipamd/ipamd.go:795","msg":"IP stats for Network Card 0 - total IPs: 5, assigned IPs: 3, cooldown IPs: 0"}
{"level":"debug","ts":"2026-10-05T08:12:34.401Z","caller":"ipamd/ipamd.go:861","msg":"Node found \"ip-10-20-0-21.ec2.internal\" - no of taints - 0"}
{"level":"debug","ts":"2026-10-05T08:12:34.401Z","caller":"datastore/data_store.go:1148","msg":"ENI eni-EXAMPLE9 cannot be deleted because it is primary"}
{"level":"debug","ts":"2026-10-05T08:12:39.404Z","caller":"ipamd/ipamd.go:795","msg":"IP stats for Network Card 0 - total IPs: 5, assigned IPs: 3, cooldown IPs: 0"}
{"level":"debug","ts":"2026-10-05T08:12:39.404Z","caller":"ipamd/ipamd.go:861","msg":"Node found \"ip-10-20-0-21.ec2.internal\" - no of taints - 0"}
{"level":"debug","ts":"2026-10-05T08:12:39.404Z","caller":"datastore/data_store.go:1148","msg":"ENI eni-EXAMPLE9 cannot be deleted because it is primary"}
{"level":"debug","ts":"2026-10-05T08:12:41.904Z","caller":"ipamd/ipamd.go:798","msg":"Reconciling ENI/IP pool info because time since last 1m0.014616183s > 1m0s"}
{"level":"debug","ts":"2026-10-05T08:12:41.906Z","caller":"ipamd/ipamd.go:1621","msg":"Total number of interfaces found: 1 "}
{"level":"debug","ts":"2026-10-05T08:12:41.906Z","caller":"awsutils/awsutils.go:787","msg":"Found ENI MAC address: 12:ff:f8:37:95:69"}
{"level":"debug","ts":"2026-10-05T08:12:41.909Z","caller":"awsutils/awsutils.go:787","msg":"Found ENI: eni-EXAMPLE9, MAC 12:ff:f8:37:95:69, device 0"}
{"level":"debug","ts":"2026-10-05T08:12:41.911Z","caller":"awsutils/awsutils.go:787","msg":"Found IPv4 addresses associated with interface. This is not efa-only interface"}
{"level":"debug","ts":"2026-10-05T08:12:41.921Z","caller":"ipamd/ipamd.go:798","msg":"Reconcile existing ENI eni-EXAMPLE9 IP pool"}
{"level":"info","ts":"2026-10-05T08:12:41.922Z","caller":"ipamd/ipamd.go:1766","msg":"Reconcile and skip primary IP 10.20.0.21 on ENI eni-EXAMPLE9"}
{"level":"info","ts":"2026-10-05T08:12:41.922Z","caller":"ipamd/ipamd.go:1766","msg":"Trying to add 10.20.0.20"}
{"level":"info","ts":"2026-10-05T08:12:41.922Z","caller":"ipamd/ipamd.go:1890","msg":"Adding 10.20.0.20/32 to DS for eni-EXAMPLE9"}
{"level":"info","ts":"2026-10-05T08:12:41.922Z","caller":"ipamd/ipamd.go:1890","msg":"IP already in DS"}
{"level":"info","ts":"2026-10-05T08:12:41.922Z","caller":"ipamd/ipamd.go:1766","msg":"Trying to add 10.20.0.17"}
{"level":"info","ts":"2026-10-05T08:12:41.922Z","caller":"ipamd/ipamd.go:1890","msg":"Adding 10.20.0.17/32 to DS for eni-EXAMPLE9"}
{"level":"info","ts":"2026-10-05T08:12:41.922Z","caller":"ipamd/ipamd.go:1890","msg":"IP already in DS"}
{"level":"info","ts":"2026-10-05T08:12:41.922Z","caller":"ipamd/ipamd.go:1766","msg":"Trying to add 10.20.0.28"}
{"level":"info","ts":"2026-10-05T08:12:41.922Z","caller":"ipamd/ipamd.go:1890","msg":"Adding 10.20.0.28/32 to DS for eni-EXAMPLE9"}
{"level":"info","ts":"2026-10-05T08:12:41.922Z","caller":"ipamd/ipamd.go:1890","msg":"IP already in DS"}
{"level":"info","ts":"2026-10-05T08:12:41.922Z","caller":"ipamd/ipamd.go:1766","msg":"Trying to add 10.20.0.29"}
{"level":"info","ts":"2026-10-05T08:12:41.922Z","caller":"ipamd/ipamd.go:1890","msg":"Adding 10.20.0.29/32 to DS for eni-EXAMPLE9"}
{"level":"info","ts":"2026-10-05T08:12:41.922Z","caller":"ipamd/ipamd.go:1890","msg":"IP already in DS"}
{"level":"info","ts":"2026-10-05T08:12:41.922Z","caller":"ipamd/ipamd.go:1766","msg":"Trying to add 10.20.0.8"}
{"level":"info","ts":"2026-10-05T08:12:41.922Z","caller":"ipamd/ipamd.go:1890","msg":"Adding 10.20.0.8/32 to DS for eni-EXAMPLE9"}
{"level":"info","ts":"2026-10-05T08:12:41.922Z","caller":"ipamd/ipamd.go:1890","msg":"IP already in DS"}
{"level":"debug","ts":"2026-10-05T08:12:41.922Z","caller":"ipamd/ipamd.go:798","msg":"Reconcile existing ENI eni-EXAMPLE9 IP prefixes"}
{"level":"debug","ts":"2026-10-05T08:12:41.922Z","caller":"ipamd/ipamd.go:1693","msg":"Found prefix pool count 0 for eni eni-EXAMPLE9\n"}
{"level":"debug","ts":"2026-10-05T08:12:41.922Z","caller":"ipamd/ipamd.go:798","msg":"Successfully Reconciled ENI/IP pool"}
{"level":"debug","ts":"2026-10-05T08:12:41.922Z","caller":"ipamd/ipamd.go:1738","msg":"IP pool stats for network card 0: Total IPs/Prefixes = 5/0, AssignedIPs/CooldownIPs: 3/0, c.maxIPsPerENI = 5"}
{"level":"debug","ts":"2026-10-05T08:12:41.922Z","caller":"ipamd/ipamd.go:798","msg":"Primary IP for ENI eni-EXAMPLE9 is 10.20.0.21"}
{"level":"debug","ts":"2026-10-05T08:12:44.422Z","caller":"ipamd/ipamd.go:795","msg":"IP stats for Network Card 0 - total IPs: 5, assigned IPs: 3, cooldown IPs: 0"}
{"level":"debug","ts":"2026-10-05T08:12:44.422Z","caller":"ipamd/ipamd.go:861","msg":"Node found \"ip-10-20-0-21.ec2.internal\" - no of taints - 0"}
{"level":"debug","ts":"2026-10-05T08:12:44.422Z","caller":"datastore/data_store.go:1148","msg":"ENI eni-EXAMPLE9 cannot be deleted because it is primary"}
{"level":"debug","ts":"2026-10-05T08:12:49.423Z","caller":"ipamd/ipamd.go:795","msg":"IP stats for Network Card 0 - total IPs: 5, assigned IPs: 3, cooldown IPs: 0"}
{"level":"debug","ts":"2026-10-05T08:12:49.423Z","caller":"ipamd/ipamd.go:861","msg":"Node found \"ip-10-20-0-21.ec2.internal\" - no of taints - 0"}
{"level":"debug","ts":"2026-10-05T08:12:49.423Z","caller":"datastore/data_store.go:1148","msg":"ENI eni-EXAMPLE9 cannot be deleted because it is primary"}
{"level":"debug","ts":"2026-10-05T08:12:54.425Z","caller":"ipamd/ipamd.go:795","msg":"IP stats for Network Card 0 - total IPs: 5, assigned IPs: 3, cooldown IPs: 0"}
{"level":"debug","ts":"2026-10-05T08:12:54.425Z","caller":"ipamd/ipamd.go:861","msg":"Node found \"ip-10-20-0-21.ec2.internal\" - no of taints - 0"}
{"level":"debug","ts":"2026-10-05T08:12:54.425Z","caller":"datastore/data_store.go:1148","msg":"ENI eni-EXAMPLE9 cannot be deleted because it is primary"}
{"level":"debug","ts":"2026-10-05T08:12:59.427Z","caller":"ipamd/ipamd.go:795","msg":"IP stats for Network Card 0 - total IPs: 5, assigned IPs: 3, cooldown IPs: 0"}
{"level":"debug","ts":"2026-10-05T08:12:59.427Z","caller":"ipamd/ipamd.go:861","msg":"Node found \"ip-10-20-0-21.ec2.internal\" - no of taints - 0"}
{"level":"debug","ts":"2026-10-05T08:12:59.427Z","caller":"datastore/data_store.go:1148","msg":"ENI eni-EXAMPLE9 cannot be deleted because it is primary"}
{"level":"debug","ts":"2026-10-05T08:13:04.427Z","caller":"ipamd/ipamd.go:795","msg":"IP stats for Network Card 0 - total IPs: 5, assigned IPs: 3, cooldown IPs: 0"}
{"level":"debug","ts":"2026-10-05T08:13:04.427Z","caller":"ipamd/ipamd.go:861","msg":"Node found \"ip-10-20-0-21.ec2.internal\" - no of taints - 0"}
{"level":"debug","ts":"2026-10-05T08:13:04.427Z","caller":"datastore/data_store.go:1148","msg":"ENI eni-EXAMPLE9 cannot be deleted because it is primary"}
{"level":"debug","ts":"2026-10-05T08:13:09.431Z","caller":"ipamd/ipamd.go:795","msg":"IP stats for Network Card 0 - total IPs: 5, assigned IPs: 3, cooldown IPs: 0"}
{"level":"debug","ts":"2026-10-05T08:13:09.431Z","caller":"ipamd/ipamd.go:861","msg":"Node found \"ip-10-20-0-21.ec2.internal\" - no of taints - 0"}
{"level":"debug","ts":"2026-10-05T08:13:09.431Z","caller":"datastore/data_store.go:1148","msg":"ENI eni-EXAMPLE9 cannot be deleted because it is primary"}
{"level":"debug","ts":"2026-10-05T08:13:14.433Z","caller":"ipamd/ipamd.go:795","msg":"IP stats for Network Card 0 - total IPs: 5, assigned IPs: 3, cooldown IPs: 0"}
{"level":"debug","ts":"2026-10-05T08:13:14.433Z","caller":"ipamd/ipamd.go:861","msg":"Node found \"ip-10-20-0-21.ec2.internal\" - no of taints - 0"}
{"level":"debug","ts":"2026-10-05T08:13:14.433Z","caller":"datastore/data_store.go:1148","msg":"ENI eni-EXAMPLE9 cannot be deleted because it is primary"}
{"level":"info","ts":"2026-10-05T08:13:19.194Z","caller":"rpc/rpc_grpc.pb.go:117","msg":"Received AddNetwork for NS /var/run/netns/cni-7b8d3a92-27b7-138c-a133-41edd7ecd5b6, Sandbox 4d9a1343a673a9e022f716fe759aee0288219dcaf801d53ae5b5b10b6c2e335e, ifname eth0"}
{"level":"debug","ts":"2026-10-05T08:13:19.194Z","caller":"rpc/rpc_grpc.pb.go:117","msg":"AddNetworkRequest: K8S_POD_NAME:\"pause-68d5b89fc-w52dh\"  K8S_POD_NAMESPACE:\"default\"  K8S_POD_INFRA_CONTAINER_ID:\"4d9a1343a673a9e022f716fe759aee0288219dcaf801d53ae5b5b10b6c2e335e\"  ContainerID:\"4d9a1343a673a9e022f716fe759aee0288219dcaf801d53ae5b5b10b6c2e335e\"  IfName:\"eth0\"  NetworkName:\"aws-cni\"  Netns:\"/var/run/netns/cni-7b8d3a92-27b7-138c-a133-41edd7ecd5b6\""}
{"level":"info","ts":"2026-10-05T08:13:19.194Z","caller":"rpc/rpc_grpc.pb.go:117","msg":"Required MultiNIC access false, interfaces required 1"}
{"level":"debug","ts":"2026-10-05T08:13:19.194Z","caller":"datastore/data_store.go:713","msg":"AssignPodIPv4Address: IP address pool stats: total 5, assigned 3"}
{"level":"debug","ts":"2026-10-05T08:13:19.194Z","caller":"datastore/data_store.go:806","msg":"Get free IP from prefix failed no free IP available in the prefix - 10.20.0.20/32"}
{"level":"debug","ts":"2026-10-05T08:13:19.194Z","caller":"datastore/data_store.go:713","msg":"Unable to get IP address from CIDR: no free IP available in the prefix - 10.20.0.20/32"}
{"level":"debug","ts":"2026-10-05T08:13:19.194Z","caller":"datastore/data_store.go:806","msg":"Get free IP from prefix failed no free IP available in the prefix - 10.20.0.17/32"}
{"level":"debug","ts":"2026-10-05T08:13:19.194Z","caller":"datastore/data_store.go:713","msg":"Unable to get IP address from CIDR: no free IP available in the prefix - 10.20.0.17/32"}
{"level":"debug","ts":"2026-10-05T08:13:19.194Z","caller":"datastore/data_store.go:1469","msg":"Found a free IP not in DB - 10.20.0.28"}
{"level":"debug","ts":"2026-10-05T08:13:19.194Z","caller":"datastore/data_store.go:806","msg":"Returning Free IP 10.20.0.28"}
{"level":"debug","ts":"2026-10-05T08:13:19.194Z","caller":"datastore/data_store.go:713","msg":"New IP from CIDR pool- 10.20.0.28"}
{"level":"debug","ts":"2026-10-05T08:13:19.194Z","caller":"datastore/data_store.go:713","msg":"Allocating new IP 10.20.0.28 from CIDR 10.20.0.28/32 for pod"}
{"level":"info","ts":"2026-10-05T08:13:19.194Z","caller":"datastore/data_store.go:838","msg":"assignPodIPAddressUnsafe: Assign IP 10.20.0.28 to sandbox aws-cni/4d9a1343a673a9e022f716fe759aee0288219dcaf801d53ae5b5b10b6c2e335e/eth0 with metadata {K8SPodNamespace:default K8SPodName:pause-68d5b89fc-w52dh InterfacesCount:1}"}
{"level":"info","ts":"2026-10-05T08:13:19.194Z","caller":"rpc/rpc_grpc.pb.go:117","msg":"Assigned IP from network card: 0 -> IPv4: 10.20.0.28, IPv6: , device number: 0, "}
{"level":"info","ts":"2026-10-05T08:13:19.194Z","caller":"rpc/rpc_grpc.pb.go:117","msg":"Address assigned from datastores:  1"}
{"level":"debug","ts":"2026-10-05T08:13:19.196Z","caller":"rpc/rpc_grpc.pb.go:117","msg":"VPC CIDR 10.20.0.0/24"}
{"level":"info","ts":"2026-10-05T08:13:19.196Z","caller":"rpc/rpc_grpc.pb.go:117","msg":"Send AddNetworkReply: Success: true IPAddr: [IPv4Addr:\"10.20.0.28\"  RouteTableId:254], resp: Success:true  IPAllocationMetadata:{IPv4Addr:\"10.20.0.28\"  RouteTableId:254}  VPCv4CIDRs:\"10.20.0.0/24\"  NetworkPolicyMode:\"standard\", err: <nil>"}
{"level":"debug","ts":"2026-10-05T08:13:19.434Z","caller":"ipamd/ipamd.go:795","msg":"IP stats for Network Card 0 - total IPs: 5, assigned IPs: 4, cooldown IPs: 0"}
{"level":"debug","ts":"2026-10-05T08:13:19.434Z","caller":"ipamd/ipamd.go:813","msg":"Starting to increase pool size for network card 0"}
{"level":"debug","ts":"2026-10-05T08:13:19.434Z","caller":"ipamd/ipamd.go:966","msg":"Node found \"ip-10-20-0-21.ec2.internal\" - no of taints - 0"}
{"level":"debug","ts":"2026-10-05T08:13:19.434Z","caller":"ipamd/ipamd.go:1003","msg":"hasRoomForEni: networkCard=0, currentENIs=1, currentUsableENIs=1, maxENI=3, unmanagedENI=0, trunkEni=0, excludedENI=0, hasRoom=true"}
{"level":"info","ts":"2026-10-05T08:13:19.434Z","caller":"awsutils/awsutils.go:1044","msg":"Trying to allocate 1 IP addresses on new ENI"}
{"level":"debug","ts":"2026-10-05T08:13:19.434Z","caller":"awsutils/awsutils.go:1044","msg":"PD enabled - false"}
{"level":"debug","ts":"2026-10-05T08:13:19.514Z","caller":"awsutils/awsutils.go:1272","msg":"Primary subnet subnet-EXAMPLE4 has no kubernetes.io/role/cni tag, including it for ENI creation (backwards compatibility)"}
{"level":"info","ts":"2026-10-05T08:13:19.514Z","caller":"awsutils/awsutils.go:1044","msg":"Creating ENI with security groups: [sg-EXAMPLE1] in subnet: subnet-EXAMPLE4"}
{"level":"info","ts":"2026-10-05T08:13:20.063Z","caller":"awsutils/awsutils.go:1285","msg":"Created a new ENI: eni-EXAMPLE10"}
{"level":"debug","ts":"2026-10-05T08:13:20.175Z","caller":"awsutils/awsutils.go:1095","msg":"Discovered device number is used for network card 0: 0"}
{"level":"debug","ts":"2026-10-05T08:13:20.175Z","caller":"awsutils/awsutils.go:1095","msg":"Found a free device number for network card 0 : 1"}
{"level":"info","ts":"2026-10-05T08:13:21.667Z","caller":"ipamd/ipamd.go:1077","msg":"Successfully created and attached a new ENI eni-EXAMPLE10 to instance on network card 0"}
{"level":"debug","ts":"2026-10-05T08:13:21.669Z","caller":"awsutils/awsutils.go:2253","msg":"Total number of interfaces found: 1 "}
{"level":"debug","ts":"2026-10-05T08:13:21.669Z","caller":"awsutils/awsutils.go:787","msg":"Found ENI MAC address: 12:ff:f8:37:95:69"}
{"level":"debug","ts":"2026-10-05T08:13:21.679Z","caller":"awsutils/awsutils.go:787","msg":"Found ENI: eni-EXAMPLE9, MAC 12:ff:f8:37:95:69, device 0"}
{"level":"debug","ts":"2026-10-05T08:13:21.681Z","caller":"awsutils/awsutils.go:787","msg":"Found IPv4 addresses associated with interface. This is not efa-only interface"}
{"level":"debug","ts":"2026-10-05T08:13:21.684Z","caller":"retry/retry.go:70","msg":"Not able to find the right ENI yet (attempt 1/12)"}
{"level":"debug","ts":"2026-10-05T08:13:21.798Z","caller":"awsutils/awsutils.go:2253","msg":"Total number of interfaces found: 1 "}
{"level":"debug","ts":"2026-10-05T08:13:21.798Z","caller":"awsutils/awsutils.go:787","msg":"Found ENI MAC address: 12:ff:f8:37:95:69"}
{"level":"debug","ts":"2026-10-05T08:13:21.800Z","caller":"awsutils/awsutils.go:787","msg":"Found ENI: eni-EXAMPLE9, MAC 12:ff:f8:37:95:69, device 0"}
{"level":"debug","ts":"2026-10-05T08:13:21.802Z","caller":"awsutils/awsutils.go:787","msg":"Found IPv4 addresses associated with interface. This is not efa-only interface"}
{"level":"debug","ts":"2026-10-05T08:13:21.804Z","caller":"retry/retry.go:70","msg":"Not able to find the right ENI yet (attempt 2/12)"}
{"level":"debug","ts":"2026-10-05T08:13:22.017Z","caller":"awsutils/awsutils.go:2253","msg":"Total number of interfaces found: 2 "}
{"level":"debug","ts":"2026-10-05T08:13:22.017Z","caller":"awsutils/awsutils.go:787","msg":"Found ENI MAC address: 12:ff:d2:a8:6f:5f"}
{"level":"debug","ts":"2026-10-05T08:13:22.020Z","caller":"awsutils/awsutils.go:787","msg":"Found ENI: eni-EXAMPLE10, MAC 12:ff:d2:a8:6f:5f, device 1"}
{"level":"debug","ts":"2026-10-05T08:13:22.021Z","caller":"awsutils/awsutils.go:787","msg":"Found IPv4 addresses associated with interface. This is not efa-only interface"}
{"level":"debug","ts":"2026-10-05T08:13:22.025Z","caller":"awsutils/awsutils.go:787","msg":"Found ENI MAC address: 12:ff:f8:37:95:69"}
{"level":"debug","ts":"2026-10-05T08:13:22.027Z","caller":"awsutils/awsutils.go:787","msg":"Found ENI: eni-EXAMPLE9, MAC 12:ff:f8:37:95:69, device 0"}
{"level":"debug","ts":"2026-10-05T08:13:22.029Z","caller":"awsutils/awsutils.go:787","msg":"Found IPv4 addresses associated with interface. This is not efa-only interface"}
{"level":"debug","ts":"2026-10-05T08:13:22.032Z","caller":"retry/retry.go:70","msg":"ENI ID: eni-EXAMPLE10 IP Addr: 2, IPv4Prefixes:- 0, IPv6Prefixes:- 0"}
{"level":"debug","ts":"2026-10-05T08:13:22.032Z","caller":"ipamd/ipamd.go:1313","msg":"DataStore add an ENI eni-EXAMPLE10"}
{"level":"debug","ts":"2026-10-05T08:13:22.238Z","caller":"ipamd/ipamd.go:2913","msg":"IsSubnetExcluded: subnet subnet-EXAMPLE4 has no kubernetes.io/role/cni tag, not excluded"}
{"level":"info","ts":"2026-10-05T08:13:22.238Z","caller":"networkutils/network.go:947","msg":"Setting up network for an ENI with IP address 10.20.0.25, MAC address 12:ff:d2:a8:6f:5f, CIDR 10.20.0.0/27, route table 2 and Network Card 0"}
{"level":"debug","ts":"2026-10-05T08:13:22.239Z","caller":"netlinkwrapper/netlink.go:138","msg":"netlink operation succeeded on attempt 1 of 5"}
{"level":"debug","ts":"2026-10-05T08:13:22.239Z","caller":"networkutils/network.go:975","msg":"Found the Link that uses mac address 12:ff:d2:a8:6f:5f and its index is 7 (attempt 1/5)"}
{"level":"debug","ts":"2026-10-05T08:13:22.243Z","caller":"networkutils/network.go:947","msg":"Setting up ENI's primary IP 10.20.0.25"}
{"level":"debug","ts":"2026-10-05T08:13:22.243Z","caller":"netlinkwrapper/netlink.go:174","msg":"netlink operation succeeded on attempt 1 of 5"}
{"level":"debug","ts":"2026-10-05T08:13:22.243Z","caller":"networkutils/network.go:947","msg":"Adding IP address 10.20.0.25/27"}
{"level":"debug","ts":"2026-10-05T08:13:22.244Z","caller":"networkutils/network.go:947","msg":"Setting up ENI's default gateway 10.20.0.1, table 2, linkIndex 7"}
{"level":"debug","ts":"2026-10-05T08:13:22.244Z","caller":"retry/retry.go:70","msg":"Successfully added/replaced route to be 10.20.0.1/0"}
{"level":"debug","ts":"2026-10-05T08:13:22.244Z","caller":"retry/retry.go:70","msg":"Successfully added/replaced route to be 0.0.0.0/0"}
{"level":"info","ts":"2026-10-05T08:13:22.244Z","caller":"networkutils/network.go:947","msg":"Adding rule for Primary IP [ip rule 32765: from 10.20.0.25/32 to all table 2 ]"}
{"level":"debug","ts":"2026-10-05T08:13:22.244Z","caller":"networkutils/network.go:947","msg":"setupENINetwork: rule for Primary IP 10.20.0.25 added"}
{"level":"info","ts":"2026-10-05T08:13:22.244Z","caller":"ipamd/ipamd.go:1097","msg":"Found ENIs having 2 secondary IPs and 0 Prefixes"}
{"level":"info","ts":"2026-10-05T08:13:22.244Z","caller":"ipamd/ipamd.go:1387","msg":"Adding 10.20.0.9/32 to DS for eni-EXAMPLE10"}
{"level":"info","ts":"2026-10-05T08:13:22.244Z","caller":"ipamd/ipamd.go:1387","msg":"Added ENI(eni-EXAMPLE10)'s IP/Prefix 10.20.0.9/32 to datastore"}
{"level":"debug","ts":"2026-10-05T08:13:22.245Z","caller":"ipamd/ipamd.go:1394","msg":"IP pool stats for network card 0: Total IPs/Prefixes = 6/0, AssignedIPs/CooldownIPs: 4/0, c.maxIPsPerENI = 5"}
{"level":"debug","ts":"2026-10-05T08:13:22.245Z","caller":"ipamd/ipamd.go:1415","msg":"IP pool stats for network card 0: Total IPs/Prefixes = 6/0, AssignedIPs/CooldownIPs: 4/0, c.maxIPsPerENI = 5"}
{"level":"debug","ts":"2026-10-05T08:13:22.245Z","caller":"ipamd/ipamd.go:1053","msg":"IP pool stats for network card 0: Total IPs/Prefixes = 6/0, AssignedIPs/CooldownIPs: 4/0, c.maxIPsPerENI = 5"}
{"level":"debug","ts":"2026-10-05T08:13:22.245Z","caller":"ipamd/ipamd.go:861","msg":"Node found \"ip-10-20-0-21.ec2.internal\" - no of taints - 0"}
{"level":"debug","ts":"2026-10-05T08:13:22.245Z","caller":"datastore/data_store.go:1148","msg":"ENI eni-EXAMPLE9 cannot be deleted because it is primary"}
{"level":"debug","ts":"2026-10-05T08:13:22.245Z","caller":"datastore/data_store.go:1148","msg":"ENI eni-EXAMPLE10 cannot be deleted because it is too young"}
{"level":"debug","ts":"2026-10-05T08:13:27.246Z","caller":"ipamd/ipamd.go:795","msg":"IP stats for Network Card 0 - total IPs: 6, assigned IPs: 4, cooldown IPs: 0"}
{"level":"debug","ts":"2026-10-05T08:13:27.246Z","caller":"ipamd/ipamd.go:861","msg":"Node found \"ip-10-20-0-21.ec2.internal\" - no of taints - 0"}
{"level":"debug","ts":"2026-10-05T08:13:27.246Z","caller":"datastore/data_store.go:1148","msg":"ENI eni-EXAMPLE10 cannot be deleted because it is too young"}
{"level":"debug","ts":"2026-10-05T08:13:27.246Z","caller":"datastore/data_store.go:1148","msg":"ENI eni-EXAMPLE9 cannot be deleted because it is primary"}
{"level":"debug","ts":"2026-10-05T08:13:32.248Z","caller":"ipamd/ipamd.go:795","msg":"IP stats for Network Card 0 - total IPs: 6, assigned IPs: 4, cooldown IPs: 0"}
{"level":"debug","ts":"2026-10-05T08:13:32.248Z","caller":"ipamd/ipamd.go:861","msg":"Node found \"ip-10-20-0-21.ec2.internal\" - no of taints - 0"}
{"level":"debug","ts":"2026-10-05T08:13:32.248Z","caller":"datastore/data_store.go:1148","msg":"ENI eni-EXAMPLE9 cannot be deleted because it is primary"}
{"level":"debug","ts":"2026-10-05T08:13:32.248Z","caller":"datastore/data_store.go:1148","msg":"ENI eni-EXAMPLE10 cannot be deleted because it is too young"}
{"level":"debug","ts":"2026-10-05T08:13:37.249Z","caller":"ipamd/ipamd.go:795","msg":"IP stats for Network Card 0 - total IPs: 6, assigned IPs: 4, cooldown IPs: 0"}
{"level":"debug","ts":"2026-10-05T08:13:37.249Z","caller":"ipamd/ipamd.go:861","msg":"Node found \"ip-10-20-0-21.ec2.internal\" - no of taints - 0"}
{"level":"debug","ts":"2026-10-05T08:13:37.249Z","caller":"datastore/data_store.go:1148","msg":"ENI eni-EXAMPLE9 cannot be deleted because it is primary"}
{"level":"debug","ts":"2026-10-05T08:13:37.249Z","caller":"datastore/data_store.go:1148","msg":"ENI eni-EXAMPLE10 cannot be deleted because it is too young"}
{"level":"debug","ts":"2026-10-05T08:13:42.250Z","caller":"ipamd/ipamd.go:795","msg":"IP stats for Network Card 0 - total IPs: 6, assigned IPs: 4, cooldown IPs: 0"}
{"level":"debug","ts":"2026-10-05T08:13:42.250Z","caller":"ipamd/ipamd.go:861","msg":"Node found \"ip-10-20-0-21.ec2.internal\" - no of taints - 0"}
{"level":"debug","ts":"2026-10-05T08:13:42.250Z","caller":"datastore/data_store.go:1148","msg":"ENI eni-EXAMPLE9 cannot be deleted because it is primary"}
{"level":"debug","ts":"2026-10-05T08:13:42.250Z","caller":"datastore/data_store.go:1148","msg":"ENI eni-EXAMPLE10 cannot be deleted because it is too young"}
{"level":"debug","ts":"2026-10-05T08:13:47.252Z","caller":"ipamd/ipamd.go:795","msg":"IP stats for Network Card 0 - total IPs: 6, assigned IPs: 4, cooldown IPs: 0"}
{"level":"debug","ts":"2026-10-05T08:13:47.252Z","caller":"ipamd/ipamd.go:861","msg":"Node found \"ip-10-20-0-21.ec2.internal\" - no of taints - 0"}
{"level":"debug","ts":"2026-10-05T08:13:47.252Z","caller":"datastore/data_store.go:1148","msg":"ENI eni-EXAMPLE9 cannot be deleted because it is primary"}
{"level":"debug","ts":"2026-10-05T08:13:47.252Z","caller":"datastore/data_store.go:1148","msg":"ENI eni-EXAMPLE10 cannot be deleted because it is too young"}
{"level":"debug","ts":"2026-10-05T08:13:52.255Z","caller":"ipamd/ipamd.go:795","msg":"IP stats for Network Card 0 - total IPs: 6, assigned IPs: 4, cooldown IPs: 0"}
{"level":"debug","ts":"2026-10-05T08:13:52.255Z","caller":"ipamd/ipamd.go:861","msg":"Node found \"ip-10-20-0-21.ec2.internal\" - no of taints - 0"}
{"level":"debug","ts":"2026-10-05T08:13:52.255Z","caller":"datastore/data_store.go:1148","msg":"ENI eni-EXAMPLE9 cannot be deleted because it is primary"}
{"level":"debug","ts":"2026-10-05T08:13:52.255Z","caller":"datastore/data_store.go:1148","msg":"ENI eni-EXAMPLE10 cannot be deleted because it is too young"}
{"level":"debug","ts":"2026-10-05T08:13:57.256Z","caller":"ipamd/ipamd.go:795","msg":"IP stats for Network Card 0 - total IPs: 6, assigned IPs: 4, cooldown IPs: 0"}
{"level":"debug","ts":"2026-10-05T08:13:57.256Z","caller":"ipamd/ipamd.go:861","msg":"Node found \"ip-10-20-0-21.ec2.internal\" - no of taints - 0"}
{"level":"debug","ts":"2026-10-05T08:13:57.256Z","caller":"datastore/data_store.go:1148","msg":"ENI eni-EXAMPLE9 cannot be deleted because it is primary"}
{"level":"debug","ts":"2026-10-05T08:13:57.256Z","caller":"datastore/data_store.go:1148","msg":"ENI eni-EXAMPLE10 cannot be deleted because it is too young"}
{"level":"debug","ts":"2026-10-05T08:14:02.256Z","caller":"ipamd/ipamd.go:795","msg":"IP stats for Network Card 0 - total IPs: 6, assigned IPs: 4, cooldown IPs: 0"}
{"level":"debug","ts":"2026-10-05T08:14:02.256Z","caller":"ipamd/ipamd.go:861","msg":"Node found \"ip-10-20-0-21.ec2.internal\" - no of taints - 0"}
{"level":"debug","ts":"2026-10-05T08:14:02.256Z","caller":"datastore/data_store.go:1148","msg":"ENI eni-EXAMPLE9 cannot be deleted because it is primary"}
{"level":"debug","ts":"2026-10-05T08:14:02.256Z","caller":"datastore/data_store.go:1148","msg":"ENI eni-EXAMPLE10 cannot be deleted because it is too young"}
{"level":"debug","ts":"2026-10-05T08:14:07.257Z","caller":"ipamd/ipamd.go:795","msg":"IP stats for Network Card 0 - total IPs: 6, assigned IPs: 4, cooldown IPs: 0"}
{"level":"debug","ts":"2026-10-05T08:14:07.258Z","caller":"ipamd/ipamd.go:861","msg":"Node found \"ip-10-20-0-21.ec2.internal\" - no of taints - 0"}
{"level":"debug","ts":"2026-10-05T08:14:07.258Z","caller":"datastore/data_store.go:1148","msg":"ENI eni-EXAMPLE9 cannot be deleted because it is primary"}
{"level":"debug","ts":"2026-10-05T08:14:07.258Z","caller":"datastore/data_store.go:1148","msg":"ENI eni-EXAMPLE10 cannot be deleted because it is too young"}
{"level":"debug","ts":"2026-10-05T08:14:12.259Z","caller":"ipamd/ipamd.go:795","msg":"IP stats for Network Card 0 - total IPs: 6, assigned IPs: 4, cooldown IPs: 0"}
{"level":"debug","ts":"2026-10-05T08:14:12.259Z","caller":"ipamd/ipamd.go:861","msg":"Node found \"ip-10-20-0-21.ec2.internal\" - no of taints - 0"}
{"level":"debug","ts":"2026-10-05T08:14:12.259Z","caller":"datastore/data_store.go:1148","msg":"ENI eni-EXAMPLE9 cannot be deleted because it is primary"}
{"level":"debug","ts":"2026-10-05T08:14:12.259Z","caller":"datastore/data_store.go:1148","msg":"ENI eni-EXAMPLE10 cannot be deleted because it is too young"}
{"level":"debug","ts":"2026-10-05T08:14:17.261Z","caller":"ipamd/ipamd.go:795","msg":"IP stats for Network Card 0 - total IPs: 6, assigned IPs: 4, cooldown IPs: 0"}
{"level":"debug","ts":"2026-10-05T08:14:17.261Z","caller":"ipamd/ipamd.go:861","msg":"Node found \"ip-10-20-0-21.ec2.internal\" - no of taints - 0"}
{"level":"debug","ts":"2026-10-05T08:14:17.261Z","caller":"datastore/data_store.go:1148","msg":"ENI eni-EXAMPLE9 cannot be deleted because it is primary"}
{"level":"debug","ts":"2026-10-05T08:14:17.261Z","caller":"datastore/data_store.go:1148","msg":"ENI eni-EXAMPLE10 cannot be deleted because it is too young"}
{"level":"debug","ts":"2026-10-05T08:14:22.262Z","caller":"ipamd/ipamd.go:795","msg":"IP stats for Network Card 0 - total IPs: 6, assigned IPs: 4, cooldown IPs: 0"}
{"level":"debug","ts":"2026-10-05T08:14:22.262Z","caller":"ipamd/ipamd.go:861","msg":"Node found \"ip-10-20-0-21.ec2.internal\" - no of taints - 0"}
{"level":"debug","ts":"2026-10-05T08:14:22.262Z","caller":"datastore/data_store.go:1148","msg":"ENI eni-EXAMPLE9 cannot be deleted because it is primary"}
{"level":"debug","ts":"2026-10-05T08:14:22.262Z","caller":"datastore/data_store.go:1148","msg":"ENI eni-EXAMPLE10 cannot be deleted because it is required for WARM_IP_TARGET: 2"}
{"level":"debug","ts":"2026-10-05T08:14:24.765Z","caller":"ipamd/ipamd.go:798","msg":"Reconciling ENI/IP pool info because time since last 1m2.52010742s > 1m0s"}
{"level":"debug","ts":"2026-10-05T08:14:24.767Z","caller":"ipamd/ipamd.go:1621","msg":"Total number of interfaces found: 2 "}
{"level":"debug","ts":"2026-10-05T08:14:24.767Z","caller":"awsutils/awsutils.go:787","msg":"Found ENI MAC address: 12:ff:d2:a8:6f:5f"}
{"level":"debug","ts":"2026-10-05T08:14:24.769Z","caller":"awsutils/awsutils.go:787","msg":"Found ENI: eni-EXAMPLE10, MAC 12:ff:d2:a8:6f:5f, device 1"}
{"level":"debug","ts":"2026-10-05T08:14:24.772Z","caller":"awsutils/awsutils.go:787","msg":"Found IPv4 addresses associated with interface. This is not efa-only interface"}
{"level":"debug","ts":"2026-10-05T08:14:24.776Z","caller":"awsutils/awsutils.go:787","msg":"Found ENI MAC address: 12:ff:f8:37:95:69"}
{"level":"debug","ts":"2026-10-05T08:14:24.778Z","caller":"awsutils/awsutils.go:787","msg":"Found ENI: eni-EXAMPLE9, MAC 12:ff:f8:37:95:69, device 0"}
{"level":"debug","ts":"2026-10-05T08:14:24.779Z","caller":"awsutils/awsutils.go:787","msg":"Found IPv4 addresses associated with interface. This is not efa-only interface"}
{"level":"debug","ts":"2026-10-05T08:14:24.783Z","caller":"ipamd/ipamd.go:798","msg":"Reconcile existing ENI eni-EXAMPLE10 IP pool"}
{"level":"info","ts":"2026-10-05T08:14:24.783Z","caller":"ipamd/ipamd.go:1766","msg":"Reconcile and skip primary IP 10.20.0.25 on ENI eni-EXAMPLE10"}
{"level":"info","ts":"2026-10-05T08:14:24.783Z","caller":"ipamd/ipamd.go:1766","msg":"Trying to add 10.20.0.9"}
{"level":"info","ts":"2026-10-05T08:14:24.783Z","caller":"ipamd/ipamd.go:1890","msg":"Adding 10.20.0.9/32 to DS for eni-EXAMPLE10"}
{"level":"info","ts":"2026-10-05T08:14:24.783Z","caller":"ipamd/ipamd.go:1890","msg":"IP already in DS"}
{"level":"debug","ts":"2026-10-05T08:14:24.783Z","caller":"ipamd/ipamd.go:798","msg":"Reconcile existing ENI eni-EXAMPLE10 IP prefixes"}
{"level":"debug","ts":"2026-10-05T08:14:24.783Z","caller":"ipamd/ipamd.go:1693","msg":"Found prefix pool count 0 for eni eni-EXAMPLE10\n"}
{"level":"debug","ts":"2026-10-05T08:14:24.783Z","caller":"ipamd/ipamd.go:798","msg":"Reconcile existing ENI eni-EXAMPLE9 IP pool"}
{"level":"info","ts":"2026-10-05T08:14:24.783Z","caller":"ipamd/ipamd.go:1766","msg":"Reconcile and skip primary IP 10.20.0.21 on ENI eni-EXAMPLE9"}
{"level":"info","ts":"2026-10-05T08:14:24.783Z","caller":"ipamd/ipamd.go:1766","msg":"Trying to add 10.20.0.20"}
{"level":"info","ts":"2026-10-05T08:14:24.783Z","caller":"ipamd/ipamd.go:1890","msg":"Adding 10.20.0.20/32 to DS for eni-EXAMPLE9"}
{"level":"info","ts":"2026-10-05T08:14:24.783Z","caller":"ipamd/ipamd.go:1890","msg":"IP already in DS"}
{"level":"info","ts":"2026-10-05T08:14:24.783Z","caller":"ipamd/ipamd.go:1766","msg":"Trying to add 10.20.0.17"}
{"level":"info","ts":"2026-10-05T08:14:24.783Z","caller":"ipamd/ipamd.go:1890","msg":"Adding 10.20.0.17/32 to DS for eni-EXAMPLE9"}
{"level":"info","ts":"2026-10-05T08:14:24.783Z","caller":"ipamd/ipamd.go:1890","msg":"IP already in DS"}
{"level":"info","ts":"2026-10-05T08:14:24.783Z","caller":"ipamd/ipamd.go:1766","msg":"Trying to add 10.20.0.28"}
{"level":"info","ts":"2026-10-05T08:14:24.783Z","caller":"ipamd/ipamd.go:1890","msg":"Adding 10.20.0.28/32 to DS for eni-EXAMPLE9"}
{"level":"info","ts":"2026-10-05T08:14:24.783Z","caller":"ipamd/ipamd.go:1890","msg":"IP already in DS"}
{"level":"info","ts":"2026-10-05T08:14:24.783Z","caller":"ipamd/ipamd.go:1766","msg":"Trying to add 10.20.0.29"}
{"level":"info","ts":"2026-10-05T08:14:24.783Z","caller":"ipamd/ipamd.go:1890","msg":"Adding 10.20.0.29/32 to DS for eni-EXAMPLE9"}
{"level":"info","ts":"2026-10-05T08:14:24.783Z","caller":"ipamd/ipamd.go:1890","msg":"IP already in DS"}
{"level":"info","ts":"2026-10-05T08:14:24.783Z","caller":"ipamd/ipamd.go:1766","msg":"Trying to add 10.20.0.8"}
{"level":"info","ts":"2026-10-05T08:14:24.783Z","caller":"ipamd/ipamd.go:1890","msg":"Adding 10.20.0.8/32 to DS for eni-EXAMPLE9"}
{"level":"info","ts":"2026-10-05T08:14:24.783Z","caller":"ipamd/ipamd.go:1890","msg":"IP already in DS"}
{"level":"debug","ts":"2026-10-05T08:14:24.783Z","caller":"ipamd/ipamd.go:798","msg":"Reconcile existing ENI eni-EXAMPLE9 IP prefixes"}
{"level":"debug","ts":"2026-10-05T08:14:24.783Z","caller":"ipamd/ipamd.go:1693","msg":"Found prefix pool count 0 for eni eni-EXAMPLE9\n"}
{"level":"debug","ts":"2026-10-05T08:14:24.783Z","caller":"ipamd/ipamd.go:798","msg":"Successfully Reconciled ENI/IP pool"}
{"level":"debug","ts":"2026-10-05T08:14:24.783Z","caller":"ipamd/ipamd.go:1738","msg":"IP pool stats for network card 0: Total IPs/Prefixes = 6/0, AssignedIPs/CooldownIPs: 4/0, c.maxIPsPerENI = 5"}
{"level":"debug","ts":"2026-10-05T08:14:24.783Z","caller":"ipamd/ipamd.go:798","msg":"Primary IP for ENI eni-EXAMPLE9 is 10.20.0.21"}
{"level":"debug","ts":"2026-10-05T08:14:24.783Z","caller":"ipamd/ipamd.go:798","msg":"Primary IP for ENI eni-EXAMPLE10 is 10.20.0.25"}
{"level":"info","ts":"2026-10-05T08:14:25.210Z","caller":"rpc/rpc_grpc.pb.go:117","msg":"Received AddNetwork for NS /var/run/netns/cni-99db8f6c-be48-8228-1381-c4e1be924453, Sandbox 5d4bd0ce639505e2961b5f22d7e71ba77fa3aec10b88628cfaaf36a6e4e40574, ifname eth0"}
{"level":"debug","ts":"2026-10-05T08:14:25.210Z","caller":"rpc/rpc_grpc.pb.go:117","msg":"AddNetworkRequest: K8S_POD_NAME:\"pause-68d5b89fc-n2hzp\"  K8S_POD_NAMESPACE:\"default\"  K8S_POD_INFRA_CONTAINER_ID:\"5d4bd0ce639505e2961b5f22d7e71ba77fa3aec10b88628cfaaf36a6e4e40574\"  ContainerID:\"5d4bd0ce639505e2961b5f22d7e71ba77fa3aec10b88628cfaaf36a6e4e40574\"  IfName:\"eth0\"  NetworkName:\"aws-cni\"  Netns:\"/var/run/netns/cni-99db8f6c-be48-8228-1381-c4e1be924453\""}
{"level":"info","ts":"2026-10-05T08:14:25.210Z","caller":"rpc/rpc_grpc.pb.go:117","msg":"Required MultiNIC access false, interfaces required 1"}
{"level":"debug","ts":"2026-10-05T08:14:25.210Z","caller":"datastore/data_store.go:713","msg":"AssignPodIPv4Address: IP address pool stats: total 6, assigned 4"}
{"level":"debug","ts":"2026-10-05T08:14:25.210Z","caller":"datastore/data_store.go:1469","msg":"Found a free IP not in DB - 10.20.0.9"}
{"level":"debug","ts":"2026-10-05T08:14:25.210Z","caller":"datastore/data_store.go:806","msg":"Returning Free IP 10.20.0.9"}
{"level":"debug","ts":"2026-10-05T08:14:25.210Z","caller":"datastore/data_store.go:713","msg":"New IP from CIDR pool- 10.20.0.9"}
{"level":"debug","ts":"2026-10-05T08:14:25.210Z","caller":"datastore/data_store.go:713","msg":"Allocating new IP 10.20.0.9 from CIDR 10.20.0.9/32 for pod"}
{"level":"info","ts":"2026-10-05T08:14:25.210Z","caller":"datastore/data_store.go:838","msg":"assignPodIPAddressUnsafe: Assign IP 10.20.0.9 to sandbox aws-cni/5d4bd0ce639505e2961b5f22d7e71ba77fa3aec10b88628cfaaf36a6e4e40574/eth0 with metadata {K8SPodNamespace:default K8SPodName:pause-68d5b89fc-n2hzp InterfacesCount:1}"}
{"level":"info","ts":"2026-10-05T08:14:25.210Z","caller":"rpc/rpc_grpc.pb.go:117","msg":"Assigned IP from network card: 0 -> IPv4: 10.20.0.9, IPv6: , device number: 1, "}
{"level":"info","ts":"2026-10-05T08:14:25.210Z","caller":"rpc/rpc_grpc.pb.go:117","msg":"Address assigned from datastores:  1"}
{"level":"debug","ts":"2026-10-05T08:14:25.211Z","caller":"rpc/rpc_grpc.pb.go:117","msg":"VPC CIDR 10.20.0.0/24"}
{"level":"info","ts":"2026-10-05T08:14:25.211Z","caller":"rpc/rpc_grpc.pb.go:117","msg":"Send AddNetworkReply: Success: true IPAddr: [IPv4Addr:\"10.20.0.9\"  DeviceNumber:1  RouteTableId:2], resp: Success:true  IPAllocationMetadata:{IPv4Addr:\"10.20.0.9\"  DeviceNumber:1  RouteTableId:2}  VPCv4CIDRs:\"10.20.0.0/24\"  NetworkPolicyMode:\"standard\", err: <nil>"}
{"level":"debug","ts":"2026-10-05T08:14:27.283Z","caller":"ipamd/ipamd.go:795","msg":"IP stats for Network Card 0 - total IPs: 6, assigned IPs: 5, cooldown IPs: 0"}
{"level":"debug","ts":"2026-10-05T08:14:27.283Z","caller":"ipamd/ipamd.go:813","msg":"Starting to increase pool size for network card 0"}
{"level":"debug","ts":"2026-10-05T08:14:27.283Z","caller":"ipamd/ipamd.go:966","msg":"Node found \"ip-10-20-0-21.ec2.internal\" - no of taints - 0"}
{"level":"debug","ts":"2026-10-05T08:14:27.283Z","caller":"ipamd/ipamd.go:1135","msg":"Found ENI eni-EXAMPLE10 that has less than the maximum number of IP/Prefixes addresses allocated: cur=1, max=5"}
{"level":"info","ts":"2026-10-05T08:14:27.283Z","caller":"ipamd/ipamd.go:1141","msg":"Trying to allocate 1 IP addresses on ENI eni-EXAMPLE10"}
{"level":"debug","ts":"2026-10-05T08:14:27.283Z","caller":"ipamd/ipamd.go:1141","msg":"PD enabled - false"}
{"level":"info","ts":"2026-10-05T08:14:27.842Z","caller":"ipamd/ipamd.go:1141","msg":"Allocated 1 private IP addresses"}
{"level":"debug","ts":"2026-10-05T08:14:27.842Z","caller":"ipamd/ipamd.go:1156","msg":"containsPrivateIPAddressLimitExceededError encountered <nil>"}
{"level":"info","ts":"2026-10-05T08:14:27.842Z","caller":"ipamd/ipamd.go:1387","msg":"Adding 10.20.0.12/32 to DS for eni-EXAMPLE10"}
{"level":"info","ts":"2026-10-05T08:14:27.842Z","caller":"ipamd/ipamd.go:1387","msg":"Added ENI(eni-EXAMPLE10)'s IP/Prefix 10.20.0.12/32 to datastore"}
{"level":"debug","ts":"2026-10-05T08:14:27.842Z","caller":"ipamd/ipamd.go:1394","msg":"IP pool stats for network card 0: Total IPs/Prefixes = 7/0, AssignedIPs/CooldownIPs: 5/0, c.maxIPsPerENI = 5"}
{"level":"debug","ts":"2026-10-05T08:14:27.843Z","caller":"ipamd/ipamd.go:1053","msg":"IP pool stats for network card 0: Total IPs/Prefixes = 7/0, AssignedIPs/CooldownIPs: 5/0, c.maxIPsPerENI = 5"}
{"level":"debug","ts":"2026-10-05T08:14:27.843Z","caller":"ipamd/ipamd.go:861","msg":"Node found \"ip-10-20-0-21.ec2.internal\" - no of taints - 0"}
{"level":"debug","ts":"2026-10-05T08:14:27.843Z","caller":"datastore/data_store.go:1148","msg":"ENI eni-EXAMPLE9 cannot be deleted because it is primary"}
{"level":"debug","ts":"2026-10-05T08:14:27.843Z","caller":"datastore/data_store.go:1148","msg":"ENI eni-EXAMPLE10 cannot be deleted because it has pods assigned"}
{"level":"debug","ts":"2026-10-05T08:14:32.844Z","caller":"ipamd/ipamd.go:795","msg":"IP stats for Network Card 0 - total IPs: 7, assigned IPs: 5, cooldown IPs: 0"}
{"level":"debug","ts":"2026-10-05T08:14:32.844Z","caller":"ipamd/ipamd.go:861","msg":"Node found \"ip-10-20-0-21.ec2.internal\" - no of taints - 0"}
{"level":"debug","ts":"2026-10-05T08:14:32.844Z","caller":"datastore/data_store.go:1148","msg":"ENI eni-EXAMPLE9 cannot be deleted because it is primary"}
{"level":"debug","ts":"2026-10-05T08:14:32.844Z","caller":"datastore/data_store.go:1148","msg":"ENI eni-EXAMPLE10 cannot be deleted because it has pods assigned"}
{"level":"debug","ts":"2026-10-05T08:14:37.845Z","caller":"ipamd/ipamd.go:795","msg":"IP stats for Network Card 0 - total IPs: 7, assigned IPs: 5, cooldown IPs: 0"}
{"level":"debug","ts":"2026-10-05T08:14:37.845Z","caller":"ipamd/ipamd.go:861","msg":"Node found \"ip-10-20-0-21.ec2.internal\" - no of taints - 0"}
{"level":"debug","ts":"2026-10-05T08:14:37.845Z","caller":"datastore/data_store.go:1148","msg":"ENI eni-EXAMPLE9 cannot be deleted because it is primary"}
{"level":"debug","ts":"2026-10-05T08:14:37.845Z","caller":"datastore/data_store.go:1148","msg":"ENI eni-EXAMPLE10 cannot be deleted because it has pods assigned"}
{"level":"debug","ts":"2026-10-05T08:14:42.845Z","caller":"ipamd/ipamd.go:795","msg":"IP stats for Network Card 0 - total IPs: 7, assigned IPs: 5, cooldown IPs: 0"}
{"level":"debug","ts":"2026-10-05T08:14:42.846Z","caller":"ipamd/ipamd.go:861","msg":"Node found \"ip-10-20-0-21.ec2.internal\" - no of taints - 0"}
{"level":"debug","ts":"2026-10-05T08:14:42.846Z","caller":"datastore/data_store.go:1148","msg":"ENI eni-EXAMPLE10 cannot be deleted because it has pods assigned"}
{"level":"debug","ts":"2026-10-05T08:14:42.846Z","caller":"datastore/data_store.go:1148","msg":"ENI eni-EXAMPLE9 cannot be deleted because it is primary"}
{"level":"debug","ts":"2026-10-05T08:14:47.847Z","caller":"ipamd/ipamd.go:795","msg":"IP stats for Network Card 0 - total IPs: 7, assigned IPs: 5, cooldown IPs: 0"}
{"level":"debug","ts":"2026-10-05T08:14:47.847Z","caller":"ipamd/ipamd.go:861","msg":"Node found \"ip-10-20-0-21.ec2.internal\" - no of taints - 0"}
{"level":"debug","ts":"2026-10-05T08:14:47.847Z","caller":"datastore/data_store.go:1148","msg":"ENI eni-EXAMPLE10 cannot be deleted because it has pods assigned"}
{"level":"debug","ts":"2026-10-05T08:14:47.847Z","caller":"datastore/data_store.go:1148","msg":"ENI eni-EXAMPLE9 cannot be deleted because it is primary"}
{"level":"debug","ts":"2026-10-05T08:14:52.848Z","caller":"ipamd/ipamd.go:795","msg":"IP stats for Network Card 0 - total IPs: 7, assigned IPs: 5, cooldown IPs: 0"}
{"level":"debug","ts":"2026-10-05T08:14:52.848Z","caller":"ipamd/ipamd.go:861","msg":"Node found \"ip-10-20-0-21.ec2.internal\" - no of taints - 0"}
{"level":"debug","ts":"2026-10-05T08:14:52.848Z","caller":"datastore/data_store.go:1148","msg":"ENI eni-EXAMPLE10 cannot be deleted because it has pods assigned"}
{"level":"debug","ts":"2026-10-05T08:14:52.848Z","caller":"datastore/data_store.go:1148","msg":"ENI eni-EXAMPLE9 cannot be deleted because it is primary"}
{"level":"debug","ts":"2026-10-05T08:14:57.851Z","caller":"ipamd/ipamd.go:795","msg":"IP stats for Network Card 0 - total IPs: 7, assigned IPs: 5, cooldown IPs: 0"}
{"level":"debug","ts":"2026-10-05T08:14:57.851Z","caller":"ipamd/ipamd.go:861","msg":"Node found \"ip-10-20-0-21.ec2.internal\" - no of taints - 0"}
{"level":"debug","ts":"2026-10-05T08:14:57.851Z","caller":"datastore/data_store.go:1148","msg":"ENI eni-EXAMPLE9 cannot be deleted because it is primary"}
{"level":"debug","ts":"2026-10-05T08:14:57.851Z","caller":"datastore/data_store.go:1148","msg":"ENI eni-EXAMPLE10 cannot be deleted because it has pods assigned"}
{"level":"debug","ts":"2026-10-05T08:15:02.852Z","caller":"ipamd/ipamd.go:795","msg":"IP stats for Network Card 0 - total IPs: 7, assigned IPs: 5, cooldown IPs: 0"}
{"level":"debug","ts":"2026-10-05T08:15:02.852Z","caller":"ipamd/ipamd.go:861","msg":"Node found \"ip-10-20-0-21.ec2.internal\" - no of taints - 0"}
{"level":"debug","ts":"2026-10-05T08:15:02.852Z","caller":"datastore/data_store.go:1148","msg":"ENI eni-EXAMPLE9 cannot be deleted because it is primary"}
{"level":"debug","ts":"2026-10-05T08:15:02.852Z","caller":"datastore/data_store.go:1148","msg":"ENI eni-EXAMPLE10 cannot be deleted because it has pods assigned"}
{"level":"debug","ts":"2026-10-05T08:15:07.852Z","caller":"ipamd/ipamd.go:795","msg":"IP stats for Network Card 0 - total IPs: 7, assigned IPs: 5, cooldown IPs: 0"}
{"level":"debug","ts":"2026-10-05T08:15:07.852Z","caller":"ipamd/ipamd.go:861","msg":"Node found \"ip-10-20-0-21.ec2.internal\" - no of taints - 0"}
{"level":"debug","ts":"2026-10-05T08:15:07.852Z","caller":"datastore/data_store.go:1148","msg":"ENI eni-EXAMPLE9 cannot be deleted because it is primary"}
{"level":"debug","ts":"2026-10-05T08:15:07.852Z","caller":"datastore/data_store.go:1148","msg":"ENI eni-EXAMPLE10 cannot be deleted because it has pods assigned"}
{"level":"debug","ts":"2026-10-05T08:15:12.854Z","caller":"ipamd/ipamd.go:795","msg":"IP stats for Network Card 0 - total IPs: 7, assigned IPs: 5, cooldown IPs: 0"}
{"level":"debug","ts":"2026-10-05T08:15:12.854Z","caller":"ipamd/ipamd.go:861","msg":"Node found \"ip-10-20-0-21.ec2.internal\" - no of taints - 0"}
{"level":"debug","ts":"2026-10-05T08:15:12.854Z","caller":"datastore/data_store.go:1148","msg":"ENI eni-EXAMPLE9 cannot be deleted because it is primary"}
{"level":"debug","ts":"2026-10-05T08:15:12.854Z","caller":"datastore/data_store.go:1148","msg":"ENI eni-EXAMPLE10 cannot be deleted because it has pods assigned"}
{"level":"debug","ts":"2026-10-05T08:15:17.854Z","caller":"ipamd/ipamd.go:795","msg":"IP stats for Network Card 0 - total IPs: 7, assigned IPs: 5, cooldown IPs: 0"}
{"level":"debug","ts":"2026-10-05T08:15:17.854Z","caller":"ipamd/ipamd.go:861","msg":"Node found \"ip-10-20-0-21.ec2.internal\" - no of taints - 0"}
{"level":"debug","ts":"2026-10-05T08:15:17.854Z","caller":"datastore/data_store.go:1148","msg":"ENI eni-EXAMPLE9 cannot be deleted because it is primary"}
{"level":"debug","ts":"2026-10-05T08:15:17.854Z","caller":"datastore/data_store.go:1148","msg":"ENI eni-EXAMPLE10 cannot be deleted because it has pods assigned"}
{"level":"debug","ts":"2026-10-05T08:15:22.855Z","caller":"ipamd/ipamd.go:795","msg":"IP stats for Network Card 0 - total IPs: 7, assigned IPs: 5, cooldown IPs: 0"}
{"level":"debug","ts":"2026-10-05T08:15:22.855Z","caller":"ipamd/ipamd.go:861","msg":"Node found \"ip-10-20-0-21.ec2.internal\" - no of taints - 0"}
{"level":"debug","ts":"2026-10-05T08:15:22.855Z","caller":"datastore/data_store.go:1148","msg":"ENI eni-EXAMPLE9 cannot be deleted because it is primary"}
{"level":"debug","ts":"2026-10-05T08:15:22.855Z","caller":"datastore/data_store.go:1148","msg":"ENI eni-EXAMPLE10 cannot be deleted because it has pods assigned"}
{"level":"debug","ts":"2026-10-05T08:15:27.855Z","caller":"ipamd/ipamd.go:795","msg":"IP stats for Network Card 0 - total IPs: 7, assigned IPs: 5, cooldown IPs: 0"}
{"level":"debug","ts":"2026-10-05T08:15:27.855Z","caller":"ipamd/ipamd.go:861","msg":"Node found \"ip-10-20-0-21.ec2.internal\" - no of taints - 0"}
{"level":"debug","ts":"2026-10-05T08:15:27.855Z","caller":"datastore/data_store.go:1148","msg":"ENI eni-EXAMPLE9 cannot be deleted because it is primary"}
{"level":"debug","ts":"2026-10-05T08:15:27.855Z","caller":"datastore/data_store.go:1148","msg":"ENI eni-EXAMPLE10 cannot be deleted because it has pods assigned"}
{"level":"debug","ts":"2026-10-05T08:15:30.356Z","caller":"ipamd/ipamd.go:798","msg":"Reconciling ENI/IP pool info because time since last 1m2.513116735s > 1m0s"}
{"level":"debug","ts":"2026-10-05T08:15:30.357Z","caller":"ipamd/ipamd.go:1621","msg":"Total number of interfaces found: 2 "}
{"level":"debug","ts":"2026-10-05T08:15:30.357Z","caller":"awsutils/awsutils.go:787","msg":"Found ENI MAC address: 12:ff:d2:a8:6f:5f"}
{"level":"debug","ts":"2026-10-05T08:15:30.360Z","caller":"awsutils/awsutils.go:787","msg":"Found ENI: eni-EXAMPLE10, MAC 12:ff:d2:a8:6f:5f, device 1"}
{"level":"debug","ts":"2026-10-05T08:15:30.363Z","caller":"awsutils/awsutils.go:787","msg":"Found IPv4 addresses associated with interface. This is not efa-only interface"}
{"level":"debug","ts":"2026-10-05T08:15:30.367Z","caller":"awsutils/awsutils.go:787","msg":"Found ENI MAC address: 12:ff:f8:37:95:69"}
{"level":"debug","ts":"2026-10-05T08:15:30.370Z","caller":"awsutils/awsutils.go:787","msg":"Found ENI: eni-EXAMPLE9, MAC 12:ff:f8:37:95:69, device 0"}
{"level":"debug","ts":"2026-10-05T08:15:30.373Z","caller":"awsutils/awsutils.go:787","msg":"Found IPv4 addresses associated with interface. This is not efa-only interface"}
{"level":"debug","ts":"2026-10-05T08:15:30.376Z","caller":"ipamd/ipamd.go:798","msg":"Reconcile existing ENI eni-EXAMPLE10 IP pool"}
{"level":"info","ts":"2026-10-05T08:15:30.376Z","caller":"ipamd/ipamd.go:1766","msg":"Reconcile and skip primary IP 10.20.0.25 on ENI eni-EXAMPLE10"}
{"level":"info","ts":"2026-10-05T08:15:30.376Z","caller":"ipamd/ipamd.go:1766","msg":"Trying to add 10.20.0.9"}
{"level":"info","ts":"2026-10-05T08:15:30.376Z","caller":"ipamd/ipamd.go:1890","msg":"Adding 10.20.0.9/32 to DS for eni-EXAMPLE10"}
{"level":"info","ts":"2026-10-05T08:15:30.376Z","caller":"ipamd/ipamd.go:1890","msg":"IP already in DS"}
{"level":"info","ts":"2026-10-05T08:15:30.376Z","caller":"ipamd/ipamd.go:1766","msg":"Trying to add 10.20.0.12"}
{"level":"info","ts":"2026-10-05T08:15:30.376Z","caller":"ipamd/ipamd.go:1890","msg":"Adding 10.20.0.12/32 to DS for eni-EXAMPLE10"}
{"level":"info","ts":"2026-10-05T08:15:30.376Z","caller":"ipamd/ipamd.go:1890","msg":"IP already in DS"}
{"level":"debug","ts":"2026-10-05T08:15:30.376Z","caller":"ipamd/ipamd.go:798","msg":"Reconcile existing ENI eni-EXAMPLE10 IP prefixes"}
{"level":"debug","ts":"2026-10-05T08:15:30.376Z","caller":"ipamd/ipamd.go:1693","msg":"Found prefix pool count 0 for eni eni-EXAMPLE10\n"}
{"level":"debug","ts":"2026-10-05T08:15:30.376Z","caller":"ipamd/ipamd.go:798","msg":"Reconcile existing ENI eni-EXAMPLE9 IP pool"}
{"level":"info","ts":"2026-10-05T08:15:30.376Z","caller":"ipamd/ipamd.go:1766","msg":"Reconcile and skip primary IP 10.20.0.21 on ENI eni-EXAMPLE9"}
{"level":"info","ts":"2026-10-05T08:15:30.376Z","caller":"ipamd/ipamd.go:1766","msg":"Trying to add 10.20.0.20"}
{"level":"info","ts":"2026-10-05T08:15:30.376Z","caller":"ipamd/ipamd.go:1890","msg":"Adding 10.20.0.20/32 to DS for eni-EXAMPLE9"}
{"level":"info","ts":"2026-10-05T08:15:30.376Z","caller":"ipamd/ipamd.go:1890","msg":"IP already in DS"}
{"level":"info","ts":"2026-10-05T08:15:30.376Z","caller":"ipamd/ipamd.go:1766","msg":"Trying to add 10.20.0.17"}
{"level":"info","ts":"2026-10-05T08:15:30.376Z","caller":"ipamd/ipamd.go:1890","msg":"Adding 10.20.0.17/32 to DS for eni-EXAMPLE9"}
{"level":"info","ts":"2026-10-05T08:15:30.376Z","caller":"ipamd/ipamd.go:1890","msg":"IP already in DS"}
{"level":"info","ts":"2026-10-05T08:15:30.376Z","caller":"ipamd/ipamd.go:1766","msg":"Trying to add 10.20.0.28"}
{"level":"info","ts":"2026-10-05T08:15:30.376Z","caller":"ipamd/ipamd.go:1890","msg":"Adding 10.20.0.28/32 to DS for eni-EXAMPLE9"}
{"level":"info","ts":"2026-10-05T08:15:30.376Z","caller":"ipamd/ipamd.go:1890","msg":"IP already in DS"}
{"level":"info","ts":"2026-10-05T08:15:30.376Z","caller":"ipamd/ipamd.go:1766","msg":"Trying to add 10.20.0.29"}
{"level":"info","ts":"2026-10-05T08:15:30.376Z","caller":"ipamd/ipamd.go:1890","msg":"Adding 10.20.0.29/32 to DS for eni-EXAMPLE9"}
{"level":"info","ts":"2026-10-05T08:15:30.376Z","caller":"ipamd/ipamd.go:1890","msg":"IP already in DS"}
{"level":"info","ts":"2026-10-05T08:15:30.376Z","caller":"ipamd/ipamd.go:1766","msg":"Trying to add 10.20.0.8"}
{"level":"info","ts":"2026-10-05T08:15:30.376Z","caller":"ipamd/ipamd.go:1890","msg":"Adding 10.20.0.8/32 to DS for eni-EXAMPLE9"}
{"level":"info","ts":"2026-10-05T08:15:30.376Z","caller":"ipamd/ipamd.go:1890","msg":"IP already in DS"}
{"level":"debug","ts":"2026-10-05T08:15:30.376Z","caller":"ipamd/ipamd.go:798","msg":"Reconcile existing ENI eni-EXAMPLE9 IP prefixes"}
{"level":"debug","ts":"2026-10-05T08:15:30.376Z","caller":"ipamd/ipamd.go:1693","msg":"Found prefix pool count 0 for eni eni-EXAMPLE9\n"}
{"level":"debug","ts":"2026-10-05T08:15:30.376Z","caller":"ipamd/ipamd.go:798","msg":"Successfully Reconciled ENI/IP pool"}
{"level":"debug","ts":"2026-10-05T08:15:30.376Z","caller":"ipamd/ipamd.go:1738","msg":"IP pool stats for network card 0: Total IPs/Prefixes = 7/0, AssignedIPs/CooldownIPs: 5/0, c.maxIPsPerENI = 5"}
{"level":"debug","ts":"2026-10-05T08:15:30.376Z","caller":"ipamd/ipamd.go:798","msg":"Primary IP for ENI eni-EXAMPLE9 is 10.20.0.21"}
{"level":"debug","ts":"2026-10-05T08:15:30.376Z","caller":"ipamd/ipamd.go:798","msg":"Primary IP for ENI eni-EXAMPLE10 is 10.20.0.25"}
{"level":"info","ts":"2026-10-05T08:15:31.613Z","caller":"rpc/rpc_grpc.pb.go:117","msg":"Received AddNetwork for NS /var/run/netns/cni-9395c5d3-36b2-66a8-d1be-3babf888f767, Sandbox bf061d5243cddf1b3bf739bcf0fb67335d0c10909837e5e53e88a04de34ec8eb, ifname eth0"}
{"level":"debug","ts":"2026-10-05T08:15:31.613Z","caller":"rpc/rpc_grpc.pb.go:117","msg":"AddNetworkRequest: K8S_POD_NAME:\"pause-68d5b89fc-5stql\"  K8S_POD_NAMESPACE:\"default\"  K8S_POD_INFRA_CONTAINER_ID:\"bf061d5243cddf1b3bf739bcf0fb67335d0c10909837e5e53e88a04de34ec8eb\"  ContainerID:\"bf061d5243cddf1b3bf739bcf0fb67335d0c10909837e5e53e88a04de34ec8eb\"  IfName:\"eth0\"  NetworkName:\"aws-cni\"  Netns:\"/var/run/netns/cni-9395c5d3-36b2-66a8-d1be-3babf888f767\""}
{"level":"info","ts":"2026-10-05T08:15:31.613Z","caller":"rpc/rpc_grpc.pb.go:117","msg":"Required MultiNIC access false, interfaces required 1"}
{"level":"debug","ts":"2026-10-05T08:15:31.613Z","caller":"datastore/data_store.go:713","msg":"AssignPodIPv4Address: IP address pool stats: total 7, assigned 5"}
{"level":"debug","ts":"2026-10-05T08:15:31.613Z","caller":"datastore/data_store.go:806","msg":"Get free IP from prefix failed no free IP available in the prefix - 10.20.0.28/32"}
{"level":"debug","ts":"2026-10-05T08:15:31.613Z","caller":"datastore/data_store.go:713","msg":"Unable to get IP address from CIDR: no free IP available in the prefix - 10.20.0.28/32"}
{"level":"debug","ts":"2026-10-05T08:15:31.613Z","caller":"datastore/data_store.go:806","msg":"Get free IP from prefix failed no free IP available in the prefix - 10.20.0.29/32"}
{"level":"debug","ts":"2026-10-05T08:15:31.613Z","caller":"datastore/data_store.go:713","msg":"Unable to get IP address from CIDR: no free IP available in the prefix - 10.20.0.29/32"}
{"level":"debug","ts":"2026-10-05T08:15:31.613Z","caller":"datastore/data_store.go:1469","msg":"Found a free IP not in DB - 10.20.0.8"}
{"level":"debug","ts":"2026-10-05T08:15:31.613Z","caller":"datastore/data_store.go:806","msg":"Returning Free IP 10.20.0.8"}
{"level":"debug","ts":"2026-10-05T08:15:31.613Z","caller":"datastore/data_store.go:713","msg":"New IP from CIDR pool- 10.20.0.8"}
{"level":"debug","ts":"2026-10-05T08:15:31.613Z","caller":"datastore/data_store.go:713","msg":"Allocating new IP 10.20.0.8 from CIDR 10.20.0.8/32 for pod"}
{"level":"info","ts":"2026-10-05T08:15:31.613Z","caller":"datastore/data_store.go:838","msg":"assignPodIPAddressUnsafe: Assign IP 10.20.0.8 to sandbox aws-cni/bf061d5243cddf1b3bf739bcf0fb67335d0c10909837e5e53e88a04de34ec8eb/eth0 with metadata {K8SPodNamespace:default K8SPodName:pause-68d5b89fc-5stql InterfacesCount:1}"}
{"level":"info","ts":"2026-10-05T08:15:31.613Z","caller":"rpc/rpc_grpc.pb.go:117","msg":"Assigned IP from network card: 0 -> IPv4: 10.20.0.8, IPv6: , device number: 0, "}
{"level":"info","ts":"2026-10-05T08:15:31.613Z","caller":"rpc/rpc_grpc.pb.go:117","msg":"Address assigned from datastores:  1"}
{"level":"debug","ts":"2026-10-05T08:15:31.614Z","caller":"rpc/rpc_grpc.pb.go:117","msg":"VPC CIDR 10.20.0.0/24"}
{"level":"info","ts":"2026-10-05T08:15:31.614Z","caller":"rpc/rpc_grpc.pb.go:117","msg":"Send AddNetworkReply: Success: true IPAddr: [IPv4Addr:\"10.20.0.8\"  RouteTableId:254], resp: Success:true  IPAllocationMetadata:{IPv4Addr:\"10.20.0.8\"  RouteTableId:254}  VPCv4CIDRs:\"10.20.0.0/24\"  NetworkPolicyMode:\"standard\", err: <nil>"}
{"level":"debug","ts":"2026-10-05T08:15:32.877Z","caller":"ipamd/ipamd.go:795","msg":"IP stats for Network Card 0 - total IPs: 7, assigned IPs: 6, cooldown IPs: 0"}
{"level":"debug","ts":"2026-10-05T08:15:32.877Z","caller":"ipamd/ipamd.go:813","msg":"Starting to increase pool size for network card 0"}
{"level":"debug","ts":"2026-10-05T08:15:32.877Z","caller":"ipamd/ipamd.go:966","msg":"Node found \"ip-10-20-0-21.ec2.internal\" - no of taints - 0"}
{"level":"debug","ts":"2026-10-05T08:15:32.877Z","caller":"ipamd/ipamd.go:1135","msg":"Found ENI eni-EXAMPLE10 that has less than the maximum number of IP/Prefixes addresses allocated: cur=2, max=5"}
{"level":"info","ts":"2026-10-05T08:15:32.877Z","caller":"ipamd/ipamd.go:1141","msg":"Trying to allocate 1 IP addresses on ENI eni-EXAMPLE10"}
{"level":"debug","ts":"2026-10-05T08:15:32.877Z","caller":"ipamd/ipamd.go:1141","msg":"PD enabled - false"}
{"level":"info","ts":"2026-10-05T08:15:33.403Z","caller":"ipamd/ipamd.go:1141","msg":"Allocated 1 private IP addresses"}
{"level":"debug","ts":"2026-10-05T08:15:33.403Z","caller":"ipamd/ipamd.go:1156","msg":"containsPrivateIPAddressLimitExceededError encountered <nil>"}
{"level":"info","ts":"2026-10-05T08:15:33.403Z","caller":"ipamd/ipamd.go:1387","msg":"Adding 10.20.0.22/32 to DS for eni-EXAMPLE10"}
{"level":"info","ts":"2026-10-05T08:15:33.403Z","caller":"ipamd/ipamd.go:1387","msg":"Added ENI(eni-EXAMPLE10)'s IP/Prefix 10.20.0.22/32 to datastore"}
{"level":"debug","ts":"2026-10-05T08:15:33.403Z","caller":"ipamd/ipamd.go:1394","msg":"IP pool stats for network card 0: Total IPs/Prefixes = 8/0, AssignedIPs/CooldownIPs: 6/0, c.maxIPsPerENI = 5"}
{"level":"debug","ts":"2026-10-05T08:15:33.403Z","caller":"ipamd/ipamd.go:1053","msg":"IP pool stats for network card 0: Total IPs/Prefixes = 8/0, AssignedIPs/CooldownIPs: 6/0, c.maxIPsPerENI = 5"}
{"level":"debug","ts":"2026-10-05T08:15:33.403Z","caller":"ipamd/ipamd.go:861","msg":"Node found \"ip-10-20-0-21.ec2.internal\" - no of taints - 0"}
{"level":"debug","ts":"2026-10-05T08:15:33.403Z","caller":"datastore/data_store.go:1148","msg":"ENI eni-EXAMPLE9 cannot be deleted because it is primary"}
{"level":"debug","ts":"2026-10-05T08:15:33.403Z","caller":"datastore/data_store.go:1148","msg":"ENI eni-EXAMPLE10 cannot be deleted because it has pods assigned"}
{"level":"debug","ts":"2026-10-05T08:15:38.403Z","caller":"ipamd/ipamd.go:795","msg":"IP stats for Network Card 0 - total IPs: 8, assigned IPs: 6, cooldown IPs: 0"}
{"level":"debug","ts":"2026-10-05T08:15:38.403Z","caller":"ipamd/ipamd.go:861","msg":"Node found \"ip-10-20-0-21.ec2.internal\" - no of taints - 0"}
{"level":"debug","ts":"2026-10-05T08:15:38.403Z","caller":"datastore/data_store.go:1148","msg":"ENI eni-EXAMPLE9 cannot be deleted because it is primary"}
{"level":"debug","ts":"2026-10-05T08:15:38.403Z","caller":"datastore/data_store.go:1148","msg":"ENI eni-EXAMPLE10 cannot be deleted because it has pods assigned"}
{"level":"debug","ts":"2026-10-05T08:15:43.404Z","caller":"ipamd/ipamd.go:795","msg":"IP stats for Network Card 0 - total IPs: 8, assigned IPs: 6, cooldown IPs: 0"}
{"level":"debug","ts":"2026-10-05T08:15:43.404Z","caller":"ipamd/ipamd.go:861","msg":"Node found \"ip-10-20-0-21.ec2.internal\" - no of taints - 0"}
{"level":"debug","ts":"2026-10-05T08:15:43.404Z","caller":"datastore/data_store.go:1148","msg":"ENI eni-EXAMPLE9 cannot be deleted because it is primary"}
{"level":"debug","ts":"2026-10-05T08:15:43.404Z","caller":"datastore/data_store.go:1148","msg":"ENI eni-EXAMPLE10 cannot be deleted because it has pods assigned"}
{"level":"debug","ts":"2026-10-05T08:15:48.405Z","caller":"ipamd/ipamd.go:795","msg":"IP stats for Network Card 0 - total IPs: 8, assigned IPs: 6, cooldown IPs: 0"}
{"level":"debug","ts":"2026-10-05T08:15:48.405Z","caller":"ipamd/ipamd.go:861","msg":"Node found \"ip-10-20-0-21.ec2.internal\" - no of taints - 0"}
{"level":"debug","ts":"2026-10-05T08:15:48.405Z","caller":"datastore/data_store.go:1148","msg":"ENI eni-EXAMPLE9 cannot be deleted because it is primary"}
{"level":"debug","ts":"2026-10-05T08:15:48.405Z","caller":"datastore/data_store.go:1148","msg":"ENI eni-EXAMPLE10 cannot be deleted because it has pods assigned"}
{"level":"debug","ts":"2026-10-05T08:15:53.405Z","caller":"ipamd/ipamd.go:795","msg":"IP stats for Network Card 0 - total IPs: 8, assigned IPs: 6, cooldown IPs: 0"}
{"level":"debug","ts":"2026-10-05T08:15:53.405Z","caller":"ipamd/ipamd.go:861","msg":"Node found \"ip-10-20-0-21.ec2.internal\" - no of taints - 0"}
{"level":"debug","ts":"2026-10-05T08:15:53.405Z","caller":"datastore/data_store.go:1148","msg":"ENI eni-EXAMPLE9 cannot be deleted because it is primary"}
{"level":"debug","ts":"2026-10-05T08:15:53.405Z","caller":"datastore/data_store.go:1148","msg":"ENI eni-EXAMPLE10 cannot be deleted because it has pods assigned"}
{"level":"debug","ts":"2026-10-05T08:15:58.406Z","caller":"ipamd/ipamd.go:795","msg":"IP stats for Network Card 0 - total IPs: 8, assigned IPs: 6, cooldown IPs: 0"}
{"level":"debug","ts":"2026-10-05T08:15:58.406Z","caller":"ipamd/ipamd.go:861","msg":"Node found \"ip-10-20-0-21.ec2.internal\" - no of taints - 0"}
{"level":"debug","ts":"2026-10-05T08:15:58.406Z","caller":"datastore/data_store.go:1148","msg":"ENI eni-EXAMPLE10 cannot be deleted because it has pods assigned"}
{"level":"debug","ts":"2026-10-05T08:15:58.406Z","caller":"datastore/data_store.go:1148","msg":"ENI eni-EXAMPLE9 cannot be deleted because it is primary"}
{"level":"debug","ts":"2026-10-05T08:16:03.406Z","caller":"ipamd/ipamd.go:795","msg":"IP stats for Network Card 0 - total IPs: 8, assigned IPs: 6, cooldown IPs: 0"}
{"level":"debug","ts":"2026-10-05T08:16:03.406Z","caller":"ipamd/ipamd.go:861","msg":"Node found \"ip-10-20-0-21.ec2.internal\" - no of taints - 0"}
{"level":"debug","ts":"2026-10-05T08:16:03.406Z","caller":"datastore/data_store.go:1148","msg":"ENI eni-EXAMPLE9 cannot be deleted because it is primary"}
{"level":"debug","ts":"2026-10-05T08:16:03.406Z","caller":"datastore/data_store.go:1148","msg":"ENI eni-EXAMPLE10 cannot be deleted because it has pods assigned"}
{"level":"debug","ts":"2026-10-05T08:16:08.408Z","caller":"ipamd/ipamd.go:795","msg":"IP stats for Network Card 0 - total IPs: 8, assigned IPs: 6, cooldown IPs: 0"}
{"level":"debug","ts":"2026-10-05T08:16:08.408Z","caller":"ipamd/ipamd.go:861","msg":"Node found \"ip-10-20-0-21.ec2.internal\" - no of taints - 0"}
{"level":"debug","ts":"2026-10-05T08:16:08.408Z","caller":"datastore/data_store.go:1148","msg":"ENI eni-EXAMPLE9 cannot be deleted because it is primary"}
{"level":"debug","ts":"2026-10-05T08:16:08.408Z","caller":"datastore/data_store.go:1148","msg":"ENI eni-EXAMPLE10 cannot be deleted because it has pods assigned"}
{"level":"debug","ts":"2026-10-05T08:16:13.408Z","caller":"ipamd/ipamd.go:795","msg":"IP stats for Network Card 0 - total IPs: 8, assigned IPs: 6, cooldown IPs: 0"}
{"level":"debug","ts":"2026-10-05T08:16:13.408Z","caller":"ipamd/ipamd.go:861","msg":"Node found \"ip-10-20-0-21.ec2.internal\" - no of taints - 0"}
{"level":"debug","ts":"2026-10-05T08:16:13.408Z","caller":"datastore/data_store.go:1148","msg":"ENI eni-EXAMPLE9 cannot be deleted because it is primary"}
{"level":"debug","ts":"2026-10-05T08:16:13.408Z","caller":"datastore/data_store.go:1148","msg":"ENI eni-EXAMPLE10 cannot be deleted because it has pods assigned"}
{"level":"debug","ts":"2026-10-05T08:16:18.410Z","caller":"ipamd/ipamd.go:795","msg":"IP stats for Network Card 0 - total IPs: 8, assigned IPs: 6, cooldown IPs: 0"}
{"level":"debug","ts":"2026-10-05T08:16:18.410Z","caller":"ipamd/ipamd.go:861","msg":"Node found \"ip-10-20-0-21.ec2.internal\" - no of taints - 0"}
{"level":"debug","ts":"2026-10-05T08:16:18.410Z","caller":"datastore/data_store.go:1148","msg":"ENI eni-EXAMPLE10 cannot be deleted because it has pods assigned"}
{"level":"debug","ts":"2026-10-05T08:16:18.410Z","caller":"datastore/data_store.go:1148","msg":"ENI eni-EXAMPLE9 cannot be deleted because it is primary"}
{"level":"debug","ts":"2026-10-05T08:16:23.411Z","caller":"ipamd/ipamd.go:795","msg":"IP stats for Network Card 0 - total IPs: 8, assigned IPs: 6, cooldown IPs: 0"}
{"level":"debug","ts":"2026-10-05T08:16:23.412Z","caller":"ipamd/ipamd.go:861","msg":"Node found \"ip-10-20-0-21.ec2.internal\" - no of taints - 0"}
{"level":"debug","ts":"2026-10-05T08:16:23.412Z","caller":"datastore/data_store.go:1148","msg":"ENI eni-EXAMPLE9 cannot be deleted because it is primary"}
{"level":"debug","ts":"2026-10-05T08:16:23.412Z","caller":"datastore/data_store.go:1148","msg":"ENI eni-EXAMPLE10 cannot be deleted because it has pods assigned"}
{"level":"debug","ts":"2026-10-05T08:16:28.412Z","caller":"ipamd/ipamd.go:795","msg":"IP stats for Network Card 0 - total IPs: 8, assigned IPs: 6, cooldown IPs: 0"}
{"level":"debug","ts":"2026-10-05T08:16:28.412Z","caller":"ipamd/ipamd.go:861","msg":"Node found \"ip-10-20-0-21.ec2.internal\" - no of taints - 0"}
{"level":"debug","ts":"2026-10-05T08:16:28.412Z","caller":"datastore/data_store.go:1148","msg":"ENI eni-EXAMPLE9 cannot be deleted because it is primary"}
{"level":"debug","ts":"2026-10-05T08:16:28.412Z","caller":"datastore/data_store.go:1148","msg":"ENI eni-EXAMPLE10 cannot be deleted because it has pods assigned"}
{"level":"debug","ts":"2026-10-05T08:16:33.413Z","caller":"ipamd/ipamd.go:795","msg":"IP stats for Network Card 0 - total IPs: 8, assigned IPs: 6, cooldown IPs: 0"}
{"level":"debug","ts":"2026-10-05T08:16:33.413Z","caller":"ipamd/ipamd.go:861","msg":"Node found \"ip-10-20-0-21.ec2.internal\" - no of taints - 0"}
{"level":"debug","ts":"2026-10-05T08:16:33.413Z","caller":"datastore/data_store.go:1148","msg":"ENI eni-EXAMPLE10 cannot be deleted because it has pods assigned"}
{"level":"debug","ts":"2026-10-05T08:16:33.413Z","caller":"datastore/data_store.go:1148","msg":"ENI eni-EXAMPLE9 cannot be deleted because it is primary"}
{"level":"debug","ts":"2026-10-05T08:16:35.913Z","caller":"ipamd/ipamd.go:798","msg":"Reconciling ENI/IP pool info because time since last 1m2.509905414s > 1m0s"}
{"level":"debug","ts":"2026-10-05T08:16:35.915Z","caller":"ipamd/ipamd.go:1621","msg":"Total number of interfaces found: 2 "}
{"level":"debug","ts":"2026-10-05T08:16:35.915Z","caller":"awsutils/awsutils.go:787","msg":"Found ENI MAC address: 12:ff:d2:a8:6f:5f"}
{"level":"debug","ts":"2026-10-05T08:16:35.917Z","caller":"awsutils/awsutils.go:787","msg":"Found ENI: eni-EXAMPLE10, MAC 12:ff:d2:a8:6f:5f, device 1"}
{"level":"debug","ts":"2026-10-05T08:16:35.918Z","caller":"awsutils/awsutils.go:787","msg":"Found IPv4 addresses associated with interface. This is not efa-only interface"}
{"level":"debug","ts":"2026-10-05T08:16:35.922Z","caller":"awsutils/awsutils.go:787","msg":"Found ENI MAC address: 12:ff:f8:37:95:69"}
{"level":"debug","ts":"2026-10-05T08:16:35.924Z","caller":"awsutils/awsutils.go:787","msg":"Found ENI: eni-EXAMPLE9, MAC 12:ff:f8:37:95:69, device 0"}
{"level":"debug","ts":"2026-10-05T08:16:35.926Z","caller":"awsutils/awsutils.go:787","msg":"Found IPv4 addresses associated with interface. This is not efa-only interface"}
{"level":"debug","ts":"2026-10-05T08:16:35.929Z","caller":"ipamd/ipamd.go:798","msg":"Reconcile existing ENI eni-EXAMPLE10 IP pool"}
{"level":"info","ts":"2026-10-05T08:16:35.929Z","caller":"ipamd/ipamd.go:1766","msg":"Reconcile and skip primary IP 10.20.0.25 on ENI eni-EXAMPLE10"}
{"level":"info","ts":"2026-10-05T08:16:35.929Z","caller":"ipamd/ipamd.go:1766","msg":"Trying to add 10.20.0.9"}
{"level":"info","ts":"2026-10-05T08:16:35.929Z","caller":"ipamd/ipamd.go:1890","msg":"Adding 10.20.0.9/32 to DS for eni-EXAMPLE10"}
{"level":"info","ts":"2026-10-05T08:16:35.929Z","caller":"ipamd/ipamd.go:1890","msg":"IP already in DS"}
{"level":"info","ts":"2026-10-05T08:16:35.929Z","caller":"ipamd/ipamd.go:1766","msg":"Trying to add 10.20.0.12"}
{"level":"info","ts":"2026-10-05T08:16:35.929Z","caller":"ipamd/ipamd.go:1890","msg":"Adding 10.20.0.12/32 to DS for eni-EXAMPLE10"}
{"level":"info","ts":"2026-10-05T08:16:35.929Z","caller":"ipamd/ipamd.go:1890","msg":"IP already in DS"}
{"level":"info","ts":"2026-10-05T08:16:35.929Z","caller":"ipamd/ipamd.go:1766","msg":"Trying to add 10.20.0.22"}
{"level":"info","ts":"2026-10-05T08:16:35.929Z","caller":"ipamd/ipamd.go:1890","msg":"Adding 10.20.0.22/32 to DS for eni-EXAMPLE10"}
{"level":"info","ts":"2026-10-05T08:16:35.929Z","caller":"ipamd/ipamd.go:1890","msg":"IP already in DS"}
{"level":"debug","ts":"2026-10-05T08:16:35.929Z","caller":"ipamd/ipamd.go:798","msg":"Reconcile existing ENI eni-EXAMPLE10 IP prefixes"}
{"level":"debug","ts":"2026-10-05T08:16:35.929Z","caller":"ipamd/ipamd.go:1693","msg":"Found prefix pool count 0 for eni eni-EXAMPLE10\n"}
{"level":"debug","ts":"2026-10-05T08:16:35.929Z","caller":"ipamd/ipamd.go:798","msg":"Reconcile existing ENI eni-EXAMPLE9 IP pool"}
{"level":"info","ts":"2026-10-05T08:16:35.929Z","caller":"ipamd/ipamd.go:1766","msg":"Reconcile and skip primary IP 10.20.0.21 on ENI eni-EXAMPLE9"}
{"level":"info","ts":"2026-10-05T08:16:35.929Z","caller":"ipamd/ipamd.go:1766","msg":"Trying to add 10.20.0.20"}
{"level":"info","ts":"2026-10-05T08:16:35.929Z","caller":"ipamd/ipamd.go:1890","msg":"Adding 10.20.0.20/32 to DS for eni-EXAMPLE9"}
{"level":"info","ts":"2026-10-05T08:16:35.929Z","caller":"ipamd/ipamd.go:1890","msg":"IP already in DS"}
{"level":"info","ts":"2026-10-05T08:16:35.929Z","caller":"ipamd/ipamd.go:1766","msg":"Trying to add 10.20.0.17"}
{"level":"info","ts":"2026-10-05T08:16:35.929Z","caller":"ipamd/ipamd.go:1890","msg":"Adding 10.20.0.17/32 to DS for eni-EXAMPLE9"}
{"level":"info","ts":"2026-10-05T08:16:35.930Z","caller":"ipamd/ipamd.go:1890","msg":"IP already in DS"}
{"level":"info","ts":"2026-10-05T08:16:35.930Z","caller":"ipamd/ipamd.go:1766","msg":"Trying to add 10.20.0.28"}
{"level":"info","ts":"2026-10-05T08:16:35.930Z","caller":"ipamd/ipamd.go:1890","msg":"Adding 10.20.0.28/32 to DS for eni-EXAMPLE9"}
{"level":"info","ts":"2026-10-05T08:16:35.930Z","caller":"ipamd/ipamd.go:1890","msg":"IP already in DS"}
{"level":"info","ts":"2026-10-05T08:16:35.930Z","caller":"ipamd/ipamd.go:1766","msg":"Trying to add 10.20.0.29"}
{"level":"info","ts":"2026-10-05T08:16:35.930Z","caller":"ipamd/ipamd.go:1890","msg":"Adding 10.20.0.29/32 to DS for eni-EXAMPLE9"}
{"level":"info","ts":"2026-10-05T08:16:35.930Z","caller":"ipamd/ipamd.go:1890","msg":"IP already in DS"}
{"level":"info","ts":"2026-10-05T08:16:35.930Z","caller":"ipamd/ipamd.go:1766","msg":"Trying to add 10.20.0.8"}
{"level":"info","ts":"2026-10-05T08:16:35.930Z","caller":"ipamd/ipamd.go:1890","msg":"Adding 10.20.0.8/32 to DS for eni-EXAMPLE9"}
{"level":"info","ts":"2026-10-05T08:16:35.930Z","caller":"ipamd/ipamd.go:1890","msg":"IP already in DS"}
{"level":"debug","ts":"2026-10-05T08:16:35.930Z","caller":"ipamd/ipamd.go:798","msg":"Reconcile existing ENI eni-EXAMPLE9 IP prefixes"}
{"level":"debug","ts":"2026-10-05T08:16:35.930Z","caller":"ipamd/ipamd.go:1693","msg":"Found prefix pool count 0 for eni eni-EXAMPLE9\n"}
{"level":"debug","ts":"2026-10-05T08:16:35.930Z","caller":"ipamd/ipamd.go:798","msg":"Successfully Reconciled ENI/IP pool"}
{"level":"debug","ts":"2026-10-05T08:16:35.930Z","caller":"ipamd/ipamd.go:1738","msg":"IP pool stats for network card 0: Total IPs/Prefixes = 8/0, AssignedIPs/CooldownIPs: 6/0, c.maxIPsPerENI = 5"}
{"level":"debug","ts":"2026-10-05T08:16:35.930Z","caller":"ipamd/ipamd.go:798","msg":"Primary IP for ENI eni-EXAMPLE9 is 10.20.0.21"}
{"level":"debug","ts":"2026-10-05T08:16:35.930Z","caller":"ipamd/ipamd.go:798","msg":"Primary IP for ENI eni-EXAMPLE10 is 10.20.0.25"}
{"level":"info","ts":"2026-10-05T08:16:37.409Z","caller":"rpc/rpc_grpc.pb.go:117","msg":"Received AddNetwork for NS /var/run/netns/cni-681f8729-2058-6c27-024d-bbb6cdcb328c, Sandbox a631692b9088976f2e2316ac46cca059c140c8a6598587d7d1c40e4658248bb8, ifname eth0"}
{"level":"debug","ts":"2026-10-05T08:16:37.409Z","caller":"rpc/rpc_grpc.pb.go:117","msg":"AddNetworkRequest: K8S_POD_NAME:\"pause-68d5b89fc-wr9n5\"  K8S_POD_NAMESPACE:\"default\"  K8S_POD_INFRA_CONTAINER_ID:\"a631692b9088976f2e2316ac46cca059c140c8a6598587d7d1c40e4658248bb8\"  ContainerID:\"a631692b9088976f2e2316ac46cca059c140c8a6598587d7d1c40e4658248bb8\"  IfName:\"eth0\"  NetworkName:\"aws-cni\"  Netns:\"/var/run/netns/cni-681f8729-2058-6c27-024d-bbb6cdcb328c\""}
{"level":"info","ts":"2026-10-05T08:16:37.409Z","caller":"rpc/rpc_grpc.pb.go:117","msg":"Required MultiNIC access false, interfaces required 1"}
{"level":"debug","ts":"2026-10-05T08:16:37.409Z","caller":"datastore/data_store.go:713","msg":"AssignPodIPv4Address: IP address pool stats: total 8, assigned 6"}
{"level":"debug","ts":"2026-10-05T08:16:37.409Z","caller":"datastore/data_store.go:806","msg":"Get free IP from prefix failed no free IP available in the prefix - 10.20.0.29/32"}
{"level":"debug","ts":"2026-10-05T08:16:37.409Z","caller":"datastore/data_store.go:713","msg":"Unable to get IP address from CIDR: no free IP available in the prefix - 10.20.0.29/32"}
{"level":"debug","ts":"2026-10-05T08:16:37.409Z","caller":"datastore/data_store.go:806","msg":"Get free IP from prefix failed no free IP available in the prefix - 10.20.0.8/32"}
{"level":"debug","ts":"2026-10-05T08:16:37.409Z","caller":"datastore/data_store.go:713","msg":"Unable to get IP address from CIDR: no free IP available in the prefix - 10.20.0.8/32"}
{"level":"debug","ts":"2026-10-05T08:16:37.409Z","caller":"datastore/data_store.go:806","msg":"Get free IP from prefix failed no free IP available in the prefix - 10.20.0.20/32"}
{"level":"debug","ts":"2026-10-05T08:16:37.409Z","caller":"datastore/data_store.go:713","msg":"Unable to get IP address from CIDR: no free IP available in the prefix - 10.20.0.20/32"}
{"level":"debug","ts":"2026-10-05T08:16:37.409Z","caller":"datastore/data_store.go:806","msg":"Get free IP from prefix failed no free IP available in the prefix - 10.20.0.17/32"}
{"level":"debug","ts":"2026-10-05T08:16:37.409Z","caller":"datastore/data_store.go:713","msg":"Unable to get IP address from CIDR: no free IP available in the prefix - 10.20.0.17/32"}
{"level":"debug","ts":"2026-10-05T08:16:37.409Z","caller":"datastore/data_store.go:806","msg":"Get free IP from prefix failed no free IP available in the prefix - 10.20.0.28/32"}
{"level":"debug","ts":"2026-10-05T08:16:37.409Z","caller":"datastore/data_store.go:713","msg":"Unable to get IP address from CIDR: no free IP available in the prefix - 10.20.0.28/32"}
{"level":"debug","ts":"2026-10-05T08:16:37.409Z","caller":"datastore/data_store.go:713","msg":"AssignPodIPv4Address: ENI eni-EXAMPLE9 does not have available addresses"}
{"level":"debug","ts":"2026-10-05T08:16:37.409Z","caller":"datastore/data_store.go:806","msg":"Get free IP from prefix failed no free IP available in the prefix - 10.20.0.9/32"}
{"level":"debug","ts":"2026-10-05T08:16:37.409Z","caller":"datastore/data_store.go:713","msg":"Unable to get IP address from CIDR: no free IP available in the prefix - 10.20.0.9/32"}
{"level":"debug","ts":"2026-10-05T08:16:37.409Z","caller":"datastore/data_store.go:1469","msg":"Found a free IP not in DB - 10.20.0.12"}
{"level":"debug","ts":"2026-10-05T08:16:37.409Z","caller":"datastore/data_store.go:806","msg":"Returning Free IP 10.20.0.12"}
{"level":"debug","ts":"2026-10-05T08:16:37.409Z","caller":"datastore/data_store.go:713","msg":"New IP from CIDR pool- 10.20.0.12"}
{"level":"debug","ts":"2026-10-05T08:16:37.409Z","caller":"datastore/data_store.go:713","msg":"Allocating new IP 10.20.0.12 from CIDR 10.20.0.12/32 for pod"}
{"level":"info","ts":"2026-10-05T08:16:37.409Z","caller":"datastore/data_store.go:838","msg":"assignPodIPAddressUnsafe: Assign IP 10.20.0.12 to sandbox aws-cni/a631692b9088976f2e2316ac46cca059c140c8a6598587d7d1c40e4658248bb8/eth0 with metadata {K8SPodNamespace:default K8SPodName:pause-68d5b89fc-wr9n5 InterfacesCount:1}"}
{"level":"info","ts":"2026-10-05T08:16:37.409Z","caller":"rpc/rpc_grpc.pb.go:117","msg":"Assigned IP from network card: 0 -> IPv4: 10.20.0.12, IPv6: , device number: 1, "}
{"level":"info","ts":"2026-10-05T08:16:37.409Z","caller":"rpc/rpc_grpc.pb.go:117","msg":"Address assigned from datastores:  1"}
{"level":"debug","ts":"2026-10-05T08:16:37.410Z","caller":"rpc/rpc_grpc.pb.go:117","msg":"VPC CIDR 10.20.0.0/24"}
{"level":"info","ts":"2026-10-05T08:16:37.410Z","caller":"rpc/rpc_grpc.pb.go:117","msg":"Send AddNetworkReply: Success: true IPAddr: [IPv4Addr:\"10.20.0.12\"  DeviceNumber:1  RouteTableId:2], resp: Success:true  IPAllocationMetadata:{IPv4Addr:\"10.20.0.12\"  DeviceNumber:1  RouteTableId:2}  VPCv4CIDRs:\"10.20.0.0/24\"  NetworkPolicyMode:\"standard\", err: <nil>"}
{"level":"info","ts":"2026-10-05T08:16:37.488Z","caller":"rpc/rpc_grpc.pb.go:117","msg":"Received AddNetwork for NS /var/run/netns/cni-fe30880d-b39c-7565-cb22-7c1ac0431ba1, Sandbox ceaf92fe0754a266147836ff469ac50fadb921714a92831e7868bb45046b2a38, ifname eth0"}
{"level":"debug","ts":"2026-10-05T08:16:37.489Z","caller":"rpc/rpc_grpc.pb.go:117","msg":"AddNetworkRequest: K8S_POD_NAME:\"pause-68d5b89fc-p566w\"  K8S_POD_NAMESPACE:\"default\"  K8S_POD_INFRA_CONTAINER_ID:\"ceaf92fe0754a266147836ff469ac50fadb921714a92831e7868bb45046b2a38\"  ContainerID:\"ceaf92fe0754a266147836ff469ac50fadb921714a92831e7868bb45046b2a38\"  IfName:\"eth0\"  NetworkName:\"aws-cni\"  Netns:\"/var/run/netns/cni-fe30880d-b39c-7565-cb22-7c1ac0431ba1\""}
{"level":"info","ts":"2026-10-05T08:16:37.489Z","caller":"rpc/rpc_grpc.pb.go:117","msg":"Required MultiNIC access false, interfaces required 1"}
{"level":"debug","ts":"2026-10-05T08:16:37.489Z","caller":"datastore/data_store.go:713","msg":"AssignPodIPv4Address: IP address pool stats: total 8, assigned 7"}
{"level":"debug","ts":"2026-10-05T08:16:37.489Z","caller":"datastore/data_store.go:806","msg":"Get free IP from prefix failed no free IP available in the prefix - 10.20.0.17/32"}
{"level":"debug","ts":"2026-10-05T08:16:37.489Z","caller":"datastore/data_store.go:713","msg":"Unable to get IP address from CIDR: no free IP available in the prefix - 10.20.0.17/32"}
{"level":"debug","ts":"2026-10-05T08:16:37.489Z","caller":"datastore/data_store.go:806","msg":"Get free IP from prefix failed no free IP available in the prefix - 10.20.0.28/32"}
{"level":"debug","ts":"2026-10-05T08:16:37.489Z","caller":"datastore/data_store.go:713","msg":"Unable to get IP address from CIDR: no free IP available in the prefix - 10.20.0.28/32"}
{"level":"debug","ts":"2026-10-05T08:16:37.489Z","caller":"datastore/data_store.go:806","msg":"Get free IP from prefix failed no free IP available in the prefix - 10.20.0.29/32"}
{"level":"debug","ts":"2026-10-05T08:16:37.489Z","caller":"datastore/data_store.go:713","msg":"Unable to get IP address from CIDR: no free IP available in the prefix - 10.20.0.29/32"}
{"level":"debug","ts":"2026-10-05T08:16:37.489Z","caller":"datastore/data_store.go:806","msg":"Get free IP from prefix failed no free IP available in the prefix - 10.20.0.8/32"}
{"level":"debug","ts":"2026-10-05T08:16:37.489Z","caller":"datastore/data_store.go:713","msg":"Unable to get IP address from CIDR: no free IP available in the prefix - 10.20.0.8/32"}
{"level":"debug","ts":"2026-10-05T08:16:37.489Z","caller":"datastore/data_store.go:806","msg":"Get free IP from prefix failed no free IP available in the prefix - 10.20.0.20/32"}
{"level":"debug","ts":"2026-10-05T08:16:37.489Z","caller":"datastore/data_store.go:713","msg":"Unable to get IP address from CIDR: no free IP available in the prefix - 10.20.0.20/32"}
{"level":"debug","ts":"2026-10-05T08:16:37.489Z","caller":"datastore/data_store.go:713","msg":"AssignPodIPv4Address: ENI eni-EXAMPLE9 does not have available addresses"}
{"level":"debug","ts":"2026-10-05T08:16:37.489Z","caller":"datastore/data_store.go:806","msg":"Get free IP from prefix failed no free IP available in the prefix - 10.20.0.9/32"}
{"level":"debug","ts":"2026-10-05T08:16:37.489Z","caller":"datastore/data_store.go:713","msg":"Unable to get IP address from CIDR: no free IP available in the prefix - 10.20.0.9/32"}
{"level":"debug","ts":"2026-10-05T08:16:37.489Z","caller":"datastore/data_store.go:806","msg":"Get free IP from prefix failed no free IP available in the prefix - 10.20.0.12/32"}
{"level":"debug","ts":"2026-10-05T08:16:37.489Z","caller":"datastore/data_store.go:713","msg":"Unable to get IP address from CIDR: no free IP available in the prefix - 10.20.0.12/32"}
{"level":"debug","ts":"2026-10-05T08:16:37.489Z","caller":"datastore/data_store.go:1469","msg":"Found a free IP not in DB - 10.20.0.22"}
{"level":"debug","ts":"2026-10-05T08:16:37.489Z","caller":"datastore/data_store.go:806","msg":"Returning Free IP 10.20.0.22"}
{"level":"debug","ts":"2026-10-05T08:16:37.489Z","caller":"datastore/data_store.go:713","msg":"New IP from CIDR pool- 10.20.0.22"}
{"level":"debug","ts":"2026-10-05T08:16:37.489Z","caller":"datastore/data_store.go:713","msg":"Allocating new IP 10.20.0.22 from CIDR 10.20.0.22/32 for pod"}
{"level":"info","ts":"2026-10-05T08:16:37.489Z","caller":"datastore/data_store.go:838","msg":"assignPodIPAddressUnsafe: Assign IP 10.20.0.22 to sandbox aws-cni/ceaf92fe0754a266147836ff469ac50fadb921714a92831e7868bb45046b2a38/eth0 with metadata {K8SPodNamespace:default K8SPodName:pause-68d5b89fc-p566w InterfacesCount:1}"}
{"level":"info","ts":"2026-10-05T08:16:37.489Z","caller":"rpc/rpc_grpc.pb.go:117","msg":"Assigned IP from network card: 0 -> IPv4: 10.20.0.22, IPv6: , device number: 1, "}
{"level":"info","ts":"2026-10-05T08:16:37.489Z","caller":"rpc/rpc_grpc.pb.go:117","msg":"Address assigned from datastores:  1"}
{"level":"debug","ts":"2026-10-05T08:16:37.491Z","caller":"rpc/rpc_grpc.pb.go:117","msg":"VPC CIDR 10.20.0.0/24"}
{"level":"info","ts":"2026-10-05T08:16:37.492Z","caller":"rpc/rpc_grpc.pb.go:117","msg":"Send AddNetworkReply: Success: true IPAddr: [IPv4Addr:\"10.20.0.22\"  DeviceNumber:1  RouteTableId:2], resp: Success:true  IPAllocationMetadata:{IPv4Addr:\"10.20.0.22\"  DeviceNumber:1  RouteTableId:2}  VPCv4CIDRs:\"10.20.0.0/24\"  NetworkPolicyMode:\"standard\", err: <nil>"}
{"level":"debug","ts":"2026-10-05T08:16:38.430Z","caller":"ipamd/ipamd.go:795","msg":"IP stats for Network Card 0 - total IPs: 8, assigned IPs: 8, cooldown IPs: 0"}
{"level":"debug","ts":"2026-10-05T08:16:38.430Z","caller":"ipamd/ipamd.go:813","msg":"Starting to increase pool size for network card 0"}
{"level":"debug","ts":"2026-10-05T08:16:38.430Z","caller":"ipamd/ipamd.go:966","msg":"Node found \"ip-10-20-0-21.ec2.internal\" - no of taints - 0"}
{"level":"debug","ts":"2026-10-05T08:16:38.430Z","caller":"ipamd/ipamd.go:1135","msg":"Found ENI eni-EXAMPLE10 that has less than the maximum number of IP/Prefixes addresses allocated: cur=3, max=5"}
{"level":"info","ts":"2026-10-05T08:16:38.430Z","caller":"ipamd/ipamd.go:1141","msg":"Trying to allocate 2 IP addresses on ENI eni-EXAMPLE10"}
{"level":"debug","ts":"2026-10-05T08:16:38.430Z","caller":"ipamd/ipamd.go:1141","msg":"PD enabled - false"}
{"level":"info","ts":"2026-10-05T08:16:38.997Z","caller":"ipamd/ipamd.go:1141","msg":"Allocated 2 private IP addresses"}
{"level":"debug","ts":"2026-10-05T08:16:38.997Z","caller":"ipamd/ipamd.go:1156","msg":"containsPrivateIPAddressLimitExceededError encountered <nil>"}
{"level":"info","ts":"2026-10-05T08:16:38.997Z","caller":"ipamd/ipamd.go:1387","msg":"Adding 10.20.0.30/32 to DS for eni-EXAMPLE10"}
{"level":"info","ts":"2026-10-05T08:16:38.997Z","caller":"ipamd/ipamd.go:1387","msg":"Added ENI(eni-EXAMPLE10)'s IP/Prefix 10.20.0.30/32 to datastore"}
{"level":"info","ts":"2026-10-05T08:16:38.997Z","caller":"ipamd/ipamd.go:1387","msg":"Adding 10.20.0.24/32 to DS for eni-EXAMPLE10"}
{"level":"info","ts":"2026-10-05T08:16:38.997Z","caller":"ipamd/ipamd.go:1387","msg":"Added ENI(eni-EXAMPLE10)'s IP/Prefix 10.20.0.24/32 to datastore"}
{"level":"debug","ts":"2026-10-05T08:16:38.997Z","caller":"ipamd/ipamd.go:1394","msg":"IP pool stats for network card 0: Total IPs/Prefixes = 10/0, AssignedIPs/CooldownIPs: 8/0, c.maxIPsPerENI = 5"}
{"level":"debug","ts":"2026-10-05T08:16:38.997Z","caller":"ipamd/ipamd.go:1053","msg":"IP pool stats for network card 0: Total IPs/Prefixes = 10/0, AssignedIPs/CooldownIPs: 8/0, c.maxIPsPerENI = 5"}
{"level":"debug","ts":"2026-10-05T08:16:38.997Z","caller":"ipamd/ipamd.go:861","msg":"Node found \"ip-10-20-0-21.ec2.internal\" - no of taints - 0"}
{"level":"debug","ts":"2026-10-05T08:16:38.997Z","caller":"datastore/data_store.go:1148","msg":"ENI eni-EXAMPLE10 cannot be deleted because it has pods assigned"}
{"level":"debug","ts":"2026-10-05T08:16:38.997Z","caller":"datastore/data_store.go:1148","msg":"ENI eni-EXAMPLE9 cannot be deleted because it is primary"}
{"level":"debug","ts":"2026-10-05T08:16:43.999Z","caller":"ipamd/ipamd.go:795","msg":"IP stats for Network Card 0 - total IPs: 10, assigned IPs: 8, cooldown IPs: 0"}
{"level":"debug","ts":"2026-10-05T08:16:43.999Z","caller":"ipamd/ipamd.go:861","msg":"Node found \"ip-10-20-0-21.ec2.internal\" - no of taints - 0"}
{"level":"debug","ts":"2026-10-05T08:16:43.999Z","caller":"datastore/data_store.go:1148","msg":"ENI eni-EXAMPLE9 cannot be deleted because it is primary"}
{"level":"debug","ts":"2026-10-05T08:16:43.999Z","caller":"datastore/data_store.go:1148","msg":"ENI eni-EXAMPLE10 cannot be deleted because it has pods assigned"}
{"level":"debug","ts":"2026-10-05T08:16:48.999Z","caller":"ipamd/ipamd.go:795","msg":"IP stats for Network Card 0 - total IPs: 10, assigned IPs: 8, cooldown IPs: 0"}
{"level":"debug","ts":"2026-10-05T08:16:49.000Z","caller":"ipamd/ipamd.go:861","msg":"Node found \"ip-10-20-0-21.ec2.internal\" - no of taints - 0"}
{"level":"debug","ts":"2026-10-05T08:16:49.000Z","caller":"datastore/data_store.go:1148","msg":"ENI eni-EXAMPLE9 cannot be deleted because it is primary"}
{"level":"debug","ts":"2026-10-05T08:16:49.000Z","caller":"datastore/data_store.go:1148","msg":"ENI eni-EXAMPLE10 cannot be deleted because it has pods assigned"}
{"level":"debug","ts":"2026-10-05T08:16:54.001Z","caller":"ipamd/ipamd.go:795","msg":"IP stats for Network Card 0 - total IPs: 10, assigned IPs: 8, cooldown IPs: 0"}
{"level":"debug","ts":"2026-10-05T08:16:54.001Z","caller":"ipamd/ipamd.go:861","msg":"Node found \"ip-10-20-0-21.ec2.internal\" - no of taints - 0"}
{"level":"debug","ts":"2026-10-05T08:16:54.001Z","caller":"datastore/data_store.go:1148","msg":"ENI eni-EXAMPLE9 cannot be deleted because it is primary"}
{"level":"debug","ts":"2026-10-05T08:16:54.001Z","caller":"datastore/data_store.go:1148","msg":"ENI eni-EXAMPLE10 cannot be deleted because it has pods assigned"}
{"level":"debug","ts":"2026-10-05T08:16:59.003Z","caller":"ipamd/ipamd.go:795","msg":"IP stats for Network Card 0 - total IPs: 10, assigned IPs: 8, cooldown IPs: 0"}
{"level":"debug","ts":"2026-10-05T08:16:59.003Z","caller":"ipamd/ipamd.go:861","msg":"Node found \"ip-10-20-0-21.ec2.internal\" - no of taints - 0"}
{"level":"debug","ts":"2026-10-05T08:16:59.003Z","caller":"datastore/data_store.go:1148","msg":"ENI eni-EXAMPLE9 cannot be deleted because it is primary"}
{"level":"debug","ts":"2026-10-05T08:16:59.003Z","caller":"datastore/data_store.go:1148","msg":"ENI eni-EXAMPLE10 cannot be deleted because it has pods assigned"}
{"level":"debug","ts":"2026-10-05T08:17:04.003Z","caller":"ipamd/ipamd.go:795","msg":"IP stats for Network Card 0 - total IPs: 10, assigned IPs: 8, cooldown IPs: 0"}
{"level":"debug","ts":"2026-10-05T08:17:04.003Z","caller":"ipamd/ipamd.go:861","msg":"Node found \"ip-10-20-0-21.ec2.internal\" - no of taints - 0"}
{"level":"debug","ts":"2026-10-05T08:17:04.003Z","caller":"datastore/data_store.go:1148","msg":"ENI eni-EXAMPLE10 cannot be deleted because it has pods assigned"}
{"level":"debug","ts":"2026-10-05T08:17:04.003Z","caller":"datastore/data_store.go:1148","msg":"ENI eni-EXAMPLE9 cannot be deleted because it is primary"}
{"level":"debug","ts":"2026-10-05T08:17:09.005Z","caller":"ipamd/ipamd.go:795","msg":"IP stats for Network Card 0 - total IPs: 10, assigned IPs: 8, cooldown IPs: 0"}
{"level":"debug","ts":"2026-10-05T08:17:09.006Z","caller":"ipamd/ipamd.go:861","msg":"Node found \"ip-10-20-0-21.ec2.internal\" - no of taints - 0"}
{"level":"debug","ts":"2026-10-05T08:17:09.006Z","caller":"datastore/data_store.go:1148","msg":"ENI eni-EXAMPLE9 cannot be deleted because it is primary"}
{"level":"debug","ts":"2026-10-05T08:17:09.006Z","caller":"datastore/data_store.go:1148","msg":"ENI eni-EXAMPLE10 cannot be deleted because it has pods assigned"}
{"level":"debug","ts":"2026-10-05T08:17:14.007Z","caller":"ipamd/ipamd.go:795","msg":"IP stats for Network Card 0 - total IPs: 10, assigned IPs: 8, cooldown IPs: 0"}
{"level":"debug","ts":"2026-10-05T08:17:14.007Z","caller":"ipamd/ipamd.go:861","msg":"Node found \"ip-10-20-0-21.ec2.internal\" - no of taints - 0"}
{"level":"debug","ts":"2026-10-05T08:17:14.007Z","caller":"datastore/data_store.go:1148","msg":"ENI eni-EXAMPLE9 cannot be deleted because it is primary"}
{"level":"debug","ts":"2026-10-05T08:17:14.007Z","caller":"datastore/data_store.go:1148","msg":"ENI eni-EXAMPLE10 cannot be deleted because it has pods assigned"}
{"level":"debug","ts":"2026-10-05T08:17:19.008Z","caller":"ipamd/ipamd.go:795","msg":"IP stats for Network Card 0 - total IPs: 10, assigned IPs: 8, cooldown IPs: 0"}
{"level":"debug","ts":"2026-10-05T08:17:19.008Z","caller":"ipamd/ipamd.go:861","msg":"Node found \"ip-10-20-0-21.ec2.internal\" - no of taints - 0"}
{"level":"debug","ts":"2026-10-05T08:17:19.008Z","caller":"datastore/data_store.go:1148","msg":"ENI eni-EXAMPLE9 cannot be deleted because it is primary"}
{"level":"debug","ts":"2026-10-05T08:17:19.008Z","caller":"datastore/data_store.go:1148","msg":"ENI eni-EXAMPLE10 cannot be deleted because it has pods assigned"}
{"level":"debug","ts":"2026-10-05T08:17:24.008Z","caller":"ipamd/ipamd.go:795","msg":"IP stats for Network Card 0 - total IPs: 10, assigned IPs: 8, cooldown IPs: 0"}
{"level":"debug","ts":"2026-10-05T08:17:24.008Z","caller":"ipamd/ipamd.go:861","msg":"Node found \"ip-10-20-0-21.ec2.internal\" - no of taints - 0"}
{"level":"debug","ts":"2026-10-05T08:17:24.008Z","caller":"datastore/data_store.go:1148","msg":"ENI eni-EXAMPLE9 cannot be deleted because it is primary"}
{"level":"debug","ts":"2026-10-05T08:17:24.008Z","caller":"datastore/data_store.go:1148","msg":"ENI eni-EXAMPLE10 cannot be deleted because it has pods assigned"}
{"level":"debug","ts":"2026-10-05T08:17:29.010Z","caller":"ipamd/ipamd.go:795","msg":"IP stats for Network Card 0 - total IPs: 10, assigned IPs: 8, cooldown IPs: 0"}
{"level":"debug","ts":"2026-10-05T08:17:29.010Z","caller":"ipamd/ipamd.go:861","msg":"Node found \"ip-10-20-0-21.ec2.internal\" - no of taints - 0"}
{"level":"debug","ts":"2026-10-05T08:17:29.010Z","caller":"datastore/data_store.go:1148","msg":"ENI eni-EXAMPLE9 cannot be deleted because it is primary"}
{"level":"debug","ts":"2026-10-05T08:17:29.010Z","caller":"datastore/data_store.go:1148","msg":"ENI eni-EXAMPLE10 cannot be deleted because it has pods assigned"}
{"level":"debug","ts":"2026-10-05T08:17:34.011Z","caller":"ipamd/ipamd.go:795","msg":"IP stats for Network Card 0 - total IPs: 10, assigned IPs: 8, cooldown IPs: 0"}
{"level":"debug","ts":"2026-10-05T08:17:34.011Z","caller":"ipamd/ipamd.go:861","msg":"Node found \"ip-10-20-0-21.ec2.internal\" - no of taints - 0"}
{"level":"debug","ts":"2026-10-05T08:17:34.011Z","caller":"datastore/data_store.go:1148","msg":"ENI eni-EXAMPLE10 cannot be deleted because it has pods assigned"}
{"level":"debug","ts":"2026-10-05T08:17:34.011Z","caller":"datastore/data_store.go:1148","msg":"ENI eni-EXAMPLE9 cannot be deleted because it is primary"}
{"level":"debug","ts":"2026-10-05T08:17:39.013Z","caller":"ipamd/ipamd.go:795","msg":"IP stats for Network Card 0 - total IPs: 10, assigned IPs: 8, cooldown IPs: 0"}
{"level":"debug","ts":"2026-10-05T08:17:39.013Z","caller":"ipamd/ipamd.go:861","msg":"Node found \"ip-10-20-0-21.ec2.internal\" - no of taints - 0"}
{"level":"debug","ts":"2026-10-05T08:17:39.013Z","caller":"datastore/data_store.go:1148","msg":"ENI eni-EXAMPLE9 cannot be deleted because it is primary"}
{"level":"debug","ts":"2026-10-05T08:17:39.013Z","caller":"datastore/data_store.go:1148","msg":"ENI eni-EXAMPLE10 cannot be deleted because it has pods assigned"}
{"level":"debug","ts":"2026-10-05T08:17:41.513Z","caller":"ipamd/ipamd.go:798","msg":"Reconciling ENI/IP pool info because time since last 1m2.516165072s > 1m0s"}
{"level":"debug","ts":"2026-10-05T08:17:41.514Z","caller":"ipamd/ipamd.go:1621","msg":"Total number of interfaces found: 2 "}
{"level":"debug","ts":"2026-10-05T08:17:41.514Z","caller":"awsutils/awsutils.go:787","msg":"Found ENI MAC address: 12:ff:d2:a8:6f:5f"}
{"level":"debug","ts":"2026-10-05T08:17:41.516Z","caller":"awsutils/awsutils.go:787","msg":"Found ENI: eni-EXAMPLE10, MAC 12:ff:d2:a8:6f:5f, device 1"}
{"level":"debug","ts":"2026-10-05T08:17:41.518Z","caller":"awsutils/awsutils.go:787","msg":"Found IPv4 addresses associated with interface. This is not efa-only interface"}
{"level":"debug","ts":"2026-10-05T08:17:41.521Z","caller":"awsutils/awsutils.go:787","msg":"Found ENI MAC address: 12:ff:f8:37:95:69"}
{"level":"debug","ts":"2026-10-05T08:17:41.522Z","caller":"awsutils/awsutils.go:787","msg":"Found ENI: eni-EXAMPLE9, MAC 12:ff:f8:37:95:69, device 0"}
{"level":"debug","ts":"2026-10-05T08:17:41.524Z","caller":"awsutils/awsutils.go:787","msg":"Found IPv4 addresses associated with interface. This is not efa-only interface"}
{"level":"debug","ts":"2026-10-05T08:17:41.528Z","caller":"ipamd/ipamd.go:798","msg":"Reconcile existing ENI eni-EXAMPLE10 IP pool"}
{"level":"info","ts":"2026-10-05T08:17:41.528Z","caller":"ipamd/ipamd.go:1766","msg":"Reconcile and skip primary IP 10.20.0.25 on ENI eni-EXAMPLE10"}
{"level":"info","ts":"2026-10-05T08:17:41.528Z","caller":"ipamd/ipamd.go:1766","msg":"Trying to add 10.20.0.9"}
{"level":"info","ts":"2026-10-05T08:17:41.528Z","caller":"ipamd/ipamd.go:1890","msg":"Adding 10.20.0.9/32 to DS for eni-EXAMPLE10"}
{"level":"info","ts":"2026-10-05T08:17:41.528Z","caller":"ipamd/ipamd.go:1890","msg":"IP already in DS"}
{"level":"info","ts":"2026-10-05T08:17:41.528Z","caller":"ipamd/ipamd.go:1766","msg":"Trying to add 10.20.0.12"}
{"level":"info","ts":"2026-10-05T08:17:41.528Z","caller":"ipamd/ipamd.go:1890","msg":"Adding 10.20.0.12/32 to DS for eni-EXAMPLE10"}
{"level":"info","ts":"2026-10-05T08:17:41.528Z","caller":"ipamd/ipamd.go:1890","msg":"IP already in DS"}
{"level":"info","ts":"2026-10-05T08:17:41.528Z","caller":"ipamd/ipamd.go:1766","msg":"Trying to add 10.20.0.22"}
{"level":"info","ts":"2026-10-05T08:17:41.528Z","caller":"ipamd/ipamd.go:1890","msg":"Adding 10.20.0.22/32 to DS for eni-EXAMPLE10"}
{"level":"info","ts":"2026-10-05T08:17:41.528Z","caller":"ipamd/ipamd.go:1890","msg":"IP already in DS"}
{"level":"info","ts":"2026-10-05T08:17:41.528Z","caller":"ipamd/ipamd.go:1766","msg":"Trying to add 10.20.0.30"}
{"level":"info","ts":"2026-10-05T08:17:41.528Z","caller":"ipamd/ipamd.go:1890","msg":"Adding 10.20.0.30/32 to DS for eni-EXAMPLE10"}
{"level":"info","ts":"2026-10-05T08:17:41.528Z","caller":"ipamd/ipamd.go:1890","msg":"IP already in DS"}
{"level":"info","ts":"2026-10-05T08:17:41.528Z","caller":"ipamd/ipamd.go:1766","msg":"Trying to add 10.20.0.24"}
{"level":"info","ts":"2026-10-05T08:17:41.528Z","caller":"ipamd/ipamd.go:1890","msg":"Adding 10.20.0.24/32 to DS for eni-EXAMPLE10"}
{"level":"info","ts":"2026-10-05T08:17:41.528Z","caller":"ipamd/ipamd.go:1890","msg":"IP already in DS"}
{"level":"debug","ts":"2026-10-05T08:17:41.528Z","caller":"ipamd/ipamd.go:798","msg":"Reconcile existing ENI eni-EXAMPLE10 IP prefixes"}
{"level":"debug","ts":"2026-10-05T08:17:41.528Z","caller":"ipamd/ipamd.go:1693","msg":"Found prefix pool count 0 for eni eni-EXAMPLE10\n"}
{"level":"debug","ts":"2026-10-05T08:17:41.528Z","caller":"ipamd/ipamd.go:798","msg":"Reconcile existing ENI eni-EXAMPLE9 IP pool"}
{"level":"info","ts":"2026-10-05T08:17:41.528Z","caller":"ipamd/ipamd.go:1766","msg":"Reconcile and skip primary IP 10.20.0.21 on ENI eni-EXAMPLE9"}
{"level":"info","ts":"2026-10-05T08:17:41.528Z","caller":"ipamd/ipamd.go:1766","msg":"Trying to add 10.20.0.20"}
{"level":"info","ts":"2026-10-05T08:17:41.528Z","caller":"ipamd/ipamd.go:1890","msg":"Adding 10.20.0.20/32 to DS for eni-EXAMPLE9"}
{"level":"info","ts":"2026-10-05T08:17:41.528Z","caller":"ipamd/ipamd.go:1890","msg":"IP already in DS"}
{"level":"info","ts":"2026-10-05T08:17:41.528Z","caller":"ipamd/ipamd.go:1766","msg":"Trying to add 10.20.0.17"}
{"level":"info","ts":"2026-10-05T08:17:41.528Z","caller":"ipamd/ipamd.go:1890","msg":"Adding 10.20.0.17/32 to DS for eni-EXAMPLE9"}
{"level":"info","ts":"2026-10-05T08:17:41.528Z","caller":"ipamd/ipamd.go:1890","msg":"IP already in DS"}
{"level":"info","ts":"2026-10-05T08:17:41.528Z","caller":"ipamd/ipamd.go:1766","msg":"Trying to add 10.20.0.28"}
{"level":"info","ts":"2026-10-05T08:17:41.528Z","caller":"ipamd/ipamd.go:1890","msg":"Adding 10.20.0.28/32 to DS for eni-EXAMPLE9"}
{"level":"info","ts":"2026-10-05T08:17:41.528Z","caller":"ipamd/ipamd.go:1890","msg":"IP already in DS"}
{"level":"info","ts":"2026-10-05T08:17:41.528Z","caller":"ipamd/ipamd.go:1766","msg":"Trying to add 10.20.0.29"}
{"level":"info","ts":"2026-10-05T08:17:41.528Z","caller":"ipamd/ipamd.go:1890","msg":"Adding 10.20.0.29/32 to DS for eni-EXAMPLE9"}
{"level":"info","ts":"2026-10-05T08:17:41.528Z","caller":"ipamd/ipamd.go:1890","msg":"IP already in DS"}
{"level":"info","ts":"2026-10-05T08:17:41.528Z","caller":"ipamd/ipamd.go:1766","msg":"Trying to add 10.20.0.8"}
{"level":"info","ts":"2026-10-05T08:17:41.528Z","caller":"ipamd/ipamd.go:1890","msg":"Adding 10.20.0.8/32 to DS for eni-EXAMPLE9"}
{"level":"info","ts":"2026-10-05T08:17:41.528Z","caller":"ipamd/ipamd.go:1890","msg":"IP already in DS"}
{"level":"debug","ts":"2026-10-05T08:17:41.528Z","caller":"ipamd/ipamd.go:798","msg":"Reconcile existing ENI eni-EXAMPLE9 IP prefixes"}
{"level":"debug","ts":"2026-10-05T08:17:41.528Z","caller":"ipamd/ipamd.go:1693","msg":"Found prefix pool count 0 for eni eni-EXAMPLE9\n"}
{"level":"debug","ts":"2026-10-05T08:17:41.528Z","caller":"ipamd/ipamd.go:798","msg":"Successfully Reconciled ENI/IP pool"}
{"level":"debug","ts":"2026-10-05T08:17:41.528Z","caller":"ipamd/ipamd.go:1738","msg":"IP pool stats for network card 0: Total IPs/Prefixes = 10/0, AssignedIPs/CooldownIPs: 8/0, c.maxIPsPerENI = 5"}
{"level":"debug","ts":"2026-10-05T08:17:41.528Z","caller":"ipamd/ipamd.go:798","msg":"Primary IP for ENI eni-EXAMPLE9 is 10.20.0.21"}
{"level":"debug","ts":"2026-10-05T08:17:41.528Z","caller":"ipamd/ipamd.go:798","msg":"Primary IP for ENI eni-EXAMPLE10 is 10.20.0.25"}
{"level":"info","ts":"2026-10-05T08:17:43.828Z","caller":"rpc/rpc_grpc.pb.go:117","msg":"Received AddNetwork for NS /var/run/netns/cni-de95609d-0c42-944c-f957-0a4a83f1a15c, Sandbox fe24cadbc99901ba0d953ed09ebfe93cfeea704089d4e7628efba4effe4ee739, ifname eth0"}
{"level":"debug","ts":"2026-10-05T08:17:43.828Z","caller":"rpc/rpc_grpc.pb.go:117","msg":"AddNetworkRequest: K8S_POD_NAME:\"pause-68d5b89fc-twptx\"  K8S_POD_NAMESPACE:\"default\"  K8S_POD_INFRA_CONTAINER_ID:\"fe24cadbc99901ba0d953ed09ebfe93cfeea704089d4e7628efba4effe4ee739\"  ContainerID:\"fe24cadbc99901ba0d953ed09ebfe93cfeea704089d4e7628efba4effe4ee739\"  IfName:\"eth0\"  NetworkName:\"aws-cni\"  Netns:\"/var/run/netns/cni-de95609d-0c42-944c-f957-0a4a83f1a15c\""}
{"level":"info","ts":"2026-10-05T08:17:43.828Z","caller":"rpc/rpc_grpc.pb.go:117","msg":"Required MultiNIC access false, interfaces required 1"}
{"level":"debug","ts":"2026-10-05T08:17:43.828Z","caller":"datastore/data_store.go:713","msg":"AssignPodIPv4Address: IP address pool stats: total 10, assigned 8"}
{"level":"debug","ts":"2026-10-05T08:17:43.828Z","caller":"datastore/data_store.go:806","msg":"Get free IP from prefix failed no free IP available in the prefix - 10.20.0.20/32"}
{"level":"debug","ts":"2026-10-05T08:17:43.828Z","caller":"datastore/data_store.go:713","msg":"Unable to get IP address from CIDR: no free IP available in the prefix - 10.20.0.20/32"}
{"level":"debug","ts":"2026-10-05T08:17:43.828Z","caller":"datastore/data_store.go:806","msg":"Get free IP from prefix failed no free IP available in the prefix - 10.20.0.17/32"}
{"level":"debug","ts":"2026-10-05T08:17:43.828Z","caller":"datastore/data_store.go:713","msg":"Unable to get IP address from CIDR: no free IP available in the prefix - 10.20.0.17/32"}
{"level":"debug","ts":"2026-10-05T08:17:43.828Z","caller":"datastore/data_store.go:806","msg":"Get free IP from prefix failed no free IP available in the prefix - 10.20.0.28/32"}
{"level":"debug","ts":"2026-10-05T08:17:43.828Z","caller":"datastore/data_store.go:713","msg":"Unable to get IP address from CIDR: no free IP available in the prefix - 10.20.0.28/32"}
{"level":"debug","ts":"2026-10-05T08:17:43.828Z","caller":"datastore/data_store.go:806","msg":"Get free IP from prefix failed no free IP available in the prefix - 10.20.0.29/32"}
{"level":"debug","ts":"2026-10-05T08:17:43.828Z","caller":"datastore/data_store.go:713","msg":"Unable to get IP address from CIDR: no free IP available in the prefix - 10.20.0.29/32"}
{"level":"debug","ts":"2026-10-05T08:17:43.828Z","caller":"datastore/data_store.go:806","msg":"Get free IP from prefix failed no free IP available in the prefix - 10.20.0.8/32"}
{"level":"debug","ts":"2026-10-05T08:17:43.828Z","caller":"datastore/data_store.go:713","msg":"Unable to get IP address from CIDR: no free IP available in the prefix - 10.20.0.8/32"}
{"level":"debug","ts":"2026-10-05T08:17:43.828Z","caller":"datastore/data_store.go:713","msg":"AssignPodIPv4Address: ENI eni-EXAMPLE9 does not have available addresses"}
{"level":"debug","ts":"2026-10-05T08:17:43.828Z","caller":"datastore/data_store.go:1469","msg":"Found a free IP not in DB - 10.20.0.24"}
{"level":"debug","ts":"2026-10-05T08:17:43.828Z","caller":"datastore/data_store.go:806","msg":"Returning Free IP 10.20.0.24"}
{"level":"debug","ts":"2026-10-05T08:17:43.828Z","caller":"datastore/data_store.go:713","msg":"New IP from CIDR pool- 10.20.0.24"}
{"level":"debug","ts":"2026-10-05T08:17:43.828Z","caller":"datastore/data_store.go:713","msg":"Allocating new IP 10.20.0.24 from CIDR 10.20.0.24/32 for pod"}
{"level":"info","ts":"2026-10-05T08:17:43.828Z","caller":"datastore/data_store.go:838","msg":"assignPodIPAddressUnsafe: Assign IP 10.20.0.24 to sandbox aws-cni/fe24cadbc99901ba0d953ed09ebfe93cfeea704089d4e7628efba4effe4ee739/eth0 with metadata {K8SPodNamespace:default K8SPodName:pause-68d5b89fc-twptx InterfacesCount:1}"}
{"level":"info","ts":"2026-10-05T08:17:43.829Z","caller":"rpc/rpc_grpc.pb.go:117","msg":"Assigned IP from network card: 0 -> IPv4: 10.20.0.24, IPv6: , device number: 1, "}
{"level":"info","ts":"2026-10-05T08:17:43.829Z","caller":"rpc/rpc_grpc.pb.go:117","msg":"Address assigned from datastores:  1"}
{"level":"debug","ts":"2026-10-05T08:17:43.829Z","caller":"rpc/rpc_grpc.pb.go:117","msg":"VPC CIDR 10.20.0.0/24"}
{"level":"info","ts":"2026-10-05T08:17:43.830Z","caller":"rpc/rpc_grpc.pb.go:117","msg":"Send AddNetworkReply: Success: true IPAddr: [IPv4Addr:\"10.20.0.24\"  DeviceNumber:1  RouteTableId:2], resp: Success:true  IPAllocationMetadata:{IPv4Addr:\"10.20.0.24\"  DeviceNumber:1  RouteTableId:2}  VPCv4CIDRs:\"10.20.0.0/24\"  NetworkPolicyMode:\"standard\", err: <nil>"}
{"level":"debug","ts":"2026-10-05T08:17:44.028Z","caller":"ipamd/ipamd.go:795","msg":"IP stats for Network Card 0 - total IPs: 10, assigned IPs: 9, cooldown IPs: 0"}
{"level":"debug","ts":"2026-10-05T08:17:44.028Z","caller":"ipamd/ipamd.go:813","msg":"Starting to increase pool size for network card 0"}
{"level":"debug","ts":"2026-10-05T08:17:44.028Z","caller":"ipamd/ipamd.go:966","msg":"Node found \"ip-10-20-0-21.ec2.internal\" - no of taints - 0"}
{"level":"debug","ts":"2026-10-05T08:17:44.028Z","caller":"ipamd/ipamd.go:1003","msg":"hasRoomForEni: networkCard=0, currentENIs=2, currentUsableENIs=2, maxENI=3, unmanagedENI=0, trunkEni=0, excludedENI=0, hasRoom=true"}
{"level":"info","ts":"2026-10-05T08:17:44.028Z","caller":"awsutils/awsutils.go:1044","msg":"Trying to allocate 1 IP addresses on new ENI"}
{"level":"debug","ts":"2026-10-05T08:17:44.028Z","caller":"awsutils/awsutils.go:1044","msg":"PD enabled - false"}
{"level":"debug","ts":"2026-10-05T08:17:44.089Z","caller":"awsutils/awsutils.go:1272","msg":"Subnet subnet-EXAMPLE3 has no kubernetes.io/role/cni tag, excluding it from ENI creation"}
{"level":"debug","ts":"2026-10-05T08:17:44.089Z","caller":"awsutils/awsutils.go:1272","msg":"Primary subnet subnet-EXAMPLE4 has no kubernetes.io/role/cni tag, including it for ENI creation (backwards compatibility)"}
{"level":"info","ts":"2026-10-05T08:17:44.089Z","caller":"awsutils/awsutils.go:1044","msg":"Creating ENI with security groups: [sg-EXAMPLE1] in subnet: subnet-EXAMPLE4"}
{"level":"debug","ts":"2026-10-05T08:17:44.333Z","caller":"awsutils/awsutils.go:1449","msg":"checkAPIErrorAndBroadcastEvent resulted in operation error EC2: CreateNetworkInterface, https response error StatusCode: 400, RequestID: 20577fb2-ac58-4e80-9762-89838229d9ff, api error InsufficientFreeAddressesInSubnet: The specified subnet does not have enough free addresses to satisfy the request."}
{"level":"error","ts":"2026-10-05T08:17:44.333Z","caller":"awsutils/awsutils.go:1285","msg":"Failed to CreateNetworkInterface operation error EC2: CreateNetworkInterface, https response error StatusCode: 400, RequestID: 20577fb2-ac58-4e80-9762-89838229d9ff, api error InsufficientFreeAddressesInSubnet: The specified subnet does not have enough free addresses to satisfy the request. for subnet subnet-EXAMPLE4"}
{"level":"error","ts":"2026-10-05T08:17:44.333Z","caller":"ipamd/ipamd.go:1004","msg":"Failed to increase pool size due to not able to allocate ENI AllocENI: failed to create ENI: failed to create network interface: operation error EC2: CreateNetworkInterface, https response error StatusCode: 400, RequestID: 20577fb2-ac58-4e80-9762-89838229d9ff, api error InsufficientFreeAddressesInSubnet: The specified subnet does not have enough free addresses to satisfy the request."}
{"level":"warn","ts":"2026-10-05T08:17:44.333Z","caller":"ipamd/ipamd.go:1004","msg":"Failed to allocate 1 IP addresses on an ENI: AllocENI: failed to create ENI: failed to create network interface: operation error EC2: CreateNetworkInterface, https response error StatusCode: 400, RequestID: 20577fb2-ac58-4e80-9762-89838229d9ff, api error InsufficientFreeAddressesInSubnet: The specified subnet does not have enough free addresses to satisfy the request."}
{"level":"debug","ts":"2026-10-05T08:17:44.333Z","caller":"ipamd/ipamd.go:1082","msg":"containsInsufficientCIDRsOrSubnetIPs encountered AllocENI: failed to create ENI: failed to create network interface: operation error EC2: CreateNetworkInterface, https response error StatusCode: 400, RequestID: 20577fb2-ac58-4e80-9762-89838229d9ff, api error InsufficientFreeAddressesInSubnet: The specified subnet does not have enough free addresses to satisfy the request."}
{"level":"debug","ts":"2026-10-05T08:17:44.333Z","caller":"ipamd/ipamd.go:1082","msg":"Insufficient IP Addresses due to: InsufficientFreeAddressesInSubnet\n"}
{"level":"error","ts":"2026-10-05T08:17:44.333Z","caller":"ipamd/ipamd.go:1004","msg":"Unable to attach IPs/Prefixes for the ENI, subnet doesn't seem to have enough IPs/Prefixes. Consider using new subnet or carve a reserved range using create-subnet-cidr-reservation"}
{"level":"debug","ts":"2026-10-05T08:17:44.333Z","caller":"ipamd/ipamd.go:813","msg":"Error trying to allocate ENI: AllocENI: failed to create ENI: failed to create network interface: operation error EC2: CreateNetworkInterface, https response error StatusCode: 400, RequestID: 20577fb2-ac58-4e80-9762-89838229d9ff, api error InsufficientFreeAddressesInSubnet: The specified subnet does not have enough free addresses to satisfy the request."}
{"level":"debug","ts":"2026-10-05T08:17:44.333Z","caller":"ipamd/ipamd.go:861","msg":"Node found \"ip-10-20-0-21.ec2.internal\" - no of taints - 0"}
{"level":"debug","ts":"2026-10-05T08:17:44.333Z","caller":"datastore/data_store.go:1148","msg":"ENI eni-EXAMPLE9 cannot be deleted because it is primary"}
{"level":"debug","ts":"2026-10-05T08:17:44.333Z","caller":"datastore/data_store.go:1148","msg":"ENI eni-EXAMPLE10 cannot be deleted because it has pods assigned"}
{"level":"debug","ts":"2026-10-05T08:17:49.333Z","caller":"ipamd/ipamd.go:795","msg":"IP stats for Network Card 0 - total IPs: 10, assigned IPs: 9, cooldown IPs: 0"}
{"level":"debug","ts":"2026-10-05T08:17:49.333Z","caller":"ipamd/ipamd.go:813","msg":"Starting to increase pool size for network card 0"}
{"level":"debug","ts":"2026-10-05T08:17:49.333Z","caller":"ipamd/ipamd.go:966","msg":"Node found \"ip-10-20-0-21.ec2.internal\" - no of taints - 0"}
{"level":"debug","ts":"2026-10-05T08:17:49.333Z","caller":"ipamd/ipamd.go:813","msg":"Recently we had InsufficientCidr error hence will wait for 2m0s before retrying"}
{"level":"debug","ts":"2026-10-05T08:17:49.333Z","caller":"ipamd/ipamd.go:861","msg":"Node found \"ip-10-20-0-21.ec2.internal\" - no of taints - 0"}
{"level":"debug","ts":"2026-10-05T08:17:49.333Z","caller":"datastore/data_store.go:1148","msg":"ENI eni-EXAMPLE9 cannot be deleted because it is primary"}
{"level":"debug","ts":"2026-10-05T08:17:49.333Z","caller":"datastore/data_store.go:1148","msg":"ENI eni-EXAMPLE10 cannot be deleted because it has pods assigned"}
{"level":"debug","ts":"2026-10-05T08:17:54.337Z","caller":"ipamd/ipamd.go:795","msg":"IP stats for Network Card 0 - total IPs: 10, assigned IPs: 9, cooldown IPs: 0"}
{"level":"debug","ts":"2026-10-05T08:17:54.337Z","caller":"ipamd/ipamd.go:813","msg":"Starting to increase pool size for network card 0"}
{"level":"debug","ts":"2026-10-05T08:17:54.337Z","caller":"ipamd/ipamd.go:966","msg":"Node found \"ip-10-20-0-21.ec2.internal\" - no of taints - 0"}
{"level":"debug","ts":"2026-10-05T08:17:54.337Z","caller":"ipamd/ipamd.go:813","msg":"Recently we had InsufficientCidr error hence will wait for 2m0s before retrying"}
{"level":"debug","ts":"2026-10-05T08:17:54.337Z","caller":"ipamd/ipamd.go:861","msg":"Node found \"ip-10-20-0-21.ec2.internal\" - no of taints - 0"}
{"level":"debug","ts":"2026-10-05T08:17:54.337Z","caller":"datastore/data_store.go:1148","msg":"ENI eni-EXAMPLE9 cannot be deleted because it is primary"}
{"level":"debug","ts":"2026-10-05T08:17:54.337Z","caller":"datastore/data_store.go:1148","msg":"ENI eni-EXAMPLE10 cannot be deleted because it has pods assigned"}
{"level":"debug","ts":"2026-10-05T08:17:59.337Z","caller":"ipamd/ipamd.go:795","msg":"IP stats for Network Card 0 - total IPs: 10, assigned IPs: 9, cooldown IPs: 0"}
{"level":"debug","ts":"2026-10-05T08:17:59.337Z","caller":"ipamd/ipamd.go:813","msg":"Starting to increase pool size for network card 0"}
{"level":"debug","ts":"2026-10-05T08:17:59.337Z","caller":"ipamd/ipamd.go:966","msg":"Node found \"ip-10-20-0-21.ec2.internal\" - no of taints - 0"}
{"level":"debug","ts":"2026-10-05T08:17:59.337Z","caller":"ipamd/ipamd.go:813","msg":"Recently we had InsufficientCidr error hence will wait for 2m0s before retrying"}
{"level":"debug","ts":"2026-10-05T08:17:59.337Z","caller":"ipamd/ipamd.go:861","msg":"Node found \"ip-10-20-0-21.ec2.internal\" - no of taints - 0"}
{"level":"debug","ts":"2026-10-05T08:17:59.337Z","caller":"datastore/data_store.go:1148","msg":"ENI eni-EXAMPLE9 cannot be deleted because it is primary"}
{"level":"debug","ts":"2026-10-05T08:17:59.337Z","caller":"datastore/data_store.go:1148","msg":"ENI eni-EXAMPLE10 cannot be deleted because it has pods assigned"}
{"level":"debug","ts":"2026-10-05T08:18:04.339Z","caller":"ipamd/ipamd.go:795","msg":"IP stats for Network Card 0 - total IPs: 10, assigned IPs: 9, cooldown IPs: 0"}
{"level":"debug","ts":"2026-10-05T08:18:04.339Z","caller":"ipamd/ipamd.go:813","msg":"Starting to increase pool size for network card 0"}
{"level":"debug","ts":"2026-10-05T08:18:04.339Z","caller":"ipamd/ipamd.go:966","msg":"Node found \"ip-10-20-0-21.ec2.internal\" - no of taints - 0"}
{"level":"debug","ts":"2026-10-05T08:18:04.339Z","caller":"ipamd/ipamd.go:813","msg":"Recently we had InsufficientCidr error hence will wait for 2m0s before retrying"}
{"level":"debug","ts":"2026-10-05T08:18:04.339Z","caller":"ipamd/ipamd.go:861","msg":"Node found \"ip-10-20-0-21.ec2.internal\" - no of taints - 0"}
{"level":"debug","ts":"2026-10-05T08:18:04.340Z","caller":"datastore/data_store.go:1148","msg":"ENI eni-EXAMPLE9 cannot be deleted because it is primary"}
{"level":"debug","ts":"2026-10-05T08:18:04.340Z","caller":"datastore/data_store.go:1148","msg":"ENI eni-EXAMPLE10 cannot be deleted because it has pods assigned"}
{"level":"debug","ts":"2026-10-05T08:18:09.341Z","caller":"ipamd/ipamd.go:795","msg":"IP stats for Network Card 0 - total IPs: 10, assigned IPs: 9, cooldown IPs: 0"}
{"level":"debug","ts":"2026-10-05T08:18:09.341Z","caller":"ipamd/ipamd.go:813","msg":"Starting to increase pool size for network card 0"}
{"level":"debug","ts":"2026-10-05T08:18:09.341Z","caller":"ipamd/ipamd.go:966","msg":"Node found \"ip-10-20-0-21.ec2.internal\" - no of taints - 0"}
{"level":"debug","ts":"2026-10-05T08:18:09.341Z","caller":"ipamd/ipamd.go:813","msg":"Recently we had InsufficientCidr error hence will wait for 2m0s before retrying"}
{"level":"debug","ts":"2026-10-05T08:18:09.341Z","caller":"ipamd/ipamd.go:861","msg":"Node found \"ip-10-20-0-21.ec2.internal\" - no of taints - 0"}
{"level":"debug","ts":"2026-10-05T08:18:09.341Z","caller":"datastore/data_store.go:1148","msg":"ENI eni-EXAMPLE9 cannot be deleted because it is primary"}
{"level":"debug","ts":"2026-10-05T08:18:09.341Z","caller":"datastore/data_store.go:1148","msg":"ENI eni-EXAMPLE10 cannot be deleted because it has pods assigned"}
{"level":"debug","ts":"2026-10-05T08:18:14.341Z","caller":"ipamd/ipamd.go:795","msg":"IP stats for Network Card 0 - total IPs: 10, assigned IPs: 9, cooldown IPs: 0"}
{"level":"debug","ts":"2026-10-05T08:18:14.341Z","caller":"ipamd/ipamd.go:813","msg":"Starting to increase pool size for network card 0"}
{"level":"debug","ts":"2026-10-05T08:18:14.341Z","caller":"ipamd/ipamd.go:966","msg":"Node found \"ip-10-20-0-21.ec2.internal\" - no of taints - 0"}
{"level":"debug","ts":"2026-10-05T08:18:14.341Z","caller":"ipamd/ipamd.go:813","msg":"Recently we had InsufficientCidr error hence will wait for 2m0s before retrying"}
{"level":"debug","ts":"2026-10-05T08:18:14.341Z","caller":"ipamd/ipamd.go:861","msg":"Node found \"ip-10-20-0-21.ec2.internal\" - no of taints - 0"}
{"level":"debug","ts":"2026-10-05T08:18:14.341Z","caller":"datastore/data_store.go:1148","msg":"ENI eni-EXAMPLE10 cannot be deleted because it has pods assigned"}
{"level":"debug","ts":"2026-10-05T08:18:14.341Z","caller":"datastore/data_store.go:1148","msg":"ENI eni-EXAMPLE9 cannot be deleted because it is primary"}
{"level":"debug","ts":"2026-10-05T08:18:19.344Z","caller":"ipamd/ipamd.go:795","msg":"IP stats for Network Card 0 - total IPs: 10, assigned IPs: 9, cooldown IPs: 0"}
{"level":"debug","ts":"2026-10-05T08:18:19.344Z","caller":"ipamd/ipamd.go:813","msg":"Starting to increase pool size for network card 0"}
{"level":"debug","ts":"2026-10-05T08:18:19.344Z","caller":"ipamd/ipamd.go:966","msg":"Node found \"ip-10-20-0-21.ec2.internal\" - no of taints - 0"}
{"level":"debug","ts":"2026-10-05T08:18:19.344Z","caller":"ipamd/ipamd.go:813","msg":"Recently we had InsufficientCidr error hence will wait for 2m0s before retrying"}
{"level":"debug","ts":"2026-10-05T08:18:19.344Z","caller":"ipamd/ipamd.go:861","msg":"Node found \"ip-10-20-0-21.ec2.internal\" - no of taints - 0"}
{"level":"debug","ts":"2026-10-05T08:18:19.344Z","caller":"datastore/data_store.go:1148","msg":"ENI eni-EXAMPLE9 cannot be deleted because it is primary"}
{"level":"debug","ts":"2026-10-05T08:18:19.344Z","caller":"datastore/data_store.go:1148","msg":"ENI eni-EXAMPLE10 cannot be deleted because it has pods assigned"}
{"level":"debug","ts":"2026-10-05T08:18:24.344Z","caller":"ipamd/ipamd.go:795","msg":"IP stats for Network Card 0 - total IPs: 10, assigned IPs: 9, cooldown IPs: 0"}
{"level":"debug","ts":"2026-10-05T08:18:24.344Z","caller":"ipamd/ipamd.go:813","msg":"Starting to increase pool size for network card 0"}
{"level":"debug","ts":"2026-10-05T08:18:24.345Z","caller":"ipamd/ipamd.go:966","msg":"Node found \"ip-10-20-0-21.ec2.internal\" - no of taints - 0"}
{"level":"debug","ts":"2026-10-05T08:18:24.345Z","caller":"ipamd/ipamd.go:813","msg":"Recently we had InsufficientCidr error hence will wait for 2m0s before retrying"}
{"level":"debug","ts":"2026-10-05T08:18:24.345Z","caller":"ipamd/ipamd.go:861","msg":"Node found \"ip-10-20-0-21.ec2.internal\" - no of taints - 0"}
{"level":"debug","ts":"2026-10-05T08:18:24.345Z","caller":"datastore/data_store.go:1148","msg":"ENI eni-EXAMPLE9 cannot be deleted because it is primary"}
{"level":"debug","ts":"2026-10-05T08:18:24.345Z","caller":"datastore/data_store.go:1148","msg":"ENI eni-EXAMPLE10 cannot be deleted because it has pods assigned"}
{"level":"debug","ts":"2026-10-05T08:18:29.346Z","caller":"ipamd/ipamd.go:795","msg":"IP stats for Network Card 0 - total IPs: 10, assigned IPs: 9, cooldown IPs: 0"}
{"level":"debug","ts":"2026-10-05T08:18:29.346Z","caller":"ipamd/ipamd.go:813","msg":"Starting to increase pool size for network card 0"}
{"level":"debug","ts":"2026-10-05T08:18:29.346Z","caller":"ipamd/ipamd.go:966","msg":"Node found \"ip-10-20-0-21.ec2.internal\" - no of taints - 0"}
{"level":"debug","ts":"2026-10-05T08:18:29.346Z","caller":"ipamd/ipamd.go:813","msg":"Recently we had InsufficientCidr error hence will wait for 2m0s before retrying"}
{"level":"debug","ts":"2026-10-05T08:18:29.346Z","caller":"ipamd/ipamd.go:861","msg":"Node found \"ip-10-20-0-21.ec2.internal\" - no of taints - 0"}
{"level":"debug","ts":"2026-10-05T08:18:29.346Z","caller":"datastore/data_store.go:1148","msg":"ENI eni-EXAMPLE9 cannot be deleted because it is primary"}
{"level":"debug","ts":"2026-10-05T08:18:29.346Z","caller":"datastore/data_store.go:1148","msg":"ENI eni-EXAMPLE10 cannot be deleted because it has pods assigned"}
{"level":"debug","ts":"2026-10-05T08:18:34.348Z","caller":"ipamd/ipamd.go:795","msg":"IP stats for Network Card 0 - total IPs: 10, assigned IPs: 9, cooldown IPs: 0"}
{"level":"debug","ts":"2026-10-05T08:18:34.348Z","caller":"ipamd/ipamd.go:813","msg":"Starting to increase pool size for network card 0"}
{"level":"debug","ts":"2026-10-05T08:18:34.348Z","caller":"ipamd/ipamd.go:966","msg":"Node found \"ip-10-20-0-21.ec2.internal\" - no of taints - 0"}
{"level":"debug","ts":"2026-10-05T08:18:34.348Z","caller":"ipamd/ipamd.go:813","msg":"Recently we had InsufficientCidr error hence will wait for 2m0s before retrying"}
{"level":"debug","ts":"2026-10-05T08:18:34.348Z","caller":"ipamd/ipamd.go:861","msg":"Node found \"ip-10-20-0-21.ec2.internal\" - no of taints - 0"}
{"level":"debug","ts":"2026-10-05T08:18:34.348Z","caller":"datastore/data_store.go:1148","msg":"ENI eni-EXAMPLE10 cannot be deleted because it has pods assigned"}
{"level":"debug","ts":"2026-10-05T08:18:34.348Z","caller":"datastore/data_store.go:1148","msg":"ENI eni-EXAMPLE9 cannot be deleted because it is primary"}
{"level":"debug","ts":"2026-10-05T08:18:39.350Z","caller":"ipamd/ipamd.go:795","msg":"IP stats for Network Card 0 - total IPs: 10, assigned IPs: 9, cooldown IPs: 0"}
{"level":"debug","ts":"2026-10-05T08:18:39.351Z","caller":"ipamd/ipamd.go:813","msg":"Starting to increase pool size for network card 0"}
{"level":"debug","ts":"2026-10-05T08:18:39.351Z","caller":"ipamd/ipamd.go:966","msg":"Node found \"ip-10-20-0-21.ec2.internal\" - no of taints - 0"}
{"level":"debug","ts":"2026-10-05T08:18:39.351Z","caller":"ipamd/ipamd.go:813","msg":"Recently we had InsufficientCidr error hence will wait for 2m0s before retrying"}
{"level":"debug","ts":"2026-10-05T08:18:39.351Z","caller":"ipamd/ipamd.go:861","msg":"Node found \"ip-10-20-0-21.ec2.internal\" - no of taints - 0"}
{"level":"debug","ts":"2026-10-05T08:18:39.351Z","caller":"datastore/data_store.go:1148","msg":"ENI eni-EXAMPLE9 cannot be deleted because it is primary"}
{"level":"debug","ts":"2026-10-05T08:18:39.351Z","caller":"datastore/data_store.go:1148","msg":"ENI eni-EXAMPLE10 cannot be deleted because it has pods assigned"}
{"level":"debug","ts":"2026-10-05T08:18:41.851Z","caller":"ipamd/ipamd.go:798","msg":"Reconciling ENI/IP pool info because time since last 1m0.323331804s > 1m0s"}
{"level":"debug","ts":"2026-10-05T08:18:41.852Z","caller":"ipamd/ipamd.go:1621","msg":"Total number of interfaces found: 2 "}
{"level":"debug","ts":"2026-10-05T08:18:41.852Z","caller":"awsutils/awsutils.go:787","msg":"Found ENI MAC address: 12:ff:d2:a8:6f:5f"}
{"level":"debug","ts":"2026-10-05T08:18:41.854Z","caller":"awsutils/awsutils.go:787","msg":"Found ENI: eni-EXAMPLE10, MAC 12:ff:d2:a8:6f:5f, device 1"}
{"level":"debug","ts":"2026-10-05T08:18:41.856Z","caller":"awsutils/awsutils.go:787","msg":"Found IPv4 addresses associated with interface. This is not efa-only interface"}
{"level":"debug","ts":"2026-10-05T08:18:41.858Z","caller":"awsutils/awsutils.go:787","msg":"Found ENI MAC address: 12:ff:f8:37:95:69"}
{"level":"debug","ts":"2026-10-05T08:18:41.861Z","caller":"awsutils/awsutils.go:787","msg":"Found ENI: eni-EXAMPLE9, MAC 12:ff:f8:37:95:69, device 0"}
{"level":"debug","ts":"2026-10-05T08:18:41.863Z","caller":"awsutils/awsutils.go:787","msg":"Found IPv4 addresses associated with interface. This is not efa-only interface"}
{"level":"debug","ts":"2026-10-05T08:18:41.866Z","caller":"ipamd/ipamd.go:798","msg":"Reconcile existing ENI eni-EXAMPLE10 IP pool"}
{"level":"info","ts":"2026-10-05T08:18:41.866Z","caller":"ipamd/ipamd.go:1766","msg":"Reconcile and skip primary IP 10.20.0.25 on ENI eni-EXAMPLE10"}
{"level":"info","ts":"2026-10-05T08:18:41.866Z","caller":"ipamd/ipamd.go:1766","msg":"Trying to add 10.20.0.9"}
{"level":"info","ts":"2026-10-05T08:18:41.866Z","caller":"ipamd/ipamd.go:1890","msg":"Adding 10.20.0.9/32 to DS for eni-EXAMPLE10"}
{"level":"info","ts":"2026-10-05T08:18:41.866Z","caller":"ipamd/ipamd.go:1890","msg":"IP already in DS"}
{"level":"info","ts":"2026-10-05T08:18:41.866Z","caller":"ipamd/ipamd.go:1766","msg":"Trying to add 10.20.0.12"}
{"level":"info","ts":"2026-10-05T08:18:41.866Z","caller":"ipamd/ipamd.go:1890","msg":"Adding 10.20.0.12/32 to DS for eni-EXAMPLE10"}
{"level":"info","ts":"2026-10-05T08:18:41.866Z","caller":"ipamd/ipamd.go:1890","msg":"IP already in DS"}
{"level":"info","ts":"2026-10-05T08:18:41.866Z","caller":"ipamd/ipamd.go:1766","msg":"Trying to add 10.20.0.22"}
{"level":"info","ts":"2026-10-05T08:18:41.866Z","caller":"ipamd/ipamd.go:1890","msg":"Adding 10.20.0.22/32 to DS for eni-EXAMPLE10"}
{"level":"info","ts":"2026-10-05T08:18:41.866Z","caller":"ipamd/ipamd.go:1890","msg":"IP already in DS"}
{"level":"info","ts":"2026-10-05T08:18:41.866Z","caller":"ipamd/ipamd.go:1766","msg":"Trying to add 10.20.0.30"}
{"level":"info","ts":"2026-10-05T08:18:41.866Z","caller":"ipamd/ipamd.go:1890","msg":"Adding 10.20.0.30/32 to DS for eni-EXAMPLE10"}
{"level":"info","ts":"2026-10-05T08:18:41.866Z","caller":"ipamd/ipamd.go:1890","msg":"IP already in DS"}
{"level":"info","ts":"2026-10-05T08:18:41.866Z","caller":"ipamd/ipamd.go:1766","msg":"Trying to add 10.20.0.24"}
{"level":"info","ts":"2026-10-05T08:18:41.866Z","caller":"ipamd/ipamd.go:1890","msg":"Adding 10.20.0.24/32 to DS for eni-EXAMPLE10"}
{"level":"info","ts":"2026-10-05T08:18:41.866Z","caller":"ipamd/ipamd.go:1890","msg":"IP already in DS"}
{"level":"debug","ts":"2026-10-05T08:18:41.866Z","caller":"ipamd/ipamd.go:798","msg":"Reconcile existing ENI eni-EXAMPLE10 IP prefixes"}
{"level":"debug","ts":"2026-10-05T08:18:41.866Z","caller":"ipamd/ipamd.go:1693","msg":"Found prefix pool count 0 for eni eni-EXAMPLE10\n"}
{"level":"debug","ts":"2026-10-05T08:18:41.866Z","caller":"ipamd/ipamd.go:798","msg":"Reconcile existing ENI eni-EXAMPLE9 IP pool"}
{"level":"info","ts":"2026-10-05T08:18:41.866Z","caller":"ipamd/ipamd.go:1766","msg":"Reconcile and skip primary IP 10.20.0.21 on ENI eni-EXAMPLE9"}
{"level":"info","ts":"2026-10-05T08:18:41.866Z","caller":"ipamd/ipamd.go:1766","msg":"Trying to add 10.20.0.20"}
{"level":"info","ts":"2026-10-05T08:18:41.866Z","caller":"ipamd/ipamd.go:1890","msg":"Adding 10.20.0.20/32 to DS for eni-EXAMPLE9"}
{"level":"info","ts":"2026-10-05T08:18:41.866Z","caller":"ipamd/ipamd.go:1890","msg":"IP already in DS"}
{"level":"info","ts":"2026-10-05T08:18:41.866Z","caller":"ipamd/ipamd.go:1766","msg":"Trying to add 10.20.0.17"}
{"level":"info","ts":"2026-10-05T08:18:41.866Z","caller":"ipamd/ipamd.go:1890","msg":"Adding 10.20.0.17/32 to DS for eni-EXAMPLE9"}
{"level":"info","ts":"2026-10-05T08:18:41.866Z","caller":"ipamd/ipamd.go:1890","msg":"IP already in DS"}
{"level":"info","ts":"2026-10-05T08:18:41.866Z","caller":"ipamd/ipamd.go:1766","msg":"Trying to add 10.20.0.28"}
{"level":"info","ts":"2026-10-05T08:18:41.866Z","caller":"ipamd/ipamd.go:1890","msg":"Adding 10.20.0.28/32 to DS for eni-EXAMPLE9"}
{"level":"info","ts":"2026-10-05T08:18:41.866Z","caller":"ipamd/ipamd.go:1890","msg":"IP already in DS"}
{"level":"info","ts":"2026-10-05T08:18:41.866Z","caller":"ipamd/ipamd.go:1766","msg":"Trying to add 10.20.0.29"}
{"level":"info","ts":"2026-10-05T08:18:41.866Z","caller":"ipamd/ipamd.go:1890","msg":"Adding 10.20.0.29/32 to DS for eni-EXAMPLE9"}
{"level":"info","ts":"2026-10-05T08:18:41.866Z","caller":"ipamd/ipamd.go:1890","msg":"IP already in DS"}
{"level":"info","ts":"2026-10-05T08:18:41.866Z","caller":"ipamd/ipamd.go:1766","msg":"Trying to add 10.20.0.8"}
{"level":"info","ts":"2026-10-05T08:18:41.866Z","caller":"ipamd/ipamd.go:1890","msg":"Adding 10.20.0.8/32 to DS for eni-EXAMPLE9"}
{"level":"info","ts":"2026-10-05T08:18:41.866Z","caller":"ipamd/ipamd.go:1890","msg":"IP already in DS"}
{"level":"debug","ts":"2026-10-05T08:18:41.866Z","caller":"ipamd/ipamd.go:798","msg":"Reconcile existing ENI eni-EXAMPLE9 IP prefixes"}
{"level":"debug","ts":"2026-10-05T08:18:41.866Z","caller":"ipamd/ipamd.go:1693","msg":"Found prefix pool count 0 for eni eni-EXAMPLE9\n"}
{"level":"debug","ts":"2026-10-05T08:18:41.866Z","caller":"ipamd/ipamd.go:798","msg":"Successfully Reconciled ENI/IP pool"}
{"level":"debug","ts":"2026-10-05T08:18:41.866Z","caller":"ipamd/ipamd.go:1738","msg":"IP pool stats for network card 0: Total IPs/Prefixes = 10/0, AssignedIPs/CooldownIPs: 9/0, c.maxIPsPerENI = 5"}
{"level":"debug","ts":"2026-10-05T08:18:41.866Z","caller":"ipamd/ipamd.go:798","msg":"Primary IP for ENI eni-EXAMPLE9 is 10.20.0.21"}
{"level":"debug","ts":"2026-10-05T08:18:41.866Z","caller":"ipamd/ipamd.go:798","msg":"Primary IP for ENI eni-EXAMPLE10 is 10.20.0.25"}
{"level":"debug","ts":"2026-10-05T08:18:44.366Z","caller":"ipamd/ipamd.go:795","msg":"IP stats for Network Card 0 - total IPs: 10, assigned IPs: 9, cooldown IPs: 0"}
{"level":"debug","ts":"2026-10-05T08:18:44.366Z","caller":"ipamd/ipamd.go:813","msg":"Starting to increase pool size for network card 0"}
{"level":"debug","ts":"2026-10-05T08:18:44.366Z","caller":"ipamd/ipamd.go:966","msg":"Node found \"ip-10-20-0-21.ec2.internal\" - no of taints - 0"}
{"level":"debug","ts":"2026-10-05T08:18:44.366Z","caller":"ipamd/ipamd.go:813","msg":"Recently we had InsufficientCidr error hence will wait for 2m0s before retrying"}
{"level":"debug","ts":"2026-10-05T08:18:44.366Z","caller":"ipamd/ipamd.go:861","msg":"Node found \"ip-10-20-0-21.ec2.internal\" - no of taints - 0"}
{"level":"debug","ts":"2026-10-05T08:18:44.366Z","caller":"datastore/data_store.go:1148","msg":"ENI eni-EXAMPLE10 cannot be deleted because it has pods assigned"}
{"level":"debug","ts":"2026-10-05T08:18:44.366Z","caller":"datastore/data_store.go:1148","msg":"ENI eni-EXAMPLE9 cannot be deleted because it is primary"}
{"level":"debug","ts":"2026-10-05T08:18:49.367Z","caller":"ipamd/ipamd.go:795","msg":"IP stats for Network Card 0 - total IPs: 10, assigned IPs: 9, cooldown IPs: 0"}
{"level":"debug","ts":"2026-10-05T08:18:49.367Z","caller":"ipamd/ipamd.go:813","msg":"Starting to increase pool size for network card 0"}
{"level":"debug","ts":"2026-10-05T08:18:49.367Z","caller":"ipamd/ipamd.go:966","msg":"Node found \"ip-10-20-0-21.ec2.internal\" - no of taints - 0"}
{"level":"debug","ts":"2026-10-05T08:18:49.367Z","caller":"ipamd/ipamd.go:813","msg":"Recently we had InsufficientCidr error hence will wait for 2m0s before retrying"}
{"level":"debug","ts":"2026-10-05T08:18:49.367Z","caller":"ipamd/ipamd.go:861","msg":"Node found \"ip-10-20-0-21.ec2.internal\" - no of taints - 0"}
{"level":"debug","ts":"2026-10-05T08:18:49.367Z","caller":"datastore/data_store.go:1148","msg":"ENI eni-EXAMPLE9 cannot be deleted because it is primary"}
{"level":"debug","ts":"2026-10-05T08:18:49.367Z","caller":"datastore/data_store.go:1148","msg":"ENI eni-EXAMPLE10 cannot be deleted because it has pods assigned"}
{"level":"info","ts":"2026-10-05T08:18:49.904Z","caller":"rpc/rpc_grpc.pb.go:117","msg":"Received AddNetwork for NS /var/run/netns/cni-817360d6-cfba-9a23-6e9e-9b4c426748d3, Sandbox 9f462fd457ae3d4446ff082f4d0bbfd4d2851cf4d4caf20fa2c5f331fc001465, ifname eth0"}
{"level":"debug","ts":"2026-10-05T08:18:49.904Z","caller":"rpc/rpc_grpc.pb.go:117","msg":"AddNetworkRequest: K8S_POD_NAME:\"pause-68d5b89fc-fcl75\"  K8S_POD_NAMESPACE:\"default\"  K8S_POD_INFRA_CONTAINER_ID:\"9f462fd457ae3d4446ff082f4d0bbfd4d2851cf4d4caf20fa2c5f331fc001465\"  ContainerID:\"9f462fd457ae3d4446ff082f4d0bbfd4d2851cf4d4caf20fa2c5f331fc001465\"  IfName:\"eth0\"  NetworkName:\"aws-cni\"  Netns:\"/var/run/netns/cni-817360d6-cfba-9a23-6e9e-9b4c426748d3\""}
{"level":"info","ts":"2026-10-05T08:18:49.904Z","caller":"rpc/rpc_grpc.pb.go:117","msg":"Required MultiNIC access false, interfaces required 1"}
{"level":"debug","ts":"2026-10-05T08:18:49.904Z","caller":"datastore/data_store.go:713","msg":"AssignPodIPv4Address: IP address pool stats: total 10, assigned 9"}
{"level":"debug","ts":"2026-10-05T08:18:49.904Z","caller":"datastore/data_store.go:806","msg":"Get free IP from prefix failed no free IP available in the prefix - 10.20.0.17/32"}
{"level":"debug","ts":"2026-10-05T08:18:49.904Z","caller":"datastore/data_store.go:713","msg":"Unable to get IP address from CIDR: no free IP available in the prefix - 10.20.0.17/32"}
{"level":"debug","ts":"2026-10-05T08:18:49.904Z","caller":"datastore/data_store.go:806","msg":"Get free IP from prefix failed no free IP available in the prefix - 10.20.0.28/32"}
{"level":"debug","ts":"2026-10-05T08:18:49.904Z","caller":"datastore/data_store.go:713","msg":"Unable to get IP address from CIDR: no free IP available in the prefix - 10.20.0.28/32"}
{"level":"debug","ts":"2026-10-05T08:18:49.904Z","caller":"datastore/data_store.go:806","msg":"Get free IP from prefix failed no free IP available in the prefix - 10.20.0.29/32"}
{"level":"debug","ts":"2026-10-05T08:18:49.904Z","caller":"datastore/data_store.go:713","msg":"Unable to get IP address from CIDR: no free IP available in the prefix - 10.20.0.29/32"}
{"level":"debug","ts":"2026-10-05T08:18:49.904Z","caller":"datastore/data_store.go:806","msg":"Get free IP from prefix failed no free IP available in the prefix - 10.20.0.8/32"}
{"level":"debug","ts":"2026-10-05T08:18:49.904Z","caller":"datastore/data_store.go:713","msg":"Unable to get IP address from CIDR: no free IP available in the prefix - 10.20.0.8/32"}
{"level":"debug","ts":"2026-10-05T08:18:49.904Z","caller":"datastore/data_store.go:806","msg":"Get free IP from prefix failed no free IP available in the prefix - 10.20.0.20/32"}
{"level":"debug","ts":"2026-10-05T08:18:49.904Z","caller":"datastore/data_store.go:713","msg":"Unable to get IP address from CIDR: no free IP available in the prefix - 10.20.0.20/32"}
{"level":"debug","ts":"2026-10-05T08:18:49.904Z","caller":"datastore/data_store.go:713","msg":"AssignPodIPv4Address: ENI eni-EXAMPLE9 does not have available addresses"}
{"level":"debug","ts":"2026-10-05T08:18:49.904Z","caller":"datastore/data_store.go:806","msg":"Get free IP from prefix failed no free IP available in the prefix - 10.20.0.9/32"}
{"level":"debug","ts":"2026-10-05T08:18:49.904Z","caller":"datastore/data_store.go:713","msg":"Unable to get IP address from CIDR: no free IP available in the prefix - 10.20.0.9/32"}
{"level":"debug","ts":"2026-10-05T08:18:49.904Z","caller":"datastore/data_store.go:806","msg":"Get free IP from prefix failed no free IP available in the prefix - 10.20.0.12/32"}
{"level":"debug","ts":"2026-10-05T08:18:49.904Z","caller":"datastore/data_store.go:713","msg":"Unable to get IP address from CIDR: no free IP available in the prefix - 10.20.0.12/32"}
{"level":"debug","ts":"2026-10-05T08:18:49.904Z","caller":"datastore/data_store.go:806","msg":"Get free IP from prefix failed no free IP available in the prefix - 10.20.0.22/32"}
{"level":"debug","ts":"2026-10-05T08:18:49.904Z","caller":"datastore/data_store.go:713","msg":"Unable to get IP address from CIDR: no free IP available in the prefix - 10.20.0.22/32"}
{"level":"debug","ts":"2026-10-05T08:18:49.904Z","caller":"datastore/data_store.go:1469","msg":"Found a free IP not in DB - 10.20.0.30"}
{"level":"debug","ts":"2026-10-05T08:18:49.904Z","caller":"datastore/data_store.go:806","msg":"Returning Free IP 10.20.0.30"}
{"level":"debug","ts":"2026-10-05T08:18:49.904Z","caller":"datastore/data_store.go:713","msg":"New IP from CIDR pool- 10.20.0.30"}
{"level":"debug","ts":"2026-10-05T08:18:49.904Z","caller":"datastore/data_store.go:713","msg":"Allocating new IP 10.20.0.30 from CIDR 10.20.0.30/32 for pod"}
{"level":"info","ts":"2026-10-05T08:18:49.904Z","caller":"datastore/data_store.go:838","msg":"assignPodIPAddressUnsafe: Assign IP 10.20.0.30 to sandbox aws-cni/9f462fd457ae3d4446ff082f4d0bbfd4d2851cf4d4caf20fa2c5f331fc001465/eth0 with metadata {K8SPodNamespace:default K8SPodName:pause-68d5b89fc-fcl75 InterfacesCount:1}"}
{"level":"info","ts":"2026-10-05T08:18:49.904Z","caller":"rpc/rpc_grpc.pb.go:117","msg":"Assigned IP from network card: 0 -> IPv4: 10.20.0.30, IPv6: , device number: 1, "}
{"level":"info","ts":"2026-10-05T08:18:49.904Z","caller":"rpc/rpc_grpc.pb.go:117","msg":"Address assigned from datastores:  1"}
{"level":"debug","ts":"2026-10-05T08:18:49.906Z","caller":"rpc/rpc_grpc.pb.go:117","msg":"VPC CIDR 10.20.0.0/24"}
{"level":"info","ts":"2026-10-05T08:18:49.906Z","caller":"rpc/rpc_grpc.pb.go:117","msg":"Send AddNetworkReply: Success: true IPAddr: [IPv4Addr:\"10.20.0.30\"  DeviceNumber:1  RouteTableId:2], resp: Success:true  IPAllocationMetadata:{IPv4Addr:\"10.20.0.30\"  DeviceNumber:1  RouteTableId:2}  VPCv4CIDRs:\"10.20.0.0/24\"  NetworkPolicyMode:\"standard\", err: <nil>"}
{"level":"debug","ts":"2026-10-05T08:18:54.368Z","caller":"ipamd/ipamd.go:795","msg":"IP stats for Network Card 0 - total IPs: 10, assigned IPs: 10, cooldown IPs: 0"}
{"level":"debug","ts":"2026-10-05T08:18:54.368Z","caller":"ipamd/ipamd.go:813","msg":"Starting to increase pool size for network card 0"}
{"level":"debug","ts":"2026-10-05T08:18:54.368Z","caller":"ipamd/ipamd.go:966","msg":"Node found \"ip-10-20-0-21.ec2.internal\" - no of taints - 0"}
{"level":"debug","ts":"2026-10-05T08:18:54.368Z","caller":"ipamd/ipamd.go:813","msg":"Recently we had InsufficientCidr error hence will wait for 2m0s before retrying"}
{"level":"debug","ts":"2026-10-05T08:18:54.368Z","caller":"ipamd/ipamd.go:861","msg":"Node found \"ip-10-20-0-21.ec2.internal\" - no of taints - 0"}
{"level":"debug","ts":"2026-10-05T08:18:54.368Z","caller":"datastore/data_store.go:1148","msg":"ENI eni-EXAMPLE9 cannot be deleted because it is primary"}
{"level":"debug","ts":"2026-10-05T08:18:54.368Z","caller":"datastore/data_store.go:1148","msg":"ENI eni-EXAMPLE10 cannot be deleted because it has pods assigned"}
{"level":"debug","ts":"2026-10-05T08:18:59.368Z","caller":"ipamd/ipamd.go:795","msg":"IP stats for Network Card 0 - total IPs: 10, assigned IPs: 10, cooldown IPs: 0"}
{"level":"debug","ts":"2026-10-05T08:18:59.368Z","caller":"ipamd/ipamd.go:813","msg":"Starting to increase pool size for network card 0"}
{"level":"debug","ts":"2026-10-05T08:18:59.368Z","caller":"ipamd/ipamd.go:966","msg":"Node found \"ip-10-20-0-21.ec2.internal\" - no of taints - 0"}
{"level":"debug","ts":"2026-10-05T08:18:59.368Z","caller":"ipamd/ipamd.go:813","msg":"Recently we had InsufficientCidr error hence will wait for 2m0s before retrying"}
{"level":"debug","ts":"2026-10-05T08:18:59.368Z","caller":"ipamd/ipamd.go:861","msg":"Node found \"ip-10-20-0-21.ec2.internal\" - no of taints - 0"}
{"level":"debug","ts":"2026-10-05T08:18:59.368Z","caller":"datastore/data_store.go:1148","msg":"ENI eni-EXAMPLE9 cannot be deleted because it is primary"}
{"level":"debug","ts":"2026-10-05T08:18:59.368Z","caller":"datastore/data_store.go:1148","msg":"ENI eni-EXAMPLE10 cannot be deleted because it has pods assigned"}
{"level":"debug","ts":"2026-10-05T08:19:04.369Z","caller":"ipamd/ipamd.go:795","msg":"IP stats for Network Card 0 - total IPs: 10, assigned IPs: 10, cooldown IPs: 0"}
{"level":"debug","ts":"2026-10-05T08:19:04.369Z","caller":"ipamd/ipamd.go:813","msg":"Starting to increase pool size for network card 0"}
{"level":"debug","ts":"2026-10-05T08:19:04.369Z","caller":"ipamd/ipamd.go:966","msg":"Node found \"ip-10-20-0-21.ec2.internal\" - no of taints - 0"}
{"level":"debug","ts":"2026-10-05T08:19:04.369Z","caller":"ipamd/ipamd.go:813","msg":"Recently we had InsufficientCidr error hence will wait for 2m0s before retrying"}
{"level":"debug","ts":"2026-10-05T08:19:04.369Z","caller":"ipamd/ipamd.go:861","msg":"Node found \"ip-10-20-0-21.ec2.internal\" - no of taints - 0"}
{"level":"debug","ts":"2026-10-05T08:19:04.369Z","caller":"datastore/data_store.go:1148","msg":"ENI eni-EXAMPLE9 cannot be deleted because it is primary"}
{"level":"debug","ts":"2026-10-05T08:19:04.369Z","caller":"datastore/data_store.go:1148","msg":"ENI eni-EXAMPLE10 cannot be deleted because it has pods assigned"}
{"level":"debug","ts":"2026-10-05T08:19:09.371Z","caller":"ipamd/ipamd.go:795","msg":"IP stats for Network Card 0 - total IPs: 10, assigned IPs: 10, cooldown IPs: 0"}
{"level":"debug","ts":"2026-10-05T08:19:09.371Z","caller":"ipamd/ipamd.go:813","msg":"Starting to increase pool size for network card 0"}
{"level":"debug","ts":"2026-10-05T08:19:09.371Z","caller":"ipamd/ipamd.go:966","msg":"Node found \"ip-10-20-0-21.ec2.internal\" - no of taints - 0"}
{"level":"debug","ts":"2026-10-05T08:19:09.371Z","caller":"ipamd/ipamd.go:813","msg":"Recently we had InsufficientCidr error hence will wait for 2m0s before retrying"}
{"level":"debug","ts":"2026-10-05T08:19:09.371Z","caller":"ipamd/ipamd.go:861","msg":"Node found \"ip-10-20-0-21.ec2.internal\" - no of taints - 0"}
{"level":"debug","ts":"2026-10-05T08:19:09.371Z","caller":"datastore/data_store.go:1148","msg":"ENI eni-EXAMPLE9 cannot be deleted because it is primary"}
{"level":"debug","ts":"2026-10-05T08:19:09.371Z","caller":"datastore/data_store.go:1148","msg":"ENI eni-EXAMPLE10 cannot be deleted because it has pods assigned"}
{"level":"debug","ts":"2026-10-05T08:19:14.372Z","caller":"ipamd/ipamd.go:795","msg":"IP stats for Network Card 0 - total IPs: 10, assigned IPs: 10, cooldown IPs: 0"}
{"level":"debug","ts":"2026-10-05T08:19:14.372Z","caller":"ipamd/ipamd.go:813","msg":"Starting to increase pool size for network card 0"}
{"level":"debug","ts":"2026-10-05T08:19:14.372Z","caller":"ipamd/ipamd.go:966","msg":"Node found \"ip-10-20-0-21.ec2.internal\" - no of taints - 0"}
{"level":"debug","ts":"2026-10-05T08:19:14.372Z","caller":"ipamd/ipamd.go:813","msg":"Recently we had InsufficientCidr error hence will wait for 2m0s before retrying"}
{"level":"debug","ts":"2026-10-05T08:19:14.372Z","caller":"ipamd/ipamd.go:861","msg":"Node found \"ip-10-20-0-21.ec2.internal\" - no of taints - 0"}
{"level":"debug","ts":"2026-10-05T08:19:14.372Z","caller":"datastore/data_store.go:1148","msg":"ENI eni-EXAMPLE9 cannot be deleted because it is primary"}
{"level":"debug","ts":"2026-10-05T08:19:14.372Z","caller":"datastore/data_store.go:1148","msg":"ENI eni-EXAMPLE10 cannot be deleted because it has pods assigned"}
{"level":"debug","ts":"2026-10-05T08:19:19.374Z","caller":"ipamd/ipamd.go:795","msg":"IP stats for Network Card 0 - total IPs: 10, assigned IPs: 10, cooldown IPs: 0"}
{"level":"debug","ts":"2026-10-05T08:19:19.374Z","caller":"ipamd/ipamd.go:813","msg":"Starting to increase pool size for network card 0"}
{"level":"debug","ts":"2026-10-05T08:19:19.374Z","caller":"ipamd/ipamd.go:966","msg":"Node found \"ip-10-20-0-21.ec2.internal\" - no of taints - 0"}
{"level":"debug","ts":"2026-10-05T08:19:19.374Z","caller":"ipamd/ipamd.go:813","msg":"Recently we had InsufficientCidr error hence will wait for 2m0s before retrying"}
{"level":"debug","ts":"2026-10-05T08:19:19.374Z","caller":"ipamd/ipamd.go:861","msg":"Node found \"ip-10-20-0-21.ec2.internal\" - no of taints - 0"}
{"level":"debug","ts":"2026-10-05T08:19:19.374Z","caller":"datastore/data_store.go:1148","msg":"ENI eni-EXAMPLE9 cannot be deleted because it is primary"}
{"level":"debug","ts":"2026-10-05T08:19:19.374Z","caller":"datastore/data_store.go:1148","msg":"ENI eni-EXAMPLE10 cannot be deleted because it has pods assigned"}
{"level":"debug","ts":"2026-10-05T08:19:24.374Z","caller":"ipamd/ipamd.go:795","msg":"IP stats for Network Card 0 - total IPs: 10, assigned IPs: 10, cooldown IPs: 0"}
{"level":"debug","ts":"2026-10-05T08:19:24.374Z","caller":"ipamd/ipamd.go:813","msg":"Starting to increase pool size for network card 0"}
{"level":"debug","ts":"2026-10-05T08:19:24.374Z","caller":"ipamd/ipamd.go:966","msg":"Node found \"ip-10-20-0-21.ec2.internal\" - no of taints - 0"}
{"level":"debug","ts":"2026-10-05T08:19:24.374Z","caller":"ipamd/ipamd.go:813","msg":"Recently we had InsufficientCidr error hence will wait for 2m0s before retrying"}
{"level":"debug","ts":"2026-10-05T08:19:24.374Z","caller":"ipamd/ipamd.go:861","msg":"Node found \"ip-10-20-0-21.ec2.internal\" - no of taints - 0"}
{"level":"debug","ts":"2026-10-05T08:19:24.374Z","caller":"datastore/data_store.go:1148","msg":"ENI eni-EXAMPLE9 cannot be deleted because it is primary"}
{"level":"debug","ts":"2026-10-05T08:19:24.374Z","caller":"datastore/data_store.go:1148","msg":"ENI eni-EXAMPLE10 cannot be deleted because it has pods assigned"}
{"level":"debug","ts":"2026-10-05T08:19:29.377Z","caller":"ipamd/ipamd.go:795","msg":"IP stats for Network Card 0 - total IPs: 10, assigned IPs: 10, cooldown IPs: 0"}
{"level":"debug","ts":"2026-10-05T08:19:29.377Z","caller":"ipamd/ipamd.go:813","msg":"Starting to increase pool size for network card 0"}
{"level":"debug","ts":"2026-10-05T08:19:29.377Z","caller":"ipamd/ipamd.go:966","msg":"Node found \"ip-10-20-0-21.ec2.internal\" - no of taints - 0"}
{"level":"debug","ts":"2026-10-05T08:19:29.377Z","caller":"ipamd/ipamd.go:813","msg":"Recently we had InsufficientCidr error hence will wait for 2m0s before retrying"}
{"level":"debug","ts":"2026-10-05T08:19:29.377Z","caller":"ipamd/ipamd.go:861","msg":"Node found \"ip-10-20-0-21.ec2.internal\" - no of taints - 0"}
{"level":"debug","ts":"2026-10-05T08:19:29.377Z","caller":"datastore/data_store.go:1148","msg":"ENI eni-EXAMPLE9 cannot be deleted because it is primary"}
{"level":"debug","ts":"2026-10-05T08:19:29.377Z","caller":"datastore/data_store.go:1148","msg":"ENI eni-EXAMPLE10 cannot be deleted because it has pods assigned"}
{"level":"debug","ts":"2026-10-05T08:19:34.377Z","caller":"ipamd/ipamd.go:795","msg":"IP stats for Network Card 0 - total IPs: 10, assigned IPs: 10, cooldown IPs: 0"}
{"level":"debug","ts":"2026-10-05T08:19:34.377Z","caller":"ipamd/ipamd.go:813","msg":"Starting to increase pool size for network card 0"}
{"level":"debug","ts":"2026-10-05T08:19:34.377Z","caller":"ipamd/ipamd.go:966","msg":"Node found \"ip-10-20-0-21.ec2.internal\" - no of taints - 0"}
{"level":"debug","ts":"2026-10-05T08:19:34.377Z","caller":"ipamd/ipamd.go:813","msg":"Recently we had InsufficientCidr error hence will wait for 2m0s before retrying"}
{"level":"debug","ts":"2026-10-05T08:19:34.377Z","caller":"ipamd/ipamd.go:861","msg":"Node found \"ip-10-20-0-21.ec2.internal\" - no of taints - 0"}
{"level":"debug","ts":"2026-10-05T08:19:34.377Z","caller":"datastore/data_store.go:1148","msg":"ENI eni-EXAMPLE10 cannot be deleted because it has pods assigned"}
{"level":"debug","ts":"2026-10-05T08:19:34.377Z","caller":"datastore/data_store.go:1148","msg":"ENI eni-EXAMPLE9 cannot be deleted because it is primary"}
{"level":"debug","ts":"2026-10-05T08:19:39.381Z","caller":"ipamd/ipamd.go:795","msg":"IP stats for Network Card 0 - total IPs: 10, assigned IPs: 10, cooldown IPs: 0"}
{"level":"debug","ts":"2026-10-05T08:19:39.381Z","caller":"ipamd/ipamd.go:813","msg":"Starting to increase pool size for network card 0"}
{"level":"debug","ts":"2026-10-05T08:19:39.381Z","caller":"ipamd/ipamd.go:966","msg":"Node found \"ip-10-20-0-21.ec2.internal\" - no of taints - 0"}
{"level":"debug","ts":"2026-10-05T08:19:39.381Z","caller":"ipamd/ipamd.go:813","msg":"Recently we had InsufficientCidr error hence will wait for 2m0s before retrying"}
{"level":"debug","ts":"2026-10-05T08:19:39.381Z","caller":"ipamd/ipamd.go:861","msg":"Node found \"ip-10-20-0-21.ec2.internal\" - no of taints - 0"}
{"level":"debug","ts":"2026-10-05T08:19:39.381Z","caller":"datastore/data_store.go:1148","msg":"ENI eni-EXAMPLE9 cannot be deleted because it is primary"}
{"level":"debug","ts":"2026-10-05T08:19:39.381Z","caller":"datastore/data_store.go:1148","msg":"ENI eni-EXAMPLE10 cannot be deleted because it has pods assigned"}
{"level":"debug","ts":"2026-10-05T08:19:41.881Z","caller":"ipamd/ipamd.go:798","msg":"Reconciling ENI/IP pool info because time since last 1m0.014883489s > 1m0s"}
{"level":"debug","ts":"2026-10-05T08:19:41.882Z","caller":"ipamd/ipamd.go:1621","msg":"Total number of interfaces found: 2 "}
{"level":"debug","ts":"2026-10-05T08:19:41.882Z","caller":"awsutils/awsutils.go:787","msg":"Found ENI MAC address: 12:ff:d2:a8:6f:5f"}
{"level":"debug","ts":"2026-10-05T08:19:41.884Z","caller":"awsutils/awsutils.go:787","msg":"Found ENI: eni-EXAMPLE10, MAC 12:ff:d2:a8:6f:5f, device 1"}
{"level":"debug","ts":"2026-10-05T08:19:41.885Z","caller":"awsutils/awsutils.go:787","msg":"Found IPv4 addresses associated with interface. This is not efa-only interface"}
{"level":"debug","ts":"2026-10-05T08:19:41.887Z","caller":"awsutils/awsutils.go:787","msg":"Found ENI MAC address: 12:ff:f8:37:95:69"}
{"level":"debug","ts":"2026-10-05T08:19:41.889Z","caller":"awsutils/awsutils.go:787","msg":"Found ENI: eni-EXAMPLE9, MAC 12:ff:f8:37:95:69, device 0"}
{"level":"debug","ts":"2026-10-05T08:19:41.890Z","caller":"awsutils/awsutils.go:787","msg":"Found IPv4 addresses associated with interface. This is not efa-only interface"}
{"level":"debug","ts":"2026-10-05T08:19:41.892Z","caller":"ipamd/ipamd.go:798","msg":"Reconcile existing ENI eni-EXAMPLE10 IP pool"}
{"level":"info","ts":"2026-10-05T08:19:41.892Z","caller":"ipamd/ipamd.go:1766","msg":"Reconcile and skip primary IP 10.20.0.25 on ENI eni-EXAMPLE10"}
{"level":"info","ts":"2026-10-05T08:19:41.892Z","caller":"ipamd/ipamd.go:1766","msg":"Trying to add 10.20.0.9"}
{"level":"info","ts":"2026-10-05T08:19:41.892Z","caller":"ipamd/ipamd.go:1890","msg":"Adding 10.20.0.9/32 to DS for eni-EXAMPLE10"}
{"level":"info","ts":"2026-10-05T08:19:41.892Z","caller":"ipamd/ipamd.go:1890","msg":"IP already in DS"}
{"level":"info","ts":"2026-10-05T08:19:41.892Z","caller":"ipamd/ipamd.go:1766","msg":"Trying to add 10.20.0.12"}
{"level":"info","ts":"2026-10-05T08:19:41.892Z","caller":"ipamd/ipamd.go:1890","msg":"Adding 10.20.0.12/32 to DS for eni-EXAMPLE10"}
{"level":"info","ts":"2026-10-05T08:19:41.892Z","caller":"ipamd/ipamd.go:1890","msg":"IP already in DS"}
{"level":"info","ts":"2026-10-05T08:19:41.892Z","caller":"ipamd/ipamd.go:1766","msg":"Trying to add 10.20.0.22"}
{"level":"info","ts":"2026-10-05T08:19:41.892Z","caller":"ipamd/ipamd.go:1890","msg":"Adding 10.20.0.22/32 to DS for eni-EXAMPLE10"}
{"level":"info","ts":"2026-10-05T08:19:41.892Z","caller":"ipamd/ipamd.go:1890","msg":"IP already in DS"}
{"level":"info","ts":"2026-10-05T08:19:41.892Z","caller":"ipamd/ipamd.go:1766","msg":"Trying to add 10.20.0.30"}
{"level":"info","ts":"2026-10-05T08:19:41.892Z","caller":"ipamd/ipamd.go:1890","msg":"Adding 10.20.0.30/32 to DS for eni-EXAMPLE10"}
{"level":"info","ts":"2026-10-05T08:19:41.892Z","caller":"ipamd/ipamd.go:1890","msg":"IP already in DS"}
{"level":"info","ts":"2026-10-05T08:19:41.892Z","caller":"ipamd/ipamd.go:1766","msg":"Trying to add 10.20.0.24"}
{"level":"info","ts":"2026-10-05T08:19:41.892Z","caller":"ipamd/ipamd.go:1890","msg":"Adding 10.20.0.24/32 to DS for eni-EXAMPLE10"}
{"level":"info","ts":"2026-10-05T08:19:41.892Z","caller":"ipamd/ipamd.go:1890","msg":"IP already in DS"}
{"level":"debug","ts":"2026-10-05T08:19:41.892Z","caller":"ipamd/ipamd.go:798","msg":"Reconcile existing ENI eni-EXAMPLE10 IP prefixes"}
{"level":"debug","ts":"2026-10-05T08:19:41.892Z","caller":"ipamd/ipamd.go:1693","msg":"Found prefix pool count 0 for eni eni-EXAMPLE10\n"}
{"level":"debug","ts":"2026-10-05T08:19:41.892Z","caller":"ipamd/ipamd.go:798","msg":"Reconcile existing ENI eni-EXAMPLE9 IP pool"}
{"level":"info","ts":"2026-10-05T08:19:41.892Z","caller":"ipamd/ipamd.go:1766","msg":"Reconcile and skip primary IP 10.20.0.21 on ENI eni-EXAMPLE9"}
{"level":"info","ts":"2026-10-05T08:19:41.892Z","caller":"ipamd/ipamd.go:1766","msg":"Trying to add 10.20.0.20"}
{"level":"info","ts":"2026-10-05T08:19:41.892Z","caller":"ipamd/ipamd.go:1890","msg":"Adding 10.20.0.20/32 to DS for eni-EXAMPLE9"}
{"level":"info","ts":"2026-10-05T08:19:41.892Z","caller":"ipamd/ipamd.go:1890","msg":"IP already in DS"}
{"level":"info","ts":"2026-10-05T08:19:41.892Z","caller":"ipamd/ipamd.go:1766","msg":"Trying to add 10.20.0.17"}
{"level":"info","ts":"2026-10-05T08:19:41.892Z","caller":"ipamd/ipamd.go:1890","msg":"Adding 10.20.0.17/32 to DS for eni-EXAMPLE9"}
{"level":"info","ts":"2026-10-05T08:19:41.892Z","caller":"ipamd/ipamd.go:1890","msg":"IP already in DS"}
{"level":"info","ts":"2026-10-05T08:19:41.892Z","caller":"ipamd/ipamd.go:1766","msg":"Trying to add 10.20.0.28"}
{"level":"info","ts":"2026-10-05T08:19:41.892Z","caller":"ipamd/ipamd.go:1890","msg":"Adding 10.20.0.28/32 to DS for eni-EXAMPLE9"}
{"level":"info","ts":"2026-10-05T08:19:41.892Z","caller":"ipamd/ipamd.go:1890","msg":"IP already in DS"}
{"level":"info","ts":"2026-10-05T08:19:41.892Z","caller":"ipamd/ipamd.go:1766","msg":"Trying to add 10.20.0.29"}
{"level":"info","ts":"2026-10-05T08:19:41.892Z","caller":"ipamd/ipamd.go:1890","msg":"Adding 10.20.0.29/32 to DS for eni-EXAMPLE9"}
{"level":"info","ts":"2026-10-05T08:19:41.892Z","caller":"ipamd/ipamd.go:1890","msg":"IP already in DS"}
{"level":"info","ts":"2026-10-05T08:19:41.892Z","caller":"ipamd/ipamd.go:1766","msg":"Trying to add 10.20.0.8"}
{"level":"info","ts":"2026-10-05T08:19:41.892Z","caller":"ipamd/ipamd.go:1890","msg":"Adding 10.20.0.8/32 to DS for eni-EXAMPLE9"}
{"level":"info","ts":"2026-10-05T08:19:41.892Z","caller":"ipamd/ipamd.go:1890","msg":"IP already in DS"}
{"level":"debug","ts":"2026-10-05T08:19:41.893Z","caller":"ipamd/ipamd.go:798","msg":"Reconcile existing ENI eni-EXAMPLE9 IP prefixes"}
{"level":"debug","ts":"2026-10-05T08:19:41.893Z","caller":"ipamd/ipamd.go:1693","msg":"Found prefix pool count 0 for eni eni-EXAMPLE9\n"}
{"level":"debug","ts":"2026-10-05T08:19:41.893Z","caller":"ipamd/ipamd.go:798","msg":"Successfully Reconciled ENI/IP pool"}
{"level":"debug","ts":"2026-10-05T08:19:41.893Z","caller":"ipamd/ipamd.go:1738","msg":"IP pool stats for network card 0: Total IPs/Prefixes = 10/0, AssignedIPs/CooldownIPs: 10/0, c.maxIPsPerENI = 5"}
{"level":"debug","ts":"2026-10-05T08:19:41.893Z","caller":"ipamd/ipamd.go:798","msg":"Primary IP for ENI eni-EXAMPLE9 is 10.20.0.21"}
{"level":"debug","ts":"2026-10-05T08:19:41.893Z","caller":"ipamd/ipamd.go:798","msg":"Primary IP for ENI eni-EXAMPLE10 is 10.20.0.25"}
{"level":"debug","ts":"2026-10-05T08:19:44.393Z","caller":"ipamd/ipamd.go:795","msg":"IP stats for Network Card 0 - total IPs: 10, assigned IPs: 10, cooldown IPs: 0"}
{"level":"debug","ts":"2026-10-05T08:19:44.393Z","caller":"ipamd/ipamd.go:813","msg":"Starting to increase pool size for network card 0"}
{"level":"debug","ts":"2026-10-05T08:19:44.393Z","caller":"ipamd/ipamd.go:966","msg":"Node found \"ip-10-20-0-21.ec2.internal\" - no of taints - 0"}
{"level":"debug","ts":"2026-10-05T08:19:44.393Z","caller":"ipamd/ipamd.go:1003","msg":"hasRoomForEni: networkCard=0, currentENIs=2, currentUsableENIs=2, maxENI=3, unmanagedENI=0, trunkEni=0, excludedENI=0, hasRoom=true"}
{"level":"info","ts":"2026-10-05T08:19:44.393Z","caller":"awsutils/awsutils.go:1044","msg":"Trying to allocate 2 IP addresses on new ENI"}
{"level":"debug","ts":"2026-10-05T08:19:44.393Z","caller":"awsutils/awsutils.go:1044","msg":"PD enabled - false"}
{"level":"debug","ts":"2026-10-05T08:19:44.523Z","caller":"awsutils/awsutils.go:1272","msg":"Subnet subnet-EXAMPLE3 has no kubernetes.io/role/cni tag, excluding it from ENI creation"}
{"level":"debug","ts":"2026-10-05T08:19:44.523Z","caller":"awsutils/awsutils.go:1272","msg":"Primary subnet subnet-EXAMPLE4 has no kubernetes.io/role/cni tag, including it for ENI creation (backwards compatibility)"}
{"level":"info","ts":"2026-10-05T08:19:44.523Z","caller":"awsutils/awsutils.go:1044","msg":"Creating ENI with security groups: [sg-EXAMPLE1] in subnet: subnet-EXAMPLE4"}
{"level":"debug","ts":"2026-10-05T08:19:44.784Z","caller":"awsutils/awsutils.go:1449","msg":"checkAPIErrorAndBroadcastEvent resulted in operation error EC2: CreateNetworkInterface, https response error StatusCode: 400, RequestID: f9f6b052-209b-4090-b5c4-c603bfc1e102, api error InsufficientFreeAddressesInSubnet: The specified subnet does not have enough free addresses to satisfy the request."}
{"level":"error","ts":"2026-10-05T08:19:44.784Z","caller":"awsutils/awsutils.go:1285","msg":"Failed to CreateNetworkInterface operation error EC2: CreateNetworkInterface, https response error StatusCode: 400, RequestID: f9f6b052-209b-4090-b5c4-c603bfc1e102, api error InsufficientFreeAddressesInSubnet: The specified subnet does not have enough free addresses to satisfy the request. for subnet subnet-EXAMPLE4"}
{"level":"error","ts":"2026-10-05T08:19:44.784Z","caller":"ipamd/ipamd.go:1004","msg":"Failed to increase pool size due to not able to allocate ENI AllocENI: failed to create ENI: failed to create network interface: operation error EC2: CreateNetworkInterface, https response error StatusCode: 400, RequestID: f9f6b052-209b-4090-b5c4-c603bfc1e102, api error InsufficientFreeAddressesInSubnet: The specified subnet does not have enough free addresses to satisfy the request."}
{"level":"warn","ts":"2026-10-05T08:19:44.784Z","caller":"ipamd/ipamd.go:1004","msg":"Failed to allocate 2 IP addresses on an ENI: AllocENI: failed to create ENI: failed to create network interface: operation error EC2: CreateNetworkInterface, https response error StatusCode: 400, RequestID: f9f6b052-209b-4090-b5c4-c603bfc1e102, api error InsufficientFreeAddressesInSubnet: The specified subnet does not have enough free addresses to satisfy the request."}
{"level":"debug","ts":"2026-10-05T08:19:44.784Z","caller":"ipamd/ipamd.go:1082","msg":"containsInsufficientCIDRsOrSubnetIPs encountered AllocENI: failed to create ENI: failed to create network interface: operation error EC2: CreateNetworkInterface, https response error StatusCode: 400, RequestID: f9f6b052-209b-4090-b5c4-c603bfc1e102, api error InsufficientFreeAddressesInSubnet: The specified subnet does not have enough free addresses to satisfy the request."}
{"level":"debug","ts":"2026-10-05T08:19:44.784Z","caller":"ipamd/ipamd.go:1082","msg":"Insufficient IP Addresses due to: InsufficientFreeAddressesInSubnet\n"}
{"level":"error","ts":"2026-10-05T08:19:44.784Z","caller":"ipamd/ipamd.go:1004","msg":"Unable to attach IPs/Prefixes for the ENI, subnet doesn't seem to have enough IPs/Prefixes. Consider using new subnet or carve a reserved range using create-subnet-cidr-reservation"}
{"level":"debug","ts":"2026-10-05T08:19:44.784Z","caller":"ipamd/ipamd.go:813","msg":"Error trying to allocate ENI: AllocENI: failed to create ENI: failed to create network interface: operation error EC2: CreateNetworkInterface, https response error StatusCode: 400, RequestID: f9f6b052-209b-4090-b5c4-c603bfc1e102, api error InsufficientFreeAddressesInSubnet: The specified subnet does not have enough free addresses to satisfy the request."}
{"level":"debug","ts":"2026-10-05T08:19:44.784Z","caller":"ipamd/ipamd.go:861","msg":"Node found \"ip-10-20-0-21.ec2.internal\" - no of taints - 0"}
{"level":"debug","ts":"2026-10-05T08:19:44.784Z","caller":"datastore/data_store.go:1148","msg":"ENI eni-EXAMPLE9 cannot be deleted because it is primary"}
{"level":"debug","ts":"2026-10-05T08:19:44.784Z","caller":"datastore/data_store.go:1148","msg":"ENI eni-EXAMPLE10 cannot be deleted because it has pods assigned"}
{"level":"debug","ts":"2026-10-05T08:19:49.786Z","caller":"ipamd/ipamd.go:795","msg":"IP stats for Network Card 0 - total IPs: 10, assigned IPs: 10, cooldown IPs: 0"}
{"level":"debug","ts":"2026-10-05T08:19:49.786Z","caller":"ipamd/ipamd.go:813","msg":"Starting to increase pool size for network card 0"}
{"level":"debug","ts":"2026-10-05T08:19:49.786Z","caller":"ipamd/ipamd.go:966","msg":"Node found \"ip-10-20-0-21.ec2.internal\" - no of taints - 0"}
{"level":"debug","ts":"2026-10-05T08:19:49.786Z","caller":"ipamd/ipamd.go:813","msg":"Recently we had InsufficientCidr error hence will wait for 2m0s before retrying"}
{"level":"debug","ts":"2026-10-05T08:19:49.786Z","caller":"ipamd/ipamd.go:861","msg":"Node found \"ip-10-20-0-21.ec2.internal\" - no of taints - 0"}
{"level":"debug","ts":"2026-10-05T08:19:49.786Z","caller":"datastore/data_store.go:1148","msg":"ENI eni-EXAMPLE9 cannot be deleted because it is primary"}
{"level":"debug","ts":"2026-10-05T08:19:49.786Z","caller":"datastore/data_store.go:1148","msg":"ENI eni-EXAMPLE10 cannot be deleted because it has pods assigned"}
{"level":"debug","ts":"2026-10-05T08:19:54.787Z","caller":"ipamd/ipamd.go:795","msg":"IP stats for Network Card 0 - total IPs: 10, assigned IPs: 10, cooldown IPs: 0"}
{"level":"debug","ts":"2026-10-05T08:19:54.787Z","caller":"ipamd/ipamd.go:813","msg":"Starting to increase pool size for network card 0"}
{"level":"debug","ts":"2026-10-05T08:19:54.787Z","caller":"ipamd/ipamd.go:966","msg":"Node found \"ip-10-20-0-21.ec2.internal\" - no of taints - 0"}
{"level":"debug","ts":"2026-10-05T08:19:54.787Z","caller":"ipamd/ipamd.go:813","msg":"Recently we had InsufficientCidr error hence will wait for 2m0s before retrying"}
{"level":"debug","ts":"2026-10-05T08:19:54.787Z","caller":"ipamd/ipamd.go:861","msg":"Node found \"ip-10-20-0-21.ec2.internal\" - no of taints - 0"}
{"level":"debug","ts":"2026-10-05T08:19:54.787Z","caller":"datastore/data_store.go:1148","msg":"ENI eni-EXAMPLE9 cannot be deleted because it is primary"}
{"level":"debug","ts":"2026-10-05T08:19:54.787Z","caller":"datastore/data_store.go:1148","msg":"ENI eni-EXAMPLE10 cannot be deleted because it has pods assigned"}
{"level":"debug","ts":"2026-10-05T08:19:59.788Z","caller":"ipamd/ipamd.go:795","msg":"IP stats for Network Card 0 - total IPs: 10, assigned IPs: 10, cooldown IPs: 0"}
{"level":"debug","ts":"2026-10-05T08:19:59.789Z","caller":"ipamd/ipamd.go:813","msg":"Starting to increase pool size for network card 0"}
{"level":"debug","ts":"2026-10-05T08:19:59.789Z","caller":"ipamd/ipamd.go:966","msg":"Node found \"ip-10-20-0-21.ec2.internal\" - no of taints - 0"}
{"level":"debug","ts":"2026-10-05T08:19:59.789Z","caller":"ipamd/ipamd.go:813","msg":"Recently we had InsufficientCidr error hence will wait for 2m0s before retrying"}
{"level":"debug","ts":"2026-10-05T08:19:59.789Z","caller":"ipamd/ipamd.go:861","msg":"Node found \"ip-10-20-0-21.ec2.internal\" - no of taints - 0"}
{"level":"debug","ts":"2026-10-05T08:19:59.789Z","caller":"datastore/data_store.go:1148","msg":"ENI eni-EXAMPLE9 cannot be deleted because it is primary"}
{"level":"debug","ts":"2026-10-05T08:19:59.789Z","caller":"datastore/data_store.go:1148","msg":"ENI eni-EXAMPLE10 cannot be deleted because it has pods assigned"}
{"level":"debug","ts":"2026-10-05T08:20:04.791Z","caller":"ipamd/ipamd.go:795","msg":"IP stats for Network Card 0 - total IPs: 10, assigned IPs: 10, cooldown IPs: 0"}
{"level":"debug","ts":"2026-10-05T08:20:04.791Z","caller":"ipamd/ipamd.go:813","msg":"Starting to increase pool size for network card 0"}
{"level":"debug","ts":"2026-10-05T08:20:04.791Z","caller":"ipamd/ipamd.go:966","msg":"Node found \"ip-10-20-0-21.ec2.internal\" - no of taints - 0"}
{"level":"debug","ts":"2026-10-05T08:20:04.791Z","caller":"ipamd/ipamd.go:813","msg":"Recently we had InsufficientCidr error hence will wait for 2m0s before retrying"}
{"level":"debug","ts":"2026-10-05T08:20:04.791Z","caller":"ipamd/ipamd.go:861","msg":"Node found \"ip-10-20-0-21.ec2.internal\" - no of taints - 0"}
{"level":"debug","ts":"2026-10-05T08:20:04.791Z","caller":"datastore/data_store.go:1148","msg":"ENI eni-EXAMPLE9 cannot be deleted because it is primary"}
{"level":"debug","ts":"2026-10-05T08:20:04.791Z","caller":"datastore/data_store.go:1148","msg":"ENI eni-EXAMPLE10 cannot be deleted because it has pods assigned"}
{"level":"debug","ts":"2026-10-05T08:20:09.792Z","caller":"ipamd/ipamd.go:795","msg":"IP stats for Network Card 0 - total IPs: 10, assigned IPs: 10, cooldown IPs: 0"}
{"level":"debug","ts":"2026-10-05T08:20:09.792Z","caller":"ipamd/ipamd.go:813","msg":"Starting to increase pool size for network card 0"}
{"level":"debug","ts":"2026-10-05T08:20:09.792Z","caller":"ipamd/ipamd.go:966","msg":"Node found \"ip-10-20-0-21.ec2.internal\" - no of taints - 0"}
{"level":"debug","ts":"2026-10-05T08:20:09.792Z","caller":"ipamd/ipamd.go:813","msg":"Recently we had InsufficientCidr error hence will wait for 2m0s before retrying"}
{"level":"debug","ts":"2026-10-05T08:20:09.792Z","caller":"ipamd/ipamd.go:861","msg":"Node found \"ip-10-20-0-21.ec2.internal\" - no of taints - 0"}
{"level":"debug","ts":"2026-10-05T08:20:09.792Z","caller":"datastore/data_store.go:1148","msg":"ENI eni-EXAMPLE9 cannot be deleted because it is primary"}
{"level":"debug","ts":"2026-10-05T08:20:09.792Z","caller":"datastore/data_store.go:1148","msg":"ENI eni-EXAMPLE10 cannot be deleted because it has pods assigned"}
{"level":"debug","ts":"2026-10-05T08:20:14.792Z","caller":"ipamd/ipamd.go:795","msg":"IP stats for Network Card 0 - total IPs: 10, assigned IPs: 10, cooldown IPs: 0"}
{"level":"debug","ts":"2026-10-05T08:20:14.792Z","caller":"ipamd/ipamd.go:813","msg":"Starting to increase pool size for network card 0"}
{"level":"debug","ts":"2026-10-05T08:20:14.793Z","caller":"ipamd/ipamd.go:966","msg":"Node found \"ip-10-20-0-21.ec2.internal\" - no of taints - 0"}
{"level":"debug","ts":"2026-10-05T08:20:14.793Z","caller":"ipamd/ipamd.go:813","msg":"Recently we had InsufficientCidr error hence will wait for 2m0s before retrying"}
{"level":"debug","ts":"2026-10-05T08:20:14.793Z","caller":"ipamd/ipamd.go:861","msg":"Node found \"ip-10-20-0-21.ec2.internal\" - no of taints - 0"}
{"level":"debug","ts":"2026-10-05T08:20:14.793Z","caller":"datastore/data_store.go:1148","msg":"ENI eni-EXAMPLE9 cannot be deleted because it is primary"}
{"level":"debug","ts":"2026-10-05T08:20:14.793Z","caller":"datastore/data_store.go:1148","msg":"ENI eni-EXAMPLE10 cannot be deleted because it has pods assigned"}
{"level":"debug","ts":"2026-10-05T08:20:19.794Z","caller":"ipamd/ipamd.go:795","msg":"IP stats for Network Card 0 - total IPs: 10, assigned IPs: 10, cooldown IPs: 0"}
{"level":"debug","ts":"2026-10-05T08:20:19.794Z","caller":"ipamd/ipamd.go:813","msg":"Starting to increase pool size for network card 0"}
{"level":"debug","ts":"2026-10-05T08:20:19.794Z","caller":"ipamd/ipamd.go:966","msg":"Node found \"ip-10-20-0-21.ec2.internal\" - no of taints - 0"}
{"level":"debug","ts":"2026-10-05T08:20:19.794Z","caller":"ipamd/ipamd.go:813","msg":"Recently we had InsufficientCidr error hence will wait for 2m0s before retrying"}
{"level":"debug","ts":"2026-10-05T08:20:19.794Z","caller":"ipamd/ipamd.go:861","msg":"Node found \"ip-10-20-0-21.ec2.internal\" - no of taints - 0"}
{"level":"debug","ts":"2026-10-05T08:20:19.794Z","caller":"datastore/data_store.go:1148","msg":"ENI eni-EXAMPLE9 cannot be deleted because it is primary"}
{"level":"debug","ts":"2026-10-05T08:20:19.794Z","caller":"datastore/data_store.go:1148","msg":"ENI eni-EXAMPLE10 cannot be deleted because it has pods assigned"}
{"level":"debug","ts":"2026-10-05T08:20:24.794Z","caller":"ipamd/ipamd.go:795","msg":"IP stats for Network Card 0 - total IPs: 10, assigned IPs: 10, cooldown IPs: 0"}
{"level":"debug","ts":"2026-10-05T08:20:24.794Z","caller":"ipamd/ipamd.go:813","msg":"Starting to increase pool size for network card 0"}
{"level":"debug","ts":"2026-10-05T08:20:24.794Z","caller":"ipamd/ipamd.go:966","msg":"Node found \"ip-10-20-0-21.ec2.internal\" - no of taints - 0"}
{"level":"debug","ts":"2026-10-05T08:20:24.794Z","caller":"ipamd/ipamd.go:813","msg":"Recently we had InsufficientCidr error hence will wait for 2m0s before retrying"}
{"level":"debug","ts":"2026-10-05T08:20:24.794Z","caller":"ipamd/ipamd.go:861","msg":"Node found \"ip-10-20-0-21.ec2.internal\" - no of taints - 0"}
{"level":"debug","ts":"2026-10-05T08:20:24.794Z","caller":"datastore/data_store.go:1148","msg":"ENI eni-EXAMPLE9 cannot be deleted because it is primary"}
{"level":"debug","ts":"2026-10-05T08:20:24.794Z","caller":"datastore/data_store.go:1148","msg":"ENI eni-EXAMPLE10 cannot be deleted because it has pods assigned"}
{"level":"debug","ts":"2026-10-05T08:20:29.796Z","caller":"ipamd/ipamd.go:795","msg":"IP stats for Network Card 0 - total IPs: 10, assigned IPs: 10, cooldown IPs: 0"}
{"level":"debug","ts":"2026-10-05T08:20:29.796Z","caller":"ipamd/ipamd.go:813","msg":"Starting to increase pool size for network card 0"}
{"level":"debug","ts":"2026-10-05T08:20:29.796Z","caller":"ipamd/ipamd.go:966","msg":"Node found \"ip-10-20-0-21.ec2.internal\" - no of taints - 0"}
{"level":"debug","ts":"2026-10-05T08:20:29.796Z","caller":"ipamd/ipamd.go:813","msg":"Recently we had InsufficientCidr error hence will wait for 2m0s before retrying"}
{"level":"debug","ts":"2026-10-05T08:20:29.796Z","caller":"ipamd/ipamd.go:861","msg":"Node found \"ip-10-20-0-21.ec2.internal\" - no of taints - 0"}
{"level":"debug","ts":"2026-10-05T08:20:29.796Z","caller":"datastore/data_store.go:1148","msg":"ENI eni-EXAMPLE9 cannot be deleted because it is primary"}
{"level":"debug","ts":"2026-10-05T08:20:29.796Z","caller":"datastore/data_store.go:1148","msg":"ENI eni-EXAMPLE10 cannot be deleted because it has pods assigned"}
{"level":"debug","ts":"2026-10-05T08:20:34.797Z","caller":"ipamd/ipamd.go:795","msg":"IP stats for Network Card 0 - total IPs: 10, assigned IPs: 10, cooldown IPs: 0"}
{"level":"debug","ts":"2026-10-05T08:20:34.797Z","caller":"ipamd/ipamd.go:813","msg":"Starting to increase pool size for network card 0"}
{"level":"debug","ts":"2026-10-05T08:20:34.797Z","caller":"ipamd/ipamd.go:966","msg":"Node found \"ip-10-20-0-21.ec2.internal\" - no of taints - 0"}
{"level":"debug","ts":"2026-10-05T08:20:34.797Z","caller":"ipamd/ipamd.go:813","msg":"Recently we had InsufficientCidr error hence will wait for 2m0s before retrying"}
{"level":"debug","ts":"2026-10-05T08:20:34.797Z","caller":"ipamd/ipamd.go:861","msg":"Node found \"ip-10-20-0-21.ec2.internal\" - no of taints - 0"}
{"level":"debug","ts":"2026-10-05T08:20:34.797Z","caller":"datastore/data_store.go:1148","msg":"ENI eni-EXAMPLE10 cannot be deleted because it has pods assigned"}
{"level":"debug","ts":"2026-10-05T08:20:34.797Z","caller":"datastore/data_store.go:1148","msg":"ENI eni-EXAMPLE9 cannot be deleted because it is primary"}
{"level":"debug","ts":"2026-10-05T08:20:39.798Z","caller":"ipamd/ipamd.go:795","msg":"IP stats for Network Card 0 - total IPs: 10, assigned IPs: 10, cooldown IPs: 0"}
{"level":"debug","ts":"2026-10-05T08:20:39.798Z","caller":"ipamd/ipamd.go:813","msg":"Starting to increase pool size for network card 0"}
{"level":"debug","ts":"2026-10-05T08:20:39.798Z","caller":"ipamd/ipamd.go:966","msg":"Node found \"ip-10-20-0-21.ec2.internal\" - no of taints - 0"}
{"level":"debug","ts":"2026-10-05T08:20:39.798Z","caller":"ipamd/ipamd.go:813","msg":"Recently we had InsufficientCidr error hence will wait for 2m0s before retrying"}
{"level":"debug","ts":"2026-10-05T08:20:39.798Z","caller":"ipamd/ipamd.go:861","msg":"Node found \"ip-10-20-0-21.ec2.internal\" - no of taints - 0"}
{"level":"debug","ts":"2026-10-05T08:20:39.798Z","caller":"datastore/data_store.go:1148","msg":"ENI eni-EXAMPLE10 cannot be deleted because it has pods assigned"}
{"level":"debug","ts":"2026-10-05T08:20:39.798Z","caller":"datastore/data_store.go:1148","msg":"ENI eni-EXAMPLE9 cannot be deleted because it is primary"}
{"level":"debug","ts":"2026-10-05T08:20:42.298Z","caller":"ipamd/ipamd.go:798","msg":"Reconciling ENI/IP pool info because time since last 1m0.405797033s > 1m0s"}
{"level":"debug","ts":"2026-10-05T08:20:42.300Z","caller":"ipamd/ipamd.go:1621","msg":"Total number of interfaces found: 2 "}
{"level":"debug","ts":"2026-10-05T08:20:42.300Z","caller":"awsutils/awsutils.go:787","msg":"Found ENI MAC address: 12:ff:d2:a8:6f:5f"}
{"level":"debug","ts":"2026-10-05T08:20:42.306Z","caller":"awsutils/awsutils.go:787","msg":"Found ENI: eni-EXAMPLE10, MAC 12:ff:d2:a8:6f:5f, device 1"}
{"level":"debug","ts":"2026-10-05T08:20:42.309Z","caller":"awsutils/awsutils.go:787","msg":"Found IPv4 addresses associated with interface. This is not efa-only interface"}
{"level":"debug","ts":"2026-10-05T08:20:42.315Z","caller":"awsutils/awsutils.go:787","msg":"Found ENI MAC address: 12:ff:f8:37:95:69"}
{"level":"debug","ts":"2026-10-05T08:20:42.324Z","caller":"awsutils/awsutils.go:787","msg":"Found ENI: eni-EXAMPLE9, MAC 12:ff:f8:37:95:69, device 0"}
{"level":"debug","ts":"2026-10-05T08:20:42.326Z","caller":"awsutils/awsutils.go:787","msg":"Found IPv4 addresses associated with interface. This is not efa-only interface"}
{"level":"debug","ts":"2026-10-05T08:20:42.330Z","caller":"ipamd/ipamd.go:798","msg":"Reconcile existing ENI eni-EXAMPLE10 IP pool"}
{"level":"info","ts":"2026-10-05T08:20:42.330Z","caller":"ipamd/ipamd.go:1766","msg":"Reconcile and skip primary IP 10.20.0.25 on ENI eni-EXAMPLE10"}
{"level":"info","ts":"2026-10-05T08:20:42.330Z","caller":"ipamd/ipamd.go:1766","msg":"Trying to add 10.20.0.9"}
{"level":"info","ts":"2026-10-05T08:20:42.330Z","caller":"ipamd/ipamd.go:1890","msg":"Adding 10.20.0.9/32 to DS for eni-EXAMPLE10"}
{"level":"info","ts":"2026-10-05T08:20:42.330Z","caller":"ipamd/ipamd.go:1890","msg":"IP already in DS"}
{"level":"info","ts":"2026-10-05T08:20:42.330Z","caller":"ipamd/ipamd.go:1766","msg":"Trying to add 10.20.0.12"}
{"level":"info","ts":"2026-10-05T08:20:42.330Z","caller":"ipamd/ipamd.go:1890","msg":"Adding 10.20.0.12/32 to DS for eni-EXAMPLE10"}
{"level":"info","ts":"2026-10-05T08:20:42.330Z","caller":"ipamd/ipamd.go:1890","msg":"IP already in DS"}
{"level":"info","ts":"2026-10-05T08:20:42.330Z","caller":"ipamd/ipamd.go:1766","msg":"Trying to add 10.20.0.22"}
{"level":"info","ts":"2026-10-05T08:20:42.330Z","caller":"ipamd/ipamd.go:1890","msg":"Adding 10.20.0.22/32 to DS for eni-EXAMPLE10"}
{"level":"info","ts":"2026-10-05T08:20:42.330Z","caller":"ipamd/ipamd.go:1890","msg":"IP already in DS"}
{"level":"info","ts":"2026-10-05T08:20:42.330Z","caller":"ipamd/ipamd.go:1766","msg":"Trying to add 10.20.0.30"}
{"level":"info","ts":"2026-10-05T08:20:42.330Z","caller":"ipamd/ipamd.go:1890","msg":"Adding 10.20.0.30/32 to DS for eni-EXAMPLE10"}
{"level":"info","ts":"2026-10-05T08:20:42.330Z","caller":"ipamd/ipamd.go:1890","msg":"IP already in DS"}
{"level":"info","ts":"2026-10-05T08:20:42.330Z","caller":"ipamd/ipamd.go:1766","msg":"Trying to add 10.20.0.24"}
{"level":"info","ts":"2026-10-05T08:20:42.330Z","caller":"ipamd/ipamd.go:1890","msg":"Adding 10.20.0.24/32 to DS for eni-EXAMPLE10"}
{"level":"info","ts":"2026-10-05T08:20:42.330Z","caller":"ipamd/ipamd.go:1890","msg":"IP already in DS"}
{"level":"debug","ts":"2026-10-05T08:20:42.330Z","caller":"ipamd/ipamd.go:798","msg":"Reconcile existing ENI eni-EXAMPLE10 IP prefixes"}
{"level":"debug","ts":"2026-10-05T08:20:42.330Z","caller":"ipamd/ipamd.go:1693","msg":"Found prefix pool count 0 for eni eni-EXAMPLE10\n"}
{"level":"debug","ts":"2026-10-05T08:20:42.330Z","caller":"ipamd/ipamd.go:798","msg":"Reconcile existing ENI eni-EXAMPLE9 IP pool"}
{"level":"info","ts":"2026-10-05T08:20:42.330Z","caller":"ipamd/ipamd.go:1766","msg":"Reconcile and skip primary IP 10.20.0.21 on ENI eni-EXAMPLE9"}
{"level":"info","ts":"2026-10-05T08:20:42.330Z","caller":"ipamd/ipamd.go:1766","msg":"Trying to add 10.20.0.20"}
{"level":"info","ts":"2026-10-05T08:20:42.330Z","caller":"ipamd/ipamd.go:1890","msg":"Adding 10.20.0.20/32 to DS for eni-EXAMPLE9"}
{"level":"info","ts":"2026-10-05T08:20:42.330Z","caller":"ipamd/ipamd.go:1890","msg":"IP already in DS"}
{"level":"info","ts":"2026-10-05T08:20:42.330Z","caller":"ipamd/ipamd.go:1766","msg":"Trying to add 10.20.0.17"}
{"level":"info","ts":"2026-10-05T08:20:42.330Z","caller":"ipamd/ipamd.go:1890","msg":"Adding 10.20.0.17/32 to DS for eni-EXAMPLE9"}
{"level":"info","ts":"2026-10-05T08:20:42.330Z","caller":"ipamd/ipamd.go:1890","msg":"IP already in DS"}
{"level":"info","ts":"2026-10-05T08:20:42.330Z","caller":"ipamd/ipamd.go:1766","msg":"Trying to add 10.20.0.28"}
{"level":"info","ts":"2026-10-05T08:20:42.330Z","caller":"ipamd/ipamd.go:1890","msg":"Adding 10.20.0.28/32 to DS for eni-EXAMPLE9"}
{"level":"info","ts":"2026-10-05T08:20:42.330Z","caller":"ipamd/ipamd.go:1890","msg":"IP already in DS"}
{"level":"info","ts":"2026-10-05T08:20:42.330Z","caller":"ipamd/ipamd.go:1766","msg":"Trying to add 10.20.0.29"}
{"level":"info","ts":"2026-10-05T08:20:42.330Z","caller":"ipamd/ipamd.go:1890","msg":"Adding 10.20.0.29/32 to DS for eni-EXAMPLE9"}
{"level":"info","ts":"2026-10-05T08:20:42.330Z","caller":"ipamd/ipamd.go:1890","msg":"IP already in DS"}
{"level":"info","ts":"2026-10-05T08:20:42.330Z","caller":"ipamd/ipamd.go:1766","msg":"Trying to add 10.20.0.8"}
{"level":"info","ts":"2026-10-05T08:20:42.330Z","caller":"ipamd/ipamd.go:1890","msg":"Adding 10.20.0.8/32 to DS for eni-EXAMPLE9"}
{"level":"info","ts":"2026-10-05T08:20:42.330Z","caller":"ipamd/ipamd.go:1890","msg":"IP already in DS"}
{"level":"debug","ts":"2026-10-05T08:20:42.330Z","caller":"ipamd/ipamd.go:798","msg":"Reconcile existing ENI eni-EXAMPLE9 IP prefixes"}
{"level":"debug","ts":"2026-10-05T08:20:42.330Z","caller":"ipamd/ipamd.go:1693","msg":"Found prefix pool count 0 for eni eni-EXAMPLE9\n"}
{"level":"debug","ts":"2026-10-05T08:20:42.330Z","caller":"ipamd/ipamd.go:798","msg":"Successfully Reconciled ENI/IP pool"}
{"level":"debug","ts":"2026-10-05T08:20:42.330Z","caller":"ipamd/ipamd.go:1738","msg":"IP pool stats for network card 0: Total IPs/Prefixes = 10/0, AssignedIPs/CooldownIPs: 10/0, c.maxIPsPerENI = 5"}
{"level":"debug","ts":"2026-10-05T08:20:42.330Z","caller":"ipamd/ipamd.go:798","msg":"Primary IP for ENI eni-EXAMPLE9 is 10.20.0.21"}
{"level":"debug","ts":"2026-10-05T08:20:42.330Z","caller":"ipamd/ipamd.go:798","msg":"Primary IP for ENI eni-EXAMPLE10 is 10.20.0.25"}
{"level":"debug","ts":"2026-10-05T08:20:44.830Z","caller":"ipamd/ipamd.go:795","msg":"IP stats for Network Card 0 - total IPs: 10, assigned IPs: 10, cooldown IPs: 0"}
{"level":"debug","ts":"2026-10-05T08:20:44.831Z","caller":"ipamd/ipamd.go:813","msg":"Starting to increase pool size for network card 0"}
{"level":"debug","ts":"2026-10-05T08:20:44.831Z","caller":"ipamd/ipamd.go:966","msg":"Node found \"ip-10-20-0-21.ec2.internal\" - no of taints - 0"}
{"level":"debug","ts":"2026-10-05T08:20:44.831Z","caller":"ipamd/ipamd.go:813","msg":"Recently we had InsufficientCidr error hence will wait for 2m0s before retrying"}
{"level":"debug","ts":"2026-10-05T08:20:44.831Z","caller":"ipamd/ipamd.go:861","msg":"Node found \"ip-10-20-0-21.ec2.internal\" - no of taints - 0"}
{"level":"debug","ts":"2026-10-05T08:20:44.831Z","caller":"datastore/data_store.go:1148","msg":"ENI eni-EXAMPLE9 cannot be deleted because it is primary"}
{"level":"debug","ts":"2026-10-05T08:20:44.831Z","caller":"datastore/data_store.go:1148","msg":"ENI eni-EXAMPLE10 cannot be deleted because it has pods assigned"}
{"level":"debug","ts":"2026-10-05T08:20:49.832Z","caller":"ipamd/ipamd.go:795","msg":"IP stats for Network Card 0 - total IPs: 10, assigned IPs: 10, cooldown IPs: 0"}
{"level":"debug","ts":"2026-10-05T08:20:49.832Z","caller":"ipamd/ipamd.go:813","msg":"Starting to increase pool size for network card 0"}
{"level":"debug","ts":"2026-10-05T08:20:49.832Z","caller":"ipamd/ipamd.go:966","msg":"Node found \"ip-10-20-0-21.ec2.internal\" - no of taints - 0"}
{"level":"debug","ts":"2026-10-05T08:20:49.832Z","caller":"ipamd/ipamd.go:813","msg":"Recently we had InsufficientCidr error hence will wait for 2m0s before retrying"}
{"level":"debug","ts":"2026-10-05T08:20:49.832Z","caller":"ipamd/ipamd.go:861","msg":"Node found \"ip-10-20-0-21.ec2.internal\" - no of taints - 0"}
{"level":"debug","ts":"2026-10-05T08:20:49.832Z","caller":"datastore/data_store.go:1148","msg":"ENI eni-EXAMPLE9 cannot be deleted because it is primary"}
{"level":"debug","ts":"2026-10-05T08:20:49.832Z","caller":"datastore/data_store.go:1148","msg":"ENI eni-EXAMPLE10 cannot be deleted because it has pods assigned"}
{"level":"debug","ts":"2026-10-05T08:20:54.833Z","caller":"ipamd/ipamd.go:795","msg":"IP stats for Network Card 0 - total IPs: 10, assigned IPs: 10, cooldown IPs: 0"}
{"level":"debug","ts":"2026-10-05T08:20:54.833Z","caller":"ipamd/ipamd.go:813","msg":"Starting to increase pool size for network card 0"}
{"level":"debug","ts":"2026-10-05T08:20:54.833Z","caller":"ipamd/ipamd.go:966","msg":"Node found \"ip-10-20-0-21.ec2.internal\" - no of taints - 0"}
{"level":"debug","ts":"2026-10-05T08:20:54.833Z","caller":"ipamd/ipamd.go:813","msg":"Recently we had InsufficientCidr error hence will wait for 2m0s before retrying"}
{"level":"debug","ts":"2026-10-05T08:20:54.833Z","caller":"ipamd/ipamd.go:861","msg":"Node found \"ip-10-20-0-21.ec2.internal\" - no of taints - 0"}
{"level":"debug","ts":"2026-10-05T08:20:54.833Z","caller":"datastore/data_store.go:1148","msg":"ENI eni-EXAMPLE9 cannot be deleted because it is primary"}
{"level":"debug","ts":"2026-10-05T08:20:54.833Z","caller":"datastore/data_store.go:1148","msg":"ENI eni-EXAMPLE10 cannot be deleted because it has pods assigned"}
{"level":"debug","ts":"2026-10-05T08:20:59.835Z","caller":"ipamd/ipamd.go:795","msg":"IP stats for Network Card 0 - total IPs: 10, assigned IPs: 10, cooldown IPs: 0"}
{"level":"debug","ts":"2026-10-05T08:20:59.835Z","caller":"ipamd/ipamd.go:813","msg":"Starting to increase pool size for network card 0"}
{"level":"debug","ts":"2026-10-05T08:20:59.835Z","caller":"ipamd/ipamd.go:966","msg":"Node found \"ip-10-20-0-21.ec2.internal\" - no of taints - 0"}
{"level":"debug","ts":"2026-10-05T08:20:59.835Z","caller":"ipamd/ipamd.go:813","msg":"Recently we had InsufficientCidr error hence will wait for 2m0s before retrying"}
{"level":"debug","ts":"2026-10-05T08:20:59.835Z","caller":"ipamd/ipamd.go:861","msg":"Node found \"ip-10-20-0-21.ec2.internal\" - no of taints - 0"}
{"level":"debug","ts":"2026-10-05T08:20:59.835Z","caller":"datastore/data_store.go:1148","msg":"ENI eni-EXAMPLE10 cannot be deleted because it has pods assigned"}
{"level":"debug","ts":"2026-10-05T08:20:59.835Z","caller":"datastore/data_store.go:1148","msg":"ENI eni-EXAMPLE9 cannot be deleted because it is primary"}
{"level":"debug","ts":"2026-10-05T08:21:04.837Z","caller":"ipamd/ipamd.go:795","msg":"IP stats for Network Card 0 - total IPs: 10, assigned IPs: 10, cooldown IPs: 0"}
{"level":"debug","ts":"2026-10-05T08:21:04.837Z","caller":"ipamd/ipamd.go:813","msg":"Starting to increase pool size for network card 0"}
{"level":"debug","ts":"2026-10-05T08:21:04.837Z","caller":"ipamd/ipamd.go:966","msg":"Node found \"ip-10-20-0-21.ec2.internal\" - no of taints - 0"}
{"level":"debug","ts":"2026-10-05T08:21:04.837Z","caller":"ipamd/ipamd.go:813","msg":"Recently we had InsufficientCidr error hence will wait for 2m0s before retrying"}
{"level":"debug","ts":"2026-10-05T08:21:04.837Z","caller":"ipamd/ipamd.go:861","msg":"Node found \"ip-10-20-0-21.ec2.internal\" - no of taints - 0"}
{"level":"debug","ts":"2026-10-05T08:21:04.837Z","caller":"datastore/data_store.go:1148","msg":"ENI eni-EXAMPLE9 cannot be deleted because it is primary"}
{"level":"debug","ts":"2026-10-05T08:21:04.837Z","caller":"datastore/data_store.go:1148","msg":"ENI eni-EXAMPLE10 cannot be deleted because it has pods assigned"}
