{"level":"info","ts":"2026-10-05T08:08:39.370Z","caller":"logger/logger.go:52","msg":"Constructed new logger instance"}
{"level":"info","ts":"2026-10-05T08:08:39.371Z","caller":"netlinkwrapper/netlink.go:27","msg":"Initialized new logger as an existing instance was not found"}
{"level":"info","ts":"2026-10-05T08:08:39.419Z","caller":"logger/logger.go:52","msg":"Constructed new logger instance"}
{"level":"info","ts":"2026-10-05T08:08:39.420Z","caller":"netlinkwrapper/netlink.go:27","msg":"Initialized new logger as an existing instance was not found"}
{"level":"info","ts":"2026-10-05T08:08:39.431Z","caller":"aws-k8s-agent/main.go:52","msg":"Starting L-IPAMD   ..."}
{"level":"info","ts":"2026-10-05T08:08:39.431Z","caller":"aws-k8s-agent/main.go:52","msg":"Waiting to connect API server for upto 30s..."}
{"level":"info","ts":"2026-10-05T08:08:39.432Z","caller":"aws-k8s-agent/main.go:127","msg":"Testing communication with server ..."}
{"level":"info","ts":"2026-10-05T08:08:39.440Z","caller":"wait/loop.go:53","msg":"Successful communication with the Cluster! Cluster Version is: v1.36.4-eks-cfb47f5"}
{"level":"info","ts":"2026-10-05T08:08:39.440Z","caller":"aws-k8s-agent/main.go:52","msg":"API server connectivity established."}
{"level":"info","ts":"2026-10-05T08:08:39.451Z","caller":"aws-k8s-agent/main.go:136","msg":"Cache-based Kubernetes client successfully created."}
{"level":"info","ts":"2026-10-05T08:08:39.451Z","caller":"aws-k8s-agent/main.go:136","msg":"k8sClient created successfully"}
{"level":"debug","ts":"2026-10-05T08:08:39.553Z","caller":"eventrecorder/eventrecorder.go:68","msg":"Pod found aws-node-vk8tl - labels - 5"}
{"level":"debug","ts":"2026-10-05T08:08:39.562Z","caller":"awssession/session.go:44","msg":"HTTP_TIMEOUT env is not set or set to less than 10 seconds, defaulting to httpTimeout to 10s"}
{"level":"debug","ts":"2026-10-05T08:08:39.564Z","caller":"ipamd/ipamd.go:414","msg":"Discovered region: us-east-1"}
{"level":"info","ts":"2026-10-05T08:08:39.564Z","caller":"ipamd/ipamd.go:414","msg":"Custom networking enabled false"}
{"level":"info","ts":"2026-10-05T08:08:39.564Z","caller":"ipamd/ipamd.go:414","msg":"Subnet discovery enabled true"}
{"level":"debug","ts":"2026-10-05T08:08:39.565Z","caller":"awsutils/awsutils.go:471","msg":"Found availability zone: us-east-1b "}
{"level":"debug","ts":"2026-10-05T08:08:39.566Z","caller":"awsutils/awsutils.go:471","msg":"Discovered the instance primary IPv4 address: 10.20.0.52"}
{"level":"debug","ts":"2026-10-05T08:08:39.567Z","caller":"awsutils/awsutils.go:471","msg":"Found instance-id: i-EXAMPLE6 "}
{"level":"debug","ts":"2026-10-05T08:08:39.568Z","caller":"awsutils/awsutils.go:471","msg":"Found instance-type: t3.medium "}
{"level":"debug","ts":"2026-10-05T08:08:39.569Z","caller":"awsutils/awsutils.go:471","msg":"Found primary interface's MAC address: 0a:ff:e1:1c:71:73"}
{"level":"debug","ts":"2026-10-05T08:08:39.570Z","caller":"awsutils/awsutils.go:471","msg":"eni-EXAMPLE13 is the primary ENI of this instance"}
{"level":"debug","ts":"2026-10-05T08:08:39.571Z","caller":"awsutils/awsutils.go:471","msg":"Found subnet-id: subnet-EXAMPLE1 "}
{"level":"debug","ts":"2026-10-05T08:08:39.572Z","caller":"awsutils/awsutils.go:471","msg":"Found vpc-id: vpc-EXAMPLE1 "}
{"level":"debug","ts":"2026-10-05T08:08:39.572Z","caller":"ipamd/ipamd.go:423","msg":"Using WARM_ENI_TARGET 1"}
{"level":"debug","ts":"2026-10-05T08:08:39.572Z","caller":"ipamd/ipamd.go:424","msg":"Using WARM_IP_TARGET 2"}
{"level":"debug","ts":"2026-10-05T08:08:39.572Z","caller":"ipamd/ipamd.go:425","msg":"Using MINIMUM_IP_TARGET 5"}
{"level":"debug","ts":"2026-10-05T08:08:39.572Z","caller":"ipamd/ipamd.go:426","msg":"Using WARM_PREFIX_TARGET 1"}
{"level":"info","ts":"2026-10-05T08:08:39.572Z","caller":"ipamd/ipamd.go:449","msg":"Prefix Delegation enabled false"}
{"level":"debug","ts":"2026-10-05T08:08:39.572Z","caller":"ipamd/ipamd.go:453","msg":"Start node init"}
{"level":"debug","ts":"2026-10-05T08:08:39.572Z","caller":"ipamd/ipamd.go:464","msg":"Max ip per ENI 5 and max prefixes per ENI 0"}
{"level":"info","ts":"2026-10-05T08:08:39.572Z","caller":"awsutils/awsutils.go:2417","msg":"Will attempt to clean up AWS CNI leaked ENIs after waiting 2m23s."}
{"level":"info","ts":"2026-10-05T08:08:39.573Z","caller":"ipamd/ipamd.go:476","msg":"Setting up host network... "}
{"level":"debug","ts":"2026-10-05T08:08:39.573Z","caller":"netlinkwrapper/netlink.go:138","msg":"netlink operation succeeded on attempt 1 of 5"}
{"level":"debug","ts":"2026-10-05T08:08:39.573Z","caller":"networkutils/network.go:309","msg":"Found the Link that uses mac address 0a:ff:e1:1c:71:73 and its index is 2 (attempt 1/5)"}
{"level":"debug","ts":"2026-10-05T08:08:39.573Z","caller":"networkutils/network.go:467","msg":"Trying to find primary interface that has mac : 0a:ff:e1:1c:71:73"}
{"level":"debug","ts":"2026-10-05T08:08:39.573Z","caller":"networkutils/network.go:467","msg":"Discovered interface: lo, mac: "}
{"level":"debug","ts":"2026-10-05T08:08:39.573Z","caller":"networkutils/network.go:467","msg":"Discovered interface: ens5, mac: 0a:ff:e1:1c:71:73"}
{"level":"info","ts":"2026-10-05T08:08:39.573Z","caller":"networkutils/network.go:467","msg":"Discovered primary interface: ens5"}
{"level":"debug","ts":"2026-10-05T08:08:39.575Z","caller":"networkutils/network.go:478","msg":"Adding 10.20.0.0/24 CIDR to NAT chain"}
{"level":"debug","ts":"2026-10-05T08:08:39.575Z","caller":"networkutils/network.go:478","msg":"Total CIDRs to program - 1"}
{"level":"debug","ts":"2026-10-05T08:08:39.575Z","caller":"networkutils/network.go:478","msg":"Setup Host Network: iptables -N AWS-SNAT-CHAIN-0 -t nat"}
{"level":"debug","ts":"2026-10-05T08:08:39.577Z","caller":"networkutils/network.go:478","msg":"Setup Host Network: iptables -A POSTROUTING -m comment --comment \"AWS SNAT CHAIN\" -j AWS-SNAT-CHAIN-0"}
{"level":"debug","ts":"2026-10-05T08:08:39.577Z","caller":"networkutils/network.go:478","msg":"Setup Host Network: iptables -A AWS-SNAT-CHAIN-0 -d 10.20.0.0/24 -m comment --comment AWS SNAT CHAIN -t nat -j RETURN"}
{"level":"debug","ts":"2026-10-05T08:08:39.577Z","caller":"networkutils/network.go:691","msg":"Setup Host Network: loading existing iptables nat rules with chain prefix AWS-SNAT-CHAIN"}
{"level":"debug","ts":"2026-10-05T08:08:39.584Z","caller":"networkutils/network.go:691","msg":"host network setup: found potentially stale rule for chain AWS-SNAT-CHAIN-0: [-N AWS-SNAT-CHAIN-0]"}
{"level":"debug","ts":"2026-10-05T08:08:39.584Z","caller":"networkutils/network.go:564","msg":"Setup Host Network: computing stale iptables rules for nat table with chain prefix AWS-SNAT-CHAIN"}
{"level":"debug","ts":"2026-10-05T08:08:39.584Z","caller":"networkutils/network.go:564","msg":"Setup Host Network: active chain found: AWS-SNAT-CHAIN-0"}
{"level":"debug","ts":"2026-10-05T08:08:39.584Z","caller":"networkutils/network.go:478","msg":"iptableRules: [nat/POSTROUTING rule first SNAT rules for non-VPC outbound traffic shouldExist true rule [-m comment --comment AWS SNAT CHAIN -j AWS-SNAT-CHAIN-0] nat/AWS-SNAT-CHAIN-0 rule AWS-SNAT-CHAIN-0 shouldExist true rule [-d 10.20.0.0/24 -m comment --comment AWS SNAT CHAIN -j RETURN] nat/AWS-SNAT-CHAIN-0 rule last SNAT rule for non-VPC outbound traffic shouldExist true rule [! -o vlan+ -m comment --comment AWS, SNAT -m addrtype ! --dst-type LOCAL -j SNAT --to-source 10.20.0.52 --random-fully] mangle/PREROUTING rule connmark for primary ENI shouldExist true rule [-m comment --comment AWS, primary ENI -i ens5 -m addrtype --dst-type LOCAL --limit-iface-in -j CONNMARK --set-mark 0x80/0x80] mangle/PREROUTING rule connmark restore for primary ENI shouldExist true rule [-m comment --comment AWS, primary ENI -i eni+ -j CONNMARK --restore-mark --mask 0x80] mangle/PREROUTING rule connmark restore for primary ENI from vlan shouldExist true rule [-m comment --comment AWS, primary ENI -i vlan+ -j CONNMARK --restore-mark --mask 0x80]]"}
{"level":"debug","ts":"2026-10-05T08:08:39.584Z","caller":"networkutils/network.go:482","msg":"execute iptable rule : first SNAT rules for non-VPC outbound traffic"}
{"level":"debug","ts":"2026-10-05T08:08:39.585Z","caller":"networkutils/network.go:482","msg":"rule nat/POSTROUTING rule first SNAT rules for non-VPC outbound traffic shouldExist true rule [-m comment --comment AWS SNAT CHAIN -j AWS-SNAT-CHAIN-0] exists false, err <nil>"}
{"level":"debug","ts":"2026-10-05T08:08:39.587Z","caller":"networkutils/network.go:482","msg":"execute iptable rule : AWS-SNAT-CHAIN-0"}
{"level":"debug","ts":"2026-10-05T08:08:39.590Z","caller":"networkutils/network.go:482","msg":"rule nat/AWS-SNAT-CHAIN-0 rule AWS-SNAT-CHAIN-0 shouldExist true rule [-d 10.20.0.0/24 -m comment --comment AWS SNAT CHAIN -j RETURN] exists false, err <nil>"}
{"level":"debug","ts":"2026-10-05T08:08:39.593Z","caller":"networkutils/network.go:482","msg":"execute iptable rule : last SNAT rule for non-VPC outbound traffic"}
{"level":"debug","ts":"2026-10-05T08:08:39.598Z","caller":"networkutils/network.go:482","msg":"rule nat/AWS-SNAT-CHAIN-0 rule last SNAT rule for non-VPC outbound traffic shouldExist true rule [! -o vlan+ -m comment --comment AWS, SNAT -m addrtype ! --dst-type LOCAL -j SNAT --to-source 10.20.0.52 --random-fully] exists false, err <nil>"}
{"level":"debug","ts":"2026-10-05T08:08:39.601Z","caller":"networkutils/network.go:482","msg":"execute iptable rule : connmark for primary ENI"}
{"level":"debug","ts":"2026-10-05T08:08:39.614Z","caller":"networkutils/network.go:482","msg":"rule mangle/PREROUTING rule connmark for primary ENI shouldExist true rule [-m comment --comment AWS, primary ENI -i ens5 -m addrtype --dst-type LOCAL --limit-iface-in -j CONNMARK --set-mark 0x80/0x80] exists false, err <nil>"}
{"level":"debug","ts":"2026-10-05T08:08:39.621Z","caller":"networkutils/network.go:482","msg":"execute iptable rule : connmark restore for primary ENI"}
{"level":"debug","ts":"2026-10-05T08:08:39.624Z","caller":"networkutils/network.go:482","msg":"rule mangle/PREROUTING rule connmark restore for primary ENI shouldExist true rule [-m comment --comment AWS, primary ENI -i eni+ -j CONNMARK --restore-mark --mask 0x80] exists false, err <nil>"}
{"level":"debug","ts":"2026-10-05T08:08:39.627Z","caller":"networkutils/network.go:482","msg":"execute iptable rule : connmark restore for primary ENI from vlan"}
{"level":"debug","ts":"2026-10-05T08:08:39.629Z","caller":"networkutils/network.go:482","msg":"rule mangle/PREROUTING rule connmark restore for primary ENI from vlan shouldExist true rule [-m comment --comment AWS, primary ENI -i vlan+ -j CONNMARK --restore-mark --mask 0x80] exists false, err <nil>"}
{"level":"info","ts":"2026-10-05T08:08:39.631Z","caller":"networkutils/nftables_connmark.go:135","msg":"chain does not exists nat-prerouting: conn.Execute failed: netlink receive: no such file or directory"}
{"level":"info","ts":"2026-10-05T08:08:39.631Z","caller":"networkutils/nftables_connmark.go:139","msg":"chain does not exists snat-mark: conn.Execute failed: netlink receive: no such file or directory"}
{"level":"debug","ts":"2026-10-05T08:08:39.631Z","caller":"networkutils/nftables_connmark.go:147","msg":"base chain nat-prerouting: rules missing or out of order (fib=false jump=false restore=false ordered=false stale=0); flushing and reinstalling all 3 rules"}
{"level":"debug","ts":"2026-10-05T08:08:39.766Z","caller":"awsutils/awsutils.go:1743","msg":"Total number of interfaces found: 1 "}
{"level":"debug","ts":"2026-10-05T08:08:39.766Z","caller":"awsutils/awsutils.go:787","msg":"Found ENI MAC address: 0a:ff:e1:1c:71:73"}
{"level":"debug","ts":"2026-10-05T08:08:39.770Z","caller":"awsutils/awsutils.go:787","msg":"Found ENI: eni-EXAMPLE13, MAC 0a:ff:e1:1c:71:73, device 0"}
{"level":"debug","ts":"2026-10-05T08:08:39.772Z","caller":"awsutils/awsutils.go:787","msg":"Found IPv4 addresses associated with interface. This is not efa-only interface"}
{"level":"info","ts":"2026-10-05T08:08:40.052Z","caller":"ipamd/ipamd.go:489","msg":"Got network card index 0 for ENI eni-EXAMPLE13"}
{"level":"info","ts":"2026-10-05T08:08:40.052Z","caller":"ipamd/ipamd.go:489","msg":"eni-EXAMPLE13 is of type: interface"}
{"level":"debug","ts":"2026-10-05T08:08:40.053Z","caller":"ipamd/ipamd.go:453","msg":"DescribeAllENIs success: ENIs: 1, tagged: 1"}
{"level":"info","ts":"2026-10-05T08:08:40.053Z","caller":"ipamd/ipamd.go:501","msg":"initialized datastore for network cards index 0"}
{"level":"debug","ts":"2026-10-05T08:08:40.053Z","caller":"ipamd/ipamd.go:453","msg":"Discovered ENI eni-EXAMPLE13, trying to set it up"}
{"level":"debug","ts":"2026-10-05T08:08:40.053Z","caller":"ipamd/ipamd.go:532","msg":"Tagging ENI eni-EXAMPLE13 with missing tags: map[cluster.k8s.amazonaws.com/name:eks-ipv4-lab eks:eni:owner:amazon-vpc-cni node.k8s.amazonaws.com/instance_id:i-EXAMPLE6]"}
{"level":"debug","ts":"2026-10-05T08:08:40.276Z","caller":"retry/retry.go:70","msg":"Successfully tagged ENI: eni-EXAMPLE13"}
{"level":"debug","ts":"2026-10-05T08:08:40.276Z","caller":"ipamd/ipamd.go:1313","msg":"DataStore add an ENI eni-EXAMPLE13"}
{"level":"debug","ts":"2026-10-05T08:08:40.392Z","caller":"ipamd/ipamd.go:2913","msg":"IsSubnetExcluded: subnet subnet-EXAMPLE1 has no kubernetes.io/role/cni tag, not excluded"}
{"level":"info","ts":"2026-10-05T08:08:40.392Z","caller":"ipamd/ipamd.go:541","msg":"Found ENIs having 1 secondary IPs and 0 Prefixes"}
{"level":"debug","ts":"2026-10-05T08:08:40.392Z","caller":"ipamd/ipamd.go:1394","msg":"IP pool stats for network card 0: Total IPs/Prefixes = 0/0, AssignedIPs/CooldownIPs: 0/0, c.maxIPsPerENI = 5"}
{"level":"debug","ts":"2026-10-05T08:08:40.392Z","caller":"ipamd/ipamd.go:1415","msg":"IP pool stats for network card 0: Total IPs/Prefixes = 0/0, AssignedIPs/CooldownIPs: 0/0, c.maxIPsPerENI = 5"}
{"level":"info","ts":"2026-10-05T08:08:40.392Z","caller":"ipamd/ipamd.go:453","msg":"ENI eni-EXAMPLE13 set up."}
{"level":"info","ts":"2026-10-05T08:08:40.392Z","caller":"datastore/data_store.go:1767","msg":"Begin ipam state recovery from backing store"}
{"level":"debug","ts":"2026-10-05T08:08:40.392Z","caller":"datastore/data_store.go:1767","msg":"backing store doesn't exists, assuming bootstrap on a new node"}
{"level":"debug","ts":"2026-10-05T08:08:40.392Z","caller":"ipamd/ipamd.go:569","msg":"checkAndHandleAllENIExclusion: completed ENI exclusion check"}
{"level":"debug","ts":"2026-10-05T08:08:40.392Z","caller":"ipamd/ipamd.go:579","msg":"tryUnassignPrefixesFromENIs"}
{"level":"debug","ts":"2026-10-05T08:08:40.394Z","caller":"netlinkwrapper/netlink.go:204","msg":"netlink operation succeeded on attempt 1 of 5"}
{"level":"debug","ts":"2026-10-05T08:08:40.394Z","caller":"ipamd/ipamd.go:730","msg":"Update Rule List with set []"}
{"level":"info","ts":"2026-10-05T08:08:40.397Z","caller":"awsutils/awsutils.go:749","msg":"Found primary SG sg-EXAMPLE1, added to ipamd cache"}
{"level":"debug","ts":"2026-10-05T08:08:40.397Z","caller":"awsutils/awsutils.go:767","msg":"Update ENI eni-EXAMPLE13 with security groups [sg-EXAMPLE1]"}
{"level":"info","ts":"2026-10-05T08:08:40.816Z","caller":"ipamd/ipamd.go:609","msg":"Get Node Info for: ip-10-20-0-52.ec2.internal"}
{"level":"debug","ts":"2026-10-05T08:08:40.919Z","caller":"ipamd/ipamd.go:669","msg":"is datastore pool low for networkCard 0, decision true"}
{"level":"debug","ts":"2026-10-05T08:08:40.919Z","caller":"ipamd/ipamd.go:684","msg":"Starting to increase pool size for network card 0"}
{"level":"debug","ts":"2026-10-05T08:08:40.919Z","caller":"ipamd/ipamd.go:966","msg":"Node found \"ip-10-20-0-52.ec2.internal\" - no of taints - 1"}
{"level":"debug","ts":"2026-10-05T08:08:40.919Z","caller":"ipamd/ipamd.go:1135","msg":"Found ENI eni-EXAMPLE13 that has less than the maximum number of IP/Prefixes addresses allocated: cur=0, max=5"}
{"level":"info","ts":"2026-10-05T08:08:40.919Z","caller":"ipamd/ipamd.go:1141","msg":"Trying to allocate 5 IP addresses on ENI eni-EXAMPLE13"}
{"level":"debug","ts":"2026-10-05T08:08:40.919Z","caller":"ipamd/ipamd.go:1141","msg":"PD enabled - false"}
{"level":"info","ts":"2026-10-05T08:08:41.604Z","caller":"ipamd/ipamd.go:1141","msg":"Allocated 5 private IP addresses"}
{"level":"debug","ts":"2026-10-05T08:08:41.604Z","caller":"ipamd/ipamd.go:1156","msg":"containsPrivateIPAddressLimitExceededError encountered <nil>"}
{"level":"info","ts":"2026-10-05T08:08:41.604Z","caller":"ipamd/ipamd.go:1387","msg":"Adding 10.20.0.36/32 to DS for eni-EXAMPLE13"}
{"level":"info","ts":"2026-10-05T08:08:41.604Z","caller":"ipamd/ipamd.go:1387","msg":"Added ENI(eni-EXAMPLE13)'s IP/Prefix 10.20.0.36/32 to datastore"}
{"level":"info","ts":"2026-10-05T08:08:41.604Z","caller":"ipamd/ipamd.go:1387","msg":"Adding 10.20.0.37/32 to DS for eni-EXAMPLE13"}
{"level":"info","ts":"2026-10-05T08:08:41.604Z","caller":"ipamd/ipamd.go:1387","msg":"Added ENI(eni-EXAMPLE13)'s IP/Prefix 10.20.0.37/32 to datastore"}
{"level":"info","ts":"2026-10-05T08:08:41.604Z","caller":"ipamd/ipamd.go:1387","msg":"Adding 10.20.0.54/32 to DS for eni-EXAMPLE13"}
{"level":"info","ts":"2026-10-05T08:08:41.604Z","caller":"ipamd/ipamd.go:1387","msg":"Added ENI(eni-EXAMPLE13)'s IP/Prefix 10.20.0.54/32 to datastore"}
{"level":"info","ts":"2026-10-05T08:08:41.604Z","caller":"ipamd/ipamd.go:1387","msg":"Adding 10.20.0.49/32 to DS for eni-EXAMPLE13"}
{"level":"info","ts":"2026-10-05T08:08:41.604Z","caller":"ipamd/ipamd.go:1387","msg":"Added ENI(eni-EXAMPLE13)'s IP/Prefix 10.20.0.49/32 to datastore"}
{"level":"info","ts":"2026-10-05T08:08:41.604Z","caller":"ipamd/ipamd.go:1387","msg":"Adding 10.20.0.50/32 to DS for eni-EXAMPLE13"}
{"level":"info","ts":"2026-10-05T08:08:41.604Z","caller":"ipamd/ipamd.go:1387","msg":"Added ENI(eni-EXAMPLE13)'s IP/Prefix 10.20.0.50/32 to datastore"}
{"level":"debug","ts":"2026-10-05T08:08:41.604Z","caller":"ipamd/ipamd.go:1394","msg":"IP pool stats for network card 0: Total IPs/Prefixes = 5/0, AssignedIPs/CooldownIPs: 0/0, c.maxIPsPerENI = 5"}
{"level":"debug","ts":"2026-10-05T08:08:41.604Z","caller":"ipamd/ipamd.go:1053","msg":"IP pool stats for network card 0: Total IPs/Prefixes = 5/0, AssignedIPs/CooldownIPs: 0/0, c.maxIPsPerENI = 5"}
{"level":"debug","ts":"2026-10-05T08:08:41.604Z","caller":"ipamd/ipamd.go:453","msg":"node init completed successfully"}
{"level":"info","ts":"2026-10-05T08:08:41.604Z","caller":"ipamd/rpc_handler.go:492","msg":"Serving RPC Handler version  on unix:/var/run/aws-node/ipamd.sock"}
{"level":"info","ts":"2026-10-05T08:08:41.604Z","caller":"runtime/asm_amd64.s:1771","msg":"Setting up shutdown hook."}
{"level":"info","ts":"2026-10-05T08:08:41.604Z","caller":"runtime/asm_amd64.s:1771","msg":"IP pool manager - max pods: 17, warm IP target: 2, warm prefix target: 1, warm ENI target: 1, minimum IP target: 5"}
{"level":"info","ts":"2026-10-05T08:08:41.604Z","caller":"runtime/asm_amd64.s:1771","msg":"Serving metrics on port 61678"}
{"level":"info","ts":"2026-10-05T08:08:41.605Z","caller":"ipamd/introspect.go:55","msg":"Serving introspection endpoints on 127.0.0.1:61679"}
{"level":"debug","ts":"2026-10-05T08:08:44.105Z","caller":"ipamd/ipamd.go:795","msg":"IP stats for Network Card 0 - total IPs: 5, assigned IPs: 0, cooldown IPs: 0"}
{"level":"debug","ts":"2026-10-05T08:08:44.106Z","caller":"ipamd/ipamd.go:861","msg":"Node found \"ip-10-20-0-52.ec2.internal\" - no of taints - 0"}
{"level":"debug","ts":"2026-10-05T08:08:44.106Z","caller":"datastore/data_store.go:1148","msg":"ENI eni-EXAMPLE13 cannot be deleted because it is primary"}
{"level":"debug","ts":"2026-10-05T08:08:49.106Z","caller":"ipamd/ipamd.go:795","msg":"IP stats for Network Card 0 - total IPs: 5, assigned IPs: 0, cooldown IPs: 0"}
{"level":"debug","ts":"2026-10-05T08:08:49.106Z","caller":"ipamd/ipamd.go:861","msg":"Node found \"ip-10-20-0-52.ec2.internal\" - no of taints - 0"}
{"level":"debug","ts":"2026-10-05T08:08:49.106Z","caller":"datastore/data_store.go:1148","msg":"ENI eni-EXAMPLE13 cannot be deleted because it is primary"}
{"level":"debug","ts":"2026-10-05T08:08:54.107Z","caller":"ipamd/ipamd.go:795","msg":"IP stats for Network Card 0 - total IPs: 5, assigned IPs: 0, cooldown IPs: 0"}
{"level":"debug","ts":"2026-10-05T08:08:54.107Z","caller":"ipamd/ipamd.go:861","msg":"Node found \"ip-10-20-0-52.ec2.internal\" - no of taints - 0"}
{"level":"debug","ts":"2026-10-05T08:08:54.107Z","caller":"datastore/data_store.go:1148","msg":"ENI eni-EXAMPLE13 cannot be deleted because it is primary"}
{"level":"debug","ts":"2026-10-05T08:08:59.107Z","caller":"ipamd/ipamd.go:795","msg":"IP stats for Network Card 0 - total IPs: 5, assigned IPs: 0, cooldown IPs: 0"}
{"level":"debug","ts":"2026-10-05T08:08:59.107Z","caller":"ipamd/ipamd.go:861","msg":"Node found \"ip-10-20-0-52.ec2.internal\" - no of taints - 0"}
{"level":"debug","ts":"2026-10-05T08:08:59.107Z","caller":"datastore/data_store.go:1148","msg":"ENI eni-EXAMPLE13 cannot be deleted because it is primary"}
{"level":"debug","ts":"2026-10-05T08:09:04.108Z","caller":"ipamd/ipamd.go:795","msg":"IP stats for Network Card 0 - total IPs: 5, assigned IPs: 0, cooldown IPs: 0"}
{"level":"debug","ts":"2026-10-05T08:09:04.108Z","caller":"ipamd/ipamd.go:861","msg":"Node found \"ip-10-20-0-52.ec2.internal\" - no of taints - 0"}
{"level":"debug","ts":"2026-10-05T08:09:04.108Z","caller":"datastore/data_store.go:1148","msg":"ENI eni-EXAMPLE13 cannot be deleted because it is primary"}
{"level":"debug","ts":"2026-10-05T08:09:09.111Z","caller":"ipamd/ipamd.go:795","msg":"IP stats for Network Card 0 - total IPs: 5, assigned IPs: 0, cooldown IPs: 0"}
{"level":"debug","ts":"2026-10-05T08:09:09.111Z","caller":"ipamd/ipamd.go:861","msg":"Node found \"ip-10-20-0-52.ec2.internal\" - no of taints - 0"}
{"level":"debug","ts":"2026-10-05T08:09:09.111Z","caller":"datastore/data_store.go:1148","msg":"ENI eni-EXAMPLE13 cannot be deleted because it is primary"}
{"level":"debug","ts":"2026-10-05T08:09:14.113Z","caller":"ipamd/ipamd.go:795","msg":"IP stats for Network Card 0 - total IPs: 5, assigned IPs: 0, cooldown IPs: 0"}
{"level":"debug","ts":"2026-10-05T08:09:14.113Z","caller":"ipamd/ipamd.go:861","msg":"Node found \"ip-10-20-0-52.ec2.internal\" - no of taints - 0"}
{"level":"debug","ts":"2026-10-05T08:09:14.113Z","caller":"datastore/data_store.go:1148","msg":"ENI eni-EXAMPLE13 cannot be deleted because it is primary"}
{"level":"debug","ts":"2026-10-05T08:09:19.116Z","caller":"ipamd/ipamd.go:795","msg":"IP stats for Network Card 0 - total IPs: 5, assigned IPs: 0, cooldown IPs: 0"}
{"level":"debug","ts":"2026-10-05T08:09:19.116Z","caller":"ipamd/ipamd.go:861","msg":"Node found \"ip-10-20-0-52.ec2.internal\" - no of taints - 0"}
{"level":"debug","ts":"2026-10-05T08:09:19.116Z","caller":"datastore/data_store.go:1148","msg":"ENI eni-EXAMPLE13 cannot be deleted because it is primary"}
{"level":"debug","ts":"2026-10-05T08:09:24.116Z","caller":"ipamd/ipamd.go:795","msg":"IP stats for Network Card 0 - total IPs: 5, assigned IPs: 0, cooldown IPs: 0"}
{"level":"debug","ts":"2026-10-05T08:09:24.117Z","caller":"ipamd/ipamd.go:861","msg":"Node found \"ip-10-20-0-52.ec2.internal\" - no of taints - 0"}
{"level":"debug","ts":"2026-10-05T08:09:24.117Z","caller":"datastore/data_store.go:1148","msg":"ENI eni-EXAMPLE13 cannot be deleted because it is primary"}
{"level":"debug","ts":"2026-10-05T08:09:29.118Z","caller":"ipamd/ipamd.go:795","msg":"IP stats for Network Card 0 - total IPs: 5, assigned IPs: 0, cooldown IPs: 0"}
{"level":"debug","ts":"2026-10-05T08:09:29.118Z","caller":"ipamd/ipamd.go:861","msg":"Node found \"ip-10-20-0-52.ec2.internal\" - no of taints - 0"}
{"level":"debug","ts":"2026-10-05T08:09:29.118Z","caller":"datastore/data_store.go:1148","msg":"ENI eni-EXAMPLE13 cannot be deleted because it is primary"}
{"level":"debug","ts":"2026-10-05T08:09:34.119Z","caller":"ipamd/ipamd.go:795","msg":"IP stats for Network Card 0 - total IPs: 5, assigned IPs: 0, cooldown IPs: 0"}
{"level":"debug","ts":"2026-10-05T08:09:34.119Z","caller":"ipamd/ipamd.go:861","msg":"Node found \"ip-10-20-0-52.ec2.internal\" - no of taints - 0"}
{"level":"debug","ts":"2026-10-05T08:09:34.119Z","caller":"datastore/data_store.go:1148","msg":"ENI eni-EXAMPLE13 cannot be deleted because it is primary"}
{"level":"debug","ts":"2026-10-05T08:09:39.121Z","caller":"ipamd/ipamd.go:795","msg":"IP stats for Network Card 0 - total IPs: 5, assigned IPs: 0, cooldown IPs: 0"}
{"level":"debug","ts":"2026-10-05T08:09:39.121Z","caller":"ipamd/ipamd.go:861","msg":"Node found \"ip-10-20-0-52.ec2.internal\" - no of taints - 0"}
{"level":"debug","ts":"2026-10-05T08:09:39.121Z","caller":"datastore/data_store.go:1148","msg":"ENI eni-EXAMPLE13 cannot be deleted because it is primary"}
{"level":"debug","ts":"2026-10-05T08:09:41.622Z","caller":"ipamd/ipamd.go:798","msg":"Reconciling ENI/IP pool info because time since last 1m0.017873539s > 1m0s"}
{"level":"debug","ts":"2026-10-05T08:09:41.627Z","caller":"ipamd/ipamd.go:1621","msg":"Total number of interfaces found: 1 "}
{"level":"debug","ts":"2026-10-05T08:09:41.627Z","caller":"awsutils/awsutils.go:787","msg":"Found ENI MAC address: 0a:ff:e1:1c:71:73"}
{"level":"debug","ts":"2026-10-05T08:09:41.636Z","caller":"awsutils/awsutils.go:787","msg":"Found ENI: eni-EXAMPLE13, MAC 0a:ff:e1:1c:71:73, device 0"}
{"level":"debug","ts":"2026-10-05T08:09:41.644Z","caller":"awsutils/awsutils.go:787","msg":"Found IPv4 addresses associated with interface. This is not efa-only interface"}
{"level":"debug","ts":"2026-10-05T08:09:41.664Z","caller":"ipamd/ipamd.go:798","msg":"Reconcile existing ENI eni-EXAMPLE13 IP pool"}
{"level":"info","ts":"2026-10-05T08:09:41.664Z","caller":"ipamd/ipamd.go:1766","msg":"Reconcile and skip primary IP 10.20.0.52 on ENI eni-EXAMPLE13"}
{"level":"info","ts":"2026-10-05T08:09:41.664Z","caller":"ipamd/ipamd.go:1766","msg":"Trying to add 10.20.0.36"}
{"level":"info","ts":"2026-10-05T08:09:41.664Z","caller":"ipamd/ipamd.go:1890","msg":"Adding 10.20.0.36/32 to DS for eni-EXAMPLE13"}
{"level":"info","ts":"2026-10-05T08:09:41.664Z","caller":"ipamd/ipamd.go:1890","msg":"IP already in DS"}
{"level":"info","ts":"2026-10-05T08:09:41.664Z","caller":"ipamd/ipamd.go:1766","msg":"Trying to add 10.20.0.37"}
{"level":"info","ts":"2026-10-05T08:09:41.664Z","caller":"ipamd/ipamd.go:1890","msg":"Adding 10.20.0.37/32 to DS for eni-EXAMPLE13"}
{"level":"info","ts":"2026-10-05T08:09:41.664Z","caller":"ipamd/ipamd.go:1890","msg":"IP already in DS"}
{"level":"info","ts":"2026-10-05T08:09:41.664Z","caller":"ipamd/ipamd.go:1766","msg":"Trying to add 10.20.0.54"}
{"level":"info","ts":"2026-10-05T08:09:41.664Z","caller":"ipamd/ipamd.go:1890","msg":"Adding 10.20.0.54/32 to DS for eni-EXAMPLE13"}
{"level":"info","ts":"2026-10-05T08:09:41.664Z","caller":"ipamd/ipamd.go:1890","msg":"IP already in DS"}
{"level":"info","ts":"2026-10-05T08:09:41.664Z","caller":"ipamd/ipamd.go:1766","msg":"Trying to add 10.20.0.49"}
{"level":"info","ts":"2026-10-05T08:09:41.664Z","caller":"ipamd/ipamd.go:1890","msg":"Adding 10.20.0.49/32 to DS for eni-EXAMPLE13"}
{"level":"info","ts":"2026-10-05T08:09:41.664Z","caller":"ipamd/ipamd.go:1890","msg":"IP already in DS"}
{"level":"info","ts":"2026-10-05T08:09:41.664Z","caller":"ipamd/ipamd.go:1766","msg":"Trying to add 10.20.0.50"}
{"level":"info","ts":"2026-10-05T08:09:41.664Z","caller":"ipamd/ipamd.go:1890","msg":"Adding 10.20.0.50/32 to DS for eni-EXAMPLE13"}
{"level":"info","ts":"2026-10-05T08:09:41.664Z","caller":"ipamd/ipamd.go:1890","msg":"IP already in DS"}
{"level":"debug","ts":"2026-10-05T08:09:41.664Z","caller":"ipamd/ipamd.go:798","msg":"Reconcile existing ENI eni-EXAMPLE13 IP prefixes"}
{"level":"debug","ts":"2026-10-05T08:09:41.664Z","caller":"ipamd/ipamd.go:1693","msg":"Found prefix pool count 0 for eni eni-EXAMPLE13\n"}
{"level":"debug","ts":"2026-10-05T08:09:41.664Z","caller":"ipamd/ipamd.go:798","msg":"Successfully Reconciled ENI/IP pool"}
{"level":"debug","ts":"2026-10-05T08:09:41.664Z","caller":"ipamd/ipamd.go:1738","msg":"IP pool stats for network card 0: Total IPs/Prefixes = 5/0, AssignedIPs/CooldownIPs: 0/0, c.maxIPsPerENI = 5"}
{"level":"debug","ts":"2026-10-05T08:09:41.664Z","caller":"ipamd/ipamd.go:798","msg":"Primary IP for ENI eni-EXAMPLE13 is 10.20.0.52"}
{"level":"debug","ts":"2026-10-05T08:09:44.164Z","caller":"ipamd/ipamd.go:795","msg":"IP stats for Network Card 0 - total IPs: 5, assigned IPs: 0, cooldown IPs: 0"}
{"level":"debug","ts":"2026-10-05T08:09:44.164Z","caller":"ipamd/ipamd.go:861","msg":"Node found \"ip-10-20-0-52.ec2.internal\" - no of taints - 0"}
{"level":"debug","ts":"2026-10-05T08:09:44.164Z","caller":"datastore/data_store.go:1148","msg":"ENI eni-EXAMPLE13 cannot be deleted because it is primary"}
{"level":"debug","ts":"2026-10-05T08:09:49.165Z","caller":"ipamd/ipamd.go:795","msg":"IP stats for Network Card 0 - total IPs: 5, assigned IPs: 0, cooldown IPs: 0"}
{"level":"debug","ts":"2026-10-05T08:09:49.165Z","caller":"ipamd/ipamd.go:861","msg":"Node found \"ip-10-20-0-52.ec2.internal\" - no of taints - 0"}
{"level":"debug","ts":"2026-10-05T08:09:49.165Z","caller":"datastore/data_store.go:1148","msg":"ENI eni-EXAMPLE13 cannot be deleted because it is primary"}
{"level":"debug","ts":"2026-10-05T08:09:54.168Z","caller":"ipamd/ipamd.go:795","msg":"IP stats for Network Card 0 - total IPs: 5, assigned IPs: 0, cooldown IPs: 0"}
{"level":"debug","ts":"2026-10-05T08:09:54.168Z","caller":"ipamd/ipamd.go:861","msg":"Node found \"ip-10-20-0-52.ec2.internal\" - no of taints - 0"}
{"level":"debug","ts":"2026-10-05T08:09:54.168Z","caller":"datastore/data_store.go:1148","msg":"ENI eni-EXAMPLE13 cannot be deleted because it is primary"}
{"level":"debug","ts":"2026-10-05T08:09:59.169Z","caller":"ipamd/ipamd.go:795","msg":"IP stats for Network Card 0 - total IPs: 5, assigned IPs: 0, cooldown IPs: 0"}
{"level":"debug","ts":"2026-10-05T08:09:59.169Z","caller":"ipamd/ipamd.go:861","msg":"Node found \"ip-10-20-0-52.ec2.internal\" - no of taints - 0"}
{"level":"debug","ts":"2026-10-05T08:09:59.169Z","caller":"datastore/data_store.go:1148","msg":"ENI eni-EXAMPLE13 cannot be deleted because it is primary"}
{"level":"debug","ts":"2026-10-05T08:10:04.169Z","caller":"ipamd/ipamd.go:795","msg":"IP stats for Network Card 0 - total IPs: 5, assigned IPs: 0, cooldown IPs: 0"}
{"level":"debug","ts":"2026-10-05T08:10:04.169Z","caller":"ipamd/ipamd.go:861","msg":"Node found \"ip-10-20-0-52.ec2.internal\" - no of taints - 0"}
{"level":"debug","ts":"2026-10-05T08:10:04.169Z","caller":"datastore/data_store.go:1148","msg":"ENI eni-EXAMPLE13 cannot be deleted because it is primary"}
{"level":"debug","ts":"2026-10-05T08:10:09.172Z","caller":"ipamd/ipamd.go:795","msg":"IP stats for Network Card 0 - total IPs: 5, assigned IPs: 0, cooldown IPs: 0"}
{"level":"debug","ts":"2026-10-05T08:10:09.172Z","caller":"ipamd/ipamd.go:861","msg":"Node found \"ip-10-20-0-52.ec2.internal\" - no of taints - 0"}
{"level":"debug","ts":"2026-10-05T08:10:09.172Z","caller":"datastore/data_store.go:1148","msg":"ENI eni-EXAMPLE13 cannot be deleted because it is primary"}
{"level":"debug","ts":"2026-10-05T08:10:14.174Z","caller":"ipamd/ipamd.go:795","msg":"IP stats for Network Card 0 - total IPs: 5, assigned IPs: 0, cooldown IPs: 0"}
{"level":"debug","ts":"2026-10-05T08:10:14.174Z","caller":"ipamd/ipamd.go:861","msg":"Node found \"ip-10-20-0-52.ec2.internal\" - no of taints - 0"}
{"level":"debug","ts":"2026-10-05T08:10:14.174Z","caller":"datastore/data_store.go:1148","msg":"ENI eni-EXAMPLE13 cannot be deleted because it is primary"}
{"level":"debug","ts":"2026-10-05T08:10:19.175Z","caller":"ipamd/ipamd.go:795","msg":"IP stats for Network Card 0 - total IPs: 5, assigned IPs: 0, cooldown IPs: 0"}
{"level":"debug","ts":"2026-10-05T08:10:19.175Z","caller":"ipamd/ipamd.go:861","msg":"Node found \"ip-10-20-0-52.ec2.internal\" - no of taints - 0"}
{"level":"debug","ts":"2026-10-05T08:10:19.175Z","caller":"datastore/data_store.go:1148","msg":"ENI eni-EXAMPLE13 cannot be deleted because it is primary"}
{"level":"debug","ts":"2026-10-05T08:10:24.176Z","caller":"ipamd/ipamd.go:795","msg":"IP stats for Network Card 0 - total IPs: 5, assigned IPs: 0, cooldown IPs: 0"}
{"level":"debug","ts":"2026-10-05T08:10:24.176Z","caller":"ipamd/ipamd.go:861","msg":"Node found \"ip-10-20-0-52.ec2.internal\" - no of taints - 0"}
{"level":"debug","ts":"2026-10-05T08:10:24.176Z","caller":"datastore/data_store.go:1148","msg":"ENI eni-EXAMPLE13 cannot be deleted because it is primary"}
{"level":"debug","ts":"2026-10-05T08:10:29.177Z","caller":"ipamd/ipamd.go:795","msg":"IP stats for Network Card 0 - total IPs: 5, assigned IPs: 0, cooldown IPs: 0"}
{"level":"debug","ts":"2026-10-05T08:10:29.177Z","caller":"ipamd/ipamd.go:861","msg":"Node found \"ip-10-20-0-52.ec2.internal\" - no of taints - 0"}
{"level":"debug","ts":"2026-10-05T08:10:29.177Z","caller":"datastore/data_store.go:1148","msg":"ENI eni-EXAMPLE13 cannot be deleted because it is primary"}
{"level":"debug","ts":"2026-10-05T08:10:34.179Z","caller":"ipamd/ipamd.go:795","msg":"IP stats for Network Card 0 - total IPs: 5, assigned IPs: 0, cooldown IPs: 0"}
{"level":"debug","ts":"2026-10-05T08:10:34.179Z","caller":"ipamd/ipamd.go:861","msg":"Node found \"ip-10-20-0-52.ec2.internal\" - no of taints - 0"}
{"level":"debug","ts":"2026-10-05T08:10:34.179Z","caller":"datastore/data_store.go:1148","msg":"ENI eni-EXAMPLE13 cannot be deleted because it is primary"}
{"level":"debug","ts":"2026-10-05T08:10:39.181Z","caller":"ipamd/ipamd.go:795","msg":"IP stats for Network Card 0 - total IPs: 5, assigned IPs: 0, cooldown IPs: 0"}
{"level":"debug","ts":"2026-10-05T08:10:39.181Z","caller":"ipamd/ipamd.go:861","msg":"Node found \"ip-10-20-0-52.ec2.internal\" - no of taints - 0"}
{"level":"debug","ts":"2026-10-05T08:10:39.181Z","caller":"datastore/data_store.go:1148","msg":"ENI eni-EXAMPLE13 cannot be deleted because it is primary"}
{"level":"debug","ts":"2026-10-05T08:10:41.682Z","caller":"ipamd/ipamd.go:798","msg":"Reconciling ENI/IP pool info because time since last 1m0.017729198s > 1m0s"}
{"level":"debug","ts":"2026-10-05T08:10:41.684Z","caller":"ipamd/ipamd.go:1621","msg":"Total number of interfaces found: 1 "}
{"level":"debug","ts":"2026-10-05T08:10:41.684Z","caller":"awsutils/awsutils.go:787","msg":"Found ENI MAC address: 0a:ff:e1:1c:71:73"}
{"level":"debug","ts":"2026-10-05T08:10:41.697Z","caller":"awsutils/awsutils.go:787","msg":"Found ENI: eni-EXAMPLE13, MAC 0a:ff:e1:1c:71:73, device 0"}
{"level":"debug","ts":"2026-10-05T08:10:41.701Z","caller":"awsutils/awsutils.go:787","msg":"Found IPv4 addresses associated with interface. This is not efa-only interface"}
{"level":"debug","ts":"2026-10-05T08:10:41.720Z","caller":"ipamd/ipamd.go:798","msg":"Reconcile existing ENI eni-EXAMPLE13 IP pool"}
{"level":"info","ts":"2026-10-05T08:10:41.720Z","caller":"ipamd/ipamd.go:1766","msg":"Reconcile and skip primary IP 10.20.0.52 on ENI eni-EXAMPLE13"}
{"level":"info","ts":"2026-10-05T08:10:41.720Z","caller":"ipamd/ipamd.go:1766","msg":"Trying to add 10.20.0.36"}
{"level":"info","ts":"2026-10-05T08:10:41.720Z","caller":"ipamd/ipamd.go:1890","msg":"Adding 10.20.0.36/32 to DS for eni-EXAMPLE13"}
{"level":"info","ts":"2026-10-05T08:10:41.720Z","caller":"ipamd/ipamd.go:1890","msg":"IP already in DS"}
{"level":"info","ts":"2026-10-05T08:10:41.721Z","caller":"ipamd/ipamd.go:1766","msg":"Trying to add 10.20.0.37"}
{"level":"info","ts":"2026-10-05T08:10:41.721Z","caller":"ipamd/ipamd.go:1890","msg":"Adding 10.20.0.37/32 to DS for eni-EXAMPLE13"}
{"level":"info","ts":"2026-10-05T08:10:41.721Z","caller":"ipamd/ipamd.go:1890","msg":"IP already in DS"}
{"level":"info","ts":"2026-10-05T08:10:41.721Z","caller":"ipamd/ipamd.go:1766","msg":"Trying to add 10.20.0.54"}
{"level":"info","ts":"2026-10-05T08:10:41.721Z","caller":"ipamd/ipamd.go:1890","msg":"Adding 10.20.0.54/32 to DS for eni-EXAMPLE13"}
{"level":"info","ts":"2026-10-05T08:10:41.721Z","caller":"ipamd/ipamd.go:1890","msg":"IP already in DS"}
{"level":"info","ts":"2026-10-05T08:10:41.721Z","caller":"ipamd/ipamd.go:1766","msg":"Trying to add 10.20.0.49"}
{"level":"info","ts":"2026-10-05T08:10:41.721Z","caller":"ipamd/ipamd.go:1890","msg":"Adding 10.20.0.49/32 to DS for eni-EXAMPLE13"}
{"level":"info","ts":"2026-10-05T08:10:41.721Z","caller":"ipamd/ipamd.go:1890","msg":"IP already in DS"}
{"level":"info","ts":"2026-10-05T08:10:41.721Z","caller":"ipamd/ipamd.go:1766","msg":"Trying to add 10.20.0.50"}
{"level":"info","ts":"2026-10-05T08:10:41.721Z","caller":"ipamd/ipamd.go:1890","msg":"Adding 10.20.0.50/32 to DS for eni-EXAMPLE13"}
{"level":"info","ts":"2026-10-05T08:10:41.721Z","caller":"ipamd/ipamd.go:1890","msg":"IP already in DS"}
{"level":"debug","ts":"2026-10-05T08:10:41.721Z","caller":"ipamd/ipamd.go:798","msg":"Reconcile existing ENI eni-EXAMPLE13 IP prefixes"}
{"level":"debug","ts":"2026-10-05T08:10:41.721Z","caller":"ipamd/ipamd.go:1693","msg":"Found prefix pool count 0 for eni eni-EXAMPLE13\n"}
{"level":"debug","ts":"2026-10-05T08:10:41.721Z","caller":"ipamd/ipamd.go:798","msg":"Successfully Reconciled ENI/IP pool"}
{"level":"debug","ts":"2026-10-05T08:10:41.721Z","caller":"ipamd/ipamd.go:1738","msg":"IP pool stats for network card 0: Total IPs/Prefixes = 5/0, AssignedIPs/CooldownIPs: 0/0, c.maxIPsPerENI = 5"}
{"level":"debug","ts":"2026-10-05T08:10:41.721Z","caller":"ipamd/ipamd.go:798","msg":"Primary IP for ENI eni-EXAMPLE13 is 10.20.0.52"}
{"level":"debug","ts":"2026-10-05T08:10:44.223Z","caller":"ipamd/ipamd.go:795","msg":"IP stats for Network Card 0 - total IPs: 5, assigned IPs: 0, cooldown IPs: 0"}
{"level":"debug","ts":"2026-10-05T08:10:44.223Z","caller":"ipamd/ipamd.go:861","msg":"Node found \"ip-10-20-0-52.ec2.internal\" - no of taints - 0"}
{"level":"debug","ts":"2026-10-05T08:10:44.223Z","caller":"datastore/data_store.go:1148","msg":"ENI eni-EXAMPLE13 cannot be deleted because it is primary"}
{"level":"debug","ts":"2026-10-05T08:10:49.225Z","caller":"ipamd/ipamd.go:795","msg":"IP stats for Network Card 0 - total IPs: 5, assigned IPs: 0, cooldown IPs: 0"}
{"level":"debug","ts":"2026-10-05T08:10:49.225Z","caller":"ipamd/ipamd.go:861","msg":"Node found \"ip-10-20-0-52.ec2.internal\" - no of taints - 0"}
{"level":"debug","ts":"2026-10-05T08:10:49.225Z","caller":"datastore/data_store.go:1148","msg":"ENI eni-EXAMPLE13 cannot be deleted because it is primary"}
{"level":"debug","ts":"2026-10-05T08:10:54.229Z","caller":"ipamd/ipamd.go:795","msg":"IP stats for Network Card 0 - total IPs: 5, assigned IPs: 0, cooldown IPs: 0"}
{"level":"debug","ts":"2026-10-05T08:10:54.229Z","caller":"ipamd/ipamd.go:861","msg":"Node found \"ip-10-20-0-52.ec2.internal\" - no of taints - 0"}
{"level":"debug","ts":"2026-10-05T08:10:54.229Z","caller":"datastore/data_store.go:1148","msg":"ENI eni-EXAMPLE13 cannot be deleted because it is primary"}
{"level":"debug","ts":"2026-10-05T08:10:59.229Z","caller":"ipamd/ipamd.go:795","msg":"IP stats for Network Card 0 - total IPs: 5, assigned IPs: 0, cooldown IPs: 0"}
{"level":"debug","ts":"2026-10-05T08:10:59.229Z","caller":"ipamd/ipamd.go:861","msg":"Node found \"ip-10-20-0-52.ec2.internal\" - no of taints - 0"}
{"level":"debug","ts":"2026-10-05T08:10:59.229Z","caller":"datastore/data_store.go:1148","msg":"ENI eni-EXAMPLE13 cannot be deleted because it is primary"}
{"level":"debug","ts":"2026-10-05T08:11:02.572Z","caller":"awsutils/awsutils.go:2417","msg":"Checking for leaked AWS CNI ENIs."}
{"level":"debug","ts":"2026-10-05T08:11:02.657Z","caller":"awsutils/awsutils.go:2426","msg":"No AWS CNI leaked ENIs found."}
{"level":"debug","ts":"2026-10-05T08:11:04.230Z","caller":"ipamd/ipamd.go:795","msg":"IP stats for Network Card 0 - total IPs: 5, assigned IPs: 0, cooldown IPs: 0"}
{"level":"debug","ts":"2026-10-05T08:11:04.230Z","caller":"ipamd/ipamd.go:861","msg":"Node found \"ip-10-20-0-52.ec2.internal\" - no of taints - 0"}
{"level":"debug","ts":"2026-10-05T08:11:04.230Z","caller":"datastore/data_store.go:1148","msg":"ENI eni-EXAMPLE13 cannot be deleted because it is primary"}
{"level":"info","ts":"2026-10-05T08:11:04.807Z","caller":"rpc/rpc_grpc.pb.go:117","msg":"Received AddNetwork for NS /var/run/netns/cni-19e12424-b0ef-2091-4d79-acc9c43206ff, Sandbox 5a611179f49058bf44b28063a718c4080c1247729fa9504b4149fd3b6052ae8e, ifname eth0"}
{"level":"debug","ts":"2026-10-05T08:11:04.807Z","caller":"rpc/rpc_grpc.pb.go:117","msg":"AddNetworkRequest: K8S_POD_NAME:\"pause-68d5b89fc-csb2c\"  K8S_POD_NAMESPACE:\"default\"  K8S_POD_INFRA_CONTAINER_ID:\"5a611179f49058bf44b28063a718c4080c1247729fa9504b4149fd3b6052ae8e\"  ContainerID:\"5a611179f49058bf44b28063a718c4080c1247729fa9504b4149fd3b6052ae8e\"  IfName:\"eth0\"  NetworkName:\"aws-cni\"  Netns:\"/var/run/netns/cni-19e12424-b0ef-2091-4d79-acc9c43206ff\""}
{"level":"info","ts":"2026-10-05T08:11:04.807Z","caller":"rpc/rpc_grpc.pb.go:117","msg":"Required MultiNIC access false, interfaces required 1"}
{"level":"debug","ts":"2026-10-05T08:11:04.807Z","caller":"datastore/data_store.go:713","msg":"AssignPodIPv4Address: IP address pool stats: total 5, assigned 0"}
{"level":"debug","ts":"2026-10-05T08:11:04.807Z","caller":"datastore/data_store.go:1469","msg":"Found a free IP not in DB - 10.20.0.36"}
{"level":"debug","ts":"2026-10-05T08:11:04.807Z","caller":"datastore/data_store.go:806","msg":"Returning Free IP 10.20.0.36"}
{"level":"debug","ts":"2026-10-05T08:11:04.807Z","caller":"datastore/data_store.go:713","msg":"New IP from CIDR pool- 10.20.0.36"}
{"level":"debug","ts":"2026-10-05T08:11:04.807Z","caller":"datastore/data_store.go:713","msg":"Allocating new IP 10.20.0.36 from CIDR 10.20.0.36/32 for pod"}
{"level":"info","ts":"2026-10-05T08:11:04.807Z","caller":"datastore/data_store.go:838","msg":"assignPodIPAddressUnsafe: Assign IP 10.20.0.36 to sandbox aws-cni/5a611179f49058bf44b28063a718c4080c1247729fa9504b4149fd3b6052ae8e/eth0 with metadata {K8SPodNamespace:default K8SPodName:pause-68d5b89fc-csb2c InterfacesCount:1}"}
{"level":"info","ts":"2026-10-05T08:11:04.807Z","caller":"rpc/rpc_grpc.pb.go:117","msg":"Assigned IP from network card: 0 -> IPv4: 10.20.0.36, IPv6: , device number: 0, "}
{"level":"info","ts":"2026-10-05T08:11:04.807Z","caller":"rpc/rpc_grpc.pb.go:117","msg":"Address assigned from datastores:  1"}
{"level":"debug","ts":"2026-10-05T08:11:04.808Z","caller":"rpc/rpc_grpc.pb.go:117","msg":"VPC CIDR 10.20.0.0/24"}
{"level":"info","ts":"2026-10-05T08:11:04.809Z","caller":"rpc/rpc_grpc.pb.go:117","msg":"Send AddNetworkReply: Success: true IPAddr: [IPv4Addr:\"10.20.0.36\"  RouteTableId:254], resp: Success:true  IPAllocationMetadata:{IPv4Addr:\"10.20.0.36\"  RouteTableId:254}  VPCv4CIDRs:\"10.20.0.0/24\"  NetworkPolicyMode:\"standard\", err: <nil>"}
{"level":"info","ts":"2026-10-05T08:11:04.907Z","caller":"rpc/rpc_grpc.pb.go:117","msg":"Received AddNetwork for NS /var/run/netns/cni-0c04b4f4-9e51-8270-ab5d-9d7fc200c5bb, Sandbox f7fdc55313f65bd44be2187b992959f66aa4a191d5b3e8cc4be8bef071dd7c59, ifname eth0"}
{"level":"debug","ts":"2026-10-05T08:11:04.908Z","caller":"rpc/rpc_grpc.pb.go:117","msg":"AddNetworkRequest: K8S_POD_NAME:\"pause-68d5b89fc-l8v4f\"  K8S_POD_NAMESPACE:\"default\"  K8S_POD_INFRA_CONTAINER_ID:\"f7fdc55313f65bd44be2187b992959f66aa4a191d5b3e8cc4be8bef071dd7c59\"  ContainerID:\"f7fdc55313f65bd44be2187b992959f66aa4a191d5b3e8cc4be8bef071dd7c59\"  IfName:\"eth0\"  NetworkName:\"aws-cni\"  Netns:\"/var/run/netns/cni-0c04b4f4-9e51-8270-ab5d-9d7fc200c5bb\""}
{"level":"info","ts":"2026-10-05T08:11:04.908Z","caller":"rpc/rpc_grpc.pb.go:117","msg":"Required MultiNIC access false, interfaces required 1"}
{"level":"debug","ts":"2026-10-05T08:11:04.908Z","caller":"datastore/data_store.go:713","msg":"AssignPodIPv4Address: IP address pool stats: total 5, assigned 1"}
{"level":"debug","ts":"2026-10-05T08:11:04.908Z","caller":"datastore/data_store.go:1469","msg":"Found a free IP not in DB - 10.20.0.50"}
{"level":"debug","ts":"2026-10-05T08:11:04.908Z","caller":"datastore/data_store.go:806","msg":"Returning Free IP 10.20.0.50"}
{"level":"debug","ts":"2026-10-05T08:11:04.908Z","caller":"datastore/data_store.go:713","msg":"New IP from CIDR pool- 10.20.0.50"}
{"level":"debug","ts":"2026-10-05T08:11:04.908Z","caller":"datastore/data_store.go:713","msg":"Allocating new IP 10.20.0.50 from CIDR 10.20.0.50/32 for pod"}
{"level":"info","ts":"2026-10-05T08:11:04.908Z","caller":"datastore/data_store.go:838","msg":"assignPodIPAddressUnsafe: Assign IP 10.20.0.50 to sandbox aws-cni/f7fdc55313f65bd44be2187b992959f66aa4a191d5b3e8cc4be8bef071dd7c59/eth0 with metadata {K8SPodNamespace:default K8SPodName:pause-68d5b89fc-l8v4f InterfacesCount:1}"}
{"level":"info","ts":"2026-10-05T08:11:04.908Z","caller":"rpc/rpc_grpc.pb.go:117","msg":"Assigned IP from network card: 0 -> IPv4: 10.20.0.50, IPv6: , device number: 0, "}
{"level":"info","ts":"2026-10-05T08:11:04.908Z","caller":"rpc/rpc_grpc.pb.go:117","msg":"Address assigned from datastores:  1"}
{"level":"debug","ts":"2026-10-05T08:11:04.910Z","caller":"rpc/rpc_grpc.pb.go:117","msg":"VPC CIDR 10.20.0.0/24"}
{"level":"info","ts":"2026-10-05T08:11:04.910Z","caller":"rpc/rpc_grpc.pb.go:117","msg":"Send AddNetworkReply: Success: true IPAddr: [IPv4Addr:\"10.20.0.50\"  RouteTableId:254], resp: Success:true  IPAllocationMetadata:{IPv4Addr:\"10.20.0.50\"  RouteTableId:254}  VPCv4CIDRs:\"10.20.0.0/24\"  NetworkPolicyMode:\"standard\", err: <nil>"}
{"level":"debug","ts":"2026-10-05T08:11:09.232Z","caller":"ipamd/ipamd.go:795","msg":"IP stats for Network Card 0 - total IPs: 5, assigned IPs: 2, cooldown IPs: 0"}
{"level":"debug","ts":"2026-10-05T08:11:09.232Z","caller":"ipamd/ipamd.go:861","msg":"Node found \"ip-10-20-0-52.ec2.internal\" - no of taints - 0"}
{"level":"debug","ts":"2026-10-05T08:11:09.232Z","caller":"datastore/data_store.go:1148","msg":"ENI eni-EXAMPLE13 cannot be deleted because it is primary"}
{"level":"debug","ts":"2026-10-05T08:11:14.234Z","caller":"ipamd/ipamd.go:795","msg":"IP stats for Network Card 0 - total IPs: 5, assigned IPs: 2, cooldown IPs: 0"}
{"level":"debug","ts":"2026-10-05T08:11:14.235Z","caller":"ipamd/ipamd.go:861","msg":"Node found \"ip-10-20-0-52.ec2.internal\" - no of taints - 0"}
{"level":"debug","ts":"2026-10-05T08:11:14.235Z","caller":"datastore/data_store.go:1148","msg":"ENI eni-EXAMPLE13 cannot be deleted because it is primary"}
{"level":"debug","ts":"2026-10-05T08:11:19.237Z","caller":"ipamd/ipamd.go:795","msg":"IP stats for Network Card 0 - total IPs: 5, assigned IPs: 2, cooldown IPs: 0"}
{"level":"debug","ts":"2026-10-05T08:11:19.237Z","caller":"ipamd/ipamd.go:861","msg":"Node found \"ip-10-20-0-52.ec2.internal\" - no of taints - 0"}
{"level":"debug","ts":"2026-10-05T08:11:19.237Z","caller":"datastore/data_store.go:1148","msg":"ENI eni-EXAMPLE13 cannot be deleted because it is primary"}
{"level":"debug","ts":"2026-10-05T08:11:24.240Z","caller":"ipamd/ipamd.go:795","msg":"IP stats for Network Card 0 - total IPs: 5, assigned IPs: 2, cooldown IPs: 0"}
{"level":"debug","ts":"2026-10-05T08:11:24.240Z","caller":"ipamd/ipamd.go:861","msg":"Node found \"ip-10-20-0-52.ec2.internal\" - no of taints - 0"}
{"level":"debug","ts":"2026-10-05T08:11:24.240Z","caller":"datastore/data_store.go:1148","msg":"ENI eni-EXAMPLE13 cannot be deleted because it is primary"}
{"level":"debug","ts":"2026-10-05T08:11:29.241Z","caller":"ipamd/ipamd.go:795","msg":"IP stats for Network Card 0 - total IPs: 5, assigned IPs: 2, cooldown IPs: 0"}
{"level":"debug","ts":"2026-10-05T08:11:29.241Z","caller":"ipamd/ipamd.go:861","msg":"Node found \"ip-10-20-0-52.ec2.internal\" - no of taints - 0"}
{"level":"debug","ts":"2026-10-05T08:11:29.241Z","caller":"datastore/data_store.go:1148","msg":"ENI eni-EXAMPLE13 cannot be deleted because it is primary"}
{"level":"debug","ts":"2026-10-05T08:11:34.243Z","caller":"ipamd/ipamd.go:795","msg":"IP stats for Network Card 0 - total IPs: 5, assigned IPs: 2, cooldown IPs: 0"}
{"level":"debug","ts":"2026-10-05T08:11:34.243Z","caller":"ipamd/ipamd.go:861","msg":"Node found \"ip-10-20-0-52.ec2.internal\" - no of taints - 0"}
{"level":"debug","ts":"2026-10-05T08:11:34.243Z","caller":"datastore/data_store.go:1148","msg":"ENI eni-EXAMPLE13 cannot be deleted because it is primary"}
{"level":"debug","ts":"2026-10-05T08:11:39.244Z","caller":"ipamd/ipamd.go:795","msg":"IP stats for Network Card 0 - total IPs: 5, assigned IPs: 2, cooldown IPs: 0"}
{"level":"debug","ts":"2026-10-05T08:11:39.244Z","caller":"ipamd/ipamd.go:861","msg":"Node found \"ip-10-20-0-52.ec2.internal\" - no of taints - 0"}
{"level":"debug","ts":"2026-10-05T08:11:39.244Z","caller":"datastore/data_store.go:1148","msg":"ENI eni-EXAMPLE13 cannot be deleted because it is primary"}
{"level":"debug","ts":"2026-10-05T08:11:41.745Z","caller":"ipamd/ipamd.go:798","msg":"Reconciling ENI/IP pool info because time since last 1m0.023898698s > 1m0s"}
{"level":"debug","ts":"2026-10-05T08:11:41.746Z","caller":"ipamd/ipamd.go:1621","msg":"Total number of interfaces found: 1 "}
{"level":"debug","ts":"2026-10-05T08:11:41.746Z","caller":"awsutils/awsutils.go:787","msg":"Found ENI MAC address: 0a:ff:e1:1c:71:73"}
{"level":"debug","ts":"2026-10-05T08:11:41.751Z","caller":"awsutils/awsutils.go:787","msg":"Found ENI: eni-EXAMPLE13, MAC 0a:ff:e1:1c:71:73, device 0"}
{"level":"debug","ts":"2026-10-05T08:11:41.753Z","caller":"awsutils/awsutils.go:787","msg":"Found IPv4 addresses associated with interface. This is not efa-only interface"}
{"level":"debug","ts":"2026-10-05T08:11:41.758Z","caller":"ipamd/ipamd.go:798","msg":"Reconcile existing ENI eni-EXAMPLE13 IP pool"}
{"level":"info","ts":"2026-10-05T08:11:41.758Z","caller":"ipamd/ipamd.go:1766","msg":"Reconcile and skip primary IP 10.20.0.52 on ENI eni-EXAMPLE13"}
{"level":"info","ts":"2026-10-05T08:11:41.758Z","caller":"ipamd/ipamd.go:1766","msg":"Trying to add 10.20.0.36"}
{"level":"info","ts":"2026-10-05T08:11:41.758Z","caller":"ipamd/ipamd.go:1890","msg":"Adding 10.20.0.36/32 to DS for eni-EXAMPLE13"}
{"level":"info","ts":"2026-10-05T08:11:41.758Z","caller":"ipamd/ipamd.go:1890","msg":"IP already in DS"}
{"level":"info","ts":"2026-10-05T08:11:41.758Z","caller":"ipamd/ipamd.go:1766","msg":"Trying to add 10.20.0.37"}
{"level":"info","ts":"2026-10-05T08:11:41.758Z","caller":"ipamd/ipamd.go:1890","msg":"Adding 10.20.0.37/32 to DS for eni-EXAMPLE13"}
{"level":"info","ts":"2026-10-05T08:11:41.758Z","caller":"ipamd/ipamd.go:1890","msg":"IP already in DS"}
{"level":"info","ts":"2026-10-05T08:11:41.758Z","caller":"ipamd/ipamd.go:1766","msg":"Trying to add 10.20.0.54"}
{"level":"info","ts":"2026-10-05T08:11:41.758Z","caller":"ipamd/ipamd.go:1890","msg":"Adding 10.20.0.54/32 to DS for eni-EXAMPLE13"}
{"level":"info","ts":"2026-10-05T08:11:41.758Z","caller":"ipamd/ipamd.go:1890","msg":"IP already in DS"}
{"level":"info","ts":"2026-10-05T08:11:41.758Z","caller":"ipamd/ipamd.go:1766","msg":"Trying to add 10.20.0.49"}
{"level":"info","ts":"2026-10-05T08:11:41.758Z","caller":"ipamd/ipamd.go:1890","msg":"Adding 10.20.0.49/32 to DS for eni-EXAMPLE13"}
{"level":"info","ts":"2026-10-05T08:11:41.758Z","caller":"ipamd/ipamd.go:1890","msg":"IP already in DS"}
{"level":"info","ts":"2026-10-05T08:11:41.758Z","caller":"ipamd/ipamd.go:1766","msg":"Trying to add 10.20.0.50"}
{"level":"info","ts":"2026-10-05T08:11:41.758Z","caller":"ipamd/ipamd.go:1890","msg":"Adding 10.20.0.50/32 to DS for eni-EXAMPLE13"}
{"level":"info","ts":"2026-10-05T08:11:41.758Z","caller":"ipamd/ipamd.go:1890","msg":"IP already in DS"}
{"level":"debug","ts":"2026-10-05T08:11:41.758Z","caller":"ipamd/ipamd.go:798","msg":"Reconcile existing ENI eni-EXAMPLE13 IP prefixes"}
{"level":"debug","ts":"2026-10-05T08:11:41.758Z","caller":"ipamd/ipamd.go:1693","msg":"Found prefix pool count 0 for eni eni-EXAMPLE13\n"}
{"level":"debug","ts":"2026-10-05T08:11:41.758Z","caller":"ipamd/ipamd.go:798","msg":"Successfully Reconciled ENI/IP pool"}
{"level":"debug","ts":"2026-10-05T08:11:41.758Z","caller":"ipamd/ipamd.go:1738","msg":"IP pool stats for network card 0: Total IPs/Prefixes = 5/0, AssignedIPs/CooldownIPs: 2/0, c.maxIPsPerENI = 5"}
{"level":"debug","ts":"2026-10-05T08:11:41.758Z","caller":"ipamd/ipamd.go:798","msg":"Primary IP for ENI eni-EXAMPLE13 is 10.20.0.52"}
{"level":"debug","ts":"2026-10-05T08:11:44.260Z","caller":"ipamd/ipamd.go:795","msg":"IP stats for Network Card 0 - total IPs: 5, assigned IPs: 2, cooldown IPs: 0"}
{"level":"debug","ts":"2026-10-05T08:11:44.260Z","caller":"ipamd/ipamd.go:861","msg":"Node found \"ip-10-20-0-52.ec2.internal\" - no of taints - 0"}
{"level":"debug","ts":"2026-10-05T08:11:44.260Z","caller":"datastore/data_store.go:1148","msg":"ENI eni-EXAMPLE13 cannot be deleted because it is primary"}
{"level":"debug","ts":"2026-10-05T08:11:49.261Z","caller":"ipamd/ipamd.go:795","msg":"IP stats for Network Card 0 - total IPs: 5, assigned IPs: 2, cooldown IPs: 0"}
{"level":"debug","ts":"2026-10-05T08:11:49.261Z","caller":"ipamd/ipamd.go:861","msg":"Node found \"ip-10-20-0-52.ec2.internal\" - no of taints - 0"}
{"level":"debug","ts":"2026-10-05T08:11:49.261Z","caller":"datastore/data_store.go:1148","msg":"ENI eni-EXAMPLE13 cannot be deleted because it is primary"}
{"level":"debug","ts":"2026-10-05T08:11:54.263Z","caller":"ipamd/ipamd.go:795","msg":"IP stats for Network Card 0 - total IPs: 5, assigned IPs: 2, cooldown IPs: 0"}
{"level":"debug","ts":"2026-10-05T08:11:54.264Z","caller":"ipamd/ipamd.go:861","msg":"Node found \"ip-10-20-0-52.ec2.internal\" - no of taints - 0"}
{"level":"debug","ts":"2026-10-05T08:11:54.264Z","caller":"datastore/data_store.go:1148","msg":"ENI eni-EXAMPLE13 cannot be deleted because it is primary"}
{"level":"debug","ts":"2026-10-05T08:11:59.266Z","caller":"ipamd/ipamd.go:795","msg":"IP stats for Network Card 0 - total IPs: 5, assigned IPs: 2, cooldown IPs: 0"}
{"level":"debug","ts":"2026-10-05T08:11:59.266Z","caller":"ipamd/ipamd.go:861","msg":"Node found \"ip-10-20-0-52.ec2.internal\" - no of taints - 0"}
{"level":"debug","ts":"2026-10-05T08:11:59.266Z","caller":"datastore/data_store.go:1148","msg":"ENI eni-EXAMPLE13 cannot be deleted because it is primary"}
{"level":"debug","ts":"2026-10-05T08:12:04.266Z","caller":"ipamd/ipamd.go:795","msg":"IP stats for Network Card 0 - total IPs: 5, assigned IPs: 2, cooldown IPs: 0"}
{"level":"debug","ts":"2026-10-05T08:12:04.267Z","caller":"ipamd/ipamd.go:861","msg":"Node found \"ip-10-20-0-52.ec2.internal\" - no of taints - 0"}
{"level":"debug","ts":"2026-10-05T08:12:04.267Z","caller":"datastore/data_store.go:1148","msg":"ENI eni-EXAMPLE13 cannot be deleted because it is primary"}
{"level":"debug","ts":"2026-10-05T08:12:09.267Z","caller":"ipamd/ipamd.go:795","msg":"IP stats for Network Card 0 - total IPs: 5, assigned IPs: 2, cooldown IPs: 0"}
{"level":"debug","ts":"2026-10-05T08:12:09.267Z","caller":"ipamd/ipamd.go:861","msg":"Node found \"ip-10-20-0-52.ec2.internal\" - no of taints - 0"}
{"level":"debug","ts":"2026-10-05T08:12:09.267Z","caller":"datastore/data_store.go:1148","msg":"ENI eni-EXAMPLE13 cannot be deleted because it is primary"}
{"level":"debug","ts":"2026-10-05T08:12:14.268Z","caller":"ipamd/ipamd.go:795","msg":"IP stats for Network Card 0 - total IPs: 5, assigned IPs: 2, cooldown IPs: 0"}
{"level":"debug","ts":"2026-10-05T08:12:14.268Z","caller":"ipamd/ipamd.go:861","msg":"Node found \"ip-10-20-0-52.ec2.internal\" - no of taints - 0"}
{"level":"debug","ts":"2026-10-05T08:12:14.268Z","caller":"datastore/data_store.go:1148","msg":"ENI eni-EXAMPLE13 cannot be deleted because it is primary"}
{"level":"debug","ts":"2026-10-05T08:12:19.270Z","caller":"ipamd/ipamd.go:795","msg":"IP stats for Network Card 0 - total IPs: 5, assigned IPs: 2, cooldown IPs: 0"}
{"level":"debug","ts":"2026-10-05T08:12:19.270Z","caller":"ipamd/ipamd.go:861","msg":"Node found \"ip-10-20-0-52.ec2.internal\" - no of taints - 0"}
{"level":"debug","ts":"2026-10-05T08:12:19.270Z","caller":"datastore/data_store.go:1148","msg":"ENI eni-EXAMPLE13 cannot be deleted because it is primary"}
{"level":"debug","ts":"2026-10-05T08:12:24.272Z","caller":"ipamd/ipamd.go:795","msg":"IP stats for Network Card 0 - total IPs: 5, assigned IPs: 2, cooldown IPs: 0"}
{"level":"debug","ts":"2026-10-05T08:12:24.272Z","caller":"ipamd/ipamd.go:861","msg":"Node found \"ip-10-20-0-52.ec2.internal\" - no of taints - 0"}
{"level":"debug","ts":"2026-10-05T08:12:24.272Z","caller":"datastore/data_store.go:1148","msg":"ENI eni-EXAMPLE13 cannot be deleted because it is primary"}
{"level":"debug","ts":"2026-10-05T08:12:29.273Z","caller":"ipamd/ipamd.go:795","msg":"IP stats for Network Card 0 - total IPs: 5, assigned IPs: 2, cooldown IPs: 0"}
{"level":"debug","ts":"2026-10-05T08:12:29.273Z","caller":"ipamd/ipamd.go:861","msg":"Node found \"ip-10-20-0-52.ec2.internal\" - no of taints - 0"}
{"level":"debug","ts":"2026-10-05T08:12:29.273Z","caller":"datastore/data_store.go:1148","msg":"ENI eni-EXAMPLE13 cannot be deleted because it is primary"}
{"level":"debug","ts":"2026-10-05T08:12:34.274Z","caller":"ipamd/ipamd.go:795","msg":"IP stats for Network Card 0 - total IPs: 5, assigned IPs: 2, cooldown IPs: 0"}
{"level":"debug","ts":"2026-10-05T08:12:34.274Z","caller":"ipamd/ipamd.go:861","msg":"Node found \"ip-10-20-0-52.ec2.internal\" - no of taints - 0"}
{"level":"debug","ts":"2026-10-05T08:12:34.274Z","caller":"datastore/data_store.go:1148","msg":"ENI eni-EXAMPLE13 cannot be deleted because it is primary"}
{"level":"debug","ts":"2026-10-05T08:12:39.275Z","caller":"ipamd/ipamd.go:795","msg":"IP stats for Network Card 0 - total IPs: 5, assigned IPs: 2, cooldown IPs: 0"}
{"level":"debug","ts":"2026-10-05T08:12:39.275Z","caller":"ipamd/ipamd.go:861","msg":"Node found \"ip-10-20-0-52.ec2.internal\" - no of taints - 0"}
{"level":"debug","ts":"2026-10-05T08:12:39.275Z","caller":"datastore/data_store.go:1148","msg":"ENI eni-EXAMPLE13 cannot be deleted because it is primary"}
{"level":"debug","ts":"2026-10-05T08:12:41.776Z","caller":"ipamd/ipamd.go:798","msg":"Reconciling ENI/IP pool info because time since last 1m0.017257889s > 1m0s"}
{"level":"debug","ts":"2026-10-05T08:12:41.778Z","caller":"ipamd/ipamd.go:1621","msg":"Total number of interfaces found: 1 "}
{"level":"debug","ts":"2026-10-05T08:12:41.778Z","caller":"awsutils/awsutils.go:787","msg":"Found ENI MAC address: 0a:ff:e1:1c:71:73"}
{"level":"debug","ts":"2026-10-05T08:12:41.782Z","caller":"awsutils/awsutils.go:787","msg":"Found ENI: eni-EXAMPLE13, MAC 0a:ff:e1:1c:71:73, device 0"}
{"level":"debug","ts":"2026-10-05T08:12:41.784Z","caller":"awsutils/awsutils.go:787","msg":"Found IPv4 addresses associated with interface. This is not efa-only interface"}
{"level":"debug","ts":"2026-10-05T08:12:41.788Z","caller":"ipamd/ipamd.go:798","msg":"Reconcile existing ENI eni-EXAMPLE13 IP pool"}
{"level":"info","ts":"2026-10-05T08:12:41.788Z","caller":"ipamd/ipamd.go:1766","msg":"Reconcile and skip primary IP 10.20.0.52 on ENI eni-EXAMPLE13"}
{"level":"info","ts":"2026-10-05T08:12:41.788Z","caller":"ipamd/ipamd.go:1766","msg":"Trying to add 10.20.0.36"}
{"level":"info","ts":"2026-10-05T08:12:41.788Z","caller":"ipamd/ipamd.go:1890","msg":"Adding 10.20.0.36/32 to DS for eni-EXAMPLE13"}
{"level":"info","ts":"2026-10-05T08:12:41.788Z","caller":"ipamd/ipamd.go:1890","msg":"IP already in DS"}
{"level":"info","ts":"2026-10-05T08:12:41.788Z","caller":"ipamd/ipamd.go:1766","msg":"Trying to add 10.20.0.37"}
{"level":"info","ts":"2026-10-05T08:12:41.788Z","caller":"ipamd/ipamd.go:1890","msg":"Adding 10.20.0.37/32 to DS for eni-EXAMPLE13"}
{"level":"info","ts":"2026-10-05T08:12:41.788Z","caller":"ipamd/ipamd.go:1890","msg":"IP already in DS"}
{"level":"info","ts":"2026-10-05T08:12:41.788Z","caller":"ipamd/ipamd.go:1766","msg":"Trying to add 10.20.0.54"}
{"level":"info","ts":"2026-10-05T08:12:41.788Z","caller":"ipamd/ipamd.go:1890","msg":"Adding 10.20.0.54/32 to DS for eni-EXAMPLE13"}
{"level":"info","ts":"2026-10-05T08:12:41.788Z","caller":"ipamd/ipamd.go:1890","msg":"IP already in DS"}
{"level":"info","ts":"2026-10-05T08:12:41.788Z","caller":"ipamd/ipamd.go:1766","msg":"Trying to add 10.20.0.49"}
{"level":"info","ts":"2026-10-05T08:12:41.788Z","caller":"ipamd/ipamd.go:1890","msg":"Adding 10.20.0.49/32 to DS for eni-EXAMPLE13"}
{"level":"info","ts":"2026-10-05T08:12:41.788Z","caller":"ipamd/ipamd.go:1890","msg":"IP already in DS"}
{"level":"info","ts":"2026-10-05T08:12:41.788Z","caller":"ipamd/ipamd.go:1766","msg":"Trying to add 10.20.0.50"}
{"level":"info","ts":"2026-10-05T08:12:41.788Z","caller":"ipamd/ipamd.go:1890","msg":"Adding 10.20.0.50/32 to DS for eni-EXAMPLE13"}
{"level":"info","ts":"2026-10-05T08:12:41.788Z","caller":"ipamd/ipamd.go:1890","msg":"IP already in DS"}
{"level":"debug","ts":"2026-10-05T08:12:41.788Z","caller":"ipamd/ipamd.go:798","msg":"Reconcile existing ENI eni-EXAMPLE13 IP prefixes"}
{"level":"debug","ts":"2026-10-05T08:12:41.788Z","caller":"ipamd/ipamd.go:1693","msg":"Found prefix pool count 0 for eni eni-EXAMPLE13\n"}
{"level":"debug","ts":"2026-10-05T08:12:41.788Z","caller":"ipamd/ipamd.go:798","msg":"Successfully Reconciled ENI/IP pool"}
{"level":"debug","ts":"2026-10-05T08:12:41.788Z","caller":"ipamd/ipamd.go:1738","msg":"IP pool stats for network card 0: Total IPs/Prefixes = 5/0, AssignedIPs/CooldownIPs: 2/0, c.maxIPsPerENI = 5"}
{"level":"debug","ts":"2026-10-05T08:12:41.788Z","caller":"ipamd/ipamd.go:798","msg":"Primary IP for ENI eni-EXAMPLE13 is 10.20.0.52"}
{"level":"debug","ts":"2026-10-05T08:12:44.290Z","caller":"ipamd/ipamd.go:795","msg":"IP stats for Network Card 0 - total IPs: 5, assigned IPs: 2, cooldown IPs: 0"}
{"level":"debug","ts":"2026-10-05T08:12:44.290Z","caller":"ipamd/ipamd.go:861","msg":"Node found \"ip-10-20-0-52.ec2.internal\" - no of taints - 0"}
{"level":"debug","ts":"2026-10-05T08:12:44.290Z","caller":"datastore/data_store.go:1148","msg":"ENI eni-EXAMPLE13 cannot be deleted because it is primary"}
{"level":"debug","ts":"2026-10-05T08:12:49.291Z","caller":"ipamd/ipamd.go:795","msg":"IP stats for Network Card 0 - total IPs: 5, assigned IPs: 2, cooldown IPs: 0"}
{"level":"debug","ts":"2026-10-05T08:12:49.291Z","caller":"ipamd/ipamd.go:861","msg":"Node found \"ip-10-20-0-52.ec2.internal\" - no of taints - 0"}
{"level":"debug","ts":"2026-10-05T08:12:49.291Z","caller":"datastore/data_store.go:1148","msg":"ENI eni-EXAMPLE13 cannot be deleted because it is primary"}
{"level":"debug","ts":"2026-10-05T08:12:54.291Z","caller":"ipamd/ipamd.go:795","msg":"IP stats for Network Card 0 - total IPs: 5, assigned IPs: 2, cooldown IPs: 0"}
{"level":"debug","ts":"2026-10-05T08:12:54.291Z","caller":"ipamd/ipamd.go:861","msg":"Node found \"ip-10-20-0-52.ec2.internal\" - no of taints - 0"}
{"level":"debug","ts":"2026-10-05T08:12:54.291Z","caller":"datastore/data_store.go:1148","msg":"ENI eni-EXAMPLE13 cannot be deleted because it is primary"}
{"level":"debug","ts":"2026-10-05T08:12:59.293Z","caller":"ipamd/ipamd.go:795","msg":"IP stats for Network Card 0 - total IPs: 5, assigned IPs: 2, cooldown IPs: 0"}
{"level":"debug","ts":"2026-10-05T08:12:59.293Z","caller":"ipamd/ipamd.go:861","msg":"Node found \"ip-10-20-0-52.ec2.internal\" - no of taints - 0"}
{"level":"debug","ts":"2026-10-05T08:12:59.293Z","caller":"datastore/data_store.go:1148","msg":"ENI eni-EXAMPLE13 cannot be deleted because it is primary"}
{"level":"debug","ts":"2026-10-05T08:13:04.295Z","caller":"ipamd/ipamd.go:795","msg":"IP stats for Network Card 0 - total IPs: 5, assigned IPs: 2, cooldown IPs: 0"}
{"level":"debug","ts":"2026-10-05T08:13:04.295Z","caller":"ipamd/ipamd.go:861","msg":"Node found \"ip-10-20-0-52.ec2.internal\" - no of taints - 0"}
{"level":"debug","ts":"2026-10-05T08:13:04.295Z","caller":"datastore/data_store.go:1148","msg":"ENI eni-EXAMPLE13 cannot be deleted because it is primary"}
{"level":"debug","ts":"2026-10-05T08:13:09.297Z","caller":"ipamd/ipamd.go:795","msg":"IP stats for Network Card 0 - total IPs: 5, assigned IPs: 2, cooldown IPs: 0"}
{"level":"debug","ts":"2026-10-05T08:13:09.297Z","caller":"ipamd/ipamd.go:861","msg":"Node found \"ip-10-20-0-52.ec2.internal\" - no of taints - 0"}
{"level":"debug","ts":"2026-10-05T08:13:09.297Z","caller":"datastore/data_store.go:1148","msg":"ENI eni-EXAMPLE13 cannot be deleted because it is primary"}
{"level":"debug","ts":"2026-10-05T08:13:14.298Z","caller":"ipamd/ipamd.go:795","msg":"IP stats for Network Card 0 - total IPs: 5, assigned IPs: 2, cooldown IPs: 0"}
{"level":"debug","ts":"2026-10-05T08:13:14.298Z","caller":"ipamd/ipamd.go:861","msg":"Node found \"ip-10-20-0-52.ec2.internal\" - no of taints - 0"}
{"level":"debug","ts":"2026-10-05T08:13:14.298Z","caller":"datastore/data_store.go:1148","msg":"ENI eni-EXAMPLE13 cannot be deleted because it is primary"}
{"level":"info","ts":"2026-10-05T08:13:19.129Z","caller":"rpc/rpc_grpc.pb.go:117","msg":"Received AddNetwork for NS /var/run/netns/cni-6ec7b078-d19a-9d37-926c-e3b8ecf7cddf, Sandbox 6486ab2788f015beb0ea6c35e19af4ba4476dcda10e014790f66b9bbaaa39fac, ifname eth0"}
{"level":"debug","ts":"2026-10-05T08:13:19.129Z","caller":"rpc/rpc_grpc.pb.go:117","msg":"AddNetworkRequest: K8S_POD_NAME:\"pause-68d5b89fc-4kxmd\"  K8S_POD_NAMESPACE:\"default\"  K8S_POD_INFRA_CONTAINER_ID:\"6486ab2788f015beb0ea6c35e19af4ba4476dcda10e014790f66b9bbaaa39fac\"  ContainerID:\"6486ab2788f015beb0ea6c35e19af4ba4476dcda10e014790f66b9bbaaa39fac\"  IfName:\"eth0\"  NetworkName:\"aws-cni\"  Netns:\"/var/run/netns/cni-6ec7b078-d19a-9d37-926c-e3b8ecf7cddf\""}
{"level":"info","ts":"2026-10-05T08:13:19.129Z","caller":"rpc/rpc_grpc.pb.go:117","msg":"Required MultiNIC access false, interfaces required 1"}
{"level":"debug","ts":"2026-10-05T08:13:19.129Z","caller":"datastore/data_store.go:713","msg":"AssignPodIPv4Address: IP address pool stats: total 5, assigned 2"}
{"level":"debug","ts":"2026-10-05T08:13:19.129Z","caller":"datastore/data_store.go:806","msg":"Get free IP from prefix failed no free IP available in the prefix - 10.20.0.36/32"}
{"level":"debug","ts":"2026-10-05T08:13:19.129Z","caller":"datastore/data_store.go:713","msg":"Unable to get IP address from CIDR: no free IP available in the prefix - 10.20.0.36/32"}
{"level":"debug","ts":"2026-10-05T08:13:19.129Z","caller":"datastore/data_store.go:1469","msg":"Found a free IP not in DB - 10.20.0.37"}
{"level":"debug","ts":"2026-10-05T08:13:19.130Z","caller":"datastore/data_store.go:806","msg":"Returning Free IP 10.20.0.37"}
{"level":"debug","ts":"2026-10-05T08:13:19.130Z","caller":"datastore/data_store.go:713","msg":"New IP from CIDR pool- 10.20.0.37"}
{"level":"debug","ts":"2026-10-05T08:13:19.130Z","caller":"datastore/data_store.go:713","msg":"Allocating new IP 10.20.0.37 from CIDR 10.20.0.37/32 for pod"}
{"level":"info","ts":"2026-10-05T08:13:19.130Z","caller":"datastore/data_store.go:838","msg":"assignPodIPAddressUnsafe: Assign IP 10.20.0.37 to sandbox aws-cni/6486ab2788f015beb0ea6c35e19af4ba4476dcda10e014790f66b9bbaaa39fac/eth0 with metadata {K8SPodNamespace:default K8SPodName:pause-68d5b89fc-4kxmd InterfacesCount:1}"}
{"level":"info","ts":"2026-10-05T08:13:19.130Z","caller":"rpc/rpc_grpc.pb.go:117","msg":"Assigned IP from network card: 0 -> IPv4: 10.20.0.37, IPv6: , device number: 0, "}
{"level":"info","ts":"2026-10-05T08:13:19.130Z","caller":"rpc/rpc_grpc.pb.go:117","msg":"Address assigned from datastores:  1"}
{"level":"debug","ts":"2026-10-05T08:13:19.131Z","caller":"rpc/rpc_grpc.pb.go:117","msg":"VPC CIDR 10.20.0.0/24"}
{"level":"info","ts":"2026-10-05T08:13:19.131Z","caller":"rpc/rpc_grpc.pb.go:117","msg":"Send AddNetworkReply: Success: true IPAddr: [IPv4Addr:\"10.20.0.37\"  RouteTableId:254], resp: Success:true  IPAllocationMetadata:{IPv4Addr:\"10.20.0.37\"  RouteTableId:254}  VPCv4CIDRs:\"10.20.0.0/24\"  NetworkPolicyMode:\"standard\", err: <nil>"}
{"level":"info","ts":"2026-10-05T08:13:19.181Z","caller":"rpc/rpc_grpc.pb.go:117","msg":"Received AddNetwork for NS /var/run/netns/cni-1fb7dbc9-35fb-7b4d-9eaa-0c133f0e89d1, Sandbox 56453ba38a2444e185c709dddff16a69f65b108e6a955ab9f3055fd1c068dce5, ifname eth0"}
{"level":"debug","ts":"2026-10-05T08:13:19.181Z","caller":"rpc/rpc_grpc.pb.go:117","msg":"AddNetworkRequest: K8S_POD_NAME:\"pause-68d5b89fc-76qmx\"  K8S_POD_NAMESPACE:\"default\"  K8S_POD_INFRA_CONTAINER_ID:\"56453ba38a2444e185c709dddff16a69f65b108e6a955ab9f3055fd1c068dce5\"  ContainerID:\"56453ba38a2444e185c709dddff16a69f65b108e6a955ab9f3055fd1c068dce5\"  IfName:\"eth0\"  NetworkName:\"aws-cni\"  Netns:\"/var/run/netns/cni-1fb7dbc9-35fb-7b4d-9eaa-0c133f0e89d1\""}
{"level":"info","ts":"2026-10-05T08:13:19.181Z","caller":"rpc/rpc_grpc.pb.go:117","msg":"Required MultiNIC access false, interfaces required 1"}
{"level":"debug","ts":"2026-10-05T08:13:19.181Z","caller":"datastore/data_store.go:713","msg":"AssignPodIPv4Address: IP address pool stats: total 5, assigned 3"}
{"level":"debug","ts":"2026-10-05T08:13:19.181Z","caller":"datastore/data_store.go:806","msg":"Get free IP from prefix failed no free IP available in the prefix - 10.20.0.36/32"}
{"level":"debug","ts":"2026-10-05T08:13:19.181Z","caller":"datastore/data_store.go:713","msg":"Unable to get IP address from CIDR: no free IP available in the prefix - 10.20.0.36/32"}
{"level":"debug","ts":"2026-10-05T08:13:19.181Z","caller":"datastore/data_store.go:806","msg":"Get free IP from prefix failed no free IP available in the prefix - 10.20.0.37/32"}
{"level":"debug","ts":"2026-10-05T08:13:19.181Z","caller":"datastore/data_store.go:713","msg":"Unable to get IP address from CIDR: no free IP available in the prefix - 10.20.0.37/32"}
{"level":"debug","ts":"2026-10-05T08:13:19.181Z","caller":"datastore/data_store.go:1469","msg":"Found a free IP not in DB - 10.20.0.54"}
{"level":"debug","ts":"2026-10-05T08:13:19.181Z","caller":"datastore/data_store.go:806","msg":"Returning Free IP 10.20.0.54"}
{"level":"debug","ts":"2026-10-05T08:13:19.181Z","caller":"datastore/data_store.go:713","msg":"New IP from CIDR pool- 10.20.0.54"}
{"level":"debug","ts":"2026-10-05T08:13:19.181Z","caller":"datastore/data_store.go:713","msg":"Allocating new IP 10.20.0.54 from CIDR 10.20.0.54/32 for pod"}
{"level":"info","ts":"2026-10-05T08:13:19.181Z","caller":"datastore/data_store.go:838","msg":"assignPodIPAddressUnsafe: Assign IP 10.20.0.54 to sandbox aws-cni/56453ba38a2444e185c709dddff16a69f65b108e6a955ab9f3055fd1c068dce5/eth0 with metadata {K8SPodNamespace:default K8SPodName:pause-68d5b89fc-76qmx InterfacesCount:1}"}
{"level":"info","ts":"2026-10-05T08:13:19.182Z","caller":"rpc/rpc_grpc.pb.go:117","msg":"Assigned IP from network card: 0 -> IPv4: 10.20.0.54, IPv6: , device number: 0, "}
{"level":"info","ts":"2026-10-05T08:13:19.182Z","caller":"rpc/rpc_grpc.pb.go:117","msg":"Address assigned from datastores:  1"}
{"level":"debug","ts":"2026-10-05T08:13:19.183Z","caller":"rpc/rpc_grpc.pb.go:117","msg":"VPC CIDR 10.20.0.0/24"}
{"level":"info","ts":"2026-10-05T08:13:19.183Z","caller":"rpc/rpc_grpc.pb.go:117","msg":"Send AddNetworkReply: Success: true IPAddr: [IPv4Addr:\"10.20.0.54\"  RouteTableId:254], resp: Success:true  IPAllocationMetadata:{IPv4Addr:\"10.20.0.54\"  RouteTableId:254}  VPCv4CIDRs:\"10.20.0.0/24\"  NetworkPolicyMode:\"standard\", err: <nil>"}
{"level":"debug","ts":"2026-10-05T08:13:19.301Z","caller":"ipamd/ipamd.go:795","msg":"IP stats for Network Card 0 - total IPs: 5, assigned IPs: 4, cooldown IPs: 0"}
{"level":"debug","ts":"2026-10-05T08:13:19.301Z","caller":"ipamd/ipamd.go:813","msg":"Starting to increase pool size for network card 0"}
{"level":"debug","ts":"2026-10-05T08:13:19.301Z","caller":"ipamd/ipamd.go:966","msg":"Node found \"ip-10-20-0-52.ec2.internal\" - no of taints - 0"}
{"level":"debug","ts":"2026-10-05T08:13:19.301Z","caller":"ipamd/ipamd.go:1003","msg":"hasRoomForEni: networkCard=0, currentENIs=1, currentUsableENIs=1, maxENI=3, unmanagedENI=0, trunkEni=0, excludedENI=0, hasRoom=true"}
{"level":"info","ts":"2026-10-05T08:13:19.301Z","caller":"awsutils/awsutils.go:1044","msg":"Trying to allocate 1 IP addresses on new ENI"}
{"level":"debug","ts":"2026-10-05T08:13:19.301Z","caller":"awsutils/awsutils.go:1044","msg":"PD enabled - false"}
{"level":"debug","ts":"2026-10-05T08:13:19.385Z","caller":"awsutils/awsutils.go:1272","msg":"Primary subnet subnet-EXAMPLE1 has no kubernetes.io/role/cni tag, including it for ENI creation (backwards compatibility)"}
{"level":"info","ts":"2026-10-05T08:13:19.386Z","caller":"awsutils/awsutils.go:1044","msg":"Creating ENI with security groups: [sg-EXAMPLE1] in subnet: subnet-EXAMPLE1"}
{"level":"info","ts":"2026-10-05T08:13:19.957Z","caller":"awsutils/awsutils.go:1285","msg":"Created a new ENI: eni-EXAMPLE14"}
{"level":"debug","ts":"2026-10-05T08:13:20.071Z","caller":"awsutils/awsutils.go:1095","msg":"Discovered device number is used for network card 0: 0"}
{"level":"debug","ts":"2026-10-05T08:13:20.071Z","caller":"awsutils/awsutils.go:1095","msg":"Found a free device number for network card 0 : 1"}
{"level":"info","ts":"2026-10-05T08:13:21.617Z","caller":"ipamd/ipamd.go:1077","msg":"Successfully created and attached a new ENI eni-EXAMPLE14 to instance on network card 0"}
{"level":"debug","ts":"2026-10-05T08:13:21.618Z","caller":"awsutils/awsutils.go:2253","msg":"Total number of interfaces found: 1 "}
{"level":"debug","ts":"2026-10-05T08:13:21.618Z","caller":"awsutils/awsutils.go:787","msg":"Found ENI MAC address: 0a:ff:e1:1c:71:73"}
{"level":"debug","ts":"2026-10-05T08:13:21.621Z","caller":"awsutils/awsutils.go:787","msg":"Found ENI: eni-EXAMPLE13, MAC 0a:ff:e1:1c:71:73, device 0"}
{"level":"debug","ts":"2026-10-05T08:13:21.622Z","caller":"awsutils/awsutils.go:787","msg":"Found IPv4 addresses associated with interface. This is not efa-only interface"}
{"level":"debug","ts":"2026-10-05T08:13:21.625Z","caller":"retry/retry.go:70","msg":"Not able to find the right ENI yet (attempt 1/12)"}
{"level":"debug","ts":"2026-10-05T08:13:21.734Z","caller":"awsutils/awsutils.go:2253","msg":"Total number of interfaces found: 1 "}
{"level":"debug","ts":"2026-10-05T08:13:21.734Z","caller":"awsutils/awsutils.go:787","msg":"Found ENI MAC address: 0a:ff:e1:1c:71:73"}
{"level":"debug","ts":"2026-10-05T08:13:21.741Z","caller":"awsutils/awsutils.go:787","msg":"Found ENI: eni-EXAMPLE13, MAC 0a:ff:e1:1c:71:73, device 0"}
{"level":"debug","ts":"2026-10-05T08:13:21.743Z","caller":"awsutils/awsutils.go:787","msg":"Found IPv4 addresses associated with interface. This is not efa-only interface"}
{"level":"debug","ts":"2026-10-05T08:13:21.749Z","caller":"retry/retry.go:70","msg":"Not able to find the right ENI yet (attempt 2/12)"}
{"level":"debug","ts":"2026-10-05T08:13:21.955Z","caller":"awsutils/awsutils.go:2253","msg":"Total number of interfaces found: 2 "}
{"level":"debug","ts":"2026-10-05T08:13:21.955Z","caller":"awsutils/awsutils.go:787","msg":"Found ENI MAC address: 0a:ff:d7:e5:f8:71"}
{"level":"debug","ts":"2026-10-05T08:13:21.960Z","caller":"awsutils/awsutils.go:787","msg":"Found ENI: eni-EXAMPLE14, MAC 0a:ff:d7:e5:f8:71, device 1"}
{"level":"debug","ts":"2026-10-05T08:13:21.962Z","caller":"awsutils/awsutils.go:787","msg":"Found IPv4 addresses associated with interface. This is not efa-only interface"}
{"level":"debug","ts":"2026-10-05T08:13:21.967Z","caller":"awsutils/awsutils.go:787","msg":"Found ENI MAC address: 0a:ff:e1:1c:71:73"}
{"level":"debug","ts":"2026-10-05T08:13:21.972Z","caller":"awsutils/awsutils.go:787","msg":"Found ENI: eni-EXAMPLE13, MAC 0a:ff:e1:1c:71:73, device 0"}
{"level":"debug","ts":"2026-10-05T08:13:21.975Z","caller":"awsutils/awsutils.go:787","msg":"Found IPv4 addresses associated with interface. This is not efa-only interface"}
{"level":"debug","ts":"2026-10-05T08:13:21.980Z","caller":"retry/retry.go:70","msg":"ENI ID: eni-EXAMPLE14 IP Addr: 2, IPv4Prefixes:- 0, IPv6Prefixes:- 0"}
{"level":"debug","ts":"2026-10-05T08:13:21.980Z","caller":"ipamd/ipamd.go:1313","msg":"DataStore add an ENI eni-EXAMPLE14"}
{"level":"debug","ts":"2026-10-05T08:13:22.232Z","caller":"ipamd/ipamd.go:2913","msg":"IsSubnetExcluded: subnet subnet-EXAMPLE1 has no kubernetes.io/role/cni tag, not excluded"}
{"level":"info","ts":"2026-10-05T08:13:22.232Z","caller":"networkutils/network.go:947","msg":"Setting up network for an ENI with IP address 10.20.0.55, MAC address 0a:ff:d7:e5:f8:71, CIDR 10.20.0.32/27, route table 2 and Network Card 0"}
{"level":"debug","ts":"2026-10-05T08:13:22.232Z","caller":"netlinkwrapper/netlink.go:138","msg":"netlink operation succeeded on attempt 1 of 5"}
{"level":"debug","ts":"2026-10-05T08:13:22.232Z","caller":"networkutils/network.go:975","msg":"Found the Link that uses mac address 0a:ff:d7:e5:f8:71 and its index is 7 (attempt 1/5)"}
{"level":"debug","ts":"2026-10-05T08:13:22.235Z","caller":"networkutils/network.go:947","msg":"Setting up ENI's primary IP 10.20.0.55"}
{"level":"debug","ts":"2026-10-05T08:13:22.235Z","caller":"netlinkwrapper/netlink.go:174","msg":"netlink operation succeeded on attempt 1 of 5"}
{"level":"debug","ts":"2026-10-05T08:13:22.235Z","caller":"networkutils/network.go:947","msg":"Adding IP address 10.20.0.55/27"}
{"level":"debug","ts":"2026-10-05T08:13:22.235Z","caller":"networkutils/network.go:947","msg":"Setting up ENI's default gateway 10.20.0.33, table 2, linkIndex 7"}
{"level":"debug","ts":"2026-10-05T08:13:22.236Z","caller":"retry/retry.go:70","msg":"Successfully added/replaced route to be 10.20.0.33/0"}
{"level":"debug","ts":"2026-10-05T08:13:22.236Z","caller":"retry/retry.go:70","msg":"Successfully added/replaced route to be 0.0.0.0/0"}
{"level":"info","ts":"2026-10-05T08:13:22.236Z","caller":"networkutils/network.go:947","msg":"Adding rule for Primary IP [ip rule 32765: from 10.20.0.55/32 to all table 2 ]"}
{"level":"debug","ts":"2026-10-05T08:13:22.236Z","caller":"networkutils/network.go:947","msg":"setupENINetwork: rule for Primary IP 10.20.0.55 added"}
{"level":"info","ts":"2026-10-05T08:13:22.236Z","caller":"ipamd/ipamd.go:1097","msg":"Found ENIs having 2 secondary IPs and 0 Prefixes"}
{"level":"info","ts":"2026-10-05T08:13:22.236Z","caller":"ipamd/ipamd.go:1387","msg":"Adding 10.20.0.41/32 to DS for eni-EXAMPLE14"}
{"level":"info","ts":"2026-10-05T08:13:22.236Z","caller":"ipamd/ipamd.go:1387","msg":"Added ENI(eni-EXAMPLE14)'s IP/Prefix 10.20.0.41/32 to datastore"}
{"level":"debug","ts":"2026-10-05T08:13:22.236Z","caller":"ipamd/ipamd.go:1394","msg":"IP pool stats for network card 0: Total IPs/Prefixes = 6/0, AssignedIPs/CooldownIPs: 4/0, c.maxIPsPerENI = 5"}
{"level":"debug","ts":"2026-10-05T08:13:22.236Z","caller":"ipamd/ipamd.go:1415","msg":"IP pool stats for network card 0: Total IPs/Prefixes = 6/0, AssignedIPs/CooldownIPs: 4/0, c.maxIPsPerENI = 5"}
{"level":"debug","ts":"2026-10-05T08:13:22.236Z","caller":"ipamd/ipamd.go:1053","msg":"IP pool stats for network card 0: Total IPs/Prefixes = 6/0, AssignedIPs/CooldownIPs: 4/0, c.maxIPsPerENI = 5"}
{"level":"debug","ts":"2026-10-05T08:13:22.236Z","caller":"ipamd/ipamd.go:861","msg":"Node found \"ip-10-20-0-52.ec2.internal\" - no of taints - 0"}
{"level":"debug","ts":"2026-10-05T08:13:22.236Z","caller":"datastore/data_store.go:1148","msg":"ENI eni-EXAMPLE13 cannot be deleted because it is primary"}
{"level":"debug","ts":"2026-10-05T08:13:22.236Z","caller":"datastore/data_store.go:1148","msg":"ENI eni-EXAMPLE14 cannot be deleted because it is too young"}
{"level":"debug","ts":"2026-10-05T08:13:27.239Z","caller":"ipamd/ipamd.go:795","msg":"IP stats for Network Card 0 - total IPs: 6, assigned IPs: 4, cooldown IPs: 0"}
{"level":"debug","ts":"2026-10-05T08:13:27.239Z","caller":"ipamd/ipamd.go:861","msg":"Node found \"ip-10-20-0-52.ec2.internal\" - no of taints - 0"}
{"level":"debug","ts":"2026-10-05T08:13:27.239Z","caller":"datastore/data_store.go:1148","msg":"ENI eni-EXAMPLE13 cannot be deleted because it is primary"}
{"level":"debug","ts":"2026-10-05T08:13:27.239Z","caller":"datastore/data_store.go:1148","msg":"ENI eni-EXAMPLE14 cannot be deleted because it is too young"}
{"level":"debug","ts":"2026-10-05T08:13:32.239Z","caller":"ipamd/ipamd.go:795","msg":"IP stats for Network Card 0 - total IPs: 6, assigned IPs: 4, cooldown IPs: 0"}
{"level":"debug","ts":"2026-10-05T08:13:32.239Z","caller":"ipamd/ipamd.go:861","msg":"Node found \"ip-10-20-0-52.ec2.internal\" - no of taints - 0"}
{"level":"debug","ts":"2026-10-05T08:13:32.239Z","caller":"datastore/data_store.go:1148","msg":"ENI eni-EXAMPLE14 cannot be deleted because it is too young"}
{"level":"debug","ts":"2026-10-05T08:13:32.239Z","caller":"datastore/data_store.go:1148","msg":"ENI eni-EXAMPLE13 cannot be deleted because it is primary"}
{"level":"debug","ts":"2026-10-05T08:13:37.241Z","caller":"ipamd/ipamd.go:795","msg":"IP stats for Network Card 0 - total IPs: 6, assigned IPs: 4, cooldown IPs: 0"}
{"level":"debug","ts":"2026-10-05T08:13:37.241Z","caller":"ipamd/ipamd.go:861","msg":"Node found \"ip-10-20-0-52.ec2.internal\" - no of taints - 0"}
{"level":"debug","ts":"2026-10-05T08:13:37.241Z","caller":"datastore/data_store.go:1148","msg":"ENI eni-EXAMPLE13 cannot be deleted because it is primary"}
{"level":"debug","ts":"2026-10-05T08:13:37.241Z","caller":"datastore/data_store.go:1148","msg":"ENI eni-EXAMPLE14 cannot be deleted because it is too young"}
{"level":"debug","ts":"2026-10-05T08:13:42.242Z","caller":"ipamd/ipamd.go:795","msg":"IP stats for Network Card 0 - total IPs: 6, assigned IPs: 4, cooldown IPs: 0"}
{"level":"debug","ts":"2026-10-05T08:13:42.242Z","caller":"ipamd/ipamd.go:861","msg":"Node found \"ip-10-20-0-52.ec2.internal\" - no of taints - 0"}
{"level":"debug","ts":"2026-10-05T08:13:42.242Z","caller":"datastore/data_store.go:1148","msg":"ENI eni-EXAMPLE13 cannot be deleted because it is primary"}
{"level":"debug","ts":"2026-10-05T08:13:42.242Z","caller":"datastore/data_store.go:1148","msg":"ENI eni-EXAMPLE14 cannot be deleted because it is too young"}
{"level":"debug","ts":"2026-10-05T08:13:47.243Z","caller":"ipamd/ipamd.go:795","msg":"IP stats for Network Card 0 - total IPs: 6, assigned IPs: 4, cooldown IPs: 0"}
{"level":"debug","ts":"2026-10-05T08:13:47.243Z","caller":"ipamd/ipamd.go:861","msg":"Node found \"ip-10-20-0-52.ec2.internal\" - no of taints - 0"}
{"level":"debug","ts":"2026-10-05T08:13:47.243Z","caller":"datastore/data_store.go:1148","msg":"ENI eni-EXAMPLE13 cannot be deleted because it is primary"}
{"level":"debug","ts":"2026-10-05T08:13:47.243Z","caller":"datastore/data_store.go:1148","msg":"ENI eni-EXAMPLE14 cannot be deleted because it is too young"}
{"level":"debug","ts":"2026-10-05T08:13:52.243Z","caller":"ipamd/ipamd.go:795","msg":"IP stats for Network Card 0 - total IPs: 6, assigned IPs: 4, cooldown IPs: 0"}
{"level":"debug","ts":"2026-10-05T08:13:52.244Z","caller":"ipamd/ipamd.go:861","msg":"Node found \"ip-10-20-0-52.ec2.internal\" - no of taints - 0"}
{"level":"debug","ts":"2026-10-05T08:13:52.244Z","caller":"datastore/data_store.go:1148","msg":"ENI eni-EXAMPLE13 cannot be deleted because it is primary"}
{"level":"debug","ts":"2026-10-05T08:13:52.244Z","caller":"datastore/data_store.go:1148","msg":"ENI eni-EXAMPLE14 cannot be deleted because it is too young"}
{"level":"debug","ts":"2026-10-05T08:13:57.245Z","caller":"ipamd/ipamd.go:795","msg":"IP stats for Network Card 0 - total IPs: 6, assigned IPs: 4, cooldown IPs: 0"}
{"level":"debug","ts":"2026-10-05T08:13:57.245Z","caller":"ipamd/ipamd.go:861","msg":"Node found \"ip-10-20-0-52.ec2.internal\" - no of taints - 0"}
{"level":"debug","ts":"2026-10-05T08:13:57.245Z","caller":"datastore/data_store.go:1148","msg":"ENI eni-EXAMPLE13 cannot be deleted because it is primary"}
{"level":"debug","ts":"2026-10-05T08:13:57.245Z","caller":"datastore/data_store.go:1148","msg":"ENI eni-EXAMPLE14 cannot be deleted because it is too young"}
{"level":"debug","ts":"2026-10-05T08:14:02.246Z","caller":"ipamd/ipamd.go:795","msg":"IP stats for Network Card 0 - total IPs: 6, assigned IPs: 4, cooldown IPs: 0"}
{"level":"debug","ts":"2026-10-05T08:14:02.246Z","caller":"ipamd/ipamd.go:861","msg":"Node found \"ip-10-20-0-52.ec2.internal\" - no of taints - 0"}
{"level":"debug","ts":"2026-10-05T08:14:02.246Z","caller":"datastore/data_store.go:1148","msg":"ENI eni-EXAMPLE13 cannot be deleted because it is primary"}
{"level":"debug","ts":"2026-10-05T08:14:02.246Z","caller":"datastore/data_store.go:1148","msg":"ENI eni-EXAMPLE14 cannot be deleted because it is too young"}
{"level":"debug","ts":"2026-10-05T08:14:07.248Z","caller":"ipamd/ipamd.go:795","msg":"IP stats for Network Card 0 - total IPs: 6, assigned IPs: 4, cooldown IPs: 0"}
{"level":"debug","ts":"2026-10-05T08:14:07.248Z","caller":"ipamd/ipamd.go:861","msg":"Node found \"ip-10-20-0-52.ec2.internal\" - no of taints - 0"}
{"level":"debug","ts":"2026-10-05T08:14:07.248Z","caller":"datastore/data_store.go:1148","msg":"ENI eni-EXAMPLE13 cannot be deleted because it is primary"}
{"level":"debug","ts":"2026-10-05T08:14:07.248Z","caller":"datastore/data_store.go:1148","msg":"ENI eni-EXAMPLE14 cannot be deleted because it is too young"}
{"level":"debug","ts":"2026-10-05T08:14:12.249Z","caller":"ipamd/ipamd.go:795","msg":"IP stats for Network Card 0 - total IPs: 6, assigned IPs: 4, cooldown IPs: 0"}
{"level":"debug","ts":"2026-10-05T08:14:12.249Z","caller":"ipamd/ipamd.go:861","msg":"Node found \"ip-10-20-0-52.ec2.internal\" - no of taints - 0"}
{"level":"debug","ts":"2026-10-05T08:14:12.249Z","caller":"datastore/data_store.go:1148","msg":"ENI eni-EXAMPLE13 cannot be deleted because it is primary"}
{"level":"debug","ts":"2026-10-05T08:14:12.249Z","caller":"datastore/data_store.go:1148","msg":"ENI eni-EXAMPLE14 cannot be deleted because it is too young"}
{"level":"debug","ts":"2026-10-05T08:14:17.252Z","caller":"ipamd/ipamd.go:795","msg":"IP stats for Network Card 0 - total IPs: 6, assigned IPs: 4, cooldown IPs: 0"}
{"level":"debug","ts":"2026-10-05T08:14:17.252Z","caller":"ipamd/ipamd.go:861","msg":"Node found \"ip-10-20-0-52.ec2.internal\" - no of taints - 0"}
{"level":"debug","ts":"2026-10-05T08:14:17.252Z","caller":"datastore/data_store.go:1148","msg":"ENI eni-EXAMPLE13 cannot be deleted because it is primary"}
{"level":"debug","ts":"2026-10-05T08:14:17.252Z","caller":"datastore/data_store.go:1148","msg":"ENI eni-EXAMPLE14 cannot be deleted because it is too young"}
{"level":"debug","ts":"2026-10-05T08:14:22.252Z","caller":"ipamd/ipamd.go:795","msg":"IP stats for Network Card 0 - total IPs: 6, assigned IPs: 4, cooldown IPs: 0"}
{"level":"debug","ts":"2026-10-05T08:14:22.252Z","caller":"ipamd/ipamd.go:861","msg":"Node found \"ip-10-20-0-52.ec2.internal\" - no of taints - 0"}
{"level":"debug","ts":"2026-10-05T08:14:22.252Z","caller":"datastore/data_store.go:1148","msg":"ENI eni-EXAMPLE14 cannot be deleted because it is required for WARM_IP_TARGET: 2"}
{"level":"debug","ts":"2026-10-05T08:14:22.252Z","caller":"datastore/data_store.go:1148","msg":"ENI eni-EXAMPLE13 cannot be deleted because it is primary"}
{"level":"debug","ts":"2026-10-05T08:14:24.753Z","caller":"ipamd/ipamd.go:798","msg":"Reconciling ENI/IP pool info because time since last 1m2.517279692s > 1m0s"}
{"level":"debug","ts":"2026-10-05T08:14:24.754Z","caller":"ipamd/ipamd.go:1621","msg":"Total number of interfaces found: 2 "}
{"level":"debug","ts":"2026-10-05T08:14:24.754Z","caller":"awsutils/awsutils.go:787","msg":"Found ENI MAC address: 0a:ff:d7:e5:f8:71"}
{"level":"debug","ts":"2026-10-05T08:14:24.757Z","caller":"awsutils/awsutils.go:787","msg":"Found ENI: eni-EXAMPLE14, MAC 0a:ff:d7:e5:f8:71, device 1"}
{"level":"debug","ts":"2026-10-05T08:14:24.759Z","caller":"awsutils/awsutils.go:787","msg":"Found IPv4 addresses associated with interface. This is not efa-only interface"}
{"level":"debug","ts":"2026-10-05T08:14:24.763Z","caller":"awsutils/awsutils.go:787","msg":"Found ENI MAC address: 0a:ff:e1:1c:71:73"}
{"level":"debug","ts":"2026-10-05T08:14:24.765Z","caller":"awsutils/awsutils.go:787","msg":"Found ENI: eni-EXAMPLE13, MAC 0a:ff:e1:1c:71:73, device 0"}
{"level":"debug","ts":"2026-10-05T08:14:24.767Z","caller":"awsutils/awsutils.go:787","msg":"Found IPv4 addresses associated with interface. This is not efa-only interface"}
{"level":"debug","ts":"2026-10-05T08:14:24.771Z","caller":"ipamd/ipamd.go:798","msg":"Reconcile existing ENI eni-EXAMPLE14 IP pool"}
{"level":"info","ts":"2026-10-05T08:14:24.771Z","caller":"ipamd/ipamd.go:1766","msg":"Reconcile and skip primary IP 10.20.0.55 on ENI eni-EXAMPLE14"}
{"level":"info","ts":"2026-10-05T08:14:24.771Z","caller":"ipamd/ipamd.go:1766","msg":"Trying to add 10.20.0.41"}
{"level":"info","ts":"2026-10-05T08:14:24.771Z","caller":"ipamd/ipamd.go:1890","msg":"Adding 10.20.0.41/32 to DS for eni-EXAMPLE14"}
{"level":"info","ts":"2026-10-05T08:14:24.771Z","caller":"ipamd/ipamd.go:1890","msg":"IP already in DS"}
{"level":"debug","ts":"2026-10-05T08:14:24.771Z","caller":"ipamd/ipamd.go:798","msg":"Reconcile existing ENI eni-EXAMPLE14 IP prefixes"}
{"level":"debug","ts":"2026-10-05T08:14:24.771Z","caller":"ipamd/ipamd.go:1693","msg":"Found prefix pool count 0 for eni eni-EXAMPLE14\n"}
{"level":"debug","ts":"2026-10-05T08:14:24.771Z","caller":"ipamd/ipamd.go:798","msg":"Reconcile existing ENI eni-EXAMPLE13 IP pool"}
{"level":"info","ts":"2026-10-05T08:14:24.771Z","caller":"ipamd/ipamd.go:1766","msg":"Reconcile and skip primary IP 10.20.0.52 on ENI eni-EXAMPLE13"}
{"level":"info","ts":"2026-10-05T08:14:24.771Z","caller":"ipamd/ipamd.go:1766","msg":"Trying to add 10.20.0.36"}
{"level":"info","ts":"2026-10-05T08:14:24.771Z","caller":"ipamd/ipamd.go:1890","msg":"Adding 10.20.0.36/32 to DS for eni-EXAMPLE13"}
{"level":"info","ts":"2026-10-05T08:14:24.771Z","caller":"ipamd/ipamd.go:1890","msg":"IP already in DS"}
{"level":"info","ts":"2026-10-05T08:14:24.771Z","caller":"ipamd/ipamd.go:1766","msg":"Trying to add 10.20.0.37"}
{"level":"info","ts":"2026-10-05T08:14:24.771Z","caller":"ipamd/ipamd.go:1890","msg":"Adding 10.20.0.37/32 to DS for eni-EXAMPLE13"}
{"level":"info","ts":"2026-10-05T08:14:24.771Z","caller":"ipamd/ipamd.go:1890","msg":"IP already in DS"}
{"level":"info","ts":"2026-10-05T08:14:24.771Z","caller":"ipamd/ipamd.go:1766","msg":"Trying to add 10.20.0.54"}
{"level":"info","ts":"2026-10-05T08:14:24.771Z","caller":"ipamd/ipamd.go:1890","msg":"Adding 10.20.0.54/32 to DS for eni-EXAMPLE13"}
{"level":"info","ts":"2026-10-05T08:14:24.771Z","caller":"ipamd/ipamd.go:1890","msg":"IP already in DS"}
{"level":"info","ts":"2026-10-05T08:14:24.771Z","caller":"ipamd/ipamd.go:1766","msg":"Trying to add 10.20.0.49"}
{"level":"info","ts":"2026-10-05T08:14:24.771Z","caller":"ipamd/ipamd.go:1890","msg":"Adding 10.20.0.49/32 to DS for eni-EXAMPLE13"}
{"level":"info","ts":"2026-10-05T08:14:24.771Z","caller":"ipamd/ipamd.go:1890","msg":"IP already in DS"}
{"level":"info","ts":"2026-10-05T08:14:24.771Z","caller":"ipamd/ipamd.go:1766","msg":"Trying to add 10.20.0.50"}
{"level":"info","ts":"2026-10-05T08:14:24.771Z","caller":"ipamd/ipamd.go:1890","msg":"Adding 10.20.0.50/32 to DS for eni-EXAMPLE13"}
{"level":"info","ts":"2026-10-05T08:14:24.771Z","caller":"ipamd/ipamd.go:1890","msg":"IP already in DS"}
{"level":"debug","ts":"2026-10-05T08:14:24.771Z","caller":"ipamd/ipamd.go:798","msg":"Reconcile existing ENI eni-EXAMPLE13 IP prefixes"}
{"level":"debug","ts":"2026-10-05T08:14:24.771Z","caller":"ipamd/ipamd.go:1693","msg":"Found prefix pool count 0 for eni eni-EXAMPLE13\n"}
{"level":"debug","ts":"2026-10-05T08:14:24.771Z","caller":"ipamd/ipamd.go:798","msg":"Successfully Reconciled ENI/IP pool"}
{"level":"debug","ts":"2026-10-05T08:14:24.771Z","caller":"ipamd/ipamd.go:1738","msg":"IP pool stats for network card 0: Total IPs/Prefixes = 6/0, AssignedIPs/CooldownIPs: 4/0, c.maxIPsPerENI = 5"}
{"level":"debug","ts":"2026-10-05T08:14:24.771Z","caller":"ipamd/ipamd.go:798","msg":"Primary IP for ENI eni-EXAMPLE13 is 10.20.0.52"}
{"level":"debug","ts":"2026-10-05T08:14:24.771Z","caller":"ipamd/ipamd.go:798","msg":"Primary IP for ENI eni-EXAMPLE14 is 10.20.0.55"}
{"level":"info","ts":"2026-10-05T08:14:25.197Z","caller":"rpc/rpc_grpc.pb.go:117","msg":"Received AddNetwork for NS /var/run/netns/cni-4d8e16ed-c13b-9c0b-a095-f43eea7fbad0, Sandbox 60f217673832f989668587373bcf931b18bb8ecbdf948a1b4ccae3bfbd68271f, ifname eth0"}
{"level":"debug","ts":"2026-10-05T08:14:25.197Z","caller":"rpc/rpc_grpc.pb.go:117","msg":"AddNetworkRequest: K8S_POD_NAME:\"pause-68d5b89fc-rnw6j\"  K8S_POD_NAMESPACE:\"default\"  K8S_POD_INFRA_CONTAINER_ID:\"60f217673832f989668587373bcf931b18bb8ecbdf948a1b4ccae3bfbd68271f\"  ContainerID:\"60f217673832f989668587373bcf931b18bb8ecbdf948a1b4ccae3bfbd68271f\"  IfName:\"eth0\"  NetworkName:\"aws-cni\"  Netns:\"/var/run/netns/cni-4d8e16ed-c13b-9c0b-a095-f43eea7fbad0\""}
{"level":"info","ts":"2026-10-05T08:14:25.197Z","caller":"rpc/rpc_grpc.pb.go:117","msg":"Required MultiNIC access false, interfaces required 1"}
{"level":"debug","ts":"2026-10-05T08:14:25.197Z","caller":"datastore/data_store.go:713","msg":"AssignPodIPv4Address: IP address pool stats: total 6, assigned 4"}
{"level":"debug","ts":"2026-10-05T08:14:25.197Z","caller":"datastore/data_store.go:806","msg":"Get free IP from prefix failed no free IP available in the prefix - 10.20.0.37/32"}
{"level":"debug","ts":"2026-10-05T08:14:25.197Z","caller":"datastore/data_store.go:713","msg":"Unable to get IP address from CIDR: no free IP available in the prefix - 10.20.0.37/32"}
{"level":"debug","ts":"2026-10-05T08:14:25.197Z","caller":"datastore/data_store.go:806","msg":"Get free IP from prefix failed no free IP available in the prefix - 10.20.0.54/32"}
{"level":"debug","ts":"2026-10-05T08:14:25.197Z","caller":"datastore/data_store.go:713","msg":"Unable to get IP address from CIDR: no free IP available in the prefix - 10.20.0.54/32"}
{"level":"debug","ts":"2026-10-05T08:14:25.197Z","caller":"datastore/data_store.go:1469","msg":"Found a free IP not in DB - 10.20.0.49"}
{"level":"debug","ts":"2026-10-05T08:14:25.197Z","caller":"datastore/data_store.go:806","msg":"Returning Free IP 10.20.0.49"}
{"level":"debug","ts":"2026-10-05T08:14:25.197Z","caller":"datastore/data_store.go:713","msg":"New IP from CIDR pool- 10.20.0.49"}
{"level":"debug","ts":"2026-10-05T08:14:25.197Z","caller":"datastore/data_store.go:713","msg":"Allocating new IP 10.20.0.49 from CIDR 10.20.0.49/32 for pod"}
{"level":"info","ts":"2026-10-05T08:14:25.197Z","caller":"datastore/data_store.go:838","msg":"assignPodIPAddressUnsafe: Assign IP 10.20.0.49 to sandbox aws-cni/60f217673832f989668587373bcf931b18bb8ecbdf948a1b4ccae3bfbd68271f/eth0 with metadata {K8SPodNamespace:default K8SPodName:pause-68d5b89fc-rnw6j InterfacesCount:1}"}
{"level":"info","ts":"2026-10-05T08:14:25.198Z","caller":"rpc/rpc_grpc.pb.go:117","msg":"Assigned IP from network card: 0 -> IPv4: 10.20.0.49, IPv6: , device number: 0, "}
{"level":"info","ts":"2026-10-05T08:14:25.198Z","caller":"rpc/rpc_grpc.pb.go:117","msg":"Address assigned from datastores:  1"}
{"level":"debug","ts":"2026-10-05T08:14:25.199Z","caller":"rpc/rpc_grpc.pb.go:117","msg":"VPC CIDR 10.20.0.0/24"}
{"level":"info","ts":"2026-10-05T08:14:25.200Z","caller":"rpc/rpc_grpc.pb.go:117","msg":"Send AddNetworkReply: Success: true IPAddr: [IPv4Addr:\"10.20.0.49\"  RouteTableId:254], resp: Success:true  IPAllocationMetadata:{IPv4Addr:\"10.20.0.49\"  RouteTableId:254}  VPCv4CIDRs:\"10.20.0.0/24\"  NetworkPolicyMode:\"standard\", err: <nil>"}
{"level":"debug","ts":"2026-10-05T08:14:27.272Z","caller":"ipamd/ipamd.go:795","msg":"IP stats for Network Card 0 - total IPs: 6, assigned IPs: 5, cooldown IPs: 0"}
{"level":"debug","ts":"2026-10-05T08:14:27.272Z","caller":"ipamd/ipamd.go:813","msg":"Starting to increase pool size for network card 0"}
{"level":"debug","ts":"2026-10-05T08:14:27.272Z","caller":"ipamd/ipamd.go:966","msg":"Node found \"ip-10-20-0-52.ec2.internal\" - no of taints - 0"}
{"level":"debug","ts":"2026-10-05T08:14:27.272Z","caller":"ipamd/ipamd.go:1135","msg":"Found ENI eni-EXAMPLE14 that has less than the maximum number of IP/Prefixes addresses allocated: cur=1, max=5"}
{"level":"info","ts":"2026-10-05T08:14:27.272Z","caller":"ipamd/ipamd.go:1141","msg":"Trying to allocate 1 IP addresses on ENI eni-EXAMPLE14"}
{"level":"debug","ts":"2026-10-05T08:14:27.272Z","caller":"ipamd/ipamd.go:1141","msg":"PD enabled - false"}
{"level":"info","ts":"2026-10-05T08:14:27.792Z","caller":"ipamd/ipamd.go:1141","msg":"Allocated 1 private IP addresses"}
{"level":"debug","ts":"2026-10-05T08:14:27.792Z","caller":"ipamd/ipamd.go:1156","msg":"containsPrivateIPAddressLimitExceededError encountered <nil>"}
{"level":"info","ts":"2026-10-05T08:14:27.792Z","caller":"ipamd/ipamd.go:1387","msg":"Adding 10.20.0.61/32 to DS for eni-EXAMPLE14"}
{"level":"info","ts":"2026-10-05T08:14:27.792Z","caller":"ipamd/ipamd.go:1387","msg":"Added ENI(eni-EXAMPLE14)'s IP/Prefix 10.20.0.61/32 to datastore"}
{"level":"debug","ts":"2026-10-05T08:14:27.792Z","caller":"ipamd/ipamd.go:1394","msg":"IP pool stats for network card 0: Total IPs/Prefixes = 7/0, AssignedIPs/CooldownIPs: 5/0, c.maxIPsPerENI = 5"}
{"level":"debug","ts":"2026-10-05T08:14:27.792Z","caller":"ipamd/ipamd.go:1053","msg":"IP pool stats for network card 0: Total IPs/Prefixes = 7/0, AssignedIPs/CooldownIPs: 5/0, c.maxIPsPerENI = 5"}
{"level":"debug","ts":"2026-10-05T08:14:27.792Z","caller":"ipamd/ipamd.go:861","msg":"Node found \"ip-10-20-0-52.ec2.internal\" - no of taints - 0"}
{"level":"debug","ts":"2026-10-05T08:14:27.792Z","caller":"datastore/data_store.go:1148","msg":"ENI eni-EXAMPLE14 cannot be deleted because it is required for WARM_IP_TARGET: 2"}
{"level":"debug","ts":"2026-10-05T08:14:27.792Z","caller":"datastore/data_store.go:1148","msg":"ENI eni-EXAMPLE13 cannot be deleted because it is primary"}
{"level":"debug","ts":"2026-10-05T08:14:32.793Z","caller":"ipamd/ipamd.go:795","msg":"IP stats for Network Card 0 - total IPs: 7, assigned IPs: 5, cooldown IPs: 0"}
{"level":"debug","ts":"2026-10-05T08:14:32.793Z","caller":"ipamd/ipamd.go:861","msg":"Node found \"ip-10-20-0-52.ec2.internal\" - no of taints - 0"}
{"level":"debug","ts":"2026-10-05T08:14:32.793Z","caller":"datastore/data_store.go:1148","msg":"ENI eni-EXAMPLE13 cannot be deleted because it is primary"}
{"level":"debug","ts":"2026-10-05T08:14:32.793Z","caller":"datastore/data_store.go:1148","msg":"ENI eni-EXAMPLE14 cannot be deleted because it is required for WARM_IP_TARGET: 2"}
{"level":"debug","ts":"2026-10-05T08:14:37.794Z","caller":"ipamd/ipamd.go:795","msg":"IP stats for Network Card 0 - total IPs: 7, assigned IPs: 5, cooldown IPs: 0"}
{"level":"debug","ts":"2026-10-05T08:14:37.794Z","caller":"ipamd/ipamd.go:861","msg":"Node found \"ip-10-20-0-52.ec2.internal\" - no of taints - 0"}
{"level":"debug","ts":"2026-10-05T08:14:37.794Z","caller":"datastore/data_store.go:1148","msg":"ENI eni-EXAMPLE13 cannot be deleted because it is primary"}
{"level":"debug","ts":"2026-10-05T08:14:37.794Z","caller":"datastore/data_store.go:1148","msg":"ENI eni-EXAMPLE14 cannot be deleted because it is required for WARM_IP_TARGET: 2"}
{"level":"debug","ts":"2026-10-05T08:14:42.795Z","caller":"ipamd/ipamd.go:795","msg":"IP stats for Network Card 0 - total IPs: 7, assigned IPs: 5, cooldown IPs: 0"}
{"level":"debug","ts":"2026-10-05T08:14:42.795Z","caller":"ipamd/ipamd.go:861","msg":"Node found \"ip-10-20-0-52.ec2.internal\" - no of taints - 0"}
{"level":"debug","ts":"2026-10-05T08:14:42.795Z","caller":"datastore/data_store.go:1148","msg":"ENI eni-EXAMPLE13 cannot be deleted because it is primary"}
{"level":"debug","ts":"2026-10-05T08:14:42.795Z","caller":"datastore/data_store.go:1148","msg":"ENI eni-EXAMPLE14 cannot be deleted because it is required for WARM_IP_TARGET: 2"}
{"level":"debug","ts":"2026-10-05T08:14:47.797Z","caller":"ipamd/ipamd.go:795","msg":"IP stats for Network Card 0 - total IPs: 7, assigned IPs: 5, cooldown IPs: 0"}
{"level":"debug","ts":"2026-10-05T08:14:47.797Z","caller":"ipamd/ipamd.go:861","msg":"Node found \"ip-10-20-0-52.ec2.internal\" - no of taints - 0"}
{"level":"debug","ts":"2026-10-05T08:14:47.797Z","caller":"datastore/data_store.go:1148","msg":"ENI eni-EXAMPLE13 cannot be deleted because it is primary"}
{"level":"debug","ts":"2026-10-05T08:14:47.797Z","caller":"datastore/data_store.go:1148","msg":"ENI eni-EXAMPLE14 cannot be deleted because it is required for WARM_IP_TARGET: 2"}
{"level":"debug","ts":"2026-10-05T08:14:52.799Z","caller":"ipamd/ipamd.go:795","msg":"IP stats for Network Card 0 - total IPs: 7, assigned IPs: 5, cooldown IPs: 0"}
{"level":"debug","ts":"2026-10-05T08:14:52.799Z","caller":"ipamd/ipamd.go:861","msg":"Node found \"ip-10-20-0-52.ec2.internal\" - no of taints - 0"}
{"level":"debug","ts":"2026-10-05T08:14:52.799Z","caller":"datastore/data_store.go:1148","msg":"ENI eni-EXAMPLE13 cannot be deleted because it is primary"}
{"level":"debug","ts":"2026-10-05T08:14:52.799Z","caller":"datastore/data_store.go:1148","msg":"ENI eni-EXAMPLE14 cannot be deleted because it is required for WARM_IP_TARGET: 2"}
{"level":"debug","ts":"2026-10-05T08:14:57.801Z","caller":"ipamd/ipamd.go:795","msg":"IP stats for Network Card 0 - total IPs: 7, assigned IPs: 5, cooldown IPs: 0"}
{"level":"debug","ts":"2026-10-05T08:14:57.801Z","caller":"ipamd/ipamd.go:861","msg":"Node found \"ip-10-20-0-52.ec2.internal\" - no of taints - 0"}
{"level":"debug","ts":"2026-10-05T08:14:57.801Z","caller":"datastore/data_store.go:1148","msg":"ENI eni-EXAMPLE13 cannot be deleted because it is primary"}
{"level":"debug","ts":"2026-10-05T08:14:57.801Z","caller":"datastore/data_store.go:1148","msg":"ENI eni-EXAMPLE14 cannot be deleted because it is required for WARM_IP_TARGET: 2"}
{"level":"debug","ts":"2026-10-05T08:15:02.803Z","caller":"ipamd/ipamd.go:795","msg":"IP stats for Network Card 0 - total IPs: 7, assigned IPs: 5, cooldown IPs: 0"}
{"level":"debug","ts":"2026-10-05T08:15:02.803Z","caller":"ipamd/ipamd.go:861","msg":"Node found \"ip-10-20-0-52.ec2.internal\" - no of taints - 0"}
{"level":"debug","ts":"2026-10-05T08:15:02.803Z","caller":"datastore/data_store.go:1148","msg":"ENI eni-EXAMPLE13 cannot be deleted because it is primary"}
{"level":"debug","ts":"2026-10-05T08:15:02.803Z","caller":"datastore/data_store.go:1148","msg":"ENI eni-EXAMPLE14 cannot be deleted because it is required for WARM_IP_TARGET: 2"}
{"level":"debug","ts":"2026-10-05T08:15:07.804Z","caller":"ipamd/ipamd.go:795","msg":"IP stats for Network Card 0 - total IPs: 7, assigned IPs: 5, cooldown IPs: 0"}
{"level":"debug","ts":"2026-10-05T08:15:07.805Z","caller":"ipamd/ipamd.go:861","msg":"Node found \"ip-10-20-0-52.ec2.internal\" - no of taints - 0"}
{"level":"debug","ts":"2026-10-05T08:15:07.805Z","caller":"datastore/data_store.go:1148","msg":"ENI eni-EXAMPLE13 cannot be deleted because it is primary"}
{"level":"debug","ts":"2026-10-05T08:15:07.805Z","caller":"datastore/data_store.go:1148","msg":"ENI eni-EXAMPLE14 cannot be deleted because it is required for WARM_IP_TARGET: 2"}
{"level":"debug","ts":"2026-10-05T08:15:12.807Z","caller":"ipamd/ipamd.go:795","msg":"IP stats for Network Card 0 - total IPs: 7, assigned IPs: 5, cooldown IPs: 0"}
{"level":"debug","ts":"2026-10-05T08:15:12.807Z","caller":"ipamd/ipamd.go:861","msg":"Node found \"ip-10-20-0-52.ec2.internal\" - no of taints - 0"}
{"level":"debug","ts":"2026-10-05T08:15:12.807Z","caller":"datastore/data_store.go:1148","msg":"ENI eni-EXAMPLE13 cannot be deleted because it is primary"}
{"level":"debug","ts":"2026-10-05T08:15:12.807Z","caller":"datastore/data_store.go:1148","msg":"ENI eni-EXAMPLE14 cannot be deleted because it is required for WARM_IP_TARGET: 2"}
{"level":"debug","ts":"2026-10-05T08:15:17.808Z","caller":"ipamd/ipamd.go:795","msg":"IP stats for Network Card 0 - total IPs: 7, assigned IPs: 5, cooldown IPs: 0"}
{"level":"debug","ts":"2026-10-05T08:15:17.808Z","caller":"ipamd/ipamd.go:861","msg":"Node found \"ip-10-20-0-52.ec2.internal\" - no of taints - 0"}
{"level":"debug","ts":"2026-10-05T08:15:17.808Z","caller":"datastore/data_store.go:1148","msg":"ENI eni-EXAMPLE13 cannot be deleted because it is primary"}
{"level":"debug","ts":"2026-10-05T08:15:17.808Z","caller":"datastore/data_store.go:1148","msg":"ENI eni-EXAMPLE14 cannot be deleted because it is required for WARM_IP_TARGET: 2"}
{"level":"debug","ts":"2026-10-05T08:15:22.810Z","caller":"ipamd/ipamd.go:795","msg":"IP stats for Network Card 0 - total IPs: 7, assigned IPs: 5, cooldown IPs: 0"}
{"level":"debug","ts":"2026-10-05T08:15:22.810Z","caller":"ipamd/ipamd.go:861","msg":"Node found \"ip-10-20-0-52.ec2.internal\" - no of taints - 0"}
{"level":"debug","ts":"2026-10-05T08:15:22.810Z","caller":"datastore/data_store.go:1148","msg":"ENI eni-EXAMPLE14 cannot be deleted because it is required for WARM_IP_TARGET: 2"}
{"level":"debug","ts":"2026-10-05T08:15:22.810Z","caller":"datastore/data_store.go:1148","msg":"ENI eni-EXAMPLE13 cannot be deleted because it is primary"}
{"level":"debug","ts":"2026-10-05T08:15:27.812Z","caller":"ipamd/ipamd.go:795","msg":"IP stats for Network Card 0 - total IPs: 7, assigned IPs: 5, cooldown IPs: 0"}
{"level":"debug","ts":"2026-10-05T08:15:27.812Z","caller":"ipamd/ipamd.go:861","msg":"Node found \"ip-10-20-0-52.ec2.internal\" - no of taints - 0"}
{"level":"debug","ts":"2026-10-05T08:15:27.812Z","caller":"datastore/data_store.go:1148","msg":"ENI eni-EXAMPLE13 cannot be deleted because it is primary"}
{"level":"debug","ts":"2026-10-05T08:15:27.812Z","caller":"datastore/data_store.go:1148","msg":"ENI eni-EXAMPLE14 cannot be deleted because it is required for WARM_IP_TARGET: 2"}
{"level":"debug","ts":"2026-10-05T08:15:30.313Z","caller":"ipamd/ipamd.go:798","msg":"Reconciling ENI/IP pool info because time since last 1m2.520454102s > 1m0s"}
{"level":"debug","ts":"2026-10-05T08:15:30.315Z","caller":"ipamd/ipamd.go:1621","msg":"Total number of interfaces found: 2 "}
{"level":"debug","ts":"2026-10-05T08:15:30.315Z","caller":"awsutils/awsutils.go:787","msg":"Found ENI MAC address: 0a:ff:d7:e5:f8:71"}
{"level":"debug","ts":"2026-10-05T08:15:30.322Z","caller":"awsutils/awsutils.go:787","msg":"Found ENI: eni-EXAMPLE14, MAC 0a:ff:d7:e5:f8:71, device 1"}
{"level":"debug","ts":"2026-10-05T08:15:30.325Z","caller":"awsutils/awsutils.go:787","msg":"Found IPv4 addresses associated with interface. This is not efa-only interface"}
{"level":"debug","ts":"2026-10-05T08:15:30.334Z","caller":"awsutils/awsutils.go:787","msg":"Found ENI MAC address: 0a:ff:e1:1c:71:73"}
{"level":"debug","ts":"2026-10-05T08:15:30.340Z","caller":"awsutils/awsutils.go:787","msg":"Found ENI: eni-EXAMPLE13, MAC 0a:ff:e1:1c:71:73, device 0"}
{"level":"debug","ts":"2026-10-05T08:15:30.345Z","caller":"awsutils/awsutils.go:787","msg":"Found IPv4 addresses associated with interface. This is not efa-only interface"}
{"level":"debug","ts":"2026-10-05T08:15:30.353Z","caller":"ipamd/ipamd.go:798","msg":"Reconcile existing ENI eni-EXAMPLE14 IP pool"}
{"level":"info","ts":"2026-10-05T08:15:30.353Z","caller":"ipamd/ipamd.go:1766","msg":"Reconcile and skip primary IP 10.20.0.55 on ENI eni-EXAMPLE14"}
{"level":"info","ts":"2026-10-05T08:15:30.353Z","caller":"ipamd/ipamd.go:1766","msg":"Trying to add 10.20.0.41"}
{"level":"info","ts":"2026-10-05T08:15:30.353Z","caller":"ipamd/ipamd.go:1890","msg":"Adding 10.20.0.41/32 to DS for eni-EXAMPLE14"}
{"level":"info","ts":"2026-10-05T08:15:30.353Z","caller":"ipamd/ipamd.go:1890","msg":"IP already in DS"}
{"level":"info","ts":"2026-10-05T08:15:30.353Z","caller":"ipamd/ipamd.go:1766","msg":"Trying to add 10.20.0.61"}
{"level":"info","ts":"2026-10-05T08:15:30.353Z","caller":"ipamd/ipamd.go:1890","msg":"Adding 10.20.0.61/32 to DS for eni-EXAMPLE14"}
{"level":"info","ts":"2026-10-05T08:15:30.353Z","caller":"ipamd/ipamd.go:1890","msg":"IP already in DS"}
{"level":"debug","ts":"2026-10-05T08:15:30.353Z","caller":"ipamd/ipamd.go:798","msg":"Reconcile existing ENI eni-EXAMPLE14 IP prefixes"}
{"level":"debug","ts":"2026-10-05T08:15:30.353Z","caller":"ipamd/ipamd.go:1693","msg":"Found prefix pool count 0 for eni eni-EXAMPLE14\n"}
{"level":"debug","ts":"2026-10-05T08:15:30.353Z","caller":"ipamd/ipamd.go:798","msg":"Reconcile existing ENI eni-EXAMPLE13 IP pool"}
{"level":"info","ts":"2026-10-05T08:15:30.353Z","caller":"ipamd/ipamd.go:1766","msg":"Reconcile and skip primary IP 10.20.0.52 on ENI eni-EXAMPLE13"}
{"level":"info","ts":"2026-10-05T08:15:30.353Z","caller":"ipamd/ipamd.go:1766","msg":"Trying to add 10.20.0.36"}
{"level":"info","ts":"2026-10-05T08:15:30.353Z","caller":"ipamd/ipamd.go:1890","msg":"Adding 10.20.0.36/32 to DS for eni-EXAMPLE13"}
{"level":"info","ts":"2026-10-05T08:15:30.353Z","caller":"ipamd/ipamd.go:1890","msg":"IP already in DS"}
{"level":"info","ts":"2026-10-05T08:15:30.353Z","caller":"ipamd/ipamd.go:1766","msg":"Trying to add 10.20.0.37"}
{"level":"info","ts":"2026-10-05T08:15:30.353Z","caller":"ipamd/ipamd.go:1890","msg":"Adding 10.20.0.37/32 to DS for eni-EXAMPLE13"}
{"level":"info","ts":"2026-10-05T08:15:30.353Z","caller":"ipamd/ipamd.go:1890","msg":"IP already in DS"}
{"level":"info","ts":"2026-10-05T08:15:30.353Z","caller":"ipamd/ipamd.go:1766","msg":"Trying to add 10.20.0.54"}
{"level":"info","ts":"2026-10-05T08:15:30.353Z","caller":"ipamd/ipamd.go:1890","msg":"Adding 10.20.0.54/32 to DS for eni-EXAMPLE13"}
{"level":"info","ts":"2026-10-05T08:15:30.353Z","caller":"ipamd/ipamd.go:1890","msg":"IP already in DS"}
{"level":"info","ts":"2026-10-05T08:15:30.353Z","caller":"ipamd/ipamd.go:1766","msg":"Trying to add 10.20.0.49"}
{"level":"info","ts":"2026-10-05T08:15:30.353Z","caller":"ipamd/ipamd.go:1890","msg":"Adding 10.20.0.49/32 to DS for eni-EXAMPLE13"}
{"level":"info","ts":"2026-10-05T08:15:30.353Z","caller":"ipamd/ipamd.go:1890","msg":"IP already in DS"}
{"level":"info","ts":"2026-10-05T08:15:30.353Z","caller":"ipamd/ipamd.go:1766","msg":"Trying to add 10.20.0.50"}
{"level":"info","ts":"2026-10-05T08:15:30.353Z","caller":"ipamd/ipamd.go:1890","msg":"Adding 10.20.0.50/32 to DS for eni-EXAMPLE13"}
{"level":"info","ts":"2026-10-05T08:15:30.353Z","caller":"ipamd/ipamd.go:1890","msg":"IP already in DS"}
{"level":"debug","ts":"2026-10-05T08:15:30.353Z","caller":"ipamd/ipamd.go:798","msg":"Reconcile existing ENI eni-EXAMPLE13 IP prefixes"}
{"level":"debug","ts":"2026-10-05T08:15:30.353Z","caller":"ipamd/ipamd.go:1693","msg":"Found prefix pool count 0 for eni eni-EXAMPLE13\n"}
{"level":"debug","ts":"2026-10-05T08:15:30.353Z","caller":"ipamd/ipamd.go:798","msg":"Successfully Reconciled ENI/IP pool"}
{"level":"debug","ts":"2026-10-05T08:15:30.353Z","caller":"ipamd/ipamd.go:1738","msg":"IP pool stats for network card 0: Total IPs/Prefixes = 7/0, AssignedIPs/CooldownIPs: 5/0, c.maxIPsPerENI = 5"}
{"level":"debug","ts":"2026-10-05T08:15:30.353Z","caller":"ipamd/ipamd.go:798","msg":"Primary IP for ENI eni-EXAMPLE13 is 10.20.0.52"}
{"level":"debug","ts":"2026-10-05T08:15:30.353Z","caller":"ipamd/ipamd.go:798","msg":"Primary IP for ENI eni-EXAMPLE14 is 10.20.0.55"}
{"level":"info","ts":"2026-10-05T08:15:31.582Z","caller":"rpc/rpc_grpc.pb.go:117","msg":"Received AddNetwork for NS /var/run/netns/cni-905e4865-2e25-d202-6894-c70a44de52c9, Sandbox 25bad16a405cae08546091ddd8eff745ac8d4773f9bbc325318ae18fccf66b27, ifname eth0"}
{"level":"debug","ts":"2026-10-05T08:15:31.582Z","caller":"rpc/rpc_grpc.pb.go:117","msg":"AddNetworkRequest: K8S_POD_NAME:\"pause-68d5b89fc-7c974\"  K8S_POD_NAMESPACE:\"default\"  K8S_POD_INFRA_CONTAINER_ID:\"25bad16a405cae08546091ddd8eff745ac8d4773f9bbc325318ae18fccf66b27\"  ContainerID:\"25bad16a405cae08546091ddd8eff745ac8d4773f9bbc325318ae18fccf66b27\"  IfName:\"eth0\"  NetworkName:\"aws-cni\"  Netns:\"/var/run/netns/cni-905e4865-2e25-d202-6894-c70a44de52c9\""}
{"level":"info","ts":"2026-10-05T08:15:31.582Z","caller":"rpc/rpc_grpc.pb.go:117","msg":"Required MultiNIC access false, interfaces required 1"}
{"level":"debug","ts":"2026-10-05T08:15:31.582Z","caller":"datastore/data_store.go:713","msg":"AssignPodIPv4Address: IP address pool stats: total 7, assigned 5"}
{"level":"debug","ts":"2026-10-05T08:15:31.582Z","caller":"datastore/data_store.go:806","msg":"Get free IP from prefix failed no free IP available in the prefix - 10.20.0.36/32"}
{"level":"debug","ts":"2026-10-05T08:15:31.582Z","caller":"datastore/data_store.go:713","msg":"Unable to get IP address from CIDR: no free IP available in the prefix - 10.20.0.36/32"}
{"level":"debug","ts":"2026-10-05T08:15:31.582Z","caller":"datastore/data_store.go:806","msg":"Get free IP from prefix failed no free IP available in the prefix - 10.20.0.37/32"}
{"level":"debug","ts":"2026-10-05T08:15:31.582Z","caller":"datastore/data_store.go:713","msg":"Unable to get IP address from CIDR: no free IP available in the prefix - 10.20.0.37/32"}
{"level":"debug","ts":"2026-10-05T08:15:31.582Z","caller":"datastore/data_store.go:806","msg":"Get free IP from prefix failed no free IP available in the prefix - 10.20.0.54/32"}
{"level":"debug","ts":"2026-10-05T08:15:31.582Z","caller":"datastore/data_store.go:713","msg":"Unable to get IP address from CIDR: no free IP available in the prefix - 10.20.0.54/32"}
{"level":"debug","ts":"2026-10-05T08:15:31.582Z","caller":"datastore/data_store.go:806","msg":"Get free IP from prefix failed no free IP available in the prefix - 10.20.0.49/32"}
{"level":"debug","ts":"2026-10-05T08:15:31.582Z","caller":"datastore/data_store.go:713","msg":"Unable to get IP address from CIDR: no free IP available in the prefix - 10.20.0.49/32"}
{"level":"debug","ts":"2026-10-05T08:15:31.583Z","caller":"datastore/data_store.go:806","msg":"Get free IP from prefix failed no free IP available in the prefix - 10.20.0.50/32"}
{"level":"debug","ts":"2026-10-05T08:15:31.583Z","caller":"datastore/data_store.go:713","msg":"Unable to get IP address from CIDR: no free IP available in the prefix - 10.20.0.50/32"}
{"level":"debug","ts":"2026-10-05T08:15:31.583Z","caller":"datastore/data_store.go:713","msg":"AssignPodIPv4Address: ENI eni-EXAMPLE13 does not have available addresses"}
{"level":"debug","ts":"2026-10-05T08:15:31.583Z","caller":"datastore/data_store.go:1469","msg":"Found a free IP not in DB - 10.20.0.41"}
{"level":"debug","ts":"2026-10-05T08:15:31.583Z","caller":"datastore/data_store.go:806","msg":"Returning Free IP 10.20.0.41"}
{"level":"debug","ts":"2026-10-05T08:15:31.583Z","caller":"datastore/data_store.go:713","msg":"New IP from CIDR pool- 10.20.0.41"}
{"level":"debug","ts":"2026-10-05T08:15:31.583Z","caller":"datastore/data_store.go:713","msg":"Allocating new IP 10.20.0.41 from CIDR 10.20.0.41/32 for pod"}
{"level":"info","ts":"2026-10-05T08:15:31.583Z","caller":"datastore/data_store.go:838","msg":"assignPodIPAddressUnsafe: Assign IP 10.20.0.41 to sandbox aws-cni/25bad16a405cae08546091ddd8eff745ac8d4773f9bbc325318ae18fccf66b27/eth0 with metadata {K8SPodNamespace:default K8SPodName:pause-68d5b89fc-7c974 InterfacesCount:1}"}
{"level":"info","ts":"2026-10-05T08:15:31.583Z","caller":"rpc/rpc_grpc.pb.go:117","msg":"Assigned IP from network card: 0 -> IPv4: 10.20.0.41, IPv6: , device number: 1, "}
{"level":"info","ts":"2026-10-05T08:15:31.583Z","caller":"rpc/rpc_grpc.pb.go:117","msg":"Address assigned from datastores:  1"}
{"level":"debug","ts":"2026-10-05T08:15:31.584Z","caller":"rpc/rpc_grpc.pb.go:117","msg":"VPC CIDR 10.20.0.0/24"}
{"level":"info","ts":"2026-10-05T08:15:31.584Z","caller":"rpc/rpc_grpc.pb.go:117","msg":"Send AddNetworkReply: Success: true IPAddr: [IPv4Addr:\"10.20.0.41\"  DeviceNumber:1  RouteTableId:2], resp: Success:true  IPAllocationMetadata:{IPv4Addr:\"10.20.0.41\"  DeviceNumber:1  RouteTableId:2}  VPCv4CIDRs:\"10.20.0.0/24\"  NetworkPolicyMode:\"standard\", err: <nil>"}
{"level":"info","ts":"2026-10-05T08:15:31.655Z","caller":"rpc/rpc_grpc.pb.go:117","msg":"Received AddNetwork for NS /var/run/netns/cni-7d36d030-270a-ea04-9963-a6b802a5677c, Sandbox afe6fdad5eb925a4c057b6173f2a9448148a3a734f6fbb7606d75b1867cd8e09, ifname eth0"}
{"level":"debug","ts":"2026-10-05T08:15:31.655Z","caller":"rpc/rpc_grpc.pb.go:117","msg":"AddNetworkRequest: K8S_POD_NAME:\"pause-68d5b89fc-m6c4v\"  K8S_POD_NAMESPACE:\"default\"  K8S_POD_INFRA_CONTAINER_ID:\"afe6fdad5eb925a4c057b6173f2a9448148a3a734f6fbb7606d75b1867cd8e09\"  ContainerID:\"afe6fdad5eb925a4c057b6173f2a9448148a3a734f6fbb7606d75b1867cd8e09\"  IfName:\"eth0\"  NetworkName:\"aws-cni\"  Netns:\"/var/run/netns/cni-7d36d030-270a-ea04-9963-a6b802a5677c\""}
{"level":"info","ts":"2026-10-05T08:15:31.655Z","caller":"rpc/rpc_grpc.pb.go:117","msg":"Required MultiNIC access false, interfaces required 1"}
{"level":"debug","ts":"2026-10-05T08:15:31.655Z","caller":"datastore/data_store.go:713","msg":"AssignPodIPv4Address: IP address pool stats: total 7, assigned 6"}
{"level":"debug","ts":"2026-10-05T08:15:31.655Z","caller":"datastore/data_store.go:806","msg":"Get free IP from prefix failed no free IP available in the prefix - 10.20.0.37/32"}
{"level":"debug","ts":"2026-10-05T08:15:31.655Z","caller":"datastore/data_store.go:713","msg":"Unable to get IP address from CIDR: no free IP available in the prefix - 10.20.0.37/32"}
{"level":"debug","ts":"2026-10-05T08:15:31.655Z","caller":"datastore/data_store.go:806","msg":"Get free IP from prefix failed no free IP available in the prefix - 10.20.0.54/32"}
{"level":"debug","ts":"2026-10-05T08:15:31.655Z","caller":"datastore/data_store.go:713","msg":"Unable to get IP address from CIDR: no free IP available in the prefix - 10.20.0.54/32"}
{"level":"debug","ts":"2026-10-05T08:15:31.655Z","caller":"datastore/data_store.go:806","msg":"Get free IP from prefix failed no free IP available in the prefix - 10.20.0.49/32"}
{"level":"debug","ts":"2026-10-05T08:15:31.655Z","caller":"datastore/data_store.go:713","msg":"Unable to get IP address from CIDR: no free IP available in the prefix - 10.20.0.49/32"}
{"level":"debug","ts":"2026-10-05T08:15:31.655Z","caller":"datastore/data_store.go:806","msg":"Get free IP from prefix failed no free IP available in the prefix - 10.20.0.50/32"}
{"level":"debug","ts":"2026-10-05T08:15:31.655Z","caller":"datastore/data_store.go:713","msg":"Unable to get IP address from CIDR: no free IP available in the prefix - 10.20.0.50/32"}
{"level":"debug","ts":"2026-10-05T08:15:31.655Z","caller":"datastore/data_store.go:806","msg":"Get free IP from prefix failed no free IP available in the prefix - 10.20.0.36/32"}
{"level":"debug","ts":"2026-10-05T08:15:31.655Z","caller":"datastore/data_store.go:713","msg":"Unable to get IP address from CIDR: no free IP available in the prefix - 10.20.0.36/32"}
{"level":"debug","ts":"2026-10-05T08:15:31.655Z","caller":"datastore/data_store.go:713","msg":"AssignPodIPv4Address: ENI eni-EXAMPLE13 does not have available addresses"}
{"level":"debug","ts":"2026-10-05T08:15:31.655Z","caller":"datastore/data_store.go:806","msg":"Get free IP from prefix failed no free IP available in the prefix - 10.20.0.41/32"}
{"level":"debug","ts":"2026-10-05T08:15:31.655Z","caller":"datastore/data_store.go:713","msg":"Unable to get IP address from CIDR: no free IP available in the prefix - 10.20.0.41/32"}
{"level":"debug","ts":"2026-10-05T08:15:31.655Z","caller":"datastore/data_store.go:1469","msg":"Found a free IP not in DB - 10.20.0.61"}
{"level":"debug","ts":"2026-10-05T08:15:31.655Z","caller":"datastore/data_store.go:806","msg":"Returning Free IP 10.20.0.61"}
{"level":"debug","ts":"2026-10-05T08:15:31.655Z","caller":"datastore/data_store.go:713","msg":"New IP from CIDR pool- 10.20.0.61"}
{"level":"debug","ts":"2026-10-05T08:15:31.655Z","caller":"datastore/data_store.go:713","msg":"Allocating new IP 10.20.0.61 from CIDR 10.20.0.61/32 for pod"}
{"level":"info","ts":"2026-10-05T08:15:31.655Z","caller":"datastore/data_store.go:838","msg":"assignPodIPAddressUnsafe: Assign IP 10.20.0.61 to sandbox aws-cni/afe6fdad5eb925a4c057b6173f2a9448148a3a734f6fbb7606d75b1867cd8e09/eth0 with metadata {K8SPodNamespace:default K8SPodName:pause-68d5b89fc-m6c4v InterfacesCount:1}"}
{"level":"info","ts":"2026-10-05T08:15:31.655Z","caller":"rpc/rpc_grpc.pb.go:117","msg":"Assigned IP from network card: 0 -> IPv4: 10.20.0.61, IPv6: , device number: 1, "}
{"level":"info","ts":"2026-10-05T08:15:31.655Z","caller":"rpc/rpc_grpc.pb.go:117","msg":"Address assigned from datastores:  1"}
{"level":"debug","ts":"2026-10-05T08:15:31.656Z","caller":"rpc/rpc_grpc.pb.go:117","msg":"VPC CIDR 10.20.0.0/24"}
{"level":"info","ts":"2026-10-05T08:15:31.656Z","caller":"rpc/rpc_grpc.pb.go:117","msg":"Send AddNetworkReply: Success: true IPAddr: [IPv4Addr:\"10.20.0.61\"  DeviceNumber:1  RouteTableId:2], resp: Success:true  IPAllocationMetadata:{IPv4Addr:\"10.20.0.61\"  DeviceNumber:1  RouteTableId:2}  VPCv4CIDRs:\"10.20.0.0/24\"  NetworkPolicyMode:\"standard\", err: <nil>"}
{"level":"debug","ts":"2026-10-05T08:15:32.854Z","caller":"ipamd/ipamd.go:795","msg":"IP stats for Network Card 0 - total IPs: 7, assigned IPs: 7, cooldown IPs: 0"}
{"level":"debug","ts":"2026-10-05T08:15:32.854Z","caller":"ipamd/ipamd.go:813","msg":"Starting to increase pool size for network card 0"}
{"level":"debug","ts":"2026-10-05T08:15:32.854Z","caller":"ipamd/ipamd.go:966","msg":"Node found \"ip-10-20-0-52.ec2.internal\" - no of taints - 0"}
{"level":"debug","ts":"2026-10-05T08:15:32.854Z","caller":"ipamd/ipamd.go:1135","msg":"Found ENI eni-EXAMPLE14 that has less than the maximum number of IP/Prefixes addresses allocated: cur=2, max=5"}
{"level":"info","ts":"2026-10-05T08:15:32.854Z","caller":"ipamd/ipamd.go:1141","msg":"Trying to allocate 2 IP addresses on ENI eni-EXAMPLE14"}
{"level":"debug","ts":"2026-10-05T08:15:32.854Z","caller":"ipamd/ipamd.go:1141","msg":"PD enabled - false"}
{"level":"info","ts":"2026-10-05T08:15:33.470Z","caller":"ipamd/ipamd.go:1141","msg":"Allocated 2 private IP addresses"}
{"level":"debug","ts":"2026-10-05T08:15:33.470Z","caller":"ipamd/ipamd.go:1156","msg":"containsPrivateIPAddressLimitExceededError encountered <nil>"}
{"level":"info","ts":"2026-10-05T08:15:33.470Z","caller":"ipamd/ipamd.go:1387","msg":"Adding 10.20.0.60/32 to DS for eni-EXAMPLE14"}
{"level":"info","ts":"2026-10-05T08:15:33.470Z","caller":"ipamd/ipamd.go:1387","msg":"Added ENI(eni-EXAMPLE14)'s IP/Prefix 10.20.0.60/32 to datastore"}
{"level":"info","ts":"2026-10-05T08:15:33.470Z","caller":"ipamd/ipamd.go:1387","msg":"Adding 10.20.0.40/32 to DS for eni-EXAMPLE14"}
{"level":"info","ts":"2026-10-05T08:15:33.470Z","caller":"ipamd/ipamd.go:1387","msg":"Added ENI(eni-EXAMPLE14)'s IP/Prefix 10.20.0.40/32 to datastore"}
{"level":"debug","ts":"2026-10-05T08:15:33.470Z","caller":"ipamd/ipamd.go:1394","msg":"IP pool stats for network card 0: Total IPs/Prefixes = 9/0, AssignedIPs/CooldownIPs: 7/0, c.maxIPsPerENI = 5"}
{"level":"debug","ts":"2026-10-05T08:15:33.470Z","caller":"ipamd/ipamd.go:1053","msg":"IP pool stats for network card 0: Total IPs/Prefixes = 9/0, AssignedIPs/CooldownIPs: 7/0, c.maxIPsPerENI = 5"}
{"level":"debug","ts":"2026-10-05T08:15:33.470Z","caller":"ipamd/ipamd.go:861","msg":"Node found \"ip-10-20-0-52.ec2.internal\" - no of taints - 0"}
{"level":"debug","ts":"2026-10-05T08:15:33.470Z","caller":"datastore/data_store.go:1148","msg":"ENI eni-EXAMPLE13 cannot be deleted because it is primary"}
{"level":"debug","ts":"2026-10-05T08:15:33.470Z","caller":"datastore/data_store.go:1148","msg":"ENI eni-EXAMPLE14 cannot be deleted because it has pods assigned"}
{"level":"debug","ts":"2026-10-05T08:15:38.472Z","caller":"ipamd/ipamd.go:795","msg":"IP stats for Network Card 0 - total IPs: 9, assigned IPs: 7, cooldown IPs: 0"}
{"level":"debug","ts":"2026-10-05T08:15:38.472Z","caller":"ipamd/ipamd.go:861","msg":"Node found \"ip-10-20-0-52.ec2.internal\" - no of taints - 0"}
{"level":"debug","ts":"2026-10-05T08:15:38.472Z","caller":"datastore/data_store.go:1148","msg":"ENI eni-EXAMPLE14 cannot be deleted because it has pods assigned"}
{"level":"debug","ts":"2026-10-05T08:15:38.472Z","caller":"datastore/data_store.go:1148","msg":"ENI eni-EXAMPLE13 cannot be deleted because it is primary"}
{"level":"debug","ts":"2026-10-05T08:15:43.473Z","caller":"ipamd/ipamd.go:795","msg":"IP stats for Network Card 0 - total IPs: 9, assigned IPs: 7, cooldown IPs: 0"}
{"level":"debug","ts":"2026-10-05T08:15:43.473Z","caller":"ipamd/ipamd.go:861","msg":"Node found \"ip-10-20-0-52.ec2.internal\" - no of taints - 0"}
{"level":"debug","ts":"2026-10-05T08:15:43.473Z","caller":"datastore/data_store.go:1148","msg":"ENI eni-EXAMPLE14 cannot be deleted because it has pods assigned"}
{"level":"debug","ts":"2026-10-05T08:15:43.473Z","caller":"datastore/data_store.go:1148","msg":"ENI eni-EXAMPLE13 cannot be deleted because it is primary"}
{"level":"debug","ts":"2026-10-05T08:15:48.475Z","caller":"ipamd/ipamd.go:795","msg":"IP stats for Network Card 0 - total IPs: 9, assigned IPs: 7, cooldown IPs: 0"}
{"level":"debug","ts":"2026-10-05T08:15:48.475Z","caller":"ipamd/ipamd.go:861","msg":"Node found \"ip-10-20-0-52.ec2.internal\" - no of taints - 0"}
{"level":"debug","ts":"2026-10-05T08:15:48.475Z","caller":"datastore/data_store.go:1148","msg":"ENI eni-EXAMPLE13 cannot be deleted because it is primary"}
{"level":"debug","ts":"2026-10-05T08:15:48.475Z","caller":"datastore/data_store.go:1148","msg":"ENI eni-EXAMPLE14 cannot be deleted because it has pods assigned"}
{"level":"debug","ts":"2026-10-05T08:15:53.475Z","caller":"ipamd/ipamd.go:795","msg":"IP stats for Network Card 0 - total IPs: 9, assigned IPs: 7, cooldown IPs: 0"}
{"level":"debug","ts":"2026-10-05T08:15:53.476Z","caller":"ipamd/ipamd.go:861","msg":"Node found \"ip-10-20-0-52.ec2.internal\" - no of taints - 0"}
{"level":"debug","ts":"2026-10-05T08:15:53.476Z","caller":"datastore/data_store.go:1148","msg":"ENI eni-EXAMPLE14 cannot be deleted because it has pods assigned"}
{"level":"debug","ts":"2026-10-05T08:15:53.476Z","caller":"datastore/data_store.go:1148","msg":"ENI eni-EXAMPLE13 cannot be deleted because it is primary"}
{"level":"debug","ts":"2026-10-05T08:15:58.476Z","caller":"ipamd/ipamd.go:795","msg":"IP stats for Network Card 0 - total IPs: 9, assigned IPs: 7, cooldown IPs: 0"}
{"level":"debug","ts":"2026-10-05T08:15:58.476Z","caller":"ipamd/ipamd.go:861","msg":"Node found \"ip-10-20-0-52.ec2.internal\" - no of taints - 0"}
{"level":"debug","ts":"2026-10-05T08:15:58.476Z","caller":"datastore/data_store.go:1148","msg":"ENI eni-EXAMPLE13 cannot be deleted because it is primary"}
{"level":"debug","ts":"2026-10-05T08:15:58.476Z","caller":"datastore/data_store.go:1148","msg":"ENI eni-EXAMPLE14 cannot be deleted because it has pods assigned"}
{"level":"debug","ts":"2026-10-05T08:16:03.479Z","caller":"ipamd/ipamd.go:795","msg":"IP stats for Network Card 0 - total IPs: 9, assigned IPs: 7, cooldown IPs: 0"}
{"level":"debug","ts":"2026-10-05T08:16:03.479Z","caller":"ipamd/ipamd.go:861","msg":"Node found \"ip-10-20-0-52.ec2.internal\" - no of taints - 0"}
{"level":"debug","ts":"2026-10-05T08:16:03.479Z","caller":"datastore/data_store.go:1148","msg":"ENI eni-EXAMPLE14 cannot be deleted because it has pods assigned"}
{"level":"debug","ts":"2026-10-05T08:16:03.479Z","caller":"datastore/data_store.go:1148","msg":"ENI eni-EXAMPLE13 cannot be deleted because it is primary"}
{"level":"debug","ts":"2026-10-05T08:16:08.481Z","caller":"ipamd/ipamd.go:795","msg":"IP stats for Network Card 0 - total IPs: 9, assigned IPs: 7, cooldown IPs: 0"}
{"level":"debug","ts":"2026-10-05T08:16:08.481Z","caller":"ipamd/ipamd.go:861","msg":"Node found \"ip-10-20-0-52.ec2.internal\" - no of taints - 0"}
{"level":"debug","ts":"2026-10-05T08:16:08.481Z","caller":"datastore/data_store.go:1148","msg":"ENI eni-EXAMPLE14 cannot be deleted because it has pods assigned"}
{"level":"debug","ts":"2026-10-05T08:16:08.481Z","caller":"datastore/data_store.go:1148","msg":"ENI eni-EXAMPLE13 cannot be deleted because it is primary"}
{"level":"debug","ts":"2026-10-05T08:16:13.482Z","caller":"ipamd/ipamd.go:795","msg":"IP stats for Network Card 0 - total IPs: 9, assigned IPs: 7, cooldown IPs: 0"}
{"level":"debug","ts":"2026-10-05T08:16:13.482Z","caller":"ipamd/ipamd.go:861","msg":"Node found \"ip-10-20-0-52.ec2.internal\" - no of taints - 0"}
{"level":"debug","ts":"2026-10-05T08:16:13.482Z","caller":"datastore/data_store.go:1148","msg":"ENI eni-EXAMPLE13 cannot be deleted because it is primary"}
{"level":"debug","ts":"2026-10-05T08:16:13.482Z","caller":"datastore/data_store.go:1148","msg":"ENI eni-EXAMPLE14 cannot be deleted because it has pods assigned"}
{"level":"debug","ts":"2026-10-05T08:16:18.484Z","caller":"ipamd/ipamd.go:795","msg":"IP stats for Network Card 0 - total IPs: 9, assigned IPs: 7, cooldown IPs: 0"}
{"level":"debug","ts":"2026-10-05T08:16:18.484Z","caller":"ipamd/ipamd.go:861","msg":"Node found \"ip-10-20-0-52.ec2.internal\" - no of taints - 0"}
{"level":"debug","ts":"2026-10-05T08:16:18.484Z","caller":"datastore/data_store.go:1148","msg":"ENI eni-EXAMPLE13 cannot be deleted because it is primary"}
{"level":"debug","ts":"2026-10-05T08:16:18.484Z","caller":"datastore/data_store.go:1148","msg":"ENI eni-EXAMPLE14 cannot be deleted because it has pods assigned"}
{"level":"debug","ts":"2026-10-05T08:16:23.486Z","caller":"ipamd/ipamd.go:795","msg":"IP stats for Network Card 0 - total IPs: 9, assigned IPs: 7, cooldown IPs: 0"}
{"level":"debug","ts":"2026-10-05T08:16:23.486Z","caller":"ipamd/ipamd.go:861","msg":"Node found \"ip-10-20-0-52.ec2.internal\" - no of taints - 0"}
{"level":"debug","ts":"2026-10-05T08:16:23.486Z","caller":"datastore/data_store.go:1148","msg":"ENI eni-EXAMPLE13 cannot be deleted because it is primary"}
{"level":"debug","ts":"2026-10-05T08:16:23.486Z","caller":"datastore/data_store.go:1148","msg":"ENI eni-EXAMPLE14 cannot be deleted because it has pods assigned"}
{"level":"debug","ts":"2026-10-05T08:16:28.487Z","caller":"ipamd/ipamd.go:795","msg":"IP stats for Network Card 0 - total IPs: 9, assigned IPs: 7, cooldown IPs: 0"}
{"level":"debug","ts":"2026-10-05T08:16:28.487Z","caller":"ipamd/ipamd.go:861","msg":"Node found \"ip-10-20-0-52.ec2.internal\" - no of taints - 0"}
{"level":"debug","ts":"2026-10-05T08:16:28.487Z","caller":"datastore/data_store.go:1148","msg":"ENI eni-EXAMPLE13 cannot be deleted because it is primary"}
{"level":"debug","ts":"2026-10-05T08:16:28.487Z","caller":"datastore/data_store.go:1148","msg":"ENI eni-EXAMPLE14 cannot be deleted because it has pods assigned"}
{"level":"debug","ts":"2026-10-05T08:16:33.488Z","caller":"ipamd/ipamd.go:795","msg":"IP stats for Network Card 0 - total IPs: 9, assigned IPs: 7, cooldown IPs: 0"}
{"level":"debug","ts":"2026-10-05T08:16:33.488Z","caller":"ipamd/ipamd.go:861","msg":"Node found \"ip-10-20-0-52.ec2.internal\" - no of taints - 0"}
{"level":"debug","ts":"2026-10-05T08:16:33.488Z","caller":"datastore/data_store.go:1148","msg":"ENI eni-EXAMPLE13 cannot be deleted because it is primary"}
{"level":"debug","ts":"2026-10-05T08:16:33.488Z","caller":"datastore/data_store.go:1148","msg":"ENI eni-EXAMPLE14 cannot be deleted because it has pods assigned"}
{"level":"debug","ts":"2026-10-05T08:16:35.988Z","caller":"ipamd/ipamd.go:798","msg":"Reconciling ENI/IP pool info because time since last 1m2.518341869s > 1m0s"}
{"level":"debug","ts":"2026-10-05T08:16:35.993Z","caller":"ipamd/ipamd.go:1621","msg":"Total number of interfaces found: 2 "}
{"level":"debug","ts":"2026-10-05T08:16:35.993Z","caller":"awsutils/awsutils.go:787","msg":"Found ENI MAC address: 0a:ff:d7:e5:f8:71"}
{"level":"debug","ts":"2026-10-05T08:16:35.997Z","caller":"awsutils/awsutils.go:787","msg":"Found ENI: eni-EXAMPLE14, MAC 0a:ff:d7:e5:f8:71, device 1"}
{"level":"debug","ts":"2026-10-05T08:16:36.000Z","caller":"awsutils/awsutils.go:787","msg":"Found IPv4 addresses associated with interface. This is not efa-only interface"}
{"level":"debug","ts":"2026-10-05T08:16:36.011Z","caller":"awsutils/awsutils.go:787","msg":"Found ENI MAC address: 0a:ff:e1:1c:71:73"}
{"level":"debug","ts":"2026-10-05T08:16:36.017Z","caller":"awsutils/awsutils.go:787","msg":"Found ENI: eni-EXAMPLE13, MAC 0a:ff:e1:1c:71:73, device 0"}
{"level":"debug","ts":"2026-10-05T08:16:36.029Z","caller":"awsutils/awsutils.go:787","msg":"Found IPv4 addresses associated with interface. This is not efa-only interface"}
{"level":"debug","ts":"2026-10-05T08:16:36.042Z","caller":"ipamd/ipamd.go:798","msg":"Reconcile existing ENI eni-EXAMPLE14 IP pool"}
{"level":"info","ts":"2026-10-05T08:16:36.042Z","caller":"ipamd/ipamd.go:1766","msg":"Reconcile and skip primary IP 10.20.0.55 on ENI eni-EXAMPLE14"}
{"level":"info","ts":"2026-10-05T08:16:36.042Z","caller":"ipamd/ipamd.go:1766","msg":"Trying to add 10.20.0.41"}
{"level":"info","ts":"2026-10-05T08:16:36.042Z","caller":"ipamd/ipamd.go:1890","msg":"Adding 10.20.0.41/32 to DS for eni-EXAMPLE14"}
{"level":"info","ts":"2026-10-05T08:16:36.042Z","caller":"ipamd/ipamd.go:1890","msg":"IP already in DS"}
{"level":"info","ts":"2026-10-05T08:16:36.042Z","caller":"ipamd/ipamd.go:1766","msg":"Trying to add 10.20.0.61"}
{"level":"info","ts":"2026-10-05T08:16:36.042Z","caller":"ipamd/ipamd.go:1890","msg":"Adding 10.20.0.61/32 to DS for eni-EXAMPLE14"}
{"level":"info","ts":"2026-10-05T08:16:36.042Z","caller":"ipamd/ipamd.go:1890","msg":"IP already in DS"}
{"level":"info","ts":"2026-10-05T08:16:36.042Z","caller":"ipamd/ipamd.go:1766","msg":"Trying to add 10.20.0.60"}
{"level":"info","ts":"2026-10-05T08:16:36.042Z","caller":"ipamd/ipamd.go:1890","msg":"Adding 10.20.0.60/32 to DS for eni-EXAMPLE14"}
{"level":"info","ts":"2026-10-05T08:16:36.042Z","caller":"ipamd/ipamd.go:1890","msg":"IP already in DS"}
{"level":"info","ts":"2026-10-05T08:16:36.042Z","caller":"ipamd/ipamd.go:1766","msg":"Trying to add 10.20.0.40"}
{"level":"info","ts":"2026-10-05T08:16:36.042Z","caller":"ipamd/ipamd.go:1890","msg":"Adding 10.20.0.40/32 to DS for eni-EXAMPLE14"}
{"level":"info","ts":"2026-10-05T08:16:36.042Z","caller":"ipamd/ipamd.go:1890","msg":"IP already in DS"}
{"level":"debug","ts":"2026-10-05T08:16:36.042Z","caller":"ipamd/ipamd.go:798","msg":"Reconcile existing ENI eni-EXAMPLE14 IP prefixes"}
{"level":"debug","ts":"2026-10-05T08:16:36.042Z","caller":"ipamd/ipamd.go:1693","msg":"Found prefix pool count 0 for eni eni-EXAMPLE14\n"}
{"level":"debug","ts":"2026-10-05T08:16:36.042Z","caller":"ipamd/ipamd.go:798","msg":"Reconcile existing ENI eni-EXAMPLE13 IP pool"}
{"level":"info","ts":"2026-10-05T08:16:36.042Z","caller":"ipamd/ipamd.go:1766","msg":"Reconcile and skip primary IP 10.20.0.52 on ENI eni-EXAMPLE13"}
{"level":"info","ts":"2026-10-05T08:16:36.042Z","caller":"ipamd/ipamd.go:1766","msg":"Trying to add 10.20.0.36"}
{"level":"info","ts":"2026-10-05T08:16:36.042Z","caller":"ipamd/ipamd.go:1890","msg":"Adding 10.20.0.36/32 to DS for eni-EXAMPLE13"}
{"level":"info","ts":"2026-10-05T08:16:36.042Z","caller":"ipamd/ipamd.go:1890","msg":"IP already in DS"}
{"level":"info","ts":"2026-10-05T08:16:36.042Z","caller":"ipamd/ipamd.go:1766","msg":"Trying to add 10.20.0.37"}
{"level":"info","ts":"2026-10-05T08:16:36.042Z","caller":"ipamd/ipamd.go:1890","msg":"Adding 10.20.0.37/32 to DS for eni-EXAMPLE13"}
{"level":"info","ts":"2026-10-05T08:16:36.042Z","caller":"ipamd/ipamd.go:1890","msg":"IP already in DS"}
{"level":"info","ts":"2026-10-05T08:16:36.042Z","caller":"ipamd/ipamd.go:1766","msg":"Trying to add 10.20.0.54"}
{"level":"info","ts":"2026-10-05T08:16:36.042Z","caller":"ipamd/ipamd.go:1890","msg":"Adding 10.20.0.54/32 to DS for eni-EXAMPLE13"}
{"level":"info","ts":"2026-10-05T08:16:36.042Z","caller":"ipamd/ipamd.go:1890","msg":"IP already in DS"}
{"level":"info","ts":"2026-10-05T08:16:36.042Z","caller":"ipamd/ipamd.go:1766","msg":"Trying to add 10.20.0.49"}
{"level":"info","ts":"2026-10-05T08:16:36.042Z","caller":"ipamd/ipamd.go:1890","msg":"Adding 10.20.0.49/32 to DS for eni-EXAMPLE13"}
{"level":"info","ts":"2026-10-05T08:16:36.042Z","caller":"ipamd/ipamd.go:1890","msg":"IP already in DS"}
{"level":"info","ts":"2026-10-05T08:16:36.042Z","caller":"ipamd/ipamd.go:1766","msg":"Trying to add 10.20.0.50"}
{"level":"info","ts":"2026-10-05T08:16:36.042Z","caller":"ipamd/ipamd.go:1890","msg":"Adding 10.20.0.50/32 to DS for eni-EXAMPLE13"}
{"level":"info","ts":"2026-10-05T08:16:36.042Z","caller":"ipamd/ipamd.go:1890","msg":"IP already in DS"}
{"level":"debug","ts":"2026-10-05T08:16:36.042Z","caller":"ipamd/ipamd.go:798","msg":"Reconcile existing ENI eni-EXAMPLE13 IP prefixes"}
{"level":"debug","ts":"2026-10-05T08:16:36.042Z","caller":"ipamd/ipamd.go:1693","msg":"Found prefix pool count 0 for eni eni-EXAMPLE13\n"}
{"level":"debug","ts":"2026-10-05T08:16:36.042Z","caller":"ipamd/ipamd.go:798","msg":"Successfully Reconciled ENI/IP pool"}
{"level":"debug","ts":"2026-10-05T08:16:36.043Z","caller":"ipamd/ipamd.go:1738","msg":"IP pool stats for network card 0: Total IPs/Prefixes = 9/0, AssignedIPs/CooldownIPs: 7/0, c.maxIPsPerENI = 5"}
{"level":"debug","ts":"2026-10-05T08:16:36.043Z","caller":"ipamd/ipamd.go:798","msg":"Primary IP for ENI eni-EXAMPLE13 is 10.20.0.52"}
{"level":"debug","ts":"2026-10-05T08:16:36.043Z","caller":"ipamd/ipamd.go:798","msg":"Primary IP for ENI eni-EXAMPLE14 is 10.20.0.55"}
{"level":"info","ts":"2026-10-05T08:16:37.475Z","caller":"rpc/rpc_grpc.pb.go:117","msg":"Received AddNetwork for NS /var/run/netns/cni-1e4b1410-d346-3e30-8204-f00c8b91de0d, Sandbox 56f33e025f3c01b708f15f193e403922d300223f58542a12fe59f9874d215dcf, ifname eth0"}
{"level":"debug","ts":"2026-10-05T08:16:37.476Z","caller":"rpc/rpc_grpc.pb.go:117","msg":"AddNetworkRequest: K8S_POD_NAME:\"pause-68d5b89fc-9rvk4\"  K8S_POD_NAMESPACE:\"default\"  K8S_POD_INFRA_CONTAINER_ID:\"56f33e025f3c01b708f15f193e403922d300223f58542a12fe59f9874d215dcf\"  ContainerID:\"56f33e025f3c01b708f15f193e403922d300223f58542a12fe59f9874d215dcf\"  IfName:\"eth0\"  NetworkName:\"aws-cni\"  Netns:\"/var/run/netns/cni-1e4b1410-d346-3e30-8204-f00c8b91de0d\""}
{"level":"info","ts":"2026-10-05T08:16:37.476Z","caller":"rpc/rpc_grpc.pb.go:117","msg":"Required MultiNIC access false, interfaces required 1"}
{"level":"debug","ts":"2026-10-05T08:16:37.476Z","caller":"datastore/data_store.go:713","msg":"AssignPodIPv4Address: IP address pool stats: total 9, assigned 7"}
{"level":"debug","ts":"2026-10-05T08:16:37.476Z","caller":"datastore/data_store.go:806","msg":"Get free IP from prefix failed no free IP available in the prefix - 10.20.0.36/32"}
{"level":"debug","ts":"2026-10-05T08:16:37.476Z","caller":"datastore/data_store.go:713","msg":"Unable to get IP address from CIDR: no free IP available in the prefix - 10.20.0.36/32"}
{"level":"debug","ts":"2026-10-05T08:16:37.476Z","caller":"datastore/data_store.go:806","msg":"Get free IP from prefix failed no free IP available in the prefix - 10.20.0.37/32"}
{"level":"debug","ts":"2026-10-05T08:16:37.476Z","caller":"datastore/data_store.go:713","msg":"Unable to get IP address from CIDR: no free IP available in the prefix - 10.20.0.37/32"}
{"level":"debug","ts":"2026-10-05T08:16:37.476Z","caller":"datastore/data_store.go:806","msg":"Get free IP from prefix failed no free IP available in the prefix - 10.20.0.54/32"}
{"level":"debug","ts":"2026-10-05T08:16:37.476Z","caller":"datastore/data_store.go:713","msg":"Unable to get IP address from CIDR: no free IP available in the prefix - 10.20.0.54/32"}
{"level":"debug","ts":"2026-10-05T08:16:37.476Z","caller":"datastore/data_store.go:806","msg":"Get free IP from prefix failed no free IP available in the prefix - 10.20.0.49/32"}
{"level":"debug","ts":"2026-10-05T08:16:37.476Z","caller":"datastore/data_store.go:713","msg":"Unable to get IP address from CIDR: no free IP available in the prefix - 10.20.0.49/32"}
{"level":"debug","ts":"2026-10-05T08:16:37.476Z","caller":"datastore/data_store.go:806","msg":"Get free IP from prefix failed no free IP available in the prefix - 10.20.0.50/32"}
{"level":"debug","ts":"2026-10-05T08:16:37.476Z","caller":"datastore/data_store.go:713","msg":"Unable to get IP address from CIDR: no free IP available in the prefix - 10.20.0.50/32"}
{"level":"debug","ts":"2026-10-05T08:16:37.476Z","caller":"datastore/data_store.go:713","msg":"AssignPodIPv4Address: ENI eni-EXAMPLE13 does not have available addresses"}
{"level":"debug","ts":"2026-10-05T08:16:37.476Z","caller":"datastore/data_store.go:806","msg":"Get free IP from prefix failed no free IP available in the prefix - 10.20.0.41/32"}
{"level":"debug","ts":"2026-10-05T08:16:37.476Z","caller":"datastore/data_store.go:713","msg":"Unable to get IP address from CIDR: no free IP available in the prefix - 10.20.0.41/32"}
{"level":"debug","ts":"2026-10-05T08:16:37.476Z","caller":"datastore/data_store.go:806","msg":"Get free IP from prefix failed no free IP available in the prefix - 10.20.0.61/32"}
{"level":"debug","ts":"2026-10-05T08:16:37.476Z","caller":"datastore/data_store.go:713","msg":"Unable to get IP address from CIDR: no free IP available in the prefix - 10.20.0.61/32"}
{"level":"debug","ts":"2026-10-05T08:16:37.476Z","caller":"datastore/data_store.go:1469","msg":"Found a free IP not in DB - 10.20.0.60"}
{"level":"debug","ts":"2026-10-05T08:16:37.476Z","caller":"datastore/data_store.go:806","msg":"Returning Free IP 10.20.0.60"}
{"level":"debug","ts":"2026-10-05T08:16:37.476Z","caller":"datastore/data_store.go:713","msg":"New IP from CIDR pool- 10.20.0.60"}
{"level":"debug","ts":"2026-10-05T08:16:37.476Z","caller":"datastore/data_store.go:713","msg":"Allocating new IP 10.20.0.60 from CIDR 10.20.0.60/32 for pod"}
{"level":"info","ts":"2026-10-05T08:16:37.476Z","caller":"datastore/data_store.go:838","msg":"assignPodIPAddressUnsafe: Assign IP 10.20.0.60 to sandbox aws-cni/56f33e025f3c01b708f15f193e403922d300223f58542a12fe59f9874d215dcf/eth0 with metadata {K8SPodNamespace:default K8SPodName:pause-68d5b89fc-9rvk4 InterfacesCount:1}"}
{"level":"info","ts":"2026-10-05T08:16:37.476Z","caller":"rpc/rpc_grpc.pb.go:117","msg":"Assigned IP from network card: 0 -> IPv4: 10.20.0.60, IPv6: , device number: 1, "}
{"level":"info","ts":"2026-10-05T08:16:37.476Z","caller":"rpc/rpc_grpc.pb.go:117","msg":"Address assigned from datastores:  1"}
{"level":"debug","ts":"2026-10-05T08:16:37.477Z","caller":"rpc/rpc_grpc.pb.go:117","msg":"VPC CIDR 10.20.0.0/24"}
{"level":"info","ts":"2026-10-05T08:16:37.477Z","caller":"rpc/rpc_grpc.pb.go:117","msg":"Send AddNetworkReply: Success: true IPAddr: [IPv4Addr:\"10.20.0.60\"  DeviceNumber:1  RouteTableId:2], resp: Success:true  IPAllocationMetadata:{IPv4Addr:\"10.20.0.60\"  DeviceNumber:1  RouteTableId:2}  VPCv4CIDRs:\"10.20.0.0/24\"  NetworkPolicyMode:\"standard\", err: <nil>"}
{"level":"debug","ts":"2026-10-05T08:16:38.543Z","caller":"ipamd/ipamd.go:795","msg":"IP stats for Network Card 0 - total IPs: 9, assigned IPs: 8, cooldown IPs: 0"}
{"level":"debug","ts":"2026-10-05T08:16:38.543Z","caller":"ipamd/ipamd.go:813","msg":"Starting to increase pool size for network card 0"}
{"level":"debug","ts":"2026-10-05T08:16:38.543Z","caller":"ipamd/ipamd.go:966","msg":"Node found \"ip-10-20-0-52.ec2.internal\" - no of taints - 0"}
{"level":"debug","ts":"2026-10-05T08:16:38.543Z","caller":"ipamd/ipamd.go:1135","msg":"Found ENI eni-EXAMPLE14 that has less than the maximum number of IP/Prefixes addresses allocated: cur=4, max=5"}
{"level":"info","ts":"2026-10-05T08:16:38.543Z","caller":"ipamd/ipamd.go:1141","msg":"Trying to allocate 1 IP addresses on ENI eni-EXAMPLE14"}
{"level":"debug","ts":"2026-10-05T08:16:38.543Z","caller":"ipamd/ipamd.go:1141","msg":"PD enabled - false"}
{"level":"info","ts":"2026-10-05T08:16:39.052Z","caller":"ipamd/ipamd.go:1141","msg":"Allocated 1 private IP addresses"}
{"level":"debug","ts":"2026-10-05T08:16:39.053Z","caller":"ipamd/ipamd.go:1156","msg":"containsPrivateIPAddressLimitExceededError encountered <nil>"}
{"level":"info","ts":"2026-10-05T08:16:39.053Z","caller":"ipamd/ipamd.go:1387","msg":"Adding 10.20.0.44/32 to DS for eni-EXAMPLE14"}
{"level":"info","ts":"2026-10-05T08:16:39.053Z","caller":"ipamd/ipamd.go:1387","msg":"Added ENI(eni-EXAMPLE14)'s IP/Prefix 10.20.0.44/32 to datastore"}
{"level":"debug","ts":"2026-10-05T08:16:39.053Z","caller":"ipamd/ipamd.go:1394","msg":"IP pool stats for network card 0: Total IPs/Prefixes = 10/0, AssignedIPs/CooldownIPs: 8/0, c.maxIPsPerENI = 5"}
{"level":"debug","ts":"2026-10-05T08:16:39.053Z","caller":"ipamd/ipamd.go:1053","msg":"IP pool stats for network card 0: Total IPs/Prefixes = 10/0, AssignedIPs/CooldownIPs: 8/0, c.maxIPsPerENI = 5"}
{"level":"debug","ts":"2026-10-05T08:16:39.053Z","caller":"ipamd/ipamd.go:861","msg":"Node found \"ip-10-20-0-52.ec2.internal\" - no of taints - 0"}
{"level":"debug","ts":"2026-10-05T08:16:39.053Z","caller":"datastore/data_store.go:1148","msg":"ENI eni-EXAMPLE13 cannot be deleted because it is primary"}
{"level":"debug","ts":"2026-10-05T08:16:39.053Z","caller":"datastore/data_store.go:1148","msg":"ENI eni-EXAMPLE14 cannot be deleted because it has pods assigned"}
{"level":"debug","ts":"2026-10-05T08:16:44.055Z","caller":"ipamd/ipamd.go:795","msg":"IP stats for Network Card 0 - total IPs: 10, assigned IPs: 8, cooldown IPs: 0"}
{"level":"debug","ts":"2026-10-05T08:16:44.055Z","caller":"ipamd/ipamd.go:861","msg":"Node found \"ip-10-20-0-52.ec2.internal\" - no of taints - 0"}
{"level":"debug","ts":"2026-10-05T08:16:44.055Z","caller":"datastore/data_store.go:1148","msg":"ENI eni-EXAMPLE14 cannot be deleted because it has pods assigned"}
{"level":"debug","ts":"2026-10-05T08:16:44.055Z","caller":"datastore/data_store.go:1148","msg":"ENI eni-EXAMPLE13 cannot be deleted because it is primary"}
{"level":"debug","ts":"2026-10-05T08:16:49.056Z","caller":"ipamd/ipamd.go:795","msg":"IP stats for Network Card 0 - total IPs: 10, assigned IPs: 8, cooldown IPs: 0"}
{"level":"debug","ts":"2026-10-05T08:16:49.056Z","caller":"ipamd/ipamd.go:861","msg":"Node found \"ip-10-20-0-52.ec2.internal\" - no of taints - 0"}
{"level":"debug","ts":"2026-10-05T08:16:49.056Z","caller":"datastore/data_store.go:1148","msg":"ENI eni-EXAMPLE13 cannot be deleted because it is primary"}
{"level":"debug","ts":"2026-10-05T08:16:49.056Z","caller":"datastore/data_store.go:1148","msg":"ENI eni-EXAMPLE14 cannot be deleted because it has pods assigned"}
{"level":"debug","ts":"2026-10-05T08:16:54.057Z","caller":"ipamd/ipamd.go:795","msg":"IP stats for Network Card 0 - total IPs: 10, assigned IPs: 8, cooldown IPs: 0"}
{"level":"debug","ts":"2026-10-05T08:16:54.057Z","caller":"ipamd/ipamd.go:861","msg":"Node found \"ip-10-20-0-52.ec2.internal\" - no of taints - 0"}
{"level":"debug","ts":"2026-10-05T08:16:54.057Z","caller":"datastore/data_store.go:1148","msg":"ENI eni-EXAMPLE13 cannot be deleted because it is primary"}
{"level":"debug","ts":"2026-10-05T08:16:54.057Z","caller":"datastore/data_store.go:1148","msg":"ENI eni-EXAMPLE14 cannot be deleted because it has pods assigned"}
{"level":"debug","ts":"2026-10-05T08:16:59.059Z","caller":"ipamd/ipamd.go:795","msg":"IP stats for Network Card 0 - total IPs: 10, assigned IPs: 8, cooldown IPs: 0"}
{"level":"debug","ts":"2026-10-05T08:16:59.059Z","caller":"ipamd/ipamd.go:861","msg":"Node found \"ip-10-20-0-52.ec2.internal\" - no of taints - 0"}
{"level":"debug","ts":"2026-10-05T08:16:59.059Z","caller":"datastore/data_store.go:1148","msg":"ENI eni-EXAMPLE13 cannot be deleted because it is primary"}
{"level":"debug","ts":"2026-10-05T08:16:59.059Z","caller":"datastore/data_store.go:1148","msg":"ENI eni-EXAMPLE14 cannot be deleted because it has pods assigned"}
{"level":"debug","ts":"2026-10-05T08:17:04.063Z","caller":"ipamd/ipamd.go:795","msg":"IP stats for Network Card 0 - total IPs: 10, assigned IPs: 8, cooldown IPs: 0"}
{"level":"debug","ts":"2026-10-05T08:17:04.063Z","caller":"ipamd/ipamd.go:861","msg":"Node found \"ip-10-20-0-52.ec2.internal\" - no of taints - 0"}
{"level":"debug","ts":"2026-10-05T08:17:04.063Z","caller":"datastore/data_store.go:1148","msg":"ENI eni-EXAMPLE14 cannot be deleted because it has pods assigned"}
{"level":"debug","ts":"2026-10-05T08:17:04.063Z","caller":"datastore/data_store.go:1148","msg":"ENI eni-EXAMPLE13 cannot be deleted because it is primary"}
{"level":"debug","ts":"2026-10-05T08:17:09.063Z","caller":"ipamd/ipamd.go:795","msg":"IP stats for Network Card 0 - total IPs: 10, assigned IPs: 8, cooldown IPs: 0"}
{"level":"debug","ts":"2026-10-05T08:17:09.063Z","caller":"ipamd/ipamd.go:861","msg":"Node found \"ip-10-20-0-52.ec2.internal\" - no of taints - 0"}
{"level":"debug","ts":"2026-10-05T08:17:09.063Z","caller":"datastore/data_store.go:1148","msg":"ENI eni-EXAMPLE13 cannot be deleted because it is primary"}
{"level":"debug","ts":"2026-10-05T08:17:09.063Z","caller":"datastore/data_store.go:1148","msg":"ENI eni-EXAMPLE14 cannot be deleted because it has pods assigned"}
{"level":"debug","ts":"2026-10-05T08:17:14.066Z","caller":"ipamd/ipamd.go:795","msg":"IP stats for Network Card 0 - total IPs: 10, assigned IPs: 8, cooldown IPs: 0"}
{"level":"debug","ts":"2026-10-05T08:17:14.066Z","caller":"ipamd/ipamd.go:861","msg":"Node found \"ip-10-20-0-52.ec2.internal\" - no of taints - 0"}
{"level":"debug","ts":"2026-10-05T08:17:14.066Z","caller":"datastore/data_store.go:1148","msg":"ENI eni-EXAMPLE13 cannot be deleted because it is primary"}
{"level":"debug","ts":"2026-10-05T08:17:14.066Z","caller":"datastore/data_store.go:1148","msg":"ENI eni-EXAMPLE14 cannot be deleted because it has pods assigned"}
{"level":"debug","ts":"2026-10-05T08:17:19.067Z","caller":"ipamd/ipamd.go:795","msg":"IP stats for Network Card 0 - total IPs: 10, assigned IPs: 8, cooldown IPs: 0"}
{"level":"debug","ts":"2026-10-05T08:17:19.067Z","caller":"ipamd/ipamd.go:861","msg":"Node found \"ip-10-20-0-52.ec2.internal\" - no of taints - 0"}
{"level":"debug","ts":"2026-10-05T08:17:19.067Z","caller":"datastore/data_store.go:1148","msg":"ENI eni-EXAMPLE14 cannot be deleted because it has pods assigned"}
{"level":"debug","ts":"2026-10-05T08:17:19.067Z","caller":"datastore/data_store.go:1148","msg":"ENI eni-EXAMPLE13 cannot be deleted because it is primary"}
{"level":"debug","ts":"2026-10-05T08:17:24.067Z","caller":"ipamd/ipamd.go:795","msg":"IP stats for Network Card 0 - total IPs: 10, assigned IPs: 8, cooldown IPs: 0"}
{"level":"debug","ts":"2026-10-05T08:17:24.068Z","caller":"ipamd/ipamd.go:861","msg":"Node found \"ip-10-20-0-52.ec2.internal\" - no of taints - 0"}
{"level":"debug","ts":"2026-10-05T08:17:24.068Z","caller":"datastore/data_store.go:1148","msg":"ENI eni-EXAMPLE13 cannot be deleted because it is primary"}
{"level":"debug","ts":"2026-10-05T08:17:24.068Z","caller":"datastore/data_store.go:1148","msg":"ENI eni-EXAMPLE14 cannot be deleted because it has pods assigned"}
{"level":"debug","ts":"2026-10-05T08:17:29.068Z","caller":"ipamd/ipamd.go:795","msg":"IP stats for Network Card 0 - total IPs: 10, assigned IPs: 8, cooldown IPs: 0"}
{"level":"debug","ts":"2026-10-05T08:17:29.068Z","caller":"ipamd/ipamd.go:861","msg":"Node found \"ip-10-20-0-52.ec2.internal\" - no of taints - 0"}
{"level":"debug","ts":"2026-10-05T08:17:29.068Z","caller":"datastore/data_store.go:1148","msg":"ENI eni-EXAMPLE13 cannot be deleted because it is primary"}
{"level":"debug","ts":"2026-10-05T08:17:29.068Z","caller":"datastore/data_store.go:1148","msg":"ENI eni-EXAMPLE14 cannot be deleted because it has pods assigned"}
{"level":"debug","ts":"2026-10-05T08:17:34.068Z","caller":"ipamd/ipamd.go:795","msg":"IP stats for Network Card 0 - total IPs: 10, assigned IPs: 8, cooldown IPs: 0"}
{"level":"debug","ts":"2026-10-05T08:17:34.068Z","caller":"ipamd/ipamd.go:861","msg":"Node found \"ip-10-20-0-52.ec2.internal\" - no of taints - 0"}
{"level":"debug","ts":"2026-10-05T08:17:34.068Z","caller":"datastore/data_store.go:1148","msg":"ENI eni-EXAMPLE13 cannot be deleted because it is primary"}
{"level":"debug","ts":"2026-10-05T08:17:34.068Z","caller":"datastore/data_store.go:1148","msg":"ENI eni-EXAMPLE14 cannot be deleted because it has pods assigned"}
{"level":"debug","ts":"2026-10-05T08:17:39.070Z","caller":"ipamd/ipamd.go:795","msg":"IP stats for Network Card 0 - total IPs: 10, assigned IPs: 8, cooldown IPs: 0"}
{"level":"debug","ts":"2026-10-05T08:17:39.070Z","caller":"ipamd/ipamd.go:861","msg":"Node found \"ip-10-20-0-52.ec2.internal\" - no of taints - 0"}
{"level":"debug","ts":"2026-10-05T08:17:39.070Z","caller":"datastore/data_store.go:1148","msg":"ENI eni-EXAMPLE13 cannot be deleted because it is primary"}
{"level":"debug","ts":"2026-10-05T08:17:39.070Z","caller":"datastore/data_store.go:1148","msg":"ENI eni-EXAMPLE14 cannot be deleted because it has pods assigned"}
{"level":"debug","ts":"2026-10-05T08:17:41.571Z","caller":"ipamd/ipamd.go:798","msg":"Reconciling ENI/IP pool info because time since last 1m2.517960348s > 1m0s"}
{"level":"debug","ts":"2026-10-05T08:17:41.572Z","caller":"ipamd/ipamd.go:1621","msg":"Total number of interfaces found: 2 "}
{"level":"debug","ts":"2026-10-05T08:17:41.572Z","caller":"awsutils/awsutils.go:787","msg":"Found ENI MAC address: 0a:ff:d7:e5:f8:71"}
{"level":"debug","ts":"2026-10-05T08:17:41.575Z","caller":"awsutils/awsutils.go:787","msg":"Found ENI: eni-EXAMPLE14, MAC 0a:ff:d7:e5:f8:71, device 1"}
{"level":"debug","ts":"2026-10-05T08:17:41.577Z","caller":"awsutils/awsutils.go:787","msg":"Found IPv4 addresses associated with interface. This is not efa-only interface"}
{"level":"debug","ts":"2026-10-05T08:17:41.580Z","caller":"awsutils/awsutils.go:787","msg":"Found ENI MAC address: 0a:ff:e1:1c:71:73"}
{"level":"debug","ts":"2026-10-05T08:17:41.584Z","caller":"awsutils/awsutils.go:787","msg":"Found ENI: eni-EXAMPLE13, MAC 0a:ff:e1:1c:71:73, device 0"}
{"level":"debug","ts":"2026-10-05T08:17:41.586Z","caller":"awsutils/awsutils.go:787","msg":"Found IPv4 addresses associated with interface. This is not efa-only interface"}
{"level":"debug","ts":"2026-10-05T08:17:41.591Z","caller":"ipamd/ipamd.go:798","msg":"Reconcile existing ENI eni-EXAMPLE14 IP pool"}
{"level":"info","ts":"2026-10-05T08:17:41.591Z","caller":"ipamd/ipamd.go:1766","msg":"Reconcile and skip primary IP 10.20.0.55 on ENI eni-EXAMPLE14"}
{"level":"info","ts":"2026-10-05T08:17:41.591Z","caller":"ipamd/ipamd.go:1766","msg":"Trying to add 10.20.0.41"}
{"level":"info","ts":"2026-10-05T08:17:41.591Z","caller":"ipamd/ipamd.go:1890","msg":"Adding 10.20.0.41/32 to DS for eni-EXAMPLE14"}
{"level":"info","ts":"2026-10-05T08:17:41.591Z","caller":"ipamd/ipamd.go:1890","msg":"IP already in DS"}
{"level":"info","ts":"2026-10-05T08:17:41.591Z","caller":"ipamd/ipamd.go:1766","msg":"Trying to add 10.20.0.61"}
{"level":"info","ts":"2026-10-05T08:17:41.591Z","caller":"ipamd/ipamd.go:1890","msg":"Adding 10.20.0.61/32 to DS for eni-EXAMPLE14"}
{"level":"info","ts":"2026-10-05T08:17:41.591Z","caller":"ipamd/ipamd.go:1890","msg":"IP already in DS"}
{"level":"info","ts":"2026-10-05T08:17:41.591Z","caller":"ipamd/ipamd.go:1766","msg":"Trying to add 10.20.0.60"}
{"level":"info","ts":"2026-10-05T08:17:41.591Z","caller":"ipamd/ipamd.go:1890","msg":"Adding 10.20.0.60/32 to DS for eni-EXAMPLE14"}
{"level":"info","ts":"2026-10-05T08:17:41.591Z","caller":"ipamd/ipamd.go:1890","msg":"IP already in DS"}
{"level":"info","ts":"2026-10-05T08:17:41.591Z","caller":"ipamd/ipamd.go:1766","msg":"Trying to add 10.20.0.40"}
{"level":"info","ts":"2026-10-05T08:17:41.591Z","caller":"ipamd/ipamd.go:1890","msg":"Adding 10.20.0.40/32 to DS for eni-EXAMPLE14"}
{"level":"info","ts":"2026-10-05T08:17:41.591Z","caller":"ipamd/ipamd.go:1890","msg":"IP already in DS"}
{"level":"info","ts":"2026-10-05T08:17:41.591Z","caller":"ipamd/ipamd.go:1766","msg":"Trying to add 10.20.0.44"}
{"level":"info","ts":"2026-10-05T08:17:41.591Z","caller":"ipamd/ipamd.go:1890","msg":"Adding 10.20.0.44/32 to DS for eni-EXAMPLE14"}
{"level":"info","ts":"2026-10-05T08:17:41.591Z","caller":"ipamd/ipamd.go:1890","msg":"IP already in DS"}
{"level":"debug","ts":"2026-10-05T08:17:41.591Z","caller":"ipamd/ipamd.go:798","msg":"Reconcile existing ENI eni-EXAMPLE14 IP prefixes"}
{"level":"debug","ts":"2026-10-05T08:17:41.591Z","caller":"ipamd/ipamd.go:1693","msg":"Found prefix pool count 0 for eni eni-EXAMPLE14\n"}
{"level":"debug","ts":"2026-10-05T08:17:41.591Z","caller":"ipamd/ipamd.go:798","msg":"Reconcile existing ENI eni-EXAMPLE13 IP pool"}
{"level":"info","ts":"2026-10-05T08:17:41.591Z","caller":"ipamd/ipamd.go:1766","msg":"Reconcile and skip primary IP 10.20.0.52 on ENI eni-EXAMPLE13"}
{"level":"info","ts":"2026-10-05T08:17:41.591Z","caller":"ipamd/ipamd.go:1766","msg":"Trying to add 10.20.0.36"}
{"level":"info","ts":"2026-10-05T08:17:41.591Z","caller":"ipamd/ipamd.go:1890","msg":"Adding 10.20.0.36/32 to DS for eni-EXAMPLE13"}
{"level":"info","ts":"2026-10-05T08:17:41.591Z","caller":"ipamd/ipamd.go:1890","msg":"IP already in DS"}
{"level":"info","ts":"2026-10-05T08:17:41.591Z","caller":"ipamd/ipamd.go:1766","msg":"Trying to add 10.20.0.37"}
{"level":"info","ts":"2026-10-05T08:17:41.591Z","caller":"ipamd/ipamd.go:1890","msg":"Adding 10.20.0.37/32 to DS for eni-EXAMPLE13"}
{"level":"info","ts":"2026-10-05T08:17:41.591Z","caller":"ipamd/ipamd.go:1890","msg":"IP already in DS"}
{"level":"info","ts":"2026-10-05T08:17:41.591Z","caller":"ipamd/ipamd.go:1766","msg":"Trying to add 10.20.0.54"}
{"level":"info","ts":"2026-10-05T08:17:41.591Z","caller":"ipamd/ipamd.go:1890","msg":"Adding 10.20.0.54/32 to DS for eni-EXAMPLE13"}
{"level":"info","ts":"2026-10-05T08:17:41.591Z","caller":"ipamd/ipamd.go:1890","msg":"IP already in DS"}
{"level":"info","ts":"2026-10-05T08:17:41.591Z","caller":"ipamd/ipamd.go:1766","msg":"Trying to add 10.20.0.49"}
{"level":"info","ts":"2026-10-05T08:17:41.591Z","caller":"ipamd/ipamd.go:1890","msg":"Adding 10.20.0.49/32 to DS for eni-EXAMPLE13"}
{"level":"info","ts":"2026-10-05T08:17:41.591Z","caller":"ipamd/ipamd.go:1890","msg":"IP already in DS"}
{"level":"info","ts":"2026-10-05T08:17:41.591Z","caller":"ipamd/ipamd.go:1766","msg":"Trying to add 10.20.0.50"}
{"level":"info","ts":"2026-10-05T08:17:41.591Z","caller":"ipamd/ipamd.go:1890","msg":"Adding 10.20.0.50/32 to DS for eni-EXAMPLE13"}
{"level":"info","ts":"2026-10-05T08:17:41.591Z","caller":"ipamd/ipamd.go:1890","msg":"IP already in DS"}
{"level":"debug","ts":"2026-10-05T08:17:41.591Z","caller":"ipamd/ipamd.go:798","msg":"Reconcile existing ENI eni-EXAMPLE13 IP prefixes"}
{"level":"debug","ts":"2026-10-05T08:17:41.591Z","caller":"ipamd/ipamd.go:1693","msg":"Found prefix pool count 0 for eni eni-EXAMPLE13\n"}
{"level":"debug","ts":"2026-10-05T08:17:41.591Z","caller":"ipamd/ipamd.go:798","msg":"Successfully Reconciled ENI/IP pool"}
{"level":"debug","ts":"2026-10-05T08:17:41.591Z","caller":"ipamd/ipamd.go:1738","msg":"IP pool stats for network card 0: Total IPs/Prefixes = 10/0, AssignedIPs/CooldownIPs: 8/0, c.maxIPsPerENI = 5"}
{"level":"debug","ts":"2026-10-05T08:17:41.591Z","caller":"ipamd/ipamd.go:798","msg":"Primary IP for ENI eni-EXAMPLE13 is 10.20.0.52"}
{"level":"debug","ts":"2026-10-05T08:17:41.591Z","caller":"ipamd/ipamd.go:798","msg":"Primary IP for ENI eni-EXAMPLE14 is 10.20.0.55"}
{"level":"info","ts":"2026-10-05T08:17:43.793Z","caller":"rpc/rpc_grpc.pb.go:117","msg":"Received AddNetwork for NS /var/run/netns/cni-a45378f2-a64a-34a9-cc91-afdcd3e1022f, Sandbox 64a6aba59f3ba431b2124ef8b7d945054560c270647511cf93365e690ab6b51a, ifname eth0"}
{"level":"debug","ts":"2026-10-05T08:17:43.793Z","caller":"rpc/rpc_grpc.pb.go:117","msg":"AddNetworkRequest: K8S_POD_NAME:\"pause-68d5b89fc-ggn9w\"  K8S_POD_NAMESPACE:\"default\"  K8S_POD_INFRA_CONTAINER_ID:\"64a6aba59f3ba431b2124ef8b7d945054560c270647511cf93365e690ab6b51a\"  ContainerID:\"64a6aba59f3ba431b2124ef8b7d945054560c270647511cf93365e690ab6b51a\"  IfName:\"eth0\"  NetworkName:\"aws-cni\"  Netns:\"/var/run/netns/cni-a45378f2-a64a-34a9-cc91-afdcd3e1022f\""}
{"level":"info","ts":"2026-10-05T08:17:43.793Z","caller":"rpc/rpc_grpc.pb.go:117","msg":"Required MultiNIC access false, interfaces required 1"}
{"level":"debug","ts":"2026-10-05T08:17:43.793Z","caller":"datastore/data_store.go:713","msg":"AssignPodIPv4Address: IP address pool stats: total 10, assigned 8"}
{"level":"debug","ts":"2026-10-05T08:17:43.793Z","caller":"datastore/data_store.go:806","msg":"Get free IP from prefix failed no free IP available in the prefix - 10.20.0.36/32"}
{"level":"debug","ts":"2026-10-05T08:17:43.793Z","caller":"datastore/data_store.go:713","msg":"Unable to get IP address from CIDR: no free IP available in the prefix - 10.20.0.36/32"}
{"level":"debug","ts":"2026-10-05T08:17:43.793Z","caller":"datastore/data_store.go:806","msg":"Get free IP from prefix failed no free IP available in the prefix - 10.20.0.37/32"}
{"level":"debug","ts":"2026-10-05T08:17:43.793Z","caller":"datastore/data_store.go:713","msg":"Unable to get IP address from CIDR: no free IP available in the prefix - 10.20.0.37/32"}
{"level":"debug","ts":"2026-10-05T08:17:43.793Z","caller":"datastore/data_store.go:806","msg":"Get free IP from prefix failed no free IP available in the prefix - 10.20.0.54/32"}
{"level":"debug","ts":"2026-10-05T08:17:43.793Z","caller":"datastore/data_store.go:713","msg":"Unable to get IP address from CIDR: no free IP available in the prefix - 10.20.0.54/32"}
{"level":"debug","ts":"2026-10-05T08:17:43.793Z","caller":"datastore/data_store.go:806","msg":"Get free IP from prefix failed no free IP available in the prefix - 10.20.0.49/32"}
{"level":"debug","ts":"2026-10-05T08:17:43.793Z","caller":"datastore/data_store.go:713","msg":"Unable to get IP address from CIDR: no free IP available in the prefix - 10.20.0.49/32"}
{"level":"debug","ts":"2026-10-05T08:17:43.793Z","caller":"datastore/data_store.go:806","msg":"Get free IP from prefix failed no free IP available in the prefix - 10.20.0.50/32"}
{"level":"debug","ts":"2026-10-05T08:17:43.793Z","caller":"datastore/data_store.go:713","msg":"Unable to get IP address from CIDR: no free IP available in the prefix - 10.20.0.50/32"}
{"level":"debug","ts":"2026-10-05T08:17:43.793Z","caller":"datastore/data_store.go:713","msg":"AssignPodIPv4Address: ENI eni-EXAMPLE13 does not have available addresses"}
{"level":"debug","ts":"2026-10-05T08:17:43.793Z","caller":"datastore/data_store.go:1469","msg":"Found a free IP not in DB - 10.20.0.44"}
{"level":"debug","ts":"2026-10-05T08:17:43.793Z","caller":"datastore/data_store.go:806","msg":"Returning Free IP 10.20.0.44"}
{"level":"debug","ts":"2026-10-05T08:17:43.793Z","caller":"datastore/data_store.go:713","msg":"New IP from CIDR pool- 10.20.0.44"}
{"level":"debug","ts":"2026-10-05T08:17:43.793Z","caller":"datastore/data_store.go:713","msg":"Allocating new IP 10.20.0.44 from CIDR 10.20.0.44/32 for pod"}
{"level":"info","ts":"2026-10-05T08:17:43.793Z","caller":"datastore/data_store.go:838","msg":"assignPodIPAddressUnsafe: Assign IP 10.20.0.44 to sandbox aws-cni/64a6aba59f3ba431b2124ef8b7d945054560c270647511cf93365e690ab6b51a/eth0 with metadata {K8SPodNamespace:default K8SPodName:pause-68d5b89fc-ggn9w InterfacesCount:1}"}
{"level":"info","ts":"2026-10-05T08:17:43.793Z","caller":"rpc/rpc_grpc.pb.go:117","msg":"Assigned IP from network card: 0 -> IPv4: 10.20.0.44, IPv6: , device number: 1, "}
{"level":"info","ts":"2026-10-05T08:17:43.793Z","caller":"rpc/rpc_grpc.pb.go:117","msg":"Address assigned from datastores:  1"}
{"level":"debug","ts":"2026-10-05T08:17:43.794Z","caller":"rpc/rpc_grpc.pb.go:117","msg":"VPC CIDR 10.20.0.0/24"}
{"level":"info","ts":"2026-10-05T08:17:43.794Z","caller":"rpc/rpc_grpc.pb.go:117","msg":"Send AddNetworkReply: Success: true IPAddr: [IPv4Addr:\"10.20.0.44\"  DeviceNumber:1  RouteTableId:2], resp: Success:true  IPAllocationMetadata:{IPv4Addr:\"10.20.0.44\"  DeviceNumber:1  RouteTableId:2}  VPCv4CIDRs:\"10.20.0.0/24\"  NetworkPolicyMode:\"standard\", err: <nil>"}
{"level":"debug","ts":"2026-10-05T08:17:44.092Z","caller":"ipamd/ipamd.go:795","msg":"IP stats for Network Card 0 - total IPs: 10, assigned IPs: 9, cooldown IPs: 0"}
{"level":"debug","ts":"2026-10-05T08:17:44.092Z","caller":"ipamd/ipamd.go:813","msg":"Starting to increase pool size for network card 0"}
{"level":"debug","ts":"2026-10-05T08:17:44.092Z","caller":"ipamd/ipamd.go:966","msg":"Node found \"ip-10-20-0-52.ec2.internal\" - no of taints - 0"}
{"level":"debug","ts":"2026-10-05T08:17:44.092Z","caller":"ipamd/ipamd.go:1003","msg":"hasRoomForEni: networkCard=0, currentENIs=2, currentUsableENIs=2, maxENI=3, unmanagedENI=0, trunkEni=0, excludedENI=0, hasRoom=true"}
{"level":"info","ts":"2026-10-05T08:17:44.092Z","caller":"awsutils/awsutils.go:1044","msg":"Trying to allocate 1 IP addresses on new ENI"}
{"level":"debug","ts":"2026-10-05T08:17:44.092Z","caller":"awsutils/awsutils.go:1044","msg":"PD enabled - false"}
{"level":"debug","ts":"2026-10-05T08:17:44.148Z","caller":"awsutils/awsutils.go:1272","msg":"Subnet subnet-EXAMPLE2 has no kubernetes.io/role/cni tag, excluding it from ENI creation"}
{"level":"debug","ts":"2026-10-05T08:17:44.148Z","caller":"awsutils/awsutils.go:1272","msg":"Primary subnet subnet-EXAMPLE1 has no kubernetes.io/role/cni tag, including it for ENI creation (backwards compatibility)"}
{"level":"info","ts":"2026-10-05T08:17:44.149Z","caller":"awsutils/awsutils.go:1044","msg":"Creating ENI with security groups: [sg-EXAMPLE1] in subnet: subnet-EXAMPLE1"}
{"level":"info","ts":"2026-10-05T08:17:44.724Z","caller":"awsutils/awsutils.go:1285","msg":"Created a new ENI: eni-EXAMPLE15"}
{"level":"debug","ts":"2026-10-05T08:17:44.857Z","caller":"awsutils/awsutils.go:1095","msg":"Discovered device number is used for network card 0: 0"}
{"level":"debug","ts":"2026-10-05T08:17:44.857Z","caller":"awsutils/awsutils.go:1095","msg":"Discovered device number is used for network card 0: 1"}
{"level":"debug","ts":"2026-10-05T08:17:44.857Z","caller":"awsutils/awsutils.go:1095","msg":"Found a free device number for network card 0 : 2"}
{"level":"info","ts":"2026-10-05T08:17:46.305Z","caller":"ipamd/ipamd.go:1077","msg":"Successfully created and attached a new ENI eni-EXAMPLE15 to instance on network card 0"}
{"level":"debug","ts":"2026-10-05T08:17:46.307Z","caller":"awsutils/awsutils.go:2253","msg":"Total number of interfaces found: 2 "}
{"level":"debug","ts":"2026-10-05T08:17:46.307Z","caller":"awsutils/awsutils.go:787","msg":"Found ENI MAC address: 0a:ff:d7:e5:f8:71"}
{"level":"debug","ts":"2026-10-05T08:17:46.311Z","caller":"awsutils/awsutils.go:787","msg":"Found ENI: eni-EXAMPLE14, MAC 0a:ff:d7:e5:f8:71, device 1"}
{"level":"debug","ts":"2026-10-05T08:17:46.315Z","caller":"awsutils/awsutils.go:787","msg":"Found IPv4 addresses associated with interface. This is not efa-only interface"}
{"level":"debug","ts":"2026-10-05T08:17:46.320Z","caller":"awsutils/awsutils.go:787","msg":"Found ENI MAC address: 0a:ff:e1:1c:71:73"}
{"level":"debug","ts":"2026-10-05T08:17:46.326Z","caller":"awsutils/awsutils.go:787","msg":"Found ENI: eni-EXAMPLE13, MAC 0a:ff:e1:1c:71:73, device 0"}
{"level":"debug","ts":"2026-10-05T08:17:46.328Z","caller":"awsutils/awsutils.go:787","msg":"Found IPv4 addresses associated with interface. This is not efa-only interface"}
{"level":"debug","ts":"2026-10-05T08:17:46.333Z","caller":"retry/retry.go:70","msg":"Not able to find the right ENI yet (attempt 1/12)"}
{"level":"debug","ts":"2026-10-05T08:17:46.436Z","caller":"awsutils/awsutils.go:2253","msg":"Total number of interfaces found: 2 "}
{"level":"debug","ts":"2026-10-05T08:17:46.436Z","caller":"awsutils/awsutils.go:787","msg":"Found ENI MAC address: 0a:ff:d7:e5:f8:71"}
{"level":"debug","ts":"2026-10-05T08:17:46.439Z","caller":"awsutils/awsutils.go:787","msg":"Found ENI: eni-EXAMPLE14, MAC 0a:ff:d7:e5:f8:71, device 1"}
{"level":"debug","ts":"2026-10-05T08:17:46.441Z","caller":"awsutils/awsutils.go:787","msg":"Found IPv4 addresses associated with interface. This is not efa-only interface"}
{"level":"debug","ts":"2026-10-05T08:17:46.444Z","caller":"awsutils/awsutils.go:787","msg":"Found ENI MAC address: 0a:ff:e1:1c:71:73"}
{"level":"debug","ts":"2026-10-05T08:17:46.446Z","caller":"awsutils/awsutils.go:787","msg":"Found ENI: eni-EXAMPLE13, MAC 0a:ff:e1:1c:71:73, device 0"}
{"level":"debug","ts":"2026-10-05T08:17:46.448Z","caller":"awsutils/awsutils.go:787","msg":"Found IPv4 addresses associated with interface. This is not efa-only interface"}
{"level":"debug","ts":"2026-10-05T08:17:46.459Z","caller":"retry/retry.go:70","msg":"Not able to find the right ENI yet (attempt 2/12)"}
{"level":"debug","ts":"2026-10-05T08:17:46.662Z","caller":"awsutils/awsutils.go:2253","msg":"Total number of interfaces found: 3 "}
{"level":"debug","ts":"2026-10-05T08:17:46.662Z","caller":"awsutils/awsutils.go:787","msg":"Found ENI MAC address: 0a:ff:d7:e5:f8:71"}
{"level":"debug","ts":"2026-10-05T08:17:46.666Z","caller":"awsutils/awsutils.go:787","msg":"Found ENI: eni-EXAMPLE14, MAC 0a:ff:d7:e5:f8:71, device 1"}
{"level":"debug","ts":"2026-10-05T08:17:46.668Z","caller":"awsutils/awsutils.go:787","msg":"Found IPv4 addresses associated with interface. This is not efa-only interface"}
{"level":"debug","ts":"2026-10-05T08:17:46.674Z","caller":"awsutils/awsutils.go:787","msg":"Found ENI MAC address: 0a:ff:e1:1c:71:73"}
{"level":"debug","ts":"2026-10-05T08:17:46.677Z","caller":"awsutils/awsutils.go:787","msg":"Found ENI: eni-EXAMPLE13, MAC 0a:ff:e1:1c:71:73, device 0"}
{"level":"debug","ts":"2026-10-05T08:17:46.679Z","caller":"awsutils/awsutils.go:787","msg":"Found IPv4 addresses associated with interface. This is not efa-only interface"}
{"level":"debug","ts":"2026-10-05T08:17:46.682Z","caller":"awsutils/awsutils.go:787","msg":"Found ENI MAC address: 0a:ff:f5:6a:b4:6f"}
{"level":"debug","ts":"2026-10-05T08:17:46.685Z","caller":"awsutils/awsutils.go:787","msg":"Found ENI: eni-EXAMPLE15, MAC 0a:ff:f5:6a:b4:6f, device 2"}
{"level":"debug","ts":"2026-10-05T08:17:46.687Z","caller":"awsutils/awsutils.go:787","msg":"Found IPv4 addresses associated with interface. This is not efa-only interface"}
{"level":"debug","ts":"2026-10-05T08:17:46.691Z","caller":"retry/retry.go:70","msg":"ENI ID: eni-EXAMPLE15 IP Addr: 2, IPv4Prefixes:- 0, IPv6Prefixes:- 0"}
{"level":"debug","ts":"2026-10-05T08:17:46.691Z","caller":"ipamd/ipamd.go:1313","msg":"DataStore add an ENI eni-EXAMPLE15"}
{"level":"debug","ts":"2026-10-05T08:17:46.927Z","caller":"ipamd/ipamd.go:2913","msg":"IsSubnetExcluded: subnet subnet-EXAMPLE1 has no kubernetes.io/role/cni tag, not excluded"}
{"level":"info","ts":"2026-10-05T08:17:46.927Z","caller":"networkutils/network.go:947","msg":"Setting up network for an ENI with IP address 10.20.0.56, MAC address 0a:ff:f5:6a:b4:6f, CIDR 10.20.0.32/27, route table 3 and Network Card 0"}
{"level":"debug","ts":"2026-10-05T08:17:46.928Z","caller":"netlinkwrapper/netlink.go:138","msg":"netlink operation succeeded on attempt 1 of 5"}
{"level":"debug","ts":"2026-10-05T08:17:46.928Z","caller":"networkutils/network.go:975","msg":"Found the Link that uses mac address 0a:ff:f5:6a:b4:6f and its index is 13 (attempt 1/5)"}
{"level":"debug","ts":"2026-10-05T08:17:46.931Z","caller":"networkutils/network.go:947","msg":"Setting up ENI's primary IP 10.20.0.56"}
{"level":"debug","ts":"2026-10-05T08:17:46.931Z","caller":"netlinkwrapper/netlink.go:174","msg":"netlink operation succeeded on attempt 1 of 5"}
{"level":"debug","ts":"2026-10-05T08:17:46.931Z","caller":"networkutils/network.go:947","msg":"Adding IP address 10.20.0.56/27"}
{"level":"debug","ts":"2026-10-05T08:17:46.931Z","caller":"networkutils/network.go:947","msg":"Setting up ENI's default gateway 10.20.0.33, table 3, linkIndex 13"}
{"level":"debug","ts":"2026-10-05T08:17:46.932Z","caller":"retry/retry.go:70","msg":"Successfully added/replaced route to be 10.20.0.33/0"}
{"level":"debug","ts":"2026-10-05T08:17:46.932Z","caller":"retry/retry.go:70","msg":"Successfully added/replaced route to be 0.0.0.0/0"}
{"level":"info","ts":"2026-10-05T08:17:46.932Z","caller":"networkutils/network.go:947","msg":"Adding rule for Primary IP [ip rule 32765: from 10.20.0.56/32 to all table 3 ]"}
{"level":"debug","ts":"2026-10-05T08:17:46.932Z","caller":"networkutils/network.go:947","msg":"setupENINetwork: rule for Primary IP 10.20.0.56 added"}
{"level":"info","ts":"2026-10-05T08:17:46.932Z","caller":"ipamd/ipamd.go:1097","msg":"Found ENIs having 2 secondary IPs and 0 Prefixes"}
{"level":"info","ts":"2026-10-05T08:17:46.932Z","caller":"ipamd/ipamd.go:1387","msg":"Adding 10.20.0.57/32 to DS for eni-EXAMPLE15"}
{"level":"info","ts":"2026-10-05T08:17:46.932Z","caller":"ipamd/ipamd.go:1387","msg":"Added ENI(eni-EXAMPLE15)'s IP/Prefix 10.20.0.57/32 to datastore"}
{"level":"debug","ts":"2026-10-05T08:17:46.932Z","caller":"ipamd/ipamd.go:1394","msg":"IP pool stats for network card 0: Total IPs/Prefixes = 11/0, AssignedIPs/CooldownIPs: 9/0, c.maxIPsPerENI = 5"}
{"level":"debug","ts":"2026-10-05T08:17:46.932Z","caller":"ipamd/ipamd.go:1415","msg":"IP pool stats for network card 0: Total IPs/Prefixes = 11/0, AssignedIPs/CooldownIPs: 9/0, c.maxIPsPerENI = 5"}
{"level":"debug","ts":"2026-10-05T08:17:46.932Z","caller":"ipamd/ipamd.go:1053","msg":"IP pool stats for network card 0: Total IPs/Prefixes = 11/0, AssignedIPs/CooldownIPs: 9/0, c.maxIPsPerENI = 5"}
{"level":"debug","ts":"2026-10-05T08:17:46.932Z","caller":"ipamd/ipamd.go:861","msg":"Node found \"ip-10-20-0-52.ec2.internal\" - no of taints - 0"}
{"level":"debug","ts":"2026-10-05T08:17:46.932Z","caller":"datastore/data_store.go:1148","msg":"ENI eni-EXAMPLE14 cannot be deleted because it has pods assigned"}
{"level":"debug","ts":"2026-10-05T08:17:46.932Z","caller":"datastore/data_store.go:1148","msg":"ENI eni-EXAMPLE15 cannot be deleted because it is too young"}
{"level":"debug","ts":"2026-10-05T08:17:46.932Z","caller":"datastore/data_store.go:1148","msg":"ENI eni-EXAMPLE13 cannot be deleted because it is primary"}
{"level":"debug","ts":"2026-10-05T08:17:51.934Z","caller":"ipamd/ipamd.go:795","msg":"IP stats for Network Card 0 - total IPs: 11, assigned IPs: 9, cooldown IPs: 0"}
{"level":"debug","ts":"2026-10-05T08:17:51.934Z","caller":"ipamd/ipamd.go:861","msg":"Node found \"ip-10-20-0-52.ec2.internal\" - no of taints - 0"}
{"level":"debug","ts":"2026-10-05T08:17:51.934Z","caller":"datastore/data_store.go:1148","msg":"ENI eni-EXAMPLE14 cannot be deleted because it has pods assigned"}
{"level":"debug","ts":"2026-10-05T08:17:51.934Z","caller":"datastore/data_store.go:1148","msg":"ENI eni-EXAMPLE15 cannot be deleted because it is too young"}
{"level":"debug","ts":"2026-10-05T08:17:51.934Z","caller":"datastore/data_store.go:1148","msg":"ENI eni-EXAMPLE13 cannot be deleted because it is primary"}
{"level":"debug","ts":"2026-10-05T08:17:56.935Z","caller":"ipamd/ipamd.go:795","msg":"IP stats for Network Card 0 - total IPs: 11, assigned IPs: 9, cooldown IPs: 0"}
{"level":"debug","ts":"2026-10-05T08:17:56.935Z","caller":"ipamd/ipamd.go:861","msg":"Node found \"ip-10-20-0-52.ec2.internal\" - no of taints - 0"}
{"level":"debug","ts":"2026-10-05T08:17:56.935Z","caller":"datastore/data_store.go:1148","msg":"ENI eni-EXAMPLE13 cannot be deleted because it is primary"}
{"level":"debug","ts":"2026-10-05T08:17:56.935Z","caller":"datastore/data_store.go:1148","msg":"ENI eni-EXAMPLE14 cannot be deleted because it has pods assigned"}
{"level":"debug","ts":"2026-10-05T08:17:56.935Z","caller":"datastore/data_store.go:1148","msg":"ENI eni-EXAMPLE15 cannot be deleted because it is too young"}
{"level":"debug","ts":"2026-10-05T08:18:01.936Z","caller":"ipamd/ipamd.go:795","msg":"IP stats for Network Card 0 - total IPs: 11, assigned IPs: 9, cooldown IPs: 0"}
{"level":"debug","ts":"2026-10-05T08:18:01.936Z","caller":"ipamd/ipamd.go:861","msg":"Node found \"ip-10-20-0-52.ec2.internal\" - no of taints - 0"}
{"level":"debug","ts":"2026-10-05T08:18:01.936Z","caller":"datastore/data_store.go:1148","msg":"ENI eni-EXAMPLE13 cannot be deleted because it is primary"}
{"level":"debug","ts":"2026-10-05T08:18:01.936Z","caller":"datastore/data_store.go:1148","msg":"ENI eni-EXAMPLE14 cannot be deleted because it has pods assigned"}
{"level":"debug","ts":"2026-10-05T08:18:01.936Z","caller":"datastore/data_store.go:1148","msg":"ENI eni-EXAMPLE15 cannot be deleted because it is too young"}
{"level":"debug","ts":"2026-10-05T08:18:06.939Z","caller":"ipamd/ipamd.go:795","msg":"IP stats for Network Card 0 - total IPs: 11, assigned IPs: 9, cooldown IPs: 0"}
{"level":"debug","ts":"2026-10-05T08:18:06.939Z","caller":"ipamd/ipamd.go:861","msg":"Node found \"ip-10-20-0-52.ec2.internal\" - no of taints - 0"}
{"level":"debug","ts":"2026-10-05T08:18:06.939Z","caller":"datastore/data_store.go:1148","msg":"ENI eni-EXAMPLE13 cannot be deleted because it is primary"}
{"level":"debug","ts":"2026-10-05T08:18:06.939Z","caller":"datastore/data_store.go:1148","msg":"ENI eni-EXAMPLE14 cannot be deleted because it has pods assigned"}
{"level":"debug","ts":"2026-10-05T08:18:06.939Z","caller":"datastore/data_store.go:1148","msg":"ENI eni-EXAMPLE15 cannot be deleted because it is too young"}
{"level":"debug","ts":"2026-10-05T08:18:11.939Z","caller":"ipamd/ipamd.go:795","msg":"IP stats for Network Card 0 - total IPs: 11, assigned IPs: 9, cooldown IPs: 0"}
{"level":"debug","ts":"2026-10-05T08:18:11.939Z","caller":"ipamd/ipamd.go:861","msg":"Node found \"ip-10-20-0-52.ec2.internal\" - no of taints - 0"}
{"level":"debug","ts":"2026-10-05T08:18:11.939Z","caller":"datastore/data_store.go:1148","msg":"ENI eni-EXAMPLE13 cannot be deleted because it is primary"}
{"level":"debug","ts":"2026-10-05T08:18:11.939Z","caller":"datastore/data_store.go:1148","msg":"ENI eni-EXAMPLE14 cannot be deleted because it has pods assigned"}
{"level":"debug","ts":"2026-10-05T08:18:11.939Z","caller":"datastore/data_store.go:1148","msg":"ENI eni-EXAMPLE15 cannot be deleted because it is too young"}
{"level":"debug","ts":"2026-10-05T08:18:16.941Z","caller":"ipamd/ipamd.go:795","msg":"IP stats for Network Card 0 - total IPs: 11, assigned IPs: 9, cooldown IPs: 0"}
{"level":"debug","ts":"2026-10-05T08:18:16.941Z","caller":"ipamd/ipamd.go:861","msg":"Node found \"ip-10-20-0-52.ec2.internal\" - no of taints - 0"}
{"level":"debug","ts":"2026-10-05T08:18:16.941Z","caller":"datastore/data_store.go:1148","msg":"ENI eni-EXAMPLE13 cannot be deleted because it is primary"}
{"level":"debug","ts":"2026-10-05T08:18:16.941Z","caller":"datastore/data_store.go:1148","msg":"ENI eni-EXAMPLE14 cannot be deleted because it has pods assigned"}
{"level":"debug","ts":"2026-10-05T08:18:16.941Z","caller":"datastore/data_store.go:1148","msg":"ENI eni-EXAMPLE15 cannot be deleted because it is too young"}
{"level":"debug","ts":"2026-10-05T08:18:21.942Z","caller":"ipamd/ipamd.go:795","msg":"IP stats for Network Card 0 - total IPs: 11, assigned IPs: 9, cooldown IPs: 0"}
{"level":"debug","ts":"2026-10-05T08:18:21.942Z","caller":"ipamd/ipamd.go:861","msg":"Node found \"ip-10-20-0-52.ec2.internal\" - no of taints - 0"}
{"level":"debug","ts":"2026-10-05T08:18:21.942Z","caller":"datastore/data_store.go:1148","msg":"ENI eni-EXAMPLE13 cannot be deleted because it is primary"}
{"level":"debug","ts":"2026-10-05T08:18:21.942Z","caller":"datastore/data_store.go:1148","msg":"ENI eni-EXAMPLE14 cannot be deleted because it has pods assigned"}
{"level":"debug","ts":"2026-10-05T08:18:21.942Z","caller":"datastore/data_store.go:1148","msg":"ENI eni-EXAMPLE15 cannot be deleted because it is too young"}
{"level":"debug","ts":"2026-10-05T08:18:26.942Z","caller":"ipamd/ipamd.go:795","msg":"IP stats for Network Card 0 - total IPs: 11, assigned IPs: 9, cooldown IPs: 0"}
{"level":"debug","ts":"2026-10-05T08:18:26.942Z","caller":"ipamd/ipamd.go:861","msg":"Node found \"ip-10-20-0-52.ec2.internal\" - no of taints - 0"}
{"level":"debug","ts":"2026-10-05T08:18:26.942Z","caller":"datastore/data_store.go:1148","msg":"ENI eni-EXAMPLE13 cannot be deleted because it is primary"}
{"level":"debug","ts":"2026-10-05T08:18:26.942Z","caller":"datastore/data_store.go:1148","msg":"ENI eni-EXAMPLE14 cannot be deleted because it has pods assigned"}
{"level":"debug","ts":"2026-10-05T08:18:26.942Z","caller":"datastore/data_store.go:1148","msg":"ENI eni-EXAMPLE15 cannot be deleted because it is too young"}
{"level":"debug","ts":"2026-10-05T08:18:31.944Z","caller":"ipamd/ipamd.go:795","msg":"IP stats for Network Card 0 - total IPs: 11, assigned IPs: 9, cooldown IPs: 0"}
{"level":"debug","ts":"2026-10-05T08:18:31.944Z","caller":"ipamd/ipamd.go:861","msg":"Node found \"ip-10-20-0-52.ec2.internal\" - no of taints - 0"}
{"level":"debug","ts":"2026-10-05T08:18:31.944Z","caller":"datastore/data_store.go:1148","msg":"ENI eni-EXAMPLE13 cannot be deleted because it is primary"}
{"level":"debug","ts":"2026-10-05T08:18:31.944Z","caller":"datastore/data_store.go:1148","msg":"ENI eni-EXAMPLE14 cannot be deleted because it has pods assigned"}
{"level":"debug","ts":"2026-10-05T08:18:31.944Z","caller":"datastore/data_store.go:1148","msg":"ENI eni-EXAMPLE15 cannot be deleted because it is too young"}
{"level":"debug","ts":"2026-10-05T08:18:36.946Z","caller":"ipamd/ipamd.go:795","msg":"IP stats for Network Card 0 - total IPs: 11, assigned IPs: 9, cooldown IPs: 0"}
{"level":"debug","ts":"2026-10-05T08:18:36.946Z","caller":"ipamd/ipamd.go:861","msg":"Node found \"ip-10-20-0-52.ec2.internal\" - no of taints - 0"}
{"level":"debug","ts":"2026-10-05T08:18:36.946Z","caller":"datastore/data_store.go:1148","msg":"ENI eni-EXAMPLE15 cannot be deleted because it is too young"}
{"level":"debug","ts":"2026-10-05T08:18:36.946Z","caller":"datastore/data_store.go:1148","msg":"ENI eni-EXAMPLE13 cannot be deleted because it is primary"}
{"level":"debug","ts":"2026-10-05T08:18:36.946Z","caller":"datastore/data_store.go:1148","msg":"ENI eni-EXAMPLE14 cannot be deleted because it has pods assigned"}
{"level":"debug","ts":"2026-10-05T08:18:41.947Z","caller":"ipamd/ipamd.go:795","msg":"IP stats for Network Card 0 - total IPs: 11, assigned IPs: 9, cooldown IPs: 0"}
{"level":"debug","ts":"2026-10-05T08:18:41.947Z","caller":"ipamd/ipamd.go:861","msg":"Node found \"ip-10-20-0-52.ec2.internal\" - no of taints - 0"}
{"level":"debug","ts":"2026-10-05T08:18:41.948Z","caller":"datastore/data_store.go:1148","msg":"ENI eni-EXAMPLE13 cannot be deleted because it is primary"}
{"level":"debug","ts":"2026-10-05T08:18:41.948Z","caller":"datastore/data_store.go:1148","msg":"ENI eni-EXAMPLE14 cannot be deleted because it has pods assigned"}
{"level":"debug","ts":"2026-10-05T08:18:41.948Z","caller":"datastore/data_store.go:1148","msg":"ENI eni-EXAMPLE15 cannot be deleted because it is too young"}
{"level":"debug","ts":"2026-10-05T08:18:46.949Z","caller":"ipamd/ipamd.go:795","msg":"IP stats for Network Card 0 - total IPs: 11, assigned IPs: 9, cooldown IPs: 0"}
{"level":"debug","ts":"2026-10-05T08:18:46.950Z","caller":"ipamd/ipamd.go:861","msg":"Node found \"ip-10-20-0-52.ec2.internal\" - no of taints - 0"}
{"level":"debug","ts":"2026-10-05T08:18:46.950Z","caller":"datastore/data_store.go:1148","msg":"ENI eni-EXAMPLE13 cannot be deleted because it is primary"}
{"level":"debug","ts":"2026-10-05T08:18:46.950Z","caller":"datastore/data_store.go:1148","msg":"ENI eni-EXAMPLE14 cannot be deleted because it has pods assigned"}
{"level":"debug","ts":"2026-10-05T08:18:46.950Z","caller":"datastore/data_store.go:1148","msg":"ENI eni-EXAMPLE15 cannot be deleted because it is required for WARM_IP_TARGET: 2"}
{"level":"debug","ts":"2026-10-05T08:18:49.451Z","caller":"ipamd/ipamd.go:798","msg":"Reconciling ENI/IP pool info because time since last 1m2.518160335s > 1m0s"}
{"level":"debug","ts":"2026-10-05T08:18:49.452Z","caller":"ipamd/ipamd.go:1621","msg":"Total number of interfaces found: 3 "}
{"level":"debug","ts":"2026-10-05T08:18:49.452Z","caller":"awsutils/awsutils.go:787","msg":"Found ENI MAC address: 0a:ff:d7:e5:f8:71"}
{"level":"debug","ts":"2026-10-05T08:18:49.454Z","caller":"awsutils/awsutils.go:787","msg":"Found ENI: eni-EXAMPLE14, MAC 0a:ff:d7:e5:f8:71, device 1"}
{"level":"debug","ts":"2026-10-05T08:18:49.456Z","caller":"awsutils/awsutils.go:787","msg":"Found IPv4 addresses associated with interface. This is not efa-only interface"}
{"level":"debug","ts":"2026-10-05T08:18:49.459Z","caller":"awsutils/awsutils.go:787","msg":"Found ENI MAC address: 0a:ff:e1:1c:71:73"}
{"level":"debug","ts":"2026-10-05T08:18:49.461Z","caller":"awsutils/awsutils.go:787","msg":"Found ENI: eni-EXAMPLE13, MAC 0a:ff:e1:1c:71:73, device 0"}
{"level":"debug","ts":"2026-10-05T08:18:49.463Z","caller":"awsutils/awsutils.go:787","msg":"Found IPv4 addresses associated with interface. This is not efa-only interface"}
{"level":"debug","ts":"2026-10-05T08:18:49.466Z","caller":"awsutils/awsutils.go:787","msg":"Found ENI MAC address: 0a:ff:f5:6a:b4:6f"}
{"level":"debug","ts":"2026-10-05T08:18:49.468Z","caller":"awsutils/awsutils.go:787","msg":"Found ENI: eni-EXAMPLE15, MAC 0a:ff:f5:6a:b4:6f, device 2"}
{"level":"debug","ts":"2026-10-05T08:18:49.470Z","caller":"awsutils/awsutils.go:787","msg":"Found IPv4 addresses associated with interface. This is not efa-only interface"}
{"level":"debug","ts":"2026-10-05T08:18:49.473Z","caller":"ipamd/ipamd.go:798","msg":"Reconcile existing ENI eni-EXAMPLE14 IP pool"}
{"level":"info","ts":"2026-10-05T08:18:49.473Z","caller":"ipamd/ipamd.go:1766","msg":"Reconcile and skip primary IP 10.20.0.55 on ENI eni-EXAMPLE14"}
{"level":"info","ts":"2026-10-05T08:18:49.473Z","caller":"ipamd/ipamd.go:1766","msg":"Trying to add 10.20.0.41"}
{"level":"info","ts":"2026-10-05T08:18:49.473Z","caller":"ipamd/ipamd.go:1890","msg":"Adding 10.20.0.41/32 to DS for eni-EXAMPLE14"}
{"level":"info","ts":"2026-10-05T08:18:49.473Z","caller":"ipamd/ipamd.go:1890","msg":"IP already in DS"}
{"level":"info","ts":"2026-10-05T08:18:49.473Z","caller":"ipamd/ipamd.go:1766","msg":"Trying to add 10.20.0.61"}
{"level":"info","ts":"2026-10-05T08:18:49.473Z","caller":"ipamd/ipamd.go:1890","msg":"Adding 10.20.0.61/32 to DS for eni-EXAMPLE14"}
{"level":"info","ts":"2026-10-05T08:18:49.473Z","caller":"ipamd/ipamd.go:1890","msg":"IP already in DS"}
{"level":"info","ts":"2026-10-05T08:18:49.473Z","caller":"ipamd/ipamd.go:1766","msg":"Trying to add 10.20.0.60"}
{"level":"info","ts":"2026-10-05T08:18:49.473Z","caller":"ipamd/ipamd.go:1890","msg":"Adding 10.20.0.60/32 to DS for eni-EXAMPLE14"}
{"level":"info","ts":"2026-10-05T08:18:49.473Z","caller":"ipamd/ipamd.go:1890","msg":"IP already in DS"}
{"level":"info","ts":"2026-10-05T08:18:49.473Z","caller":"ipamd/ipamd.go:1766","msg":"Trying to add 10.20.0.40"}
{"level":"info","ts":"2026-10-05T08:18:49.473Z","caller":"ipamd/ipamd.go:1890","msg":"Adding 10.20.0.40/32 to DS for eni-EXAMPLE14"}
{"level":"info","ts":"2026-10-05T08:18:49.473Z","caller":"ipamd/ipamd.go:1890","msg":"IP already in DS"}
{"level":"info","ts":"2026-10-05T08:18:49.473Z","caller":"ipamd/ipamd.go:1766","msg":"Trying to add 10.20.0.44"}
{"level":"info","ts":"2026-10-05T08:18:49.473Z","caller":"ipamd/ipamd.go:1890","msg":"Adding 10.20.0.44/32 to DS for eni-EXAMPLE14"}
{"level":"info","ts":"2026-10-05T08:18:49.473Z","caller":"ipamd/ipamd.go:1890","msg":"IP already in DS"}
{"level":"debug","ts":"2026-10-05T08:18:49.473Z","caller":"ipamd/ipamd.go:798","msg":"Reconcile existing ENI eni-EXAMPLE14 IP prefixes"}
{"level":"debug","ts":"2026-10-05T08:18:49.473Z","caller":"ipamd/ipamd.go:1693","msg":"Found prefix pool count 0 for eni eni-EXAMPLE14\n"}
{"level":"debug","ts":"2026-10-05T08:18:49.473Z","caller":"ipamd/ipamd.go:798","msg":"Reconcile existing ENI eni-EXAMPLE13 IP pool"}
{"level":"info","ts":"2026-10-05T08:18:49.473Z","caller":"ipamd/ipamd.go:1766","msg":"Reconcile and skip primary IP 10.20.0.52 on ENI eni-EXAMPLE13"}
{"level":"info","ts":"2026-10-05T08:18:49.473Z","caller":"ipamd/ipamd.go:1766","msg":"Trying to add 10.20.0.36"}
{"level":"info","ts":"2026-10-05T08:18:49.473Z","caller":"ipamd/ipamd.go:1890","msg":"Adding 10.20.0.36/32 to DS for eni-EXAMPLE13"}
{"level":"info","ts":"2026-10-05T08:18:49.473Z","caller":"ipamd/ipamd.go:1890","msg":"IP already in DS"}
{"level":"info","ts":"2026-10-05T08:18:49.473Z","caller":"ipamd/ipamd.go:1766","msg":"Trying to add 10.20.0.37"}
{"level":"info","ts":"2026-10-05T08:18:49.473Z","caller":"ipamd/ipamd.go:1890","msg":"Adding 10.20.0.37/32 to DS for eni-EXAMPLE13"}
{"level":"info","ts":"2026-10-05T08:18:49.473Z","caller":"ipamd/ipamd.go:1890","msg":"IP already in DS"}
{"level":"info","ts":"2026-10-05T08:18:49.473Z","caller":"ipamd/ipamd.go:1766","msg":"Trying to add 10.20.0.54"}
{"level":"info","ts":"2026-10-05T08:18:49.473Z","caller":"ipamd/ipamd.go:1890","msg":"Adding 10.20.0.54/32 to DS for eni-EXAMPLE13"}
{"level":"info","ts":"2026-10-05T08:18:49.473Z","caller":"ipamd/ipamd.go:1890","msg":"IP already in DS"}
{"level":"info","ts":"2026-10-05T08:18:49.473Z","caller":"ipamd/ipamd.go:1766","msg":"Trying to add 10.20.0.49"}
{"level":"info","ts":"2026-10-05T08:18:49.473Z","caller":"ipamd/ipamd.go:1890","msg":"Adding 10.20.0.49/32 to DS for eni-EXAMPLE13"}
{"level":"info","ts":"2026-10-05T08:18:49.473Z","caller":"ipamd/ipamd.go:1890","msg":"IP already in DS"}
{"level":"info","ts":"2026-10-05T08:18:49.473Z","caller":"ipamd/ipamd.go:1766","msg":"Trying to add 10.20.0.50"}
{"level":"info","ts":"2026-10-05T08:18:49.473Z","caller":"ipamd/ipamd.go:1890","msg":"Adding 10.20.0.50/32 to DS for eni-EXAMPLE13"}
{"level":"info","ts":"2026-10-05T08:18:49.473Z","caller":"ipamd/ipamd.go:1890","msg":"IP already in DS"}
{"level":"debug","ts":"2026-10-05T08:18:49.473Z","caller":"ipamd/ipamd.go:798","msg":"Reconcile existing ENI eni-EXAMPLE13 IP prefixes"}
{"level":"debug","ts":"2026-10-05T08:18:49.473Z","caller":"ipamd/ipamd.go:1693","msg":"Found prefix pool count 0 for eni eni-EXAMPLE13\n"}
{"level":"debug","ts":"2026-10-05T08:18:49.473Z","caller":"ipamd/ipamd.go:798","msg":"Reconcile existing ENI eni-EXAMPLE15 IP pool"}
{"level":"info","ts":"2026-10-05T08:18:49.473Z","caller":"ipamd/ipamd.go:1766","msg":"Reconcile and skip primary IP 10.20.0.56 on ENI eni-EXAMPLE15"}
{"level":"info","ts":"2026-10-05T08:18:49.473Z","caller":"ipamd/ipamd.go:1766","msg":"Trying to add 10.20.0.57"}
{"level":"info","ts":"2026-10-05T08:18:49.473Z","caller":"ipamd/ipamd.go:1890","msg":"Adding 10.20.0.57/32 to DS for eni-EXAMPLE15"}
{"level":"info","ts":"2026-10-05T08:18:49.473Z","caller":"ipamd/ipamd.go:1890","msg":"IP already in DS"}
{"level":"debug","ts":"2026-10-05T08:18:49.473Z","caller":"ipamd/ipamd.go:798","msg":"Reconcile existing ENI eni-EXAMPLE15 IP prefixes"}
{"level":"debug","ts":"2026-10-05T08:18:49.473Z","caller":"ipamd/ipamd.go:1693","msg":"Found prefix pool count 0 for eni eni-EXAMPLE15\n"}
{"level":"debug","ts":"2026-10-05T08:18:49.473Z","caller":"ipamd/ipamd.go:798","msg":"Successfully Reconciled ENI/IP pool"}
{"level":"debug","ts":"2026-10-05T08:18:49.473Z","caller":"ipamd/ipamd.go:1738","msg":"IP pool stats for network card 0: Total IPs/Prefixes = 11/0, AssignedIPs/CooldownIPs: 9/0, c.maxIPsPerENI = 5"}
{"level":"debug","ts":"2026-10-05T08:18:49.473Z","caller":"ipamd/ipamd.go:798","msg":"Primary IP for ENI eni-EXAMPLE13 is 10.20.0.52"}
{"level":"debug","ts":"2026-10-05T08:18:49.473Z","caller":"ipamd/ipamd.go:798","msg":"Primary IP for ENI eni-EXAMPLE14 is 10.20.0.55"}
{"level":"debug","ts":"2026-10-05T08:18:49.473Z","caller":"ipamd/ipamd.go:798","msg":"Primary IP for ENI eni-EXAMPLE15 is 10.20.0.56"}
{"level":"info","ts":"2026-10-05T08:18:49.903Z","caller":"rpc/rpc_grpc.pb.go:117","msg":"Received AddNetwork for NS /var/run/netns/cni-31e44682-d15e-2b58-0af5-1b0d2f950124, Sandbox ed8ea24e49af016c7e50fd1bae350c808bfe92e25e1471ab21ccba9a4f81469b, ifname eth0"}
{"level":"debug","ts":"2026-10-05T08:18:49.903Z","caller":"rpc/rpc_grpc.pb.go:117","msg":"AddNetworkRequest: K8S_POD_NAME:\"pause-68d5b89fc-m788j\"  K8S_POD_NAMESPACE:\"default\"  K8S_POD_INFRA_CONTAINER_ID:\"ed8ea24e49af016c7e50fd1bae350c808bfe92e25e1471ab21ccba9a4f81469b\"  ContainerID:\"ed8ea24e49af016c7e50fd1bae350c808bfe92e25e1471ab21ccba9a4f81469b\"  IfName:\"eth0\"  NetworkName:\"aws-cni\"  Netns:\"/var/run/netns/cni-31e44682-d15e-2b58-0af5-1b0d2f950124\""}
{"level":"info","ts":"2026-10-05T08:18:49.903Z","caller":"rpc/rpc_grpc.pb.go:117","msg":"Required MultiNIC access false, interfaces required 1"}
{"level":"debug","ts":"2026-10-05T08:18:49.903Z","caller":"datastore/data_store.go:713","msg":"AssignPodIPv4Address: IP address pool stats: total 11, assigned 9"}
{"level":"debug","ts":"2026-10-05T08:18:49.903Z","caller":"datastore/data_store.go:806","msg":"Get free IP from prefix failed no free IP available in the prefix - 10.20.0.37/32"}
{"level":"debug","ts":"2026-10-05T08:18:49.903Z","caller":"datastore/data_store.go:713","msg":"Unable to get IP address from CIDR: no free IP available in the prefix - 10.20.0.37/32"}
{"level":"debug","ts":"2026-10-05T08:18:49.903Z","caller":"datastore/data_store.go:806","msg":"Get free IP from prefix failed no free IP available in the prefix - 10.20.0.54/32"}
{"level":"debug","ts":"2026-10-05T08:18:49.903Z","caller":"datastore/data_store.go:713","msg":"Unable to get IP address from CIDR: no free IP available in the prefix - 10.20.0.54/32"}
{"level":"debug","ts":"2026-10-05T08:18:49.903Z","caller":"datastore/data_store.go:806","msg":"Get free IP from prefix failed no free IP available in the prefix - 10.20.0.49/32"}
{"level":"debug","ts":"2026-10-05T08:18:49.903Z","caller":"datastore/data_store.go:713","msg":"Unable to get IP address from CIDR: no free IP available in the prefix - 10.20.0.49/32"}
{"level":"debug","ts":"2026-10-05T08:18:49.903Z","caller":"datastore/data_store.go:806","msg":"Get free IP from prefix failed no free IP available in the prefix - 10.20.0.50/32"}
{"level":"debug","ts":"2026-10-05T08:18:49.903Z","caller":"datastore/data_store.go:713","msg":"Unable to get IP address from CIDR: no free IP available in the prefix - 10.20.0.50/32"}
{"level":"debug","ts":"2026-10-05T08:18:49.903Z","caller":"datastore/data_store.go:806","msg":"Get free IP from prefix failed no free IP available in the prefix - 10.20.0.36/32"}
{"level":"debug","ts":"2026-10-05T08:18:49.903Z","caller":"datastore/data_store.go:713","msg":"Unable to get IP address from CIDR: no free IP available in the prefix - 10.20.0.36/32"}
{"level":"debug","ts":"2026-10-05T08:18:49.903Z","caller":"datastore/data_store.go:713","msg":"AssignPodIPv4Address: ENI eni-EXAMPLE13 does not have available addresses"}
{"level":"debug","ts":"2026-10-05T08:18:49.903Z","caller":"datastore/data_store.go:806","msg":"Get free IP from prefix failed no free IP available in the prefix - 10.20.0.61/32"}
{"level":"debug","ts":"2026-10-05T08:18:49.903Z","caller":"datastore/data_store.go:713","msg":"Unable to get IP address from CIDR: no free IP available in the prefix - 10.20.0.61/32"}
{"level":"debug","ts":"2026-10-05T08:18:49.903Z","caller":"datastore/data_store.go:806","msg":"Get free IP from prefix failed no free IP available in the prefix - 10.20.0.60/32"}
{"level":"debug","ts":"2026-10-05T08:18:49.903Z","caller":"datastore/data_store.go:713","msg":"Unable to get IP address from CIDR: no free IP available in the prefix - 10.20.0.60/32"}
{"level":"debug","ts":"2026-10-05T08:18:49.903Z","caller":"datastore/data_store.go:1469","msg":"Found a free IP not in DB - 10.20.0.40"}
{"level":"debug","ts":"2026-10-05T08:18:49.903Z","caller":"datastore/data_store.go:806","msg":"Returning Free IP 10.20.0.40"}
{"level":"debug","ts":"2026-10-05T08:18:49.903Z","caller":"datastore/data_store.go:713","msg":"New IP from CIDR pool- 10.20.0.40"}
{"level":"debug","ts":"2026-10-05T08:18:49.903Z","caller":"datastore/data_store.go:713","msg":"Allocating new IP 10.20.0.40 from CIDR 10.20.0.40/32 for pod"}
{"level":"info","ts":"2026-10-05T08:18:49.903Z","caller":"datastore/data_store.go:838","msg":"assignPodIPAddressUnsafe: Assign IP 10.20.0.40 to sandbox aws-cni/ed8ea24e49af016c7e50fd1bae350c808bfe92e25e1471ab21ccba9a4f81469b/eth0 with metadata {K8SPodNamespace:default K8SPodName:pause-68d5b89fc-m788j InterfacesCount:1}"}
{"level":"info","ts":"2026-10-05T08:18:49.904Z","caller":"rpc/rpc_grpc.pb.go:117","msg":"Assigned IP from network card: 0 -> IPv4: 10.20.0.40, IPv6: , device number: 1, "}
{"level":"info","ts":"2026-10-05T08:18:49.904Z","caller":"rpc/rpc_grpc.pb.go:117","msg":"Address assigned from datastores:  1"}
{"level":"debug","ts":"2026-10-05T08:18:49.905Z","caller":"rpc/rpc_grpc.pb.go:117","msg":"VPC CIDR 10.20.0.0/24"}
{"level":"info","ts":"2026-10-05T08:18:49.905Z","caller":"rpc/rpc_grpc.pb.go:117","msg":"Send AddNetworkReply: Success: true IPAddr: [IPv4Addr:\"10.20.0.40\"  DeviceNumber:1  RouteTableId:2], resp: Success:true  IPAllocationMetadata:{IPv4Addr:\"10.20.0.40\"  DeviceNumber:1  RouteTableId:2}  VPCv4CIDRs:\"10.20.0.0/24\"  NetworkPolicyMode:\"standard\", err: <nil>"}
{"level":"debug","ts":"2026-10-05T08:18:51.973Z","caller":"ipamd/ipamd.go:795","msg":"IP stats for Network Card 0 - total IPs: 11, assigned IPs: 10, cooldown IPs: 0"}
{"level":"debug","ts":"2026-10-05T08:18:51.973Z","caller":"ipamd/ipamd.go:813","msg":"Starting to increase pool size for network card 0"}
{"level":"debug","ts":"2026-10-05T08:18:51.973Z","caller":"ipamd/ipamd.go:966","msg":"Node found \"ip-10-20-0-52.ec2.internal\" - no of taints - 0"}
{"level":"debug","ts":"2026-10-05T08:18:51.973Z","caller":"ipamd/ipamd.go:1135","msg":"Found ENI eni-EXAMPLE15 that has less than the maximum number of IP/Prefixes addresses allocated: cur=1, max=5"}
{"level":"info","ts":"2026-10-05T08:18:51.973Z","caller":"ipamd/ipamd.go:1141","msg":"Trying to allocate 1 IP addresses on ENI eni-EXAMPLE15"}
{"level":"debug","ts":"2026-10-05T08:18:51.973Z","caller":"ipamd/ipamd.go:1141","msg":"PD enabled - false"}
{"level":"debug","ts":"2026-10-05T08:18:52.426Z","caller":"awsutils/awsutils.go:2174","msg":"checkAPIErrorAndBroadcastEvent resulted in operation error EC2: AssignPrivateIpAddresses, https response error StatusCode: 400, RequestID: ef5910dc-a90c-4900-8d0e-4de4bfd6619a, api error InsufficientFreeAddressesInSubnet: The specified subnet does not have enough free addresses to satisfy the request."}
{"level":"error","ts":"2026-10-05T08:18:52.426Z","caller":"ipamd/ipamd.go:1141","msg":"Failed to allocate a private IP/Prefix addresses on ENI eni-EXAMPLE15: operation error EC2: AssignPrivateIpAddresses, https response error StatusCode: 400, RequestID: ef5910dc-a90c-4900-8d0e-4de4bfd6619a, api error InsufficientFreeAddressesInSubnet: The specified subnet does not have enough free addresses to satisfy the request."}
{"level":"debug","ts":"2026-10-05T08:18:52.426Z","caller":"ipamd/ipamd.go:1142","msg":"containsPrivateIPAddressLimitExceededError encountered operation error EC2: AssignPrivateIpAddresses, https response error StatusCode: 400, RequestID: ef5910dc-a90c-4900-8d0e-4de4bfd6619a, api error InsufficientFreeAddressesInSubnet: The specified subnet does not have enough free addresses to satisfy the request."}
{"level":"warn","ts":"2026-10-05T08:18:52.426Z","caller":"ipamd/ipamd.go:1115","msg":"failed to allocate all available IP addresses on ENI eni-EXAMPLE15, err: operation error EC2: AssignPrivateIpAddresses, https response error StatusCode: 400, RequestID: ef5910dc-a90c-4900-8d0e-4de4bfd6619a, api error InsufficientFreeAddressesInSubnet: The specified subnet does not have enough free addresses to satisfy the request."}
{"level":"info","ts":"2026-10-05T08:18:52.426Z","caller":"ipamd/ipamd.go:1145","msg":"Trying to allocate 1 IP addresses on ENI eni-EXAMPLE15"}
{"level":"debug","ts":"2026-10-05T08:18:52.426Z","caller":"ipamd/ipamd.go:1145","msg":"PD enabled - false"}
{"level":"debug","ts":"2026-10-05T08:18:52.877Z","caller":"awsutils/awsutils.go:2174","msg":"checkAPIErrorAndBroadcastEvent resulted in operation error EC2: AssignPrivateIpAddresses, https response error StatusCode: 400, RequestID: 9325d9c5-3852-4b28-9b95-81d68b30dc74, api error InsufficientFreeAddressesInSubnet: The specified subnet does not have enough free addresses to satisfy the request."}
{"level":"error","ts":"2026-10-05T08:18:52.877Z","caller":"ipamd/ipamd.go:1145","msg":"Failed to allocate a private IP/Prefix addresses on ENI eni-EXAMPLE15: operation error EC2: AssignPrivateIpAddresses, https response error StatusCode: 400, RequestID: 9325d9c5-3852-4b28-9b95-81d68b30dc74, api error InsufficientFreeAddressesInSubnet: The specified subnet does not have enough free addresses to satisfy the request."}
{"level":"debug","ts":"2026-10-05T08:18:52.877Z","caller":"ipamd/ipamd.go:1146","msg":"containsPrivateIPAddressLimitExceededError encountered operation error EC2: AssignPrivateIpAddresses, https response error StatusCode: 400, RequestID: 9325d9c5-3852-4b28-9b95-81d68b30dc74, api error InsufficientFreeAddressesInSubnet: The specified subnet does not have enough free addresses to satisfy the request."}
{"level":"debug","ts":"2026-10-05T08:18:52.877Z","caller":"ipamd/ipamd.go:1148","msg":"containsInsufficientCIDRsOrSubnetIPs encountered operation error EC2: AssignPrivateIpAddresses, https response error StatusCode: 400, RequestID: 9325d9c5-3852-4b28-9b95-81d68b30dc74, api error InsufficientFreeAddressesInSubnet: The specified subnet does not have enough free addresses to satisfy the request."}
{"level":"debug","ts":"2026-10-05T08:18:52.877Z","caller":"ipamd/ipamd.go:1148","msg":"Insufficient IP Addresses due to: InsufficientFreeAddressesInSubnet\n"}
{"level":"debug","ts":"2026-10-05T08:18:52.877Z","caller":"ipamd/ipamd.go:1003","msg":"hasRoomForEni: networkCard=0, currentENIs=3, currentUsableENIs=3, maxENI=3, unmanagedENI=0, trunkEni=0, excludedENI=0, hasRoom=false"}
{"level":"debug","ts":"2026-10-05T08:18:52.877Z","caller":"ipamd/ipamd.go:813","msg":"Skipping ENI allocation as the max ENI limit is already reached"}
{"level":"debug","ts":"2026-10-05T08:18:52.877Z","caller":"ipamd/ipamd.go:861","msg":"Node found \"ip-10-20-0-52.ec2.internal\" - no of taints - 0"}
{"level":"debug","ts":"2026-10-05T08:18:52.877Z","caller":"datastore/data_store.go:1148","msg":"ENI eni-EXAMPLE13 cannot be deleted because it is primary"}
{"level":"debug","ts":"2026-10-05T08:18:52.877Z","caller":"datastore/data_store.go:1148","msg":"ENI eni-EXAMPLE14 cannot be deleted because it has pods assigned"}
{"level":"debug","ts":"2026-10-05T08:18:52.877Z","caller":"datastore/data_store.go:1148","msg":"ENI eni-EXAMPLE15 cannot be deleted because it is required for WARM_IP_TARGET: 2"}
{"level":"debug","ts":"2026-10-05T08:18:57.879Z","caller":"ipamd/ipamd.go:795","msg":"IP stats for Network Card 0 - total IPs: 11, assigned IPs: 10, cooldown IPs: 0"}
{"level":"debug","ts":"2026-10-05T08:18:57.879Z","caller":"ipamd/ipamd.go:813","msg":"Starting to increase pool size for network card 0"}
{"level":"debug","ts":"2026-10-05T08:18:57.879Z","caller":"ipamd/ipamd.go:966","msg":"Node found \"ip-10-20-0-52.ec2.internal\" - no of taints - 0"}
{"level":"debug","ts":"2026-10-05T08:18:57.879Z","caller":"ipamd/ipamd.go:1135","msg":"Found ENI eni-EXAMPLE15 that has less than the maximum number of IP/Prefixes addresses allocated: cur=1, max=5"}
{"level":"info","ts":"2026-10-05T08:18:57.879Z","caller":"ipamd/ipamd.go:1141","msg":"Trying to allocate 1 IP addresses on ENI eni-EXAMPLE15"}
{"level":"debug","ts":"2026-10-05T08:18:57.879Z","caller":"ipamd/ipamd.go:1141","msg":"PD enabled - false"}
{"level":"debug","ts":"2026-10-05T08:18:58.319Z","caller":"awsutils/awsutils.go:2174","msg":"checkAPIErrorAndBroadcastEvent resulted in operation error EC2: AssignPrivateIpAddresses, https response error StatusCode: 400, RequestID: 9c45d758-3de1-4f09-a00f-51e888e0b8ce, api error InsufficientFreeAddressesInSubnet: The specified subnet does not have enough free addresses to satisfy the request."}
{"level":"error","ts":"2026-10-05T08:18:58.319Z","caller":"ipamd/ipamd.go:1141","msg":"Failed to allocate a private IP/Prefix addresses on ENI eni-EXAMPLE15: operation error EC2: AssignPrivateIpAddresses, https response error StatusCode: 400, RequestID: 9c45d758-3de1-4f09-a00f-51e888e0b8ce, api error InsufficientFreeAddressesInSubnet: The specified subnet does not have enough free addresses to satisfy the request."}
{"level":"debug","ts":"2026-10-05T08:18:58.319Z","caller":"ipamd/ipamd.go:1142","msg":"containsPrivateIPAddressLimitExceededError encountered operation error EC2: AssignPrivateIpAddresses, https response error StatusCode: 400, RequestID: 9c45d758-3de1-4f09-a00f-51e888e0b8ce, api error InsufficientFreeAddressesInSubnet: The specified subnet does not have enough free addresses to satisfy the request."}
{"level":"warn","ts":"2026-10-05T08:18:58.319Z","caller":"ipamd/ipamd.go:1115","msg":"failed to allocate all available IP addresses on ENI eni-EXAMPLE15, err: operation error EC2: AssignPrivateIpAddresses, https response error StatusCode: 400, RequestID: 9c45d758-3de1-4f09-a00f-51e888e0b8ce, api error InsufficientFreeAddressesInSubnet: The specified subnet does not have enough free addresses to satisfy the request."}
{"level":"info","ts":"2026-10-05T08:18:58.319Z","caller":"ipamd/ipamd.go:1145","msg":"Trying to allocate 1 IP addresses on ENI eni-EXAMPLE15"}
{"level":"debug","ts":"2026-10-05T08:18:58.319Z","caller":"ipamd/ipamd.go:1145","msg":"PD enabled - false"}
{"level":"debug","ts":"2026-10-05T08:18:58.784Z","caller":"awsutils/awsutils.go:2174","msg":"checkAPIErrorAndBroadcastEvent resulted in operation error EC2: AssignPrivateIpAddresses, https response error StatusCode: 400, RequestID: 1c442557-c7b6-4f0e-a24e-0e984677ce00, api error InsufficientFreeAddressesInSubnet: The specified subnet does not have enough free addresses to satisfy the request."}
{"level":"error","ts":"2026-10-05T08:18:58.784Z","caller":"ipamd/ipamd.go:1145","msg":"Failed to allocate a private IP/Prefix addresses on ENI eni-EXAMPLE15: operation error EC2: AssignPrivateIpAddresses, https response error StatusCode: 400, RequestID: 1c442557-c7b6-4f0e-a24e-0e984677ce00, api error InsufficientFreeAddressesInSubnet: The specified subnet does not have enough free addresses to satisfy the request."}
{"level":"debug","ts":"2026-10-05T08:18:58.784Z","caller":"ipamd/ipamd.go:1146","msg":"containsPrivateIPAddressLimitExceededError encountered operation error EC2: AssignPrivateIpAddresses, https response error StatusCode: 400, RequestID: 1c442557-c7b6-4f0e-a24e-0e984677ce00, api error InsufficientFreeAddressesInSubnet: The specified subnet does not have enough free addresses to satisfy the request."}
{"level":"debug","ts":"2026-10-05T08:18:58.784Z","caller":"ipamd/ipamd.go:1148","msg":"containsInsufficientCIDRsOrSubnetIPs encountered operation error EC2: AssignPrivateIpAddresses, https response error StatusCode: 400, RequestID: 1c442557-c7b6-4f0e-a24e-0e984677ce00, api error InsufficientFreeAddressesInSubnet: The specified subnet does not have enough free addresses to satisfy the request."}
{"level":"debug","ts":"2026-10-05T08:18:58.784Z","caller":"ipamd/ipamd.go:1148","msg":"Insufficient IP Addresses due to: InsufficientFreeAddressesInSubnet\n"}
{"level":"debug","ts":"2026-10-05T08:18:58.784Z","caller":"ipamd/ipamd.go:1003","msg":"hasRoomForEni: networkCard=0, currentENIs=3, currentUsableENIs=3, maxENI=3, unmanagedENI=0, trunkEni=0, excludedENI=0, hasRoom=false"}
{"level":"debug","ts":"2026-10-05T08:18:58.784Z","caller":"ipamd/ipamd.go:813","msg":"Skipping ENI allocation as the max ENI limit is already reached"}
{"level":"debug","ts":"2026-10-05T08:18:58.784Z","caller":"ipamd/ipamd.go:861","msg":"Node found \"ip-10-20-0-52.ec2.internal\" - no of taints - 0"}
{"level":"debug","ts":"2026-10-05T08:18:58.784Z","caller":"datastore/data_store.go:1148","msg":"ENI eni-EXAMPLE13 cannot be deleted because it is primary"}
{"level":"debug","ts":"2026-10-05T08:18:58.784Z","caller":"datastore/data_store.go:1148","msg":"ENI eni-EXAMPLE14 cannot be deleted because it has pods assigned"}
{"level":"debug","ts":"2026-10-05T08:18:58.784Z","caller":"datastore/data_store.go:1148","msg":"ENI eni-EXAMPLE15 cannot be deleted because it is required for WARM_IP_TARGET: 2"}
{"level":"debug","ts":"2026-10-05T08:19:03.786Z","caller":"ipamd/ipamd.go:795","msg":"IP stats for Network Card 0 - total IPs: 11, assigned IPs: 10, cooldown IPs: 0"}
{"level":"debug","ts":"2026-10-05T08:19:03.786Z","caller":"ipamd/ipamd.go:813","msg":"Starting to increase pool size for network card 0"}
{"level":"debug","ts":"2026-10-05T08:19:03.787Z","caller":"ipamd/ipamd.go:966","msg":"Node found \"ip-10-20-0-52.ec2.internal\" - no of taints - 0"}
{"level":"debug","ts":"2026-10-05T08:19:03.787Z","caller":"ipamd/ipamd.go:1135","msg":"Found ENI eni-EXAMPLE15 that has less than the maximum number of IP/Prefixes addresses allocated: cur=1, max=5"}
{"level":"info","ts":"2026-10-05T08:19:03.787Z","caller":"ipamd/ipamd.go:1141","msg":"Trying to allocate 1 IP addresses on ENI eni-EXAMPLE15"}
{"level":"debug","ts":"2026-10-05T08:19:03.787Z","caller":"ipamd/ipamd.go:1141","msg":"PD enabled - false"}
{"level":"debug","ts":"2026-10-05T08:19:04.219Z","caller":"awsutils/awsutils.go:2174","msg":"checkAPIErrorAndBroadcastEvent resulted in operation error EC2: AssignPrivateIpAddresses, https response error StatusCode: 400, RequestID: 9fb4b6e2-84dd-43ac-9208-1badae5ce6c4, api error InsufficientFreeAddressesInSubnet: The specified subnet does not have enough free addresses to satisfy the request."}
{"level":"error","ts":"2026-10-05T08:19:04.219Z","caller":"ipamd/ipamd.go:1141","msg":"Failed to allocate a private IP/Prefix addresses on ENI eni-EXAMPLE15: operation error EC2: AssignPrivateIpAddresses, https response error StatusCode: 400, RequestID: 9fb4b6e2-84dd-43ac-9208-1badae5ce6c4, api error InsufficientFreeAddressesInSubnet: The specified subnet does not have enough free addresses to satisfy the request."}
{"level":"debug","ts":"2026-10-05T08:19:04.219Z","caller":"ipamd/ipamd.go:1142","msg":"containsPrivateIPAddressLimitExceededError encountered operation error EC2: AssignPrivateIpAddresses, https response error StatusCode: 400, RequestID: 9fb4b6e2-84dd-43ac-9208-1badae5ce6c4, api error InsufficientFreeAddressesInSubnet: The specified subnet does not have enough free addresses to satisfy the request."}
{"level":"warn","ts":"2026-10-05T08:19:04.219Z","caller":"ipamd/ipamd.go:1115","msg":"failed to allocate all available IP addresses on ENI eni-EXAMPLE15, err: operation error EC2: AssignPrivateIpAddresses, https response error StatusCode: 400, RequestID: 9fb4b6e2-84dd-43ac-9208-1badae5ce6c4, api error InsufficientFreeAddressesInSubnet: The specified subnet does not have enough free addresses to satisfy the request."}
{"level":"info","ts":"2026-10-05T08:19:04.219Z","caller":"ipamd/ipamd.go:1145","msg":"Trying to allocate 1 IP addresses on ENI eni-EXAMPLE15"}
{"level":"debug","ts":"2026-10-05T08:19:04.219Z","caller":"ipamd/ipamd.go:1145","msg":"PD enabled - false"}
{"level":"debug","ts":"2026-10-05T08:19:04.648Z","caller":"awsutils/awsutils.go:2174","msg":"checkAPIErrorAndBroadcastEvent resulted in operation error EC2: AssignPrivateIpAddresses, https response error StatusCode: 400, RequestID: 623a2caf-d8d1-430b-bf2d-ffca91a8e251, api error InsufficientFreeAddressesInSubnet: The specified subnet does not have enough free addresses to satisfy the request."}
{"level":"error","ts":"2026-10-05T08:19:04.648Z","caller":"ipamd/ipamd.go:1145","msg":"Failed to allocate a private IP/Prefix addresses on ENI eni-EXAMPLE15: operation error EC2: AssignPrivateIpAddresses, https response error StatusCode: 400, RequestID: 623a2caf-d8d1-430b-bf2d-ffca91a8e251, api error InsufficientFreeAddressesInSubnet: The specified subnet does not have enough free addresses to satisfy the request."}
{"level":"debug","ts":"2026-10-05T08:19:04.648Z","caller":"ipamd/ipamd.go:1146","msg":"containsPrivateIPAddressLimitExceededError encountered operation error EC2: AssignPrivateIpAddresses, https response error StatusCode: 400, RequestID: 623a2caf-d8d1-430b-bf2d-ffca91a8e251, api error InsufficientFreeAddressesInSubnet: The specified subnet does not have enough free addresses to satisfy the request."}
{"level":"debug","ts":"2026-10-05T08:19:04.648Z","caller":"ipamd/ipamd.go:1148","msg":"containsInsufficientCIDRsOrSubnetIPs encountered operation error EC2: AssignPrivateIpAddresses, https response error StatusCode: 400, RequestID: 623a2caf-d8d1-430b-bf2d-ffca91a8e251, api error InsufficientFreeAddressesInSubnet: The specified subnet does not have enough free addresses to satisfy the request."}
{"level":"debug","ts":"2026-10-05T08:19:04.648Z","caller":"ipamd/ipamd.go:1148","msg":"Insufficient IP Addresses due to: InsufficientFreeAddressesInSubnet\n"}
{"level":"debug","ts":"2026-10-05T08:19:04.648Z","caller":"ipamd/ipamd.go:1003","msg":"hasRoomForEni: networkCard=0, currentENIs=3, currentUsableENIs=3, maxENI=3, unmanagedENI=0, trunkEni=0, excludedENI=0, hasRoom=false"}
{"level":"debug","ts":"2026-10-05T08:19:04.648Z","caller":"ipamd/ipamd.go:813","msg":"Skipping ENI allocation as the max ENI limit is already reached"}
{"level":"debug","ts":"2026-10-05T08:19:04.648Z","caller":"ipamd/ipamd.go:861","msg":"Node found \"ip-10-20-0-52.ec2.internal\" - no of taints - 0"}
{"level":"debug","ts":"2026-10-05T08:19:04.648Z","caller":"datastore/data_store.go:1148","msg":"ENI eni-EXAMPLE13 cannot be deleted because it is primary"}
{"level":"debug","ts":"2026-10-05T08:19:04.648Z","caller":"datastore/data_store.go:1148","msg":"ENI eni-EXAMPLE14 cannot be deleted because it has pods assigned"}
{"level":"debug","ts":"2026-10-05T08:19:04.648Z","caller":"datastore/data_store.go:1148","msg":"ENI eni-EXAMPLE15 cannot be deleted because it is required for WARM_IP_TARGET: 2"}
{"level":"debug","ts":"2026-10-05T08:19:09.649Z","caller":"ipamd/ipamd.go:795","msg":"IP stats for Network Card 0 - total IPs: 11, assigned IPs: 10, cooldown IPs: 0"}
{"level":"debug","ts":"2026-10-05T08:19:09.649Z","caller":"ipamd/ipamd.go:813","msg":"Starting to increase pool size for network card 0"}
{"level":"debug","ts":"2026-10-05T08:19:09.649Z","caller":"ipamd/ipamd.go:966","msg":"Node found \"ip-10-20-0-52.ec2.internal\" - no of taints - 0"}
{"level":"debug","ts":"2026-10-05T08:19:09.649Z","caller":"ipamd/ipamd.go:1135","msg":"Found ENI eni-EXAMPLE15 that has less than the maximum number of IP/Prefixes addresses allocated: cur=1, max=5"}
{"level":"info","ts":"2026-10-05T08:19:09.649Z","caller":"ipamd/ipamd.go:1141","msg":"Trying to allocate 1 IP addresses on ENI eni-EXAMPLE15"}
{"level":"debug","ts":"2026-10-05T08:19:09.649Z","caller":"ipamd/ipamd.go:1141","msg":"PD enabled - false"}
{"level":"debug","ts":"2026-10-05T08:19:10.081Z","caller":"awsutils/awsutils.go:2174","msg":"checkAPIErrorAndBroadcastEvent resulted in operation error EC2: AssignPrivateIpAddresses, https response error StatusCode: 400, RequestID: 59401850-ce40-43c7-b425-d521af86c7ff, api error InsufficientFreeAddressesInSubnet: The specified subnet does not have enough free addresses to satisfy the request."}
{"level":"error","ts":"2026-10-05T08:19:10.081Z","caller":"ipamd/ipamd.go:1141","msg":"Failed to allocate a private IP/Prefix addresses on ENI eni-EXAMPLE15: operation error EC2: AssignPrivateIpAddresses, https response error StatusCode: 400, RequestID: 59401850-ce40-43c7-b425-d521af86c7ff, api error InsufficientFreeAddressesInSubnet: The specified subnet does not have enough free addresses to satisfy the request."}
{"level":"debug","ts":"2026-10-05T08:19:10.081Z","caller":"ipamd/ipamd.go:1142","msg":"containsPrivateIPAddressLimitExceededError encountered operation error EC2: AssignPrivateIpAddresses, https response error StatusCode: 400, RequestID: 59401850-ce40-43c7-b425-d521af86c7ff, api error InsufficientFreeAddressesInSubnet: The specified subnet does not have enough free addresses to satisfy the request."}
{"level":"warn","ts":"2026-10-05T08:19:10.081Z","caller":"ipamd/ipamd.go:1115","msg":"failed to allocate all available IP addresses on ENI eni-EXAMPLE15, err: operation error EC2: AssignPrivateIpAddresses, https response error StatusCode: 400, RequestID: 59401850-ce40-43c7-b425-d521af86c7ff, api error InsufficientFreeAddressesInSubnet: The specified subnet does not have enough free addresses to satisfy the request."}
{"level":"info","ts":"2026-10-05T08:19:10.081Z","caller":"ipamd/ipamd.go:1145","msg":"Trying to allocate 1 IP addresses on ENI eni-EXAMPLE15"}
{"level":"debug","ts":"2026-10-05T08:19:10.081Z","caller":"ipamd/ipamd.go:1145","msg":"PD enabled - false"}
{"level":"debug","ts":"2026-10-05T08:19:10.496Z","caller":"awsutils/awsutils.go:2174","msg":"checkAPIErrorAndBroadcastEvent resulted in operation error EC2: AssignPrivateIpAddresses, https response error StatusCode: 400, RequestID: fece8ca0-ba34-4b00-a827-126d42a0b5a6, api error InsufficientFreeAddressesInSubnet: The specified subnet does not have enough free addresses to satisfy the request."}
{"level":"error","ts":"2026-10-05T08:19:10.496Z","caller":"ipamd/ipamd.go:1145","msg":"Failed to allocate a private IP/Prefix addresses on ENI eni-EXAMPLE15: operation error EC2: AssignPrivateIpAddresses, https response error StatusCode: 400, RequestID: fece8ca0-ba34-4b00-a827-126d42a0b5a6, api error InsufficientFreeAddressesInSubnet: The specified subnet does not have enough free addresses to satisfy the request."}
{"level":"debug","ts":"2026-10-05T08:19:10.496Z","caller":"ipamd/ipamd.go:1146","msg":"containsPrivateIPAddressLimitExceededError encountered operation error EC2: AssignPrivateIpAddresses, https response error StatusCode: 400, RequestID: fece8ca0-ba34-4b00-a827-126d42a0b5a6, api error InsufficientFreeAddressesInSubnet: The specified subnet does not have enough free addresses to satisfy the request."}
{"level":"debug","ts":"2026-10-05T08:19:10.496Z","caller":"ipamd/ipamd.go:1148","msg":"containsInsufficientCIDRsOrSubnetIPs encountered operation error EC2: AssignPrivateIpAddresses, https response error StatusCode: 400, RequestID: fece8ca0-ba34-4b00-a827-126d42a0b5a6, api error InsufficientFreeAddressesInSubnet: The specified subnet does not have enough free addresses to satisfy the request."}
{"level":"debug","ts":"2026-10-05T08:19:10.496Z","caller":"ipamd/ipamd.go:1148","msg":"Insufficient IP Addresses due to: InsufficientFreeAddressesInSubnet\n"}
{"level":"debug","ts":"2026-10-05T08:19:10.496Z","caller":"ipamd/ipamd.go:1003","msg":"hasRoomForEni: networkCard=0, currentENIs=3, currentUsableENIs=3, maxENI=3, unmanagedENI=0, trunkEni=0, excludedENI=0, hasRoom=false"}
{"level":"debug","ts":"2026-10-05T08:19:10.497Z","caller":"ipamd/ipamd.go:813","msg":"Skipping ENI allocation as the max ENI limit is already reached"}
{"level":"debug","ts":"2026-10-05T08:19:10.497Z","caller":"ipamd/ipamd.go:861","msg":"Node found \"ip-10-20-0-52.ec2.internal\" - no of taints - 0"}
{"level":"debug","ts":"2026-10-05T08:19:10.497Z","caller":"datastore/data_store.go:1148","msg":"ENI eni-EXAMPLE15 cannot be deleted because it is required for WARM_IP_TARGET: 2"}
{"level":"debug","ts":"2026-10-05T08:19:10.497Z","caller":"datastore/data_store.go:1148","msg":"ENI eni-EXAMPLE13 cannot be deleted because it is primary"}
{"level":"debug","ts":"2026-10-05T08:19:10.497Z","caller":"datastore/data_store.go:1148","msg":"ENI eni-EXAMPLE14 cannot be deleted because it has pods assigned"}
{"level":"debug","ts":"2026-10-05T08:19:15.498Z","caller":"ipamd/ipamd.go:795","msg":"IP stats for Network Card 0 - total IPs: 11, assigned IPs: 10, cooldown IPs: 0"}
{"level":"debug","ts":"2026-10-05T08:19:15.498Z","caller":"ipamd/ipamd.go:813","msg":"Starting to increase pool size for network card 0"}
{"level":"debug","ts":"2026-10-05T08:19:15.498Z","caller":"ipamd/ipamd.go:966","msg":"Node found \"ip-10-20-0-52.ec2.internal\" - no of taints - 0"}
{"level":"debug","ts":"2026-10-05T08:19:15.498Z","caller":"ipamd/ipamd.go:1135","msg":"Found ENI eni-EXAMPLE15 that has less than the maximum number of IP/Prefixes addresses allocated: cur=1, max=5"}
{"level":"info","ts":"2026-10-05T08:19:15.498Z","caller":"ipamd/ipamd.go:1141","msg":"Trying to allocate 1 IP addresses on ENI eni-EXAMPLE15"}
{"level":"debug","ts":"2026-10-05T08:19:15.498Z","caller":"ipamd/ipamd.go:1141","msg":"PD enabled - false"}
{"level":"debug","ts":"2026-10-05T08:19:15.949Z","caller":"awsutils/awsutils.go:2174","msg":"checkAPIErrorAndBroadcastEvent resulted in operation error EC2: AssignPrivateIpAddresses, https response error StatusCode: 400, RequestID: 03220098-fd13-4229-b178-c68ee7ebb35f, api error InsufficientFreeAddressesInSubnet: The specified subnet does not have enough free addresses to satisfy the request."}
{"level":"error","ts":"2026-10-05T08:19:15.949Z","caller":"ipamd/ipamd.go:1141","msg":"Failed to allocate a private IP/Prefix addresses on ENI eni-EXAMPLE15: operation error EC2: AssignPrivateIpAddresses, https response error StatusCode: 400, RequestID: 03220098-fd13-4229-b178-c68ee7ebb35f, api error InsufficientFreeAddressesInSubnet: The specified subnet does not have enough free addresses to satisfy the request."}
{"level":"debug","ts":"2026-10-05T08:19:15.949Z","caller":"ipamd/ipamd.go:1142","msg":"containsPrivateIPAddressLimitExceededError encountered operation error EC2: AssignPrivateIpAddresses, https response error StatusCode: 400, RequestID: 03220098-fd13-4229-b178-c68ee7ebb35f, api error InsufficientFreeAddressesInSubnet: The specified subnet does not have enough free addresses to satisfy the request."}
{"level":"warn","ts":"2026-10-05T08:19:15.949Z","caller":"ipamd/ipamd.go:1115","msg":"failed to allocate all available IP addresses on ENI eni-EXAMPLE15, err: operation error EC2: AssignPrivateIpAddresses, https response error StatusCode: 400, RequestID: 03220098-fd13-4229-b178-c68ee7ebb35f, api error InsufficientFreeAddressesInSubnet: The specified subnet does not have enough free addresses to satisfy the request."}
{"level":"info","ts":"2026-10-05T08:19:15.949Z","caller":"ipamd/ipamd.go:1145","msg":"Trying to allocate 1 IP addresses on ENI eni-EXAMPLE15"}
{"level":"debug","ts":"2026-10-05T08:19:15.949Z","caller":"ipamd/ipamd.go:1145","msg":"PD enabled - false"}
{"level":"debug","ts":"2026-10-05T08:19:16.361Z","caller":"awsutils/awsutils.go:2174","msg":"checkAPIErrorAndBroadcastEvent resulted in operation error EC2: AssignPrivateIpAddresses, https response error StatusCode: 400, RequestID: 56e319b9-7bcb-4f9f-a2df-d46350154576, api error InsufficientFreeAddressesInSubnet: The specified subnet does not have enough free addresses to satisfy the request."}
{"level":"error","ts":"2026-10-05T08:19:16.361Z","caller":"ipamd/ipamd.go:1145","msg":"Failed to allocate a private IP/Prefix addresses on ENI eni-EXAMPLE15: operation error EC2: AssignPrivateIpAddresses, https response error StatusCode: 400, RequestID: 56e319b9-7bcb-4f9f-a2df-d46350154576, api error InsufficientFreeAddressesInSubnet: The specified subnet does not have enough free addresses to satisfy the request."}
{"level":"debug","ts":"2026-10-05T08:19:16.361Z","caller":"ipamd/ipamd.go:1146","msg":"containsPrivateIPAddressLimitExceededError encountered operation error EC2: AssignPrivateIpAddresses, https response error StatusCode: 400, RequestID: 56e319b9-7bcb-4f9f-a2df-d46350154576, api error InsufficientFreeAddressesInSubnet: The specified subnet does not have enough free addresses to satisfy the request."}
{"level":"debug","ts":"2026-10-05T08:19:16.361Z","caller":"ipamd/ipamd.go:1148","msg":"containsInsufficientCIDRsOrSubnetIPs encountered operation error EC2: AssignPrivateIpAddresses, https response error StatusCode: 400, RequestID: 56e319b9-7bcb-4f9f-a2df-d46350154576, api error InsufficientFreeAddressesInSubnet: The specified subnet does not have enough free addresses to satisfy the request."}
{"level":"debug","ts":"2026-10-05T08:19:16.361Z","caller":"ipamd/ipamd.go:1148","msg":"Insufficient IP Addresses due to: InsufficientFreeAddressesInSubnet\n"}
{"level":"debug","ts":"2026-10-05T08:19:16.361Z","caller":"ipamd/ipamd.go:1003","msg":"hasRoomForEni: networkCard=0, currentENIs=3, currentUsableENIs=3, maxENI=3, unmanagedENI=0, trunkEni=0, excludedENI=0, hasRoom=false"}
{"level":"debug","ts":"2026-10-05T08:19:16.361Z","caller":"ipamd/ipamd.go:813","msg":"Skipping ENI allocation as the max ENI limit is already reached"}
{"level":"debug","ts":"2026-10-05T08:19:16.361Z","caller":"ipamd/ipamd.go:861","msg":"Node found \"ip-10-20-0-52.ec2.internal\" - no of taints - 0"}
{"level":"debug","ts":"2026-10-05T08:19:16.361Z","caller":"datastore/data_store.go:1148","msg":"ENI eni-EXAMPLE14 cannot be deleted because it has pods assigned"}
{"level":"debug","ts":"2026-10-05T08:19:16.361Z","caller":"datastore/data_store.go:1148","msg":"ENI eni-EXAMPLE15 cannot be deleted because it is required for WARM_IP_TARGET: 2"}
{"level":"debug","ts":"2026-10-05T08:19:16.361Z","caller":"datastore/data_store.go:1148","msg":"ENI eni-EXAMPLE13 cannot be deleted because it is primary"}
{"level":"debug","ts":"2026-10-05T08:19:21.363Z","caller":"ipamd/ipamd.go:795","msg":"IP stats for Network Card 0 - total IPs: 11, assigned IPs: 10, cooldown IPs: 0"}
{"level":"debug","ts":"2026-10-05T08:19:21.363Z","caller":"ipamd/ipamd.go:813","msg":"Starting to increase pool size for network card 0"}
{"level":"debug","ts":"2026-10-05T08:19:21.363Z","caller":"ipamd/ipamd.go:966","msg":"Node found \"ip-10-20-0-52.ec2.internal\" - no of taints - 0"}
{"level":"debug","ts":"2026-10-05T08:19:21.363Z","caller":"ipamd/ipamd.go:1135","msg":"Found ENI eni-EXAMPLE15 that has less than the maximum number of IP/Prefixes addresses allocated: cur=1, max=5"}
{"level":"info","ts":"2026-10-05T08:19:21.363Z","caller":"ipamd/ipamd.go:1141","msg":"Trying to allocate 1 IP addresses on ENI eni-EXAMPLE15"}
{"level":"debug","ts":"2026-10-05T08:19:21.363Z","caller":"ipamd/ipamd.go:1141","msg":"PD enabled - false"}
{"level":"debug","ts":"2026-10-05T08:19:21.744Z","caller":"awsutils/awsutils.go:2174","msg":"checkAPIErrorAndBroadcastEvent resulted in operation error EC2: AssignPrivateIpAddresses, https response error StatusCode: 400, RequestID: 97717959-2518-4ff7-a073-9b91765bfca0, api error InsufficientFreeAddressesInSubnet: The specified subnet does not have enough free addresses to satisfy the request."}
{"level":"error","ts":"2026-10-05T08:19:21.744Z","caller":"ipamd/ipamd.go:1141","msg":"Failed to allocate a private IP/Prefix addresses on ENI eni-EXAMPLE15: operation error EC2: AssignPrivateIpAddresses, https response error StatusCode: 400, RequestID: 97717959-2518-4ff7-a073-9b91765bfca0, api error InsufficientFreeAddressesInSubnet: The specified subnet does not have enough free addresses to satisfy the request."}
{"level":"debug","ts":"2026-10-05T08:19:21.744Z","caller":"ipamd/ipamd.go:1142","msg":"containsPrivateIPAddressLimitExceededError encountered operation error EC2: AssignPrivateIpAddresses, https response error StatusCode: 400, RequestID: 97717959-2518-4ff7-a073-9b91765bfca0, api error InsufficientFreeAddressesInSubnet: The specified subnet does not have enough free addresses to satisfy the request."}
{"level":"warn","ts":"2026-10-05T08:19:21.744Z","caller":"ipamd/ipamd.go:1115","msg":"failed to allocate all available IP addresses on ENI eni-EXAMPLE15, err: operation error EC2: AssignPrivateIpAddresses, https response error StatusCode: 400, RequestID: 97717959-2518-4ff7-a073-9b91765bfca0, api error InsufficientFreeAddressesInSubnet: The specified subnet does not have enough free addresses to satisfy the request."}
{"level":"info","ts":"2026-10-05T08:19:21.744Z","caller":"ipamd/ipamd.go:1145","msg":"Trying to allocate 1 IP addresses on ENI eni-EXAMPLE15"}
{"level":"debug","ts":"2026-10-05T08:19:21.744Z","caller":"ipamd/ipamd.go:1145","msg":"PD enabled - false"}
{"level":"debug","ts":"2026-10-05T08:19:22.155Z","caller":"awsutils/awsutils.go:2174","msg":"checkAPIErrorAndBroadcastEvent resulted in operation error EC2: AssignPrivateIpAddresses, https response error StatusCode: 400, RequestID: 181efe73-39cf-4f90-b385-626ef0805ea9, api error InsufficientFreeAddressesInSubnet: The specified subnet does not have enough free addresses to satisfy the request."}
{"level":"error","ts":"2026-10-05T08:19:22.156Z","caller":"ipamd/ipamd.go:1145","msg":"Failed to allocate a private IP/Prefix addresses on ENI eni-EXAMPLE15: operation error EC2: AssignPrivateIpAddresses, https response error StatusCode: 400, RequestID: 181efe73-39cf-4f90-b385-626ef0805ea9, api error InsufficientFreeAddressesInSubnet: The specified subnet does not have enough free addresses to satisfy the request."}
{"level":"debug","ts":"2026-10-05T08:19:22.156Z","caller":"ipamd/ipamd.go:1146","msg":"containsPrivateIPAddressLimitExceededError encountered operation error EC2: AssignPrivateIpAddresses, https response error StatusCode: 400, RequestID: 181efe73-39cf-4f90-b385-626ef0805ea9, api error InsufficientFreeAddressesInSubnet: The specified subnet does not have enough free addresses to satisfy the request."}
{"level":"debug","ts":"2026-10-05T08:19:22.156Z","caller":"ipamd/ipamd.go:1148","msg":"containsInsufficientCIDRsOrSubnetIPs encountered operation error EC2: AssignPrivateIpAddresses, https response error StatusCode: 400, RequestID: 181efe73-39cf-4f90-b385-626ef0805ea9, api error InsufficientFreeAddressesInSubnet: The specified subnet does not have enough free addresses to satisfy the request."}
{"level":"debug","ts":"2026-10-05T08:19:22.156Z","caller":"ipamd/ipamd.go:1148","msg":"Insufficient IP Addresses due to: InsufficientFreeAddressesInSubnet\n"}
{"level":"debug","ts":"2026-10-05T08:19:22.156Z","caller":"ipamd/ipamd.go:1003","msg":"hasRoomForEni: networkCard=0, currentENIs=3, currentUsableENIs=3, maxENI=3, unmanagedENI=0, trunkEni=0, excludedENI=0, hasRoom=false"}
{"level":"debug","ts":"2026-10-05T08:19:22.156Z","caller":"ipamd/ipamd.go:813","msg":"Skipping ENI allocation as the max ENI limit is already reached"}
{"level":"debug","ts":"2026-10-05T08:19:22.156Z","caller":"ipamd/ipamd.go:861","msg":"Node found \"ip-10-20-0-52.ec2.internal\" - no of taints - 0"}
{"level":"debug","ts":"2026-10-05T08:19:22.156Z","caller":"datastore/data_store.go:1148","msg":"ENI eni-EXAMPLE14 cannot be deleted because it has pods assigned"}
{"level":"debug","ts":"2026-10-05T08:19:22.156Z","caller":"datastore/data_store.go:1148","msg":"ENI eni-EXAMPLE15 cannot be deleted because it is required for WARM_IP_TARGET: 2"}
{"level":"debug","ts":"2026-10-05T08:19:22.156Z","caller":"datastore/data_store.go:1148","msg":"ENI eni-EXAMPLE13 cannot be deleted because it is primary"}
{"level":"debug","ts":"2026-10-05T08:19:27.157Z","caller":"ipamd/ipamd.go:795","msg":"IP stats for Network Card 0 - total IPs: 11, assigned IPs: 10, cooldown IPs: 0"}
{"level":"debug","ts":"2026-10-05T08:19:27.157Z","caller":"ipamd/ipamd.go:813","msg":"Starting to increase pool size for network card 0"}
{"level":"debug","ts":"2026-10-05T08:19:27.157Z","caller":"ipamd/ipamd.go:966","msg":"Node found \"ip-10-20-0-52.ec2.internal\" - no of taints - 0"}
{"level":"debug","ts":"2026-10-05T08:19:27.157Z","caller":"ipamd/ipamd.go:1135","msg":"Found ENI eni-EXAMPLE15 that has less than the maximum number of IP/Prefixes addresses allocated: cur=1, max=5"}
{"level":"info","ts":"2026-10-05T08:19:27.157Z","caller":"ipamd/ipamd.go:1141","msg":"Trying to allocate 1 IP addresses on ENI eni-EXAMPLE15"}
{"level":"debug","ts":"2026-10-05T08:19:27.157Z","caller":"ipamd/ipamd.go:1141","msg":"PD enabled - false"}
{"level":"debug","ts":"2026-10-05T08:19:27.620Z","caller":"awsutils/awsutils.go:2174","msg":"checkAPIErrorAndBroadcastEvent resulted in operation error EC2: AssignPrivateIpAddresses, https response error StatusCode: 400, RequestID: 90956c8f-b212-455c-9c0b-bb83552f67e6, api error InsufficientFreeAddressesInSubnet: The specified subnet does not have enough free addresses to satisfy the request."}
{"level":"error","ts":"2026-10-05T08:19:27.620Z","caller":"ipamd/ipamd.go:1141","msg":"Failed to allocate a private IP/Prefix addresses on ENI eni-EXAMPLE15: operation error EC2: AssignPrivateIpAddresses, https response error StatusCode: 400, RequestID: 90956c8f-b212-455c-9c0b-bb83552f67e6, api error InsufficientFreeAddressesInSubnet: The specified subnet does not have enough free addresses to satisfy the request."}
{"level":"debug","ts":"2026-10-05T08:19:27.620Z","caller":"ipamd/ipamd.go:1142","msg":"containsPrivateIPAddressLimitExceededError encountered operation error EC2: AssignPrivateIpAddresses, https response error StatusCode: 400, RequestID: 90956c8f-b212-455c-9c0b-bb83552f67e6, api error InsufficientFreeAddressesInSubnet: The specified subnet does not have enough free addresses to satisfy the request."}
{"level":"warn","ts":"2026-10-05T08:19:27.620Z","caller":"ipamd/ipamd.go:1115","msg":"failed to allocate all available IP addresses on ENI eni-EXAMPLE15, err: operation error EC2: AssignPrivateIpAddresses, https response error StatusCode: 400, RequestID: 90956c8f-b212-455c-9c0b-bb83552f67e6, api error InsufficientFreeAddressesInSubnet: The specified subnet does not have enough free addresses to satisfy the request."}
{"level":"info","ts":"2026-10-05T08:19:27.620Z","caller":"ipamd/ipamd.go:1145","msg":"Trying to allocate 1 IP addresses on ENI eni-EXAMPLE15"}
{"level":"debug","ts":"2026-10-05T08:19:27.620Z","caller":"ipamd/ipamd.go:1145","msg":"PD enabled - false"}
{"level":"debug","ts":"2026-10-05T08:19:28.078Z","caller":"awsutils/awsutils.go:2174","msg":"checkAPIErrorAndBroadcastEvent resulted in operation error EC2: AssignPrivateIpAddresses, https response error StatusCode: 400, RequestID: 6fa6113d-cdd6-42d9-b9f2-45ce5672b703, api error InsufficientFreeAddressesInSubnet: The specified subnet does not have enough free addresses to satisfy the request."}
{"level":"error","ts":"2026-10-05T08:19:28.078Z","caller":"ipamd/ipamd.go:1145","msg":"Failed to allocate a private IP/Prefix addresses on ENI eni-EXAMPLE15: operation error EC2: AssignPrivateIpAddresses, https response error StatusCode: 400, RequestID: 6fa6113d-cdd6-42d9-b9f2-45ce5672b703, api error InsufficientFreeAddressesInSubnet: The specified subnet does not have enough free addresses to satisfy the request."}
{"level":"debug","ts":"2026-10-05T08:19:28.078Z","caller":"ipamd/ipamd.go:1146","msg":"containsPrivateIPAddressLimitExceededError encountered operation error EC2: AssignPrivateIpAddresses, https response error StatusCode: 400, RequestID: 6fa6113d-cdd6-42d9-b9f2-45ce5672b703, api error InsufficientFreeAddressesInSubnet: The specified subnet does not have enough free addresses to satisfy the request."}
{"level":"debug","ts":"2026-10-05T08:19:28.078Z","caller":"ipamd/ipamd.go:1148","msg":"containsInsufficientCIDRsOrSubnetIPs encountered operation error EC2: AssignPrivateIpAddresses, https response error StatusCode: 400, RequestID: 6fa6113d-cdd6-42d9-b9f2-45ce5672b703, api error InsufficientFreeAddressesInSubnet: The specified subnet does not have enough free addresses to satisfy the request."}
{"level":"debug","ts":"2026-10-05T08:19:28.078Z","caller":"ipamd/ipamd.go:1148","msg":"Insufficient IP Addresses due to: InsufficientFreeAddressesInSubnet\n"}
{"level":"debug","ts":"2026-10-05T08:19:28.078Z","caller":"ipamd/ipamd.go:1003","msg":"hasRoomForEni: networkCard=0, currentENIs=3, currentUsableENIs=3, maxENI=3, unmanagedENI=0, trunkEni=0, excludedENI=0, hasRoom=false"}
{"level":"debug","ts":"2026-10-05T08:19:28.078Z","caller":"ipamd/ipamd.go:813","msg":"Skipping ENI allocation as the max ENI limit is already reached"}
{"level":"debug","ts":"2026-10-05T08:19:28.078Z","caller":"ipamd/ipamd.go:861","msg":"Node found \"ip-10-20-0-52.ec2.internal\" - no of taints - 0"}
{"level":"debug","ts":"2026-10-05T08:19:28.078Z","caller":"datastore/data_store.go:1148","msg":"ENI eni-EXAMPLE13 cannot be deleted because it is primary"}
{"level":"debug","ts":"2026-10-05T08:19:28.078Z","caller":"datastore/data_store.go:1148","msg":"ENI eni-EXAMPLE14 cannot be deleted because it has pods assigned"}
{"level":"debug","ts":"2026-10-05T08:19:28.078Z","caller":"datastore/data_store.go:1148","msg":"ENI eni-EXAMPLE15 cannot be deleted because it is required for WARM_IP_TARGET: 2"}
{"level":"debug","ts":"2026-10-05T08:19:33.079Z","caller":"ipamd/ipamd.go:795","msg":"IP stats for Network Card 0 - total IPs: 11, assigned IPs: 10, cooldown IPs: 0"}
{"level":"debug","ts":"2026-10-05T08:19:33.079Z","caller":"ipamd/ipamd.go:813","msg":"Starting to increase pool size for network card 0"}
{"level":"debug","ts":"2026-10-05T08:19:33.079Z","caller":"ipamd/ipamd.go:966","msg":"Node found \"ip-10-20-0-52.ec2.internal\" - no of taints - 0"}
{"level":"debug","ts":"2026-10-05T08:19:33.079Z","caller":"ipamd/ipamd.go:1135","msg":"Found ENI eni-EXAMPLE15 that has less than the maximum number of IP/Prefixes addresses allocated: cur=1, max=5"}
{"level":"info","ts":"2026-10-05T08:19:33.079Z","caller":"ipamd/ipamd.go:1141","msg":"Trying to allocate 1 IP addresses on ENI eni-EXAMPLE15"}
{"level":"debug","ts":"2026-10-05T08:19:33.079Z","caller":"ipamd/ipamd.go:1141","msg":"PD enabled - false"}
{"level":"debug","ts":"2026-10-05T08:19:33.528Z","caller":"awsutils/awsutils.go:2174","msg":"checkAPIErrorAndBroadcastEvent resulted in operation error EC2: AssignPrivateIpAddresses, https response error StatusCode: 400, RequestID: cff560dc-b50c-4bd4-a251-32bf58d332fc, api error InsufficientFreeAddressesInSubnet: The specified subnet does not have enough free addresses to satisfy the request."}
{"level":"error","ts":"2026-10-05T08:19:33.528Z","caller":"ipamd/ipamd.go:1141","msg":"Failed to allocate a private IP/Prefix addresses on ENI eni-EXAMPLE15: operation error EC2: AssignPrivateIpAddresses, https response error StatusCode: 400, RequestID: cff560dc-b50c-4bd4-a251-32bf58d332fc, api error InsufficientFreeAddressesInSubnet: The specified subnet does not have enough free addresses to satisfy the request."}
{"level":"debug","ts":"2026-10-05T08:19:33.528Z","caller":"ipamd/ipamd.go:1142","msg":"containsPrivateIPAddressLimitExceededError encountered operation error EC2: AssignPrivateIpAddresses, https response error StatusCode: 400, RequestID: cff560dc-b50c-4bd4-a251-32bf58d332fc, api error InsufficientFreeAddressesInSubnet: The specified subnet does not have enough free addresses to satisfy the request."}
{"level":"warn","ts":"2026-10-05T08:19:33.528Z","caller":"ipamd/ipamd.go:1115","msg":"failed to allocate all available IP addresses on ENI eni-EXAMPLE15, err: operation error EC2: AssignPrivateIpAddresses, https response error StatusCode: 400, RequestID: cff560dc-b50c-4bd4-a251-32bf58d332fc, api error InsufficientFreeAddressesInSubnet: The specified subnet does not have enough free addresses to satisfy the request."}
{"level":"info","ts":"2026-10-05T08:19:33.528Z","caller":"ipamd/ipamd.go:1145","msg":"Trying to allocate 1 IP addresses on ENI eni-EXAMPLE15"}
{"level":"debug","ts":"2026-10-05T08:19:33.528Z","caller":"ipamd/ipamd.go:1145","msg":"PD enabled - false"}
{"level":"debug","ts":"2026-10-05T08:19:33.969Z","caller":"awsutils/awsutils.go:2174","msg":"checkAPIErrorAndBroadcastEvent resulted in operation error EC2: AssignPrivateIpAddresses, https response error StatusCode: 400, RequestID: 312ad801-b70d-4079-b2fb-e9a22c9fb684, api error InsufficientFreeAddressesInSubnet: The specified subnet does not have enough free addresses to satisfy the request."}
{"level":"error","ts":"2026-10-05T08:19:33.969Z","caller":"ipamd/ipamd.go:1145","msg":"Failed to allocate a private IP/Prefix addresses on ENI eni-EXAMPLE15: operation error EC2: AssignPrivateIpAddresses, https response error StatusCode: 400, RequestID: 312ad801-b70d-4079-b2fb-e9a22c9fb684, api error InsufficientFreeAddressesInSubnet: The specified subnet does not have enough free addresses to satisfy the request."}
{"level":"debug","ts":"2026-10-05T08:19:33.969Z","caller":"ipamd/ipamd.go:1146","msg":"containsPrivateIPAddressLimitExceededError encountered operation error EC2: AssignPrivateIpAddresses, https response error StatusCode: 400, RequestID: 312ad801-b70d-4079-b2fb-e9a22c9fb684, api error InsufficientFreeAddressesInSubnet: The specified subnet does not have enough free addresses to satisfy the request."}
{"level":"debug","ts":"2026-10-05T08:19:33.969Z","caller":"ipamd/ipamd.go:1148","msg":"containsInsufficientCIDRsOrSubnetIPs encountered operation error EC2: AssignPrivateIpAddresses, https response error StatusCode: 400, RequestID: 312ad801-b70d-4079-b2fb-e9a22c9fb684, api error InsufficientFreeAddressesInSubnet: The specified subnet does not have enough free addresses to satisfy the request."}
{"level":"debug","ts":"2026-10-05T08:19:33.969Z","caller":"ipamd/ipamd.go:1148","msg":"Insufficient IP Addresses due to: InsufficientFreeAddressesInSubnet\n"}
{"level":"debug","ts":"2026-10-05T08:19:33.969Z","caller":"ipamd/ipamd.go:1003","msg":"hasRoomForEni: networkCard=0, currentENIs=3, currentUsableENIs=3, maxENI=3, unmanagedENI=0, trunkEni=0, excludedENI=0, hasRoom=false"}
{"level":"debug","ts":"2026-10-05T08:19:33.969Z","caller":"ipamd/ipamd.go:813","msg":"Skipping ENI allocation as the max ENI limit is already reached"}
{"level":"debug","ts":"2026-10-05T08:19:33.969Z","caller":"ipamd/ipamd.go:861","msg":"Node found \"ip-10-20-0-52.ec2.internal\" - no of taints - 0"}
{"level":"debug","ts":"2026-10-05T08:19:33.969Z","caller":"datastore/data_store.go:1148","msg":"ENI eni-EXAMPLE13 cannot be deleted because it is primary"}
{"level":"debug","ts":"2026-10-05T08:19:33.969Z","caller":"datastore/data_store.go:1148","msg":"ENI eni-EXAMPLE14 cannot be deleted because it has pods assigned"}
{"level":"debug","ts":"2026-10-05T08:19:33.969Z","caller":"datastore/data_store.go:1148","msg":"ENI eni-EXAMPLE15 cannot be deleted because it is required for WARM_IP_TARGET: 2"}
{"level":"debug","ts":"2026-10-05T08:19:38.970Z","caller":"ipamd/ipamd.go:795","msg":"IP stats for Network Card 0 - total IPs: 11, assigned IPs: 10, cooldown IPs: 0"}
{"level":"debug","ts":"2026-10-05T08:19:38.970Z","caller":"ipamd/ipamd.go:813","msg":"Starting to increase pool size for network card 0"}
{"level":"debug","ts":"2026-10-05T08:19:38.970Z","caller":"ipamd/ipamd.go:966","msg":"Node found \"ip-10-20-0-52.ec2.internal\" - no of taints - 0"}
{"level":"debug","ts":"2026-10-05T08:19:38.970Z","caller":"ipamd/ipamd.go:1135","msg":"Found ENI eni-EXAMPLE15 that has less than the maximum number of IP/Prefixes addresses allocated: cur=1, max=5"}
{"level":"info","ts":"2026-10-05T08:19:38.970Z","caller":"ipamd/ipamd.go:1141","msg":"Trying to allocate 1 IP addresses on ENI eni-EXAMPLE15"}
{"level":"debug","ts":"2026-10-05T08:19:38.970Z","caller":"ipamd/ipamd.go:1141","msg":"PD enabled - false"}
{"level":"debug","ts":"2026-10-05T08:19:39.387Z","caller":"awsutils/awsutils.go:2174","msg":"checkAPIErrorAndBroadcastEvent resulted in operation error EC2: AssignPrivateIpAddresses, https response error StatusCode: 400, RequestID: 38c957c2-92b4-4559-baae-680e5154520b, api error InsufficientFreeAddressesInSubnet: The specified subnet does not have enough free addresses to satisfy the request."}
{"level":"error","ts":"2026-10-05T08:19:39.387Z","caller":"ipamd/ipamd.go:1141","msg":"Failed to allocate a private IP/Prefix addresses on ENI eni-EXAMPLE15: operation error EC2: AssignPrivateIpAddresses, https response error StatusCode: 400, RequestID: 38c957c2-92b4-4559-baae-680e5154520b, api error InsufficientFreeAddressesInSubnet: The specified subnet does not have enough free addresses to satisfy the request."}
{"level":"debug","ts":"2026-10-05T08:19:39.387Z","caller":"ipamd/ipamd.go:1142","msg":"containsPrivateIPAddressLimitExceededError encountered operation error EC2: AssignPrivateIpAddresses, https response error StatusCode: 400, RequestID: 38c957c2-92b4-4559-baae-680e5154520b, api error InsufficientFreeAddressesInSubnet: The specified subnet does not have enough free addresses to satisfy the request."}
{"level":"warn","ts":"2026-10-05T08:19:39.387Z","caller":"ipamd/ipamd.go:1115","msg":"failed to allocate all available IP addresses on ENI eni-EXAMPLE15, err: operation error EC2: AssignPrivateIpAddresses, https response error StatusCode: 400, RequestID: 38c957c2-92b4-4559-baae-680e5154520b, api error InsufficientFreeAddressesInSubnet: The specified subnet does not have enough free addresses to satisfy the request."}
{"level":"info","ts":"2026-10-05T08:19:39.387Z","caller":"ipamd/ipamd.go:1145","msg":"Trying to allocate 1 IP addresses on ENI eni-EXAMPLE15"}
{"level":"debug","ts":"2026-10-05T08:19:39.387Z","caller":"ipamd/ipamd.go:1145","msg":"PD enabled - false"}
{"level":"debug","ts":"2026-10-05T08:19:39.791Z","caller":"awsutils/awsutils.go:2174","msg":"checkAPIErrorAndBroadcastEvent resulted in operation error EC2: AssignPrivateIpAddresses, https response error StatusCode: 400, RequestID: f0927441-fbfb-494c-8056-ae85f096991e, api error InsufficientFreeAddressesInSubnet: The specified subnet does not have enough free addresses to satisfy the request."}
{"level":"error","ts":"2026-10-05T08:19:39.791Z","caller":"ipamd/ipamd.go:1145","msg":"Failed to allocate a private IP/Prefix addresses on ENI eni-EXAMPLE15: operation error EC2: AssignPrivateIpAddresses, https response error StatusCode: 400, RequestID: f0927441-fbfb-494c-8056-ae85f096991e, api error InsufficientFreeAddressesInSubnet: The specified subnet does not have enough free addresses to satisfy the request."}
{"level":"debug","ts":"2026-10-05T08:19:39.791Z","caller":"ipamd/ipamd.go:1146","msg":"containsPrivateIPAddressLimitExceededError encountered operation error EC2: AssignPrivateIpAddresses, https response error StatusCode: 400, RequestID: f0927441-fbfb-494c-8056-ae85f096991e, api error InsufficientFreeAddressesInSubnet: The specified subnet does not have enough free addresses to satisfy the request."}
{"level":"debug","ts":"2026-10-05T08:19:39.791Z","caller":"ipamd/ipamd.go:1148","msg":"containsInsufficientCIDRsOrSubnetIPs encountered operation error EC2: AssignPrivateIpAddresses, https response error StatusCode: 400, RequestID: f0927441-fbfb-494c-8056-ae85f096991e, api error InsufficientFreeAddressesInSubnet: The specified subnet does not have enough free addresses to satisfy the request."}
{"level":"debug","ts":"2026-10-05T08:19:39.791Z","caller":"ipamd/ipamd.go:1148","msg":"Insufficient IP Addresses due to: InsufficientFreeAddressesInSubnet\n"}
{"level":"debug","ts":"2026-10-05T08:19:39.791Z","caller":"ipamd/ipamd.go:1003","msg":"hasRoomForEni: networkCard=0, currentENIs=3, currentUsableENIs=3, maxENI=3, unmanagedENI=0, trunkEni=0, excludedENI=0, hasRoom=false"}
{"level":"debug","ts":"2026-10-05T08:19:39.791Z","caller":"ipamd/ipamd.go:813","msg":"Skipping ENI allocation as the max ENI limit is already reached"}
{"level":"debug","ts":"2026-10-05T08:19:39.791Z","caller":"ipamd/ipamd.go:861","msg":"Node found \"ip-10-20-0-52.ec2.internal\" - no of taints - 0"}
{"level":"debug","ts":"2026-10-05T08:19:39.791Z","caller":"datastore/data_store.go:1148","msg":"ENI eni-EXAMPLE13 cannot be deleted because it is primary"}
{"level":"debug","ts":"2026-10-05T08:19:39.791Z","caller":"datastore/data_store.go:1148","msg":"ENI eni-EXAMPLE14 cannot be deleted because it has pods assigned"}
{"level":"debug","ts":"2026-10-05T08:19:39.791Z","caller":"datastore/data_store.go:1148","msg":"ENI eni-EXAMPLE15 cannot be deleted because it is required for WARM_IP_TARGET: 2"}
{"level":"debug","ts":"2026-10-05T08:19:44.793Z","caller":"ipamd/ipamd.go:795","msg":"IP stats for Network Card 0 - total IPs: 11, assigned IPs: 10, cooldown IPs: 0"}
{"level":"debug","ts":"2026-10-05T08:19:44.793Z","caller":"ipamd/ipamd.go:813","msg":"Starting to increase pool size for network card 0"}
{"level":"debug","ts":"2026-10-05T08:19:44.793Z","caller":"ipamd/ipamd.go:966","msg":"Node found \"ip-10-20-0-52.ec2.internal\" - no of taints - 0"}
{"level":"debug","ts":"2026-10-05T08:19:44.793Z","caller":"ipamd/ipamd.go:1135","msg":"Found ENI eni-EXAMPLE15 that has less than the maximum number of IP/Prefixes addresses allocated: cur=1, max=5"}
{"level":"info","ts":"2026-10-05T08:19:44.793Z","caller":"ipamd/ipamd.go:1141","msg":"Trying to allocate 1 IP addresses on ENI eni-EXAMPLE15"}
{"level":"debug","ts":"2026-10-05T08:19:44.793Z","caller":"ipamd/ipamd.go:1141","msg":"PD enabled - false"}
{"level":"debug","ts":"2026-10-05T08:19:45.222Z","caller":"awsutils/awsutils.go:2174","msg":"checkAPIErrorAndBroadcastEvent resulted in operation error EC2: AssignPrivateIpAddresses, https response error StatusCode: 400, RequestID: 2fc81ccb-d6ba-4080-ad4f-f29321370cd7, api error InsufficientFreeAddressesInSubnet: The specified subnet does not have enough free addresses to satisfy the request."}
{"level":"error","ts":"2026-10-05T08:19:45.222Z","caller":"ipamd/ipamd.go:1141","msg":"Failed to allocate a private IP/Prefix addresses on ENI eni-EXAMPLE15: operation error EC2: AssignPrivateIpAddresses, https response error StatusCode: 400, RequestID: 2fc81ccb-d6ba-4080-ad4f-f29321370cd7, api error InsufficientFreeAddressesInSubnet: The specified subnet does not have enough free addresses to satisfy the request."}
{"level":"debug","ts":"2026-10-05T08:19:45.222Z","caller":"ipamd/ipamd.go:1142","msg":"containsPrivateIPAddressLimitExceededError encountered operation error EC2: AssignPrivateIpAddresses, https response error StatusCode: 400, RequestID: 2fc81ccb-d6ba-4080-ad4f-f29321370cd7, api error InsufficientFreeAddressesInSubnet: The specified subnet does not have enough free addresses to satisfy the request."}
{"level":"warn","ts":"2026-10-05T08:19:45.222Z","caller":"ipamd/ipamd.go:1115","msg":"failed to allocate all available IP addresses on ENI eni-EXAMPLE15, err: operation error EC2: AssignPrivateIpAddresses, https response error StatusCode: 400, RequestID: 2fc81ccb-d6ba-4080-ad4f-f29321370cd7, api error InsufficientFreeAddressesInSubnet: The specified subnet does not have enough free addresses to satisfy the request."}
{"level":"info","ts":"2026-10-05T08:19:45.222Z","caller":"ipamd/ipamd.go:1145","msg":"Trying to allocate 1 IP addresses on ENI eni-EXAMPLE15"}
{"level":"debug","ts":"2026-10-05T08:19:45.222Z","caller":"ipamd/ipamd.go:1145","msg":"PD enabled - false"}
{"level":"debug","ts":"2026-10-05T08:19:45.629Z","caller":"awsutils/awsutils.go:2174","msg":"checkAPIErrorAndBroadcastEvent resulted in operation error EC2: AssignPrivateIpAddresses, https response error StatusCode: 400, RequestID: 9d1a3ee4-f98d-4a8e-ae91-4247ebfd2878, api error InsufficientFreeAddressesInSubnet: The specified subnet does not have enough free addresses to satisfy the request."}
{"level":"error","ts":"2026-10-05T08:19:45.630Z","caller":"ipamd/ipamd.go:1145","msg":"Failed to allocate a private IP/Prefix addresses on ENI eni-EXAMPLE15: operation error EC2: AssignPrivateIpAddresses, https response error StatusCode: 400, RequestID: 9d1a3ee4-f98d-4a8e-ae91-4247ebfd2878, api error InsufficientFreeAddressesInSubnet: The specified subnet does not have enough free addresses to satisfy the request."}
{"level":"debug","ts":"2026-10-05T08:19:45.630Z","caller":"ipamd/ipamd.go:1146","msg":"containsPrivateIPAddressLimitExceededError encountered operation error EC2: AssignPrivateIpAddresses, https response error StatusCode: 400, RequestID: 9d1a3ee4-f98d-4a8e-ae91-4247ebfd2878, api error InsufficientFreeAddressesInSubnet: The specified subnet does not have enough free addresses to satisfy the request."}
{"level":"debug","ts":"2026-10-05T08:19:45.630Z","caller":"ipamd/ipamd.go:1148","msg":"containsInsufficientCIDRsOrSubnetIPs encountered operation error EC2: AssignPrivateIpAddresses, https response error StatusCode: 400, RequestID: 9d1a3ee4-f98d-4a8e-ae91-4247ebfd2878, api error InsufficientFreeAddressesInSubnet: The specified subnet does not have enough free addresses to satisfy the request."}
{"level":"debug","ts":"2026-10-05T08:19:45.630Z","caller":"ipamd/ipamd.go:1148","msg":"Insufficient IP Addresses due to: InsufficientFreeAddressesInSubnet\n"}
{"level":"debug","ts":"2026-10-05T08:19:45.630Z","caller":"ipamd/ipamd.go:1003","msg":"hasRoomForEni: networkCard=0, currentENIs=3, currentUsableENIs=3, maxENI=3, unmanagedENI=0, trunkEni=0, excludedENI=0, hasRoom=false"}
{"level":"debug","ts":"2026-10-05T08:19:45.630Z","caller":"ipamd/ipamd.go:813","msg":"Skipping ENI allocation as the max ENI limit is already reached"}
{"level":"debug","ts":"2026-10-05T08:19:45.630Z","caller":"ipamd/ipamd.go:861","msg":"Node found \"ip-10-20-0-52.ec2.internal\" - no of taints - 0"}
{"level":"debug","ts":"2026-10-05T08:19:45.630Z","caller":"datastore/data_store.go:1148","msg":"ENI eni-EXAMPLE15 cannot be deleted because it is required for WARM_IP_TARGET: 2"}
{"level":"debug","ts":"2026-10-05T08:19:45.630Z","caller":"datastore/data_store.go:1148","msg":"ENI eni-EXAMPLE13 cannot be deleted because it is primary"}
{"level":"debug","ts":"2026-10-05T08:19:45.630Z","caller":"datastore/data_store.go:1148","msg":"ENI eni-EXAMPLE14 cannot be deleted because it has pods assigned"}
{"level":"debug","ts":"2026-10-05T08:19:50.630Z","caller":"ipamd/ipamd.go:795","msg":"IP stats for Network Card 0 - total IPs: 11, assigned IPs: 10, cooldown IPs: 0"}
{"level":"debug","ts":"2026-10-05T08:19:50.630Z","caller":"ipamd/ipamd.go:813","msg":"Starting to increase pool size for network card 0"}
{"level":"debug","ts":"2026-10-05T08:19:50.630Z","caller":"ipamd/ipamd.go:966","msg":"Node found \"ip-10-20-0-52.ec2.internal\" - no of taints - 0"}
{"level":"debug","ts":"2026-10-05T08:19:50.630Z","caller":"ipamd/ipamd.go:1135","msg":"Found ENI eni-EXAMPLE15 that has less than the maximum number of IP/Prefixes addresses allocated: cur=1, max=5"}
{"level":"info","ts":"2026-10-05T08:19:50.630Z","caller":"ipamd/ipamd.go:1141","msg":"Trying to allocate 1 IP addresses on ENI eni-EXAMPLE15"}
{"level":"debug","ts":"2026-10-05T08:19:50.630Z","caller":"ipamd/ipamd.go:1141","msg":"PD enabled - false"}
{"level":"debug","ts":"2026-10-05T08:19:51.080Z","caller":"awsutils/awsutils.go:2174","msg":"checkAPIErrorAndBroadcastEvent resulted in operation error EC2: AssignPrivateIpAddresses, https response error StatusCode: 400, RequestID: 930dffda-484a-49f4-b585-b8af2f56c2e8, api error InsufficientFreeAddressesInSubnet: The specified subnet does not have enough free addresses to satisfy the request."}
{"level":"error","ts":"2026-10-05T08:19:51.080Z","caller":"ipamd/ipamd.go:1141","msg":"Failed to allocate a private IP/Prefix addresses on ENI eni-EXAMPLE15: operation error EC2: AssignPrivateIpAddresses, https response error StatusCode: 400, RequestID: 930dffda-484a-49f4-b585-b8af2f56c2e8, api error InsufficientFreeAddressesInSubnet: The specified subnet does not have enough free addresses to satisfy the request."}
{"level":"debug","ts":"2026-10-05T08:19:51.080Z","caller":"ipamd/ipamd.go:1142","msg":"containsPrivateIPAddressLimitExceededError encountered operation error EC2: AssignPrivateIpAddresses, https response error StatusCode: 400, RequestID: 930dffda-484a-49f4-b585-b8af2f56c2e8, api error InsufficientFreeAddressesInSubnet: The specified subnet does not have enough free addresses to satisfy the request."}
{"level":"warn","ts":"2026-10-05T08:19:51.080Z","caller":"ipamd/ipamd.go:1115","msg":"failed to allocate all available IP addresses on ENI eni-EXAMPLE15, err: operation error EC2: AssignPrivateIpAddresses, https response error StatusCode: 400, RequestID: 930dffda-484a-49f4-b585-b8af2f56c2e8, api error InsufficientFreeAddressesInSubnet: The specified subnet does not have enough free addresses to satisfy the request."}
{"level":"info","ts":"2026-10-05T08:19:51.080Z","caller":"ipamd/ipamd.go:1145","msg":"Trying to allocate 1 IP addresses on ENI eni-EXAMPLE15"}
{"level":"debug","ts":"2026-10-05T08:19:51.080Z","caller":"ipamd/ipamd.go:1145","msg":"PD enabled - false"}
{"level":"debug","ts":"2026-10-05T08:19:51.510Z","caller":"awsutils/awsutils.go:2174","msg":"checkAPIErrorAndBroadcastEvent resulted in operation error EC2: AssignPrivateIpAddresses, https response error StatusCode: 400, RequestID: 121a20c3-d311-4c72-9030-2b958fb8e6fe, api error InsufficientFreeAddressesInSubnet: The specified subnet does not have enough free addresses to satisfy the request."}
{"level":"error","ts":"2026-10-05T08:19:51.510Z","caller":"ipamd/ipamd.go:1145","msg":"Failed to allocate a private IP/Prefix addresses on ENI eni-EXAMPLE15: operation error EC2: AssignPrivateIpAddresses, https response error StatusCode: 400, RequestID: 121a20c3-d311-4c72-9030-2b958fb8e6fe, api error InsufficientFreeAddressesInSubnet: The specified subnet does not have enough free addresses to satisfy the request."}
{"level":"debug","ts":"2026-10-05T08:19:51.510Z","caller":"ipamd/ipamd.go:1146","msg":"containsPrivateIPAddressLimitExceededError encountered operation error EC2: AssignPrivateIpAddresses, https response error StatusCode: 400, RequestID: 121a20c3-d311-4c72-9030-2b958fb8e6fe, api error InsufficientFreeAddressesInSubnet: The specified subnet does not have enough free addresses to satisfy the request."}
{"level":"debug","ts":"2026-10-05T08:19:51.510Z","caller":"ipamd/ipamd.go:1148","msg":"containsInsufficientCIDRsOrSubnetIPs encountered operation error EC2: AssignPrivateIpAddresses, https response error StatusCode: 400, RequestID: 121a20c3-d311-4c72-9030-2b958fb8e6fe, api error InsufficientFreeAddressesInSubnet: The specified subnet does not have enough free addresses to satisfy the request."}
{"level":"debug","ts":"2026-10-05T08:19:51.510Z","caller":"ipamd/ipamd.go:1148","msg":"Insufficient IP Addresses due to: InsufficientFreeAddressesInSubnet\n"}
{"level":"debug","ts":"2026-10-05T08:19:51.510Z","caller":"ipamd/ipamd.go:1003","msg":"hasRoomForEni: networkCard=0, currentENIs=3, currentUsableENIs=3, maxENI=3, unmanagedENI=0, trunkEni=0, excludedENI=0, hasRoom=false"}
{"level":"debug","ts":"2026-10-05T08:19:51.510Z","caller":"ipamd/ipamd.go:813","msg":"Skipping ENI allocation as the max ENI limit is already reached"}
{"level":"debug","ts":"2026-10-05T08:19:51.510Z","caller":"ipamd/ipamd.go:861","msg":"Node found \"ip-10-20-0-52.ec2.internal\" - no of taints - 0"}
{"level":"debug","ts":"2026-10-05T08:19:51.510Z","caller":"datastore/data_store.go:1148","msg":"ENI eni-EXAMPLE13 cannot be deleted because it is primary"}
{"level":"debug","ts":"2026-10-05T08:19:51.510Z","caller":"datastore/data_store.go:1148","msg":"ENI eni-EXAMPLE14 cannot be deleted because it has pods assigned"}
{"level":"debug","ts":"2026-10-05T08:19:51.510Z","caller":"datastore/data_store.go:1148","msg":"ENI eni-EXAMPLE15 cannot be deleted because it is required for WARM_IP_TARGET: 2"}
{"level":"debug","ts":"2026-10-05T08:19:54.010Z","caller":"ipamd/ipamd.go:798","msg":"Reconciling ENI/IP pool info because time since last 1m4.537456253s > 1m0s"}
{"level":"debug","ts":"2026-10-05T08:19:54.012Z","caller":"ipamd/ipamd.go:1621","msg":"Total number of interfaces found: 3 "}
{"level":"debug","ts":"2026-10-05T08:19:54.012Z","caller":"awsutils/awsutils.go:787","msg":"Found ENI MAC address: 0a:ff:d7:e5:f8:71"}
{"level":"debug","ts":"2026-10-05T08:19:54.014Z","caller":"awsutils/awsutils.go:787","msg":"Found ENI: eni-EXAMPLE14, MAC 0a:ff:d7:e5:f8:71, device 1"}
{"level":"debug","ts":"2026-10-05T08:19:54.015Z","caller":"awsutils/awsutils.go:787","msg":"Found IPv4 addresses associated with interface. This is not efa-only interface"}
{"level":"debug","ts":"2026-10-05T08:19:54.018Z","caller":"awsutils/awsutils.go:787","msg":"Found ENI MAC address: 0a:ff:e1:1c:71:73"}
{"level":"debug","ts":"2026-10-05T08:19:54.020Z","caller":"awsutils/awsutils.go:787","msg":"Found ENI: eni-EXAMPLE13, MAC 0a:ff:e1:1c:71:73, device 0"}
{"level":"debug","ts":"2026-10-05T08:19:54.025Z","caller":"awsutils/awsutils.go:787","msg":"Found IPv4 addresses associated with interface. This is not efa-only interface"}
{"level":"debug","ts":"2026-10-05T08:19:54.028Z","caller":"awsutils/awsutils.go:787","msg":"Found ENI MAC address: 0a:ff:f5:6a:b4:6f"}
{"level":"debug","ts":"2026-10-05T08:19:54.031Z","caller":"awsutils/awsutils.go:787","msg":"Found ENI: eni-EXAMPLE15, MAC 0a:ff:f5:6a:b4:6f, device 2"}
{"level":"debug","ts":"2026-10-05T08:19:54.033Z","caller":"awsutils/awsutils.go:787","msg":"Found IPv4 addresses associated with interface. This is not efa-only interface"}
{"level":"debug","ts":"2026-10-05T08:19:54.037Z","caller":"ipamd/ipamd.go:798","msg":"Reconcile existing ENI eni-EXAMPLE14 IP pool"}
{"level":"info","ts":"2026-10-05T08:19:54.037Z","caller":"ipamd/ipamd.go:1766","msg":"Reconcile and skip primary IP 10.20.0.55 on ENI eni-EXAMPLE14"}
{"level":"info","ts":"2026-10-05T08:19:54.037Z","caller":"ipamd/ipamd.go:1766","msg":"Trying to add 10.20.0.41"}
{"level":"info","ts":"2026-10-05T08:19:54.037Z","caller":"ipamd/ipamd.go:1890","msg":"Adding 10.20.0.41/32 to DS for eni-EXAMPLE14"}
{"level":"info","ts":"2026-10-05T08:19:54.037Z","caller":"ipamd/ipamd.go:1890","msg":"IP already in DS"}
{"level":"info","ts":"2026-10-05T08:19:54.037Z","caller":"ipamd/ipamd.go:1766","msg":"Trying to add 10.20.0.61"}
{"level":"info","ts":"2026-10-05T08:19:54.037Z","caller":"ipamd/ipamd.go:1890","msg":"Adding 10.20.0.61/32 to DS for eni-EXAMPLE14"}
{"level":"info","ts":"2026-10-05T08:19:54.037Z","caller":"ipamd/ipamd.go:1890","msg":"IP already in DS"}
{"level":"info","ts":"2026-10-05T08:19:54.037Z","caller":"ipamd/ipamd.go:1766","msg":"Trying to add 10.20.0.60"}
{"level":"info","ts":"2026-10-05T08:19:54.037Z","caller":"ipamd/ipamd.go:1890","msg":"Adding 10.20.0.60/32 to DS for eni-EXAMPLE14"}
{"level":"info","ts":"2026-10-05T08:19:54.037Z","caller":"ipamd/ipamd.go:1890","msg":"IP already in DS"}
{"level":"info","ts":"2026-10-05T08:19:54.037Z","caller":"ipamd/ipamd.go:1766","msg":"Trying to add 10.20.0.40"}
{"level":"info","ts":"2026-10-05T08:19:54.037Z","caller":"ipamd/ipamd.go:1890","msg":"Adding 10.20.0.40/32 to DS for eni-EXAMPLE14"}
{"level":"info","ts":"2026-10-05T08:19:54.037Z","caller":"ipamd/ipamd.go:1890","msg":"IP already in DS"}
{"level":"info","ts":"2026-10-05T08:19:54.037Z","caller":"ipamd/ipamd.go:1766","msg":"Trying to add 10.20.0.44"}
{"level":"info","ts":"2026-10-05T08:19:54.037Z","caller":"ipamd/ipamd.go:1890","msg":"Adding 10.20.0.44/32 to DS for eni-EXAMPLE14"}
{"level":"info","ts":"2026-10-05T08:19:54.037Z","caller":"ipamd/ipamd.go:1890","msg":"IP already in DS"}
{"level":"debug","ts":"2026-10-05T08:19:54.037Z","caller":"ipamd/ipamd.go:798","msg":"Reconcile existing ENI eni-EXAMPLE14 IP prefixes"}
{"level":"debug","ts":"2026-10-05T08:19:54.037Z","caller":"ipamd/ipamd.go:1693","msg":"Found prefix pool count 0 for eni eni-EXAMPLE14\n"}
{"level":"debug","ts":"2026-10-05T08:19:54.037Z","caller":"ipamd/ipamd.go:798","msg":"Reconcile existing ENI eni-EXAMPLE13 IP pool"}
{"level":"info","ts":"2026-10-05T08:19:54.038Z","caller":"ipamd/ipamd.go:1766","msg":"Reconcile and skip primary IP 10.20.0.52 on ENI eni-EXAMPLE13"}
{"level":"info","ts":"2026-10-05T08:19:54.038Z","caller":"ipamd/ipamd.go:1766","msg":"Trying to add 10.20.0.36"}
{"level":"info","ts":"2026-10-05T08:19:54.038Z","caller":"ipamd/ipamd.go:1890","msg":"Adding 10.20.0.36/32 to DS for eni-EXAMPLE13"}
{"level":"info","ts":"2026-10-05T08:19:54.038Z","caller":"ipamd/ipamd.go:1890","msg":"IP already in DS"}
{"level":"info","ts":"2026-10-05T08:19:54.038Z","caller":"ipamd/ipamd.go:1766","msg":"Trying to add 10.20.0.37"}
{"level":"info","ts":"2026-10-05T08:19:54.038Z","caller":"ipamd/ipamd.go:1890","msg":"Adding 10.20.0.37/32 to DS for eni-EXAMPLE13"}
{"level":"info","ts":"2026-10-05T08:19:54.038Z","caller":"ipamd/ipamd.go:1890","msg":"IP already in DS"}
{"level":"info","ts":"2026-10-05T08:19:54.038Z","caller":"ipamd/ipamd.go:1766","msg":"Trying to add 10.20.0.54"}
{"level":"info","ts":"2026-10-05T08:19:54.038Z","caller":"ipamd/ipamd.go:1890","msg":"Adding 10.20.0.54/32 to DS for eni-EXAMPLE13"}
{"level":"info","ts":"2026-10-05T08:19:54.038Z","caller":"ipamd/ipamd.go:1890","msg":"IP already in DS"}
{"level":"info","ts":"2026-10-05T08:19:54.038Z","caller":"ipamd/ipamd.go:1766","msg":"Trying to add 10.20.0.49"}
{"level":"info","ts":"2026-10-05T08:19:54.038Z","caller":"ipamd/ipamd.go:1890","msg":"Adding 10.20.0.49/32 to DS for eni-EXAMPLE13"}
{"level":"info","ts":"2026-10-05T08:19:54.038Z","caller":"ipamd/ipamd.go:1890","msg":"IP already in DS"}
{"level":"info","ts":"2026-10-05T08:19:54.038Z","caller":"ipamd/ipamd.go:1766","msg":"Trying to add 10.20.0.50"}
{"level":"info","ts":"2026-10-05T08:19:54.038Z","caller":"ipamd/ipamd.go:1890","msg":"Adding 10.20.0.50/32 to DS for eni-EXAMPLE13"}
{"level":"info","ts":"2026-10-05T08:19:54.038Z","caller":"ipamd/ipamd.go:1890","msg":"IP already in DS"}
{"level":"debug","ts":"2026-10-05T08:19:54.038Z","caller":"ipamd/ipamd.go:798","msg":"Reconcile existing ENI eni-EXAMPLE13 IP prefixes"}
{"level":"debug","ts":"2026-10-05T08:19:54.038Z","caller":"ipamd/ipamd.go:1693","msg":"Found prefix pool count 0 for eni eni-EXAMPLE13\n"}
{"level":"debug","ts":"2026-10-05T08:19:54.038Z","caller":"ipamd/ipamd.go:798","msg":"Reconcile existing ENI eni-EXAMPLE15 IP pool"}
{"level":"info","ts":"2026-10-05T08:19:54.038Z","caller":"ipamd/ipamd.go:1766","msg":"Reconcile and skip primary IP 10.20.0.56 on ENI eni-EXAMPLE15"}
{"level":"info","ts":"2026-10-05T08:19:54.038Z","caller":"ipamd/ipamd.go:1766","msg":"Trying to add 10.20.0.57"}
{"level":"info","ts":"2026-10-05T08:19:54.038Z","caller":"ipamd/ipamd.go:1890","msg":"Adding 10.20.0.57/32 to DS for eni-EXAMPLE15"}
{"level":"info","ts":"2026-10-05T08:19:54.038Z","caller":"ipamd/ipamd.go:1890","msg":"IP already in DS"}
{"level":"debug","ts":"2026-10-05T08:19:54.038Z","caller":"ipamd/ipamd.go:798","msg":"Reconcile existing ENI eni-EXAMPLE15 IP prefixes"}
{"level":"debug","ts":"2026-10-05T08:19:54.038Z","caller":"ipamd/ipamd.go:1693","msg":"Found prefix pool count 0 for eni eni-EXAMPLE15\n"}
{"level":"debug","ts":"2026-10-05T08:19:54.038Z","caller":"ipamd/ipamd.go:798","msg":"Successfully Reconciled ENI/IP pool"}
{"level":"debug","ts":"2026-10-05T08:19:54.038Z","caller":"ipamd/ipamd.go:1738","msg":"IP pool stats for network card 0: Total IPs/Prefixes = 11/0, AssignedIPs/CooldownIPs: 10/0, c.maxIPsPerENI = 5"}
{"level":"debug","ts":"2026-10-05T08:19:54.038Z","caller":"ipamd/ipamd.go:798","msg":"Primary IP for ENI eni-EXAMPLE13 is 10.20.0.52"}
{"level":"debug","ts":"2026-10-05T08:19:54.038Z","caller":"ipamd/ipamd.go:798","msg":"Primary IP for ENI eni-EXAMPLE14 is 10.20.0.55"}
{"level":"debug","ts":"2026-10-05T08:19:54.038Z","caller":"ipamd/ipamd.go:798","msg":"Primary IP for ENI eni-EXAMPLE15 is 10.20.0.56"}
{"level":"debug","ts":"2026-10-05T08:19:56.539Z","caller":"ipamd/ipamd.go:795","msg":"IP stats for Network Card 0 - total IPs: 11, assigned IPs: 10, cooldown IPs: 0"}
{"level":"debug","ts":"2026-10-05T08:19:56.539Z","caller":"ipamd/ipamd.go:813","msg":"Starting to increase pool size for network card 0"}
{"level":"debug","ts":"2026-10-05T08:19:56.540Z","caller":"ipamd/ipamd.go:966","msg":"Node found \"ip-10-20-0-52.ec2.internal\" - no of taints - 0"}
{"level":"debug","ts":"2026-10-05T08:19:56.540Z","caller":"ipamd/ipamd.go:1135","msg":"Found ENI eni-EXAMPLE15 that has less than the maximum number of IP/Prefixes addresses allocated: cur=1, max=5"}
{"level":"info","ts":"2026-10-05T08:19:56.540Z","caller":"ipamd/ipamd.go:1141","msg":"Trying to allocate 1 IP addresses on ENI eni-EXAMPLE15"}
{"level":"debug","ts":"2026-10-05T08:19:56.540Z","caller":"ipamd/ipamd.go:1141","msg":"PD enabled - false"}
{"level":"debug","ts":"2026-10-05T08:19:56.996Z","caller":"awsutils/awsutils.go:2174","msg":"checkAPIErrorAndBroadcastEvent resulted in operation error EC2: AssignPrivateIpAddresses, https response error StatusCode: 400, RequestID: 5a87bca9-adda-41bf-be00-703b26c74d8e, api error InsufficientFreeAddressesInSubnet: The specified subnet does not have enough free addresses to satisfy the request."}
{"level":"error","ts":"2026-10-05T08:19:56.996Z","caller":"ipamd/ipamd.go:1141","msg":"Failed to allocate a private IP/Prefix addresses on ENI eni-EXAMPLE15: operation error EC2: AssignPrivateIpAddresses, https response error StatusCode: 400, RequestID: 5a87bca9-adda-41bf-be00-703b26c74d8e, api error InsufficientFreeAddressesInSubnet: The specified subnet does not have enough free addresses to satisfy the request."}
{"level":"debug","ts":"2026-10-05T08:19:56.996Z","caller":"ipamd/ipamd.go:1142","msg":"containsPrivateIPAddressLimitExceededError encountered operation error EC2: AssignPrivateIpAddresses, https response error StatusCode: 400, RequestID: 5a87bca9-adda-41bf-be00-703b26c74d8e, api error InsufficientFreeAddressesInSubnet: The specified subnet does not have enough free addresses to satisfy the request."}
{"level":"warn","ts":"2026-10-05T08:19:56.996Z","caller":"ipamd/ipamd.go:1115","msg":"failed to allocate all available IP addresses on ENI eni-EXAMPLE15, err: operation error EC2: AssignPrivateIpAddresses, https response error StatusCode: 400, RequestID: 5a87bca9-adda-41bf-be00-703b26c74d8e, api error InsufficientFreeAddressesInSubnet: The specified subnet does not have enough free addresses to satisfy the request."}
{"level":"info","ts":"2026-10-05T08:19:56.996Z","caller":"ipamd/ipamd.go:1145","msg":"Trying to allocate 1 IP addresses on ENI eni-EXAMPLE15"}
{"level":"debug","ts":"2026-10-05T08:19:56.996Z","caller":"ipamd/ipamd.go:1145","msg":"PD enabled - false"}
{"level":"debug","ts":"2026-10-05T08:19:57.466Z","caller":"awsutils/awsutils.go:2174","msg":"checkAPIErrorAndBroadcastEvent resulted in operation error EC2: AssignPrivateIpAddresses, https response error StatusCode: 400, RequestID: 91f9ff88-020e-45e5-9396-1454b94c5620, api error InsufficientFreeAddressesInSubnet: The specified subnet does not have enough free addresses to satisfy the request."}
{"level":"error","ts":"2026-10-05T08:19:57.466Z","caller":"ipamd/ipamd.go:1145","msg":"Failed to allocate a private IP/Prefix addresses on ENI eni-EXAMPLE15: operation error EC2: AssignPrivateIpAddresses, https response error StatusCode: 400, RequestID: 91f9ff88-020e-45e5-9396-1454b94c5620, api error InsufficientFreeAddressesInSubnet: The specified subnet does not have enough free addresses to satisfy the request."}
{"level":"debug","ts":"2026-10-05T08:19:57.466Z","caller":"ipamd/ipamd.go:1146","msg":"containsPrivateIPAddressLimitExceededError encountered operation error EC2: AssignPrivateIpAddresses, https response error StatusCode: 400, RequestID: 91f9ff88-020e-45e5-9396-1454b94c5620, api error InsufficientFreeAddressesInSubnet: The specified subnet does not have enough free addresses to satisfy the request."}
{"level":"debug","ts":"2026-10-05T08:19:57.466Z","caller":"ipamd/ipamd.go:1148","msg":"containsInsufficientCIDRsOrSubnetIPs encountered operation error EC2: AssignPrivateIpAddresses, https response error StatusCode: 400, RequestID: 91f9ff88-020e-45e5-9396-1454b94c5620, api error InsufficientFreeAddressesInSubnet: The specified subnet does not have enough free addresses to satisfy the request."}
{"level":"debug","ts":"2026-10-05T08:19:57.466Z","caller":"ipamd/ipamd.go:1148","msg":"Insufficient IP Addresses due to: InsufficientFreeAddressesInSubnet\n"}
{"level":"debug","ts":"2026-10-05T08:19:57.466Z","caller":"ipamd/ipamd.go:1003","msg":"hasRoomForEni: networkCard=0, currentENIs=3, currentUsableENIs=3, maxENI=3, unmanagedENI=0, trunkEni=0, excludedENI=0, hasRoom=false"}
{"level":"debug","ts":"2026-10-05T08:19:57.466Z","caller":"ipamd/ipamd.go:813","msg":"Skipping ENI allocation as the max ENI limit is already reached"}
{"level":"debug","ts":"2026-10-05T08:19:57.466Z","caller":"ipamd/ipamd.go:861","msg":"Node found \"ip-10-20-0-52.ec2.internal\" - no of taints - 0"}
{"level":"debug","ts":"2026-10-05T08:19:57.466Z","caller":"datastore/data_store.go:1148","msg":"ENI eni-EXAMPLE15 cannot be deleted because it is required for WARM_IP_TARGET: 2"}
{"level":"debug","ts":"2026-10-05T08:19:57.466Z","caller":"datastore/data_store.go:1148","msg":"ENI eni-EXAMPLE13 cannot be deleted because it is primary"}
{"level":"debug","ts":"2026-10-05T08:19:57.466Z","caller":"datastore/data_store.go:1148","msg":"ENI eni-EXAMPLE14 cannot be deleted because it has pods assigned"}
{"level":"debug","ts":"2026-10-05T08:20:02.467Z","caller":"ipamd/ipamd.go:795","msg":"IP stats for Network Card 0 - total IPs: 11, assigned IPs: 10, cooldown IPs: 0"}
{"level":"debug","ts":"2026-10-05T08:20:02.467Z","caller":"ipamd/ipamd.go:813","msg":"Starting to increase pool size for network card 0"}
{"level":"debug","ts":"2026-10-05T08:20:02.467Z","caller":"ipamd/ipamd.go:966","msg":"Node found \"ip-10-20-0-52.ec2.internal\" - no of taints - 0"}
{"level":"debug","ts":"2026-10-05T08:20:02.467Z","caller":"ipamd/ipamd.go:1135","msg":"Found ENI eni-EXAMPLE15 that has less than the maximum number of IP/Prefixes addresses allocated: cur=1, max=5"}
{"level":"info","ts":"2026-10-05T08:20:02.467Z","caller":"ipamd/ipamd.go:1141","msg":"Trying to allocate 1 IP addresses on ENI eni-EXAMPLE15"}
{"level":"debug","ts":"2026-10-05T08:20:02.467Z","caller":"ipamd/ipamd.go:1141","msg":"PD enabled - false"}
{"level":"debug","ts":"2026-10-05T08:20:02.876Z","caller":"awsutils/awsutils.go:2174","msg":"checkAPIErrorAndBroadcastEvent resulted in operation error EC2: AssignPrivateIpAddresses, https response error StatusCode: 400, RequestID: 99c0d4de-9180-4848-99e7-f1f4f29b57cd, api error InsufficientFreeAddressesInSubnet: The specified subnet does not have enough free addresses to satisfy the request."}
{"level":"error","ts":"2026-10-05T08:20:02.876Z","caller":"ipamd/ipamd.go:1141","msg":"Failed to allocate a private IP/Prefix addresses on ENI eni-EXAMPLE15: operation error EC2: AssignPrivateIpAddresses, https response error StatusCode: 400, RequestID: 99c0d4de-9180-4848-99e7-f1f4f29b57cd, api error InsufficientFreeAddressesInSubnet: The specified subnet does not have enough free addresses to satisfy the request."}
{"level":"debug","ts":"2026-10-05T08:20:02.876Z","caller":"ipamd/ipamd.go:1142","msg":"containsPrivateIPAddressLimitExceededError encountered operation error EC2: AssignPrivateIpAddresses, https response error StatusCode: 400, RequestID: 99c0d4de-9180-4848-99e7-f1f4f29b57cd, api error InsufficientFreeAddressesInSubnet: The specified subnet does not have enough free addresses to satisfy the request."}
{"level":"warn","ts":"2026-10-05T08:20:02.876Z","caller":"ipamd/ipamd.go:1115","msg":"failed to allocate all available IP addresses on ENI eni-EXAMPLE15, err: operation error EC2: AssignPrivateIpAddresses, https response error StatusCode: 400, RequestID: 99c0d4de-9180-4848-99e7-f1f4f29b57cd, api error InsufficientFreeAddressesInSubnet: The specified subnet does not have enough free addresses to satisfy the request."}
{"level":"info","ts":"2026-10-05T08:20:02.876Z","caller":"ipamd/ipamd.go:1145","msg":"Trying to allocate 1 IP addresses on ENI eni-EXAMPLE15"}
{"level":"debug","ts":"2026-10-05T08:20:02.876Z","caller":"ipamd/ipamd.go:1145","msg":"PD enabled - false"}
{"level":"debug","ts":"2026-10-05T08:20:03.393Z","caller":"awsutils/awsutils.go:2174","msg":"checkAPIErrorAndBroadcastEvent resulted in operation error EC2: AssignPrivateIpAddresses, https response error StatusCode: 400, RequestID: a4a65743-8f30-46e1-99f7-20cb84d3bad6, api error InsufficientFreeAddressesInSubnet: The specified subnet does not have enough free addresses to satisfy the request."}
{"level":"error","ts":"2026-10-05T08:20:03.393Z","caller":"ipamd/ipamd.go:1145","msg":"Failed to allocate a private IP/Prefix addresses on ENI eni-EXAMPLE15: operation error EC2: AssignPrivateIpAddresses, https response error StatusCode: 400, RequestID: a4a65743-8f30-46e1-99f7-20cb84d3bad6, api error InsufficientFreeAddressesInSubnet: The specified subnet does not have enough free addresses to satisfy the request."}
{"level":"debug","ts":"2026-10-05T08:20:03.393Z","caller":"ipamd/ipamd.go:1146","msg":"containsPrivateIPAddressLimitExceededError encountered operation error EC2: AssignPrivateIpAddresses, https response error StatusCode: 400, RequestID: a4a65743-8f30-46e1-99f7-20cb84d3bad6, api error InsufficientFreeAddressesInSubnet: The specified subnet does not have enough free addresses to satisfy the request."}
{"level":"debug","ts":"2026-10-05T08:20:03.393Z","caller":"ipamd/ipamd.go:1148","msg":"containsInsufficientCIDRsOrSubnetIPs encountered operation error EC2: AssignPrivateIpAddresses, https response error StatusCode: 400, RequestID: a4a65743-8f30-46e1-99f7-20cb84d3bad6, api error InsufficientFreeAddressesInSubnet: The specified subnet does not have enough free addresses to satisfy the request."}
{"level":"debug","ts":"2026-10-05T08:20:03.393Z","caller":"ipamd/ipamd.go:1148","msg":"Insufficient IP Addresses due to: InsufficientFreeAddressesInSubnet\n"}
{"level":"debug","ts":"2026-10-05T08:20:03.394Z","caller":"ipamd/ipamd.go:1003","msg":"hasRoomForEni: networkCard=0, currentENIs=3, currentUsableENIs=3, maxENI=3, unmanagedENI=0, trunkEni=0, excludedENI=0, hasRoom=false"}
{"level":"debug","ts":"2026-10-05T08:20:03.394Z","caller":"ipamd/ipamd.go:813","msg":"Skipping ENI allocation as the max ENI limit is already reached"}
{"level":"debug","ts":"2026-10-05T08:20:03.394Z","caller":"ipamd/ipamd.go:861","msg":"Node found \"ip-10-20-0-52.ec2.internal\" - no of taints - 0"}
{"level":"debug","ts":"2026-10-05T08:20:03.394Z","caller":"datastore/data_store.go:1148","msg":"ENI eni-EXAMPLE13 cannot be deleted because it is primary"}
{"level":"debug","ts":"2026-10-05T08:20:03.394Z","caller":"datastore/data_store.go:1148","msg":"ENI eni-EXAMPLE14 cannot be deleted because it has pods assigned"}
{"level":"debug","ts":"2026-10-05T08:20:03.394Z","caller":"datastore/data_store.go:1148","msg":"ENI eni-EXAMPLE15 cannot be deleted because it is required for WARM_IP_TARGET: 2"}
{"level":"debug","ts":"2026-10-05T08:20:08.395Z","caller":"ipamd/ipamd.go:795","msg":"IP stats for Network Card 0 - total IPs: 11, assigned IPs: 10, cooldown IPs: 0"}
{"level":"debug","ts":"2026-10-05T08:20:08.395Z","caller":"ipamd/ipamd.go:813","msg":"Starting to increase pool size for network card 0"}
{"level":"debug","ts":"2026-10-05T08:20:08.396Z","caller":"ipamd/ipamd.go:966","msg":"Node found \"ip-10-20-0-52.ec2.internal\" - no of taints - 0"}
{"level":"debug","ts":"2026-10-05T08:20:08.396Z","caller":"ipamd/ipamd.go:1135","msg":"Found ENI eni-EXAMPLE15 that has less than the maximum number of IP/Prefixes addresses allocated: cur=1, max=5"}
{"level":"info","ts":"2026-10-05T08:20:08.396Z","caller":"ipamd/ipamd.go:1141","msg":"Trying to allocate 1 IP addresses on ENI eni-EXAMPLE15"}
{"level":"debug","ts":"2026-10-05T08:20:08.396Z","caller":"ipamd/ipamd.go:1141","msg":"PD enabled - false"}
{"level":"debug","ts":"2026-10-05T08:20:08.824Z","caller":"awsutils/awsutils.go:2174","msg":"checkAPIErrorAndBroadcastEvent resulted in operation error EC2: AssignPrivateIpAddresses, https response error StatusCode: 400, RequestID: 85613db7-28e4-4223-a2fa-913530f68429, api error InsufficientFreeAddressesInSubnet: The specified subnet does not have enough free addresses to satisfy the request."}
{"level":"error","ts":"2026-10-05T08:20:08.824Z","caller":"ipamd/ipamd.go:1141","msg":"Failed to allocate a private IP/Prefix addresses on ENI eni-EXAMPLE15: operation error EC2: AssignPrivateIpAddresses, https response error StatusCode: 400, RequestID: 85613db7-28e4-4223-a2fa-913530f68429, api error InsufficientFreeAddressesInSubnet: The specified subnet does not have enough free addresses to satisfy the request."}
{"level":"debug","ts":"2026-10-05T08:20:08.824Z","caller":"ipamd/ipamd.go:1142","msg":"containsPrivateIPAddressLimitExceededError encountered operation error EC2: AssignPrivateIpAddresses, https response error StatusCode: 400, RequestID: 85613db7-28e4-4223-a2fa-913530f68429, api error InsufficientFreeAddressesInSubnet: The specified subnet does not have enough free addresses to satisfy the request."}
{"level":"warn","ts":"2026-10-05T08:20:08.824Z","caller":"ipamd/ipamd.go:1115","msg":"failed to allocate all available IP addresses on ENI eni-EXAMPLE15, err: operation error EC2: AssignPrivateIpAddresses, https response error StatusCode: 400, RequestID: 85613db7-28e4-4223-a2fa-913530f68429, api error InsufficientFreeAddressesInSubnet: The specified subnet does not have enough free addresses to satisfy the request."}
{"level":"info","ts":"2026-10-05T08:20:08.824Z","caller":"ipamd/ipamd.go:1145","msg":"Trying to allocate 1 IP addresses on ENI eni-EXAMPLE15"}
{"level":"debug","ts":"2026-10-05T08:20:08.824Z","caller":"ipamd/ipamd.go:1145","msg":"PD enabled - false"}
{"level":"debug","ts":"2026-10-05T08:20:09.566Z","caller":"awsutils/awsutils.go:2174","msg":"checkAPIErrorAndBroadcastEvent resulted in operation error EC2: AssignPrivateIpAddresses, https response error StatusCode: 400, RequestID: a528795e-0ef7-443c-b81a-8d554f5a81f2, api error InsufficientFreeAddressesInSubnet: The specified subnet does not have enough free addresses to satisfy the request."}
{"level":"error","ts":"2026-10-05T08:20:09.566Z","caller":"ipamd/ipamd.go:1145","msg":"Failed to allocate a private IP/Prefix addresses on ENI eni-EXAMPLE15: operation error EC2: AssignPrivateIpAddresses, https response error StatusCode: 400, RequestID: a528795e-0ef7-443c-b81a-8d554f5a81f2, api error InsufficientFreeAddressesInSubnet: The specified subnet does not have enough free addresses to satisfy the request."}
{"level":"debug","ts":"2026-10-05T08:20:09.566Z","caller":"ipamd/ipamd.go:1146","msg":"containsPrivateIPAddressLimitExceededError encountered operation error EC2: AssignPrivateIpAddresses, https response error StatusCode: 400, RequestID: a528795e-0ef7-443c-b81a-8d554f5a81f2, api error InsufficientFreeAddressesInSubnet: The specified subnet does not have enough free addresses to satisfy the request."}
{"level":"debug","ts":"2026-10-05T08:20:09.566Z","caller":"ipamd/ipamd.go:1148","msg":"containsInsufficientCIDRsOrSubnetIPs encountered operation error EC2: AssignPrivateIpAddresses, https response error StatusCode: 400, RequestID: a528795e-0ef7-443c-b81a-8d554f5a81f2, api error InsufficientFreeAddressesInSubnet: The specified subnet does not have enough free addresses to satisfy the request."}
{"level":"debug","ts":"2026-10-05T08:20:09.566Z","caller":"ipamd/ipamd.go:1148","msg":"Insufficient IP Addresses due to: InsufficientFreeAddressesInSubnet\n"}
{"level":"debug","ts":"2026-10-05T08:20:09.566Z","caller":"ipamd/ipamd.go:1003","msg":"hasRoomForEni: networkCard=0, currentENIs=3, currentUsableENIs=3, maxENI=3, unmanagedENI=0, trunkEni=0, excludedENI=0, hasRoom=false"}
{"level":"debug","ts":"2026-10-05T08:20:09.566Z","caller":"ipamd/ipamd.go:813","msg":"Skipping ENI allocation as the max ENI limit is already reached"}
{"level":"debug","ts":"2026-10-05T08:20:09.566Z","caller":"ipamd/ipamd.go:861","msg":"Node found \"ip-10-20-0-52.ec2.internal\" - no of taints - 0"}
{"level":"debug","ts":"2026-10-05T08:20:09.566Z","caller":"datastore/data_store.go:1148","msg":"ENI eni-EXAMPLE13 cannot be deleted because it is primary"}
{"level":"debug","ts":"2026-10-05T08:20:09.566Z","caller":"datastore/data_store.go:1148","msg":"ENI eni-EXAMPLE14 cannot be deleted because it has pods assigned"}
{"level":"debug","ts":"2026-10-05T08:20:09.566Z","caller":"datastore/data_store.go:1148","msg":"ENI eni-EXAMPLE15 cannot be deleted because it is required for WARM_IP_TARGET: 2"}
{"level":"debug","ts":"2026-10-05T08:20:14.566Z","caller":"ipamd/ipamd.go:795","msg":"IP stats for Network Card 0 - total IPs: 11, assigned IPs: 10, cooldown IPs: 0"}
{"level":"debug","ts":"2026-10-05T08:20:14.566Z","caller":"ipamd/ipamd.go:813","msg":"Starting to increase pool size for network card 0"}
{"level":"debug","ts":"2026-10-05T08:20:14.566Z","caller":"ipamd/ipamd.go:966","msg":"Node found \"ip-10-20-0-52.ec2.internal\" - no of taints - 0"}
{"level":"debug","ts":"2026-10-05T08:20:14.566Z","caller":"ipamd/ipamd.go:1135","msg":"Found ENI eni-EXAMPLE15 that has less than the maximum number of IP/Prefixes addresses allocated: cur=1, max=5"}
{"level":"info","ts":"2026-10-05T08:20:14.566Z","caller":"ipamd/ipamd.go:1141","msg":"Trying to allocate 1 IP addresses on ENI eni-EXAMPLE15"}
{"level":"debug","ts":"2026-10-05T08:20:14.566Z","caller":"ipamd/ipamd.go:1141","msg":"PD enabled - false"}
{"level":"debug","ts":"2026-10-05T08:20:14.993Z","caller":"awsutils/awsutils.go:2174","msg":"checkAPIErrorAndBroadcastEvent resulted in operation error EC2: AssignPrivateIpAddresses, https response error StatusCode: 400, RequestID: 635c6761-e3ee-482b-bab3-78b50efea091, api error InsufficientFreeAddressesInSubnet: The specified subnet does not have enough free addresses to satisfy the request."}
{"level":"error","ts":"2026-10-05T08:20:14.993Z","caller":"ipamd/ipamd.go:1141","msg":"Failed to allocate a private IP/Prefix addresses on ENI eni-EXAMPLE15: operation error EC2: AssignPrivateIpAddresses, https response error StatusCode: 400, RequestID: 635c6761-e3ee-482b-bab3-78b50efea091, api error InsufficientFreeAddressesInSubnet: The specified subnet does not have enough free addresses to satisfy the request."}
{"level":"debug","ts":"2026-10-05T08:20:14.993Z","caller":"ipamd/ipamd.go:1142","msg":"containsPrivateIPAddressLimitExceededError encountered operation error EC2: AssignPrivateIpAddresses, https response error StatusCode: 400, RequestID: 635c6761-e3ee-482b-bab3-78b50efea091, api error InsufficientFreeAddressesInSubnet: The specified subnet does not have enough free addresses to satisfy the request."}
{"level":"warn","ts":"2026-10-05T08:20:14.993Z","caller":"ipamd/ipamd.go:1115","msg":"failed to allocate all available IP addresses on ENI eni-EXAMPLE15, err: operation error EC2: AssignPrivateIpAddresses, https response error StatusCode: 400, RequestID: 635c6761-e3ee-482b-bab3-78b50efea091, api error InsufficientFreeAddressesInSubnet: The specified subnet does not have enough free addresses to satisfy the request."}
{"level":"info","ts":"2026-10-05T08:20:14.993Z","caller":"ipamd/ipamd.go:1145","msg":"Trying to allocate 1 IP addresses on ENI eni-EXAMPLE15"}
{"level":"debug","ts":"2026-10-05T08:20:14.993Z","caller":"ipamd/ipamd.go:1145","msg":"PD enabled - false"}
{"level":"debug","ts":"2026-10-05T08:20:15.403Z","caller":"awsutils/awsutils.go:2174","msg":"checkAPIErrorAndBroadcastEvent resulted in operation error EC2: AssignPrivateIpAddresses, https response error StatusCode: 400, RequestID: 23e09e05-ffb2-4914-b38b-1bc53e4e781d, api error InsufficientFreeAddressesInSubnet: The specified subnet does not have enough free addresses to satisfy the request."}
{"level":"error","ts":"2026-10-05T08:20:15.403Z","caller":"ipamd/ipamd.go:1145","msg":"Failed to allocate a private IP/Prefix addresses on ENI eni-EXAMPLE15: operation error EC2: AssignPrivateIpAddresses, https response error StatusCode: 400, RequestID: 23e09e05-ffb2-4914-b38b-1bc53e4e781d, api error InsufficientFreeAddressesInSubnet: The specified subnet does not have enough free addresses to satisfy the request."}
{"level":"debug","ts":"2026-10-05T08:20:15.403Z","caller":"ipamd/ipamd.go:1146","msg":"containsPrivateIPAddressLimitExceededError encountered operation error EC2: AssignPrivateIpAddresses, https response error StatusCode: 400, RequestID: 23e09e05-ffb2-4914-b38b-1bc53e4e781d, api error InsufficientFreeAddressesInSubnet: The specified subnet does not have enough free addresses to satisfy the request."}
{"level":"debug","ts":"2026-10-05T08:20:15.403Z","caller":"ipamd/ipamd.go:1148","msg":"containsInsufficientCIDRsOrSubnetIPs encountered operation error EC2: AssignPrivateIpAddresses, https response error StatusCode: 400, RequestID: 23e09e05-ffb2-4914-b38b-1bc53e4e781d, api error InsufficientFreeAddressesInSubnet: The specified subnet does not have enough free addresses to satisfy the request."}
{"level":"debug","ts":"2026-10-05T08:20:15.403Z","caller":"ipamd/ipamd.go:1148","msg":"Insufficient IP Addresses due to: InsufficientFreeAddressesInSubnet\n"}
{"level":"debug","ts":"2026-10-05T08:20:15.403Z","caller":"ipamd/ipamd.go:1003","msg":"hasRoomForEni: networkCard=0, currentENIs=3, currentUsableENIs=3, maxENI=3, unmanagedENI=0, trunkEni=0, excludedENI=0, hasRoom=false"}
{"level":"debug","ts":"2026-10-05T08:20:15.403Z","caller":"ipamd/ipamd.go:813","msg":"Skipping ENI allocation as the max ENI limit is already reached"}
{"level":"debug","ts":"2026-10-05T08:20:15.403Z","caller":"ipamd/ipamd.go:861","msg":"Node found \"ip-10-20-0-52.ec2.internal\" - no of taints - 0"}
{"level":"debug","ts":"2026-10-05T08:20:15.403Z","caller":"datastore/data_store.go:1148","msg":"ENI eni-EXAMPLE15 cannot be deleted because it is required for WARM_IP_TARGET: 2"}
{"level":"debug","ts":"2026-10-05T08:20:15.403Z","caller":"datastore/data_store.go:1148","msg":"ENI eni-EXAMPLE13 cannot be deleted because it is primary"}
{"level":"debug","ts":"2026-10-05T08:20:15.403Z","caller":"datastore/data_store.go:1148","msg":"ENI eni-EXAMPLE14 cannot be deleted because it has pods assigned"}
{"level":"debug","ts":"2026-10-05T08:20:20.404Z","caller":"ipamd/ipamd.go:795","msg":"IP stats for Network Card 0 - total IPs: 11, assigned IPs: 10, cooldown IPs: 0"}
{"level":"debug","ts":"2026-10-05T08:20:20.404Z","caller":"ipamd/ipamd.go:813","msg":"Starting to increase pool size for network card 0"}
{"level":"debug","ts":"2026-10-05T08:20:20.404Z","caller":"ipamd/ipamd.go:966","msg":"Node found \"ip-10-20-0-52.ec2.internal\" - no of taints - 0"}
{"level":"debug","ts":"2026-10-05T08:20:20.404Z","caller":"ipamd/ipamd.go:1135","msg":"Found ENI eni-EXAMPLE15 that has less than the maximum number of IP/Prefixes addresses allocated: cur=1, max=5"}
{"level":"info","ts":"2026-10-05T08:20:20.404Z","caller":"ipamd/ipamd.go:1141","msg":"Trying to allocate 1 IP addresses on ENI eni-EXAMPLE15"}
{"level":"debug","ts":"2026-10-05T08:20:20.404Z","caller":"ipamd/ipamd.go:1141","msg":"PD enabled - false"}
{"level":"debug","ts":"2026-10-05T08:20:20.811Z","caller":"awsutils/awsutils.go:2174","msg":"checkAPIErrorAndBroadcastEvent resulted in operation error EC2: AssignPrivateIpAddresses, https response error StatusCode: 400, RequestID: 8a7dacb8-3d8d-45fc-8996-186ed9f70704, api error InsufficientFreeAddressesInSubnet: The specified subnet does not have enough free addresses to satisfy the request."}
{"level":"error","ts":"2026-10-05T08:20:20.811Z","caller":"ipamd/ipamd.go:1141","msg":"Failed to allocate a private IP/Prefix addresses on ENI eni-EXAMPLE15: operation error EC2: AssignPrivateIpAddresses, https response error StatusCode: 400, RequestID: 8a7dacb8-3d8d-45fc-8996-186ed9f70704, api error InsufficientFreeAddressesInSubnet: The specified subnet does not have enough free addresses to satisfy the request."}
{"level":"debug","ts":"2026-10-05T08:20:20.811Z","caller":"ipamd/ipamd.go:1142","msg":"containsPrivateIPAddressLimitExceededError encountered operation error EC2: AssignPrivateIpAddresses, https response error StatusCode: 400, RequestID: 8a7dacb8-3d8d-45fc-8996-186ed9f70704, api error InsufficientFreeAddressesInSubnet: The specified subnet does not have enough free addresses to satisfy the request."}
{"level":"warn","ts":"2026-10-05T08:20:20.811Z","caller":"ipamd/ipamd.go:1115","msg":"failed to allocate all available IP addresses on ENI eni-EXAMPLE15, err: operation error EC2: AssignPrivateIpAddresses, https response error StatusCode: 400, RequestID: 8a7dacb8-3d8d-45fc-8996-186ed9f70704, api error InsufficientFreeAddressesInSubnet: The specified subnet does not have enough free addresses to satisfy the request."}
{"level":"info","ts":"2026-10-05T08:20:20.811Z","caller":"ipamd/ipamd.go:1145","msg":"Trying to allocate 1 IP addresses on ENI eni-EXAMPLE15"}
{"level":"debug","ts":"2026-10-05T08:20:20.811Z","caller":"ipamd/ipamd.go:1145","msg":"PD enabled - false"}
{"level":"debug","ts":"2026-10-05T08:20:21.252Z","caller":"awsutils/awsutils.go:2174","msg":"checkAPIErrorAndBroadcastEvent resulted in operation error EC2: AssignPrivateIpAddresses, https response error StatusCode: 400, RequestID: a6d66304-3bce-44f1-8139-e64084995452, api error InsufficientFreeAddressesInSubnet: The specified subnet does not have enough free addresses to satisfy the request."}
{"level":"error","ts":"2026-10-05T08:20:21.252Z","caller":"ipamd/ipamd.go:1145","msg":"Failed to allocate a private IP/Prefix addresses on ENI eni-EXAMPLE15: operation error EC2: AssignPrivateIpAddresses, https response error StatusCode: 400, RequestID: a6d66304-3bce-44f1-8139-e64084995452, api error InsufficientFreeAddressesInSubnet: The specified subnet does not have enough free addresses to satisfy the request."}
{"level":"debug","ts":"2026-10-05T08:20:21.252Z","caller":"ipamd/ipamd.go:1146","msg":"containsPrivateIPAddressLimitExceededError encountered operation error EC2: AssignPrivateIpAddresses, https response error StatusCode: 400, RequestID: a6d66304-3bce-44f1-8139-e64084995452, api error InsufficientFreeAddressesInSubnet: The specified subnet does not have enough free addresses to satisfy the request."}
{"level":"debug","ts":"2026-10-05T08:20:21.252Z","caller":"ipamd/ipamd.go:1148","msg":"containsInsufficientCIDRsOrSubnetIPs encountered operation error EC2: AssignPrivateIpAddresses, https response error StatusCode: 400, RequestID: a6d66304-3bce-44f1-8139-e64084995452, api error InsufficientFreeAddressesInSubnet: The specified subnet does not have enough free addresses to satisfy the request."}
{"level":"debug","ts":"2026-10-05T08:20:21.252Z","caller":"ipamd/ipamd.go:1148","msg":"Insufficient IP Addresses due to: InsufficientFreeAddressesInSubnet\n"}
{"level":"debug","ts":"2026-10-05T08:20:21.252Z","caller":"ipamd/ipamd.go:1003","msg":"hasRoomForEni: networkCard=0, currentENIs=3, currentUsableENIs=3, maxENI=3, unmanagedENI=0, trunkEni=0, excludedENI=0, hasRoom=false"}
{"level":"debug","ts":"2026-10-05T08:20:21.252Z","caller":"ipamd/ipamd.go:813","msg":"Skipping ENI allocation as the max ENI limit is already reached"}
{"level":"debug","ts":"2026-10-05T08:20:21.252Z","caller":"ipamd/ipamd.go:861","msg":"Node found \"ip-10-20-0-52.ec2.internal\" - no of taints - 0"}
{"level":"debug","ts":"2026-10-05T08:20:21.252Z","caller":"datastore/data_store.go:1148","msg":"ENI eni-EXAMPLE13 cannot be deleted because it is primary"}
{"level":"debug","ts":"2026-10-05T08:20:21.252Z","caller":"datastore/data_store.go:1148","msg":"ENI eni-EXAMPLE14 cannot be deleted because it has pods assigned"}
{"level":"debug","ts":"2026-10-05T08:20:21.252Z","caller":"datastore/data_store.go:1148","msg":"ENI eni-EXAMPLE15 cannot be deleted because it is required for WARM_IP_TARGET: 2"}
{"level":"debug","ts":"2026-10-05T08:20:26.252Z","caller":"ipamd/ipamd.go:795","msg":"IP stats for Network Card 0 - total IPs: 11, assigned IPs: 10, cooldown IPs: 0"}
{"level":"debug","ts":"2026-10-05T08:20:26.252Z","caller":"ipamd/ipamd.go:813","msg":"Starting to increase pool size for network card 0"}
{"level":"debug","ts":"2026-10-05T08:20:26.252Z","caller":"ipamd/ipamd.go:966","msg":"Node found \"ip-10-20-0-52.ec2.internal\" - no of taints - 0"}
{"level":"debug","ts":"2026-10-05T08:20:26.252Z","caller":"ipamd/ipamd.go:1135","msg":"Found ENI eni-EXAMPLE15 that has less than the maximum number of IP/Prefixes addresses allocated: cur=1, max=5"}
{"level":"info","ts":"2026-10-05T08:20:26.252Z","caller":"ipamd/ipamd.go:1141","msg":"Trying to allocate 1 IP addresses on ENI eni-EXAMPLE15"}
{"level":"debug","ts":"2026-10-05T08:20:26.252Z","caller":"ipamd/ipamd.go:1141","msg":"PD enabled - false"}
{"level":"debug","ts":"2026-10-05T08:20:26.741Z","caller":"awsutils/awsutils.go:2174","msg":"checkAPIErrorAndBroadcastEvent resulted in operation error EC2: AssignPrivateIpAddresses, https response error StatusCode: 400, RequestID: b9fe0a1c-8fa9-4682-9c66-4faddbab4684, api error InsufficientFreeAddressesInSubnet: The specified subnet does not have enough free addresses to satisfy the request."}
{"level":"error","ts":"2026-10-05T08:20:26.741Z","caller":"ipamd/ipamd.go:1141","msg":"Failed to allocate a private IP/Prefix addresses on ENI eni-EXAMPLE15: operation error EC2: AssignPrivateIpAddresses, https response error StatusCode: 400, RequestID: b9fe0a1c-8fa9-4682-9c66-4faddbab4684, api error InsufficientFreeAddressesInSubnet: The specified subnet does not have enough free addresses to satisfy the request."}
{"level":"debug","ts":"2026-10-05T08:20:26.741Z","caller":"ipamd/ipamd.go:1142","msg":"containsPrivateIPAddressLimitExceededError encountered operation error EC2: AssignPrivateIpAddresses, https response error StatusCode: 400, RequestID: b9fe0a1c-8fa9-4682-9c66-4faddbab4684, api error InsufficientFreeAddressesInSubnet: The specified subnet does not have enough free addresses to satisfy the request."}
{"level":"warn","ts":"2026-10-05T08:20:26.741Z","caller":"ipamd/ipamd.go:1115","msg":"failed to allocate all available IP addresses on ENI eni-EXAMPLE15, err: operation error EC2: AssignPrivateIpAddresses, https response error StatusCode: 400, RequestID: b9fe0a1c-8fa9-4682-9c66-4faddbab4684, api error InsufficientFreeAddressesInSubnet: The specified subnet does not have enough free addresses to satisfy the request."}
{"level":"info","ts":"2026-10-05T08:20:26.741Z","caller":"ipamd/ipamd.go:1145","msg":"Trying to allocate 1 IP addresses on ENI eni-EXAMPLE15"}
{"level":"debug","ts":"2026-10-05T08:20:26.741Z","caller":"ipamd/ipamd.go:1145","msg":"PD enabled - false"}
{"level":"debug","ts":"2026-10-05T08:20:27.183Z","caller":"awsutils/awsutils.go:2174","msg":"checkAPIErrorAndBroadcastEvent resulted in operation error EC2: AssignPrivateIpAddresses, https response error StatusCode: 400, RequestID: 09acf8cf-a2a3-4c2f-9c60-31d9067564af, api error InsufficientFreeAddressesInSubnet: The specified subnet does not have enough free addresses to satisfy the request."}
{"level":"error","ts":"2026-10-05T08:20:27.183Z","caller":"ipamd/ipamd.go:1145","msg":"Failed to allocate a private IP/Prefix addresses on ENI eni-EXAMPLE15: operation error EC2: AssignPrivateIpAddresses, https response error StatusCode: 400, RequestID: 09acf8cf-a2a3-4c2f-9c60-31d9067564af, api error InsufficientFreeAddressesInSubnet: The specified subnet does not have enough free addresses to satisfy the request."}
{"level":"debug","ts":"2026-10-05T08:20:27.183Z","caller":"ipamd/ipamd.go:1146","msg":"containsPrivateIPAddressLimitExceededError encountered operation error EC2: AssignPrivateIpAddresses, https response error StatusCode: 400, RequestID: 09acf8cf-a2a3-4c2f-9c60-31d9067564af, api error InsufficientFreeAddressesInSubnet: The specified subnet does not have enough free addresses to satisfy the request."}
{"level":"debug","ts":"2026-10-05T08:20:27.183Z","caller":"ipamd/ipamd.go:1148","msg":"containsInsufficientCIDRsOrSubnetIPs encountered operation error EC2: AssignPrivateIpAddresses, https response error StatusCode: 400, RequestID: 09acf8cf-a2a3-4c2f-9c60-31d9067564af, api error InsufficientFreeAddressesInSubnet: The specified subnet does not have enough free addresses to satisfy the request."}
{"level":"debug","ts":"2026-10-05T08:20:27.183Z","caller":"ipamd/ipamd.go:1148","msg":"Insufficient IP Addresses due to: InsufficientFreeAddressesInSubnet\n"}
{"level":"debug","ts":"2026-10-05T08:20:27.183Z","caller":"ipamd/ipamd.go:1003","msg":"hasRoomForEni: networkCard=0, currentENIs=3, currentUsableENIs=3, maxENI=3, unmanagedENI=0, trunkEni=0, excludedENI=0, hasRoom=false"}
{"level":"debug","ts":"2026-10-05T08:20:27.183Z","caller":"ipamd/ipamd.go:813","msg":"Skipping ENI allocation as the max ENI limit is already reached"}
{"level":"debug","ts":"2026-10-05T08:20:27.183Z","caller":"ipamd/ipamd.go:861","msg":"Node found \"ip-10-20-0-52.ec2.internal\" - no of taints - 0"}
{"level":"debug","ts":"2026-10-05T08:20:27.183Z","caller":"datastore/data_store.go:1148","msg":"ENI eni-EXAMPLE14 cannot be deleted because it has pods assigned"}
{"level":"debug","ts":"2026-10-05T08:20:27.183Z","caller":"datastore/data_store.go:1148","msg":"ENI eni-EXAMPLE15 cannot be deleted because it is required for WARM_IP_TARGET: 2"}
{"level":"debug","ts":"2026-10-05T08:20:27.183Z","caller":"datastore/data_store.go:1148","msg":"ENI eni-EXAMPLE13 cannot be deleted because it is primary"}
{"level":"debug","ts":"2026-10-05T08:20:32.184Z","caller":"ipamd/ipamd.go:795","msg":"IP stats for Network Card 0 - total IPs: 11, assigned IPs: 10, cooldown IPs: 0"}
{"level":"debug","ts":"2026-10-05T08:20:32.184Z","caller":"ipamd/ipamd.go:813","msg":"Starting to increase pool size for network card 0"}
{"level":"debug","ts":"2026-10-05T08:20:32.184Z","caller":"ipamd/ipamd.go:966","msg":"Node found \"ip-10-20-0-52.ec2.internal\" - no of taints - 0"}
{"level":"debug","ts":"2026-10-05T08:20:32.184Z","caller":"ipamd/ipamd.go:1135","msg":"Found ENI eni-EXAMPLE15 that has less than the maximum number of IP/Prefixes addresses allocated: cur=1, max=5"}
{"level":"info","ts":"2026-10-05T08:20:32.184Z","caller":"ipamd/ipamd.go:1141","msg":"Trying to allocate 1 IP addresses on ENI eni-EXAMPLE15"}
{"level":"debug","ts":"2026-10-05T08:20:32.184Z","caller":"ipamd/ipamd.go:1141","msg":"PD enabled - false"}
{"level":"debug","ts":"2026-10-05T08:20:32.620Z","caller":"awsutils/awsutils.go:2174","msg":"checkAPIErrorAndBroadcastEvent resulted in operation error EC2: AssignPrivateIpAddresses, https response error StatusCode: 400, RequestID: 7ec4f88a-a655-48a6-82ed-5ee833f0c30f, api error InsufficientFreeAddressesInSubnet: The specified subnet does not have enough free addresses to satisfy the request."}
{"level":"error","ts":"2026-10-05T08:20:32.620Z","caller":"ipamd/ipamd.go:1141","msg":"Failed to allocate a private IP/Prefix addresses on ENI eni-EXAMPLE15: operation error EC2: AssignPrivateIpAddresses, https response error StatusCode: 400, RequestID: 7ec4f88a-a655-48a6-82ed-5ee833f0c30f, api error InsufficientFreeAddressesInSubnet: The specified subnet does not have enough free addresses to satisfy the request."}
{"level":"debug","ts":"2026-10-05T08:20:32.620Z","caller":"ipamd/ipamd.go:1142","msg":"containsPrivateIPAddressLimitExceededError encountered operation error EC2: AssignPrivateIpAddresses, https response error StatusCode: 400, RequestID: 7ec4f88a-a655-48a6-82ed-5ee833f0c30f, api error InsufficientFreeAddressesInSubnet: The specified subnet does not have enough free addresses to satisfy the request."}
{"level":"warn","ts":"2026-10-05T08:20:32.620Z","caller":"ipamd/ipamd.go:1115","msg":"failed to allocate all available IP addresses on ENI eni-EXAMPLE15, err: operation error EC2: AssignPrivateIpAddresses, https response error StatusCode: 400, RequestID: 7ec4f88a-a655-48a6-82ed-5ee833f0c30f, api error InsufficientFreeAddressesInSubnet: The specified subnet does not have enough free addresses to satisfy the request."}
{"level":"info","ts":"2026-10-05T08:20:32.620Z","caller":"ipamd/ipamd.go:1145","msg":"Trying to allocate 1 IP addresses on ENI eni-EXAMPLE15"}
{"level":"debug","ts":"2026-10-05T08:20:32.620Z","caller":"ipamd/ipamd.go:1145","msg":"PD enabled - false"}
{"level":"debug","ts":"2026-10-05T08:20:33.156Z","caller":"awsutils/awsutils.go:2174","msg":"checkAPIErrorAndBroadcastEvent resulted in operation error EC2: AssignPrivateIpAddresses, https response error StatusCode: 400, RequestID: ec620962-dc45-46d7-98fd-0bd875dcb92a, api error InsufficientFreeAddressesInSubnet: The specified subnet does not have enough free addresses to satisfy the request."}
{"level":"error","ts":"2026-10-05T08:20:33.156Z","caller":"ipamd/ipamd.go:1145","msg":"Failed to allocate a private IP/Prefix addresses on ENI eni-EXAMPLE15: operation error EC2: AssignPrivateIpAddresses, https response error StatusCode: 400, RequestID: ec620962-dc45-46d7-98fd-0bd875dcb92a, api error InsufficientFreeAddressesInSubnet: The specified subnet does not have enough free addresses to satisfy the request."}
{"level":"debug","ts":"2026-10-05T08:20:33.156Z","caller":"ipamd/ipamd.go:1146","msg":"containsPrivateIPAddressLimitExceededError encountered operation error EC2: AssignPrivateIpAddresses, https response error StatusCode: 400, RequestID: ec620962-dc45-46d7-98fd-0bd875dcb92a, api error InsufficientFreeAddressesInSubnet: The specified subnet does not have enough free addresses to satisfy the request."}
{"level":"debug","ts":"2026-10-05T08:20:33.156Z","caller":"ipamd/ipamd.go:1148","msg":"containsInsufficientCIDRsOrSubnetIPs encountered operation error EC2: AssignPrivateIpAddresses, https response error StatusCode: 400, RequestID: ec620962-dc45-46d7-98fd-0bd875dcb92a, api error InsufficientFreeAddressesInSubnet: The specified subnet does not have enough free addresses to satisfy the request."}
{"level":"debug","ts":"2026-10-05T08:20:33.156Z","caller":"ipamd/ipamd.go:1148","msg":"Insufficient IP Addresses due to: InsufficientFreeAddressesInSubnet\n"}
{"level":"debug","ts":"2026-10-05T08:20:33.156Z","caller":"ipamd/ipamd.go:1003","msg":"hasRoomForEni: networkCard=0, currentENIs=3, currentUsableENIs=3, maxENI=3, unmanagedENI=0, trunkEni=0, excludedENI=0, hasRoom=false"}
{"level":"debug","ts":"2026-10-05T08:20:33.156Z","caller":"ipamd/ipamd.go:813","msg":"Skipping ENI allocation as the max ENI limit is already reached"}
{"level":"debug","ts":"2026-10-05T08:20:33.156Z","caller":"ipamd/ipamd.go:861","msg":"Node found \"ip-10-20-0-52.ec2.internal\" - no of taints - 0"}
{"level":"debug","ts":"2026-10-05T08:20:33.156Z","caller":"datastore/data_store.go:1148","msg":"ENI eni-EXAMPLE13 cannot be deleted because it is primary"}
{"level":"debug","ts":"2026-10-05T08:20:33.156Z","caller":"datastore/data_store.go:1148","msg":"ENI eni-EXAMPLE14 cannot be deleted because it has pods assigned"}
{"level":"debug","ts":"2026-10-05T08:20:33.156Z","caller":"datastore/data_store.go:1148","msg":"ENI eni-EXAMPLE15 cannot be deleted because it is required for WARM_IP_TARGET: 2"}
{"level":"debug","ts":"2026-10-05T08:20:38.157Z","caller":"ipamd/ipamd.go:795","msg":"IP stats for Network Card 0 - total IPs: 11, assigned IPs: 10, cooldown IPs: 0"}
{"level":"debug","ts":"2026-10-05T08:20:38.157Z","caller":"ipamd/ipamd.go:813","msg":"Starting to increase pool size for network card 0"}
{"level":"debug","ts":"2026-10-05T08:20:38.157Z","caller":"ipamd/ipamd.go:966","msg":"Node found \"ip-10-20-0-52.ec2.internal\" - no of taints - 0"}
{"level":"debug","ts":"2026-10-05T08:20:38.157Z","caller":"ipamd/ipamd.go:1135","msg":"Found ENI eni-EXAMPLE15 that has less than the maximum number of IP/Prefixes addresses allocated: cur=1, max=5"}
{"level":"info","ts":"2026-10-05T08:20:38.157Z","caller":"ipamd/ipamd.go:1141","msg":"Trying to allocate 1 IP addresses on ENI eni-EXAMPLE15"}
{"level":"debug","ts":"2026-10-05T08:20:38.157Z","caller":"ipamd/ipamd.go:1141","msg":"PD enabled - false"}
{"level":"debug","ts":"2026-10-05T08:20:38.544Z","caller":"awsutils/awsutils.go:2174","msg":"checkAPIErrorAndBroadcastEvent resulted in operation error EC2: AssignPrivateIpAddresses, https response error StatusCode: 400, RequestID: 64e9120e-b916-4eb3-ada0-bb2b8275490a, api error InsufficientFreeAddressesInSubnet: The specified subnet does not have enough free addresses to satisfy the request."}
{"level":"error","ts":"2026-10-05T08:20:38.544Z","caller":"ipamd/ipamd.go:1141","msg":"Failed to allocate a private IP/Prefix addresses on ENI eni-EXAMPLE15: operation error EC2: AssignPrivateIpAddresses, https response error StatusCode: 400, RequestID: 64e9120e-b916-4eb3-ada0-bb2b8275490a, api error InsufficientFreeAddressesInSubnet: The specified subnet does not have enough free addresses to satisfy the request."}
{"level":"debug","ts":"2026-10-05T08:20:38.544Z","caller":"ipamd/ipamd.go:1142","msg":"containsPrivateIPAddressLimitExceededError encountered operation error EC2: AssignPrivateIpAddresses, https response error StatusCode: 400, RequestID: 64e9120e-b916-4eb3-ada0-bb2b8275490a, api error InsufficientFreeAddressesInSubnet: The specified subnet does not have enough free addresses to satisfy the request."}
{"level":"warn","ts":"2026-10-05T08:20:38.544Z","caller":"ipamd/ipamd.go:1115","msg":"failed to allocate all available IP addresses on ENI eni-EXAMPLE15, err: operation error EC2: AssignPrivateIpAddresses, https response error StatusCode: 400, RequestID: 64e9120e-b916-4eb3-ada0-bb2b8275490a, api error InsufficientFreeAddressesInSubnet: The specified subnet does not have enough free addresses to satisfy the request."}
{"level":"info","ts":"2026-10-05T08:20:38.544Z","caller":"ipamd/ipamd.go:1145","msg":"Trying to allocate 1 IP addresses on ENI eni-EXAMPLE15"}
{"level":"debug","ts":"2026-10-05T08:20:38.544Z","caller":"ipamd/ipamd.go:1145","msg":"PD enabled - false"}
{"level":"debug","ts":"2026-10-05T08:20:38.936Z","caller":"awsutils/awsutils.go:2174","msg":"checkAPIErrorAndBroadcastEvent resulted in operation error EC2: AssignPrivateIpAddresses, https response error StatusCode: 400, RequestID: 09dd6b01-0a2e-4427-b220-227812283e9c, api error InsufficientFreeAddressesInSubnet: The specified subnet does not have enough free addresses to satisfy the request."}
{"level":"error","ts":"2026-10-05T08:20:38.936Z","caller":"ipamd/ipamd.go:1145","msg":"Failed to allocate a private IP/Prefix addresses on ENI eni-EXAMPLE15: operation error EC2: AssignPrivateIpAddresses, https response error StatusCode: 400, RequestID: 09dd6b01-0a2e-4427-b220-227812283e9c, api error InsufficientFreeAddressesInSubnet: The specified subnet does not have enough free addresses to satisfy the request."}
{"level":"debug","ts":"2026-10-05T08:20:38.936Z","caller":"ipamd/ipamd.go:1146","msg":"containsPrivateIPAddressLimitExceededError encountered operation error EC2: AssignPrivateIpAddresses, https response error StatusCode: 400, RequestID: 09dd6b01-0a2e-4427-b220-227812283e9c, api error InsufficientFreeAddressesInSubnet: The specified subnet does not have enough free addresses to satisfy the request."}
{"level":"debug","ts":"2026-10-05T08:20:38.936Z","caller":"ipamd/ipamd.go:1148","msg":"containsInsufficientCIDRsOrSubnetIPs encountered operation error EC2: AssignPrivateIpAddresses, https response error StatusCode: 400, RequestID: 09dd6b01-0a2e-4427-b220-227812283e9c, api error InsufficientFreeAddressesInSubnet: The specified subnet does not have enough free addresses to satisfy the request."}
{"level":"debug","ts":"2026-10-05T08:20:38.936Z","caller":"ipamd/ipamd.go:1148","msg":"Insufficient IP Addresses due to: InsufficientFreeAddressesInSubnet\n"}
{"level":"debug","ts":"2026-10-05T08:20:38.936Z","caller":"ipamd/ipamd.go:1003","msg":"hasRoomForEni: networkCard=0, currentENIs=3, currentUsableENIs=3, maxENI=3, unmanagedENI=0, trunkEni=0, excludedENI=0, hasRoom=false"}
{"level":"debug","ts":"2026-10-05T08:20:38.936Z","caller":"ipamd/ipamd.go:813","msg":"Skipping ENI allocation as the max ENI limit is already reached"}
{"level":"debug","ts":"2026-10-05T08:20:38.936Z","caller":"ipamd/ipamd.go:861","msg":"Node found \"ip-10-20-0-52.ec2.internal\" - no of taints - 0"}
{"level":"debug","ts":"2026-10-05T08:20:38.936Z","caller":"datastore/data_store.go:1148","msg":"ENI eni-EXAMPLE13 cannot be deleted because it is primary"}
{"level":"debug","ts":"2026-10-05T08:20:38.936Z","caller":"datastore/data_store.go:1148","msg":"ENI eni-EXAMPLE14 cannot be deleted because it has pods assigned"}
{"level":"debug","ts":"2026-10-05T08:20:38.936Z","caller":"datastore/data_store.go:1148","msg":"ENI eni-EXAMPLE15 cannot be deleted because it is required for WARM_IP_TARGET: 2"}
{"level":"debug","ts":"2026-10-05T08:20:43.937Z","caller":"ipamd/ipamd.go:795","msg":"IP stats for Network Card 0 - total IPs: 11, assigned IPs: 10, cooldown IPs: 0"}
{"level":"debug","ts":"2026-10-05T08:20:43.937Z","caller":"ipamd/ipamd.go:813","msg":"Starting to increase pool size for network card 0"}
{"level":"debug","ts":"2026-10-05T08:20:43.937Z","caller":"ipamd/ipamd.go:966","msg":"Node found \"ip-10-20-0-52.ec2.internal\" - no of taints - 0"}
{"level":"debug","ts":"2026-10-05T08:20:43.937Z","caller":"ipamd/ipamd.go:1135","msg":"Found ENI eni-EXAMPLE15 that has less than the maximum number of IP/Prefixes addresses allocated: cur=1, max=5"}
{"level":"info","ts":"2026-10-05T08:20:43.937Z","caller":"ipamd/ipamd.go:1141","msg":"Trying to allocate 1 IP addresses on ENI eni-EXAMPLE15"}
{"level":"debug","ts":"2026-10-05T08:20:43.937Z","caller":"ipamd/ipamd.go:1141","msg":"PD enabled - false"}
{"level":"debug","ts":"2026-10-05T08:20:44.347Z","caller":"awsutils/awsutils.go:2174","msg":"checkAPIErrorAndBroadcastEvent resulted in operation error EC2: AssignPrivateIpAddresses, https response error StatusCode: 400, RequestID: 69a5a3c0-b257-4136-98f8-c6adb9bc2eeb, api error InsufficientFreeAddressesInSubnet: The specified subnet does not have enough free addresses to satisfy the request."}
{"level":"error","ts":"2026-10-05T08:20:44.347Z","caller":"ipamd/ipamd.go:1141","msg":"Failed to allocate a private IP/Prefix addresses on ENI eni-EXAMPLE15: operation error EC2: AssignPrivateIpAddresses, https response error StatusCode: 400, RequestID: 69a5a3c0-b257-4136-98f8-c6adb9bc2eeb, api error InsufficientFreeAddressesInSubnet: The specified subnet does not have enough free addresses to satisfy the request."}
{"level":"debug","ts":"2026-10-05T08:20:44.347Z","caller":"ipamd/ipamd.go:1142","msg":"containsPrivateIPAddressLimitExceededError encountered operation error EC2: AssignPrivateIpAddresses, https response error StatusCode: 400, RequestID: 69a5a3c0-b257-4136-98f8-c6adb9bc2eeb, api error InsufficientFreeAddressesInSubnet: The specified subnet does not have enough free addresses to satisfy the request."}
{"level":"warn","ts":"2026-10-05T08:20:44.347Z","caller":"ipamd/ipamd.go:1115","msg":"failed to allocate all available IP addresses on ENI eni-EXAMPLE15, err: operation error EC2: AssignPrivateIpAddresses, https response error StatusCode: 400, RequestID: 69a5a3c0-b257-4136-98f8-c6adb9bc2eeb, api error InsufficientFreeAddressesInSubnet: The specified subnet does not have enough free addresses to satisfy the request."}
{"level":"info","ts":"2026-10-05T08:20:44.347Z","caller":"ipamd/ipamd.go:1145","msg":"Trying to allocate 1 IP addresses on ENI eni-EXAMPLE15"}
{"level":"debug","ts":"2026-10-05T08:20:44.347Z","caller":"ipamd/ipamd.go:1145","msg":"PD enabled - false"}
{"level":"debug","ts":"2026-10-05T08:20:44.762Z","caller":"awsutils/awsutils.go:2174","msg":"checkAPIErrorAndBroadcastEvent resulted in operation error EC2: AssignPrivateIpAddresses, https response error StatusCode: 400, RequestID: 55d723fa-58d2-4d71-bb17-06dc4cca35a5, api error InsufficientFreeAddressesInSubnet: The specified subnet does not have enough free addresses to satisfy the request."}
{"level":"error","ts":"2026-10-05T08:20:44.762Z","caller":"ipamd/ipamd.go:1145","msg":"Failed to allocate a private IP/Prefix addresses on ENI eni-EXAMPLE15: operation error EC2: AssignPrivateIpAddresses, https response error StatusCode: 400, RequestID: 55d723fa-58d2-4d71-bb17-06dc4cca35a5, api error InsufficientFreeAddressesInSubnet: The specified subnet does not have enough free addresses to satisfy the request."}
{"level":"debug","ts":"2026-10-05T08:20:44.762Z","caller":"ipamd/ipamd.go:1146","msg":"containsPrivateIPAddressLimitExceededError encountered operation error EC2: AssignPrivateIpAddresses, https response error StatusCode: 400, RequestID: 55d723fa-58d2-4d71-bb17-06dc4cca35a5, api error InsufficientFreeAddressesInSubnet: The specified subnet does not have enough free addresses to satisfy the request."}
{"level":"debug","ts":"2026-10-05T08:20:44.762Z","caller":"ipamd/ipamd.go:1148","msg":"containsInsufficientCIDRsOrSubnetIPs encountered operation error EC2: AssignPrivateIpAddresses, https response error StatusCode: 400, RequestID: 55d723fa-58d2-4d71-bb17-06dc4cca35a5, api error InsufficientFreeAddressesInSubnet: The specified subnet does not have enough free addresses to satisfy the request."}
{"level":"debug","ts":"2026-10-05T08:20:44.762Z","caller":"ipamd/ipamd.go:1148","msg":"Insufficient IP Addresses due to: InsufficientFreeAddressesInSubnet\n"}
{"level":"debug","ts":"2026-10-05T08:20:44.762Z","caller":"ipamd/ipamd.go:1003","msg":"hasRoomForEni: networkCard=0, currentENIs=3, currentUsableENIs=3, maxENI=3, unmanagedENI=0, trunkEni=0, excludedENI=0, hasRoom=false"}
{"level":"debug","ts":"2026-10-05T08:20:44.762Z","caller":"ipamd/ipamd.go:813","msg":"Skipping ENI allocation as the max ENI limit is already reached"}
{"level":"debug","ts":"2026-10-05T08:20:44.762Z","caller":"ipamd/ipamd.go:861","msg":"Node found \"ip-10-20-0-52.ec2.internal\" - no of taints - 0"}
{"level":"debug","ts":"2026-10-05T08:20:44.762Z","caller":"datastore/data_store.go:1148","msg":"ENI eni-EXAMPLE13 cannot be deleted because it is primary"}
{"level":"debug","ts":"2026-10-05T08:20:44.762Z","caller":"datastore/data_store.go:1148","msg":"ENI eni-EXAMPLE14 cannot be deleted because it has pods assigned"}
{"level":"debug","ts":"2026-10-05T08:20:44.762Z","caller":"datastore/data_store.go:1148","msg":"ENI eni-EXAMPLE15 cannot be deleted because it is required for WARM_IP_TARGET: 2"}
{"level":"debug","ts":"2026-10-05T08:20:49.764Z","caller":"ipamd/ipamd.go:795","msg":"IP stats for Network Card 0 - total IPs: 11, assigned IPs: 10, cooldown IPs: 0"}
{"level":"debug","ts":"2026-10-05T08:20:49.764Z","caller":"ipamd/ipamd.go:813","msg":"Starting to increase pool size for network card 0"}
{"level":"debug","ts":"2026-10-05T08:20:49.764Z","caller":"ipamd/ipamd.go:966","msg":"Node found \"ip-10-20-0-52.ec2.internal\" - no of taints - 0"}
{"level":"debug","ts":"2026-10-05T08:20:49.764Z","caller":"ipamd/ipamd.go:1135","msg":"Found ENI eni-EXAMPLE15 that has less than the maximum number of IP/Prefixes addresses allocated: cur=1, max=5"}
{"level":"info","ts":"2026-10-05T08:20:49.764Z","caller":"ipamd/ipamd.go:1141","msg":"Trying to allocate 1 IP addresses on ENI eni-EXAMPLE15"}
{"level":"debug","ts":"2026-10-05T08:20:49.764Z","caller":"ipamd/ipamd.go:1141","msg":"PD enabled - false"}
{"level":"debug","ts":"2026-10-05T08:20:50.216Z","caller":"awsutils/awsutils.go:2174","msg":"checkAPIErrorAndBroadcastEvent resulted in operation error EC2: AssignPrivateIpAddresses, https response error StatusCode: 400, RequestID: 137eb15f-1066-4da4-a947-37efe12ecb06, api error InsufficientFreeAddressesInSubnet: The specified subnet does not have enough free addresses to satisfy the request."}
{"level":"error","ts":"2026-10-05T08:20:50.216Z","caller":"ipamd/ipamd.go:1141","msg":"Failed to allocate a private IP/Prefix addresses on ENI eni-EXAMPLE15: operation error EC2: AssignPrivateIpAddresses, https response error StatusCode: 400, RequestID: 137eb15f-1066-4da4-a947-37efe12ecb06, api error InsufficientFreeAddressesInSubnet: The specified subnet does not have enough free addresses to satisfy the request."}
{"level":"debug","ts":"2026-10-05T08:20:50.216Z","caller":"ipamd/ipamd.go:1142","msg":"containsPrivateIPAddressLimitExceededError encountered operation error EC2: AssignPrivateIpAddresses, https response error StatusCode: 400, RequestID: 137eb15f-1066-4da4-a947-37efe12ecb06, api error InsufficientFreeAddressesInSubnet: The specified subnet does not have enough free addresses to satisfy the request."}
{"level":"warn","ts":"2026-10-05T08:20:50.216Z","caller":"ipamd/ipamd.go:1115","msg":"failed to allocate all available IP addresses on ENI eni-EXAMPLE15, err: operation error EC2: AssignPrivateIpAddresses, https response error StatusCode: 400, RequestID: 137eb15f-1066-4da4-a947-37efe12ecb06, api error InsufficientFreeAddressesInSubnet: The specified subnet does not have enough free addresses to satisfy the request."}
{"level":"info","ts":"2026-10-05T08:20:50.216Z","caller":"ipamd/ipamd.go:1145","msg":"Trying to allocate 1 IP addresses on ENI eni-EXAMPLE15"}
{"level":"debug","ts":"2026-10-05T08:20:50.216Z","caller":"ipamd/ipamd.go:1145","msg":"PD enabled - false"}
{"level":"debug","ts":"2026-10-05T08:20:50.631Z","caller":"awsutils/awsutils.go:2174","msg":"checkAPIErrorAndBroadcastEvent resulted in operation error EC2: AssignPrivateIpAddresses, https response error StatusCode: 400, RequestID: bd1744df-de50-4f4e-8251-3b2bb3997aef, api error InsufficientFreeAddressesInSubnet: The specified subnet does not have enough free addresses to satisfy the request."}
{"level":"error","ts":"2026-10-05T08:20:50.631Z","caller":"ipamd/ipamd.go:1145","msg":"Failed to allocate a private IP/Prefix addresses on ENI eni-EXAMPLE15: operation error EC2: AssignPrivateIpAddresses, https response error StatusCode: 400, RequestID: bd1744df-de50-4f4e-8251-3b2bb3997aef, api error InsufficientFreeAddressesInSubnet: The specified subnet does not have enough free addresses to satisfy the request."}
{"level":"debug","ts":"2026-10-05T08:20:50.631Z","caller":"ipamd/ipamd.go:1146","msg":"containsPrivateIPAddressLimitExceededError encountered operation error EC2: AssignPrivateIpAddresses, https response error StatusCode: 400, RequestID: bd1744df-de50-4f4e-8251-3b2bb3997aef, api error InsufficientFreeAddressesInSubnet: The specified subnet does not have enough free addresses to satisfy the request."}
{"level":"debug","ts":"2026-10-05T08:20:50.631Z","caller":"ipamd/ipamd.go:1148","msg":"containsInsufficientCIDRsOrSubnetIPs encountered operation error EC2: AssignPrivateIpAddresses, https response error StatusCode: 400, RequestID: bd1744df-de50-4f4e-8251-3b2bb3997aef, api error InsufficientFreeAddressesInSubnet: The specified subnet does not have enough free addresses to satisfy the request."}
{"level":"debug","ts":"2026-10-05T08:20:50.631Z","caller":"ipamd/ipamd.go:1148","msg":"Insufficient IP Addresses due to: InsufficientFreeAddressesInSubnet\n"}
{"level":"debug","ts":"2026-10-05T08:20:50.631Z","caller":"ipamd/ipamd.go:1003","msg":"hasRoomForEni: networkCard=0, currentENIs=3, currentUsableENIs=3, maxENI=3, unmanagedENI=0, trunkEni=0, excludedENI=0, hasRoom=false"}
{"level":"debug","ts":"2026-10-05T08:20:50.631Z","caller":"ipamd/ipamd.go:813","msg":"Skipping ENI allocation as the max ENI limit is already reached"}
{"level":"debug","ts":"2026-10-05T08:20:50.631Z","caller":"ipamd/ipamd.go:861","msg":"Node found \"ip-10-20-0-52.ec2.internal\" - no of taints - 0"}
{"level":"debug","ts":"2026-10-05T08:20:50.631Z","caller":"datastore/data_store.go:1148","msg":"ENI eni-EXAMPLE13 cannot be deleted because it is primary"}
{"level":"debug","ts":"2026-10-05T08:20:50.631Z","caller":"datastore/data_store.go:1148","msg":"ENI eni-EXAMPLE14 cannot be deleted because it has pods assigned"}
{"level":"debug","ts":"2026-10-05T08:20:50.631Z","caller":"datastore/data_store.go:1148","msg":"ENI eni-EXAMPLE15 cannot be deleted because it is required for WARM_IP_TARGET: 2"}
{"level":"debug","ts":"2026-10-05T08:20:55.633Z","caller":"ipamd/ipamd.go:795","msg":"IP stats for Network Card 0 - total IPs: 11, assigned IPs: 10, cooldown IPs: 0"}
{"level":"debug","ts":"2026-10-05T08:20:55.633Z","caller":"ipamd/ipamd.go:813","msg":"Starting to increase pool size for network card 0"}
{"level":"debug","ts":"2026-10-05T08:20:55.633Z","caller":"ipamd/ipamd.go:966","msg":"Node found \"ip-10-20-0-52.ec2.internal\" - no of taints - 0"}
{"level":"debug","ts":"2026-10-05T08:20:55.633Z","caller":"ipamd/ipamd.go:1135","msg":"Found ENI eni-EXAMPLE15 that has less than the maximum number of IP/Prefixes addresses allocated: cur=1, max=5"}
{"level":"info","ts":"2026-10-05T08:20:55.633Z","caller":"ipamd/ipamd.go:1141","msg":"Trying to allocate 1 IP addresses on ENI eni-EXAMPLE15"}
{"level":"debug","ts":"2026-10-05T08:20:55.633Z","caller":"ipamd/ipamd.go:1141","msg":"PD enabled - false"}
{"level":"debug","ts":"2026-10-05T08:20:56.037Z","caller":"awsutils/awsutils.go:2174","msg":"checkAPIErrorAndBroadcastEvent resulted in operation error EC2: AssignPrivateIpAddresses, https response error StatusCode: 400, RequestID: e4e661dc-93b8-47c8-b136-b796f9364acb, api error InsufficientFreeAddressesInSubnet: The specified subnet does not have enough free addresses to satisfy the request."}
{"level":"error","ts":"2026-10-05T08:20:56.037Z","caller":"ipamd/ipamd.go:1141","msg":"Failed to allocate a private IP/Prefix addresses on ENI eni-EXAMPLE15: operation error EC2: AssignPrivateIpAddresses, https response error StatusCode: 400, RequestID: e4e661dc-93b8-47c8-b136-b796f9364acb, api error InsufficientFreeAddressesInSubnet: The specified subnet does not have enough free addresses to satisfy the request."}
{"level":"debug","ts":"2026-10-05T08:20:56.037Z","caller":"ipamd/ipamd.go:1142","msg":"containsPrivateIPAddressLimitExceededError encountered operation error EC2: AssignPrivateIpAddresses, https response error StatusCode: 400, RequestID: e4e661dc-93b8-47c8-b136-b796f9364acb, api error InsufficientFreeAddressesInSubnet: The specified subnet does not have enough free addresses to satisfy the request."}
{"level":"warn","ts":"2026-10-05T08:20:56.037Z","caller":"ipamd/ipamd.go:1115","msg":"failed to allocate all available IP addresses on ENI eni-EXAMPLE15, err: operation error EC2: AssignPrivateIpAddresses, https response error StatusCode: 400, RequestID: e4e661dc-93b8-47c8-b136-b796f9364acb, api error InsufficientFreeAddressesInSubnet: The specified subnet does not have enough free addresses to satisfy the request."}
{"level":"info","ts":"2026-10-05T08:20:56.037Z","caller":"ipamd/ipamd.go:1145","msg":"Trying to allocate 1 IP addresses on ENI eni-EXAMPLE15"}
{"level":"debug","ts":"2026-10-05T08:20:56.037Z","caller":"ipamd/ipamd.go:1145","msg":"PD enabled - false"}
{"level":"debug","ts":"2026-10-05T08:20:56.472Z","caller":"awsutils/awsutils.go:2174","msg":"checkAPIErrorAndBroadcastEvent resulted in operation error EC2: AssignPrivateIpAddresses, https response error StatusCode: 400, RequestID: dfbbcd3e-4733-44a2-9995-6f15dedc5133, api error InsufficientFreeAddressesInSubnet: The specified subnet does not have enough free addresses to satisfy the request."}
{"level":"error","ts":"2026-10-05T08:20:56.472Z","caller":"ipamd/ipamd.go:1145","msg":"Failed to allocate a private IP/Prefix addresses on ENI eni-EXAMPLE15: operation error EC2: AssignPrivateIpAddresses, https response error StatusCode: 400, RequestID: dfbbcd3e-4733-44a2-9995-6f15dedc5133, api error InsufficientFreeAddressesInSubnet: The specified subnet does not have enough free addresses to satisfy the request."}
{"level":"debug","ts":"2026-10-05T08:20:56.472Z","caller":"ipamd/ipamd.go:1146","msg":"containsPrivateIPAddressLimitExceededError encountered operation error EC2: AssignPrivateIpAddresses, https response error StatusCode: 400, RequestID: dfbbcd3e-4733-44a2-9995-6f15dedc5133, api error InsufficientFreeAddressesInSubnet: The specified subnet does not have enough free addresses to satisfy the request."}
{"level":"debug","ts":"2026-10-05T08:20:56.472Z","caller":"ipamd/ipamd.go:1148","msg":"containsInsufficientCIDRsOrSubnetIPs encountered operation error EC2: AssignPrivateIpAddresses, https response error StatusCode: 400, RequestID: dfbbcd3e-4733-44a2-9995-6f15dedc5133, api error InsufficientFreeAddressesInSubnet: The specified subnet does not have enough free addresses to satisfy the request."}
{"level":"debug","ts":"2026-10-05T08:20:56.472Z","caller":"ipamd/ipamd.go:1148","msg":"Insufficient IP Addresses due to: InsufficientFreeAddressesInSubnet\n"}
{"level":"debug","ts":"2026-10-05T08:20:56.472Z","caller":"ipamd/ipamd.go:1003","msg":"hasRoomForEni: networkCard=0, currentENIs=3, currentUsableENIs=3, maxENI=3, unmanagedENI=0, trunkEni=0, excludedENI=0, hasRoom=false"}
{"level":"debug","ts":"2026-10-05T08:20:56.472Z","caller":"ipamd/ipamd.go:813","msg":"Skipping ENI allocation as the max ENI limit is already reached"}
{"level":"debug","ts":"2026-10-05T08:20:56.472Z","caller":"ipamd/ipamd.go:861","msg":"Node found \"ip-10-20-0-52.ec2.internal\" - no of taints - 0"}
{"level":"debug","ts":"2026-10-05T08:20:56.472Z","caller":"datastore/data_store.go:1148","msg":"ENI eni-EXAMPLE13 cannot be deleted because it is primary"}
{"level":"debug","ts":"2026-10-05T08:20:56.472Z","caller":"datastore/data_store.go:1148","msg":"ENI eni-EXAMPLE14 cannot be deleted because it has pods assigned"}
{"level":"debug","ts":"2026-10-05T08:20:56.472Z","caller":"datastore/data_store.go:1148","msg":"ENI eni-EXAMPLE15 cannot be deleted because it is required for WARM_IP_TARGET: 2"}
{"level":"debug","ts":"2026-10-05T08:20:58.973Z","caller":"ipamd/ipamd.go:798","msg":"Reconciling ENI/IP pool info because time since last 1m4.93522268s > 1m0s"}
{"level":"debug","ts":"2026-10-05T08:20:58.974Z","caller":"ipamd/ipamd.go:1621","msg":"Total number of interfaces found: 3 "}
{"level":"debug","ts":"2026-10-05T08:20:58.974Z","caller":"awsutils/awsutils.go:787","msg":"Found ENI MAC address: 0a:ff:d7:e5:f8:71"}
{"level":"debug","ts":"2026-10-05T08:20:58.978Z","caller":"awsutils/awsutils.go:787","msg":"Found ENI: eni-EXAMPLE14, MAC 0a:ff:d7:e5:f8:71, device 1"}
{"level":"debug","ts":"2026-10-05T08:20:58.981Z","caller":"awsutils/awsutils.go:787","msg":"Found IPv4 addresses associated with interface. This is not efa-only interface"}
{"level":"debug","ts":"2026-10-05T08:20:58.985Z","caller":"awsutils/awsutils.go:787","msg":"Found ENI MAC address: 0a:ff:e1:1c:71:73"}
{"level":"debug","ts":"2026-10-05T08:20:58.990Z","caller":"awsutils/awsutils.go:787","msg":"Found ENI: eni-EXAMPLE13, MAC 0a:ff:e1:1c:71:73, device 0"}
{"level":"debug","ts":"2026-10-05T08:20:58.993Z","caller":"awsutils/awsutils.go:787","msg":"Found IPv4 addresses associated with interface. This is not efa-only interface"}
{"level":"debug","ts":"2026-10-05T08:20:58.997Z","caller":"awsutils/awsutils.go:787","msg":"Found ENI MAC address: 0a:ff:f5:6a:b4:6f"}
{"level":"debug","ts":"2026-10-05T08:20:59.001Z","caller":"awsutils/awsutils.go:787","msg":"Found ENI: eni-EXAMPLE15, MAC 0a:ff:f5:6a:b4:6f, device 2"}
{"level":"debug","ts":"2026-10-05T08:20:59.006Z","caller":"awsutils/awsutils.go:787","msg":"Found IPv4 addresses associated with interface. This is not efa-only interface"}
{"level":"debug","ts":"2026-10-05T08:20:59.010Z","caller":"ipamd/ipamd.go:798","msg":"Reconcile existing ENI eni-EXAMPLE14 IP pool"}
{"level":"info","ts":"2026-10-05T08:20:59.010Z","caller":"ipamd/ipamd.go:1766","msg":"Reconcile and skip primary IP 10.20.0.55 on ENI eni-EXAMPLE14"}
{"level":"info","ts":"2026-10-05T08:20:59.010Z","caller":"ipamd/ipamd.go:1766","msg":"Trying to add 10.20.0.41"}
{"level":"info","ts":"2026-10-05T08:20:59.010Z","caller":"ipamd/ipamd.go:1890","msg":"Adding 10.20.0.41/32 to DS for eni-EXAMPLE14"}
{"level":"info","ts":"2026-10-05T08:20:59.010Z","caller":"ipamd/ipamd.go:1890","msg":"IP already in DS"}
{"level":"info","ts":"2026-10-05T08:20:59.010Z","caller":"ipamd/ipamd.go:1766","msg":"Trying to add 10.20.0.61"}
{"level":"info","ts":"2026-10-05T08:20:59.010Z","caller":"ipamd/ipamd.go:1890","msg":"Adding 10.20.0.61/32 to DS for eni-EXAMPLE14"}
{"level":"info","ts":"2026-10-05T08:20:59.010Z","caller":"ipamd/ipamd.go:1890","msg":"IP already in DS"}
{"level":"info","ts":"2026-10-05T08:20:59.010Z","caller":"ipamd/ipamd.go:1766","msg":"Trying to add 10.20.0.60"}
{"level":"info","ts":"2026-10-05T08:20:59.010Z","caller":"ipamd/ipamd.go:1890","msg":"Adding 10.20.0.60/32 to DS for eni-EXAMPLE14"}
{"level":"info","ts":"2026-10-05T08:20:59.010Z","caller":"ipamd/ipamd.go:1890","msg":"IP already in DS"}
{"level":"info","ts":"2026-10-05T08:20:59.010Z","caller":"ipamd/ipamd.go:1766","msg":"Trying to add 10.20.0.40"}
{"level":"info","ts":"2026-10-05T08:20:59.010Z","caller":"ipamd/ipamd.go:1890","msg":"Adding 10.20.0.40/32 to DS for eni-EXAMPLE14"}
{"level":"info","ts":"2026-10-05T08:20:59.010Z","caller":"ipamd/ipamd.go:1890","msg":"IP already in DS"}
{"level":"info","ts":"2026-10-05T08:20:59.010Z","caller":"ipamd/ipamd.go:1766","msg":"Trying to add 10.20.0.44"}
{"level":"info","ts":"2026-10-05T08:20:59.010Z","caller":"ipamd/ipamd.go:1890","msg":"Adding 10.20.0.44/32 to DS for eni-EXAMPLE14"}
{"level":"info","ts":"2026-10-05T08:20:59.010Z","caller":"ipamd/ipamd.go:1890","msg":"IP already in DS"}
{"level":"debug","ts":"2026-10-05T08:20:59.010Z","caller":"ipamd/ipamd.go:798","msg":"Reconcile existing ENI eni-EXAMPLE14 IP prefixes"}
{"level":"debug","ts":"2026-10-05T08:20:59.010Z","caller":"ipamd/ipamd.go:1693","msg":"Found prefix pool count 0 for eni eni-EXAMPLE14\n"}
{"level":"debug","ts":"2026-10-05T08:20:59.010Z","caller":"ipamd/ipamd.go:798","msg":"Reconcile existing ENI eni-EXAMPLE13 IP pool"}
{"level":"info","ts":"2026-10-05T08:20:59.010Z","caller":"ipamd/ipamd.go:1766","msg":"Reconcile and skip primary IP 10.20.0.52 on ENI eni-EXAMPLE13"}
{"level":"info","ts":"2026-10-05T08:20:59.010Z","caller":"ipamd/ipamd.go:1766","msg":"Trying to add 10.20.0.36"}
{"level":"info","ts":"2026-10-05T08:20:59.010Z","caller":"ipamd/ipamd.go:1890","msg":"Adding 10.20.0.36/32 to DS for eni-EXAMPLE13"}
{"level":"info","ts":"2026-10-05T08:20:59.010Z","caller":"ipamd/ipamd.go:1890","msg":"IP already in DS"}
{"level":"info","ts":"2026-10-05T08:20:59.010Z","caller":"ipamd/ipamd.go:1766","msg":"Trying to add 10.20.0.37"}
{"level":"info","ts":"2026-10-05T08:20:59.010Z","caller":"ipamd/ipamd.go:1890","msg":"Adding 10.20.0.37/32 to DS for eni-EXAMPLE13"}
{"level":"info","ts":"2026-10-05T08:20:59.010Z","caller":"ipamd/ipamd.go:1890","msg":"IP already in DS"}
{"level":"info","ts":"2026-10-05T08:20:59.010Z","caller":"ipamd/ipamd.go:1766","msg":"Trying to add 10.20.0.54"}
{"level":"info","ts":"2026-10-05T08:20:59.010Z","caller":"ipamd/ipamd.go:1890","msg":"Adding 10.20.0.54/32 to DS for eni-EXAMPLE13"}
{"level":"info","ts":"2026-10-05T08:20:59.010Z","caller":"ipamd/ipamd.go:1890","msg":"IP already in DS"}
{"level":"info","ts":"2026-10-05T08:20:59.010Z","caller":"ipamd/ipamd.go:1766","msg":"Trying to add 10.20.0.49"}
{"level":"info","ts":"2026-10-05T08:20:59.010Z","caller":"ipamd/ipamd.go:1890","msg":"Adding 10.20.0.49/32 to DS for eni-EXAMPLE13"}
{"level":"info","ts":"2026-10-05T08:20:59.010Z","caller":"ipamd/ipamd.go:1890","msg":"IP already in DS"}
{"level":"info","ts":"2026-10-05T08:20:59.010Z","caller":"ipamd/ipamd.go:1766","msg":"Trying to add 10.20.0.50"}
{"level":"info","ts":"2026-10-05T08:20:59.010Z","caller":"ipamd/ipamd.go:1890","msg":"Adding 10.20.0.50/32 to DS for eni-EXAMPLE13"}
{"level":"info","ts":"2026-10-05T08:20:59.010Z","caller":"ipamd/ipamd.go:1890","msg":"IP already in DS"}
{"level":"debug","ts":"2026-10-05T08:20:59.010Z","caller":"ipamd/ipamd.go:798","msg":"Reconcile existing ENI eni-EXAMPLE13 IP prefixes"}
{"level":"debug","ts":"2026-10-05T08:20:59.010Z","caller":"ipamd/ipamd.go:1693","msg":"Found prefix pool count 0 for eni eni-EXAMPLE13\n"}
{"level":"debug","ts":"2026-10-05T08:20:59.010Z","caller":"ipamd/ipamd.go:798","msg":"Reconcile existing ENI eni-EXAMPLE15 IP pool"}
{"level":"info","ts":"2026-10-05T08:20:59.010Z","caller":"ipamd/ipamd.go:1766","msg":"Reconcile and skip primary IP 10.20.0.56 on ENI eni-EXAMPLE15"}
{"level":"info","ts":"2026-10-05T08:20:59.010Z","caller":"ipamd/ipamd.go:1766","msg":"Trying to add 10.20.0.57"}
{"level":"info","ts":"2026-10-05T08:20:59.010Z","caller":"ipamd/ipamd.go:1890","msg":"Adding 10.20.0.57/32 to DS for eni-EXAMPLE15"}
{"level":"info","ts":"2026-10-05T08:20:59.010Z","caller":"ipamd/ipamd.go:1890","msg":"IP already in DS"}
{"level":"debug","ts":"2026-10-05T08:20:59.010Z","caller":"ipamd/ipamd.go:798","msg":"Reconcile existing ENI eni-EXAMPLE15 IP prefixes"}
{"level":"debug","ts":"2026-10-05T08:20:59.010Z","caller":"ipamd/ipamd.go:1693","msg":"Found prefix pool count 0 for eni eni-EXAMPLE15\n"}
{"level":"debug","ts":"2026-10-05T08:20:59.010Z","caller":"ipamd/ipamd.go:798","msg":"Successfully Reconciled ENI/IP pool"}
{"level":"debug","ts":"2026-10-05T08:20:59.010Z","caller":"ipamd/ipamd.go:1738","msg":"IP pool stats for network card 0: Total IPs/Prefixes = 11/0, AssignedIPs/CooldownIPs: 10/0, c.maxIPsPerENI = 5"}
{"level":"debug","ts":"2026-10-05T08:20:59.010Z","caller":"ipamd/ipamd.go:798","msg":"Primary IP for ENI eni-EXAMPLE14 is 10.20.0.55"}
{"level":"debug","ts":"2026-10-05T08:20:59.010Z","caller":"ipamd/ipamd.go:798","msg":"Primary IP for ENI eni-EXAMPLE15 is 10.20.0.56"}
{"level":"debug","ts":"2026-10-05T08:20:59.010Z","caller":"ipamd/ipamd.go:798","msg":"Primary IP for ENI eni-EXAMPLE13 is 10.20.0.52"}
{"level":"debug","ts":"2026-10-05T08:21:01.511Z","caller":"ipamd/ipamd.go:795","msg":"IP stats for Network Card 0 - total IPs: 11, assigned IPs: 10, cooldown IPs: 0"}
{"level":"debug","ts":"2026-10-05T08:21:01.511Z","caller":"ipamd/ipamd.go:813","msg":"Starting to increase pool size for network card 0"}
{"level":"debug","ts":"2026-10-05T08:21:01.511Z","caller":"ipamd/ipamd.go:966","msg":"Node found \"ip-10-20-0-52.ec2.internal\" - no of taints - 0"}
{"level":"debug","ts":"2026-10-05T08:21:01.511Z","caller":"ipamd/ipamd.go:1135","msg":"Found ENI eni-EXAMPLE15 that has less than the maximum number of IP/Prefixes addresses allocated: cur=1, max=5"}
{"level":"info","ts":"2026-10-05T08:21:01.511Z","caller":"ipamd/ipamd.go:1141","msg":"Trying to allocate 1 IP addresses on ENI eni-EXAMPLE15"}
{"level":"debug","ts":"2026-10-05T08:21:01.511Z","caller":"ipamd/ipamd.go:1141","msg":"PD enabled - false"}
{"level":"debug","ts":"2026-10-05T08:21:01.928Z","caller":"awsutils/awsutils.go:2174","msg":"checkAPIErrorAndBroadcastEvent resulted in operation error EC2: AssignPrivateIpAddresses, https response error StatusCode: 400, RequestID: c20c7cd9-c37f-4c38-a20c-ada4768de550, api error InsufficientFreeAddressesInSubnet: The specified subnet does not have enough free addresses to satisfy the request."}
{"level":"error","ts":"2026-10-05T08:21:01.929Z","caller":"ipamd/ipamd.go:1141","msg":"Failed to allocate a private IP/Prefix addresses on ENI eni-EXAMPLE15: operation error EC2: AssignPrivateIpAddresses, https response error StatusCode: 400, RequestID: c20c7cd9-c37f-4c38-a20c-ada4768de550, api error InsufficientFreeAddressesInSubnet: The specified subnet does not have enough free addresses to satisfy the request."}
{"level":"debug","ts":"2026-10-05T08:21:01.929Z","caller":"ipamd/ipamd.go:1142","msg":"containsPrivateIPAddressLimitExceededError encountered operation error EC2: AssignPrivateIpAddresses, https response error StatusCode: 400, RequestID: c20c7cd9-c37f-4c38-a20c-ada4768de550, api error InsufficientFreeAddressesInSubnet: The specified subnet does not have enough free addresses to satisfy the request."}
{"level":"warn","ts":"2026-10-05T08:21:01.929Z","caller":"ipamd/ipamd.go:1115","msg":"failed to allocate all available IP addresses on ENI eni-EXAMPLE15, err: operation error EC2: AssignPrivateIpAddresses, https response error StatusCode: 400, RequestID: c20c7cd9-c37f-4c38-a20c-ada4768de550, api error InsufficientFreeAddressesInSubnet: The specified subnet does not have enough free addresses to satisfy the request."}
{"level":"info","ts":"2026-10-05T08:21:01.929Z","caller":"ipamd/ipamd.go:1145","msg":"Trying to allocate 1 IP addresses on ENI eni-EXAMPLE15"}
{"level":"debug","ts":"2026-10-05T08:21:01.929Z","caller":"ipamd/ipamd.go:1145","msg":"PD enabled - false"}
{"level":"debug","ts":"2026-10-05T08:21:02.393Z","caller":"awsutils/awsutils.go:2174","msg":"checkAPIErrorAndBroadcastEvent resulted in operation error EC2: AssignPrivateIpAddresses, https response error StatusCode: 400, RequestID: a737ff6b-fabd-4576-9e84-416c8e085ec5, api error InsufficientFreeAddressesInSubnet: The specified subnet does not have enough free addresses to satisfy the request."}
{"level":"error","ts":"2026-10-05T08:21:02.394Z","caller":"ipamd/ipamd.go:1145","msg":"Failed to allocate a private IP/Prefix addresses on ENI eni-EXAMPLE15: operation error EC2: AssignPrivateIpAddresses, https response error StatusCode: 400, RequestID: a737ff6b-fabd-4576-9e84-416c8e085ec5, api error InsufficientFreeAddressesInSubnet: The specified subnet does not have enough free addresses to satisfy the request."}
{"level":"debug","ts":"2026-10-05T08:21:02.394Z","caller":"ipamd/ipamd.go:1146","msg":"containsPrivateIPAddressLimitExceededError encountered operation error EC2: AssignPrivateIpAddresses, https response error StatusCode: 400, RequestID: a737ff6b-fabd-4576-9e84-416c8e085ec5, api error InsufficientFreeAddressesInSubnet: The specified subnet does not have enough free addresses to satisfy the request."}
{"level":"debug","ts":"2026-10-05T08:21:02.394Z","caller":"ipamd/ipamd.go:1148","msg":"containsInsufficientCIDRsOrSubnetIPs encountered operation error EC2: AssignPrivateIpAddresses, https response error StatusCode: 400, RequestID: a737ff6b-fabd-4576-9e84-416c8e085ec5, api error InsufficientFreeAddressesInSubnet: The specified subnet does not have enough free addresses to satisfy the request."}
{"level":"debug","ts":"2026-10-05T08:21:02.394Z","caller":"ipamd/ipamd.go:1148","msg":"Insufficient IP Addresses due to: InsufficientFreeAddressesInSubnet\n"}
{"level":"debug","ts":"2026-10-05T08:21:02.394Z","caller":"ipamd/ipamd.go:1003","msg":"hasRoomForEni: networkCard=0, currentENIs=3, currentUsableENIs=3, maxENI=3, unmanagedENI=0, trunkEni=0, excludedENI=0, hasRoom=false"}
{"level":"debug","ts":"2026-10-05T08:21:02.394Z","caller":"ipamd/ipamd.go:813","msg":"Skipping ENI allocation as the max ENI limit is already reached"}
{"level":"debug","ts":"2026-10-05T08:21:02.394Z","caller":"ipamd/ipamd.go:861","msg":"Node found \"ip-10-20-0-52.ec2.internal\" - no of taints - 0"}
{"level":"debug","ts":"2026-10-05T08:21:02.394Z","caller":"datastore/data_store.go:1148","msg":"ENI eni-EXAMPLE15 cannot be deleted because it is required for WARM_IP_TARGET: 2"}
{"level":"debug","ts":"2026-10-05T08:21:02.394Z","caller":"datastore/data_store.go:1148","msg":"ENI eni-EXAMPLE13 cannot be deleted because it is primary"}
{"level":"debug","ts":"2026-10-05T08:21:02.394Z","caller":"datastore/data_store.go:1148","msg":"ENI eni-EXAMPLE14 cannot be deleted because it has pods assigned"}
{"level":"debug","ts":"2026-10-05T08:21:07.396Z","caller":"ipamd/ipamd.go:795","msg":"IP stats for Network Card 0 - total IPs: 11, assigned IPs: 10, cooldown IPs: 0"}
{"level":"debug","ts":"2026-10-05T08:21:07.396Z","caller":"ipamd/ipamd.go:813","msg":"Starting to increase pool size for network card 0"}
{"level":"debug","ts":"2026-10-05T08:21:07.396Z","caller":"ipamd/ipamd.go:966","msg":"Node found \"ip-10-20-0-52.ec2.internal\" - no of taints - 0"}
{"level":"debug","ts":"2026-10-05T08:21:07.396Z","caller":"ipamd/ipamd.go:1135","msg":"Found ENI eni-EXAMPLE15 that has less than the maximum number of IP/Prefixes addresses allocated: cur=1, max=5"}
{"level":"info","ts":"2026-10-05T08:21:07.396Z","caller":"ipamd/ipamd.go:1141","msg":"Trying to allocate 1 IP addresses on ENI eni-EXAMPLE15"}
{"level":"debug","ts":"2026-10-05T08:21:07.396Z","caller":"ipamd/ipamd.go:1141","msg":"PD enabled - false"}
{"level":"debug","ts":"2026-10-05T08:21:07.882Z","caller":"awsutils/awsutils.go:2174","msg":"checkAPIErrorAndBroadcastEvent resulted in operation error EC2: AssignPrivateIpAddresses, https response error StatusCode: 400, RequestID: 0ebf0c8c-0899-4474-a315-cac7decae91e, api error InsufficientFreeAddressesInSubnet: The specified subnet does not have enough free addresses to satisfy the request."}
{"level":"error","ts":"2026-10-05T08:21:07.882Z","caller":"ipamd/ipamd.go:1141","msg":"Failed to allocate a private IP/Prefix addresses on ENI eni-EXAMPLE15: operation error EC2: AssignPrivateIpAddresses, https response error StatusCode: 400, RequestID: 0ebf0c8c-0899-4474-a315-cac7decae91e, api error InsufficientFreeAddressesInSubnet: The specified subnet does not have enough free addresses to satisfy the request."}
{"level":"debug","ts":"2026-10-05T08:21:07.882Z","caller":"ipamd/ipamd.go:1142","msg":"containsPrivateIPAddressLimitExceededError encountered operation error EC2: AssignPrivateIpAddresses, https response error StatusCode: 400, RequestID: 0ebf0c8c-0899-4474-a315-cac7decae91e, api error InsufficientFreeAddressesInSubnet: The specified subnet does not have enough free addresses to satisfy the request."}
{"level":"warn","ts":"2026-10-05T08:21:07.882Z","caller":"ipamd/ipamd.go:1115","msg":"failed to allocate all available IP addresses on ENI eni-EXAMPLE15, err: operation error EC2: AssignPrivateIpAddresses, https response error StatusCode: 400, RequestID: 0ebf0c8c-0899-4474-a315-cac7decae91e, api error InsufficientFreeAddressesInSubnet: The specified subnet does not have enough free addresses to satisfy the request."}
{"level":"info","ts":"2026-10-05T08:21:07.882Z","caller":"ipamd/ipamd.go:1145","msg":"Trying to allocate 1 IP addresses on ENI eni-EXAMPLE15"}
{"level":"debug","ts":"2026-10-05T08:21:07.882Z","caller":"ipamd/ipamd.go:1145","msg":"PD enabled - false"}
{"level":"debug","ts":"2026-10-05T08:21:08.271Z","caller":"awsutils/awsutils.go:2174","msg":"checkAPIErrorAndBroadcastEvent resulted in operation error EC2: AssignPrivateIpAddresses, https response error StatusCode: 400, RequestID: de79874a-4c30-480b-8a63-91712d97ebb1, api error InsufficientFreeAddressesInSubnet: The specified subnet does not have enough free addresses to satisfy the request."}
{"level":"error","ts":"2026-10-05T08:21:08.271Z","caller":"ipamd/ipamd.go:1145","msg":"Failed to allocate a private IP/Prefix addresses on ENI eni-EXAMPLE15: operation error EC2: AssignPrivateIpAddresses, https response error StatusCode: 400, RequestID: de79874a-4c30-480b-8a63-91712d97ebb1, api error InsufficientFreeAddressesInSubnet: The specified subnet does not have enough free addresses to satisfy the request."}
{"level":"debug","ts":"2026-10-05T08:21:08.271Z","caller":"ipamd/ipamd.go:1146","msg":"containsPrivateIPAddressLimitExceededError encountered operation error EC2: AssignPrivateIpAddresses, https response error StatusCode: 400, RequestID: de79874a-4c30-480b-8a63-91712d97ebb1, api error InsufficientFreeAddressesInSubnet: The specified subnet does not have enough free addresses to satisfy the request."}
{"level":"debug","ts":"2026-10-05T08:21:08.271Z","caller":"ipamd/ipamd.go:1148","msg":"containsInsufficientCIDRsOrSubnetIPs encountered operation error EC2: AssignPrivateIpAddresses, https response error StatusCode: 400, RequestID: de79874a-4c30-480b-8a63-91712d97ebb1, api error InsufficientFreeAddressesInSubnet: The specified subnet does not have enough free addresses to satisfy the request."}
{"level":"debug","ts":"2026-10-05T08:21:08.271Z","caller":"ipamd/ipamd.go:1148","msg":"Insufficient IP Addresses due to: InsufficientFreeAddressesInSubnet\n"}
{"level":"debug","ts":"2026-10-05T08:21:08.271Z","caller":"ipamd/ipamd.go:1003","msg":"hasRoomForEni: networkCard=0, currentENIs=3, currentUsableENIs=3, maxENI=3, unmanagedENI=0, trunkEni=0, excludedENI=0, hasRoom=false"}
{"level":"debug","ts":"2026-10-05T08:21:08.271Z","caller":"ipamd/ipamd.go:813","msg":"Skipping ENI allocation as the max ENI limit is already reached"}
{"level":"debug","ts":"2026-10-05T08:21:08.271Z","caller":"ipamd/ipamd.go:861","msg":"Node found \"ip-10-20-0-52.ec2.internal\" - no of taints - 0"}
{"level":"debug","ts":"2026-10-05T08:21:08.271Z","caller":"datastore/data_store.go:1148","msg":"ENI eni-EXAMPLE13 cannot be deleted because it is primary"}
{"level":"debug","ts":"2026-10-05T08:21:08.271Z","caller":"datastore/data_store.go:1148","msg":"ENI eni-EXAMPLE14 cannot be deleted because it has pods assigned"}
{"level":"debug","ts":"2026-10-05T08:21:08.271Z","caller":"datastore/data_store.go:1148","msg":"ENI eni-EXAMPLE15 cannot be deleted because it is required for WARM_IP_TARGET: 2"}
{"level":"debug","ts":"2026-10-05T08:21:13.271Z","caller":"ipamd/ipamd.go:795","msg":"IP stats for Network Card 0 - total IPs: 11, assigned IPs: 10, cooldown IPs: 0"}
{"level":"debug","ts":"2026-10-05T08:21:13.272Z","caller":"ipamd/ipamd.go:813","msg":"Starting to increase pool size for network card 0"}
{"level":"debug","ts":"2026-10-05T08:21:13.272Z","caller":"ipamd/ipamd.go:966","msg":"Node found \"ip-10-20-0-52.ec2.internal\" - no of taints - 0"}
{"level":"debug","ts":"2026-10-05T08:21:13.272Z","caller":"ipamd/ipamd.go:1135","msg":"Found ENI eni-EXAMPLE15 that has less than the maximum number of IP/Prefixes addresses allocated: cur=1, max=5"}
{"level":"info","ts":"2026-10-05T08:21:13.272Z","caller":"ipamd/ipamd.go:1141","msg":"Trying to allocate 1 IP addresses on ENI eni-EXAMPLE15"}
{"level":"debug","ts":"2026-10-05T08:21:13.272Z","caller":"ipamd/ipamd.go:1141","msg":"PD enabled - false"}
{"level":"debug","ts":"2026-10-05T08:21:13.699Z","caller":"awsutils/awsutils.go:2174","msg":"checkAPIErrorAndBroadcastEvent resulted in operation error EC2: AssignPrivateIpAddresses, https response error StatusCode: 400, RequestID: 08a87890-9747-446c-8b3a-a8e1bb59b016, api error InsufficientFreeAddressesInSubnet: The specified subnet does not have enough free addresses to satisfy the request."}
{"level":"error","ts":"2026-10-05T08:21:13.699Z","caller":"ipamd/ipamd.go:1141","msg":"Failed to allocate a private IP/Prefix addresses on ENI eni-EXAMPLE15: operation error EC2: AssignPrivateIpAddresses, https response error StatusCode: 400, RequestID: 08a87890-9747-446c-8b3a-a8e1bb59b016, api error InsufficientFreeAddressesInSubnet: The specified subnet does not have enough free addresses to satisfy the request."}
{"level":"debug","ts":"2026-10-05T08:21:13.699Z","caller":"ipamd/ipamd.go:1142","msg":"containsPrivateIPAddressLimitExceededError encountered operation error EC2: AssignPrivateIpAddresses, https response error StatusCode: 400, RequestID: 08a87890-9747-446c-8b3a-a8e1bb59b016, api error InsufficientFreeAddressesInSubnet: The specified subnet does not have enough free addresses to satisfy the request."}
{"level":"warn","ts":"2026-10-05T08:21:13.699Z","caller":"ipamd/ipamd.go:1115","msg":"failed to allocate all available IP addresses on ENI eni-EXAMPLE15, err: operation error EC2: AssignPrivateIpAddresses, https response error StatusCode: 400, RequestID: 08a87890-9747-446c-8b3a-a8e1bb59b016, api error InsufficientFreeAddressesInSubnet: The specified subnet does not have enough free addresses to satisfy the request."}
{"level":"info","ts":"2026-10-05T08:21:13.699Z","caller":"ipamd/ipamd.go:1145","msg":"Trying to allocate 1 IP addresses on ENI eni-EXAMPLE15"}
{"level":"debug","ts":"2026-10-05T08:21:13.699Z","caller":"ipamd/ipamd.go:1145","msg":"PD enabled - false"}
{"level":"debug","ts":"2026-10-05T08:21:14.146Z","caller":"awsutils/awsutils.go:2174","msg":"checkAPIErrorAndBroadcastEvent resulted in operation error EC2: AssignPrivateIpAddresses, https response error StatusCode: 400, RequestID: 25c96034-eac7-4cbb-a59b-bd40d78bbd0f, api error InsufficientFreeAddressesInSubnet: The specified subnet does not have enough free addresses to satisfy the request."}
{"level":"error","ts":"2026-10-05T08:21:14.146Z","caller":"ipamd/ipamd.go:1145","msg":"Failed to allocate a private IP/Prefix addresses on ENI eni-EXAMPLE15: operation error EC2: AssignPrivateIpAddresses, https response error StatusCode: 400, RequestID: 25c96034-eac7-4cbb-a59b-bd40d78bbd0f, api error InsufficientFreeAddressesInSubnet: The specified subnet does not have enough free addresses to satisfy the request."}
{"level":"debug","ts":"2026-10-05T08:21:14.146Z","caller":"ipamd/ipamd.go:1146","msg":"containsPrivateIPAddressLimitExceededError encountered operation error EC2: AssignPrivateIpAddresses, https response error StatusCode: 400, RequestID: 25c96034-eac7-4cbb-a59b-bd40d78bbd0f, api error InsufficientFreeAddressesInSubnet: The specified subnet does not have enough free addresses to satisfy the request."}
{"level":"debug","ts":"2026-10-05T08:21:14.146Z","caller":"ipamd/ipamd.go:1148","msg":"containsInsufficientCIDRsOrSubnetIPs encountered operation error EC2: AssignPrivateIpAddresses, https response error StatusCode: 400, RequestID: 25c96034-eac7-4cbb-a59b-bd40d78bbd0f, api error InsufficientFreeAddressesInSubnet: The specified subnet does not have enough free addresses to satisfy the request."}
{"level":"debug","ts":"2026-10-05T08:21:14.146Z","caller":"ipamd/ipamd.go:1148","msg":"Insufficient IP Addresses due to: InsufficientFreeAddressesInSubnet\n"}
{"level":"debug","ts":"2026-10-05T08:21:14.146Z","caller":"ipamd/ipamd.go:1003","msg":"hasRoomForEni: networkCard=0, currentENIs=3, currentUsableENIs=3, maxENI=3, unmanagedENI=0, trunkEni=0, excludedENI=0, hasRoom=false"}
{"level":"debug","ts":"2026-10-05T08:21:14.146Z","caller":"ipamd/ipamd.go:813","msg":"Skipping ENI allocation as the max ENI limit is already reached"}
{"level":"debug","ts":"2026-10-05T08:21:14.146Z","caller":"ipamd/ipamd.go:861","msg":"Node found \"ip-10-20-0-52.ec2.internal\" - no of taints - 0"}
{"level":"debug","ts":"2026-10-05T08:21:14.146Z","caller":"datastore/data_store.go:1148","msg":"ENI eni-EXAMPLE13 cannot be deleted because it is primary"}
{"level":"debug","ts":"2026-10-05T08:21:14.146Z","caller":"datastore/data_store.go:1148","msg":"ENI eni-EXAMPLE14 cannot be deleted because it has pods assigned"}
{"level":"debug","ts":"2026-10-05T08:21:14.146Z","caller":"datastore/data_store.go:1148","msg":"ENI eni-EXAMPLE15 cannot be deleted because it is required for WARM_IP_TARGET: 2"}
{"level":"debug","ts":"2026-10-05T08:21:19.147Z","caller":"ipamd/ipamd.go:795","msg":"IP stats for Network Card 0 - total IPs: 11, assigned IPs: 10, cooldown IPs: 0"}
{"level":"debug","ts":"2026-10-05T08:21:19.147Z","caller":"ipamd/ipamd.go:813","msg":"Starting to increase pool size for network card 0"}
{"level":"debug","ts":"2026-10-05T08:21:19.147Z","caller":"ipamd/ipamd.go:966","msg":"Node found \"ip-10-20-0-52.ec2.internal\" - no of taints - 0"}
{"level":"debug","ts":"2026-10-05T08:21:19.147Z","caller":"ipamd/ipamd.go:1135","msg":"Found ENI eni-EXAMPLE15 that has less than the maximum number of IP/Prefixes addresses allocated: cur=1, max=5"}
{"level":"info","ts":"2026-10-05T08:21:19.147Z","caller":"ipamd/ipamd.go:1141","msg":"Trying to allocate 1 IP addresses on ENI eni-EXAMPLE15"}
{"level":"debug","ts":"2026-10-05T08:21:19.147Z","caller":"ipamd/ipamd.go:1141","msg":"PD enabled - false"}
{"level":"debug","ts":"2026-10-05T08:21:19.599Z","caller":"awsutils/awsutils.go:2174","msg":"checkAPIErrorAndBroadcastEvent resulted in operation error EC2: AssignPrivateIpAddresses, https response error StatusCode: 400, RequestID: caec3557-c472-4fd1-9c49-91dad74dd4fa, api error InsufficientFreeAddressesInSubnet: The specified subnet does not have enough free addresses to satisfy the request."}
{"level":"error","ts":"2026-10-05T08:21:19.600Z","caller":"ipamd/ipamd.go:1141","msg":"Failed to allocate a private IP/Prefix addresses on ENI eni-EXAMPLE15: operation error EC2: AssignPrivateIpAddresses, https response error StatusCode: 400, RequestID: caec3557-c472-4fd1-9c49-91dad74dd4fa, api error InsufficientFreeAddressesInSubnet: The specified subnet does not have enough free addresses to satisfy the request."}
{"level":"debug","ts":"2026-10-05T08:21:19.600Z","caller":"ipamd/ipamd.go:1142","msg":"containsPrivateIPAddressLimitExceededError encountered operation error EC2: AssignPrivateIpAddresses, https response error StatusCode: 400, RequestID: caec3557-c472-4fd1-9c49-91dad74dd4fa, api error InsufficientFreeAddressesInSubnet: The specified subnet does not have enough free addresses to satisfy the request."}
{"level":"warn","ts":"2026-10-05T08:21:19.600Z","caller":"ipamd/ipamd.go:1115","msg":"failed to allocate all available IP addresses on ENI eni-EXAMPLE15, err: operation error EC2: AssignPrivateIpAddresses, https response error StatusCode: 400, RequestID: caec3557-c472-4fd1-9c49-91dad74dd4fa, api error InsufficientFreeAddressesInSubnet: The specified subnet does not have enough free addresses to satisfy the request."}
{"level":"info","ts":"2026-10-05T08:21:19.600Z","caller":"ipamd/ipamd.go:1145","msg":"Trying to allocate 1 IP addresses on ENI eni-EXAMPLE15"}
{"level":"debug","ts":"2026-10-05T08:21:19.600Z","caller":"ipamd/ipamd.go:1145","msg":"PD enabled - false"}
{"level":"debug","ts":"2026-10-05T08:21:20.036Z","caller":"awsutils/awsutils.go:2174","msg":"checkAPIErrorAndBroadcastEvent resulted in operation error EC2: AssignPrivateIpAddresses, https response error StatusCode: 400, RequestID: fe917b0d-5ab4-4ab1-b6d1-64e1c1334e62, api error InsufficientFreeAddressesInSubnet: The specified subnet does not have enough free addresses to satisfy the request."}
{"level":"error","ts":"2026-10-05T08:21:20.036Z","caller":"ipamd/ipamd.go:1145","msg":"Failed to allocate a private IP/Prefix addresses on ENI eni-EXAMPLE15: operation error EC2: AssignPrivateIpAddresses, https response error StatusCode: 400, RequestID: fe917b0d-5ab4-4ab1-b6d1-64e1c1334e62, api error InsufficientFreeAddressesInSubnet: The specified subnet does not have enough free addresses to satisfy the request."}
{"level":"debug","ts":"2026-10-05T08:21:20.036Z","caller":"ipamd/ipamd.go:1146","msg":"containsPrivateIPAddressLimitExceededError encountered operation error EC2: AssignPrivateIpAddresses, https response error StatusCode: 400, RequestID: fe917b0d-5ab4-4ab1-b6d1-64e1c1334e62, api error InsufficientFreeAddressesInSubnet: The specified subnet does not have enough free addresses to satisfy the request."}
{"level":"debug","ts":"2026-10-05T08:21:20.036Z","caller":"ipamd/ipamd.go:1148","msg":"containsInsufficientCIDRsOrSubnetIPs encountered operation error EC2: AssignPrivateIpAddresses, https response error StatusCode: 400, RequestID: fe917b0d-5ab4-4ab1-b6d1-64e1c1334e62, api error InsufficientFreeAddressesInSubnet: The specified subnet does not have enough free addresses to satisfy the request."}
{"level":"debug","ts":"2026-10-05T08:21:20.036Z","caller":"ipamd/ipamd.go:1148","msg":"Insufficient IP Addresses due to: InsufficientFreeAddressesInSubnet\n"}
{"level":"debug","ts":"2026-10-05T08:21:20.036Z","caller":"ipamd/ipamd.go:1003","msg":"hasRoomForEni: networkCard=0, currentENIs=3, currentUsableENIs=3, maxENI=3, unmanagedENI=0, trunkEni=0, excludedENI=0, hasRoom=false"}
{"level":"debug","ts":"2026-10-05T08:21:20.036Z","caller":"ipamd/ipamd.go:813","msg":"Skipping ENI allocation as the max ENI limit is already reached"}
{"level":"debug","ts":"2026-10-05T08:21:20.036Z","caller":"ipamd/ipamd.go:861","msg":"Node found \"ip-10-20-0-52.ec2.internal\" - no of taints - 0"}
{"level":"debug","ts":"2026-10-05T08:21:20.036Z","caller":"datastore/data_store.go:1148","msg":"ENI eni-EXAMPLE13 cannot be deleted because it is primary"}
{"level":"debug","ts":"2026-10-05T08:21:20.036Z","caller":"datastore/data_store.go:1148","msg":"ENI eni-EXAMPLE14 cannot be deleted because it has pods assigned"}
{"level":"debug","ts":"2026-10-05T08:21:20.036Z","caller":"datastore/data_store.go:1148","msg":"ENI eni-EXAMPLE15 cannot be deleted because it is required for WARM_IP_TARGET: 2"}
{"level":"debug","ts":"2026-10-05T08:21:25.039Z","caller":"ipamd/ipamd.go:795","msg":"IP stats for Network Card 0 - total IPs: 11, assigned IPs: 10, cooldown IPs: 0"}
{"level":"debug","ts":"2026-10-05T08:21:25.039Z","caller":"ipamd/ipamd.go:813","msg":"Starting to increase pool size for network card 0"}
{"level":"debug","ts":"2026-10-05T08:21:25.039Z","caller":"ipamd/ipamd.go:966","msg":"Node found \"ip-10-20-0-52.ec2.internal\" - no of taints - 0"}
{"level":"debug","ts":"2026-10-05T08:21:25.039Z","caller":"ipamd/ipamd.go:1135","msg":"Found ENI eni-EXAMPLE15 that has less than the maximum number of IP/Prefixes addresses allocated: cur=1, max=5"}
{"level":"info","ts":"2026-10-05T08:21:25.039Z","caller":"ipamd/ipamd.go:1141","msg":"Trying to allocate 1 IP addresses on ENI eni-EXAMPLE15"}
{"level":"debug","ts":"2026-10-05T08:21:25.039Z","caller":"ipamd/ipamd.go:1141","msg":"PD enabled - false"}
{"level":"debug","ts":"2026-10-05T08:21:25.426Z","caller":"awsutils/awsutils.go:2174","msg":"checkAPIErrorAndBroadcastEvent resulted in operation error EC2: AssignPrivateIpAddresses, https response error StatusCode: 400, RequestID: d4ee5ade-4f49-49ed-bbd6-12e63bfb24f9, api error InsufficientFreeAddressesInSubnet: The specified subnet does not have enough free addresses to satisfy the request."}
{"level":"error","ts":"2026-10-05T08:21:25.426Z","caller":"ipamd/ipamd.go:1141","msg":"Failed to allocate a private IP/Prefix addresses on ENI eni-EXAMPLE15: operation error EC2: AssignPrivateIpAddresses, https response error StatusCode: 400, RequestID: d4ee5ade-4f49-49ed-bbd6-12e63bfb24f9, api error InsufficientFreeAddressesInSubnet: The specified subnet does not have enough free addresses to satisfy the request."}
{"level":"debug","ts":"2026-10-05T08:21:25.426Z","caller":"ipamd/ipamd.go:1142","msg":"containsPrivateIPAddressLimitExceededError encountered operation error EC2: AssignPrivateIpAddresses, https response error StatusCode: 400, RequestID: d4ee5ade-4f49-49ed-bbd6-12e63bfb24f9, api error InsufficientFreeAddressesInSubnet: The specified subnet does not have enough free addresses to satisfy the request."}
{"level":"warn","ts":"2026-10-05T08:21:25.426Z","caller":"ipamd/ipamd.go:1115","msg":"failed to allocate all available IP addresses on ENI eni-EXAMPLE15, err: operation error EC2: AssignPrivateIpAddresses, https response error StatusCode: 400, RequestID: d4ee5ade-4f49-49ed-bbd6-12e63bfb24f9, api error InsufficientFreeAddressesInSubnet: The specified subnet does not have enough free addresses to satisfy the request."}
{"level":"info","ts":"2026-10-05T08:21:25.426Z","caller":"ipamd/ipamd.go:1145","msg":"Trying to allocate 1 IP addresses on ENI eni-EXAMPLE15"}
{"level":"debug","ts":"2026-10-05T08:21:25.426Z","caller":"ipamd/ipamd.go:1145","msg":"PD enabled - false"}
{"level":"debug","ts":"2026-10-05T08:21:25.833Z","caller":"awsutils/awsutils.go:2174","msg":"checkAPIErrorAndBroadcastEvent resulted in operation error EC2: AssignPrivateIpAddresses, https response error StatusCode: 400, RequestID: 4371c915-db3b-40a2-b015-acb3204aa808, api error InsufficientFreeAddressesInSubnet: The specified subnet does not have enough free addresses to satisfy the request."}
{"level":"error","ts":"2026-10-05T08:21:25.833Z","caller":"ipamd/ipamd.go:1145","msg":"Failed to allocate a private IP/Prefix addresses on ENI eni-EXAMPLE15: operation error EC2: AssignPrivateIpAddresses, https response error StatusCode: 400, RequestID: 4371c915-db3b-40a2-b015-acb3204aa808, api error InsufficientFreeAddressesInSubnet: The specified subnet does not have enough free addresses to satisfy the request."}
{"level":"debug","ts":"2026-10-05T08:21:25.833Z","caller":"ipamd/ipamd.go:1146","msg":"containsPrivateIPAddressLimitExceededError encountered operation error EC2: AssignPrivateIpAddresses, https response error StatusCode: 400, RequestID: 4371c915-db3b-40a2-b015-acb3204aa808, api error InsufficientFreeAddressesInSubnet: The specified subnet does not have enough free addresses to satisfy the request."}
{"level":"debug","ts":"2026-10-05T08:21:25.833Z","caller":"ipamd/ipamd.go:1148","msg":"containsInsufficientCIDRsOrSubnetIPs encountered operation error EC2: AssignPrivateIpAddresses, https response error StatusCode: 400, RequestID: 4371c915-db3b-40a2-b015-acb3204aa808, api error InsufficientFreeAddressesInSubnet: The specified subnet does not have enough free addresses to satisfy the request."}
{"level":"debug","ts":"2026-10-05T08:21:25.833Z","caller":"ipamd/ipamd.go:1148","msg":"Insufficient IP Addresses due to: InsufficientFreeAddressesInSubnet\n"}
{"level":"debug","ts":"2026-10-05T08:21:25.833Z","caller":"ipamd/ipamd.go:1003","msg":"hasRoomForEni: networkCard=0, currentENIs=3, currentUsableENIs=3, maxENI=3, unmanagedENI=0, trunkEni=0, excludedENI=0, hasRoom=false"}
{"level":"debug","ts":"2026-10-05T08:21:25.833Z","caller":"ipamd/ipamd.go:813","msg":"Skipping ENI allocation as the max ENI limit is already reached"}
{"level":"debug","ts":"2026-10-05T08:21:25.833Z","caller":"ipamd/ipamd.go:861","msg":"Node found \"ip-10-20-0-52.ec2.internal\" - no of taints - 0"}
{"level":"debug","ts":"2026-10-05T08:21:25.833Z","caller":"datastore/data_store.go:1148","msg":"ENI eni-EXAMPLE13 cannot be deleted because it is primary"}
{"level":"debug","ts":"2026-10-05T08:21:25.833Z","caller":"datastore/data_store.go:1148","msg":"ENI eni-EXAMPLE14 cannot be deleted because it has pods assigned"}
{"level":"debug","ts":"2026-10-05T08:21:25.833Z","caller":"datastore/data_store.go:1148","msg":"ENI eni-EXAMPLE15 cannot be deleted because it is required for WARM_IP_TARGET: 2"}
{"level":"debug","ts":"2026-10-05T08:21:30.836Z","caller":"ipamd/ipamd.go:795","msg":"IP stats for Network Card 0 - total IPs: 11, assigned IPs: 10, cooldown IPs: 0"}
{"level":"debug","ts":"2026-10-05T08:21:30.836Z","caller":"ipamd/ipamd.go:813","msg":"Starting to increase pool size for network card 0"}
{"level":"debug","ts":"2026-10-05T08:21:30.836Z","caller":"ipamd/ipamd.go:966","msg":"Node found \"ip-10-20-0-52.ec2.internal\" - no of taints - 0"}
{"level":"debug","ts":"2026-10-05T08:21:30.836Z","caller":"ipamd/ipamd.go:1135","msg":"Found ENI eni-EXAMPLE15 that has less than the maximum number of IP/Prefixes addresses allocated: cur=1, max=5"}
{"level":"info","ts":"2026-10-05T08:21:30.836Z","caller":"ipamd/ipamd.go:1141","msg":"Trying to allocate 1 IP addresses on ENI eni-EXAMPLE15"}
{"level":"debug","ts":"2026-10-05T08:21:30.836Z","caller":"ipamd/ipamd.go:1141","msg":"PD enabled - false"}
{"level":"debug","ts":"2026-10-05T08:21:31.282Z","caller":"awsutils/awsutils.go:2174","msg":"checkAPIErrorAndBroadcastEvent resulted in operation error EC2: AssignPrivateIpAddresses, https response error StatusCode: 400, RequestID: c4cc4554-25fe-4146-b662-fff0ea59797f, api error InsufficientFreeAddressesInSubnet: The specified subnet does not have enough free addresses to satisfy the request."}
{"level":"error","ts":"2026-10-05T08:21:31.282Z","caller":"ipamd/ipamd.go:1141","msg":"Failed to allocate a private IP/Prefix addresses on ENI eni-EXAMPLE15: operation error EC2: AssignPrivateIpAddresses, https response error StatusCode: 400, RequestID: c4cc4554-25fe-4146-b662-fff0ea59797f, api error InsufficientFreeAddressesInSubnet: The specified subnet does not have enough free addresses to satisfy the request."}
{"level":"debug","ts":"2026-10-05T08:21:31.282Z","caller":"ipamd/ipamd.go:1142","msg":"containsPrivateIPAddressLimitExceededError encountered operation error EC2: AssignPrivateIpAddresses, https response error StatusCode: 400, RequestID: c4cc4554-25fe-4146-b662-fff0ea59797f, api error InsufficientFreeAddressesInSubnet: The specified subnet does not have enough free addresses to satisfy the request."}
{"level":"warn","ts":"2026-10-05T08:21:31.282Z","caller":"ipamd/ipamd.go:1115","msg":"failed to allocate all available IP addresses on ENI eni-EXAMPLE15, err: operation error EC2: AssignPrivateIpAddresses, https response error StatusCode: 400, RequestID: c4cc4554-25fe-4146-b662-fff0ea59797f, api error InsufficientFreeAddressesInSubnet: The specified subnet does not have enough free addresses to satisfy the request."}
{"level":"info","ts":"2026-10-05T08:21:31.282Z","caller":"ipamd/ipamd.go:1145","msg":"Trying to allocate 1 IP addresses on ENI eni-EXAMPLE15"}
{"level":"debug","ts":"2026-10-05T08:21:31.282Z","caller":"ipamd/ipamd.go:1145","msg":"PD enabled - false"}
